0.00999800639752376	0.160032082115987
0.00999999999999943	0.104736340987229
0.0100019943976823	0.238998840464103
0.0100039895910483	0.179709787400933
0.0100059855805737	0.070436612652957
0.0100079823667351	0.0863466006700008
0.0100099799500096	0.15077883089227
0.0100119783308745	0.12368160102399
0.0100139775098076	0.0453355136209839
0.0100159774872872	0.0722498646193581
0.0100179782637916	0.11775690349012
0.0100199798398	0.150442278068208
0.0100219822157916	0.0542984275499057
0.010023985392246	0.0337957069790309
0.0100259893696434	0.0583124547372881
0.0100279941484643	0.0497253853853025
0.0100299997291894	0.0549614441784022
0.0100320061123001	0.0137059054668174
0.0100340132982779	0.0511011942141551
0.0100360212876049	0.0602667386902328
0.0100380300807634	0.106404027012726
0.0100400396782362	0.0253742018485618
0.0100420500805066	0.0850514695986143
0.0100440612880579	0.102563057395748
0.0100460733013742	0.0978778757107813
0.0100480861209398	0.138123115724349
0.0100500997472394	0.0908419481502327
0.0100521141807582	0.115478010095026
0.0100541294219815	0.204081478056574
0.0100561454713953	0.0898543159203043
0.0100581623294859	0.139057504168651
0.0100601799967399	0.217122648834183
0.0100621984736444	0.179520443572427
0.0100642177606868	0.197505002611241
0.010066237858355	0.198787781045207
0.0100682587671371	0.197140390760229
0.0100702804875219	0.30021502546006
0.0100723030199982	0.230009931393378
0.0100743263650556	0.187287279203933
0.0100763505231837	0.394205595748103
0.0100783754948729	0.29951962006117
0.0100804012806136	0.30398544216855
0.0100824278808969	0.257491500671481
0.0100844552962142	0.340518553565915
0.0100864835270571	0.314254701150022
0.010088512573918	0.309688357945525
0.0100905424372892	0.196959376182992
0.0100925731176639	0.37382865572257
0.0100946046155353	0.328636902690671
0.0100966369313972	0.233194225152144
0.0100986700657438	0.249060224465569
0.0101007040190696	0.2015173567021
0.0101027387918695	0.327734890212249
0.0101047743846389	0.209582239899886
0.0101068107978735	0.231599372412031
0.0101088480320696	0.19987426047588
0.0101108860877235	0.234011741996029
0.0101129249653323	0.160415366396068
0.0101149646653934	0.147419702820762
0.0101170051884044	0.158360706368849
0.0101190465348635	0.168067104842107
0.0101210887052693	0.190883381998297
0.0101231317001207	0.112085483867498
0.0101251755199171	0.133232826199656
0.0101272201651582	0.0669778322304273
0.0101292656363442	0.110923837180635
0.0101313119339757	0.0925805194718051
0.0101333590585536	0.070937605950771
0.0101354070105794	0.0869045093103685
0.0101374557905548	0.101708424011035
0.0101395053989819	0.0754258552481971
0.0101415558363634	0.0357862039350469
0.0101436071032023	0.161996165539772
0.0101456592000021	0.102739647186526
0.0101477121272664	0.147119942282103
0.0101497658854995	0.172571442655672
0.0101518204752062	0.076485942933707
0.0101538758968913	0.184770942305898
0.0101559321510604	0.15743110481695
0.0101579892382193	0.0990985456664275
0.0101600471588743	0.248671347583772
0.0101621059135321	0.208181639264067
0.0101641655026998	0.183875373387262
0.0101662259268848	0.220663376192333
0.0101682871865951	0.223557125625526
0.0101703492823389	0.228589140498528
0.0101724122146251	0.314259328217197
0.0101744759839629	0.181832261081016
0.0101765405908616	0.295370026193829
0.0101786060358314	0.330349926309143
0.0101806723193826	0.245945847633455
0.0101827394420261	0.270718182370902
0.010184807404273	0.245386010086132
0.0101868762066349	0.328098805902942
0.0101889458496241	0.284141904770704
0.0101910163337528	0.331587273312649
0.010193087659534	0.208660354711244
0.010195159827481	0.451480552703948
0.0101972328381076	0.269084052853253
0.0101993066919278	0.368290821155525
0.0102013813894562	0.239604295689596
0.0102034569312078	0.263739960069379
0.0102055333176979	0.347095984146426
0.0102076105494425	0.15363959516362
0.0102096886269577	0.278591718806898
0.0102117675507601	0.157968103907357
0.0102138473213669	0.22493502337145
0.0102159279392956	0.155511006371124
0.010218009405064	0.208884056877969
0.0102200917191906	0.131291777057256
0.010222174882194	0.28214204302885
0.0102242588945935	0.182547839102484
0.0102263437569086	0.16173501315737
0.0102284294696595	0.210102577382982
0.0102305160333665	0.0736011606348208
0.0102326034485506	0.142112223544288
0.010234691715733	0.0968502716762857
0.0102367808354354	0.143234639300642
0.0102388708081802	0.0912371627956015
0.0102409616344897	0.124761683735797
0.0102430533148871	0.101532569067816
0.0102451458498958	0.113291278969816
0.0102472392400396	0.163650224758123
0.0102493334858429	0.178824678296373
0.0102514285878303	0.253574479636557
0.0102535245465271	0.216198911328569
0.0102556213624588	0.135470845704996
0.0102577190361514	0.207288256594359
0.0102598175681313	0.140535715965162
0.0102619169589255	0.167122016821028
0.0102640172090613	0.184353946182329
0.0102661183190663	0.115656105358062
0.0102682202894688	0.136918124801541
0.0102703231207974	0.240108839221598
0.010272426813581	0.115722237471764
0.0102745313683492	0.226306243323016
0.0102766367856319	0.22819231209376
0.0102787430659594	0.104287869198626
0.0102808502098625	0.307712094337076
0.0102829582178723	0.173936492069837
0.0102850670905206	0.187379659599009
0.0102871768283394	0.178099830002431
0.0102892874318612	0.169551632074532
0.0102913989016191	0.15304919567901
0.0102935112381462	0.14294037686745
0.0102956244419766	0.172496598377242
0.0102977385136445	0.161712580853059
0.0102998534536845	0.283262156976821
0.0103019692626319	0.18363662610452
0.0103040859410222	0.332645367866293
0.0103062034893914	0.12637406697058
0.010308321908276	0.339195726619349
0.010310441198213	0.293982525574189
0.0103125613597396	0.211876339456746
0.0103146823933936	0.233045858252026
0.0103168042997134	0.0826829518389441
0.0103189270792375	0.0948574652341703
0.0103210507325051	0.0863733116352731
0.0103231752600558	0.16083924167526
0.0103253006624295	0.0724693955619722
0.0103274269401667	0.300423998999852
0.0103295540938084	0.0763133948268939
0.0103316821238958	0.16433572454201
0.0103338110309707	0.151007967989219
0.0103359408155755	0.105375440243349
0.0103380714782527	0.188118778822054
0.0103402030195456	0.0907437895725697
0.0103423354399976	0.0550119539378387
0.0103444687401528	0.0531266071757585
0.0103466029205558	0.0929307929083477
0.0103487379817514	0.013983839035284
0.0103508739242849	0.152966422750602
0.0103530107487023	0.114828219241568
0.0103551484555498	0.157672766982043
0.0103572870453741	0.223310918468689
0.0103594265187225	0.104298659210864
0.0103615668761425	0.143111524903505
0.0103637081181822	0.177894650696246
0.0103658502453903	0.128062291803373
0.0103679932583156	0.120130127903739
0.0103701371575076	0.132526394396277
0.0103722819435162	0.066870229596617
0.0103744276168918	0.110753153143608
0.0103765741781852	0.0964778224848851
0.0103787216279476	0.0688969223010463
0.0103808699667309	0.109091341410433
0.0103830191950871	0.11952250451814
0.0103851693135689	0.112526943263076
0.0103873203227294	0.130634449431614
0.0103894722231221	0.0870404634541235
0.0103916250153012	0.155990567227937
0.0103937786998209	0.047768399781105
0.0103959332772364	0.0866789401576064
0.0103980887481029	0.0928865840688668
0.0104002451129763	0.0798807102030718
0.010402402372413	0.0489947171914131
0.0104045605269697	0.10979131515342
0.0104067195772036	0.0602852027049588
0.0104088795236725	0.120886453535012
0.0104110403669345	0.132810991459351
0.0104132021075483	0.0769456246276494
0.0104153647460729	0.135521072989963
0.0104175282830679	0.116874362932607
0.0104196927190933	0.177764146336182
0.0104218580547097	0.113262419570197
0.0104240242904779	0.0804018783286552
0.0104261914269593	0.0598235545479312
0.010428359464716	0.152493572956019
0.0104305284043101	0.147182506750279
0.0104326982463047	0.158020938999094
0.0104348689912628	0.150612514769468
0.0104370406397483	0.175895772602251
0.0104392131923255	0.154888537532892
0.010441386649559	0.157752815478317
0.010443561012014	0.125106406371855
0.0104457362802561	0.231146498749972
0.0104479124548515	0.228267831281759
0.0104500895363667	0.177378238595015
0.0104522675253687	0.05320235111666
0.0104544464224252	0.0763999303708041
0.0104566262281041	0.0546486633774737
0.0104588069429739	0.190261777799577
0.0104609885676035	0.118530317406676
0.0104631711025624	0.0967928605349436
0.0104653545484205	0.125940136359507
0.0104675389057481	0.0881496740307422
0.0104697241751161	0.0681757981643234
0.0104719103570958	0.051157510719389
0.0104740974522591	0.175633737002791
0.0104762854611782	0.210789776438821
0.0104784743844258	0.157611115367325
0.0104806642225753	0.0759686776351079
0.0104828549762003	0.124580334349566
0.010485046645875	0.0955258537221966
0.0104872392321742	0.202572438362276
0.0104894327356729	0.14084350617225
0.0104916271569469	0.135282612658264
0.0104938224965722	0.206833232023201
0.0104960187551255	0.0977549034206835
0.0104982159331838	0.172684407530219
0.0105004140313248	0.174839091578243
0.0105026130501264	0.10480577149155
0.0105048129901672	0.188147431395031
0.0105070138520263	0.11078172934201
0.0105092156362831	0.101727934364229
0.0105114183435177	0.0716304044307688
0.0105136219743105	0.146025560353228
0.0105158265292426	0.142558963166681
0.0105180320088952	0.264405757712044
0.0105202384138505	0.0412948624827675
0.0105224457446909	0.251638057894139
0.0105246540019992	0.0971363637278722
0.0105268631863589	0.225818862611691
0.0105290732983539	0.181206384434716
0.0105312843385685	0.0668272924878715
0.0105334963075877	0.191143718565311
0.0105357092059969	0.197357793418809
0.0105379230343818	0.102986014661511
0.0105401377933289	0.176300181389182
0.010542353483425	0.256692408798049
0.0105445701052575	0.144380343593248
0.0105467876594142	0.3554714871993
0.0105490061464834	0.118515354137236
0.010551225567054	0.285245335598228
0.0105534459217153	0.280480196591953
0.0105556672110571	0.146529659451999
0.0105578894356698	0.120525017068092
0.0105601125961441	0.122116791738329
0.0105623366930713	0.0580022264955473
0.0105645617270434	0.0780144381863567
0.0105667876986525	0.153485475332062
0.0105690146084915	0.0557126298967449
0.0105712424571538	0.12829179860258
0.010573471245233	0.0888298592113252
0.0105757009733236	0.136518527213342
0.0105779316420203	0.108397810847485
0.0105801632519185	0.0876754296187841
0.010582395803614	0.178758798012147
0.010584629297703	0.132753266208111
0.0105868637347825	0.118602092396672
0.0105890991154497	0.0635842106173257
0.0105913354403025	0.161785842218917
0.0105935727099392	0.137173061350899
0.0105958109249587	0.131394324264962
0.0105980500859603	0.151419326748744
0.0106002901935439	0.246367705301555
0.0106025312483098	0.156144008469459
0.0106047732508588	0.193472391199624
0.0106070162017925	0.136975381034401
0.0106092601017126	0.353169000660622
0.0106115049512216	0.190864395182452
0.0106137507509224	0.190819374879188
0.0106159975014184	0.232063587355774
0.0106182452033134	0.201533335765661
0.0106204938572121	0.265917347257436
0.0106227434637193	0.259387124446634
0.0106249940234404	0.20817401861609
0.0106272455369815	0.349882881934709
0.0106294980049491	0.494276329610247
0.0106317514279501	0.21690935738806
0.0106340058065921	0.514304106789666
0.0106362611414831	0.263003535629207
0.0106385174332317	0.344207129749304
0.0106407746824469	0.387626156016291
0.0106430328897384	0.19164386388357
0.0106452920557161	0.361704790683591
0.0106475521809909	0.357005146701187
0.0106498132661737	0.150781905326199
0.0106520753118763	0.305870863231459
0.0106543383187109	0.414183478776187
0.01065660228729	0.174783295541736
0.0106588672182271	0.40330764564651
0.0106611331121357	0.139797240067165
0.0106633999696302	0.356518514283866
0.0106656677913253	0.369537620521937
0.0106679365778364	0.149730193974691
0.0106702063297793	0.318249551827912
0.0106724770477704	0.262035789854234
0.0106747487324265	0.215145892384584
0.0106770213843651	0.270114797350431
0.010679295004204	0.251668375751979
0.0106815695925618	0.246398707884598
0.0106838451500574	0.330588066650748
0.0106861216773103	0.150248696579361
0.0106883991749406	0.177553723740112
0.0106906776435689	0.213150286843051
0.0106929570838163	0.120557853345265
0.0106952374963043	0.150309681591942
0.0106975188816553	0.1083698084586
0.0106998012404917	0.0727255336830562
0.0107020845734369	0.135324691038804
0.0107043688811147	0.0915498082952382
0.0107066541641493	0.0304733066242341
0.0107089404231655	0.0852754999413323
0.0107112276587887	0.189929284962184
0.0107135158716448	0.0793747238165724
0.0107158050623602	0.0852423818161467
0.0107180952315619	0.0578830840668184
0.0107203863798773	0.113022701763821
0.0107226785079346	0.28040428019264
0.0107249716163622	0.0902195844536888
0.0107272657057893	0.161435587524428
0.0107295607768455	0.21260898375972
0.0107318568301611	0.199329840902275
0.0107341538663666	0.317444896965554
0.0107364518860935	0.234331542664978
0.0107387508899735	0.200681352183605
0.010741050878639	0.390875143797109
0.0107433518527228	0.421274269846598
0.0107456538128584	0.191519511458391
0.0107479567596798	0.489794286898611
0.0107502606938214	0.282631069198393
0.0107525656159183	0.379869814521422
0.0107548715266063	0.325149116764461
0.0107571784265213	0.172198209071604
0.0107594863163001	0.394310597806605
0.0107617951965799	0.297438577209952
0.0107641050679986	0.151133818646084
0.0107664159311944	0.268076842562497
0.0107687277868063	0.3405290593223
0.0107710406354737	0.131650253358027
0.0107733544778366	0.302922270786551
0.0107756693145355	0.132117603207006
0.0107779851462116	0.372815689608483
0.0107803019735063	0.362732694881731
0.010782619797062	0.0976845252842335
0.0107849386175214	0.316919106631272
0.0107872584355278	0.238262889868134
0.010789579251725	0.176657226679756
0.0107919010667574	0.222234786150549
0.01079422388127	0.168690037657947
0.0107965476959083	0.167121519484318
0.0107988725113184	0.304029165261752
0.0108011983281469	0.210788084426809
0.010803525147041	0.187648185979359
0.0108058529686483	0.289422991510966
0.0108081817936173	0.106486192427722
0.0108105116225968	0.200053370013604
0.0108128424562362	0.123693257074072
0.0108151742951855	0.0799453000184773
0.0108175071400952	0.205197334026585
0.0108198409916164	0.088728512933784
0.0108221758504007	0.0569817871752839
0.0108245117171005	0.107279158040956
0.0108268485923685	0.162459164674151
0.010829186476858	0.115056948330377
0.010831525371223	0.169787554006768
0.010833865276118	0.124290873802074
0.0108362061921979	0.293444413648143
0.0108385481201184	0.33313289235675
0.0108408910605358	0.0872526794991006
0.0108432350141066	0.256592126984568
0.0108455799814883	0.150487489261451
0.0108479259633388	0.182787954991259
0.0108502729603164	0.155674445202961
0.0108526209730803	0.147559380383058
0.01085497000229	0.150045635624665
0.0108573200486056	0.255440554616552
0.010859671112688	0.180033690469495
0.0108620231951984	0.131342395477814
0.0108643762967987	0.281005038546647
0.0108667304181514	0.0434743506179829
0.0108690855599194	0.203489388507772
0.0108714417227665	0.10603978901709
0.0108737989073568	0.109470586943597
0.010876157114355	0.17842976047267
0.0108785163444265	0.091616250565307
0.0108808765982371	0.0991001278603227
0.0108832378764535	0.179256524327383
0.0108856001797426	0.149196888697161
0.0108879635087721	0.0761457277227301
0.0108903278642103	0.195202384349262
0.0108926932467258	0.102756538457742
0.0108950596569882	0.188999442360297
0.0108974270956674	0.183905651865964
0.010899795563434	0.0489088973767111
0.010902165060959	0.127536902190168
0.0109045355889143	0.0870010875268951
0.0109069071479721	0.134633400673252
0.0109092797388053	0.0933744890397898
0.0109116533620873	0.0955114425112998
0.0109140280184923	0.0635401605624309
0.0109164037086949	0.0838377273630675
0.0109187804333704	0.110146104594785
0.0109211581931944	0.0564821848995659
0.0109235369888436	0.195004667163353
0.0109259168209948	0.0870621492203323
0.0109282976903257	0.133827103564441
0.0109306795975145	0.125545512338678
0.0109330625432399	0.0982504640227744
0.0109354465281812	0.266803608990707
0.0109378315530185	0.097681779513065
0.0109402176184324	0.172754666353828
0.0109426047251039	0.222397949710766
0.0109449928737147	0.265131395226264
0.0109473820649474	0.127954436118808
0.0109497722994846	0.326040400486779
0.0109521635780101	0.18263925884595
0.0109545559012079	0.367930518272524
0.0109569492697628	0.32996056913927
0.01095934368436	0.14700600375909
0.0109617391456855	0.348417193754712
0.0109641356544258	0.115314580591261
0.0109665332112681	0.18736227367121
0.0109689318169001	0.115379772273214
0.01097133147201	0.118171867972891
0.0109737321772868	0.0915496468190003
0.0109761339334201	0.176896141300197
0.0109785367411	0.0603657388899212
0.0109809406010172	0.150182802976911
0.0109833455138631	0.162167684397245
0.0109857514803296	0.052838660039614
0.0109881585011093	0.132696373294973
0.0109905665768953	0.0545651084857399
0.0109929757083815	0.160820501874643
0.0109953858962621	0.0793110337218302
0.0109977971412322	0.0604797461001534
0.0110002094439874	0.111159028169825
0.0110026228052239	0.136713959910753
0.0110050372256385	0.116636674722498
0.0110074527059287	0.116039595063811
0.0110098692467924	0.149102179951169
0.0110122868489284	0.226141752121029
0.011014705513036	0.181496497842988
0.0110171252398149	0.15350618659682
0.0110195460299657	0.194018281120447
0.0110219678841896	0.117587929664706
0.0110243908031882	0.103991840358745
0.011026814787664	0.0541839891318641
0.0110292398383198	0.14108558590125
0.0110316659558593	0.0498677498232378
0.0110340931409866	0.111678015629335
0.0110365213944067	0.0522710772756751
0.0110389507168249	0.212201054053796
0.0110413811089474	0.0467835544582856
0.0110438125714807	0.171150067236287
0.0110462451051323	0.166400259031734
0.01104867871061	0.164868906892684
0.0110511133886224	0.226011043663848
0.0110535491398787	0.0884689782650553
0.0110559859650888	0.314207703713932
0.011058423864963	0.162649831262196
0.0110608628402124	0.211839068751147
0.0110633028915487	0.166138166400576
0.0110657440196843	0.376746073177891
0.011068186225332	0.143430307766187
0.0110706295092054	0.307876930793024
0.0110730738720188	0.147833912154549
0.011075519314487	0.314505098648602
0.0110779658373255	0.317645416685252
0.0110804134412503	0.0997108706964868
0.0110828621269782	0.231383259996522
0.0110853118952266	0.101182005007295
0.0110877627467134	0.163063953300381
0.0110902146821574	0.0915524167105394
0.0110926677022778	0.133280722534593
0.0110951218077944	0.0662468749898207
0.0110975769994279	0.136370919409583
0.0111000332778994	0.0545663185473539
0.0111024906439308	0.173604251748513
0.0111049490982445	0.100340639549607
0.0111074086415636	0.0644372680952751
0.0111098692746118	0.168138331038864
0.0111123309981136	0.127931006942547
0.0111147938127941	0.199183487596231
0.0111172577193787	0.0656076579304763
0.0111197227185939	0.12860521644661
0.0111221888111667	0.169576957705626
0.0111246559978245	0.143843035178566
0.0111271242792958	0.117006202801531
0.0111295936563093	0.174461027866209
0.0111320641295947	0.111715374227743
0.011134535699882	0.218465510101254
0.0111370083679022	0.104338561508961
0.0111394821343868	0.231253251726464
0.0111419570000678	0.255749801479701
0.0111444329656781	0.17197793858205
0.0111469100319511	0.305967288158086
0.011149388199621	0.139096955720761
0.0111518674694223	0.33109533026949
0.0111543478420907	0.166064289808178
0.011156829318362	0.26716687976639
0.0111593118989731	0.211945551673908
0.0111617955846612	0.360280872306958
0.0111642803761644	0.17901303004994
0.0111667662742215	0.316000112158607
0.0111692532795716	0.277096748204176
0.0111717413929549	0.239428127224348
0.011174230615112	0.433171416890844
0.0111767209467841	0.15998330107179
0.0111792123887134	0.41758707001149
0.0111817049416423	0.208618975522313
0.0111841986063143	0.255030810598383
0.0111866933834732	0.152250262840084
0.0111891892738638	0.288600526685321
0.0111916862782312	0.133315192448627
0.0111941843973216	0.232556545686972
0.0111966836318814	0.166832705674706
0.0111991839826579	0.142426262146178
0.0112016854503993	0.268040892017167
0.011204188035854	0.0603419264100656
0.0112066917397713	0.1723447468673
0.0112091965629013	0.0652941904490459
0.0112117025059946	0.103521161740229
0.0112142095698024	0.0456477539761917
0.0112167177550768	0.0708911408114561
0.0112192270625704	0.0176404486001925
0.0112217374930366	0.116147764640396
0.0112242490472293	0.0521016253571519
0.0112267617259032	0.0965597809822169
0.0112292755298137	0.0265470134037089
0.0112317904597168	0.0612663032552859
0.0112343065163693	0.0338259451763194
0.0112368237005284	0.0674261902772902
0.0112393420129523	0.0790128332107993
0.0112418614543997	0.101352777834375
0.0112443820256301	0.108697345366205
0.0112469037274035	0.128989994841227
0.0112494265604807	0.156347257683994
0.0112519505256233	0.110653288593742
0.0112544756235933	0.198563672269581
0.0112570018551536	0.137181592589773
0.0112595292210677	0.249173863279274
0.0112620577220998	0.104763071647708
0.0112645873590149	0.280313331501418
0.0112671181325785	0.229229112463518
0.0112696500435569	0.232818960444883
0.011272183092717	0.283770044834856
0.0112747172808265	0.200612124438382
0.0112772526086537	0.37476014786242
0.0112797890769678	0.272447510705641
0.0112823266865383	0.315770818126049
0.0112848654381357	0.343337059442142
0.0112874053325311	0.489342390150561
0.0112899463704964	0.289981108405373
0.011292488552804	0.43306381974226
0.0112950318802272	0.402711102073638
0.0112975763535397	0.293783372792415
0.0113001219735163	0.435666684633791
0.0113026687409321	0.160725283511916
0.0113052166565632	0.424711400511313
0.0113077657211864	0.261036925019562
0.0113103159355788	0.278997995968558
0.0113128673005188	0.254342047259479
0.0113154198167849	0.26513982629963
0.0113179734851568	0.161439319906873
0.0113205283064147	0.21170024402293
0.0113230842813394	0.213019386316027
0.0113256414107125	0.0949004548065707
0.0113281996953164	0.248992647898886
0.0113307591359341	0.0367718748517784
0.0113333197333493	0.155585029011903
0.0113358814883465	0.0517361151087761
0.0113384444017108	0.11136344105937
0.011341008474228	0.0764871631187318
0.0113435737066848	0.0814223983293925
0.0113461400998684	0.10331192784306
0.0113487076545668	0.0939428835634799
0.0113512763715687	0.141088701033046
0.0113538462516636	0.101560714528846
0.0113564172956415	0.105887606305943
0.0113589895042934	0.134537770429073
0.0113615628784107	0.107839622574801
0.0113641374187859	0.107194341049938
0.0113667131262118	0.0365076759566474
0.0113692900014822	0.107318312563245
0.0113718680453916	0.0621765768293864
0.0113744472587351	0.0880737430338505
0.0113770276423087	0.0646556044979067
0.0113796091969088	0.0867696375262696
0.0113821919233329	0.0764474503761289
0.011384775822379	0.121987267764604
0.0113873608948458	0.12339981333743
0.011389947141533	0.0950499950979432
0.0113925345632407	0.225825615010415
0.0113951231607698	0.068066147579952
0.0113977129349222	0.185685868044087
0.0114003038865001	0.231283549173461
0.0114028960163067	0.155294881143744
0.011405489325146	0.262562401850751
0.0114080838138225	0.124248684105663
0.0114106794831416	0.138985557392563
0.0114132763339092	0.184008614835976
0.0114158743669324	0.188619724621193
0.0114184735830185	0.107975487148297
0.0114210739829759	0.188404187886122
0.0114236755676136	0.145333965885427
0.0114262783377413	0.152686126297218
0.0114288822941695	0.20647594519425
0.0114314874377095	0.124762454674034
0.0114340937691732	0.191180123360011
0.0114367012893734	0.200455481285583
0.0114393099991235	0.173541605255222
0.0114419198992376	0.130165993019249
0.0114445309905307	0.186412868081615
0.0114471432738186	0.131692369314056
0.0114497567499176	0.137548752911774
0.0114523714196448	0.153390914781458
0.0114549872838183	0.0736376732497462
0.0114576043432567	0.19392503045688
0.0114602225987794	0.0634909095710716
0.0114628420512065	0.124870441418178
0.011465462701359	0.106207527416151
0.0114680845500586	0.0923883996953936
0.0114707075981276	0.129575339106743
0.0114733318463892	0.0612858820232027
0.0114759572956674	0.0998889830341772
0.0114785839467868	0.121258875429176
0.0114812118005729	0.0855090744001621
0.0114838408578518	0.10181000047336
0.0114864711194505	0.153323300016722
0.0114891025861967	0.0509166606864115
0.0114917352589189	0.195918413000279
0.0114943691384462	0.135149826310239
0.0114970042256086	0.131756177375005
0.011499640521237	0.160943367739327
0.0115022780261628	0.135084018599009
0.0115049167412182	0.150752306711101
0.0115075566672364	0.159948375660422
0.011510197805051	0.108602449129506
0.0115128401554967	0.0977633056765732
0.0115154837194088	0.155194336726575
0.0115181284976234	0.0903898486066387
0.0115207744909773	0.0929781306471007
0.0115234217003082	0.111584192082106
0.0115260701264545	0.0901245395286014
0.0115287197702554	0.103783834491166
0.0115313706325508	0.117130286140117
0.0115340227141813	0.103411922697377
0.0115366760159886	0.10205853482298
0.0115393305388149	0.107000757846142
0.0115419862835032	0.0477550721243911
0.0115446432508974	0.0836411935612971
0.011547301441842	0.039625126825639
0.0115499608571824	0.092948097209279
0.0115526214977648	0.0938797663829108
0.011555283364436	0.0279885079140294
0.0115579464580439	0.0275856189148123
0.0115606107794369	0.0406046979718456
0.0115632763294643	0.0475329827548628
0.0115659431089761	0.0534769291196484
0.0115686111188232	0.0844983001786735
0.0115712803598573	0.0988251209782192
0.0115739508329307	0.099980152334635
0.0115766225388966	0.0910847859689032
0.0115792954786091	0.0896158088410432
0.0115819696529228	0.143101252443852
0.0115846450626935	0.136063694098774
0.0115873217087774	0.165111838702529
0.0115899995920318	0.0928380011999562
0.0115926787133144	0.109231970512933
0.0115953590734842	0.0795603213891216
0.0115980406734005	0.126612281007872
0.0116007235139239	0.100693153207474
0.0116034075959152	0.117184353405046
0.0116060929202366	0.123229765150029
0.0116087794877507	0.0975913909251
0.0116114672993211	0.173250994051456
0.011614156355812	0.108103989552576
0.0116168466580885	0.144803861374911
0.0116195382070167	0.228497161248739
0.0116222310034632	0.142202557348486
0.0116249250482955	0.13562310240701
0.011627620342382	0.187102867951929
0.0116303168865918	0.110768517784728
0.0116330146817949	0.19065676855721
0.011635713728862	0.104697027892487
0.0116384140286647	0.0952790611603346
0.0116411155820753	0.256492453035861
0.0116438183899671	0.0942185683445003
0.0116465224532139	0.183244123933735
0.0116492277726907	0.172516816504871
0.011651934349273	0.130132762177472
0.0116546421838373	0.129726306042912
0.0116573512772608	0.0573359011047709
0.0116600616304215	0.0934904416580157
0.0116627732441984	0.0773821277358482
0.0116654861194711	0.0742722314928172
0.0116682002571202	0.0345653589429613
0.011670915658027	0.115132854980946
0.0116736323230736	0.0376501671014681
0.011676350253143	0.142902542285839
0.0116790694491191	0.0479435006871611
0.0116817899118864	0.161282637792304
0.0116845116423303	0.140581874757761
0.0116872346413372	0.0740111991843004
0.0116899589097942	0.166982406204288
0.0116926844485891	0.118682506585006
0.0116954112586108	0.0960957813396165
0.0116981393407488	0.14916266197535
0.0117008686958935	0.12371476872628
0.0117035993249362	0.159243004226786
0.0117063312287689	0.136129375146555
0.0117090644082845	0.126795401057769
0.0117117988643769	0.240736935824204
0.0117145345979405	0.145366388514759
0.0117172716098709	0.299345500027495
0.0117200099010641	0.209316560345861
0.0117227494724174	0.361966276448098
0.0117254903248287	0.290280092413332
0.0117282324591967	0.29806440702534
0.011730975876421	0.231359671706365
0.0117337205774021	0.365595662805687
0.0117364665630413	0.300151885354873
0.0117392138342407	0.286241102726563
0.0117419623919033	0.352836639366931
0.0117447122369329	0.276224406850252
0.0117474633702342	0.393577247576537
0.0117502157927128	0.238642414557531
0.011752969505275	0.278916138317403
0.011755724508828	0.317386217375619
0.0117584808042799	0.260601065357739
0.0117612383925396	0.20079719430051
0.0117639972745169	0.217034455054697
0.0117667574511224	0.167556606216605
0.0117695189232677	0.205840227957826
0.011772281691865	0.216860494046138
0.0117750457578276	0.0948535590233371
0.0117778111220695	0.252300774702513
0.0117805777855056	0.119315300095162
0.0117833457490518	0.145559156886992
0.0117861150136245	0.124247450827467
0.0117888855801414	0.143812859525968
0.0117916574495209	0.157450481803995
0.011794430622682	0.132941940658429
0.011797205100545	0.153783210721692
0.0117999808840308	0.134510925396821
0.0118027579740611	0.15345905799197
0.0118055363715587	0.0634382845126199
0.0118083160774472	0.132512317330945
0.011811097092651	0.0458977818280863
0.0118138794180953	0.105316566050463
0.0118166630547064	0.0434286390230218
0.0118194480034114	0.102834454117707
0.011822234265138	0.0679637093231106
0.0118250218408151	0.0856870771879744
0.0118278107313725	0.0360134631534605
0.0118306009377405	0.124845064340672
0.0118333924608508	0.0734645941862318
0.0118361853016355	0.165641073399079
0.0118389794610279	0.123002018941859
0.011841774939962	0.171609769954355
0.0118445717393728	0.14815979136521
0.0118473698601961	0.120570383231251
0.0118501693033686	0.237122569296979
0.011852970069828	0.124328830716023
0.0118557721605127	0.245884461302534
0.0118585755763621	0.119051723476431
0.0118613803183165	0.31536316491554
0.0118641863873171	0.206246333290669
0.0118669937843058	0.359021355698855
0.0118698025102256	0.283315429258018
0.0118726125660204	0.419885288874705
0.0118754239526349	0.363307924374494
0.0118782366710147	0.26728580113762
0.0118810507221063	0.405657744045791
0.0118838661068571	0.198663778037926
0.0118866828262155	0.437105994858426
0.0118895008811307	0.252135628528515
0.0118923202725528	0.328949050050093
0.0118951410014327	0.310649985815409
0.0118979630687224	0.347909095627371
0.0119007864753748	0.260862760791248
0.0119036112223436	0.321449424471496
0.0119064373105833	0.316575278015502
0.0119092647410495	0.24706493102608
0.0119120935146987	0.340527015488267
0.0119149236324883	0.15507082407359
0.0119177550953764	0.35417035122861
0.0119205879043223	0.166846372279229
0.0119234220602861	0.224330762042867
0.0119262575642287	0.121149868650557
0.0119290944171121	0.175423399187823
0.011931932619899	0.154737955100322
0.0119347721735534	0.150430642523141
0.0119376130790397	0.176831109114007
0.0119404553373237	0.183067080922472
0.0119432989493717	0.271646460162312
0.0119461439161513	0.106874943311511
0.0119489902386307	0.205430947742714
0.0119518379177793	0.166870381698365
0.0119546869545672	0.0794555821411022
0.0119575373499656	0.0845186576606185
0.0119603891049465	0.0425979639109389
0.0119632422204829	0.0301591936531232
0.0119660966975486	0.0407981957995338
0.0119689525371185	0.0366643963478469
0.0119718097401685	0.043068593138859
0.011974668307675	0.049599616519797
0.0119775282406159	0.0579304284303596
0.0119803895399696	0.0144714386341848
0.0119832522067157	0.0928051642842255
0.0119861162418346	0.0377751128207993
0.0119889816463076	0.0910768635084077
0.0119918484211171	0.116185153479975
0.0119947165672463	0.118414348832147
0.0119975860856794	0.137376267740435
0.0120004569774015	0.077672984795088
0.0120033292433988	0.202618576824703
0.0120062028846582	0.080768248053804
0.0120090779021676	0.159575373688347
0.0120119542969161	0.138122098816984
0.0120148320698935	0.170873558903452
0.0120177112220905	0.253944510371794
0.012020591754499	0.140037456299412
0.0120234736681116	0.257670761144414
0.012026356963922	0.109404923662082
0.0120292416429248	0.285793739900296
0.0120321277061156	0.0926341216433531
0.0120350151544909	0.182102937243325
0.0120379039890482	0.105641531958243
0.012040794210786	0.188396863148214
0.0120436858207036	0.129620503913227
0.0120465788198013	0.176260445025364
0.0120494732090806	0.199855526336988
0.0120523689895437	0.118112698964083
0.0120552661621938	0.277003546686881
0.0120581647280352	0.0609442847776965
0.012061064688073	0.221832717555857
0.0120639660433133	0.109531677772526
0.0120668687947634	0.205755412192679
0.0120697729434312	0.118600118964351
0.0120726784903259	0.198516394079203
0.0120755854364574	0.184711667223478
0.0120784937828367	0.167939077895319
0.0120814035304759	0.182567104174866
0.0120843146803879	0.128640417357071
0.0120872272335865	0.230157212950328
0.0120901411910867	0.134231842921965
0.0120930565539044	0.213285850405674
0.0120959733230564	0.161001601384841
0.0120988914995607	0.228443824395291
0.0121018110844359	0.164471025856911
0.0121047320787019	0.130359567783357
0.0121076544833796	0.108871073540825
0.0121105782994906	0.0941148739511817
0.0121135035280578	0.111069500534359
0.0121164301701048	0.0245799411436113
0.0121193582266566	0.132150441542073
0.0121222876987387	0.0367181028849209
0.0121252185873779	0.0544269790453935
0.012128150893602	0.0533494059565628
0.0121310846184396	0.0499500015692753
0.0121340197629205	0.0259541845256367
0.0121369563280754	0.0629695334832791
0.0121398943149359	0.0573504140631533
0.0121428337245348	0.0427779025705872
0.0121457745579058	0.0810463503547964
0.0121487168160836	0.0948632853107898
0.0121516605001039	0.0774817909261272
0.0121546056110034	0.0804308429359746
0.0121575521498198	0.141509983725889
0.0121605001175919	0.0871712055733315
0.0121634495153594	0.156835696755033
0.012166400344163	0.0840265120374531
0.0121693526050445	0.137520115170505
0.0121723062990467	0.140444758828358
0.0121752614272132	0.144024183057459
0.012178217990589	0.0878810465792271
0.0121811759902199	0.140446520480376
0.0121841354271525	0.11682651276087
0.0121870963024349	0.0915815863960589
0.0121900586171157	0.101780234086342
0.012193022372245	0.0897861868144986
0.0121959875688737	0.179301594699433
0.0121989542080535	0.0484856869711981
0.0122019222908376	0.193571771418774
0.0122048918182798	0.078074792604624
0.0122078627914351	0.104739170312353
0.0122108352113597	0.0862481335786316
0.0122138090791104	0.0997744554705499
0.0122167843957455	0.150873938732145
0.012219761162324	0.0912955766179069
0.0122227393799061	0.135421630436528
0.0122257190495529	0.110622569197758
0.0122287001723267	0.128542739562594
0.0122316827492908	0.0644183469534235
0.0122346667815093	0.163794380445564
0.0122376522700477	0.140137773784832
0.0122406392159723	0.169043087749728
0.0122436276203505	0.146315972044483
0.0122466174842507	0.215180098183391
0.0122496088087426	0.129214630902048
0.0122526015948965	0.143730582508292
0.0122555958437842	0.129914121843297
0.0122585915564782	0.122648521587351
0.0122615887340522	0.190196395931958
0.0122645873775809	0.0846776001522855
0.0122675874881402	0.141974859645069
0.0122705890668069	0.142198908623902
0.0122735921146588	0.117164730300282
0.012276596632775	0.0534148758529149
0.0122796026222354	0.124917892843068
0.012282610084121	0.0609955719081802
0.0122856190195141	0.115875161806706
0.0122886294294978	0.0891646856250729
0.0122916413151564	0.0968145252939562
0.012294654677575	0.084181473940155
0.0122976695178403	0.0445836189382955
0.0123006858370394	0.110781505335783
0.0123037036362611	0.0477649535827035
0.0123067229165948	0.0417443106510992
0.0123097436791312	0.0675314984969339
0.012312765924962	0.0682186356440279
0.01231578965518	0.106305297580875
0.012318814870879	0.109710972844666
0.0123218415731541	0.120995927857179
0.0123248697631011	0.176897991527765
0.0123278994418173	0.108239765659686
0.0123309306104007	0.0806324273707981
0.0123339632699507	0.141675532470612
0.0123369974215675	0.0948752896113169
0.0123400330663525	0.115695559400868
0.0123430702054084	0.122750181309499
0.0123461088398385	0.164439563612534
0.0123491489707477	0.171549111394841
0.0123521905992417	0.0929929906177395
0.0123552337264274	0.11620296238414
0.0123582783534126	0.150216292594205
0.0123613244813064	0.155855133391264
0.0123643721112189	0.107794315455853
0.0123674212442614	0.169976240481138
0.0123704718815462	0.106164031665155
0.0123735240241867	0.152933861135359
0.0123765776732974	0.0454908571521121
0.0123796328299939	0.120597025078699
0.0123826894953929	0.0864771626479226
0.0123857476706124	0.0603051730823594
0.0123888073567711	0.0866793577646764
0.0123918685549891	0.100975063293284
0.0123949312663876	0.0969903465953191
0.0123979954920888	0.10393271554635
0.012401061233216	0.180513773727647
0.0124041284908938	0.186004138327807
0.0124071972662477	0.165931527383153
0.0124102675604044	0.083114031531578
0.0124133393744918	0.108044194990142
0.0124164127096386	0.0769500398369777
0.0124194875669751	0.0681993965141481
0.0124225639476324	0.0402294990237376
0.0124256418527427	0.159883568240326
0.0124287212834394	0.100315169274214
0.0124318022408572	0.112725855928148
0.0124348847261316	0.104274577681712
0.0124379687403994	0.0866053930144491
0.0124410542847986	0.0583053888721243
0.0124441413604681	0.0411857935685085
0.0124472299685483	0.0435694843729858
0.0124503201101803	0.0503975061471088
0.0124534117865066	0.0672326809959002
0.0124565049986708	0.0907382994567955
0.0124595997478176	0.0938713703874467
0.0124626960350929	0.137958665286902
0.0124657938616436	0.0621417488810799
0.0124688932286179	0.107778809397992
0.0124719941371649	0.120365789333152
0.0124750965884353	0.148071697759798
0.0124782005835804	0.203558008438587
0.0124813061237531	0.193133103343582
0.0124844132101071	0.24743014773959
0.0124875218437975	0.233784314794139
0.0124906320259805	0.214851742169587
0.0124937437578132	0.179633280676596
0.0124968570404543	0.304320722873719
0.0124999718750632	0.161675387560375
0.0125030882628009	0.283443380039853
0.0125062062048291	0.196866841187156
0.012509325702311	0.237191665898394
0.0125124467564109	0.365800368622137
0.0125155693682941	0.21931899999711
0.0125186935391273	0.238408511407698
0.0125218192700781	0.232830153872111
0.0125249465623155	0.200508170281622
0.0125280754170095	0.178972296678233
0.0125312058353314	0.154891882693783
0.0125343378184536	0.106602221083557
0.0125374713675497	0.280346182538359
0.0125406064837945	0.182843993147974
0.0125437431683638	0.0964355467103721
0.0125468814224349	0.206964367686646
0.0125500212471859	0.11170291725653
0.0125531626437964	0.195059438340095
0.0125563056134471	0.162951610698168
0.0125594501573196	0.216411760686663
0.0125625962765972	0.279473180782731
0.0125657439724639	0.247379314321149
0.0125688932461052	0.147074897786048
0.0125720440987076	0.234453086364864
0.012575196531459	0.147791446346907
0.0125783505455482	0.126250064906905
0.0125815061421655	0.135422862991479
0.0125846633225021	0.103821388528603
0.0125878220877507	0.214892181152601
0.012590982439105	0.220300508471335
0.0125941443777598	0.131826478111941
0.0125973079049115	0.196642843791246
0.0126004730217572	0.19756484287934
0.0126036397294956	0.180991665132008
0.0126068080293264	0.0875772035170372
0.0126099779224506	0.0956414791109089
0.0126131494100704	0.0515307735351006
0.012616322493389	0.135667290636243
0.0126194971736112	0.127294359965068
0.0126226734519427	0.0555138547179967
0.0126258513295905	0.0834293704659527
0.0126290308077629	0.0456481369060134
0.0126322118876693	0.092439795218533
0.0126353945705204	0.113789403147591
0.0126385788575281	0.0884433909773882
0.0126417647499054	0.104959832396843
0.0126449522488668	0.144470709539853
0.0126481413556278	0.0764976476099317
0.0126513320714051	0.128707441239644
0.0126545243974169	0.138342602956512
0.0126577183348822	0.117429699406028
0.0126609138850217	0.17783751735887
0.012664111049057	0.0955827753850292
0.012667309828211	0.141948231578593
0.012670510223708	0.251899436435661
0.0126737122367733	0.109767400631492
0.0126769158686337	0.179690015175312
0.0126801211205169	0.163825035354723
0.0126833279936523	0.213611804272641
0.01268653648927	0.141872463378381
0.0126897466086018	0.208162783125198
0.0126929583528805	0.099879902581625
0.0126961717233403	0.345577227707387
0.0126993867212165	0.276578451507402
0.0127026033477457	0.154359993568718
0.0127058216041659	0.250138465512993
0.0127090414917161	0.161301794471906
0.0127122630116368	0.288238293171361
0.0127154861651696	0.206243705420917
0.0127187109535574	0.206668373449405
0.0127219373780443	0.22209172184468
0.0127251654398759	0.316143415726256
0.0127283951402988	0.140640759311255
0.0127316264805609	0.285580100017493
0.0127348594619115	0.276010288229339
0.012738094085601	0.216013670253143
0.0127413303528814	0.30192494543701
0.0127445682650055	0.10755189583779
0.0127478078232277	0.336213235871332
0.0127510490288036	0.240042408921466
0.0127542918829901	0.163026860210003
0.0127575363870453	0.151741138971504
0.0127607825422286	0.26311030487757
0.0127640303498008	0.203272327192219
0.0127672798110239	0.183619229302533
0.012770530927161	0.190615077368769
0.0127737836994768	0.1784720821574
0.0127770381292372	0.413858227875929
0.0127802942177093	0.122385269278244
0.0127835519661615	0.264547677760158
0.0127868113758635	0.173170429944324
0.0127900724480864	0.133186833982931
0.0127933351841025	0.135815837495193
0.0127965995851855	0.0714945061951287
0.0127998656526101	0.141837508418252
0.0128031333876528	0.138663726911391
0.0128064027915909	0.141175266968024
0.0128096738657034	0.0600304297253322
0.0128129466112704	0.210742908065672
0.0128162210295732	0.101774804794232
0.0128194971218947	0.152531837773625
0.012822774889519	0.142978540208354
0.0128260543337314	0.117169530709714
0.0128293354558186	0.189299349742604
0.0128326182570687	0.119709290955651
0.0128359027387709	0.121613444368514
0.012839188902216	0.10652979324523
0.0128424767486959	0.142204326181363
0.0128457662795039	0.126563276566693
0.0128490574959346	0.0478581939541588
0.012852350399284	0.0616421861558539
0.0128556449908494	0.0297587457191059
0.0128589412719294	0.179924444882009
0.0128622392438239	0.129760641648995
0.0128655389078342	0.0676257544916836
0.0128688402652629	0.126325759509871
0.012872143317414	0.0578642583130153
0.0128754480655927	0.153551979384276
0.0128787545111058	0.0764958377478387
0.0128820626552611	0.165489072995869
0.012885372499368	0.122845261418489
0.0128886840447372	0.306103390481457
0.0128919972926806	0.109972524306226
0.0128953122445117	0.28669125730941
0.0128986289015451	0.259938033067732
0.0129019472650969	0.196807202870461
0.0129052673364845	0.298734852394471
0.0129085891170268	0.120442169783499
0.0129119126080437	0.420759917968595
0.0129152378108569	0.260571975361873
0.0129185647267892	0.29050056688357
0.0129218933571648	0.1974791664809
0.0129252237033093	0.509248720716597
0.0129285557665497	0.330902741718701
0.0129318895482142	0.346702925649308
0.0129352250496325	0.217735336749624
0.0129385622721358	0.334837497202846
0.0129419012170565	0.503530203724168
0.0129452418857283	0.11184218348237
0.0129485842794865	0.362433796311004
0.0129519283996676	0.302605884416537
0.0129552742476096	0.371535549207846
0.0129586218246518	0.240762659895196
0.0129619711321349	0.177689005284707
0.0129653221714011	0.241673595456135
0.0129686749437938	0.294936270793049
0.012972029450658	0.170681421412894
0.0129753856933398	0.12956607522505
0.012978743673187	0.366386629243546
0.0129821033915486	0.0922602871249489
0.0129854648497751	0.232296179840342
0.0129888280492184	0.0909456813430097
0.0129921929912317	0.22873703307845
0.0129955596771696	0.259924827891948
0.0129989281083883	0.110635086347654
0.0130022982862452	0.153971845151071
0.0130056702120992	0.125319708186461
0.0130090438873106	0.185770028488573
0.013012419313241	0.112728898878717
0.0130157964912537	0.166173123393927
0.0130191754227132	0.073231455382853
0.0130225561089854	0.186687396276209
0.0130259385514376	0.0747782642904397
0.0130293227514387	0.158833379931266
0.0130327087103588	0.0885711425459784
0.0130360964295697	0.0529866751223833
0.0130394859104444	0.0556901113068636
0.0130428771543573	0.0830421201928152
0.0130462701626845	0.056362585161394
0.0130496649368032	0.0454537294734312
0.0130530614780922	0.0487252331573548
0.0130564597879319	0.130235942235879
0.0130598598677037	0.0869132006723836
0.0130632617187909	0.113322736158371
0.013066665342578	0.152364583909023
0.013070070740451	0.0927240729146522
0.0130734779137973	0.172467069284519
0.0130768868640057	0.064082194940125
0.0130802975924667	0.195700625785973
0.013083710100572	0.0673591672858218
0.0130871243897148	0.110269253268124
0.0130905404612898	0.0407764531018189
0.0130939583166932	0.254193385328323
0.0130973779573226	0.08035678341194
0.013100799384577	0.155884181059486
0.0131042225998569	0.0472906947650514
0.0131076476045644	0.22164229997278
0.0131110744001029	0.274391992636142
0.0131145029878773	0.0870515261059612
0.0131179333692941	0.239373536091126
0.013121365545761	0.146751972167954
0.0131247995186875	0.208756632613683
0.0131282352894843	0.132268417865795
0.0131316728595637	0.16852611198382
0.0131351122303396	0.215840503548978
0.0131385534032271	0.288890030941108
0.013141996379643	0.148843734672706
0.0131454411610055	0.220295450236302
0.0131488877487344	0.331237525565814
0.0131523361442508	0.159639989655489
0.0131557863489774	0.206317783928925
0.0131592383643384	0.142266553948685
0.0131626921917595	0.288973930507229
0.0131661478326679	0.267686973686393
0.0131696052884922	0.101282397584905
0.0131730645606626	0.212761953104115
0.0131765256506109	0.246480216911303
0.0131799885597701	0.235840196180385
0.013183453289575	0.103499285558139
0.0131869198414617	0.230559373910118
0.0131903882168681	0.160554736150724
0.0131938584172332	0.248976432460579
0.0131973304439979	0.0448128765781868
0.0132008042986045	0.227537496802864
0.0132042799824966	0.164947541618706
0.0132077574971195	0.125759531002326
0.0132112368439202	0.0802588982079729
0.013214718024347	0.129109720812838
0.0132182010398496	0.151421591710525
0.0132216858918796	0.0638892838131434
0.0132251725818898	0.0680930277036435
0.0132286611113347	0.0627983898268841
0.0132321514816703	0.190116240619533
0.0132356436943542	0.0770916657441607
0.0132391377508454	0.149332300156834
0.0132426336526046	0.0464660678000284
0.0132461314010938	0.139346968717935
0.0132496309977769	0.0858617319657989
0.013253132444119	0.110969928570342
0.013256635741587	0.0661117590170471
0.0132601408916492	0.081291810671711
0.0132636478957755	0.129393589962771
0.0132671567554374	0.1041172372639
0.0132706674721079	0.0720786761159329
0.0132741800472616	0.092167186415019
0.0132776944823746	0.108953182664641
0.0132812107789246	0.120978919855747
0.0132847289383909	0.0970522940709209
0.0132882489622544	0.0916622456783412
0.0132917708519974	0.0899747629743718
0.0132952946091039	0.0716604578567702
0.0132988202350595	0.0910767418576988
0.0133023477313513	0.0747609004746308
0.013305877099468	0.0868557963511504
0.0133094083408999	0.0920049445225275
0.0133129414571389	0.0739679075300713
0.0133164764496784	0.0115021950404825
0.0133200133200135	0.0747308668423952
0.0133235520696408	0.0648869041853647
0.0133270927000585	0.0685319400772693
0.0133306352127665	0.0455749166255224
0.0133341796092661	0.052460388962943
0.0133377258910603	0.116258517051596
0.0133412740596538	0.0801416271828007
0.0133448241165528	0.0390532390392784
0.0133483760632651	0.0850525251710984
0.0133519299013001	0.105605016804265
0.0133554856321688	0.0929159381611723
0.0133590432573838	0.0548419651438314
0.0133626027784595	0.119147453110086
0.0133661641969116	0.107392569150099
0.0133697275142577	0.109552567340773
0.0133732927320168	0.0475521325984481
0.0133768598517097	0.165688383937787
0.0133804288748587	0.0912908071776871
0.0133839998029877	0.119150368491487
0.0133875726376224	0.0472751487278904
0.01339114738029	0.141758949607396
0.0133947240325194	0.142236396977109
0.013398302595841	0.0725357228741895
0.0134018830717869	0.081451710772415
0.0134054654618909	0.0834808751876317
0.0134090497676884	0.171712441596088
0.0134126359907165	0.035944661564918
0.0134162241325139	0.114754408400616
0.0134198141946208	0.0341998295940426
0.0134234061785793	0.186210156881582
0.013427000085933	0.0576283170313153
0.0134305959182272	0.0888176819581825
0.0134341936770089	0.112977810880938
0.0134377933638266	0.103206039043698
0.0134413949802306	0.0984173916729404
0.0134449985277729	0.0453127555138002
0.013448604008007	0.12096675804849
0.0134522114224882	0.0991511953540416
0.0134558207727734	0.1720662544013
0.0134594320604212	0.0225489772407176
0.013463045286992	0.118371431163001
0.0134666604540475	0.0694490494035735
0.0134702775631516	0.105248845658097
0.0134738966158694	0.0786911734421561
0.013477517613768	0.101411951809568
0.013481140558416	0.114447707670905
0.0134847654513839	0.117653897535488
0.0134883922942436	0.065516631883317
0.0134920210885689	0.0763655485711213
0.0134956518359352	0.124568544927248
0.0134992845379197	0.0914740991875875
0.0135029191961012	0.119955972550927
0.0135065558120603	0.0454304329915849
0.0135101943873791	0.101849545452384
0.0135138349236417	0.0932585409232897
0.0135174774224336	0.0588253120239641
0.0135211218853422	0.0675785036392809
0.0135247683139566	0.152529138419509
0.0135284167098677	0.119713182847558
0.0135320670746678	0.159105990481805
0.0135357194099512	0.121379417875292
0.0135393737173138	0.177298606009126
0.0135430299983534	0.222026850560505
0.0135466882546693	0.14611899763145
0.0135503484878627	0.145172935642978
0.0135540106995363	0.144834418657416
0.0135576748912948	0.165301810609437
0.0135613410647445	0.154214548512901
0.0135650092214935	0.15320679562722
0.0135686793631516	0.145379054458941
0.0135723514913302	0.221170185387409
0.0135760256076428	0.127198072240252
0.0135797017137043	0.0835304649506205
0.0135833798111315	0.144186952733619
0.013587059901543	0.110199501762057
0.013590741986559	0.0758768247227411
0.0135944260678017	0.0756544388587165
0.0135981121468947	0.0678150399771261
0.0136018002254637	0.0909148068890399
0.013605490305136	0.160720140163624
0.0136091823875408	0.0729059161516225
0.0136128764743088	0.127086555810872
0.0136165725670728	0.118124656480818
0.0136202706674671	0.105604388363
0.0136239707771279	0.104148140815575
0.0136276728976933	0.140484102962824
0.0136313770308028	0.133782608012015
0.0136350831780982	0.285338408080822
0.0136387913412227	0.249888270256575
0.0136425015218213	0.180783025146645
0.0136462137215411	0.267865797687086
0.0136499279420307	0.216818418889672
0.0136536441849405	0.320990573741544
0.013657362451923	0.224922357796836
0.013661082744632	0.299998681086113
0.0136648050647236	0.317314144308213
0.0136685294138555	0.349891932174383
0.013672255793687	0.207326933297139
0.0136759842058797	0.391740328732919
0.0136797146520964	0.299878460671478
0.0136834471340023	0.316357469208532
0.013687181653264	0.331909078672378
0.0136909182115502	0.239230858788912
0.0136946568105312	0.375919969217979
0.0136983974518792	0.264719895437646
0.0137021401372683	0.307209947487282
0.0137058848683745	0.296768675041082
0.0137096316468753	0.361723040503949
0.0137133804744504	0.165855986756957
0.0137171313527811	0.355787261521323
0.0137208842835506	0.172500664356915
0.0137246392684441	0.298585667563864
0.0137283963091484	0.381336305237184
0.0137321554073523	0.200093850676743
0.0137359165647465	0.34256568145216
0.0137396797830233	0.208188864310166
0.0137434450638771	0.235223071856521
0.0137472124090041	0.251139381946212
0.0137509818201023	0.226687184416682
0.0137547532988716	0.19037666833378
0.0137585268470138	0.35047760373338
0.0137623024662325	0.193383229182657
0.0137660801582332	0.191057416589797
0.0137698599247233	0.274562343832145
0.013773641767412	0.15580918024824
0.0137774256880105	0.237591902191635
0.0137812116882318	0.124846919445639
0.0137849997697908	0.0936060628156113
0.0137887899344043	0.183283694327752
0.0137925821837909	0.114355482829517
0.0137963765196712	0.0742046047599624
0.0138001729437677	0.103200168725119
0.0138039714578046	0.139704624037406
0.0138077720635084	0.105667218393943
0.013811574762607	0.174955822280609
0.0138153795568306	0.12513328743478
0.0138191864479111	0.136971254351381
0.0138229954375825	0.241022710955018
0.0138268065275804	0.0587605657892046
0.0138306197196426	0.16243168887503
0.0138344350155087	0.112401834114025
0.0138382524169203	0.156622173561861
0.0138420719256208	0.207876262018218
0.0138458935433556	0.204885686758512
0.013849717271872	0.160042245850749
0.0138535431129192	0.215390851714794
0.0138573710682485	0.276461181188196
0.0138612011396129	0.123031839486042
0.0138650333287675	0.396792262694182
0.0138688676374693	0.136052502754835
0.0138727040674772	0.408189565692482
0.0138765426205521	0.258447748632509
0.0138803832984569	0.235528025834689
0.0138842261029563	0.301580499455613
0.0138880710358171	0.306712937563485
0.013891918098808	0.327442503585983
0.0138957672936996	0.386476771033061
0.0138996186222646	0.461423039716752
0.0139034720862775	0.270446743481207
0.013907327687515	0.638533240262466
0.0139111854277554	0.204162673534423
0.0139150453087794	0.473846434462308
0.0139189073323694	0.382522604746771
0.0139227715003099	0.210422140072369
0.0139266378143873	0.41997285268973
0.01393050627639	0.24105125997694
0.0139343768881084	0.251697191922339
0.0139382496513351	0.310926608156823
0.0139421245678642	0.29449846482387
0.0139460016394923	0.221957381008415
0.0139498808680178	0.397917300483445
0.0139537622552409	0.225176486319021
0.0139576458029642	0.387780898508676
0.013961531512992	0.424207917609782
0.0139654193871308	0.12085053122421
0.0139693094271889	0.393192861848196
0.0139732016349768	0.197033446020414
0.0139770960123069	0.174449750723232
0.0139809925609939	0.166387611314083
0.0139848912828541	0.206544262632251
0.013988792179706	0.188807543693611
0.0139926952533703	0.148473748777023
0.0139966005056696	0.0872426754276273
0.0140005079384284	0.130506768655523
0.0140044175534735	0.248905863832746
0.0140083293526335	0.0179639350581245
0.0140122433377392	0.18848574085946
0.0140161595106234	0.140236447648222
0.0140200778731209	0.0581019006229305
0.0140239984270687	0.178221894331594
0.0140279211743057	0.0818273728603718
0.014031846116673	0.131056450150078
0.0140357732560135	0.0813011350969623
0.0140397025941724	0.168889391247533
0.014043634132997	0.101787315835529
0.0140475678743365	0.187969507340058
0.0140515038200422	0.145219070423672
0.0140554419719677	0.324298908880263
0.0140593823319683	0.393762345497744
0.0140633249019017	0.116787336712493
0.0140672696836275	0.316141485768701
0.0140712166790075	0.256357368791558
0.0140751658899056	0.252703936515946
0.0140791173181876	0.115515205607506
0.0140830709657217	0.274224235594106
0.0140870268343778	0.280229038659131
0.0140909849260284	0.336686362414992
0.0140949452425477	0.160742837688933
0.0140989077858121	0.304180096960109
0.0141028725577002	0.505355836515485
0.0141068395600928	0.152182201634493
0.0141108087948725	0.251864994581082
0.0141147802639242	0.227712213029791
0.0141187539691352	0.206113435226086
0.0141227299123943	0.250513991799579
0.0141267080955931	0.189170658381124
0.0141306885206248	0.174871664420321
0.014134671189385	0.256334330899423
0.0141386561037714	0.16998260684883
0.0141426432656839	0.170879736158737
0.0141466326770243	0.243239502750703
0.0141506243396969	0.101941599016431
0.0141546182556079	0.299262436887674
0.0141586144266658	0.305333501542282
0.014162612854781	0.177113599251736
0.0141666135418663	0.347022766662514
0.0141706164898367	0.293542446295496
0.0141746217006092	0.258329309261939
0.014178629176103	0.189424371427998
0.0141826389182395	0.214886887849738
0.0141866509289424	0.279897633325142
0.0141906652101373	0.247708596560962
0.0141946817637521	0.126248904642658
0.0141987005917171	0.319877004368676
0.0142027216959645	0.393469802922157
0.0142067450784288	0.0905678615291072
0.0142107707410467	0.144941097395106
0.014214798685757	0.0836297241832922
0.014218828914501	0.142308972846062
0.0142228614292217	0.0681506065893034
0.0142268962318647	0.0548376640886173
0.0142309333243778	0.154145696423846
0.0142349727087108	0.145915293771489
0.0142390143868158	0.0831341266855728
0.0142430583606473	0.134233447603939
0.0142471046321616	0.200984954503103
0.0142511532033177	0.0942373110114174
0.0142552040760765	0.159611051465318
0.0142592572524013	0.0680182814727405
0.0142633127342576	0.140010441268136
0.014267370523613	0.0574699359089466
0.0142714306224375	0.0405962162878121
0.0142754930327034	0.0308642916870024
0.014279557756385	0.0535888952625554
0.014283624795459	0.0617960083497799
0.0142876941519044	0.0952906065427452
0.0142917658277024	0.0795635352890203
0.0142958398248364	0.0813972417496156
0.0142999161452922	0.21303584463887
0.0143039947910578	0.225608980288989
0.0143080757641233	0.151345586168017
0.0143121590664813	0.0470224448188007
0.0143162447001267	0.0896896870653905
0.0143203326670565	0.127764090074284
0.01432442296927	0.0690943222999533
0.014328515608769	0.0764204729844247
0.0143326105875573	0.0967127759697394
0.0143367079076411	0.174697846466407
0.0143408075710291	0.0766605214234559
0.014344909579732	0.128773276123791
0.0143490139357629	0.0962623301596325
0.0143531206411372	0.103260310146226
0.0143572296978727	0.0723138714368696
0.0143613411079895	0.0801329920882672
0.0143654548735098	0.157470857080138
0.0143695709964584	0.139763219443729
0.0143736894788623	0.14713453068608
0.0143778103227507	0.0573182348537851
0.0143819335301554	0.181308606843731
0.0143860591031103	0.097258735347575
0.0143901870436517	0.0539121126919278
0.0143943173538183	0.0867090976625948
0.0143984500356511	0.115770425746237
0.0144025850911934	0.16686909123003
0.0144067225224909	0.072008528165338
0.0144108623315916	0.108444834671613
0.014415004520546	0.0635118480770648
0.0144191490914067	0.0576130903104233
0.0144232960462289	0.064648508519538
0.0144274453870702	0.0769795905510416
0.0144315971159902	0.0979781192528526
0.0144357512350512	0.107014986959373
0.0144399077463179	0.156452984508141
0.0144440666518572	0.0803301683033866
0.0144482279537385	0.338508914254429
0.0144523916540334	0.112848701206238
0.0144565577548162	0.319703041853172
0.0144607262581633	0.165634977111321
0.0144648971661536	0.250300438116482
0.0144690704808685	0.395129336513873
0.0144732462043917	0.287632452901824
0.0144774243388094	0.181227876109263
0.0144816048862099	0.219626876946837
0.0144857878486843	0.376502053968632
0.014489973228326	0.143489503046952
0.0144941610272307	0.233362932275182
0.0144983512474967	0.0741976719729436
0.0145025438912245	0.432987407752315
0.0145067389605173	0.206616597372198
0.0145109364574805	0.127843736036093
0.014515136384222	0.24002184687001
0.0145193387428523	0.16956351096236
0.0145235435354842	0.150998724421318
0.0145277507642329	0.0995580935928485
0.0145319604312162	0.166781370886453
0.0145361725385541	0.164157817007312
0.0145403870883695	0.278776865057197
0.0145446040827873	0.0532818524686656
0.0145488235239351	0.359057545891095
0.014553045413943	0.169335172430334
0.0145572697549435	0.081162749013096
0.0145614965490715	0.11890106164378
0.0145657257984646	0.104746375345853
0.0145699575052625	0.181606581352688
0.0145741916716079	0.1986511618538
0.0145784282996456	0.224072207164907
0.0145826673915231	0.231697968074064
0.0145869089493902	0.288452671717688
0.0145911529753993	0.22924342366233
0.0145953994717055	0.211127410534408
0.0145996484404662	0.14396200058171
0.0146038998838412	0.156930097038655
0.0146081538039931	0.276779471632444
0.0146124102030868	0.189752228930419
0.0146166690832899	0.110154447907552
0.0146209304467724	0.203293219046654
0.0146251942957068	0.186189103430922
0.0146294606322683	0.143747896214708
0.0146337294586346	0.0788135037486232
0.0146380007769857	0.106838637918128
0.0146422745895045	0.162582016437152
0.0146465508983761	0.238328396863988
0.0146508297057885	0.0935512852819139
0.0146551110139321	0.287032762770586
0.0146593948249997	0.401012440598631
0.014663681141187	0.151468591212839
0.0146679699646919	0.258343112985434
0.0146722612977152	0.106072051951168
0.0146765551424601	0.351182863072901
0.0146808515011324	0.274432545390712
0.0146851503759405	0.225830896093004
0.0146894517690954	0.25613005921093
0.0146937556828106	0.481753126041142
0.0146980621193025	0.49003494218043
0.0147023710807896	0.227864375173221
0.0147066825694934	0.416551152078282
0.0147109965876379	0.158963650051296
0.0147153131374496	0.596964550809086
0.0147196322211578	0.149007927460501
0.0147239538409943	0.313155480928817
0.0147282779991935	0.316249348386423
0.0147326046979926	0.403661784828924
0.0147369339396311	0.21959535943933
0.0147412657263515	0.310070362163259
0.0147456000603986	0.299502407078547
0.0147499369440202	0.352157758981643
0.0147542763794665	0.45602644620464
0.0147586183689903	0.147401127618898
0.0147629629148473	0.584188234346744
0.0147673100192956	0.304464550990762
0.0147716596845962	0.282710140237946
0.0147760119130125	0.138900261739453
0.0147803667068108	0.243220257393815
0.01478472406826	0.291484114320682
0.0147890839996315	0.133506851590246
0.0147934465031998	0.0916414626077278
0.0147978115812416	0.177413808449973
0.0148021792360365	0.317173092934485
0.014806549469867	0.179559295306945
0.0148109222850179	0.15658635757825
0.014815297683777	0.16077793858262
0.0148196756684347	0.217570230631505
0.0148240562412841	0.253612345104187
0.0148284394046211	0.0350095021929218
0.014832825160744	0.124663775707169
0.0148372135119543	0.133542914976362
0.0148416044605559	0.159187039874545
0.0148459980088554	0.0724697465698873
0.0148503941591625	0.138704376725322
0.0148547929137891	0.159607888638973
0.0148591942750503	0.158143783179803
0.0148635982452637	0.250574110890469
0.0148680048267498	0.0288191710279521
0.0148724140218316	0.295672252327741
0.0148768258328352	0.299417723294203
0.0148812402620891	0.205742950161696
0.0148856573119249	0.226110118729894
0.0148900769846767	0.177732021772483
0.0148944992826816	0.436242959875598
0.0148989242082793	0.30511629246199
0.0149033517638124	0.27675032500531
0.0149077819516262	0.247268459613556
0.0149122147740687	0.639233168358009
0.014916650233491	0.398563451751009
0.0149210883322468	0.366050826262481
0.0149255290726925	0.404528483855842
0.0149299724571875	0.460776598272409
0.014934418488094	0.63156320439479
0.0149388671677768	0.23479402043804
0.0149433184986037	0.433644344212864
0.0149477724829453	0.49395139915715
0.0149522291231751	0.565959519466682
0.0149566884216693	0.180393286511387
0.0149611503808069	0.464130863646889
0.0149656150029699	0.45022745242191
0.0149700822905431	0.421587820376792
0.014974552245914	0.248318228597958
0.0149790248714732	0.207738844617685
0.014983500169614	0.460624595622681
0.0149879781427325	0.185043362658796
0.0149924587932278	0.207493246488944
0.0149969421235018	0.143951706995615
0.0150014281359593	0.343010530021906
0.015005916833008	0.278273502079394
0.0150104082170585	0.144158752959484
0.0150149022905241	0.147919998136661
0.0150193990558213	0.183719762028504
0.0150238985153692	0.289940541372274
0.0150284006715899	0.178821911861666
0.0150329055269086	0.238138717350214
0.0150374130837531	0.142570048844415
0.0150419233445544	0.246640859955429
0.0150464363117461	0.248597258085128
0.0150509519877649	0.123017957410724
0.0150554703750506	0.160740929734188
0.0150599914760456	0.218114088423393
0.0150645152931954	0.29536375843068
0.0150690418289485	0.190605859107078
0.0150735710857561	0.207591229329653
0.0150781030660727	0.258146586381985
0.0150826377723555	0.254173492831989
0.0150871752070647	0.22369988665106
0.0150917153726635	0.065935422189628
0.0150962582716181	0.272714924161889
0.0151008039063976	0.152918408095755
0.015105352279474	0.150329295636758
0.0151099033933225	0.0834591125327051
0.0151144572504211	0.245362180757784
0.0151190138532508	0.268024719962387
0.0151235732042958	0.223116755841511
0.015128135306043	0.237722596195382
0.0151327001609825	0.244432000035333
0.0151372677716073	0.518499058829928
0.0151418381404135	0.30258559172482
0.0151464112699002	0.357696543777068
0.0151509871625694	0.358752042963585
0.0151555658209263	0.53239062453938
0.015160147247479	0.367747954135819
0.0151647314447387	0.312977656798945
0.0151693184152196	0.264010539696979
0.0151739081614391	0.409534519743471
0.0151785006859173	0.404439390436342
0.0151830959911776	0.184332709389253
0.0151876940797465	0.415812253695267
0.0151922949541535	0.473312980880423
0.0151968986169311	0.458585805956596
0.0152015050706149	0.240686793180063
0.0152061143177435	0.265893496888992
0.0152107263608589	0.31616255420052
0.0152153412025058	0.199677118393429
0.0152199588452321	0.142603883411406
0.015224579291589	0.103795352787848
0.0152292025441305	0.288229466116801
0.0152338286054139	0.115029374928123
0.0152384574779996	0.0947272359802144
0.0152430891644509	0.0788866861606107
0.0152477236673345	0.10828287686388
0.0152523609892202	0.149110729551776
0.0152570011326806	0.121739547164857
0.0152616441002918	0.195978267152553
0.0152662898946329	0.136172426709625
0.0152709385182861	0.152427107462944
0.0152755899738368	0.174234282878832
0.0152802442638736	0.20429779784052
0.015284901390988	0.0743627232236774
0.0152895613577751	0.0710931508516286
0.0152942241668327	0.162510203836721
0.0152988898207621	0.140565086771158
0.0153035583221677	0.12690812389744
0.015308229673657	0.188971647650181
0.0153129038778406	0.323590273356657
0.0153175809373327	0.28079542825031
0.0153222608547501	0.213557094122832
0.0153269436327134	0.23108012572408
0.0153316292738459	0.175027259988364
0.0153363177807744	0.159489591610385
0.0153410091561288	0.0527955761811239
0.0153457034025423	0.244193186855896
0.0153504005226513	0.149972521006826
0.0153551005190954	0.167920671630555
0.0153598033945174	0.121201897075514
0.0153645091515635	0.182038398296893
0.0153692177928829	0.1990005053171
0.0153739293211281	0.19374948981266
0.0153786437389552	0.111020297527884
0.0153833610490231	0.299413619067466
0.0153880812539941	0.3667759014337
0.015392804356534	0.207040718831764
0.0153975303593115	0.408516568748223
0.0154022592649989	0.186849814247573
0.0154069910762717	0.325724012465336
0.0154117257958085	0.220563688368709
0.0154164634262914	0.169361076931927
0.0154212039704058	0.217886503350133
0.0154259474308402	0.259034428610215
0.0154306938102867	0.178742855555803
0.0154354431114405	0.247811910826495
0.0154401953370002	0.198987504814314
0.0154449504896676	0.249513040938309
0.0154497085721481	0.200437370351217
0.0154544695871502	0.103106227600434
0.0154592335373858	0.179870822212271
0.0154640004255702	0.129285119551217
0.015468770254422	0.158247627697894
0.0154735430266631	0.149729444453448
0.0154783187450189	0.108850280918986
0.015483097412218	0.155605358197401
0.0154878790309925	0.0814766044115541
0.0154926636040779	0.0466936855027456
0.0154974511342129	0.0774623911747197
0.0155022416241398	0.053840009423422
0.0155070350766041	0.0595482856395516
0.0155118314943549	0.162120509740778
0.0155166308801446	0.203425643751791
0.0155214332367289	0.187695510795961
0.015526238566867	0.169840140826314
0.0155310468733217	0.235451219434727
0.0155358581588588	0.270083613095204
0.015540672426248	0.0959997114277419
0.0155454896782622	0.206876430681082
0.0155503099176776	0.147652220283747
0.0155551331472742	0.205041697112631
0.0155599593698351	0.137470075242581
0.015564788588147	0.166880284668933
0.0155696208050002	0.139486460174305
0.0155744560231882	0.139138014455375
0.0155792942455082	0.131763898622062
0.0155841354747608	0.223582351858362
0.0155889797137499	0.139440881999385
0.0155938269652832	0.119866236537736
0.0155986772321717	0.156077168866453
0.0156035305172299	0.133933161384544
0.015608386823276	0.0949455679110307
0.0156132461531313	0.1027281971074
0.0156181085096211	0.0359870634916972
0.0156229738955739	0.223435948453198
0.0156278423138218	0.0647589444357896
0.0156327137672005	0.112585216587548
0.0156375882585491	0.150695166520445
0.0156424657907104	0.181981250381423
0.0156473463665307	0.219210620628653
0.0156522299888597	0.199626384611687
0.0156571166605509	0.25445722493154
0.0156620063844613	0.278096737906479
0.0156668991634512	0.222888422278367
0.015671795000385	0.194866436448047
0.0156766938981301	0.386653027088644
0.0156815958595579	0.136571191333213
0.0156865008875432	0.340161284708523
0.0156914089849645	0.153432988678959
0.0156963201547039	0.272931793456146
0.015701234399647	0.157632294778759
0.0157061517226831	0.146694287050484
0.0157110721267051	0.10377684962297
0.0157159956146096	0.321321833039126
0.0157209221892966	0.0801971348392543
0.0157258518536701	0.178366923138094
0.0157307846106373	0.150511871687888
0.0157357204631095	0.189743739717825
0.0157406594140014	0.187174327401513
0.0157456014662314	0.0978423942120102
0.0157505466227215	0.125033021335425
0.0157554948863976	0.267386794583664
0.0157604462601889	0.0835181858278363
0.0157654007470287	0.15633265402089
0.0157703583498538	0.115566690319497
0.0157753190716045	0.127222298045793
0.0157802829152252	0.177423309499768
0.0157852498836637	0.0515475506137794
0.0157902199798716	0.185528957782739
0.0157951932068043	0.146128213814468
0.0158001695674208	0.182540194298102
0.0158051490646839	0.205132338675276
0.0158101317015601	0.259746820054955
0.0158151174810197	0.253731403271805
0.0158201064060367	0.347302800608565
0.0158250984795888	0.15108133902598
0.0158300937046577	0.351853872266925
0.0158350920842285	0.132254254477341
0.0158400936212903	0.149938314613807
0.0158450983188361	0.0774372603728777
0.0158501061798623	0.106134826579948
0.0158551172073694	0.0990795707864643
0.0158601314043617	0.146393043154666
0.0158651487738471	0.110246269322026
0.0158701693188375	0.275540395498186
0.0158751930423484	0.123451914982096
0.0158802199473994	0.265446485824754
0.0158852500370136	0.101230677306734
0.0158902833142183	0.157589058338862
0.0158953197820444	0.223867413063437
0.0159003594435266	0.237979613763679
0.0159054023017036	0.134942196709216
0.0159104483596179	0.450426107763865
0.0159154976203158	0.0948134889887134
0.0159205500868476	0.534372846764551
0.0159256057622674	0.378734994789556
0.0159306646496331	0.332840645197164
0.0159357267520067	0.571986604489581
0.0159407920724538	0.437053101520273
0.0159458606140442	0.628702936023025
0.0159509323798514	0.453350226102693
0.0159560073729529	0.424781995909971
0.0159610855964301	0.478940334363339
0.0159661670533682	0.798331042974752
0.0159712517468567	0.200433258791451
0.0159763396799885	0.686313139981964
0.015981430855861	0.317203428261275
0.015986525277575	0.59774418224468
0.0159916229482358	0.363558585874171
0.0159967238709522	0.455380680464315
0.0160018280488373	0.523538183444881
0.016006935485008	0.523463639907108
0.0160120461825851	0.301410793319939
0.0160171601446936	0.494153166143241
0.0160222773744625	0.356002224616264
0.0160273978750245	0.357644982011735
0.0160325216495166	0.445345101212461
0.0160376487010798	0.385104302377831
0.0160427790328589	0.491290858249776
0.0160479126480029	0.318471917803432
0.0160530495496648	0.177727495667971
0.0160581897410017	0.297796843617944
0.0160633332251746	0.15842741094084
0.0160684800053486	0.179412768074821
0.016073630084693	0.231483681034105
0.0160787834663809	0.180981076346431
0.0160839401535898	0.27354035181358
0.0160891001495009	0.111468406279311
0.0160942634572999	0.14788545834273
0.0160994300801762	0.121722634463879
0.0161046000213235	0.122811097896084
0.0161097732839396	0.129337720971639
0.0161149498712264	0.238773797692146
0.0161201297863899	0.176824792250142
0.0161253130326403	0.262266868311339
0.0161304996131916	0.0977762437168981
0.0161356895312625	0.283638256550688
0.0161408827900753	0.126410789138201
0.0161460793928568	0.185098957562384
0.0161512793428378	0.23228689907054
0.0161564826432533	0.333228480662259
0.0161616892973425	0.256308761303736
0.0161668993083487	0.645299160003916
0.0161721126795196	0.238792563577673
0.0161773294141067	0.762435263531838
0.016182549515366	0.457509320930445
0.0161877729865577	0.532139275774426
0.0161929998309461	0.540696325033688
0.0161982300517997	0.575259205693195
0.0162034636523914	0.559976800452951
0.016208700635998	0.666611667272117
0.0162139410059009	0.506432345142665
0.0162191847653856	0.65902098140884
0.0162244319177418	0.789893919439571
0.0162296824662636	0.376323214609104
0.0162349364142491	0.875288374771908
0.0162401937650009	0.409601414159563
0.0162454545218258	0.647933685921376
0.016250718688035	0.485673421633723
0.0162559862669438	0.580652810352684
0.016261257261872	0.532047138585658
0.0162665316761435	0.651391416474956
0.0162718095130866	0.362528755938759
0.0162770907760341	0.690847087332231
0.0162823754683228	0.472291263406457
0.0162876635932941	0.447356678122778
0.0162929551542937	0.548201950136669
0.0162982501546714	0.424706037015412
0.0163035485977817	0.595088971026829
0.0163088504869833	0.313728806697709
0.0163141558256392	0.259410303243025
0.016319464617117	0.415891262791968
0.0163247768647884	0.246461360358334
0.0163300925720298	0.19206172013391
0.0163354117422217	0.251556344478006
0.0163407343787492	0.166003416830629
0.0163460604850017	0.250966943196213
0.0163513900643732	0.115705364868335
0.0163567231202619	0.104127591230799
0.0163620596560705	0.2666535374215
0.0163673996752063	0.126623787981223
0.0163727431810809	0.170203283559926
0.0163780901771104	0.125746790004575
0.0163834406667153	0.100195300918392
0.0163887946533207	0.14186546998203
0.0163941521403559	0.0827971383631261
0.0163995131312552	0.204221556372968
0.0164048776294568	0.21720934984968
0.0164102456384039	0.200557534455571
0.0164156171615438	0.336794557438088
0.0164209922023287	0.333075564737392
0.0164263707642149	0.224009275556626
0.0164317528506637	0.47543258072194
0.0164371384651405	0.203060178474987
0.0164425276111155	0.554125807572455
0.0164479202920635	0.295087208456418
0.0164533165114636	0.28583135158099
0.0164587162727996	0.419738590029691
0.0164641195795601	0.460583017596351
0.0164695264352379	0.264444372915747
0.0164749368433306	0.524788171245851
0.0164803508073404	0.358081890468631
0.0164857683307741	0.640049402750243
0.016491189417143	0.552227090224672
0.0164966140699632	0.370826861905478
0.0165020422927552	0.710452396456687
0.0165074740890443	0.539346997168775
0.0165129094623605	0.494864744802629
0.0165183484162383	0.458167998514782
0.0165237909542169	0.5841580898001
0.0165292370798402	0.478587796851881
0.0165346867966568	0.593470460020823
0.0165401401082199	0.305723957634253
0.0165455970180874	0.729815784731508
0.0165510575298219	0.511119664400468
0.0165565216469908	0.443219873965278
0.0165619893731662	0.461258382031001
0.0165674607119247	0.343431328561441
0.0165729356668479	0.411465541606548
0.016578414241522	0.183155405946349
0.016583896439538	0.166026487655235
0.0165893822644915	0.2638535889166
0.0165948717199831	0.179442111258409
0.0166003648096181	0.0928520068707586
0.0166058615370064	0.197734867727738
0.0166113619057628	0.110399026186652
0.0166168659195069	0.124500385594032
0.0166223735818632	0.147934925796144
0.0166278848964609	0.173579782090331
0.0166333998669338	0.269456331058123
0.016638918496921	0.143045461438336
0.016644440790066	0.203348359943747
0.0166499667500174	0.116721917730316
0.0166554963804286	0.0857523517987845
0.0166610296849576	0.0254486965877639
0.0166665666672677	0.0646184827835036
0.0166721073310267	0.115516538161889
0.0166776516799075	0.126821012067127
0.0166831997175878	0.128910968178899
0.0166887514477502	0.327441916344156
0.0166943068740822	0.178784073347128
0.0166998660002762	0.152831178665354
0.0167054288300296	0.220698765473202
0.0167109953670447	0.158831752978818
0.0167165656150286	0.272918125386586
0.0167221395776934	0.136341041020526
0.0167277172587564	0.179527840489804
0.0167332986619395	0.241095634770367
0.0167388837909699	0.34770557321164
0.0167444726495794	0.163924576624679
0.0167500652415052	0.38699790289149
0.0167556615704891	0.227827516429465
0.0167612616402782	0.430639070330147
0.0167668654546245	0.327874359987396
0.0167724730172851	0.335684747325471
0.0167780843320219	0.38328302163499
0.016783699402602	0.383210982744119
0.0167893182327977	0.294199558577369
0.016794940826386	0.243387704764633
0.0168005671871493	0.242472671046716
0.0168061973188748	0.111782698836402
0.0168118312253549	0.169189680527482
0.0168174689103871	0.0362902896008748
0.0168231103777741	0.225995325276285
0.0168287556313234	0.115649363713608
0.0168344046748479	0.0454307045681698
0.0168400575121655	0.0806012558964866
0.0168457141470992	0.0652715328360885
0.0168513745834772	0.0837081839846267
0.0168570388251329	0.0772819673930461
0.0168627068759047	0.0915790562755081
0.0168683787396363	0.123982073814797
0.0168740544201765	0.102326441328132
0.0168797339213793	0.0792973117289059
0.0168854172471039	0.10708830073158
0.0168911044012148	0.0989182066961267
0.0168967953875814	0.0728664910840153
0.0169024902100787	0.13736928564502
0.0169081888725867	0.228478898977933
0.0169138913789906	0.235564014816168
0.016919597733181	0.223218145715206
0.0169253079390537	0.297101515128376
0.0169310220005096	0.30103884815048
0.0169367399214552	0.226213537328032
0.016942461705802	0.20805089727386
0.0169481873574668	0.157594527820964
0.0169539168803718	0.139738474281487
0.0169596502784446	0.143089416350438
0.0169653875556178	0.0694243217757792
0.0169711287158297	0.262699429353042
0.0169768737630236	0.0575281765617889
0.0169826227011483	0.157616635504483
0.016988375534158	0.0592473093025162
0.0169941322660122	0.180572156443361
0.0169998929006758	0.127964363075409
0.0170056574421189	0.239340159887082
0.0170114258943172	0.109941188171838
0.0170171982612518	0.255411373772829
0.017022974546909	0.247940645988077
0.0170287547552808	0.149255745265028
0.0170345388903644	0.208908710841885
0.0170403269561624	0.0719105083776284
0.0170461189566831	0.202766741111376
0.01705191489594	0.193773616456138
0.0170577147779522	0.169197705634371
0.0170635186067443	0.0862858867151441
0.0170693263863461	0.109701073306241
0.0170751381207933	0.138025852556845
0.0170809538141268	0.171772738088601
0.0170867734703931	0.0514186891162709
0.0170925970936442	0.0739580623588868
0.0170984246879377	0.114277923865165
0.0171042562573366	0.227548302406072
0.0171100918059096	0.0572562565026796
0.0171159313377309	0.0899572265173895
0.0171217748568801	0.117657118408489
0.0171276223674427	0.237620349469022
0.0171334738735094	0.107942725190124
0.0171393293791768	0.185376691900598
0.017145188888547	0.227643071154777
0.0171510524057277	0.317387521119113
0.0171569199348322	0.151449409497041
0.0171627914799795	0.211832043494282
0.0171686670452941	0.346434395695
0.0171745466349063	0.300835943746321
0.017180430252952	0.213781175949871
0.0171863179035727	0.301063410103368
0.0171922095909159	0.313228493818294
0.0171981053191343	0.392321844261797
0.0172040050923866	0.111974890902107
0.0172099089148371	0.247740216798567
0.017215816790656	0.293353023764217
0.0172217287240191	0.223653341654811
0.0172276447191078	0.0926852598579968
0.0172335647801094	0.304723240668829
0.017239488911217	0.185643240927285
0.0172454171166294	0.246458947485451
0.0172513494005512	0.230134975921461
0.0172572857671927	0.273299638912134
0.0172632262207701	0.4143470056298
0.0172691707655054	0.151976498991113
0.0172751194056264	0.367632950175075
0.0172810721453667	0.217944157533487
0.0172870289889657	0.372475699174768
0.0172929899406688	0.138209249921902
0.0172989550047271	0.379817325802477
0.0173049241853977	0.119257200380354
0.0173108974869434	0.380573990525502
0.0173168749136331	0.13353582138614
0.0173228564697415	0.301856993919206
0.0173288421595491	0.168642035428732
0.0173348319873425	0.230422390078925
0.0173408259574141	0.189829035601495
0.0173468240740623	0.326094132476034
0.0173528263415914	0.164980740878599
0.0173588327643119	0.266678822071378
0.0173648433465398	0.186508335506212
0.0173708580925975	0.259604977122799
0.0173768770068131	0.325877153269444
0.0173829000935211	0.190468598297597
0.0173889273570615	0.274825746809254
0.0173949588017806	0.134350601498435
0.0174009944320309	0.366346931370304
0.0174070342521705	0.180367531095242
0.0174130782665639	0.22141167064688
0.0174191264795817	0.260250719247881
0.0174251788956002	0.48587144762508
0.0174312355190022	0.278038647113649
0.0174372963541763	0.366631254724584
0.0174433614055174	0.374067761210048
0.0174494306774264	0.4342281593702
0.0174555041743103	0.400392285531337
0.0174615819005825	0.275152162538885
0.0174676638606622	0.487101345574297
0.017473750058975	0.463464870498632
0.0174798404999525	0.22490646744629
0.0174859351880326	0.458270052992284
0.0174920341276593	0.401792492104606
0.017498137323283	0.524352578967241
0.0175042447793601	0.285049225790433
0.0175103565003532	0.427612673298615
0.0175164724907313	0.474243979404805
0.0175225927549697	0.484947782536935
0.0175287172975496	0.193772890266439
0.0175348461229589	0.696207883576977
0.0175409792356915	0.361908271449659
0.0175471166402476	0.437624589451706
0.0175532583411339	0.331860003553206
0.0175594043428632	0.366897117071226
0.0175655546499547	0.501116154822075
0.017571709266934	0.202609024252557
0.0175778681983329	0.335091015027604
0.0175840314486896	0.448440667177585
0.0175901990225489	0.529780987106512
0.0175963709244616	0.200105954651805
0.0176025471589852	0.496355652288182
0.0176087277306833	0.25244714213266
0.0176149126441263	0.509781371772191
0.0176211019038906	0.132555715907267
0.0176272955145595	0.29645833753563
0.0176334934807222	0.259359098063607
0.0176396958069748	0.242171300948656
0.0176459024979197	0.116884794855766
0.0176521135581658	0.300524455112006
0.0176583289923285	0.218281575161858
0.0176645488050297	0.305393837639861
0.0176707730008977	0.206095889237418
0.0176770015845675	0.321214276349206
0.0176832345606806	0.48745884516782
0.0176894719338849	0.196837601809812
0.0176957137088351	0.441561589767962
0.0177019598901923	0.29364608250487
0.0177082104826242	0.459633068524027
0.0177144654908051	0.302040084303346
0.0177207249194161	0.346218642974788
0.0177269887731445	0.355713620081695
0.0177332570566847	0.523012151826862
0.0177395297747374	0.290254711398382
0.0177458069320101	0.405301724921333
0.017752088533217	0.484161289858633
0.0177583745830788	0.374227213356262
0.0177646650863231	0.496777180334226
0.0177709600476841	0.326597914570278
0.0177772594719027	0.532333224417978
0.0177835633637265	0.481637135985525
0.01778987172791	0.363868080459455
0.0177961845692142	0.47640747333526
0.017802501892407	0.380130009050005
0.0178088237022632	0.393174584669351
0.0178151500035641	0.473246567235721
0.017821480801098	0.339742535584353
0.01782781609966	0.410130851825139
0.0178341559040519	0.479895730559503
0.0178405002190824	0.233766260988042
0.0178468490495671	0.464782503486736
0.0178532024003284	0.315329114028389
0.0178595602761956	0.241430290682668
0.0178659226820048	0.307883235032942
0.0178722896225991	0.16670400864905
0.0178786611028284	0.311658786413858
0.0178850371275497	0.206107515889084
0.0178914177016266	0.202775610296711
0.0178978028299301	0.173336723647754
0.0179041925173377	0.315241932802892
0.0179105867687342	0.107208503310794
0.0179169855890112	0.28449211292939
0.0179233889830674	0.0808317930139709
0.0179297969558084	0.31739312165708
0.0179362095121469	0.143352513776401
0.0179426266570027	0.162024812081904
0.0179490483953023	0.257163795054843
0.0179554747319797	0.185980433195308
0.0179619056719757	0.189089652899037
0.0179683412202383	0.278629588984262
0.0179747813817225	0.315884752117813
0.0179812261613905	0.368803826615145
0.0179876755642115	0.40536896982014
0.017994129595162	0.305495393240608
0.0180005882592254	0.683810257655226
0.0180070515613925	0.296028712194685
0.0180135195066612	0.492668148969285
0.0180199921000365	0.318444198244119
0.0180264693465308	0.531976845009781
0.0180329512511633	0.333967391537777
0.0180394378189609	0.416978260294729
0.0180459290549574	0.376961487346367
0.0180524249641941	0.551271268442656
0.0180589255517193	0.332176726334316
0.0180654308225888	0.365074617963856
0.0180719407818655	0.414364335568299
0.0180784554346198	0.32244397480322
0.0180849747859292	0.400539601575703
0.0180914988408788	0.243523467422238
0.0180980276045606	0.285777997335643
0.0181045610820745	0.380833904356509
0.0181110992785273	0.159534439649914
0.0181176421990335	0.281842463851749
0.0181241898487148	0.342124204471508
0.0181307422327005	0.232917283133812
0.018137299356127	0.331262555512721
0.0181438612241384	0.396018960005052
0.0181504278418862	0.340778370484076
0.0181569992145293	0.423130751228662
0.0181635753472342	0.416106521375049
0.0181701562451746	0.334794431895948
0.0181767419135321	0.526713413141939
0.0181833323574956	0.203840569821946
0.0181899275822614	0.389106823590138
0.0181965275930336	0.195836195424495
0.0182031323950236	0.265377034447657
0.0182097419934507	0.168487963786935
0.0182163563935414	0.283955224272651
0.0182229756005301	0.158320751283178
0.0182295996196587	0.301443357319248
0.0182362284561767	0.165941128011263
0.0182428621153412	0.344433788630126
0.0182495006024171	0.197156552967424
0.0182561439226768	0.200050951766671
0.0182627920814005	0.197582364802766
0.0182694450838761	0.204277371327478
0.0182761029353991	0.116042039936429
0.0182827656412728	0.137184534665773
0.0182894332068081	0.0793360253478607
0.018296105637324	0.100929327954902
0.0183027829381468	0.0445349105762075
0.018309465114611	0.0985736673365027
0.0183161521720586	0.124992231886064
0.0183228441158396	0.0861206260819566
0.0183295409513116	0.190533177962109
0.0183362426838403	0.156346760051456
0.018342949318799	0.239329146434235
0.018349660861569	0.220294774165861
0.0183563773175396	0.22904337441106
0.0183630986921078	0.242823580452375
0.0183698249906784	0.22157548430984
0.0183765562186645	0.161863303729705
0.0183832923814868	0.215727245938683
0.0183900334845741	0.152882663874919
0.0183967795333631	0.1485445401195
0.0184035305332986	0.209957428489863
0.0184102864898333	0.253256309066771
0.0184170474084279	0.286095542139404
0.0184238132945511	0.273715805124888
0.0184305841536797	0.147008513998694
0.0184373599912987	0.342539630433927
0.0184441408129008	0.143038825856816
0.0184509266239871	0.188296482148893
0.0184577174300667	0.212509004498928
0.0184645132366567	0.14143641230088
0.0184713140492826	0.0928333486878738
0.0184781198734777	0.276394160777111
0.0184849307147838	0.0842090860968938
0.0184917465787506	0.241702956209266
0.0184985674709361	0.229311345044813
0.0185053933969066	0.195351141717307
0.0185122243622365	0.306649209375095
0.0185190603725083	0.275365279603703
0.018525901433313	0.176024641761088
0.0185327475502499	0.322049638055503
0.0185395987289262	0.230101679830212
0.0185464549749578	0.19095866068584
0.0185533162939687	0.219147861550041
0.0185601826915914	0.157598537558532
0.0185670541734664	0.187983525157844
0.0185739307452429	0.136778462068874
0.0185808124125784	0.178565379304481
0.0185876991811386	0.180037076282135
0.0185945910565978	0.181098600584435
0.0186014880446387	0.164297034243181
0.0186083901509524	0.270281262406424
0.0186152973812383	0.181788984705052
0.0186222097412045	0.228335717857673
0.0186291272365675	0.184326081337821
0.0186360498730523	0.1395747848535
0.0186429776563924	0.220774188348463
0.0186499105923297	0.070092062905402
0.0186568486866149	0.111470861738647
0.0186637919450071	0.112365149938812
0.018670740373274	0.104941978685955
0.0186776939771919	0.0590941401180497
0.0186846527625457	0.189140367381822
0.0186916167351289	0.128462486481627
0.0186985859007438	0.184502637610302
0.0187055602652011	0.174335237234009
0.0187125398343203	0.190475977110589
0.0187195246139296	0.192751385280366
0.018726514609866	0.220201177936042
0.018733509827975	0.304339926401155
0.0187405102741111	0.268168923068077
0.0187475159541372	0.320780898929281
0.0187545268739253	0.182840312825499
0.0187615430393561	0.196762177181373
0.018768564456319	0.259082121794197
0.0187755911307123	0.118212992188696
0.0187826230684431	0.105888960751228
0.0187896602754275	0.163590206007909
0.0187967027575902	0.10571860144818
0.018803750520865	0.114725453523282
0.0188108035711945	0.134141971908167
0.0188178619145304	0.109859333016911
0.018824925556833	0.240634458128242
0.0188319945040718	0.162765392966842
0.0188390687622253	0.168860315876013
0.0188461483372808	0.180182684323653
0.0188532332352348	0.182492000186508
0.0188603234620926	0.366159279190004
0.0188674190238688	0.297464436054477
0.0188745199265868	0.272198699443438
0.0188816261762792	0.478773264532981
0.0188887377789878	0.52215204504154
0.0188958547407632	0.46458539675542
0.0189029770676655	0.512246647284272
0.0189101047657635	0.510343866212254
0.0189172378411357	0.78799849870228
0.0189243762998692	0.53794983804681
0.0189315201480607	0.553415117932347
0.018938669391816	0.502686369985531
0.0189458240372501	0.861540013031826
0.0189529840904872	0.385998969729425
0.0189601495576608	0.681325801135232
0.0189673204449138	0.48766353001482
0.0189744967583981	0.677856560339187
0.0189816785042752	0.463047909351098
0.0189888656887159	0.519971567268597
0.0189960583179002	0.638409115636546
0.0190032563980175	0.525869249160655
0.0190104599352667	0.487934459128252
0.019017668935856	0.309706164626342
0.0190248834060032	0.671658606142165
0.0190321033519352	0.20513778632829
0.0190393287798886	0.485741171081575
0.0190465596961094	0.15003906555736
0.0190537961068533	0.64078211219847
0.0190610380183851	0.185048029082337
0.0190682854369795	0.400441463438975
0.0190755383689205	0.259610302842975
0.0190827968205018	0.416903991324109
0.0190900607980267	0.319855979590008
0.0190973303078081	0.455842215455461
0.0191046053561683	0.363071220564422
0.0191118859494395	0.457938730341833
0.0191191720939634	0.425964497710369
0.0191264637960916	0.476257658470782
0.0191337610621851	0.525170857800761
0.0191410638986147	0.350038785033003
0.0191483723117611	0.31380052002201
0.0191556863080146	0.348215060820976
0.0191630058937752	0.243923011273448
0.0191703310754529	0.226068001847824
0.0191776618594672	0.224841985446196
0.0191849982522478	0.31363138068943
0.0191923402602339	0.22447994313736
0.0191996878898748	0.130820680637293
0.0192070411476295	0.138614979242421
0.0192144000399671	0.199403150145798
0.0192217645733664	0.103198603330079
0.0192291347543162	0.133564503984296
0.0192365105893155	0.167907752319857
0.0192438920848728	0.175559615517006
0.0192512792475071	0.291086822247864
0.0192586720837471	0.150114163833516
0.0192660706001315	0.242326430861047
0.0192734748032093	0.241195407287433
0.0192808846995394	0.518521982726321
0.0192883002956908	0.207172700876701
0.0192957215982426	0.485929853182165
0.0193031486137841	0.217481934362979
0.0193105813489147	0.889541719265838
0.0193180198102441	0.325052458946229
0.0193254640043919	0.711729293467139
0.0193329139379881	0.369876144970523
0.019340369617673	0.807377627026382
0.0193478310500969	0.407777292660911
0.0193552982419207	0.582656243848386
0.0193627711998152	0.540567433172559
0.0193702499304619	0.721368674308185
0.0193777344405524	0.609916513313885
0.0193852247367885	0.328671394198951
0.0193927208258828	0.88282008370968
0.0194002227145579	0.378745674152889
0.0194077304095469	0.576463497136905
0.0194152439175935	0.178558848867712
0.0194227632454516	0.856050877042216
0.0194302883998858	0.274481537751964
0.0194378193876709	0.47500920675696
0.0194453562155926	0.268629925960172
0.0194528988904467	0.61110205800902
0.0194604474190398	0.416204560687217
0.0194680018081891	0.298108464799597
0.0194755620647223	0.390590939426956
0.0194831281954777	0.436639801049519
0.0194907002073042	0.512470274190855
0.0194982781070615	0.297522739463418
0.0195058619016198	0.536926094441461
0.0195134515978601	0.484383275963365
0.0195210472026741	0.382296010118107
0.0195286487229642	0.34226005093385
0.0195362561656436	0.453190158958249
0.0195438695376362	0.407975257343287
0.0195514888458767	0.338177758389542
0.0195591140973109	0.32989071511568
0.0195667452988949	0.299708135284665
0.0195743824575962	0.30429609721479
0.0195820255803928	0.102917369224268
0.0195896746742738	0.163834495086002
0.0195973297462392	0.180072509661213
0.0196049908032999	0.0781176533139364
0.0196126578524779	0.161620346717763
0.0196203309008058	0.0718210677411088
0.0196280099553278	0.167603295126746
0.0196356950230986	0.0934216499032294
0.0196433861111843	0.139105275164504
0.0196510832266618	0.0649547898762317
0.0196587863766194	0.250290216817502
0.0196664955681564	0.0880690022660611
0.019674210808383	0.174081441219038
0.0196819321044209	0.0656889802458638
0.0196896594634028	0.261487551000698
0.0196973928924727	0.193079093502779
0.0197051323987857	0.193082501418162
0.0197128779895084	0.138084668711481
0.0197206296718183	0.249685193081792
0.0197283874529045	0.318418380917675
0.0197361513399674	0.33841283568297
0.0197439213402185	0.278315640199603
0.0197516974608809	0.250792032551187
0.019759479709189	0.465437568951917
0.0197672680923886	0.188245597711559
0.0197750626177369	0.397463393985072
0.0197828632925026	0.123712618160225
0.0197906701239659	0.308092329578142
0.0197984831194185	0.0722441631177471
0.0198063022861634	0.418784555387193
0.0198141276315154	0.0943527440252694
0.0198219591628009	0.21390284449132
0.0198297968873576	0.0526614295201201
0.019837640812535	0.33897396268252
0.0198454909456944	0.269486354642757
0.0198533472942083	0.100592685960262
0.0198612098654613	0.226719828662904
0.0198690786668495	0.169435716061582
0.0198769537057809	0.411574322582456
0.0198848349896749	0.0562824773190317
0.0198927225259631	0.309334197789555
0.0199006163220886	0.317285038667071
0.0199085163855065	0.465425806359197
0.0199164227236835	0.176786500569882
0.0199243353440984	0.421500575477833
0.0199322542542418	0.423208238523757
0.0199401794616163	0.385535142036981
0.0199481109737363	0.250967189675436
0.0199560487981281	0.306887857727455
0.0199639929423304	0.596242314775608
0.0199719434138933	0.451624912280344
0.0199799002203794	0.178696284070737
0.0199878633693633	0.542240835822817
0.0199958328684314	0.314802166828866
0.0200038087251824	0.477110374539074
0.0200117909472273	0.144875358167828
0.0200197795421888	0.365434478738878
0.0200277745177023	0.215390241320115
0.020035775881415	0.501687605908434
0.0200437836409865	0.0831041063418221
0.0200517978040887	0.440415320789322
0.0200598183784055	0.388168850909835
0.0200678453716336	0.177556779995764
0.0200758787914814	0.388004480666807
0.0200839186456702	0.143808978429819
0.0200919649419334	0.547374128310065
0.0201000176880167	0.188139900933344
0.0201080768916785	0.363937946211787
0.0201161425606895	0.186117547485503
0.0201242147028329	0.688561572809982
0.0201322933259043	0.252158442807678
0.020140378437712	0.535549732103935
0.0201484700460767	0.24022436346346
0.0201565681588317	0.53128547556655
0.0201646727838229	0.549002843500142
0.020172783928909	0.328036246489993
0.0201809016019611	0.300627182846048
0.0201890258108631	0.3781602859342
0.0201971565635115	0.460754813531753
0.0202052938678157	0.29930951002996
0.0202134377316977	0.342134293257193
0.0202215881630923	0.215916454904956
0.0202297451699472	0.315169780258897
0.0202379087602228	0.166887552874053
0.0202460789418925	0.182514561138074
0.0202542557229424	0.153436797813633
0.0202624391113716	0.0517492735389603
0.0202706291151922	0.0716054058477114
0.0202788257424292	0.123222983736201
0.0202870290011206	0.201743251726193
0.0202952388993173	0.0875942840764418
0.0203034554450834	0.128831324276257
0.0203116786464959	0.250744858870336
0.0203199085116451	0.304817678367833
0.0203281450486342	0.281590250841058
0.0203363882655797	0.307780068708325
0.0203446381706113	0.459763799785455
0.0203528947718717	0.411218663404382
0.0203611580775169	0.268336700327857
0.0203694280957163	0.479319321570792
0.0203777048346524	0.519331047408548
0.0203859883025211	0.211091041668292
0.0203942785075315	0.425943697619017
0.0204025754579064	0.35117896839695
0.0204108791618815	0.539270396435898
0.0204191896277062	0.335923999396174
0.0204275068636435	0.418857668036109
0.0204358308779694	0.388394176983971
0.0204441616789738	0.844144130560095
0.0204524992749601	0.267367433499447
0.0204608436742449	0.625130052448762
0.0204691948851587	0.565718634795079
0.0204775529160456	0.377894779568664
0.0204859177752633	0.550015888581769
0.0204942894711829	0.443787934506464
0.0205026680121896	0.888427679253707
0.020511053406682	0.596643558975347
0.0205194456630727	0.601936133050245
0.0205278447897878	0.527990382798949
0.0205362507952675	1.16559366515926
0.0205446636879655	0.354376280523287
0.0205530834763497	0.842886138205766
0.0205615101689016	0.520974766668561
0.0205699437741168	0.835989397398355
0.0205783843005048	0.892821255986323
0.020586831756589	0.388804219098178
0.0205952861509069	0.580040274400717
0.02060374749201	0.795157089697043
0.0206122157884638	0.772321225618687
0.0206206910488479	0.568656853533926
0.0206291732817561	0.832532403497252
0.0206376624957962	0.529175173790344
0.0206461586995905	1.01128127068634
0.020654661901775	0.427418539529536
0.0206631721110004	0.589990842890115
0.0206716893359314	0.610258812740111
0.0206802135852471	0.391673353662419
0.0206887448676408	0.330278985543495
0.0206972831918203	0.283493798311089
0.0207058285665077	0.467240923541778
0.0207143810004395	0.551541026824288
0.0207229405023667	0.217864676893342
0.0207315070810547	0.299098643243142
0.0207400807452835	0.46329069979319
0.0207486615038476	0.195662753802193
0.0207572493655558	0.145956588673406
0.020765844339232	0.203593944730246
0.0207744464337143	0.16857166365819
0.0207830556578555	0.346497715036246
0.0207916720205234	0.0676601929441148
0.0208002955306001	0.24458813123908
0.0208089261969826	0.204709217272967
0.0208175640285828	0.106142855320234
0.0208262090343273	0.0736748816899195
0.0208348612231575	0.0916479058796165
0.0208435206040297	0.0399142422128896
0.0208521871859151	0.0638367983005162
0.0208608609777998	0.0656402708446101
0.0208695419886849	0.374991588439563
0.0208782302275864	0.215205871508013
0.0208869257035355	0.231267160858124
0.0208956284255783	0.265742288767521
0.0209043384027759	0.189952151479838
0.0209130556442048	0.227787143328778
0.0209217801589565	0.165750831619471
0.0209305119561375	0.31841324470676
0.0209392510448698	0.407648052235863
0.0209479974342904	0.24225502283667
0.0209567511335518	0.274783716539971
0.0209655121518217	0.85353434944787
0.020974280498283	0.359999376037311
0.0209830561821341	0.67967955464355
0.0209918392125889	0.36030758689956
0.0210006295988765	0.760848602578138
0.0210094273502418	0.75974377840975
0.0210182324759448	0.48435052484395
0.0210270449852612	0.479393124718581
0.0210358648874824	1.1620568943114
0.0210446921919153	0.683675636910394
0.0210535269078823	0.677582364770472
0.0210623690447216	0.638892285252631
0.0210712186117871	0.768952882002113
0.0210800756184484	1.11250294770141
0.0210889400740908	0.60718861078008
0.0210978119881155	0.870449124570364
0.0211066913699394	1.21279897885925
0.0211155782289954	0.849107858442803
0.0211244725747322	0.669734214539301
0.0211333744166144	0.749236460331851
0.0211422837641226	0.627680680510849
0.0211512006267536	1.00199340284467
0.0211601250140198	0.337111249831963
0.0211690569354499	0.664122152983898
0.0211779964005889	0.759304740432772
0.0211869434189976	0.502060121104302
0.021195898000253	0.548214206765582
0.0212048601539485	0.668081193749587
0.0212138298896935	0.411656694098678
0.0212228072171139	0.967995488913945
0.0212317921458517	0.503945511895515
0.0212407846855653	0.603518243259533
0.0212497848459296	0.767245161075321
0.0212587926366357	0.592320556397618
0.0212678080673912	0.632666648365637
0.0212768311479203	0.569165405243706
0.0212858618879635	0.38996403400638
0.021294900297278	0.621432798423782
0.0213039463856375	0.611851223316571
0.0213130001628325	0.378133984519928
0.0213220616386698	0.496469788766584
0.0213311308229733	0.512952392902431
0.0213402077255832	0.338356703886315
0.0213492923563567	0.229072868270631
0.0213583847251679	0.210976141640672
0.0213674848419074	0.2805076340487
0.021376592716483	0.152855691433749
0.0213857083588192	0.172460165280811
0.0213948317788574	0.198672349479816
0.0214039629865561	0.215672642755954
0.0214131019918908	0.13805017725604
0.0214222488048539	0.166860108417958
0.0214314034354552	0.207196827058843
0.0214405658937212	0.109993996768191
0.0214497361896958	0.236813888120628
0.0214589143334401	0.318458127857176
0.0214681003350324	0.38293540714304
0.0214772942045681	0.241748867164017
0.0214864959521602	0.800887932925612
0.0214957055879388	0.528746867932733
0.0215049231220515	0.679356560429978
0.0215141485646632	0.282259640847631
0.0215233819259564	0.672368133318154
0.021532623216131	0.601108250364544
0.0215418724454044	0.293656480971141
0.0215511296240116	0.321734948057827
0.0215603947622051	0.799567983448956
0.0215696678702553	0.535748039696881
0.0215789489584501	0.48312795028186
0.021588238037095	0.646748723652285
0.0215975351165134	0.48928927738243
0.0216068402070466	0.925436437315542
0.0216161533190534	0.209547933416835
0.0216254744629109	0.636253748125738
0.0216348036490137	0.667253204898453
0.0216441408877746	0.469101875435154
0.0216534861896242	0.425127677335602
0.0216628395650114	0.70401484594682
0.0216722010244028	0.442865094326429
0.0216815705782834	0.760867744216817
0.0216909482371561	0.515454009338517
0.0217003340115423	0.545673773724194
0.0217097279119813	1.08083565059549
0.0217191299490307	0.529281497107327
0.0217285401332667	0.837112762185838
0.0217379584752834	0.667199291329548
0.0217473849856936	0.44787553803654
0.0217568196751284	0.576298793194526
0.0217662625542373	0.478546112529179
0.0217757136336884	0.214509868993848
0.0217851729241683	0.651702825020197
0.0217946404363822	0.478656999911427
0.0218041161810539	0.327593600720261
0.0218136001689257	0.38276481726007
0.0218230924107589	0.32604532477823
0.0218325929173334	0.41707302647399
0.0218421016994478	0.398651486776989
0.0218516187679195	0.219696994297067
0.021861144133585	0.731883856089121
0.0218706778072995	0.42387906585168
0.0218802197999372	0.373911615491942
0.0218897701223913	0.463405807873175
0.0218993287855739	0.45506059891649
0.0219088958004164	0.558506920320946
0.0219184711778691	0.224791710616183
0.0219280549289017	0.247586883124364
0.0219376470645027	0.236468247461833
0.0219472475956802	0.462512545525206
0.0219568565334615	0.0911112450708069
0.021966473888893	0.403803603248817
0.0219760996730408	0.194438955837716
0.0219857338969901	0.276266985417581
0.0219953765718458	0.210527366372433
0.0220050277087321	0.204563703738419
0.0220146873187928	0.169337787540358
0.0220243554131913	0.256832031783925
0.0220340320031106	0.39420650653027
0.0220437170997534	0.0823760796247125
0.022053410714342	0.282285466037844
0.0220631128581186	0.168473906075768
0.022072823542345	0.241541803509657
0.0220825427783031	0.272464331670834
0.0220922705772943	0.19070749104339
0.0221020069506403	0.429827913282452
0.0221117519096827	0.34527723189162
0.0221215054657828	0.336251057378671
0.0221312676303223	0.334803562329287
0.0221410384147028	0.480131288962435
0.0221508178303463	0.354001354603636
0.0221606058886947	0.367195832409169
0.0221704026012102	0.249477102995417
0.0221802079793754	0.290300486721371
0.0221900220346931	0.3997732077116
0.0221998447786865	0.10433836064008
0.0222096762228993	0.395898798645044
0.0222195163788955	0.259304481580829
0.0222293652582597	0.359293241815651
0.0222392228725971	0.379207819406034
0.0222490892335334	0.357838066956362
0.022258964352715	0.291379711422749
0.0222688482418088	0.477559396013535
0.0222787409125028	0.441067042612107
0.0222886423765054	0.251927042159209
0.0222985526455461	0.446127187944691
0.0223084717313751	0.353358968917318
0.0223183996457636	0.484690646654504
0.0223283364005037	0.607651173028671
0.0223382820074086	0.392851440104569
0.0223482364783125	0.992682411726949
0.0223581998250706	0.689177544447921
0.0223681720595596	0.731829569405448
0.022378153193677	0.561356834944916
0.0223881432393417	0.676549131834499
0.0223981422084939	0.524534136652715
0.0224081501130951	0.485316072130644
0.0224181669651284	0.427693498631838
0.022428192776598	0.451702607162277
0.0224382275595298	0.754036247817428
0.0224482713259712	0.269484930320575
0.0224583240879911	0.746051350439517
0.0224683858576802	0.106603852850927
0.0224784566471506	0.750854064988407
0.0224885364685364	0.254992796635102
0.0224986253339933	0.48201446185855
0.022508723255699	0.378686280205052
0.0225188302458528	0.619770013701674
0.0225289463166762	0.618271615023953
0.0225390714804125	0.52010083410284
0.0225492057493271	0.74085430508793
0.0225593491357074	0.508301696028909
0.022569501651863	1.06968366556743
0.0225796633101257	0.581870692013825
0.0225898341228492	0.888510242991813
0.02260001410241	0.615457617401282
0.0226102032612065	0.716828383573386
0.0226204016116596	0.354536893035681
0.0226306091662126	0.482841813197818
0.0226408259373314	0.267858105582362
0.0226510519375042	0.255340165015522
0.022661287179242	0.16485369113093
0.0226715316750783	0.116395340798492
0.0226817854375691	0.272988250218614
0.0226920484792936	0.0809773743288213
0.0227023208128533	0.252635784433314
0.0227126024508727	0.221323792654395
0.0227228934059993	0.188900067079078
0.0227331936909034	0.148315250868935
0.0227435033182783	0.158349638271815
0.0227538223008404	0.0703207802824335
0.0227641506513291	0.234761415319519
0.0227744883825069	0.171163210093951
0.0227848355071598	0.281845107905606
0.0227951920380965	0.290047724719043
0.0228055579881496	0.208369096442392
0.0228159333701747	0.192457853614082
0.0228263181970508	0.264869830022062
0.0228367124816805	0.200180871814755
0.0228471162369898	0.139028299712415
0.0228575294759284	0.337377338839215
0.0228679522114694	0.188744887152445
0.0228783844566098	0.352389345983705
0.0228888262243703	0.159407880314926
0.0228992775277952	0.394080310179998
0.0229097383799528	0.161765030177214
0.0229202087939352	0.456254118900418
0.0229306887828586	0.410780849107147
0.022941178359863	0.401600532634614
0.0229516775381125	0.563803923085573
0.0229621863307954	0.354682185064663
0.0229727047511241	0.672693916537861
0.0229832328123353	0.228027282103368
0.0229937705276899	0.728364938782963
0.023004317910473	0.229713049468844
0.0230148749739944	0.67375566585262
0.0230254417315881	0.324510458209709
0.0230360181966127	0.552802251602889
0.0230466043824513	0.403218045914104
0.0230572003025117	0.637728523708137
0.0230678059702262	0.444302222958459
0.0230784213990521	0.470629360851427
0.0230890466024711	0.835764579190198
0.0230996815939901	0.307149810831492
0.0231103263871408	0.731802142806926
0.0231209809954797	0.332760423873507
0.0231316454325884	0.724787243199453
0.0231423197120737	0.438198832547348
0.0231530038475674	0.712833546079889
0.0231636978527264	0.461163442994227
0.0231744017412331	0.697811398231047
0.0231851155267949	0.502428118554138
0.0231958392231447	0.549718421738328
0.023206572844041	0.544019286463711
0.0232173164032674	0.461203347605453
0.0232280699146334	0.622482300458392
0.0232388333919739	0.370689373477699
0.0232496068491494	0.721980975490528
0.0232603903000463	0.421740506989661
0.0232711837585767	0.44702979292067
0.0232819872386784	0.573836007059138
0.0232928007543153	0.445590348979663
0.0233036243194771	0.580551812900385
0.0233144579481797	0.336565832391253
0.0233253016544649	0.430830738948634
0.0233361554524006	0.241505866972695
0.0233470193560811	0.44238730198691
0.0233578933796268	0.109525433362883
0.0233687775371845	0.283161770107706
0.0233796718429272	0.206396808669482
0.0233905763110547	0.197587990984754
0.023401490955793	0.257595593958362
0.0234124157913947	0.19635031244233
0.0234233508321392	0.434683077708101
0.0234342960923324	0.250034428904243
0.0234452515863069	0.466074629126838
0.0234562173284225	0.366793921341557
0.0234671933330655	0.447942085692513
0.0234781796146492	0.298275384985718
0.023489176187614	0.367375594506067
0.0235001830664273	0.309820336441634
0.0235112002655837	0.487263020308147
0.023522227799605	0.296304894102974
0.0235332656830401	0.332926712118875
0.0235443139304655	0.337711385253054
0.0235553725564847	0.45269190203106
0.0235664415757289	0.130268317862473
0.0235775210028569	0.289951880527446
0.023588610852555	0.150615387266825
0.0235997111395369	0.344852099616929
0.0236108218785443	0.0724031053031414
0.0236219430843467	0.340336473122702
0.0236330747717412	0.201807939879498
0.0236442169555529	0.288806103903952
0.0236553696506351	0.289601347105716
0.0236665328718687	0.208298801826556
0.0236777066341631	0.517955168181815
0.0236888909524557	0.40300339070806
0.0237000858417122	0.653232824579042
0.0237112913169264	0.606646377889758
0.0237225073931207	0.948878341770383
0.0237337340853458	0.624401971112821
0.0237449714086812	0.95705095744277
0.0237562193782345	0.593990793833045
0.0237674780091422	0.853607363128069
0.0237787473165696	0.861655298838022
0.0237900273157106	0.64773269912319
0.023801318021788	1.05127896450415
0.0238126194500536	0.763987583157339
0.0238239316157879	0.90655748408012
0.0238352545343009	0.985316752707986
0.0238465882209313	0.616472468262928
0.0238579326910472	1.02185004529431
0.023869287960046	0.776097911659952
0.0238806540433542	0.621647880295516
0.0238920309564279	0.736570692728771
0.0239034187147527	0.926313625183902
0.0239148173338435	0.473854084441974
0.023926226829245	0.961268576182564
0.0239376472165316	0.452280520924972
0.0239490785113074	0.887437915961628
0.0239605207292061	0.8953823165363
0.0239719738858918	0.32428576887793
0.023983437997058	0.880182648984289
0.0239949130784286	0.527750859812205
0.0240063991457575	0.654879275833788
0.0240178962148288	0.437502457550124
0.0240294043014568	0.622061514199509
0.0240409234214862	0.377497397040563
0.024052453590792	0.691546876374704
0.0240639948252798	0.209463545188689
0.0240755471408856	0.723524270950062
0.024087110553576	0.478099946822966
0.0240986850793486	0.455698792172776
0.0241102707342313	0.582315436001085
0.0241218675342832	0.313547188552062
0.0241334754955942	0.37351611980614
0.0241450946342851	0.267961115636459
0.0241567249665079	0.185221990944559
0.0241683665084457	0.161755398352957
0.0241800192763126	0.295333148043227
0.0241916832863543	0.198308808661992
0.0242033585548477	0.238690173414075
0.0242150450981012	0.236840681530234
0.0242267429324547	0.177807218764188
0.0242384520742795	0.264859867978404
0.0242501725399789	0.305818865244941
0.0242619043459876	0.145487232366248
0.0242736475087725	0.102246156739906
0.0242854020448321	0.331450609176955
0.0242971679706969	0.155698673520093
0.0243089453029296	0.244115036991196
0.0243207340581249	0.365038607678212
0.0243325342529097	0.20725103815107
0.0243443459039433	0.685177190612676
0.0243561690279173	0.258603822626765
0.0243680036415557	0.298006550925236
0.0243798497616151	0.497092940804988
0.0243917074048846	0.457190284451438
0.024403576588186	0.486188155755904
0.024415457328374	0.660658016674238
0.024427349642336	0.290539180647354
0.0244392535469923	1.0168252980692
0.0244511690592963	0.601091404652399
0.0244630961962344	0.501239065684188
0.0244750349748262	0.87484044988472
0.0244869854121246	0.758912777134274
0.0244989475252156	0.695977480594174
0.0245109213312188	0.991728290187301
0.0245229068472873	0.536370164405192
0.0245349040906077	1.03423646410656
0.0245469130784002	0.987944282461104
0.0245589338279188	0.424139521465101
0.0245709663564513	1.05679500460037
0.0245830106813194	0.682624316765371
0.0245950668198788	0.697884895268676
0.0246071347895192	0.7424256076721
0.0246192146076645	0.625973337364793
0.0246313062917729	0.704632382325895
0.0246434098593367	1.0552546417341
0.0246555253278828	0.277869119252389
0.0246676527149724	0.96626387727779
0.0246797920382016	0.566268115207371
0.0246919433152008	0.593531932230837
0.0247041065636353	0.49772029699098
0.0247162818012052	0.444803697970097
0.0247284690456455	0.4099215779755
0.0247406683147263	0.620498729547604
0.0247528796262526	0.262208435288054
0.0247651029980646	0.512491879568723
0.024777338448038	0.600007186384595
0.0247895859940835	0.271189695083878
0.0248018456541474	0.615726580274587
0.0248141174462117	0.19567599606668
0.0248264013882936	0.487474629713034
0.0248386974984463	0.176952740709188
0.0248510057947588	0.217077866439939
0.0248633262953557	0.154805595304925
0.0248756590183978	0.276718184715091
0.0248880039820819	0.128531370843125
0.0249003612046409	0.121985592455247
0.0249127307043439	0.262279558240415
0.0249251124994965	0.217146599499274
0.0249375066084405	0.342682888270354
0.0249499130495543	0.37273713921298
0.0249623318412528	0.195485620459715
0.0249747630019877	0.312959640125873
0.0249872065502475	0.416430004573412
0.0249996625045574	0.229341738771596
0.0250121308834797	0.380610587965603
0.0250246117056137	0.700228169934089
0.0250371049895958	0.218629110644722
0.0250496107540997	0.772846446316537
0.0250621290178365	0.343310557661988
0.0250746597995544	0.385108454916181
0.0250872031180396	0.432510162041984
0.0250997589921154	0.300663498881135
0.0251123274406432	0.463743696672686
0.0251249084825221	0.638031787273176
0.0251375021366889	0.369710109052016
0.0251501084221187	0.765109910934135
0.0251627273578243	0.670759715789133
0.025175358962857	0.436806797686152
0.0251880032563063	0.751649187746219
0.0252006602573	0.399851241185571
0.0252133299850044	0.35977782446793
0.0252260124586243	0.433238613678932
0.0252387076974033	0.26608425188166
0.0252514157206236	0.560456475956241
0.0252641365476065	0.555042220775236
0.0252768701977119	0.107524139481899
0.025289616690339	0.616537409351088
0.0253023760449261	0.382296340559989
0.0253151482809508	0.426345228514476
0.0253279334179299	0.399145790574066
0.0253407314754197	0.574729756746912
0.0253535424730162	0.422814038757376
0.0253663664303549	0.789411106985326
0.0253792033671109	0.32944276814431
0.0253920533029996	0.754395551582136
0.0254049162577758	0.531549533192587
0.0254177922512348	0.318636330857413
0.0254306813032118	0.543874901327745
0.0254435834335823	0.27948783552985
0.0254564986622623	0.395471281652219
0.0254694270092079	0.3840306497447
0.0254823684944163	0.381720093431126
0.0254953231379248	0.434759778423246
0.0255082909598119	0.626987248576052
0.0255212719801968	0.370212000055318
0.0255342662192395	0.485054252664252
0.0255472736971414	0.354218594506328
0.0255602944341449	0.290792978229966
0.0255733284505337	0.593901017763831
0.025586375766633	0.244810935945717
0.0255994364028094	0.212765180413409
0.0256125103794711	0.245489909741005
0.025625597717068	0.338420824476807
0.0256386984360919	0.112910506989429
0.0256518125570765	0.255219005937408
0.0256649401005976	0.209496990930686
0.0256780810872728	0.414749574649219
0.0256912355377625	0.650525212414325
0.025704403472769	0.275970984697235
0.0257175849130372	0.514854910204051
0.0257307798793548	0.186155285040088
0.0257439883925518	0.163552744245459
0.0257572104735012	0.168025801487082
0.025770446143119	0.150989135686431
0.025783695422364	0.183749246756239
0.0257969583322382	0.611292454633355
0.025810234893787	0.436075789929368
0.0258235251280989	0.586035668373974
0.0258368290563059	0.616057238481643
0.0258501466995838	0.468708382761161
0.0258634780791518	0.518649547792851
0.025876823216273	0.386503833004239
0.0258901821322545	0.227761456420562
0.0259035548484473	0.552022981738326
0.0259169413862466	0.246058288661367
0.0259303417670918	0.366677086052054
0.0259437560124667	0.362976611895842
0.0259571841438996	0.459956555953741
0.0259706261829633	0.393298707649474
0.0259840821512754	0.378854991535424
0.0259975520704983	0.20739691798435
0.0260110359623394	0.475968042445844
0.026024533848551	0.320342561103724
0.0260380457509307	0.274643986459663
0.0260515716913214	0.35543905145176
0.0260651116916114	0.102717641102948
0.0260786657737344	0.258364900184433
0.02609223395967	0.105077356357906
0.0261058162714433	0.140192288146507
0.0261194127311254	0.172019088457654
0.0261330233608335	0.269654240905915
0.0261466481827308	0.259389993090663
0.0261602872190267	0.485797769254657
0.0261739404919771	0.366875336323114
0.0261876080238844	0.455405742255025
0.0262012898370974	0.365428833239827
0.0262149859540118	0.356080266523715
0.0262286963970702	0.325492173395923
0.026242421188762	0.288387463069996
0.0262561603516238	0.107072203180327
0.0262699139082394	0.209683692746977
0.02628368188124	0.235247458352575
0.0262974642933043	0.437425228944626
0.0263112611671583	0.314435965085892
0.0263250725255761	0.665402592590633
0.0263388983913794	0.250245985411682
0.026352738787438	0.774424473491786
0.0263665937366697	0.467677791669008
0.0263804632620405	0.283050976817548
0.026394347386565	0.369345144883594
0.0264082461333059	0.180086150896505
0.0264221595253747	0.2350388872807
0.0264360875859318	0.261842799562424
0.0264500303381861	0.204693524729581
0.0264639878053957	0.312578579668018
0.0264779600108678	0.610645877856743
0.0264919469779589	0.139852772616167
0.0265059487300748	0.660421778224613
0.0265199652906707	0.378767804644405
0.0265339966832517	0.37932043277851
0.0265480429313725	0.52752336231521
0.0265621040586376	0.193476004558415
0.0265761800887019	0.701089789861137
0.0265902710452701	0.324586336697803
0.0266043769520974	0.27871611340083
0.0266184978329894	0.365966632360811
0.0266326337118021	0.536387894570947
0.0266467846124424	0.307830382686444
0.0266609505588681	0.491763589125723
0.0266751315750878	0.30069355617769
0.0266893276851612	0.47903592563035
0.0267035389131993	0.883503790347646
0.0267177652833645	0.130871867064941
0.0267320068198709	0.918582714886016
0.0267462635469838	0.288714229871404
0.0267605354890206	0.60319165095534
0.0267748226703507	0.377194175553594
0.0267891251153954	0.329282637587931
0.0268034428486283	0.38139876827875
0.0268177758945752	0.529992605460963
0.0268321242778146	0.237070095569455
0.0268464880229776	0.478569945054615
0.0268608671547478	0.644367484115407
0.0268752616978621	0.104069295450913
0.0268896716771101	0.53645323126063
0.0269040971173349	0.12918597314025
0.0269185380434327	0.415766549222938
0.0269329944803534	0.25274187375017
0.0269474664531003	0.198620107560014
0.0269619539867306	0.321769783662836
0.0269764571063554	0.256381486512177
0.0269909758371399	0.260133173636174
0.0270055102043034	0.336572768308075
0.0270200602331195	0.371694955059796
0.0270346259489166	0.384326061424245
0.0270492073770775	0.347656672010404
0.0270638045430398	0.560725006069647
0.027078417472296	0.504345393430751
0.0270930461903939	0.240900578759654
0.0271076907229363	0.249566056115298
0.0271223510955815	0.199649062671078
0.0271370273340434	0.265663836514866
0.0271517194640915	0.213232702675805
0.0271664275115511	0.253358591234033
0.0271811515023035	0.300508480467081
0.0271958914622863	0.57328964542223
0.0272106474174932	0.184687494351893
0.0272254193939743	0.898908360546673
0.0272402074178366	0.433053879609892
0.0272550115152436	0.744642275862763
0.0272698317124158	0.911414087083075
0.0272846680356307	0.582672095958503
0.027299520511223	1.17435368962846
0.0273143891655849	0.588426986613176
0.0273292740251661	1.00236612188921
0.0273441751164738	0.700346293092686
0.0273590924660733	1.27747827115202
0.0273740261005877	0.701299037814554
0.0273889760466984	1.34308483848048
0.027403942331145	0.6028451058869
0.0274189249807258	1.40997836580587
0.0274339240222974	1.25012481187591
0.0274489394827754	0.636769578503636
0.0274639713891344	1.29606660317432
0.0274790197684081	0.521624207392821
0.0274940846476893	1.31660932028876
0.0275091660541305	0.534257194754462
0.0275242640149437	0.900843538482188
0.0275393785574005	0.774575855082652
0.0275545097088328	1.29802711284158
0.0275696574966323	0.379179442660188
0.0275848219482511	1.02416950438738
0.0276000030912016	0.786007786356934
0.0276152009530571	0.580756434828115
0.0276304155614513	0.752803757619605
0.0276456469440791	0.328686620759458
0.0276608951286964	0.790754583936451
0.0276761601431202	0.308281399817491
0.0276914420152294	0.32743077487675
0.0277067407729639	0.289350992976766
0.027722056444326	0.551820053043493
0.0277373890573794	0.134591043828373
0.0277527386402503	0.541246214633944
0.027768105221127	0.364422086826052
0.0277834888282604	0.523101977268019
0.0277988894899639	0.570857051119106
0.0278143072346138	0.580379558179585
0.0278297420906494	0.529402618988718
0.0278451940865731	0.230829755617558
0.0278606632509506	0.275060001035417
0.0278761496124113	0.380683564604837
0.0278916531996481	0.238444083717396
0.0279071740414178	0.278593016211429
0.0279227121665413	0.390771472057032
0.0279382676039037	0.43304451152065
0.0279538403824545	0.424026430306823
0.0279694305312079	0.218776716553171
0.0279850380792426	0.437424423813194
0.0280006630557024	0.23396087480508
0.0280163054897963	0.402321840924553
0.0280319654107985	0.372859451611183
0.0280476428480487	0.38957237522253
0.0280633378309522	0.614132219238198
0.0280790503889804	0.521691075197866
0.0280947805516704	0.631652523335019
0.0281105283486258	0.666340167662977
0.0281262938095165	0.947099523043011
0.028142076964079	0.533705843346212
0.0281578778421167	0.988837742275318
0.0281736964734997	0.40499896654254
0.0281895328881655	1.30971694187385
0.0282053871161189	1.01781978255501
0.0282212591874322	0.697402998606353
0.0282371491322455	0.820432076143107
0.0282530569807666	0.604744596430824
0.0282689827632717	1.05884252519183
0.0282849265101052	0.401055294947659
0.02830088825168	0.765569449375964
0.0283168680184775	0.775319855424773
0.0283328658410482	1.42005460300794
0.0283488817500118	0.335315621839805
0.0283649157760569	1.51619975711131
0.0283809679499418	0.563766481609901
0.0283970383024945	1.26660398320447
0.0284131268646127	0.582000453747685
0.0284292336672644	0.740308390618276
0.0284453587414876	0.854594946068185
0.0284615021183909	0.606838637693127
0.0284776638291535	0.423025200694877
0.0284938439050256	0.611461944139478
0.0285100423773283	0.654843615428671
0.028526259277454	0.182990352618146
0.0285424946368665	0.425883912204005
0.0285587484871016	0.0705959065986062
0.0285750208597665	0.57784902084942
0.0285913117865408	0.133679445396233
0.0286076212991764	0.391735809202582
0.0286239494294974	0.18650161550776
0.0286402962094008	0.349467991411738
0.0286566616708566	0.268704318648126
0.0286730458459078	0.539536958464132
0.0286894487666706	0.50695968618183
0.0287058704653349	0.427286106997912
0.0287223109741644	0.249459799277303
0.0287387703254966	0.487928655027586
0.0287552485517432	0.27392240014642
0.0287717456853903	0.17259592677371
0.0287882617589986	0.175919171454458
0.0288047968052037	0.281441773678317
0.0288213508567159	0.379480638191466
0.0288379239463212	0.123657893475186
0.0288545161068807	0.192391377102262
0.0288711273713313	0.348713732123482
0.0288877577726858	0.231927833083117
0.0289044073440331	0.427032286412354
0.0289210761185384	0.364488340328114
0.0289377641294434	0.888911054432864
0.0289544714100667	0.425282020254078
0.0289711979938038	0.805180297211757
0.0289879439141274	0.588162164872158
0.0290047092045877	1.2942284044402
0.0290214938988126	0.425786873704661
0.0290382980305078	0.855083495666567
0.029055121633457	0.522182483706849
0.0290719647415225	0.815059555924381
0.0290888273886449	0.527650029959121
0.0291057096088438	0.509363687678907
0.0291226114362178	0.469460426352065
0.0291395329049446	0.656418663348402
0.0291564740492816	0.792213274666822
0.0291734349035656	0.44539658279866
0.0291904155022136	0.81797525947537
0.0292074158797228	0.265976152401595
0.0292244360706706	1.0550432399029
0.0292414761097153	0.451711955590181
0.0292585360315958	1.01618575140763
0.0292756158711324	0.418727497179961
0.0292927156632265	1.00672704927332
0.0293098354428612	0.463654992402946
0.0293269752451015	0.698479905203841
0.0293441351050944	0.398442900249288
0.0293613150580692	0.602098046776266
0.0293785151393377	0.523355221612367
0.0293957353842947	0.771086386549338
0.0294129758284178	0.871002194182593
0.0294302365072679	0.721506190477514
0.0294475174564896	0.531685675262083
0.0294648187118112	0.513335627406657
0.0294821403090449	0.710826792445328
0.0294994822840872	0.317905739934104
0.0295168446729192	0.28376117120322
0.0295342275116068	0.40695578652817
0.0295516308363006	0.450389687469499
0.0295690546832369	0.3548325763561
0.0295864990887371	0.32519301656349
0.0296039640892087	0.4920032543755
0.029621449721145	0.47176893976794
0.0296389560211256	0.326696094828651
0.0296564830258167	0.222412509876533
0.0296740307719712	0.354734774094724
0.0296915992964292	0.181268420218522
0.0297091886361178	0.214555309913306
0.029726798828052	0.407386557988488
0.0297444299093343	0.358428225408317
0.0297620819171556	0.357276130736702
0.0297797548887948	0.192702380736193
0.0297974488616196	0.574730426020973
0.0298151638730865	0.425375083813913
0.0298328999607412	0.617948163623346
0.0298506571622187	0.597758364526074
0.0298684355152437	1.08261438065824
0.0298862350576309	0.646609394492234
0.029904055827285	0.915397665333829
0.0299218978622014	0.588488389949575
0.029939761200466	0.997708814259746
0.0299576458802558	0.543997900632289
0.0299755519398392	0.526604720596692
0.0299934794175759	0.442205618671695
0.0300114283519177	0.815604841098256
0.0300293987814083	0.466194062852068
0.0300473907446838	0.690022287465722
0.030065404280473	0.521117182801118
0.0300834394275977	0.667241851252293
0.0301014962249726	0.619188755781975
0.0301195747116064	0.321842290513477
0.030137674926601	0.83079121026855
0.0301557969091527	0.51692800460582
0.0301739406985522	0.878182210878042
0.0301921063341844	0.514025156957793
0.0302102938555296	0.987886250337861
0.030228503302163	0.748763376861512
0.0302467347137553	0.905459155131666
0.0302649881300729	0.545725896752103
0.0302832635909786	1.29427053962841
0.030301561136431	0.656675120676215
0.0303198808064859	0.943893987376118
0.0303382226412955	0.566284015731958
0.0303565866811096	0.906721388606921
0.0303749729662753	0.922900207496955
0.0303933815372377	0.543048402298861
0.0304118124345399	0.502434339263361
0.0304302656988232	0.57042723355906
0.030448741370828	0.49512527170961
0.0304672394913934	0.355341353865516
0.0304857601014579	0.555727174707229
0.0305043032420596	0.34987661582428
0.0305228689543366	0.778457076875128
0.0305414572795271	0.36393555655261
0.0305600682589698	0.725264753406315
0.0305787019341042	0.34829213504693
0.0305973583464711	0.489873857372025
0.0306160375377126	0.538625028818038
0.0306347395495726	0.551256748307458
0.030653464423897	0.401103907420539
0.0306722122026342	0.467097694386398
0.0306909829278351	0.270023942884789
0.0307097766416538	0.537590608009967
0.0307285933863476	0.365987418258489
0.0307474332042774	0.177413876780054
0.0307662961379081	0.41461822775279
0.030785182229809	0.390578083601101
0.0308040915226537	0.403778542584251
0.0308230240592209	0.441651740487996
0.0308419798823946	0.460457691148865
0.0308609590351643	0.701568519566224
0.0308799615606251	0.469112190945958
0.0308989875019788	0.453691239489063
0.0309180369025334	0.394494531680794
0.0309371098057039	0.40357556541541
0.0309562062550123	0.394085750160536
0.0309753262940885	0.332609445759034
0.0309944699666698	0.28746451417937
0.0310136373166021	0.656178704641989
0.0310328283878396	0.431126228435428
0.0310520432244455	0.406988993378493
0.0310712818705919	0.671889430136519
0.0310905443705608	0.386464414846478
0.0311098307687439	0.555052280001423
0.0311291411096431	0.330493671148343
0.031148475437871	0.382387622735148
0.0311678337981509	0.498332718255075
0.0311872162353176	0.402176459827325
0.0312066227943172	0.240508031157459
0.031226053520208	0.716694534781894
0.0312455084581604	0.283386664537506
0.0312649876534577	0.60152689831826
0.0312844911514958	0.171863162716806
0.0313040189977843	0.558968225078158
0.0313235712379464	0.478302516545852
0.0313431479177193	0.328101376522042
0.0313627490829545	0.208080750238
0.0313823747796186	0.56750243549655
0.031402025053793	0.252450859274224
0.0314216999516747	0.30402930285198
0.0314413995195767	0.274915101759521
0.031461123803928	0.29719822041515
0.0314808728512743	0.668173278504992
0.0315006467082782	0.203512794728985
0.0315204454217196	0.35297441386699
0.0315402690384962	0.261927063810607
0.0315601176056235	0.301828352698162
0.0315799911702358	0.307810325610384
0.0315998897795857	0.475229282694699
0.0316198134810455	0.346964095656561
0.0316397623221067	0.738124127267047
0.0316597363503809	0.37966990305185
0.0316797356135998	0.584702591507258
0.0316997601596159	0.248425940724229
0.0317198100364029	0.229728436460548
0.0317398852920558	0.351913963245044
0.0317599859747915	0.326452173833187
0.0317801121329489	0.33857614535769
0.0318002638149899	0.270635506401474
0.031820441069499	0.385850753611391
0.0318406439451844	0.67662649534345
0.0318608724908779	0.541076826147035
0.0318811267555355	0.564685249993745
0.0319014067882378	0.958468297396559
0.0319217126381904	0.746519055163321
0.0319420443547241	0.662391259058815
0.0319624019872956	0.726586634767079
0.0319827855854878	0.551994415431488
0.03200319519901	0.778624663376287
0.0320236308776986	0.365552848117208
0.0320440926715173	0.502659061020987
0.0320645806305577	0.575441832928905
0.0320850948050394	0.539876148252358
0.0321056352453108	0.376163014142485
0.0321262020018492	0.320996065850233
0.0321467951252613	0.365022479220403
0.0321674146662837	0.903328239602546
0.0321880606757832	0.372116865687691
0.0322087332047574	0.379757282864078
0.0322294323043348	0.613377754210254
0.0322501580257756	0.418242371540517
0.0322709104204719	0.559080505041529
0.032291689539948	0.317097450548402
0.0323124954358613	0.605744127627572
0.0323333281600021	0.988109004059239
0.0323541877642946	1.0260953590558
0.0323750743007968	0.617274034966126
0.0323959878217015	0.962183721151061
0.0324169283793364	0.860046032673292
0.0324378960261644	0.908362599185191
0.0324588908147844	0.415071273692624
0.0324799127979314	0.811064316933342
0.0325009620284773	0.650720672328929
0.0325220385594311	0.566469122585879
0.0325431424439392	0.460045243878639
0.0325642737352863	0.665961622833564
0.0325854324868954	0.580723217970754
0.0326066187523286	0.797541173472246
0.0326278325852872	0.43677986555378
0.0326490740396124	0.447097243392582
0.0326703431692859	0.455632544979488
0.0326916400284299	0.438798906235883
0.032712964671308	0.50535610395068
0.0327343171523252	0.0979000305158764
0.032755697526029	0.340907759706556
0.0327771058471092	0.199734085646915
0.0327985421703989	0.354092737577903
0.0328200065508746	0.302929595650199
0.0328414990436568	0.387419702824335
0.0328630197040106	0.640021258803031
0.032884568587346	1.00965002158407
0.0329061457492183	0.400867047640479
0.0329277512453288	0.766993054601008
0.0329493851315253	0.761926410095041
0.0329710474638024	0.640657332118614
0.0329927382983018	0.554693431949288
0.0330144576913135	0.434952771857444
0.0330362056992753	0.638488100623542
0.0330579823787744	0.657610086557568
0.0330797877865467	0.357983409988396
0.0331016219794783	0.616968188224288
0.0331234850146054	0.593022729485225
0.0331453769491152	0.488252300389946
0.0331672978403458	0.552820201627189
0.0331892477457876	0.26391740377508
0.0332112267230828	0.524459500842638
0.0332332348300266	0.68713744146217
0.0332552721245675	0.192821539310088
0.033277338664808	0.452834398167454
0.0332994345090044	0.112061249871857
0.0333215597155684	0.185536348296924
0.0333437143430668	0.230592500503394
0.033365898450222	0.235382550210471
0.0333881120959133	0.407321621541012
0.0334103553391765	0.450157031795806
0.033432628239205	0.344169691912101
0.0334549308553502	0.831267331723228
0.0334772632471217	0.588283217297466
0.0334996254741885	0.753750209716672
0.0335220175963788	0.877895429119024
0.033544439673681	0.613428707171064
0.0335668917662441	0.860667563485809
0.0335893739343784	0.360807751402202
0.0336118862385556	0.24866225178071
0.0336344287394098	0.260404207812145
0.0336570014977378	0.387530435060741
0.0336796045744999	0.129086813808689
0.0337022380308199	0.398249435628924
0.0337249019279865	0.139655447496509
0.0337475963274529	0.666884955158236
0.033770321290838	0.263540719970168
0.033793076879927	0.689631355887597
0.0338158631566715	0.859886184070657
0.0338386801831904	0.565665107913996
0.0338615280217702	0.779079542139192
0.033884406734866	0.583286162299924
0.0339073163851016	0.576111319412511
0.0339302570352704	0.563661899220298
0.0339532287483359	0.385470122822602
0.033976231587432	0.384590789058918
0.033999265615864	0.912993140927144
0.0340223308971089	0.195536620888728
0.0340454274948161	0.687632708306372
0.0340685554728081	0.373468823356598
0.0340917148950806	0.638506933385321
0.0341149058258037	0.552493878397223
0.0341381283293222	0.232010102080516
0.0341613824701562	0.659412453118276
0.0341846683130016	0.375064504514107
0.0342079859227309	0.451995033603179
0.0342313353643938	0.308983348638652
0.0342547167032177	0.701903299418794
0.0342781300046082	0.324780127140968
0.0343015753341501	0.881732262725271
0.0343250527576074	0.280780404470821
0.0343485623409245	0.845891228371024
0.0343721041502266	0.792563436362198
0.0343956782518203	0.527429475839115
0.0344192847121941	0.557259118555364
0.0344429235980193	0.423836287997809
0.0344665949761504	0.559051335886227
0.0344902989136258	0.360848076685271
0.0345140354776686	0.36339646959705
0.0345378047356869	0.369024951987025
0.0345616067552747	0.614637892319715
0.0345854416042124	0.176214528372209
0.0346093093504676	0.690276047552935
0.0346332100621956	0.202065954074333
0.0346571438077401	0.578054274247943
0.0346811106556338	0.260110364646329
0.0347051106745992	0.581798481339112
0.0347291439335491	0.493512845830653
0.0347532105015874	0.563335003720832
0.0347773104480095	0.448408004552727
0.0348014438423034	0.891507152967676
0.0348256107541499	0.688850984438996
0.0348498112534235	0.741169822844002
0.0348740454101933	0.827765859321585
0.0348983132947231	0.829847762053601
0.0349226149774727	1.09849843330238
0.0349469505290981	0.615725012665818
0.0349713200204525	1.06445368181026
0.0349957235225868	0.920624659015624
0.0350201611067504	0.960917131326586
0.0350446328443919	0.798212368018803
0.0350691388071596	1.20357092101524
0.0350936790669024	0.96429006019919
0.0351182536956707	1.11773816614396
0.0351428627657164	0.55839965574083
0.0351675063494945	1.13857432708587
0.0351921845196631	1.176337990017
0.0352168973490845	0.587517220665868
0.0352416449108258	1.16134265832317
0.0352664272781596	0.792977987525852
0.0352912445245647	1.16392094083288
0.035316096723727	0.991091454446471
0.03534098394954	0.643195312091874
0.0353659062761057	1.1456646758824
0.0353908637777353	1.07202647953666
0.0354158565289498	0.932314232629656
0.035440884604481	0.686097982103185
0.0354659480792719	1.25688591265434
0.0354910470284779	0.813686157163173
0.035516181527467	1.24728937594796
0.0355413516518211	0.471261275580709
0.0355665574773365	1.40796635131599
0.0355917990800244	1.16295327141416
0.0356170765361123	0.88373354356963
0.0356423899220442	0.984157709755943
0.0356677393144816	1.12410852821601
0.0356931247903041	1.04812104155679
0.0357185464266107	0.748508383853598
0.0357440043007198	0.443972410371158
0.0357694984901707	0.62043173000894
0.0357950290727239	0.898361211287369
0.035820596126362	0.101441971571635
0.0358461997292907	0.545674706417978
0.0358718399599396	0.290407706314185
0.0358975168969624	0.695985749312759
0.0359232306192387	0.191962416230835
0.0359489812058739	0.709249018694819
0.0359747687362004	0.580504291945917
0.0360005932897787	0.958836394785282
0.0360264549463975	0.614350773643224
0.0360523537860752	0.875346203456465
0.0360782898890605	0.743736012179783
0.036104263335833	0.771436934761596
0.0361302742071043	0.628275968122963
0.0361563225838188	0.604254682374887
0.0361824085471545	0.822399210026941
0.0362085321785238	0.559979897215327
0.0362346935595743	0.56312094263862
0.03626089277219	0.545228242476431
0.0362871298984916	0.851834706991125
0.0363134050208379	0.51973439977422
0.0363397182218261	0.75986343369353
0.0363660695842934	0.41932155301077
0.0363924591913171	0.77193428339277
0.036418887126216	0.321431148040095
0.036445353472551	0.578169055632818
0.0364718583141261	0.650209931739294
0.0364984017349893	0.456309887415813
0.0365249838194334	0.525648594762405
0.0365516046519971	0.281853532059379
0.0365782643174655	0.795114373559336
0.0366049629008713	0.48628190437655
0.0366317004874959	0.582054814352082
0.0366584771628697	0.543597197069261
0.0366852930127736	1.18749119355785
0.0367121481232395	0.645149343700541
0.0367390425805516	0.595885662267459
0.0367659764712469	0.832040030637673
0.0367929498821166	0.66405498798743
0.0368199629002066	1.03792558054267
0.0368470156128187	0.540068762231583
0.0368741081075114	0.897334457500564
0.0369012404721009	0.853946609249763
0.0369284127946623	0.833570145838629
0.0369556251635299	0.492226427651885
0.0369828776672988	1.00718853296272
0.0370101703948257	0.63864842744915
0.0370375034352297	0.69929777749748
0.0370648768778932	0.672450174188838
0.0370922908124633	0.548664843830885
0.0371197453288525	0.901437030113122
0.0371472405172394	0.530517194633048
0.0371747764680703	0.464003329806673
0.0372023532720598	0.382265045842239
0.0372299710201918	0.820744080666358
0.0372576298037206	0.249625816000984
0.0372853297141719	0.53479358844439
0.0373130708433438	0.255184925786408
0.0373408532833078	0.512241530599596
0.0373686771264097	0.494319601127246
0.037396542465271	0.237607238890964
0.0374244493927895	0.474758935269124
0.0374523980021405	0.438858196861126
0.0374803883867778	0.436322044371459
0.037508420640435	0.306891981256833
0.0375364948571261	0.648538538850932
0.0375646111311468	0.251769836121846
0.0375927695570757	0.390051419521539
0.0376209702297751	0.285402883926136
0.037649213244392	0.452050753409518
0.0376774986963598	0.252297935194813
0.0377058266813983	0.150917210158888
0.0377341972955158	0.301363510621379
0.0377626106350097	0.516108404387036
0.0377910667964676	0.438961333467781
0.0378195658767684	0.513457464319371
0.0378481079730836	0.588333325925079
0.0378766931828782	0.601666792496532
0.0379053216039118	0.462090432348747
0.0379339933342399	0.593219876846345
0.0379627084722148	0.722924115780286
0.0379914671164868	0.673799784956327
0.0380202693660056	0.545593460584848
0.0380491153200209	0.839239123945963
0.038078005078084	0.756178666396708
0.0381069387400486	0.7072922908179
0.0381359164060724	0.622741532474298
0.0381649381766178	0.623136681557511
0.0381940041524533	0.8620790089459
0.0382231144346546	0.796094111783769
0.0382522691246057	0.761651029728836
0.0382814683240002	0.627325685644497
0.0383107121348426	0.770008488091694
0.0383400006594492	0.754209405518736
0.0383693340004494	0.378915645007326
0.0383987122607868	0.629554179448892
0.0384281355437209	0.370742138637897
0.0384576039528276	0.420900802588629
0.0384871175920008	0.381764080315514
0.0385166765654537	0.359909001450328
0.0385462809777199	0.4100891668865
0.0385759309336544	0.864430260756869
0.0386056265384354	0.513312579225184
0.0386353678975649	0.700205780333809
0.0386651551168705	1.53298145261206
0.0386949883025062	0.796473089567821
0.0387248675609541	1.16064628462599
0.0387547929990253	1.01716052087461
0.0387847647238614	1.73977640333603
0.0388147828429356	1.47497062532725
0.0388448474640542	1.61382685800044
0.0388749586953576	0.929124570156586
0.0389051166453219	1.94026230503567
0.0389353214227601	1.3339902223729
0.0389655731368233	0.761074556927353
0.0389958718970022	1.07400768682754
0.039026217813128	0.991507884252081
0.0390566109953745	1.40548642085026
0.0390870515542587	0.861414705666184
0.0391175396006424	0.709665700438102
0.0391480752457336	1.19066369018367
0.039178658601088	0.80215866929426
0.0392092897786098	0.512348181096181
0.0392399688905538	0.60344741402067
0.0392706960495262	0.82203488244636
0.0393014713684863	0.675286814774083
0.0393322949607475	0.870898676165008
0.0393631669399794	0.380015148737414
0.0393940874202084	1.17453099273458
0.0394250565158197	0.821942594934532
0.0394560743415582	0.594019030819724
0.0394871410125304	0.983578340980649
0.0395182566442057	0.83717236281627
0.0395494213524174	1.19995505104948
0.0395806352533647	0.616553184877859
0.0396118984636141	0.752537289677876
0.0396432111001003	0.604067960192494
0.0396745732801283	0.79932893235313
0.0397059851213744	0.112261078602156
0.0397374467418882	0.58855534548812
0.0397689582600933	0.204063191172305
0.0398005197947897	0.613161205369498
0.0398321314651544	0.530721883938766
0.0398637933907437	0.516898253047795
0.039895505691494	0.707763323002955
0.0399272684877239	0.631912390944704
0.0399590819001354	0.234726347170679
0.0399909460498155	0.317042320098821
0.0400228610582376	0.239923776214032
0.0400548270472634	0.264859669051587
0.0400868441391442	0.217306704984337
0.0401189124565223	0.663706761219446
0.0401510321224329	0.831311388518434
0.0401832032603055	0.817790211707075
0.0402154259939656	0.756497181825756
0.0402477004476361	0.779306602386473
0.0402800267459389	0.758020940514457
0.0403124050138968	0.605618534487241
0.0403448353769349	0.618845803114065
0.040377317960882	0.621139825027902
0.0404098528919727	0.883912199758727
0.0404424402968487	0.287618822786658
0.0404750803025605	1.32613449226239
0.0405077730365691	0.671115536826783
0.0405405186267478	0.511377561125921
0.0405733172013836	0.979350870191494
0.0406061688891788	0.473333876966715
0.0406390738192532	1.46147419125298
0.0406720321211452	0.857453394524616
0.040705043924814	0.85621920369508
0.0407381093606409	1.61772340101305
0.0407712285594313	1.4475384619262
0.0408044016524162	1.06038693286923
0.0408376287712541	1.5432916622586
0.0408709100480326	1.42565618710291
0.0409042456152705	1.81546715009895
0.0409376356059191	2.07607355900571
0.0409710801533641	1.41151931377952
0.0410045793914276	2.88561288667043
0.0410381334543696	2.16746978247451
0.0410717424768901	2.3417974856283
0.0411054065941305	2.56177147316784
0.0411391259416757	1.9468926382689
0.041172900655556	2.59768571500228
0.0412067308722487	2.10359529952433
0.0412406167286799	1.53786110026921
0.0412745583622266	2.41229629838207
0.0413085559107185	2.1877684933395
0.0413426095124395	1.37935312080267
0.0413767193061301	2.06045342255129
0.041410885430989	1.26055619452911
0.0414451080266752	1.96766759749913
0.0414793872333094	1.92180494651112
0.0415137231914765	0.693566237397478
0.0415481160422273	2.01750521082972
0.0415825659270803	0.873562328407076
0.0416170729880237	1.09929974282991
0.0416516373675177	0.914760434754308
0.0416862592084958	1.22824082989325
0.0417209386543673	0.852609890712202
0.0417556758490193	1.83629161207657
0.0417904709368181	0.466265660000179
0.0418253240626119	1.9168064452372
0.0418602353717325	0.986283389123732
0.0418952050099973	0.469040682875491
0.0419302331237112	1.24698406909016
0.0419653198596691	0.728267135535575
0.0420004653651573	0.882460988002769
0.0420356697879564	0.648639622963005
0.0420709332763423	1.31748469979182
0.0421062559790894	0.988913923010283
0.0421416380454719	1.33037033726978
0.0421770796252662	0.913624600411292
0.0422125808687529	1.30070151279751
0.0422481419267191	0.709550995063783
0.0422837629504606	0.787102510949951
0.0423194440917835	0.394969321340212
0.042355185503007	1.13451355408287
0.0423909873369653	0.558260341809554
0.0424268497470098	0.399724914857768
0.042462772887011	1.01277400652104
0.0424987569113614	1.56519484239793
0.042534801974977	0.787113003904464
0.0425709082332999	0.975503847642338
0.0426070758423004	0.744236574745687
0.0426433049584793	1.49303103482116
0.0426795957388702	0.783031777801907
0.0427159483410418	0.588487316556751
0.0427523629230998	0.977607502231858
0.0427888396436898	1.22151123240364
0.0428253786619992	0.64435715046496
0.0428619801377595	1.24494670893345
0.0428986442312488	0.869576028792525
0.0429353711032941	1.84670486512555
0.0429721609152737	1.91703054547614
0.0430090138291194	1.22775254364232
0.0430459300073189	2.52982628433039
0.0430829096129183	1.74144330185692
0.0431199528095247	1.7951665098062
0.043157059761308	2.40403744501828
0.0431942306330039	1.36216583494211
0.043231465589916	2.42326406554331
0.0432687647979186	2.93528666696116
0.0433061284234588	1.3024158770672
0.043343556633559	3.05894383228298
0.0433810495958198	2.29471507599261
0.043418607478422	2.22116282491568
0.0434562304501294	2.54456186640816
0.0434939186802912	2.20946538784679
0.0435316723388446	1.54083323760283
0.0435694915963175	3.73092274988249
0.0436073766238307	0.622680179209697
0.0436453275931009	3.2763109294943
0.0436833446764429	2.03309874812098
0.0437214280467725	1.60203350189256
0.043759577877609	1.54593907034876
0.0437977943430779	1.40133069471048
0.0438360776179135	1.21413491177049
0.0438744278774615	1.20736811624464
0.0439128452976818	1.01289046547772
0.0439513300551512	0.752897809077484
0.0439898823270658	2.39773130280091
0.0440285022912443	0.477960018889589
0.0440671901261301	1.45836944867662
0.0441059460107946	0.660024992489929
0.0441447701249395	1.49732397316835
0.0441836626489	1.09321924092059
0.044222623763647	0.652317908966763
0.0442616536507907	0.780283735698766
0.0443007524925828	0.938770879621301
0.0443399204719196	0.769185051248798
0.0443791577723448	0.616325445599935
0.0444184645780522	0.816574565635704
0.044457841073889	0.389217839866464
0.0444972874453583	0.80515382710508
0.0445368038786222	0.614001806599075
0.0445763905605045	0.454919334041297
0.0446160476784942	0.811854258084159
0.0446557754207477	0.866077320388844
0.0446955739760924	1.20605878148328
0.0447354435340295	1.19711539520715
0.0447753842847366	0.975614547581846
0.0448153964190716	0.594524844470021
0.0448554801285747	1.11363203815515
0.0448956356054725	0.538842002557703
0.0449358630426802	0.312551133580023
0.0449761626338051	0.818514559476315
0.0450165345731497	0.651253950723339
0.0450569790557148	0.773670948155352
0.0450974962772027	0.916137531181887
0.0451380864340199	0.965622809604261
0.0451787497232811	1.32865661218967
0.0452194863428117	1.17371509377672
0.0452602964911512	0.609497014869427
0.0453011803675566	0.943648180668818
0.0453421381720055	0.75745105571493
0.0453831701051992	0.454522297791442
0.0454242763685663	0.796338390141753
0.0454654571642658	0.833145954458485
0.0455067126951906	0.672266700119687
0.0455480431649705	1.6604303585516
0.0455894487779758	0.469733263132271
0.0456309297393206	1.71403046593797
0.0456724862548662	1.24155580191278
0.0457141185312246	1.07048773625886
0.0457558267757617	1.33542616943432
0.0457976111966009	1.40739006696825
0.0458394720026266	1.32954401208102
0.0458814094034876	1.78132105937014
0.0459234236096004	1.50917153418901
0.0459655148321533	0.893156354533034
0.0460076832831092	2.98322013363468
0.0460499291752099	0.908997421150029
0.0460922527219789	2.45548581877338
0.0461346541377258	1.57925465904794
0.0461771336375492	2.55292133857269
0.0462196914373409	2.69884185103636
0.0462623277537891	2.39536838806572
0.0463050428043825	1.99070250665432
0.0463478368074136	2.97487075343171
0.0463907099819828	2.38675808939332
0.0464336625480017	1.94905679532787
0.0464766947261974	2.47709696246553
0.0465198067381158	1.59571227135274
0.0465629988061256	3.24124045380318
0.0466062711534222	1.51540941986074
0.0466496240040314	2.10892729415132
0.0466930575828134	1.86568469618359
0.0467365721154664	2.11387502374482
0.046780167828531	1.23854774279392
0.0468238449493937	1.95293519036111
0.046867603706291	1.20693247051461
0.0469114443283134	2.34754580616146
0.0469553670454095	1.28573541246739
0.0469993720883898	1.11035055917172
0.0470434596889307	2.04546552444379
0.047087630079579	1.07820390327301
0.0471318834937554	1.23374459990501
0.0471762201657593	0.947940985867556
0.047220640330772	1.02858996577866
0.047265144224862	1.33992343899741
0.0473097320849881	1.30774581709902
0.0473544041490043	0.726644331914044
0.047399160655664	1.72020026232911
0.0474440018446237	1.26746103795301
0.0474889279564478	1.22113911801095
0.0475339392326129	1.17232212214458
0.0475790359155119	0.81356755975379
0.0476242182484583	1.29818301756961
0.0476694864756909	1.18296013837098
0.0477148408423777	1.06694302016225
0.0477602815946211	1.30359270852484
0.0478058089794616	1.27573141120963
0.0478514232448824	1.11700893071286
0.0478971246398145	1.39645397840011
0.0479429134141404	0.588722894406386
0.0479887898186992	0.89110144725331
0.0480347541052911	0.596601283798202
0.0480808065266818	0.730068252608977
0.0481269473366074	0.822837493946652
0.0481731767897789	0.65386540874059
0.0482194951418867	1.18573056427815
0.0482659026496058	0.544609596716751
0.0483123995706002	0.77534351848483
0.0483589861635277	0.555406873368868
0.0484056626880447	1.02648107595644
0.0484524294048112	1.26369875148972
0.0484992865754953	1.54563466632547
0.0485462344627785	1.13697642776476
0.0485932733303602	2.05674420914973
0.0486404034429631	2.28498644344723
0.0486876250663377	2.55512473527258
0.0487349384672675	2.50200032006386
0.0487823439135741	2.76495275708931
0.0488298416741222	4.30041400970987
0.0488774320188245	3.33509742304633
0.0489251152186471	3.05772789825095
0.0489728915456146	3.40944971953319
0.0490207612728151	4.31688756881427
0.0490687246744053	3.62779885879417
0.0491167820256162	3.82829439737236
0.0491649336027579	3.13471473331234
0.0492131796832254	5.65815559980317
0.0492615205455031	3.8941765084685
0.0493099564691712	3.55567158431246
0.0493584877349102	5.02614416561193
0.0494071146245067	4.22811866641627
0.0494558374208591	4.9730363961402
0.0495046564079825	3.92046128257895
0.0495535718710148	5.03992057222127
0.0496025840962218	4.80745425912082
0.0496516933710032	5.08860850196443
0.0497008999838977	2.77971328629126
0.0497502042245891	5.18016708521571
0.0497996063839119	3.89313380281237
0.0498491067538568	3.82864677720224
0.0498987056275768	3.70632527153555
0.0499484032993925	3.39316214124041
0.0499982000647984	4.43089198692548
0.0500480962204686	3.15860922088937
0.0500980920642626	3.36591221645618
0.0501481878952311	3.45775153758843
0.0501983840136226	3.62598342121097
0.0502486807208884	2.60201722322084
0.0502990783196896	2.79211320665183
0.0503495771139025	2.077895236564
0.0504001774086252	3.02413173338012
0.0504508795101832	1.70799943842218
0.0505016837261361	1.72913141566374
0.0505525903652836	1.3698042388736
0.0506035997376716	1.57162219262468
0.0506547121545989	0.996507914436017
0.050705927928623	0.659553010283593
0.0507572473735669	1.11741951233835
0.0508086708045255	0.821968719668817
0.0508601985378717	0.898761335402509
0.0509118308912632	0.719125260898512
0.0509635681836489	0.90300711265859
0.0510154107352756	0.67742023481863
0.0510673588676943	0.626394257472219
0.0511194129037674	0.405127259316925
0.0511715731676746	0.646021033812921
0.0512238399849204	0.255442111018812
0.0512762136823404	0.437774599772953
0.0513286945881084	0.72588171558108
0.051381283031743	1.11187667100601
0.0514339793441145	0.962472131894867
0.0514867838574523	0.903512231148959
0.0515396969053511	1.59766205652639
0.0515927188227786	2.01240752550206
0.0516458499460824	1.91325506071651
0.0516990906129968	1.96600094660005
0.0517524411626503	3.42079408732658
0.0518059019355727	2.42517665487018
0.0518594732737025	3.03796065328393
0.0519131555203937	3.27162435522665
0.0519669490204236	4.10782624047515
0.0520208541200002	4.48268797637052
0.0520748711667693	2.91384431211187
0.0521290005098222	5.27781440397011
0.0521832424997032	4.68738113671586
0.0522375974884169	5.61073959913176
0.0522920658294364	3.92699849512081
0.0523466478777104	6.20183954893389
0.0524013439896712	6.61245688836003
0.0524561545232423	6.36004076041079
0.0525110798378464	5.1000138981607
0.0525661202944129	6.67245439004114
0.0526212762553864	7.99562141780857
0.052676548084734	5.4718876537519
0.0527319361479537	6.96914142267427
0.0527874408120826	5.58401843763604
0.0528430624457043	8.44840165821788
0.052898801418958	5.70461085608364
0.052954658103546	6.002821919675
0.0530106328727422	6.07532032609001
0.0530667261014004	7.30859311760392
0.053122938165963	4.62114907849981
0.0531792694444686	5.96972370649379
0.0532357203165614	4.74837647873193
0.0532922911634992	5.72104650805995
0.0533489823681619	5.74576116702685
0.0534057943150605	3.59012860793301
0.0534627273903458	6.00204406839867
0.0535197819818166	3.74028147827983
0.0535769584789292	3.7418192986752
0.0536342572728058	2.57065094077314
0.0536916787562435	3.48825815829921
0.0537492233237235	1.95309736424272
0.0538068913714198	2.42323186995145
0.0538646832972086	1.20551380568518
0.0539225995006772	1.52425801915247
0.0539806403831335	2.02762716471464
0.0540388063476148	0.732288875876814
0.0540970977988978	1.11060104911164
0.0541555151435072	0.779806221779138
0.0542140587897258	0.964612607574842
0.0542727291476038	0.474386549348049
0.0543315266289683	0.329996726569961
0.0543904516474329	0.790782045245682
0.0544495046184074	0.825548719080112
0.054508685959108	0.867196906785413
0.0545679960885665	0.51932685271305
0.0546274354276404	0.626717451507176
0.0546870043990231	0.655370245022631
0.0547467034272536	0.938413532001267
0.0548065329387267	1.41593368448002
0.0548664933617034	2.11142652373288
0.0549265851263206	1.56525429929263
0.0549868086646018	2.78030968875244
0.0550471644104673	2.29084582572603
0.0551076527997447	2.67948945111293
0.0551682742701793	2.33179622695663
0.0552290292614447	2.2050052978544
0.0552899182151534	3.25249427754323
0.0553509415748675	3.03805591298851
0.0554120997861097	1.84724063333828
0.0554733932963736	4.08604261924753
0.0555348225551354	4.36406867325942
0.0555963880138639	3.36551666014605
0.0556580901260326	4.74186470475195
0.05571992934713	2.98714454672025
0.0557819061346713	5.90006223219649
0.0558440209482095	4.27298991578885
0.0559062742493468	3.55946706896863
0.055968666501746	4.73262903731148
0.056031198171142	6.59906844667971
0.0560938697253535	3.35561673311706
0.0561566816342945	5.77148775037323
0.0562196343699862	3.32557617732571
0.0562827284065687	5.85011796350363
0.056345964220313	6.13951958183297
0.056409342289633	3.20007275186359
0.0564728630950972	6.38251934364266
0.0565365271194416	5.65524570224212
0.0566003348475813	5.30297298557358
0.0566642867666228	4.32469340507201
0.0567283833658768	5.73804002591874
0.0567926251368705	3.81677479233536
0.05685701257336	6.06203378065049
0.0569215461713432	2.51046336250348
0.0569862264290724	3.70397020383441
0.0570510538470669	4.90863373324588
0.0571160289281266	2.51303948820811
0.0571811521773442	3.03535453526918
0.0572464241021187	1.92702884776277
0.0573118452121687	2.98639407625121
0.0573774160195453	2.49630779631978
0.0574431370386457	2.06540278135636
0.0575090087862266	1.00562923497663
0.0575750317814178	3.38812875692671
0.0576412065457356	1.57896549259974
0.057707533603097	1.31829481118239
0.057774013479833	1.36543648897945
0.0578406467047029	1.5237088784781
0.057907433808908	2.3343169349773
0.0579743753261061	1.65804610486492
0.0580414717924253	0.719419052708642
0.0581087237464788	2.17311903162798
0.0581761317293788	2.37608985006611
0.0582436962847513	0.961946312102535
0.0583114179587507	1.70364599423891
0.0583792973000744	1.60727836926091
0.0584473348599779	2.25504613625793
0.0585155311922892	2.45936813937835
0.0585838868534244	0.978329191474126
0.0586524024024025	1.36338241443127
0.0587210784008608	2.72278144393563
0.0587899154130698	1.03582469106442
0.0588589140059496	1.52715354315013
0.0589280747490844	0.913329539981308
0.0589973982147388	0.902358630037633
0.0590668849778737	2.09550315080794
0.0591365356161614	0.692731902017508
0.0592063507100027	0.633409875120997
0.059276330842542	1.47502741515196
0.0593464765996844	1.33801221033116
0.0594167885701113	0.567384426469426
0.0594872673452975	1.50275112057069
0.0595579135195273	0.209760041952176
0.0596287276899116	2.30664963453615
0.0596997104564043	1.84354593383142
0.0597708624218198	0.65780213220251
0.0598421841918493	1.69747695189508
0.0599136763750788	1.680725350124
0.0599853395830059	1.24120024233392
0.0600571744300574	1.15304869385237
0.0601291815336068	1.4619970690324
0.060201361513992	1.25575926111208
0.0602737149945332	4.01434997349041
0.0603462426015507	1.14467941354093
0.060418944964383	2.19555145447671
0.0604918227154053	3.2318400231312
0.0605648764900474	1.87388199694903
0.0606381069268122	2.08429053858125
0.0607115146672948	1.61876096375414
0.0607851003562006	1.92955740544389
0.0608588646413648	2.94643755347867
0.0609328081737706	2.21191795660705
0.0610069316075692	1.10934191669798
0.0610812356000986	4.33210076666921
0.0611557208119033	1.62395727152274
0.0612303879067534	2.83570129946119
0.0613052375516649	2.25940569265619
0.0613802704169193	2.85955046801715
0.0614554871760834	4.88347538096137
0.0615308885060299	3.14040309959138
0.0616064750869574	2.52225949474627
0.0616822476024109	6.00718642841779
0.0617582067393024	3.36743579155992
0.0618343531879318	3.72524684559234
0.0619106876420075	4.21008541722967
0.0619872107986679	2.7114968904042
0.0620639233585022	6.36519766009172
0.062140826025572	4.29748632309629
0.062217919507433	2.78149892651356
0.0622952045151563	5.61157513610518
0.0623726817633504	5.18919880080234
0.0624503519701835	2.83411196920228
0.0625282158574055	5.77202079175786
0.0626062741503701	2.9064610843045
0.0626845275780577	5.92319214079918
0.0627629768730981	5.09751198116658
0.062841622771793	1.98099428001015
0.0629204660141393	5.64450537763549
0.0629995073438524	4.81540977054569
0.0630787475083893	2.34016870190698
0.0631581872589724	4.4215245742534
0.0632378273506131	3.03718492648117
0.0633176685421358	4.49766242551803
0.063397711596202	4.45718693645963
0.0634779572793346	1.44969712392164
0.063558406361942	4.23458726178432
0.0636390596183436	3.50962404244484
0.0637199178267938	1.5221033395979
0.0638009817695073	2.33537958150602
0.0638822522326845	2.28572799839669
0.0639637300065369	2.02081029181613
0.0640454158853124	2.5412761897224
0.0641273106673214	0.586019852127651
0.0642094151549628	2.71998498442745
0.06429173015475	1.20398831198701
0.0643742564773375	0.439903232184672
0.0644569949375474	1.13946741697673
0.0645399463543964	0.972918677446628
0.0646231115511225	0.899641652605241
0.0647064913552126	1.28061021815669
0.0647900865984296	1.01032389427946
0.0648738981168403	2.83096178440816
0.0649579267508433	1.25445205579657
0.0650421733451968	2.31520105176578
0.0651266387490473	1.71015854752567
0.0652113238159578	1.61285647772447
0.0652962294039366	1.3680960843471
0.0653813563754666	0.983149652265634
0.0654667055975341	1.95430083948007
0.0655522779416583	1.79636883179947
0.0656380742839212	0.387016233377758
0.0657240955049975	4.62581615952717
0.0658103424901842	2.13964455410893
0.0658968161294317	3.1618338836672
0.0659835173173739	3.51898735338123
0.0660704469533593	2.54452989951168
0.0661576059414821	6.40342127834991
0.0662449951906132	4.77434187591303
0.0663326156144322	2.73268385147087
0.0664204681314592	7.00019782223225
0.0665085536650867	6.84888828835294
0.066596873143612	3.72492462169687
0.0666854275002699	8.52236136943984
0.0667742176732655	4.43688991089853
0.0668632446058075	10.4716390322825
0.0669525092461413	9.88911923517204
0.0670420125475829	5.20886819336525
0.0671317554685526	12.2925393577566
0.0672217389726096	10.917425123711
0.0673119640284862	7.57962200635437
0.0674024316101226	11.639259763935
0.0674931426967018	8.14503319491178
0.0675840982726854	13.7273093667173
0.0676752993278487	11.1202163631737
0.0677667468573169	7.27688419290859
0.0678584418616011	12.5802771854444
0.0679503853466351	14.0722898717634
0.0680425783238117	7.3066078388879
0.0681350218100203	11.3866718630343
0.0682277168276839	9.64386027130435
0.068320664404797	11.4441069747794
0.0684138655749636	12.3979491960979
0.0685073213774354	5.60535231278276
0.0686010328571505	13.0588445773393
0.0686950010647723	10.2547959487661
0.0687892270567289	7.69072148796173
0.0688837118952525	7.00864024908017
0.0689784566484194	8.43541918823522
0.0690734623901903	6.7746218655748
0.0691687302004508	8.33827916329914
0.0692642611650524	2.61783895833363
0.0693600563758536	9.04951234435504
0.0694561169307618	5.7548769647539
0.0695524439337747	3.30864807957505
0.0696490384950234	3.92580725919305
0.0697459017308141	3.53015438896806
0.0698430347636719	4.20795431787734
0.0699404387223838	2.76676479888744
0.0700381147420424	1.49887424264545
0.0701360639640901	3.08335195267533
0.0702342875363636	2.91475343083179
0.0703327866131385	1.00894939543697
0.0704315623551749	1.42626471000609
0.0705306159297626	0.788373058999279
0.0706299485107673	1.44044445157925
0.0707295612786771	1.2029801383816
0.0708294554206488	2.06390002997827
0.0709296321305557	2.86893888855565
0.0710300926090345	1.87760374792959
0.0711308380635338	3.59285489826826
0.0712318697083623	3.77545757538433
0.0713331887647372	2.68805082538874
0.0714347964608342	4.62719920394384
0.0715366940318365	2.21965349858102
0.0716388827199849	6.47012323177056
0.0717413637746286	6.17913086563853
0.0718441384522759	2.98037364779376
0.0719472080166455	9.07498906304939
0.0720505737387185	9.16888162027576
0.0721542368967904	6.27647134579919
0.072258198776524	10.0845680003731
0.0723624606710024	6.72236755969475
0.0724670238807828	14.1686723650887
0.0725718897139504	11.016121218094
0.072677059486173	8.31434238624259
0.0727825345207559	12.2913538651678
0.0728883161486978	17.9401144113216
0.0729944057087463	9.10243547524144
0.0731008045474546	14.5651693033146
0.0732075140192387	11.7666712031995
0.0733145354864344	18.1539017435591
0.0734218703193555	17.1925295816732
0.0735295198963526	10.7688685295665
0.0736374856038713	18.0943812556875
0.0737457688365128	16.9588604685144
0.0738543709970929	14.9117765289923
0.0739632934967032	12.2188608088264
0.0740725377547723	15.4088751916029
0.0741821051991268	13.4166660004026
0.0742919972660543	17.5751275915555
0.0744022154003655	6.34326142903395
0.0745127610554581	17.7604399697802
0.0746236356933802	11.0962002599041
0.074734840784895	10.9005339598942
0.0748463778095457	8.05940494392932
0.0749582482557213	9.07248630617872
0.0750704536207228	9.39567729386151
0.0751829954108297	9.01433874588321
0.0752958751413678	4.38858888222384
0.0754090943367768	7.16712234780853
0.0755226545306793	10.3685947822527
0.07563655726595	2.24875102943968
0.0757508040947852	6.80832094894392
0.0758653965787739	2.62300886270244
0.0759803362889682	5.66023321129376
0.0760956248059559	3.83720774345081
0.0762112637199325	2.07587030593697
0.0763272546307743	1.59296399924569
0.0764435991481123	4.15850779936219
0.0765602988914066	0.68632783071178
0.0766773554900217	1.59606714922718
0.0767947705833021	1.20458807047817
0.0769125458206489	0.646707872360162
0.0770306828615972	1.23367010811845
0.0771491833758937	1.03275889165342
0.0772680490435759	0.703944334490885
0.0773872815550508	0.913325028296616
0.0775068826111756	2.53768135249399
0.0776268539233386	2.47987683017823
0.0777471972135402	0.816569234812302
0.077867914214476	2.25985139575034
0.0779890066696196	1.52566266827194
0.0781104763333065	4.88948582087721
0.0782323249708191	2.49024699260831
0.0783545543584719	2.53544251070506
0.0784771662836979	3.22360936426952
0.0786001625451359	8.17028650190739
0.0787235449527184	2.59147609125537
0.0788473153277602	5.89552485550997
0.0789714755030481	4.58926039525548
0.0790960273229314	10.2081458246918
0.0792209726434135	6.75869026198661
0.0793463133322434	5.31349826093867
0.0794720512690095	7.47353684491191
0.079598188345233	9.37547205797868
0.0797247264644633	8.89683815718999
0.0798516675423731	6.04045546436595
0.0799790135068556	9.41094994315842
0.0801067662981219	9.49317744977047
0.0802349278687996	13.3916731696298
0.0803635001840322	4.37224316061967
0.0804924852215795	14.4244565806205
0.0806218849719192	8.25668630380583
0.0807517014383491	11.6211791247604
0.0808819366370906	5.64263919075233
0.0810125925973931	10.8935571488024
0.0811436713616392	9.71568625623654
0.0812751749854515	12.9995275278966
0.0814071055377995	5.32444217926622
0.0815394651011087	10.7368122771659
0.0816722557713697	14.2607112404518
0.0818054796582492	6.5781512904653
0.0819391388852014	9.7688643216328
0.082073235589581	6.89035426510065
0.0822077719227573	11.9653794731058
0.0823427500502288	7.89584906628585
0.0824781721517398	7.13719103567337
0.0826140404213974	5.27503733381816
0.0827503570677905	13.0715632912982
0.0828871243141088	5.62705114108299
0.0830243443982642	4.59492485690957
0.0831620195730127	4.50439127814675
0.0833001521060775	4.81060589337852
0.0834387442802738	4.38632069992567
0.0835777983936345	2.79644601017579
0.0837173167595368	1.8994499762759
0.0838573017068313	5.53849281682838
0.0839977555799706	5.20603365254045
0.0841386807391412	1.32487559962985
0.0842800795603948	3.42698330709044
0.0844219544357825	2.3769044040605
0.0845643077734892	4.71002383506282
0.0847071419979702	2.7600230265889
0.0848504595500887	1.66496902190939
0.0849942628872549	3.01925795967195
0.0851385544835663	4.95125203918875
0.0852833368299499	3.69261227778055
0.0854286124343051	1.47786014427344
0.085574383821649	2.93320276221897
0.0857206535342623	3.12573986953855
0.0858674241318372	4.29740253247733
0.0860146981916267	1.03583641504678
0.0861624783085958	3.68520873905296
0.0863107670955734	2.9726667443661
0.0864595671834064	5.76296496707426
0.0866088812211157	1.88310802076815
0.0867587118760528	3.9447560745706
0.0869090618340591	4.28590827493817
0.0870599337996261	3.78298376940666
0.0872113304960578	2.99273701208844
0.0873632546656344	3.14048271573728
0.0875157090697778	5.08308392629009
0.0876686964892191	3.67600742961545
0.0878222197241677	4.91112142671196
0.0879762815944819	3.27526205771958
0.0881308849398416	5.86921404528145
0.0882860326199231	3.16945144591154
0.0884417275145749	4.83833261642808
0.0885979725239965	1.35490786029167
0.0887547705689178	4.34575670761259
0.0889121245907817	4.40095359336197
0.0890700375519276	2.69478925256968
0.0892285124357775	2.59324044801615
0.089387552247024	3.28409069799948
0.08954716001182	5.31812221305408
0.0897073387779705	3.53865094648373
0.0898680916151271	3.78957460715574
0.0900294216149835	2.25853227020903
0.0901913318914743	8.45929802626677
0.0903538255809748	3.51516780969217
0.0905169058425039	3.61102379995619
0.0906805758579287	2.58713111574626
0.0908448388321712	6.69694918083789
0.0910096979934179	4.04448084468397
0.0911751565933312	4.23518525849051
0.0913412179072628	2.90085033803655
0.0915078852344704	7.09068450088964
0.0916751618983356	9.42323551183538
0.0918430512465855	2.61344733411592
0.0920115566515152	6.8977174090419
0.0921806815102143	6.11198363268557
0.0923504292447949	9.82981711150822
0.0925208033026223	4.04231569212527
0.0926918071565488	8.7206834641099
0.092863444305149	3.88860220362502
0.0930357182729591	14.3768673860269
0.0932086326107176	6.20192942181558
0.0933821908956096	5.87768635745472
0.0935563967315134	8.75741531562435
0.0937312537492499	7.62919971979429
0.0939067656068346	7.51494642303599
0.0940829359897334	5.38300259833933
0.0942597686111197	8.7166494575892
0.0944372672121361	7.64692706331883
0.0946154355621573	11.2658509025243
0.0947942774590581	3.00470116022693
0.0949737967294821	11.1000684617702
0.0951539972291153	6.4081109702661
0.0953348828429622	6.61293686181972
0.0955164574856245	3.98220478860463
0.0956987251015839	7.5013368598368
0.0958816896654877	6.2246717638929
0.0960653551824374	5.96662924889241
0.0962497256882815	2.46204222570402
0.0964348052499105	6.761014734244
0.0966205979655564	7.07416832525473
0.096807107965095	4.37044901961639
0.0969943394103517	2.89182288183033
0.0971822964954117	4.8670430768227
0.0973709834469325	6.8113143334897
0.097560404524461	3.91868672673516
0.0977505640207541	3.4610573985944
0.0979414662621028	5.13907316224621
0.0981331156086605	7.34673790813341
0.0983255164547749	3.35624170823638
0.0985186732293236	4.43559309856597
0.0987125903960544	5.18224031532547
0.0989072724539287	6.96077810238749
0.0991027239374699	6.10841576889726
0.0992989494171149	5.29157725496382
0.0994959534995709	5.53351426650955
0.0996937408281756	4.60716099633651
0.099892316083262	4.32387465175825
0.100091683982528	3.49270329159913
0.100291849281409	3.69896245089358
0.100492816773457	3.01355288743488
0.100694591290723	3.83350341263685
0.100897177704145	6.49239304981558
0.101100580923938	2.22067785314631
0.101304805899992	1.64994911711015
0.101509857622273	3.58390045975698
0.101715741121233	5.50971813428548
0.101922461468213	1.70019692570737
0.102130023775869	5.05117177338615
0.102338433198587	1.63236641314631
0.102547694932913	12.1578101283506
0.102757814217982	6.64038534885328
0.102968796335958	2.94090122611488
0.103180646612476	9.17427916647368
0.103393370417089	8.81575486202437
0.103606973163722	7.23700163184215
0.103821460311132	8.33968223048247
0.104036837363373	10.8686075172654
0.104253109870267	14.080416013304
0.104470283427879	19.3420738414847
0.104688363679	7.80117901860506
0.104907356313639	23.9838182086909
0.105127267069514	15.8397531490611
0.105348101732555	13.3267972290478
0.105569866137409	13.6460719264927
0.10579256616796	16.7729460371176
0.106016207757842	18.5732229192912
0.106240796890969	18.4176988680327
0.106466339602071	9.21743332045832
0.106692841977231	23.1816550435224
0.106920310154435	21.6517557026197
0.107148750324125	11.6124605811473
0.107378168729759	13.9720051886069
0.107608571668385	14.443160532377
0.107839965491211	17.7058898323253
0.108072356604193	12.6665999034642
0.108305751468626	6.59939565277547
0.108540156601738	18.9177513023349
0.108775578577302	15.8571452778945
0.10901202402625	9.25089131479719
0.109249499637291	10.5338089458846
0.109488012157549	10.9232834801781
0.109727568393193	19.6750554760558
0.109968175210094	12.5326213226285
0.110209839534473	7.66059252671244
0.110452568353572	17.4947925461332
0.11069636871632	18.7116713177714
0.110941247734025	7.23319258340869
0.111187212581055	14.1656757079491
0.111434270495548	6.21912817869919
0.111682428780115	17.2752960659006
0.111931694802563	9.01788636322343
0.112182075996625	5.78934013913639
0.112433579862696	11.2486274576407
0.112686213968583	14.4004578619605
0.112939985950265	6.5345499655739
0.113194903512664	11.0440565434679
0.113450974430419	7.33007982388122
0.113708206548683	9.10541741752922
0.113966607783919	5.8250917777586
0.114226186124716	4.10012354310163
0.114486949632611	8.87357438135373
0.114748906442921	3.27297168201758
0.115012064765594	2.09466854382653
0.11527643288606	4.74752984902661
0.11554201916611	2.4607984748738
0.115808832044767	3.55396767430387
0.116076880039187	1.2111887208216
0.116346171745565	5.8857306949219
0.116616715840048	8.71318466760161
0.116888521079676	2.08612377203556
0.117161596303317	9.4749151113583
0.117435950432634	8.15893478423244
0.11771159247305	3.74357623161473
0.117988531514736	6.1757699214471
0.118266776733613	6.31511386157125
0.11854633739236	12.5203300793829
0.118827222841444	10.5449194885575
0.119109442520165	3.40769422484925
0.119393005957711	19.8061777478224
0.11967792277423	17.1947347399606
0.119964202681919	9.13100601331841
0.12025185548613	14.2387891021994
0.120540891086483	16.6879403531823
0.120831319478008	23.7355999659582
0.121123150752296	19.4010202677297
0.121416395098663	10.2150846829532
0.121711062805342	35.020091020943
0.122007164260685	23.5541771219144
0.12230470995438	16.9546896125153
0.122603710478694	20.6248647774961
0.122904176529726	25.52029511939
0.123206118908689	28.2478825217557
0.123509548523196	30.9290175019399
0.123814476388579	13.7596296569031
0.124120913629221	55.5585137737312
0.124428871479907	34.2695815831946
0.1247383612872	19.0285877953797
0.125049394510831	33.4752533603632
0.125361982725118	21.7867570598069
0.125676137620397	34.2294725446024
0.125991871004482	25.2103434923574
0.126309194804145	14.1717799194272
0.126628121066614	34.6512550348919
0.126948661961103	40.629353126935
0.127270829780356	9.08271051164399
0.12759463694222	28.9041600827664
0.12792009599124	16.817427926064
0.128247219600279	21.4403443456255
0.128576020572163	20.710822351805
0.128906511841352	6.2587652371733
0.129238706475634	20.4650329185375
0.129572617677851	21.1736464619499
0.129908258787644	3.46614740817949
0.130245643283232	11.2404620051226
0.130584784783216	10.9617456379506
0.130925697048411	7.01158520933809
0.131268393983707	9.34347247037696
0.131612889639959	3.31480068697458
0.131959198215911	11.762733154718
0.132307334060141	11.2088165863485
0.132657311673047	3.39190478041261
0.133009145708859	8.52692016365311
0.133362850977683	9.55332230048412
0.133718442447582	10.6312683978113
0.134075935246686	4.55316964008777
0.134435344665336	15.1653887674247
0.134796686158267	13.0005517320989
0.13515997534682	14.2808318113382
0.135525228021196	17.6931523669525
0.135892460142741	19.0247320939953
0.136261687846275	13.673549576085
0.13663292744245	19.4597034225008
0.137006195420157	11.7029003886525
0.137381508448962	26.1189165088313
0.137758883381594	17.3157663680157
0.138138337256462	11.5899128599367
0.138519887300219	32.9465886125076
0.138903550930376	22.5355836283728
0.139289345757943	15.0420698790735
0.139677289590131	24.4957343501082
0.140067400433088	19.1651258172658
0.140459696494687	34.5961229603889
0.140854196187358	32.095553387494
0.141250918130967	9.2027035160208
0.141649881155749	66.7717173260649
0.142051104305284	31.1370891190129
0.14245460683953	21.3355500610165
0.142860408237902	32.0566755925651
0.143268528202409	32.3874024641871
0.143678986660842	38.6115271778044
0.144091803770018	44.5320424431101
0.144506999919076	20.8295896714207
0.14492459573284	75.0250608725802
0.14534461207523	79.2743572678613
0.145767070052738	29.7885859610916
0.146191991017964	65.1006951665457
0.146619396573211	32.991896153725
0.147049308574151	52.9565140797618
0.147481749133544	50.4559344108168
0.147916740625037	26.0929493544726
0.148354305687014	35.2178987455545
0.14879446722653	53.6646108007973
0.149237248423308	24.4166381999658
0.149682672733804	32.1808620258626
0.150130763895352	31.578493979425
0.150581545930383	13.8917515034063
0.151035043150711	40.7415850166339
0.151491280161913	7.63136747461328
0.151950281867772	17.4259704839486
0.152412073474812	13.8025067560102
0.15287668049691	11.2351285757181
0.153344128759998	2.40964241967076
0.153814444406845	12.7167934627862
0.154287653901934	4.25887314731358
0.154763784036425	8.20970324144454
0.155242861933208	12.4100757481993
0.155724915052058	6.54537742010699
0.156209971194881	20.4505819514638
0.156698058511055	14.7499914963342
0.157189205502879	14.9505426245598
0.157683441031123	12.479281281152
0.158180794320676	21.1188316978741
0.158681294966312	13.1877153483946
0.159184972938554	24.6006031169578
0.159691858589665	10.9612373796262
0.160201982659737	16.9880773338234
0.16071537628291	26.1449313480192
0.161232070993705	12.2667334165281
0.161752098733481	9.76580617427875
0.162275491857015	18.1285248991526
0.162802283139218	10.5330902364294
0.16333250578197	34.8531596797203
0.1638661934211	19.1487396454328
0.164403380133495	22.8688589039837
0.164944100444359	38.9522064580451
0.165488389334604	24.3038622369396
0.166036282248396	14.2706823403938
0.166587815100852	16.3583666040964
0.167143024285881	18.0819071523729
0.167701946684197	17.2605252420231
0.16826461967148	21.6104214555121
0.168831081126711	7.17327424090715
0.16940136944067	35.151176881611
0.169975523524612	36.2515331731723
0.170553582819114	14.3260672765263
0.171135587303108	28.9395634011529
0.171721577503099	8.33796328178567
0.17231159450257	26.5984808879754
0.172905679951586	13.282792068486
0.173503876076591	9.40608947771638
0.174106225690418	6.93170205783791
0.174712772202499	33.6611725692963
0.175323559629295	11.0360086725711
0.175938632604947	18.7530593138922
0.176558036392142	16.7415086472475
0.177181816893223	6.8109548282443
0.177810020661524	26.7052834635404
0.178442694912955	2.95464922291252
0.17907988753783	13.4036442539297
0.179721647112951	8.25201342566355
0.180368022913953	15.9646129243661
0.181019064927918	3.83345430953287
0.181674823866258	17.3514779228342
0.182335351177886	9.99288417632749
0.18300069906267	12.3228828533751
0.183670920485185	17.2918669506858
0.184346069188766	13.4918038981824
0.185026199709878	23.2124237711772
0.185711367392798	8.84194701785963
0.186401628404625	9.27362549511589
0.187097039750637	11.4995384279885
0.187797659289974	12.4219503526943
0.188503545751695	9.13160068077978
0.189214758751182	15.6708305317782
0.189931358806927	12.4935397113536
0.190653407357696	18.6613985712359
0.191380966780091	16.5304351395202
0.192114100406513	6.96712405862185
0.192852872543536	10.166509243717
0.193597348490715	6.39370004988022
0.194347594559822	5.763508370564
0.195103678094539	8.31525389689987
0.195865667490608	5.3854164027634
0.196633632216454	15.2438138640514
0.197407642834299	15.8303382529204
0.198187771021776	6.49174565481616
0.198974089594053	8.49807177946875
0.199766672526489	9.2014109913317
0.200565594977837	13.8874166536172
0.201370933314001	15.6901732781455
0.202182765132369	15.4567419175051
0.203001169286735	25.0677473147841
0.203826225912835	30.2139451656089
0.204658016454504	19.1715541016685
0.205496623690472	24.190750774641
0.206342131761831	18.1570885713841
0.207194626200174	19.8605165719316
0.208054193956441	19.6654137787138
0.208920923430481	34.5107123731421
0.209794904501359	25.8418820222912
0.210676228558426	26.4369827073142
0.211564988533177	22.3747577051307
0.212461278931914	53.363963543376
0.213365195869249	37.7864731570244
0.214276837102462	28.8181566659498
0.215196302066745	25.5007407665823
0.216123691911354	33.6870338807921
0.217059109536709	35.4753045307032
0.218002659632447	13.501091999975
0.218954448716489	16.3910329879555
0.219914585175117	30.1834393094767
0.220883179304129	38.7872393985219
0.221860343351067	20.3324529691893
0.222846191558586	32.7375249696753
0.223840840208977	19.7051343609004
0.224844407669892	39.6990742103098
0.225857014441297	13.6739834432026
0.226878783203709	21.5570038931441
0.227909838867743	10.7960123753855
0.228950308625015	10.9851724638869
0.23000032200045	2.32263285413777
0.231060010906032	6.50382918600668
0.232129509696049	1.30210650503437
0.23320895522388	9.98331497905907
0.234298486900371	12.242804466612
0.235398246753858	15.9827722098154
0.236508379491885	16.1986769885475
0.237629032564682	16.8604673478408
0.238760356230451	22.0096330618009
0.239902503622527	15.9520139966756
0.24105563081848	17.8507984196879
0.242219896911211	26.4083415034295
0.243395464082131	35.3918761426184
0.244582497676466	33.6895880606569
0.24578116628079	38.2930595198305
0.246991641802841	36.0072889400308
0.24821409955371	57.7368533036316
0.249448718332485	32.1126524839403
0.250695680513424	26.6449014495322
0.251955172135773	39.9928806277934
0.253227382996287	34.2737311417378
0.254512506744581	64.1712678299778
0.255810740981392	46.0528980339375
0.257122287359868	33.5346722815234
0.258447351689987	68.4257029850878
0.259786144046221	13.8825889892455
0.261138878878565	58.0972354229181
0.262505775127052	23.7030349634503
0.263887056339886	60.3375437070113
0.265282950795318	24.0405875870655
0.266693691627418	97.0140091022267
0.268119516955878	6.39249868776332
0.269560670020001	136.955013191358
0.271017399317036	40.5901837282052
0.27248995874502	72.1879875328431
0.273978607750306	52.1408017171716
0.275483611479952	38.6282602055261
0.277005240939158	123.147397424634
0.278543773153951	27.8650613864176
0.280099491339323	46.9430371595008
0.281672685073037	61.4384468097137
0.283263650475316	186.460879552941
0.284872690394662	37.0886459034965
0.286500114600045	111.062405627823
0.288146239979714	50.2315470032832
0.289811390746901	150.739923906562
0.291495898652705	70.7228715362992
0.293200103206436	39.7532282112566
0.294924351903736	72.5780204990026
0.296669000462803	38.0233799805259
0.298434413069039	32.8352015216924
0.300220962628494	36.6129372361818
0.302029031030462	47.5103761887522
0.303859009419629	17.3598812760839
0.305711298478169	20.8337093583023
0.307586308718226	26.2527044893013
0.309484460785223	16.7389733078423
0.311406185772474	13.1419422473603
0.313351925547582	23.1225947612392
0.315322133091165	24.8934169405754
0.31731727284843	15.8090416343163
0.319337821094178	11.9446721244385
0.321384266311858	34.5642037378481
0.323457109587268	40.6875718272214
0.325556865017612	30.2502095628666
0.327684060136578	33.0540151277183
0.329839236356199	64.3682511054943
0.332022949426264	60.1066168265041
0.334235769912095	60.860915010815
0.33647828369157	50.650011666217
0.338751092472273	50.6379829372108
0.341054814329758	119.047409555374
0.343390084267926	44.753510491648
0.345757554802572	49.1104585879897
0.348157896569251	75.8852549935468
0.350591798956638	35.5137013476805
0.353059970766634	113.572735847342
0.355563140902561	118.083023859899
0.358102059086839	116.998841895436
0.360677496609631	100.776109991035
0.363290247110025	226.385460906148
0.365941127391425	61.7492683419329
0.368630978272889	287.49842796618
0.371360665478312	64.8577862435501
0.374131080565386	142.275673066503
0.376943141896476	146.828717168484
0.379797795653593	86.6025995997373
0.382696016899855	264.072174475543
0.385638810689907	80.877165329528
0.388627213231979	121.201501196607
0.391662293104393	48.119762238398
0.394745152529526	165.467185389718
0.397876928708411	21.3997361632596
0.401058795219378	266.765128938744
0.404291963484349	24.4951018262455
0.407577684306628	150.01908852438
0.410917249484298	165.764077245297
0.414311993503587	50.7167719648332
0.417763295316873	86.436430121077
0.421272580210299	67.3133390742159
0.42484132176632	344.096376075283
0.428471043926851	61.69279325473
0.432163323163089	103.125236876969
0.4359197907585	97.5567817183661
0.439742135211911	73.3400121355348
0.443632104768157	22.1975519803239
0.447591510084236	44.4741848713861
0.451622227039525	22.0753944429169
0.45572619969922	30.188095100003
0.459905443440828	5.22137212611082
0.464162048254286	8.95680346581759
0.468498182227052	26.0369561623705
0.472916095226384	19.7486239345488
0.477418122791941	35.3132946830693
0.48200669025286	37.1343037968109
0.486684317084566	42.1449881760611
0.491453621521736	50.1922803200916
0.496317325445196	74.6511949597796
0.501278259561882	60.3216015690566
0.50633936889861	51.6222359466209
0.511503718632034	96.2567050798267
0.516774500279058	185.705683189221
0.522155038273964	101.17811846118
0.527648796960742	108.268560582245
0.533259388031526	351.278462648271
0.538990578444688	171.57560725131
0.544846298859091	112.072189098814
0.550830652624157	87.6206070090498
0.556947925368977	58.4953161370869
0.563202595237558	143.016493269858
0.569599343821555	96.1004350598976
0.576143067846607	41.5690287746507
0.582838891673563	170.163652421316
0.589692180681684	119.351988052599
0.59670855560727	138.507911886014
0.603893907918256	83.8733207995658
0.611254416313157	89.0432543668922
0.618796564441474	80.8693006242424
0.626527159952383	84.0395143230701
0.634453354989341	105.826466133505
0.642582668260271	59.1095122102757
0.650923008826515	174.920382002374
0.659482701768732	109.31198538773
0.668270515904838	286.042049918932
0.677295693753979	65.5987769522072
0.686567983961771	162.89441567233
0.696097676425956	127.794013172567
0.705895640388525	170.311072842637
0.715973365790792	99.0919181724747
0.726343008222203	261.305047655858
0.737017437832579	598.694823295716
0.748010292621626	140.875779330825
0.759336036569623	75.081192627241
0.7710100231303	73.9482790922965
0.783048564671981	172.190133065392
0.795469008527428	34.0769766692326
0.808289820398002	172.600747875381
0.82153067595544	157.471503805009
0.835212561596926	140.77543940752
0.849357885438608	338.846872790999
0.863990599782274	31.567840143198
0.879136336463059	50.8630096727571
0.894822556687009	73.7575045983877
0.911078717201166	21.2842164667975
0.927936454911568	10.2025911779737
0.945429792383618	20.8136189971556
0.963595367033476	13.8884690037769
0.982472687259295	80.7244227845656
1.00210441928049	62.4401356836839
1.02253670906786	262.49176846152
1.04381954447715	155.067240983286
1.06600716356814	180.771212611388
1.08915851613044	206.090331200726
1.11333778668448	88.4183100967357
1.13861498872771	112.027841734783
1.16506664181191	220.316885377909
1.19277654524201	100.740899545948
1.22183666487464	204.21600371778
1.25234815278647	141.961858783592
1.28442252363337	34.6057661116499
1.31818301653002	124.96985925246
1.35376617750582	41.1758909383912
1.39132370537329	135.45262293993
1.43102461362335	166.100859567946
1.47305777332587	432.986363034734
1.51763491774419	82.4664124197815
1.56499420952142	149.517527757436
1.61540449728612	99.4561950962227
1.66917042230012	208.108799573562
1.72663858001243	50.3566302285906
1.78820499982118	70.7132163787041
1.85432428423082	176.89044931493
1.92552085339084	54.1481926632663
2.00240288346015	265.690027309102
2.08567972302173	209.417359562951
2.17618384401114	87.7904709234011
2.27489876700487	113.255118536993
2.38299494805071	65.6140823592891
2.50187640730548	137.703657365444
2.63324204760901	59.8063164400153
2.7791673614585	178.231630443687
2.94221489937625	434.157209184818
3.12558604738388	156.9083127602
3.33333333333333	113.779019676116
