0.00999800839672774	0.182692251931042
0.0100000000000004	0.139986933058545
0.0100019923968858	0.14663493425984
0.0100039855878586	0.0915741245397455
0.0100059795733934	0.0424697344216321
0.0100079743539656	0.0142097355072043
0.0100099699300507	0.0800900236329752
0.0100119663021247	0.0827078250376195
0.0100139634706639	0.0848950806002564
0.010015961436145	0.0887558242789526
0.0100179601990452	0.108898015739138
0.010019959759842	0.128707373067661
0.0100219601190132	0.13719975551723
0.010023961277037	0.0757213516710285
0.0100259632343922	0.0734537471614753
0.0100279659915576	0.0456688721785945
0.0100299695490128	0.0512360865648905
0.0100319739072375	0.0240663351714406
0.0100339790667119	0.035374561814194
0.0100359850279165	0.103349726122781
0.0100379917913322	0.072676552525275
0.0100399993574404	0.125862736363918
0.0100420077267228	0.0964067832610888
0.0100440168996614	0.0742991553756631
0.0100460268767388	0.0622325154284802
0.0100480376584378	0.024202515306988
0.0100500492452417	0.0681416402352844
0.010052061637634	0.0526727561948888
0.0100540748360988	0.0392036087291767
0.0100560888411206	0.0460646842028012
0.0100581036531841	0.048447523808233
0.0100601192727745	0.0570194761665806
0.0100621357003773	0.0435938340500108
0.0100641529364787	0.0265213843007836
0.0100661709815648	0.0370850072274806
0.0100681898361225	0.0572294018978066
0.0100702095006388	0.073247920111047
0.0100722299756014	0.0757704560344105
0.0100742512614981	0.125829143617029
0.0100762733588173	0.12340067207408
0.0100782962680476	0.0736992307758687
0.0100803199896781	0.0420803994149515
0.0100823445241984	0.0286749257604764
0.0100843698720983	0.069147900694435
0.0100863960338681	0.0476196045161144
0.0100884230099984	0.0247870435781829
0.0100904508009804	0.083890087644986
0.0100924794073054	0.0809465566388061
0.0100945088294654	0.131012040993871
0.0100965390679525	0.0675164822794908
0.0100985701232595	0.0691106411640605
0.0101006019958793	0.0894406084122681
0.0101026346863055	0.0926294996516744
0.0101046681950318	0.0832919388035424
0.0101067025225525	0.0533420860843715
0.0101087376693622	0.0893808781311888
0.0101107736359559	0.0563257696996318
0.0101128104228291	0.0885549978492337
0.0101148480304776	0.0601673679603673
0.0101168864593977	0.0644785322934594
0.0101189257100859	0.114751414553301
0.0101209657830393	0.0783474201438256
0.0101230066787553	0.110761078559749
0.0101250483977317	0.144849642350044
0.0101270909404669	0.0963251523132926
0.0101291343074593	0.0682110987636611
0.0101311784992081	0.0596798701397301
0.0101332235162127	0.0209813206309704
0.010135269358973	0.0594258809434113
0.0101373160279891	0.0532415531006234
0.0101393635237618	0.051902752518738
0.010141411846792	0.0837628745164442
0.0101434609975814	0.118361692701538
0.0101455109766316	0.125694639300434
0.0101475617844451	0.0850610456411411
0.0101496134215244	0.128482068809549
0.0101516658883727	0.0702839044696016
0.0101537191854934	0.0927397694355332
0.0101557733133905	0.0994068054135695
0.0101578282725682	0.0549948029979784
0.0101598840635313	0.0862622918494895
0.010161940686785	0.0130609541925728
0.0101639981428346	0.0377090030478952
0.0101660564321863	0.0237301397590417
0.0101681155553462	0.0531331530622139
0.0101701755128213	0.0529773292742965
0.0101722363051186	0.0309103384966738
0.0101742979327458	0.0749827125224567
0.0101763603962109	0.0584710311415494
0.0101784236960222	0.0917251183553997
0.0101804878326885	0.0310750123779512
0.0101825528067192	0.0254388721222206
0.0101846186186239	0.0327236587294772
0.0101866852689126	0.0632482755450431
0.0101887527580957	0.0275979104087094
0.0101908210866843	0.0290204681381883
0.0101928902551896	0.054682434339853
0.0101949602641232	0.0785667416989275
0.0101970311139975	0.136116583305241
0.0101991028053248	0.0923632937082942
0.0102011753386182	0.0789414298829954
0.010203248714391	0.100961875631573
0.0102053229331571	0.116275285395396
0.0102073979954307	0.111119644873054
0.0102094739017264	0.08462792740087
0.0102115506525593	0.0768455455449994
0.0102136282484448	0.0267552954710427
0.0102157066898989	0.0618847416392628
0.0102177859774379	0.0522287626636482
0.0102198661115784	0.0742243147091829
0.0102219470928377	0.110042583561467
0.0102240289217334	0.119453587304743
0.0102261115987834	0.104239602077407
0.0102281951245061	0.126385738614046
0.0102302794994205	0.139601486750882
0.0102323647240458	0.0568144076351641
0.0102344507989016	0.0584226657851336
0.0102365377245081	0.0354070369125452
0.0102386255013859	0.0612209168739154
0.0102407141300558	0.065749167069546
0.0102428036110393	0.0535883273608238
0.0102448939448583	0.0988334886522942
0.0102469851320348	0.106342100698066
0.0102490771730917	0.254224341886343
0.010251170068552	0.146540205712573
0.0102532638189392	0.146519211781259
0.0102553584247773	0.163204930848745
0.0102574538865907	0.146847117999426
0.0102595502049041	0.191915576512718
0.0102616473802428	0.168657483550432
0.0102637454131326	0.101761405579275
0.0102658443040993	0.0538944254898
0.0102679440536697	0.0626436766197429
0.0102700446623706	0.0940289452525371
0.0102721461307295	0.0732893357897626
0.0102742484592741	0.115257766774126
0.0102763516485327	0.112092427274256
0.010278455699034	0.114411403981539
0.0102805606113072	0.209695344420808
0.0102826663858817	0.155471898802233
0.0102847730232876	0.100729010790144
0.0102868805240552	0.083503463080825
0.0102889888887155	0.0708128043903752
0.0102910981177997	0.0704716455052925
0.0102932082118395	0.0572590143404477
0.0102953191713672	0.0321865842702555
0.0102974309969153	0.0858014843905191
0.0102995436890168	0.109028937699939
0.0103016572482052	0.292843350360942
0.0103037716750145	0.1706212185636
0.0103058869699789	0.209612727154951
0.0103080031336333	0.19478884476545
0.0103101201665129	0.181260298264722
0.0103122380691534	0.225520844646219
0.0103143568420909	0.163321054983431
0.0103164764858619	0.0813919568917924
0.0103185970010033	0.0419209877791354
0.0103207183880528	0.0790700888195041
0.010322840647548	0.134628001799
0.0103249637800274	0.107637368365843
0.0103270877860297	0.155766544887342
0.0103292126660941	0.137062273290408
0.0103313384207603	0.158753735317896
0.0103334650505682	0.182356249722846
0.0103355925560586	0.088748609056662
0.0103377209377723	0.0600518972089708
0.0103398501962507	0.062741512133029
0.0103419803320359	0.0410089941491513
0.01034411134567	0.0611524999228651
0.0103462432376958	0.0671015702690902
0.0103483760086566	0.0814022400290987
0.010350509659096	0.123461466727175
0.0103526441895581	0.117091278701608
0.0103547796005875	0.197869442913812
0.0103569158927292	0.104813927018908
0.0103590530665287	0.0857670522158797
0.0103611911225318	0.0638979239376735
0.010363330061285	0.0570602667932217
0.0103654698833349	0.105807316329485
0.010367610589229	0.0662366625708727
0.0103697521795149	0.0831397092329786
0.0103718946547407	0.0664404422276254
0.0103740380154552	0.0819614363255858
0.0103761822622073	0.123034607629672
0.0103783273955467	0.0314952311093562
0.0103804734160232	0.0342855873074518
0.0103826203241873	0.0492882568916511
0.01038476812059	0.045137710811264
0.0103869168057825	0.0625139817726297
0.0103890663803167	0.079193277143546
0.0103912168447448	0.0723531125054489
0.0103933681996196	0.107403083615088
0.0103955204454942	0.049730777383998
0.0103976735829222	0.102429618076843
0.0103998276124579	0.0557345170256359
0.0104019825346556	0.0580636082668595
0.0104041383500705	0.103030046399345
0.010406295059258	0.0817714260494445
0.010408452662774	0.149033162326748
0.010410611161175	0.155864958063483
0.0104127705550177	0.154450660401916
0.0104149308448596	0.129092933107427
0.0104170920312583	0.11993568882368
0.0104192541147722	0.168184886028611
0.01042141709596	0.10491636008199
0.0104235809753807	0.113808533234247
0.0104257457535941	0.141255223466947
0.0104279114311603	0.102669553144173
0.0104300780086398	0.150764768162718
0.0104322454865937	0.150873766277701
0.0104344138655834	0.143827739883075
0.010436583146171	0.149717191519867
0.0104387533289188	0.155276505250707
0.0104409244143898	0.158417458724802
0.0104430964031473	0.142324266544787
0.0104452692957553	0.0943414313760265
0.0104474430927779	0.124097932327836
0.0104496177947799	0.0815836874578907
0.0104517934023267	0.148095090615563
0.0104539699159839	0.167697729907446
0.0104561473363178	0.125971993370416
0.0104583256638949	0.226142204583199
0.0104605048992825	0.172548839416802
0.0104626850430481	0.138605377424889
0.0104648660957598	0.121618776184693
0.0104670480579862	0.113223407106328
0.0104692309302962	0.0381084300414385
0.0104714147132595	0.0814799502864356
0.010473599407446	0.0706922543255904
0.0104757850134261	0.0802689476214811
0.0104779715317708	0.183579725823805
0.0104801589630515	0.197567698635254
0.0104823473078401	0.100002181277175
0.0104845365667089	0.105982549690497
0.0104867267402307	0.189640109718976
0.010488917828979	0.105134384646637
0.0104911098335275	0.120793313885361
0.0104933027544504	0.136915158468055
0.0104954965923225	0.090858827206642
0.0104976913477192	0.186214179323467
0.010499887021216	0.223469342795025
0.0105020836133893	0.135511016858844
0.0105042811248156	0.0946948131552049
0.0105064795560722	0.106624240322246
0.0105086789077367	0.126757092147601
0.0105108791803873	0.0576834182019781
0.0105130803746025	0.173699954339741
0.0105152824909614	0.135280225701642
0.0105174855300438	0.130723895792023
0.0105196894924296	0.247770537144449
0.0105218943786994	0.270500344179891
0.0105241001894342	0.143689570867837
0.0105263069252156	0.203783399272374
0.0105285145866256	0.124630110871476
0.0105307231742468	0.124586430437374
0.0105329326886621	0.202218712066283
0.010535143130455	0.101100783346927
0.0105373545002094	0.0961798675506424
0.01053956679851	0.158064344288427
0.0105417800259416	0.279487127561499
0.0105439941830897	0.199263976220885
0.0105462092705402	0.213533766637075
0.0105484252888796	0.234784992283897
0.0105506422386947	0.190045517996014
0.0105528601205731	0.278517696965795
0.0105550789351027	0.26953181918948
0.0105572986828718	0.112927786293304
0.0105595193644694	0.130159572226109
0.0105617409804848	0.105659831280248
0.010563963531508	0.0830911718488496
0.0105661870181294	0.0889740427688655
0.0105684114409399	0.137232592858221
0.0105706368005308	0.134441080198618
0.010572863097494	0.121998375004348
0.010575090332422	0.136466353223729
0.0105773185059076	0.161958218125733
0.0105795476185442	0.0385216739308991
0.0105817776709257	0.0942410529323306
0.0105840086636465	0.0654730933152418
0.0105862405973015	0.0964678376697043
0.010588473472486	0.179402485070067
0.010590707289796	0.0864564969121852
0.0105929420498279	0.133606884497078
0.0105951777531785	0.126226319374353
0.0105974144004453	0.19097296841108
0.0105996519922262	0.15201627744489
0.0106018905291195	0.0645470353782951
0.0106041300117243	0.087998734462702
0.0106063704406399	0.162878621604884
0.0106086118164663	0.224243961084128
0.0106108541398039	0.238003571063489
0.0106130974112537	0.130400029630735
0.010615341631417	0.0713412157962778
0.010617586800896	0.0419394217434996
0.010619832920293	0.081769838488557
0.0106220799902111	0.0736561357178022
0.0106243280112537	0.0470113820925795
0.0106265769840248	0.0919474731777885
0.010628826909129	0.17269471837131
0.0106310777871713	0.20206229009281
0.0106333296187572	0.238072017852874
0.0106355824044929	0.0941181966993597
0.0106378361449847	0.104960306530554
0.0106400908408399	0.11896013000984
0.0106423464926661	0.173303615968226
0.0106446031010713	0.129598378422954
0.0106468606666642	0.0564250939702527
0.0106491191900539	0.137654081291484
0.0106513786718502	0.18395833492305
0.010653639112663	0.286559993180772
0.0106559005131033	0.223292548404699
0.0106581628737822	0.105299129901056
0.0106604261953113	0.13657035472825
0.0106626904783031	0.275891957624021
0.0106649557233702	0.22559341326324
0.010667221931126	0.182526804151977
0.0106694891021842	0.122056253507849
0.0106717572371593	0.0566975851997806
0.010674026336666	0.0626186840370032
0.0106762964013198	0.16771320679972
0.0106785674317366	0.0887503650782063
0.0106808394285328	0.0899512432078585
0.0106831123923253	0.189038395898997
0.0106853863237317	0.199736811352804
0.0106876612233699	0.161366451833908
0.0106899370918586	0.182770775410841
0.0106922139298167	0.072878445845391
0.0106944917378639	0.0407561177523383
0.0106967705166202	0.119946454823522
0.0106990502667063	0.161643600036408
0.0107013309887434	0.146126449076215
0.0107036126833533	0.121517401342593
0.010705895351158	0.18054225354071
0.0107081789927805	0.138567114606756
0.010710463608844	0.20635721376371
0.0107127491999723	0.132871617952679
0.0107150357667898	0.0511738012758217
0.0107173233099214	0.0749307841487453
0.0107196118299925	0.180429505040542
0.0107219013276291	0.21088529298188
0.0107241918034577	0.193307645896798
0.0107264832581053	0.136892033086728
0.0107287756921995	0.0844089530517348
0.0107310691063685	0.0827434719433864
0.0107333635012407	0.131747218443097
0.0107356588774455	0.101685239814664
0.0107379552356126	0.0582254824124444
0.0107402525763722	0.153849368459104
0.0107425509003551	0.159363396497428
0.0107448502081926	0.23333854432834
0.0107471505005167	0.195195616375223
0.0107494517779597	0.105114328423783
0.0107517540411547	0.0947238709095822
0.010754057290735	0.092036070178943
0.0107563615273349	0.126128923993808
0.0107586667515888	0.133612567697375
0.0107609729641319	0.0524219666209961
0.0107632801655999	0.103637651121994
0.010765588356629	0.133446736049977
0.010767897537856	0.134425506402225
0.0107702077099182	0.108245906280052
0.0107725188734535	0.0425881900154593
0.0107748310291002	0.118477212755908
0.0107771441774974	0.187520687842438
0.0107794583192845	0.216204649451901
0.0107817734551016	0.175512398774077
0.0107840895855894	0.0753180788952744
0.0107864067113889	0.0892792097055212
0.010788724833142	0.0806590334561624
0.0107910439514908	0.0719235664344581
0.0107933640670781	0.04385730049556
0.0107956851805474	0.0311602282285538
0.0107980072925426	0.112974483709335
0.0108003304037081	0.122353313093117
0.010802654514689	0.189467156409752
0.0108049796261308	0.176024158803997
0.0108073057386797	0.0724142671606341
0.0108096328529825	0.0949278741601748
0.0108119609696862	0.0994256732187081
0.0108142900894389	0.110579679817038
0.0108166202128888	0.162650443144101
0.0108189513406848	0.102074144539368
0.0108212834734766	0.0718774677424091
0.010823616611914	0.0863089366679867
0.0108259507566477	0.0557754166962738
0.010828285908329	0.0589164754974044
0.0108306220676095	0.0455745225366915
0.0108329592351415	0.130847212958944
0.0108352974115779	0.209629140786725
0.0108376365975721	0.248697157341121
0.0108399767937781	0.250774187941406
0.0108423180008504	0.190577460806126
0.0108446602194443	0.168846339816389
0.0108470034502152	0.155181155775169
0.0108493476938196	0.134915031664218
0.0108516929509143	0.0743986823231638
0.0108540392221565	0.104867576685467
0.0108563865082043	0.106123548591676
0.0108587348097163	0.183739748786928
0.0108610841273514	0.240297916711136
0.0108634344617694	0.207076393555642
0.0108657858136304	0.112767866414285
0.0108681381835954	0.145614425275544
0.0108704915723257	0.120976547001112
0.0108728459804832	0.12313669969797
0.0108752014087305	0.195930492480094
0.0108775578577306	0.122576033849353
0.0108799153281473	0.0898750871925059
0.0108822738206448	0.187573246531293
0.010884633335888	0.100293350431964
0.0108869938745422	0.0723364652355648
0.0108893554372733	0.158306583786421
0.0108917180247481	0.155034114966954
0.0108940816376336	0.184307378810762
0.0108964462765975	0.249692987358578
0.0108988119423082	0.199904200269609
0.0109011786354345	0.13093918596706
0.0109035463566458	0.168507587352093
0.0109059151066123	0.133915019701885
0.0109082848860045	0.107638023882052
0.0109106556954936	0.0795586952277101
0.0109130275357515	0.153897024213085
0.0109154004074505	0.0836710399868467
0.0109177743112635	0.185439656257043
0.0109201492478642	0.241396355665799
0.0109225252179266	0.139306214689109
0.0109249022221255	0.0983749126074276
0.0109272802611362	0.112447568132577
0.0109296593356345	0.115110181645055
0.010932039446297	0.11746231131118
0.0109344205938007	0.141311815016977
0.0109368027788232	0.0611359773719974
0.010939186002043	0.0640624525569117
0.0109415702641387	0.0940553382671339
0.0109439555657898	0.0611632538571419
0.0109463419076763	0.0601973615545372
0.0109487292904789	0.10136025998498
0.0109511177148788	0.128975861627648
0.0109535071815578	0.221310090365565
0.0109558976911983	0.264372044966858
0.0109582892444833	0.197584634156992
0.0109606818420964	0.201610398954399
0.0109630754847218	0.100468301216061
0.0109654701730443	0.061103276103554
0.0109678659077492	0.128232960680774
0.0109702626895227	0.0265379452191552
0.0109726605190511	0.0725513729951179
0.0109750593970219	0.06008541915691
0.0109774593241226	0.139396711664835
0.0109798603010418	0.167272839343611
0.0109822623284684	0.154314928005683
0.0109846654070921	0.112731126140538
0.010987069537603	0.0686155129035728
0.0109894747206919	0.108973783804613
0.0109918809570503	0.131132848997084
0.0109942882473701	0.085730996703133
0.0109966965923441	0.0738782232456098
0.0109991059926653	0.057654325346054
0.0110015164490277	0.0518664907135265
0.0110039279621258	0.0605293257051609
0.0110063405326544	0.0731333135918487
0.0110087541613095	0.0680562835072203
0.0110111688487871	0.0756666610304602
0.0110135845957842	0.116062972780152
0.0110160014029983	0.195298537144133
0.0110184192711276	0.155982513646249
0.0110208382008706	0.162124796899466
0.0110232581929268	0.05660220037803
0.0110256792479961	0.0710075157742343
0.0110281013667792	0.103156624285193
0.0110305245499771	0.0636186200117615
0.0110329487982916	0.126003296528333
0.0110353741124253	0.0234613700379511
0.011037800493081	0.0878079584212588
0.0110402279409626	0.145471112266607
0.0110426564567741	0.137597675183135
0.0110450860412207	0.0799865887808492
0.0110475166950076	0.123599431781326
0.0110499484188412	0.116405484408117
0.0110523812134281	0.135592855151724
0.0110548150794757	0.208171037804544
0.011057250017692	0.0790122593452242
0.0110596860287857	0.0543398221302494
0.0110621231134659	0.0651539945431126
0.0110645612724426	0.0649886792184597
0.0110670005064263	0.0773667039344639
0.0110694408161281	0.090809246246413
0.0110718822022598	0.0888107546904299
0.0110743246655336	0.13757612020042
0.0110767682066628	0.247610850236029
0.0110792128263608	0.206768206221852
0.0110816585253419	0.118646973271479
0.0110841053043212	0.113428143360719
0.011086553164014	0.0480679992840724
0.0110890021051366	0.0657996282856153
0.0110914521284057	0.0967071471931294
0.0110939032345388	0.0561450708593384
0.011096355424254	0.0735014937681111
0.01109880869827	0.145137652851051
0.011101263057306	0.100096608832964
0.0111037185020821	0.136109059478051
0.0111061750333189	0.0839076618961645
0.0111086326517377	0.0767889237593737
0.0111110913580602	0.0749144157259315
0.0111135511530091	0.115699554674069
0.0111160120373075	0.143861120308632
0.0111184740116792	0.0520178603516913
0.0111209370768487	0.106876166708536
0.0111234012335411	0.0545487735312359
0.0111258664824821	0.0889838958899666
0.011128332824398	0.114720928998409
0.0111308002600159	0.047874099366298
0.0111332687900635	0.072620494167196
0.011135738415269	0.0812318531226285
0.0111382091363615	0.12310186819365
0.0111406809540705	0.153731391526509
0.0111431538691263	0.0782570427482463
0.0111456278822598	0.0787085699510034
0.0111481029942025	0.0705746078520723
0.0111505792056867	0.0811551211058962
0.0111530565174451	0.0960308609788743
0.0111555349302114	0.0413711251359952
0.0111580144447196	0.0762764113422052
0.0111604950617045	0.0741806787164602
0.0111629767819017	0.0835372198013647
0.0111654596060473	0.125785511631291
0.0111679435348779	0.0592964850394231
0.0111704285691311	0.121015936146162
0.0111729147095448	0.153073132151124
0.011175401956858	0.165079471773197
0.0111778903118099	0.174720674222122
0.0111803797751406	0.0719068026509032
0.0111828703475908	0.0556572126443615
0.011185362029902	0.0299283784144931
0.0111878548228161	0.0661052260994336
0.0111903487270759	0.0678978622013161
0.0111928437434246	0.0401184583455465
0.0111953398726064	0.0871890472891946
0.0111978371153659	0.114082792828357
0.0112003354724485	0.142691679652123
0.0112028349446001	0.161785683110038
0.0112053355325676	0.0821646180230669
0.0112078372370982	0.0900689553871598
0.0112103400589399	0.0865253370852182
0.0112128439988414	0.077201496090736
0.0112153490575522	0.0757264301759302
0.0112178552358222	0.029767885240355
0.011220362534402	0.0812585928695161
0.0112228709540432	0.103972843882654
0.0112253804954977	0.081794243356015
0.0112278911595182	0.085337150646122
0.0112304029468581	0.0307370863896515
0.0112329158582716	0.0934604043968578
0.0112354298945132	0.0718309782368193
0.0112379450563385	0.117216613038876
0.0112404613445035	0.0677825404729183
0.0112429787597649	0.0291115738491127
0.0112454973028803	0.0641316549373525
0.0112480169746078	0.0437674320088044
0.0112505377757061	0.0511373134465639
0.0112530597069347	0.0612141726088175
0.0112555827690539	0.0450961368703898
0.0112581069628243	0.0257789471709811
0.0112606322890077	0.0544445350467463
0.0112631587483661	0.0709431115885263
0.0112656863416625	0.0533613100196122
0.0112682150696605	0.041220209659075
0.0112707449331243	0.11294538361094
0.0112732759328189	0.077914723341685
0.0112758080695099	0.0659985776363809
0.0112783413439636	0.0805611548071897
0.0112808757569472	0.0556935041568538
0.0112834113092282	0.0678954367699296
0.011285948001575	0.100113586295342
0.0112884858347568	0.0738851943394412
0.0112910248095434	0.0602818358488419
0.0112935649267052	0.0589482113421541
0.0112961061870133	0.116607921105754
0.0112986485912397	0.097830981627772
0.0113011921401569	0.128561530462351
0.0113037368345381	0.119750345877297
0.0113062826751573	0.0583118845822055
0.0113088296627892	0.0271772199325041
0.011311377798209	0.0284957077130178
0.0113139270821929	0.0732775925320191
0.0113164775155176	0.0341988680567208
0.0113190290989604	0.0487773711490004
0.0113215818332996	0.08622586291343
0.011324135719314	0.126856787606952
0.0113266907577832	0.0850949970494185
0.0113292469494874	0.139078266687693
0.0113318042952075	0.0647879055572903
0.0113343627957253	0.0798194201102578
0.011336922451823	0.0944355755666499
0.0113394832642838	0.0566686605144572
0.0113420452338915	0.0549298409673379
0.0113446083614305	0.0709322126128421
0.0113471726476861	0.110730665891703
0.0113497380934442	0.0795184770731113
0.0113523046994913	0.0781049485483253
0.0113548724666148	0.127118436382471
0.0113574413956028	0.0685828155697291
0.011360011487244	0.0676560887394114
0.0113625827423279	0.12466450452894
0.0113651551616447	0.0926553181347409
0.0113677287459853	0.13662451595715
0.0113703034961413	0.0589053288816278
0.0113728794129051	0.0413997895501228
0.0113754564970696	0.0220112337097155
0.0113780347494288	0.0442016957254071
0.011380614170777	0.0224439396860631
0.0113831947619095	0.0365720758472154
0.0113857765236222	0.0650504155845437
0.0113883594567119	0.102705456413948
0.0113909435619758	0.0819696374016613
0.0113935288402121	0.174770167913799
0.0113961152922196	0.0849590095038071
0.0113987029187979	0.151303383606723
0.0114012917207472	0.129268277480178
0.0114038816988686	0.0543618822487489
0.0114064728539638	0.127859372154391
0.0114090651868353	0.0903417722700915
0.0114116586982862	0.0465091456455568
0.0114142533891205	0.0399783462019928
0.0114168492601429	0.0382288767638686
0.0114194463121587	0.0577511001742217
0.0114220445459741	0.0331225064392466
0.011424643962396	0.060520319212936
0.0114272445622318	0.0831133201669678
0.01142984634629	0.0844947694936227
0.0114324493153796	0.177319309320635
0.0114350534703104	0.0815440976127153
0.011437658811893	0.0963146848575692
0.0114402653409386	0.103100450588936
0.0114428730582593	0.0536809685057865
0.0114454819646677	0.0365513810677133
0.0114480920609775	0.074263038923557
0.0114507033480029	0.0434378100829697
0.0114533158265587	0.050799776380962
0.0114559294974609	0.0622902118312642
0.0114585443615257	0.0819156618869238
0.0114611604195706	0.0375814811212144
0.0114637776724133	0.0961779891698236
0.0114663961208727	0.0422614452912214
0.0114690157657682	0.0208391633578278
0.0114716366079201	0.0958774264192405
0.0114742586481491	0.0425098446131059
0.0114768818872772	0.0484662555567738
0.0114795063261268	0.0739892055585678
0.0114821319655209	0.0665143517361975
0.0114847588062838	0.0831692217639064
0.0114873868492399	0.0719265851950441
0.011490016095215	0.0525131467966765
0.011492646545035	0.0420944627501002
0.0114952781995272	0.0223377920803299
0.0114979110595191	0.0416269687789854
0.0115005451258394	0.0321691169811111
0.0115031803993172	0.0450752897697103
0.0115058168807827	0.0426968204859271
0.0115084545710665	0.0524776020064644
0.0115110934710003	0.0499568693564885
0.0115137335814163	0.067102053583365
0.0115163749031477	0.0753858421262183
0.0115190174370282	0.0657056953296282
0.0115216611838926	0.0627235866558015
0.0115243061445761	0.0860232907194739
0.0115269523199148	0.0811138208670492
0.0115295997107458	0.0376755685922945
0.0115322483179067	0.057307141466142
0.0115348981422359	0.0765653375440969
0.0115375491845726	0.0398547629615148
0.0115402014457568	0.0477965610865443
0.0115428549266294	0.075261906541235
0.0115455096280318	0.0446239221402375
0.0115481655508063	0.0781501432214422
0.0115508226957961	0.102709473263686
0.0115534810638449	0.0642311309314241
0.0115561406557975	0.0548833796061109
0.0115588014724992	0.0650999119651249
0.0115614635147963	0.0325250606684069
0.0115641267835357	0.0321580140338334
0.0115667912795651	0.0712143626126298
0.0115694570037332	0.0641944127451357
0.0115721239568892	0.0741904517026319
0.0115747921398832	0.0757718615762801
0.0115774615535661	0.0582652657739172
0.0115801321987896	0.095305302811669
0.0115828040764061	0.0660807845340653
0.011585477187269	0.0784678871768328
0.0115881515322322	0.083845015540633
0.0115908271121505	0.0489606142315808
0.0115935039278795	0.0599383413359613
0.0115961819802758	0.0696888365925623
0.0115988612701963	0.0450265607365776
0.0116015417984993	0.0395889187635247
0.0116042235660433	0.0610643422734814
0.011606906573688	0.0410757590472136
0.0116095908222938	0.0301666296580508
0.0116122763127218	0.073812096572064
0.011614963045834	0.0674389205549643
0.0116176510224931	0.0653617364808412
0.0116203402435627	0.106140416370002
0.0116230307099072	0.0831838660576305
0.0116257224223917	0.0510381665686074
0.0116284153818822	0.0791857754038
0.0116311095892454	0.0737598085682444
0.011633805045349	0.0626579205148797
0.0116365017510612	0.105124601603134
0.0116391997072513	0.0987370019579502
0.0116418989147892	0.0819291347337529
0.0116445993745457	0.0752840718924421
0.0116473010873924	0.0923439566282053
0.0116500040542018	0.0394524615048144
0.011652708275847	0.0514122390025626
0.0116554137532022	0.0308077681450109
0.011658120487142	0.0241470192050768
0.0116608284785422	0.0315468192064207
0.0116635377282792	0.0495487404724905
0.0116662482372303	0.0708676347719091
0.0116689600062736	0.0988416886887379
0.0116716730362881	0.112850644923574
0.0116743873281534	0.0917966285256185
0.0116771028827502	0.081589661415626
0.0116798197009597	0.0721719737818212
0.0116825377836641	0.0750701533695141
0.0116852571317465	0.0724781979203148
0.0116879777460908	0.0361873209822042
0.0116906996275815	0.0433467592226345
0.0116934227771041	0.0389965157248969
0.011696147195545	0.0495092451597617
0.0116988728837913	0.0306475995780537
0.0117015998427309	0.0684414260210873
0.0117043280732527	0.0638154891324145
0.0117070575762461	0.0543235137822155
0.0117097883526018	0.0776796202893963
0.011712520403211	0.0422071301049161
0.0117152537289657	0.049721074683356
0.0117179883307589	0.0660558519463796
0.0117207242094844	0.0502177154662855
0.0117234613660369	0.036475326181713
0.0117261998013117	0.0395416272246068
0.0117289395162051	0.0512673031967198
0.0117316805116143	0.0288223180226217
0.0117344227884372	0.0625288083727547
0.0117371663475726	0.0672633049729017
0.0117399111899202	0.0468801504845737
0.0117426573163805	0.0400739993107221
0.0117454047278547	0.0530214405063973
0.011748153425245	0.0399482753489087
0.0117509034094545	0.0500160823142496
0.011753654681387	0.0556863874227924
0.0117564072419473	0.0523778941590758
0.0117591610920408	0.0440621214757094
0.011761916232574	0.0534038744239029
0.0117646726644541	0.0790335424220722
0.0117674303885892	0.0290520897666816
0.0117701894058883	0.127244657666904
0.0117729497172613	0.0906628065377666
0.0117757113236186	0.0830367618668401
0.011778474225872	0.0995215485015028
0.0117812384249337	0.0745564213329428
0.0117840039217169	0.062825719129543
0.0117867707171358	0.0417640326998264
0.0117895388121053	0.0535628844387253
0.0117923082075413	0.0515257377513645
0.0117950789043603	0.0341375048104325
0.0117978509034798	0.112660575497546
0.0118006242058184	0.0595841941564253
0.0118033988122952	0.130536214328871
0.0118061747238304	0.115601336925731
0.0118089519413449	0.0744666375099407
0.0118117304657606	0.0682359211192593
0.0118145102980002	0.0522843631246913
0.0118172914389873	0.0484888523913913
0.0118200738896463	0.0636237020940603
0.0118228576509026	0.0538252746614984
0.0118256427236824	0.0947212089729316
0.0118284291089128	0.0772712696251814
0.0118312168075217	0.121019131125247
0.0118340058204378	0.118144924795266
0.011836796148591	0.0684302178314748
0.0118395877929118	0.118251932152122
0.0118423807543316	0.0513273686493927
0.0118451750337829	0.0711249595049689
0.0118479706321986	0.0768490683818337
0.0118507675505131	0.0496620537354611
0.0118535657896613	0.0577545992161073
0.0118563653505789	0.0581722410525559
0.0118591662342028	0.107595286792655
0.0118619684414706	0.0860636396853425
0.0118647719733208	0.0514010075166156
0.0118675768306928	0.134917058960309
0.0118703830145269	0.0684041588113497
0.0118731905257643	0.122868288934733
0.011875999365347	0.123049221564098
0.011878809534218	0.0877711438689663
0.0118816210333212	0.0749123032134972
0.0118844338636013	0.09099268513326
0.011887248026004	0.066044962439121
0.0118900635214758	0.055629325194333
0.0118928803509641	0.0401722083239571
0.0118956985154172	0.0741250371703693
0.0118985180157845	0.0285783323197695
0.011901338853016	0.0928441260832573
0.0119041610280628	0.126411069339459
0.0119069845418768	0.0925560657044149
0.0119098093954109	0.120076662631399
0.0119126355896187	0.138249174440527
0.011915463125455	0.124427995450891
0.0119182920038753	0.125092808737321
0.0119211222258361	0.112523560494054
0.0119239537922947	0.0756480958936103
0.0119267867042094	0.0684803527233994
0.0119296209625395	0.0801140067772223
0.011932456568245	0.0639561599724815
0.011935293522287	0.0303815653780639
0.0119381318256273	0.0886318168949923
0.0119409714792289	0.0823107979816383
0.0119438124840554	0.0915951464504853
0.0119466548410717	0.114112308088113
0.0119494985512432	0.10081776412628
0.0119523436155366	0.101338747650316
0.0119551900349191	0.113967216382326
0.0119580378103593	0.0706815026101724
0.0119608869428264	0.0805993506779674
0.0119637374332906	0.0394716014172
0.0119665892827231	0.0762877975831026
0.0119694424920958	0.0707273907692668
0.0119722970623818	0.0973205186926856
0.0119751529945551	0.122466111348672
0.0119780102895904	0.0788716094911952
0.0119808689484635	0.0639669263423821
0.0119837289721512	0.0997765361183321
0.0119865903616311	0.0566654330241999
0.0119894531178817	0.0559707178271935
0.0119923172418826	0.0607302567383207
0.0119951827346142	0.0374404864617909
0.0119980495970579	0.0597796119383291
0.0120009178301961	0.0787137200664601
0.0120037874350119	0.0725396086482551
0.0120066584124896	0.0296499784843527
0.0120095307636144	0.0893971055263403
0.0120124044893723	0.0896945910989563
0.0120152795907504	0.0532699491953734
0.0120181560687366	0.0962436784468064
0.0120210339243198	0.0958642936840565
0.01202391315849	0.0878329855163301
0.012026793772238	0.115612837514584
0.0120296757665554	0.0965623607463955
0.0120325591424351	0.0480025959883315
0.0120354439008707	0.0125326580629306
0.0120383300428569	0.0684464659885519
0.0120412175693891	0.0461439553344781
0.0120441064814641	0.0848211375827471
0.0120469967800791	0.117429112724005
0.0120498884662328	0.096827576424863
0.0120527815409244	0.0877460682561104
0.0120556760051545	0.129273047699434
0.0120585718599242	0.0913851784460653
0.0120614691062359	0.0611210679371096
0.0120643677450929	0.0387311696261691
0.0120672677774993	0.0359940471760928
0.0120701692044604	0.0514023390258219
0.0120730720269823	0.0604126100885777
0.0120759762460721	0.0767908121192647
0.0120788818627379	0.0788011652922881
0.0120817888779888	0.0952824566329997
0.0120846972928349	0.122037756748932
0.012087607108287	0.0730442399975392
0.0120905183253572	0.0587158381989026
0.0120934309450585	0.0472820123327321
0.0120963449684048	0.0618418089159502
0.0120992603964109	0.05877802344253
0.0121021772300928	0.060695560881721
0.0121050954704674	0.0464268738266447
0.0121080151185524	0.0374169241084114
0.0121109361753668	0.074246608883698
0.0121138586419303	0.0863268772841192
0.0121167825192637	0.088099782436578
0.0121197078083888	0.0730809669877724
0.0121226345103284	0.0560779026351565
0.0121255626261063	0.0376295322214037
0.0121284921567471	0.078032396070745
0.0121314231032767	0.0323652150198222
0.0121343554667217	0.0277099896484557
0.0121372892481099	0.0186642026547839
0.01214022444847	0.0491257088242674
0.0121431610688317	0.0564098285045276
0.0121460991102258	0.033688424068702
0.0121490385736839	0.0437940224304601
0.0121519794602387	0.0519530571147359
0.0121549217709239	0.0341403589168873
0.0121578655067743	0.104216408972375
0.0121608106688255	0.0237782405963124
0.0121637572581144	0.0485196441374992
0.0121667052756785	0.0547904178951047
0.0121696547225566	0.0608542556538746
0.0121726055997885	0.0636581754021121
0.0121755579084149	0.0710103164342841
0.0121785116494775	0.056416701768852
0.0121814668240192	0.0731558483737872
0.0121844234330836	0.0587265129043516
0.0121873814777156	0.122710912479396
0.0121903409589609	0.0800387338671915
0.0121933018778665	0.083746324793756
0.01219626423548	0.0667536877259288
0.0121992280328505	0.0486597863381655
0.0122021932710277	0.0839823641270023
0.0122051599510626	0.0278576028365257
0.0122081280740071	0.0639314386229282
0.012211097640914	0.0826795411548447
0.0122140686528375	0.121075441168534
0.0122170411108324	0.190124186555901
0.0122200150159549	0.102043175530965
0.0122229903692618	0.118999341882666
0.0122259671718114	0.167934218840734
0.0122289454246628	0.0693592306614608
0.012231925128876	0.0973480715641713
0.0122349062855122	0.0552053485645571
0.0122378888956337	0.048291127606747
0.0122408729603038	0.0239000319027225
0.0122438584805866	0.070004561002287
0.0122468454575475	0.070851943605733
0.0122498338922528	0.0718666129116887
0.0122528237857701	0.116009908177904
0.0122558151391677	0.141463333843443
0.012258807953515	0.0626562770094438
0.0122618022298827	0.144196168563724
0.0122647979693424	0.0702660689642522
0.0122677951729665	0.0705087296270692
0.0122707938418289	0.0832430437467014
0.0122737939770042	0.0567104246961325
0.0122767955795683	0.0541627109644257
0.0122797986505979	0.0315290861043735
0.012282803191171	0.0545816135994648
0.0122858092023664	0.0919966421404417
0.0122888166852642	0.0818582136993982
0.0122918256409454	0.126273179846298
0.0122948360704921	0.0488631229455757
0.0122978479749876	0.0632341151937233
0.012300861355516	0.0791096691822167
0.0123038762131626	0.0369896335482822
0.0123068925490139	0.0591692627160516
0.0123099103641571	0.061311232237859
0.0123129296596809	0.0491387012473713
0.0123159504366748	0.0416061976987678
0.0123189726962293	0.0337202673149164
0.0123219964394363	0.0505550559447863
0.0123250216673885	0.0637261114115858
0.0123280483811797	0.0597104472238401
0.0123310765819049	0.060079705939307
0.0123341062706601	0.05641486005005
0.0123371374485422	0.0396548496189097
0.0123401701166496	0.0304900328208107
0.0123432042760814	0.0773007313966818
0.0123462399279379	0.0462543892321099
0.0123492770733206	0.0612399142265145
0.0123523157133318	0.0620419575889266
0.0123553558490753	0.0142803005876566
0.0123583974816556	0.0447959452621376
0.0123614406121785	0.100647283550654
0.0123644852417508	0.0672189673019853
0.0123675313714805	0.067269443649786
0.0123705790024765	0.0877228854080156
0.012373628135849	0.0632282142446613
0.0123766787727092	0.0572829783788134
0.0123797309141693	0.0798051038566262
0.0123827845613428	0.0471658995794062
0.0123858397153441	0.0820937159280724
0.0123888963772889	0.0600160863373447
0.0123919545482939	0.0373677004800053
0.0123950142294768	0.0518865449104502
0.0123980754219565	0.0518214159870929
0.0124011381268532	0.0835633211613624
0.0124042023452878	0.120085782737665
0.0124072680783826	0.0784767151404845
0.012410335327261	0.0666782816537255
0.0124134040930473	0.0380798015804436
0.0124164743768672	0.0562054175407596
0.0124195461798474	0.0772841227876229
0.0124226195031155	0.0833776685284863
0.0124256943478006	0.112664735361632
0.0124287707150326	0.0686229097091793
0.0124318486059427	0.0936769309417006
0.0124349280216631	0.160095159420762
0.0124380089633272	0.0792879606203563
0.0124410914320696	0.062207634176729
0.0124441754290258	0.0546901328307745
0.0124472609553327	0.0495627019888489
0.0124503480121281	0.0482720291854235
0.012453436600551	0.0517284019292516
0.0124565267217416	0.0648420374508762
0.0124596183768411	0.0788242016086185
0.012462711566992	0.141741927794913
0.0124658062933378	0.146764927497996
0.0124689025570232	0.0526421727097001
0.012472000359194	0.0544881951479298
0.0124750997009972	0.0562970566510829
0.0124782005835809	0.0816489383509256
0.0124813030080943	0.0791305221151568
0.0124844069756878	0.0498463049145283
0.0124875124875129	0.0910243413206884
0.0124906195447223	0.039480305804189
0.0124937281484699	0.0851652930122131
0.0124968382999106	0.157432456327127
0.0124999500002004	0.0548593301523269
0.0125030632504968	0.105557598523503
0.0125061780519581	0.103803730020804
0.0125092944057439	0.0867409802692894
0.0125124123130149	0.102314363541606
0.0125155317749331	0.0890027043359009
0.0125186527926615	0.0705808154603725
0.0125217753673643	0.0348985295297707
0.0125248995002068	0.0800142222269513
0.0125280251923557	0.0720445284411538
0.0125311524449786	0.033347378153114
0.0125342812592445	0.0730872371233223
0.0125374116363232	0.0893004585364108
0.0125405435773861	0.124485278905954
0.0125436770836055	0.112164126832089
0.012546812156155	0.0319054611384912
0.0125499487962093	0.0577551193480663
0.0125530870049443	0.0240596097645915
0.0125562267835371	0.0787600488954249
0.0125593681331659	0.0909165289903475
0.0125625110550102	0.0402409992541668
0.0125656555502505	0.0575798975760998
0.0125688016200687	0.0803461610349341
0.0125719492656477	0.0885803812954649
0.0125750984881718	0.0840802499140838
0.0125782492888262	0.0466274005930217
0.0125814016687975	0.0957695410282158
0.0125845556292735	0.041738265303169
0.012587711171443	0.154224621997597
0.0125908682964962	0.106179114098504
0.0125940270056244	0.0555073366051326
0.0125971873000201	0.0618765233627869
0.0126003491808769	0.0551034195535937
0.0126035126493899	0.0730169660357443
0.012606677706755	0.0526952470172827
0.0126098443541696	0.0241382583980484
0.0126130125928322	0.045691394419207
0.0126161824239425	0.100863180593003
0.0126193538487014	0.178004712227751
0.0126225268683111	0.119671456309267
0.0126257014839749	0.0637750767968677
0.0126288776968973	0.062578472309471
0.012632055508284	0.0586978403291696
0.0126352349193421	0.128913476743239
0.0126384159312798	0.0780484656164341
0.0126415985453064	0.0231009455580422
0.0126447827626326	0.0472373721533419
0.0126479685844701	0.0841259819992596
0.0126511560120322	0.0966358948284768
0.012654345046533	0.0810799851882636
0.0126575356891881	0.0526130707609269
0.0126607279412141	0.0989608423417006
0.0126639218038292	0.121794968099766
0.0126671172782524	0.219269796911075
0.0126703143657042	0.121711013978769
0.0126735130674063	0.0651550740248688
0.0126767133845815	0.0530663381729572
0.012679915318454	0.0641194478616571
0.0126831188702491	0.0747983717947275
0.0126863240411934	0.041930197511367
0.0126895308325149	0.0378227321574754
0.0126927392454425	0.060941590505242
0.0126959492812066	0.169196131428209
0.0126991609410387	0.225275596319713
0.0127023742261718	0.131232545524238
0.0127055891378398	0.0613741500218762
0.0127088056772781	0.0626206623759051
0.0127120238457232	0.0740334735078729
0.0127152436444131	0.0966530616070213
0.0127184650745866	0.0673689049017008
0.0127216881374842	0.0173118009270317
0.0127249128343475	0.0562858056531369
0.0127281391664193	0.120262323850629
0.0127313671349438	0.116316900410045
0.0127345967411662	0.0794766797144418
0.0127378279863333	0.0468023861249258
0.0127410608716929	0.073336667230206
0.0127442953984942	0.120004708082325
0.0127475315679876	0.136588208579205
0.0127507693814249	0.101171812592903
0.012754008840059	0.0345464839497933
0.0127572499451443	0.0126833154387619
0.0127604926979361	0.0468550378082244
0.0127637370996913	0.059644250852246
0.0127669831516681	0.0238454740535269
0.0127702308551257	0.0524992464908227
0.0127734802113249	0.0760256312476804
0.0127767312215275	0.154600035230507
0.0127799838869967	0.183156287982275
0.0127832382089972	0.127694159961938
0.0127864941887946	0.0477858365808901
0.012789751827656	0.0403780298911272
0.0127930111268498	0.0635257619704468
0.0127962720876457	0.046794558406911
0.0127995347113146	0.0427613085618157
0.0128027989991288	0.0290913875612771
0.0128060649523619	0.0732605633683869
0.0128093325722886	0.130816236964594
0.0128126018601852	0.132380202314235
0.0128158728173291	0.115274974922994
0.0128191454449991	0.0709057399169955
0.0128224197444753	0.0870174123702395
0.0128256957170389	0.160677156482308
0.0128289733639728	0.161694944507125
0.0128322526865609	0.139582135902356
0.0128355336860885	0.0660030870472386
0.0128388163638422	0.0268099676544269
0.0128421007211101	0.0780182483425228
0.0128453867591813	0.103362818844505
0.0128486744793464	0.0729237313741862
0.0128519638828975	0.0738901290343189
0.0128552549711275	0.13038778529516
0.0128585477453312	0.247040252872168
0.0128618422068045	0.272723462371099
0.0128651383568444	0.180309686351794
0.0128684361967496	0.0849441320331073
0.0128717357278199	0.0850033749776441
0.0128750369513565	0.114951380116918
0.012878339868662	0.0815289447940631
0.0128816444810402	0.0426955714022404
0.0128849507897964	0.0454242029913436
0.0128882587962371	0.156373310169105
0.0128915685016702	0.245160198613748
0.0128948799074049	0.216141007775747
0.0128981930147518	0.136637419961606
0.012901507825023	0.0716905018785948
0.0129048243395315	0.122504565867632
0.0129081425595922	0.178344431803498
0.0129114624865209	0.140797025154282
0.012914784121635	0.100908637265554
0.0129181074662532	0.0616713295034257
0.0129214325216955	0.0677299423822938
0.0129247592892834	0.130717145349661
0.0129280877703397	0.133589354956791
0.0129314179661884	0.0713586366578263
0.0129347498781551	0.0592201603411426
0.0129380835075666	0.11726573321117
0.0129414188557512	0.155720739986298
0.0129447559240385	0.160863850287305
0.0129480947137595	0.110333434781046
0.0129514352262465	0.0366683280015182
0.0129547774628332	0.033905156519708
0.0129581214248547	0.0649096055004731
0.0129614671136476	0.0507442167261177
0.0129648145305497	0.0341877792165897
0.0129681636769002	0.0469097669151278
0.0129715145540398	0.0891379154458634
0.0129748671633104	0.132284961308118
0.0129782215060556	0.141321021895422
0.01298157758362	0.0790120672825488
0.0129849353973498	0.0290134969784939
0.0129882949485928	0.064412482456462
0.0129916562386977	0.123086955868886
0.012995019269015	0.151098540985015
0.0129983840408965	0.122582902986584
0.0130017505556953	0.0266717673779131
0.0130051188147659	0.020670726181554
0.0130084888194645	0.105552182644961
0.0130118605711483	0.127610838534742
0.0130152340711761	0.0835965658832324
0.0130186093209081	0.0529651252676844
0.013021986321706	0.102647359457113
0.0130253650749328	0.212665014537989
0.0130287455819528	0.259543883584607
0.013032127844132	0.168736466202805
0.0130355118628377	0.0584082020943544
0.0130388976394384	0.0620253780889634
0.0130422851753044	0.11263661517105
0.0130456744718072	0.0925977356116753
0.0130490655303197	0.0377676584788931
0.0130524583522163	0.0327654379725809
0.0130558529388729	0.138156315631405
0.0130592492916668	0.230702847274426
0.0130626474119765	0.210862290731314
0.0130660473011822	0.134442874776104
0.0130694489606656	0.0900511202940914
0.0130728523918095	0.15818085712938
0.0130762575959985	0.219017625447204
0.0130796645746184	0.14894459066789
0.0130830733290565	0.0489203445159343
0.0130864838607016	0.0221061396527529
0.013089896170944	0.0917713773708518
0.0130933102611753	0.127423751148833
0.0130967261327887	0.109375698966426
0.0131001437871786	0.0596210155689307
0.0131035632257413	0.0601272305323516
0.0131069844498741	0.158586362715608
0.013110407460976	0.178520875399939
0.0131138322604474	0.125969176824722
0.0131172588496903	0.0837274967929838
0.0131206872301079	0.0396314782104125
0.0131241174031051	0.0449663333174036
0.0131275493700881	0.0537359163850373
0.0131309831324647	0.0427579827675297
0.0131344186916442	0.0636241693228965
0.0131378560490372	0.0812080735029356
0.0131412952060559	0.101021346434129
0.013144736164114	0.0988082551620887
0.0131481789246267	0.11690441866812
0.0131516234890104	0.0912766622131921
0.0131550698586834	0.0259634598323813
0.0131585180350653	0.0799155378329639
0.013161968019577	0.105333380124034
0.0131654198136413	0.0996212486104505
0.0131688734186821	0.0914212024310104
0.0131723288361251	0.0343319146247128
0.0131757860673972	0.0332642757238648
0.0131792451139271	0.080541044840385
0.0131827059771448	0.132605939234827
0.0131861686584818	0.0437948468515738
0.0131896331593713	0.0203945027397849
0.0131930994812478	0.128442702683669
0.0131965676255473	0.148458248862687
0.0132000375937075	0.190758501238942
0.0132035093871675	0.148348554648806
0.0132069830073678	0.0317870898741023
0.0132104584557507	0.0725162093309989
0.0132139357337597	0.133618883017789
0.0132174148428401	0.111273614526875
0.0132208957844385	0.0985112264233547
0.0132243785600032	0.0669530396335979
0.0132278631709838	0.093947267826488
0.0132313496188317	0.163949795710661
0.0132348379049997	0.191935718737617
0.0132383280309421	0.119900774896889
0.0132418199981148	0.0973799895788694
0.0132453138079752	0.170209506520297
0.0132488094619822	0.159923444111302
0.0132523069615963	0.135637059622892
0.0132558063082796	0.0658756618686186
0.0132593075034956	0.0321149599415745
0.0132628105487094	0.091693323824825
0.0132663154453878	0.0970485780141389
0.0132698221949989	0.0712979833992439
0.0132733307990125	0.0289792048275173
0.0132768412588999	0.076794078344487
0.0132803535761341	0.137553931002484
0.0132838677521894	0.0902464642221039
0.0132873837885418	0.0713823318174226
0.013290901686669	0.0352893592946154
0.0132944214480501	0.0322750139769336
0.0132979430741657	0.045200376228832
0.0133014665664982	0.0505316386714829
0.0133049919265313	0.0186272959276192
0.0133085191557506	0.0792374036626138
0.0133120482556429	0.0802376272824968
0.0133155792276968	0.0503518468029191
0.0133191120734026	0.0476330517180599
0.0133226467942519	0.0487950658140599
0.013326183391738	0.0754806204753305
0.0133297218673558	0.0557490421228301
0.0133332622226019	0.0226180035308516
0.0133368044589743	0.0308125792950173
0.0133403485779726	0.0835575613245841
0.0133438945810982	0.0809998551577028
0.0133474424698539	0.0473324424059028
0.0133509922457441	0.0304415208388185
0.013354543910275	0.0312857056494623
0.0133580974649541	0.0733400644709043
0.0133616529112908	0.0482911876912056
0.0133652102507959	0.0233179339648983
0.013368769484982	0.0194455740912234
0.013372330615363	0.0603180717965605
0.0133758936434548	0.0642946891439981
0.0133794585707746	0.0481554928386015
0.0133830253988414	0.038571032828385
0.0133865941291757	0.0467287735959423
0.0133901647632998	0.0978131718642164
0.0133937373027375	0.0828059979174348
0.0133973117490141	0.0613058305582165
0.0134008881036569	0.0239702228215944
0.0134044663681943	0.0239429731222168
0.0134080465441569	0.0611623677621951
0.0134116286330765	0.0735749281158959
0.0134152126364868	0.0864298185697127
0.013418798555923	0.0541014285294235
0.013422386392922	0.104297863116012
0.0134259761490223	0.139927435533873
0.0134295678257642	0.130451957914289
0.0134331614246893	0.0838916734562896
0.0134367569473413	0.0528819285880263
0.0134403543952651	0.0438956526070378
0.0134439537700077	0.0570103786265301
0.0134475550731175	0.0819385005672191
0.0134511583061445	0.0223939691302523
0.0134547634706405	0.0975727756853409
0.013458370568159	0.0884953904278238
0.013461979600255	0.0503595450207914
0.0134655905684854	0.0364952233043178
0.0134692034744084	0.043793265608188
0.0134728183195843	0.0424008976001834
0.0134764351055748	0.055183470408849
0.0134800538339434	0.0595270469349454
0.0134836745062553	0.0585199824790185
0.0134872971240771	0.084637860085887
0.0134909216889775	0.097851457806061
0.0134945482025266	0.0370398641692179
0.0134981766662964	0.0272146262349023
0.0135018070818603	0.0554147438578176
0.0135054394507937	0.0486965607654963
0.0135090737746734	0.0350535330364216
0.0135127100550783	0.038958113015027
0.0135163482935885	0.0253631140994933
0.0135199884917862	0.0853796635775577
0.0135236306512552	0.0907414505849548
0.0135272747735809	0.0522639338380139
0.0135309208603505	0.0363807680003722
0.0135345689131529	0.0576213761859146
0.0135382189335787	0.0990318559861911
0.0135418709232202	0.065745751029162
0.0135455248836715	0.109160631055669
0.0135491808165283	0.0349414224137363
0.0135528387233881	0.0193515160317526
0.0135564986058501	0.0372748390038052
0.0135601604655153	0.023222564456012
0.0135638243039864	0.047958946143118
0.0135674901228676	0.0352777635086984
0.0135711579237653	0.0655264087216109
0.0135748277082872	0.0921768618121242
0.0135784994780429	0.0604382436975624
0.0135821732346439	0.0291498318063662
0.0135858489797032	0.0203234952270119
0.0135895267148356	0.0209792628597995
0.0135932064416579	0.0378474728786089
0.0135968881617882	0.0288063655050183
0.0136005718768467	0.040853089909797
0.0136042575884553	0.0649889567016979
0.0136079452982376	0.0639441616948062
0.013611635007819	0.0664366255404801
0.0136153267188265	0.026257695680988
0.0136190204328892	0.047640852508464
0.0136227161516376	0.028955780607214
0.0136264138767043	0.0281630868415679
0.0136301136097234	0.0422968972171832
0.013633815352331	0.0534570978752503
0.0136375191061647	0.126183472370286
0.0136412248728642	0.0922526277548087
0.0136449326540708	0.062375816602969
0.0136486424514277	0.0453437957134835
0.0136523542665796	0.0358676740890557
0.0136560681011733	0.0673590733072952
0.0136597839568574	0.0413851960932927
0.013663501835282	0.0524859762411772
0.0136672217380993	0.0492099347890399
0.0136709436669631	0.043224452036155
0.0136746676235292	0.064007183294686
0.013678393609455	0.0644490367675754
0.0136821216263997	0.0798901130280687
0.0136858516760246	0.0797894207091748
0.0136895837599925	0.0640841241697033
0.0136933178799681	0.0759338926104077
0.013697054037618	0.0635951166457766
0.0137007922346106	0.0344091926212493
0.0137045324726161	0.0614349983683114
0.0137082747533063	0.055862087377757
0.0137120190783553	0.107305151533198
0.0137157654494387	0.0817981802836847
0.0137195138682339	0.0968707050056346
0.0137232643364202	0.0907718558128524
0.013727016855679	0.12401133939458
0.0137307714276931	0.168283818891695
0.0137345280541475	0.0759390226343196
0.0137382867367287	0.0749271553796498
0.0137420474771254	0.0597553134081859
0.013745810277028	0.053446564384801
0.0137495751381287	0.0833415547035568
0.0137533420621215	0.0922952218607474
0.0137571110507026	0.0987431328156148
0.0137608821055695	0.0751198644531162
0.0137646552284222	0.082492109126667
0.013768430420962	0.090569269280801
0.0137722076848923	0.0664447202996092
0.0137759870219186	0.112909525206867
0.0137797684337479	0.0787661980462462
0.0137835519220892	0.0480560035049183
0.0137873374886535	0.0988040447368778
0.0137911251351535	0.0649833258487377
0.0137949148633039	0.059167835660289
0.0137987066748212	0.0504587261199906
0.013802500571424	0.0610131026310161
0.0138062965548324	0.111349424331182
0.0138100946267688	0.0844806094944509
0.0138138947889573	0.0849047157389338
0.0138176970431238	0.103825571174326
0.0138215013909964	0.158190373129169
0.0138253078343047	0.185692343475248
0.0138291163747806	0.0958012087660544
0.0138329270141576	0.115416128859595
0.0138367397541714	0.056735934395585
0.0138405545965594	0.0780812425778601
0.0138443715430609	0.0907982318001959
0.0138481905954173	0.0507586289397562
0.0138520117553717	0.0652436601574884
0.0138558350246694	0.0822351030710221
0.0138596604050573	0.100514451571743
0.0138634878982846	0.104327863309577
0.0138673175061021	0.145981459350644
0.0138711492302626	0.174508496953443
0.0138749830725211	0.0977447602096218
0.0138788190346342	0.0601316369215141
0.0138826571183607	0.115857864640429
0.0138864973254611	0.0474544684466284
0.013890339657698	0.071117228228173
0.0138941841168361	0.0504967268362232
0.0138980307046417	0.0745875006649348
0.0139018794228834	0.128359794283628
0.0139057302733315	0.165242061737913
0.0139095832577584	0.15453527310818
0.0139134383779384	0.143465851753713
0.0139172956356479	0.143774149079938
0.0139211550326651	0.141026382909847
0.0139250165707702	0.0678120473451821
0.0139288802517455	0.0548504751003424
0.0139327460773751	0.0891661490823583
0.0139366140494453	0.123096336539351
0.0139404841697443	0.0750135327994512
0.013944356440062	0.0751154225992801
0.0139482308621908	0.120979917583971
0.0139521074379247	0.089451772758365
0.0139559861690599	0.103551006800189
0.0139598670573945	0.117842289342085
0.0139637501047286	0.148813885044743
0.0139676353128643	0.12596721825799
0.0139715226836058	0.118199932346863
0.0139754122187593	0.0483358178061821
0.0139793039201328	0.0533137405209862
0.0139831977895366	0.0831598805193688
0.0139870938287828	0.115577851967499
0.0139909920396856	0.032859434247373
0.0139948924240614	0.0575427129886184
0.0139987949837283	0.130300282417046
0.0140026997205066	0.189786682155973
0.0140066066362186	0.207793100265986
0.0140105157326888	0.243836273793651
0.0140144270117434	0.155608121974768
0.014018340475211	0.106900527524075
0.0140222561249219	0.122301929533793
0.0140261739627088	0.109157440129972
0.0140300939904061	0.135225127329202
0.0140340162098505	0.124033546781441
0.0140379406228807	0.0608025615609919
0.0140418672313374	0.0802050653423759
0.0140457960370634	0.12241667241788
0.0140497270419035	0.150285665510016
0.0140536602477047	0.183328466945225
0.0140575956563159	0.192405531469896
0.0140615332695882	0.244061429949889
0.0140654730893747	0.20193639430089
0.0140694151175307	0.106197274788071
0.0140733593559135	0.0421424959195883
0.0140773058063823	0.0951043182133964
0.0140812544707988	0.130589741607156
0.0140852053510263	0.131822913296777
0.0140891584489306	0.0920727630980337
0.0140931137663795	0.133774551921989
0.0140970713052427	0.212302737814646
0.0141010310673921	0.306690914205061
0.0141049930547019	0.255618857354489
0.0141089572690481	0.170809449827714
0.0141129237123091	0.0730434175366801
0.0141168923863651	0.0479427992191743
0.0141208632930987	0.0646000451704721
0.0141248364343945	0.106275565193914
0.0141288118121393	0.155906302897464
0.0141327894282217	0.167515234105602
0.0141367692845329	0.108073430154627
0.0141407513829659	0.102826505611711
0.0141447357254161	0.107252213635285
0.0141487223137806	0.109628222337129
0.0141527111499592	0.121681214672015
0.0141567022358534	0.125629866523704
0.014160695573367	0.142764639845143
0.0141646911644061	0.13851753790651
0.0141686890108786	0.0884696041949286
0.0141726891146949	0.0613997200901666
0.0141766914777674	0.072388893820676
0.0141806961020107	0.0999130593758363
0.0141847029893415	0.123038675485771
0.0141887121416787	0.0376263970878813
0.0141927235609434	0.0793065341368795
0.0141967372490589	0.169639984714787
0.0142007532079506	0.2907976296806
0.0142047714395461	0.312001715286378
0.0142087919457752	0.208346908754066
0.0142128147285698	0.0807314023579232
0.0142168397898642	0.082090723271565
0.0142208671315947	0.115967099146271
0.0142248967556998	0.157438422768068
0.0142289286641203	0.102850781459257
0.0142329628587992	0.0865131876450178
0.0142369993416816	0.10380997241705
0.0142410381147149	0.175892417817391
0.0142450791798486	0.214373640082466
0.0142491225390345	0.17715588854329
0.0142531681942267	0.197313147756827
0.0142572161473813	0.25086455682085
0.0142612664004568	0.249003338886157
0.0142653189554139	0.198167460296523
0.0142693738142155	0.0877767288823696
0.0142734309788267	0.0350901161571123
0.0142774904512148	0.110737635596195
0.0142815522333496	0.156303652510915
0.0142856163272028	0.140481717860032
0.0142896827347485	0.103865285077402
0.0142937514579631	0.242639489166136
0.0142978224988252	0.308897552053747
0.0143018958593156	0.347003431974131
0.0143059715414174	0.293084877034589
0.014310049547116	0.107090576834365
0.0143141298783991	0.0215231483234102
0.0143182125372565	0.0743862369752457
0.0143222975256803	0.0544804376776723
0.0143263848456652	0.0947927015723385
0.0143304744992077	0.135937877439928
0.0143345664883069	0.179896691090524
0.0143386608149641	0.195536433134191
0.0143427574811828	0.200876769404883
0.0143468564889689	0.153927598598384
0.0143509578403306	0.0804788755797201
0.0143550615372783	0.0926847804833732
0.0143591675818247	0.0968399672735141
0.0143632759759851	0.125882647298177
0.0143673867217766	0.135468679271898
0.014371499821219	0.141923365591063
0.0143756152763343	0.0889756067031612
0.0143797330891468	0.0756115572212489
0.014383853261683	0.0796032326737373
0.0143879757959721	0.107460681447593
0.0143921006940451	0.0731003365251675
0.0143962279579358	0.122024875479334
0.0144003575896801	0.171748293477752
0.0144044895913163	0.258741895179324
0.0144086239648849	0.243520328192811
0.014412760712429	0.141219638079746
0.0144168998359938	0.0444747136745469
0.014421041337627	0.0460902412205417
0.0144251852193787	0.087255014374853
0.0144293314833011	0.114074467565393
0.0144334801314491	0.0583835145094524
0.0144376311658796	0.0958447883612549
0.0144417845886522	0.209089327736953
0.0144459404018287	0.311900397705832
0.0144500986074734	0.255930029987175
0.0144542592076527	0.157502014683348
0.0144584222044356	0.17983239856105
0.0144625875998936	0.21518289346897
0.0144667553961002	0.283495203433524
0.0144709255951318	0.199454166240558
0.0144750981990666	0.126503213668409
0.0144792732099858	0.0619594920474177
0.0144834506299726	0.172270980971835
0.0144876304611128	0.205861281105104
0.0144918127054944	0.144764140070451
0.014495997365208	0.168435039469492
0.0145001844423466	0.292713413187888
0.0145043739390055	0.304674271943946
0.0145085658572826	0.320939709702216
0.0145127601992781	0.167567925794887
0.0145169569670946	0.0517610911726043
0.0145211561628372	0.0463955479900738
0.0145253577886135	0.110550141840067
0.0145295618465334	0.0709639256919469
0.0145337683387094	0.0556991122322575
0.0145379772672562	0.147858161606491
0.0145421886342912	0.267396453252092
0.0145464024419341	0.293808718283293
0.0145506186923073	0.315401652110851
0.0145548373875352	0.147775039458875
0.0145590585297452	0.0694330435532437
0.0145632821210668	0.0947893429574208
0.014567508163632	0.111977261096002
0.0145717366595756	0.153144908719119
0.0145759676110344	0.106172377581789
0.014580201020148	0.154496257697013
0.0145844368890584	0.0985647863754856
0.0145886752199102	0.133454277294233
0.0145929160148502	0.119274509623936
0.0145971592760281	0.0777655455409442
0.0146014050055957	0.0948296503302631
0.0146056532057077	0.14077516400133
0.0146099038785209	0.187341846013714
0.0146141570261949	0.236423793173149
0.0146184126508917	0.116947500742435
0.0146226707547759	0.0994316111109727
0.0146269313400146	0.034268095705631
0.0146311944087773	0.0468099783534766
0.0146354599632362	0.0639839424082207
0.0146397280055659	0.054466138994909
0.0146439985379437	0.050855691980287
0.0146482715625492	0.140536598222937
0.0146525470815647	0.269552154893553
0.0146568250971752	0.363095871964759
0.014661105611568	0.208451677005847
0.0146653886269329	0.130621230193922
0.0146696741454626	0.0982786729042108
0.0146739621693521	0.1763054318948
0.014678252700799	0.227613541676354
0.0146825457420035	0.124730617883739
0.0146868412951684	0.0931028322119919
0.014691139362499	0.118711436477778
0.0146954399462034	0.270305329081696
0.014699743048492	0.219721728321784
0.0147040486715779	0.103775009637592
0.0147083568176769	0.12638786266039
0.0147126674890072	0.187354284177597
0.0147169806877897	0.258968905009448
0.0147212964162481	0.242906596496457
0.0147256146766083	0.0653808962048456
0.0147299354710992	0.0530948781497945
0.014734258801952	0.11529072988682
0.0147385846714008	0.147099820470169
0.0147429130816821	0.113129353699759
0.0147472440350352	0.0773163038407325
0.0147515775337019	0.126608734570685
0.0147559135799268	0.240124726366165
0.0147602521759568	0.306655247094865
0.014764593324042	0.258342573093391
0.0147689370264345	0.119208944643759
0.0147732832853896	0.099948087805202
0.0147776321031649	0.104603368252039
0.0147819834820208	0.142832311786427
0.0147863374242205	0.0955832126105652
0.0147906939320295	0.0485189835310644
0.0147950530077164	0.134682545381067
0.0147994146535521	0.153233899853466
0.0148037788718104	0.170877464470923
0.0148081456647677	0.112147247137969
0.0148125150347032	0.0244468131228419
0.0148168869838987	0.0600652683872095
0.0148212615146385	0.139714304403387
0.0148256386292101	0.153713516174365
0.0148300183299031	0.139310459834316
0.0148344006190103	0.101611735235995
0.014838785498827	0.0821873796946895
0.0148431729716512	0.101078508168779
0.0148475630397836	0.135773628201362
0.0148519557055278	0.134805079106448
0.0148563509711898	0.0370846496391202
0.0148607488390788	0.104280884395876
0.0148651493115062	0.191118678007932
0.0148695523907866	0.228342789189613
0.014873958079237	0.214176900630416
0.0148783663791774	0.119143010285549
0.0148827772929304	0.0781484005309795
0.0148871908228215	0.102556364643292
0.0148916069711787	0.165548640054257
0.014896025740333	0.086254678856713
0.014900447132618	0.0327037333785584
0.0149048711503704	0.129825421958669
0.0149092977959292	0.16072750533084
0.0149137270716365	0.190952854824001
0.0149181589798371	0.164996697962378
0.0149225935228786	0.0490692528372199
0.0149270307031114	0.0738695757027969
0.0149314705228886	0.117880653443246
0.0149359129845663	0.1578776173468
0.0149403580905032	0.172127954047495
0.0149448058430609	0.0545238837565887
0.0149492562446038	0.0714754805363433
0.0149537092974991	0.149298690802172
0.014958165004117	0.158415885103702
0.0149626233668301	0.151770903680508
0.0149670843880144	0.0686897767626228
0.0149715480700482	0.090323030712869
0.0149760144153129	0.144057080309911
0.0149804834261928	0.222698834865604
0.014984955105075	0.14441938903615
0.0149894294543493	0.0334532684267002
0.0149939064764085	0.131254896000645
0.0149983861736482	0.128533591695853
0.0150028685484669	0.157004860114501
0.0150073536032661	0.104094870713221
0.0150118413404498	0.0242985598944294
0.0150163317624253	0.0708903497795373
0.0150208248716025	0.0974136920818353
0.0150253206703942	0.127768650836089
0.0150298191612163	0.120390646031404
0.0150343203464874	0.0510004761299142
0.0150388242286291	0.109244725893189
0.0150433308100658	0.121536507319243
0.0150478400932249	0.176984188979905
0.0150523520805366	0.206802194166679
0.0150568667744342	0.0885441186091458
0.0150613841773537	0.0871936625196903
0.0150659042917342	0.0950026702140635
0.0150704271200177	0.142365848598471
0.0150749526646491	0.155934647912334
0.0150794809280762	0.0682068185231278
0.0150840119127497	0.151017057866542
0.0150885456211235	0.189626117985043
0.0150930820556541	0.196974696867031
0.0150976212188012	0.127900463312895
0.0151021631130275	0.0313028836463967
0.0151067077407984	0.0745708926229678
0.0151112551045824	0.0961643009916654
0.0151158052068512	0.126347158111232
0.0151203580500791	0.0514047533864704
0.0151249136367436	0.0524578759688504
0.0151294719693252	0.147143687472556
0.0151340330503072	0.159418659982568
0.0151385968821762	0.174979030277549
0.0151431634674215	0.187797661318726
0.0151477328085356	0.0863094348061381
0.0151523049080139	0.0963973160390418
0.0151568797683549	0.0875314875543237
0.01516145739206	0.102272993935395
0.0151660377816338	0.12148168557685
0.0151706209395838	0.124479420464787
0.0151752068684205	0.124384485112584
0.0151797955706576	0.114292656838228
0.0151843870488116	0.149161714861595
0.0151889813054023	0.166523426053094
0.0151935783429524	0.0999898227507773
0.0151981781639876	0.143014573215749
0.0152027807710369	0.131900853506372
0.0152073861666321	0.102685763472356
0.0152119943533082	0.0790544383030397
0.0152166053336032	0.0601896145841028
0.0152212191100584	0.0380742917476953
0.0152258356852179	0.125442203646561
0.015230455061629	0.138074755591766
0.0152350772418421	0.105059851897103
0.0152397022284107	0.098457323555504
0.0152443300238914	0.0663341920144408
0.0152489606308439	0.136845920464162
0.015253594051831	0.249992654747318
0.0152582302894186	0.196964142598246
0.0152628693461758	0.0873652824168375
0.0152675112246747	0.0942239035096459
0.0152721559274907	0.0942042731259059
0.0152768034572022	0.165515723685054
0.0152814538163908	0.186626615014655
0.0152861070076411	0.0902506549479476
0.0152907630335411	0.080419258671742
0.0152954218966817	0.227392242914689
0.0153000835996573	0.199222189459345
0.015304748145065	0.150719642037169
0.0153094155355055	0.14955098063225
0.0153140857735823	0.133413784741314
0.0153187588619025	0.171899366772894
0.015323434803076	0.166496412004006
0.015328113599716	0.0513700606215538
0.015332795254439	0.0753103136107321
0.0153374797698647	0.0816000106234816
0.0153421671486158	0.174725602051759
0.0153468573933183	0.163841176692779
0.0153515505066016	0.083569486486281
0.0153562464910982	0.0461702748663381
0.0153609453494436	0.10662623103897
0.0153656470842768	0.157905628205568
0.0153703516982399	0.179926774612681
0.0153750591939784	0.18570799434335
0.0153797695741408	0.142181221247977
0.0153844828413791	0.134199510343962
0.0153891989983483	0.229455628855534
0.0153939180477068	0.176434615432451
0.0153986399921164	0.099847236111149
0.0154033648342418	0.142185014019956
0.0154080925767513	0.124471248904982
0.0154128232223163	0.115410966813533
0.0154175567736115	0.0770385688378792
0.0154222932333151	0.0952797167254269
0.0154270326041083	0.110529406029075
0.0154317748886757	0.0831742445160602
0.0154365200897052	0.0894473204701314
0.0154412682098881	0.0222828319949274
0.0154460192519189	0.0848456797633649
0.0154507732184954	0.15759478393911
0.0154555301123189	0.119375296063476
0.0154602899360938	0.131040694122242
0.015465052692528	0.179077117540556
0.0154698183843326	0.20343792301283
0.0154745870142222	0.121076097242318
0.0154793585849147	0.0808372782833107
0.0154841330991311	0.105649780829295
0.0154889105595962	0.166487698973285
0.0154936909690379	0.151931044637112
0.0154984743301874	0.0866113497712524
0.0155032606457795	0.0972650605506675
0.0155080499185522	0.124127195443016
0.015512842151247	0.158016032450842
0.0155176373466086	0.129401454312265
0.0155224355073854	0.0355029461460747
0.015527236636329	0.0559922464547453
0.0155320407361944	0.164524818484216
0.01553684780974	0.14223007854818
0.0155416578597277	0.129443303516335
0.0155464708889228	0.104168701748261
0.015551286900094	0.0877931751201397
0.0155561058960135	0.118464014705961
0.0155609278794568	0.0967035715253167
0.015565752853203	0.0814544992330615
0.0155705808200345	0.0661872817985245
0.0155754117827372	0.17547484596393
0.0155802457441006	0.200445829983851
0.0155850827069174	0.186943118184
0.015589922673984	0.0956138310200773
0.0155947656481002	0.0345560842283307
0.0155996116320693	0.106875214065687
0.015604460628698	0.0885796262085213
0.0156093126407965	0.110791196998309
0.0156141676711786	0.095609165633466
0.0156190257226616	0.135367523089007
0.0156238867980661	0.236035858427555
0.0156287509002165	0.245416428552619
0.0156336180319406	0.17230086378202
0.0156384881960696	0.0683965545543107
0.0156433613954384	0.0581912486382972
0.0156482376328853	0.0601851076746274
0.0156531169112523	0.0318308949203166
0.0156579992333848	0.0341453190250803
0.0156628846021319	0.107511681679877
0.015667773020346	0.13808817367495
0.0156726644908834	0.195632207236825
0.0156775590166036	0.127538054197928
0.0156824566003701	0.0695193341129835
0.0156873572450496	0.12115533045575
0.0156922609535125	0.0877032039629199
0.0156971677286329	0.10904207393004
0.0157020775732884	0.0583474370341417
0.0157069904903602	0.0981296805490608
0.0157119064827331	0.134655464803088
0.0157168255532956	0.172320704562853
0.0157217477049398	0.15191224267112
0.0157266729405612	0.0593255679113548
0.0157316012630593	0.152962005402274
0.0157365326753369	0.0930996338653907
0.0157414671803007	0.0884527274528897
0.0157464047808609	0.085418650039582
0.0157513454799314	0.0634447485313862
0.0157562892804297	0.108150133998329
0.015761236185277	0.10868880965337
0.0157661861973982	0.0788058370163937
0.0157711393197219	0.0581580731752578
0.0157760955551802	0.0733734606419166
0.0157810549067092	0.109345946582296
0.0157860173772484	0.130937411595626
0.0157909829697412	0.0525550283650041
0.0157959516871345	0.0893394800378441
0.0158009235323791	0.0755273911184402
0.0158058985084295	0.0684637988255512
0.0158108766182437	0.176598153433901
0.0158158578647838	0.16801097200332
0.0158208422510152	0.236803785640007
0.0158258297799075	0.194052454185392
0.0158308204544337	0.217479938279621
0.0158358142775706	0.146574389041319
0.015840811252299	0.0647115503990522
0.0158458113816031	0.128888713024899
0.0158508146684712	0.0798864591539451
0.0158558211158951	0.0678964121365082
0.0158608307268706	0.0750333292426717
0.0158658435043972	0.203402371723102
0.0158708594514782	0.220272334089627
0.0158758785711206	0.243319496989664
0.0158809008663354	0.238210255917779
0.0158859263401372	0.136032338724114
0.0158909549955447	0.102095011517319
0.01589598683558	0.194898824035009
0.0159010218632695	0.0941689140596082
0.0159060600816431	0.0784386318381479
0.0159111014937347	0.254007818892252
0.015916146102582	0.275076541743316
0.0159211939112265	0.296804388676346
0.0159262449227136	0.192612934611886
0.0159312991400927	0.132908735486235
0.0159363565664168	0.179110261315366
0.0159414172047431	0.0999650857953999
0.0159464810581324	0.171604745386731
0.0159515481296496	0.0783302485129875
0.0159566184223632	0.0912100474999511
0.0159616919393461	0.187754146294583
0.0159667686836745	0.240437005608578
0.0159718486584291	0.214662765676337
0.0159769318666941	0.158025710568804
0.0159820183115578	0.175159479075702
0.0159871079961124	0.0961304968261543
0.0159922009234541	0.0935331454609928
0.015997297096683	0.121217727207927
0.0160023965189032	0.0644464956071832
0.0160074991932225	0.0488184597945319
0.0160126051227531	0.158748241499445
0.0160177143106109	0.11326126514267
0.0160228267599157	0.0497668905459583
0.0160279424737916	0.0491661464168485
0.0160330614553664	0.112910007396274
0.016038183707772	0.155691038585032
0.0160433092341442	0.0975641209010079
0.0160484380376232	0.111385743273151
0.0160535701213526	0.0357104105728824
0.0160587054884806	0.0772717431415865
0.0160638441421591	0.161632677406558
0.0160689860855441	0.0837214181377394
0.0160741313217956	0.10615125312195
0.0160792798540778	0.106603440812072
0.0160844316855589	0.130402822083246
0.016089586819411	0.0653458617151262
0.0160947452588104	0.0640463356029108
0.0160999070069376	0.114823198712414
0.016105072066977	0.0896761030948703
0.016110240442117	0.0805531065551981
0.0161154121355504	0.133192239060452
0.0161205871504739	0.147111419620803
0.0161257654900883	0.148707141622493
0.0161309471575986	0.173401820202053
0.0161361321562137	0.152214317021483
0.0161413204891471	0.10039423699096
0.0161465121596159	0.0628179982530641
0.0161517071708416	0.0580958949663168
0.0161569055260499	0.0615754074800775
0.0161621072284706	0.124697273129203
0.0161673122813376	0.229318704170974
0.016172520687889	0.225708798796891
0.016177732451367	0.238854150369982
0.0161829475750182	0.203076250433465
0.0161881660620931	0.145626505239868
0.0161933879158467	0.051134199475818
0.0161986131395379	0.0738165573036771
0.0162038417364301	0.133293876177545
0.0162090737097906	0.0505517180779329
0.0162143090628913	0.0621957919121774
0.0162195477990079	0.146048630986343
0.0162247899214206	0.198194741434238
0.0162300354334139	0.200841984055002
0.0162352843382763	0.177126099185274
0.0162405366393008	0.0634916851657486
0.0162457923397845	0.0575114084047926
0.0162510514430289	0.0846267106440068
0.0162563139523396	0.0716163235132792
0.0162615798710266	0.0164178937395242
0.0162668492024043	0.113584537880353
0.0162721219497912	0.212538431309581
0.0162773981165102	0.121158881080118
0.0162826777058884	0.121481447174202
0.0162879607212575	0.140563662006766
0.0162932471659531	0.122143709468723
0.0162985370433155	0.111979772345848
0.0163038303566892	0.0953057993103173
0.016309127109423	0.0647528238920825
0.0163144273048702	0.0408715899632973
0.0163197309463882	0.0938191103774012
0.0163250380373391	0.0615163820691538
0.0163303485810892	0.0468033035024726
0.016335662581009	0.098980290856099
0.0163409800404738	0.0762321900641064
0.016346300962863	0.0833847372464487
0.0163516253515604	0.0832632644986369
0.0163569532099544	0.116495164021678
0.0163622845414376	0.145131160989448
0.0163676193494073	0.142368539269485
0.0163729576372648	0.138482261550197
0.0163782994084163	0.174964769785724
0.0163836446662722	0.0613849329789305
0.0163889934142474	0.0898438262404093
0.0163943456557612	0.10461694815472
0.0163997013942375	0.100221709044398
0.0164050606331046	0.0996313783350943
0.0164104233757952	0.0887397795344852
0.0164157896257468	0.147022644761221
0.0164211593864009	0.125296420863672
0.0164265326612039	0.196118878347974
0.0164319094536066	0.1730581961058
0.0164372897670644	0.156568711864004
0.0164426736050369	0.201265201550264
0.0164480609709887	0.148533948684528
0.0164534518683887	0.0743445325581863
0.0164588463007102	0.0619400665368414
0.0164642442714313	0.0756975482637385
0.0164696457840347	0.120631730473597
0.0164750508420074	0.0609241537244484
0.0164804594488412	0.0806802845432512
0.0164858716080324	0.11853450489617
0.016491287323082	0.155292093714017
0.0164967065974954	0.143626407985739
0.0165021294347828	0.106294947747524
0.0165075558384589	0.0850727254246352
0.0165129858120431	0.105779313270645
0.0165184193590594	0.0682292991389682
0.0165238564830364	0.122341546994905
0.0165292971875075	0.0275290221004422
0.0165347414760106	0.0974309768779609
0.0165401893520882	0.189129702024731
0.0165456408192877	0.142206898617904
0.016551095881161	0.158480334765442
0.0165565545412647	0.089787672207696
0.0165620168031603	0.0735997526750669
0.0165674826704136	0.0746611805064953
0.0165729521465956	0.108094359387751
0.0165784252352815	0.085343981546738
0.0165839019400517	0.048521409560122
0.016589382264491	0.0770291541388899
0.0165948662121891	0.0819555164927364
0.0166003537867404	0.0617702317280143
0.0166058449917441	0.063374045369806
0.016611339830804	0.0119584626577527
0.016616838307529	0.0649129491591589
0.0166223404255324	0.0816054147203655
0.0166278461884326	0.0883425820998769
0.0166333555998525	0.128854028898198
0.0166388686634201	0.143726765816431
0.0166443853827681	0.131781439976574
0.0166499057615339	0.135335071760468
0.0166554298033598	0.0959897922618582
0.0166609575118931	0.108348549918272
0.0166664888907857	0.0657429912028679
0.0166720239436944	0.100517325307401
0.016677562674281	0.107249752463341
0.0166831050862121	0.185856733973115
0.0166886511831591	0.257252589141403
0.0166942009687984	0.15227251266716
0.0166997544468111	0.0930430302726345
0.0167053116208835	0.0763211950470676
0.0167108724947065	0.104798367589375
0.0167164370719761	0.104008524905904
0.0167220053563933	0.05220674668403
0.0167275773516637	0.0191621659423699
0.0167331530614982	0.0719397525292174
0.0167387324896124	0.156088302703534
0.0167443156397271	0.140399433729994
0.0167499025155679	0.0851180342465062
0.0167554931208652	0.0993680403141966
0.0167610874593549	0.149407544286674
0.0167666855347773	0.196069278652017
0.0167722873508781	0.122494246545748
0.0167778929114079	0.0440662524824888
0.0167835022201222	0.0830012483829359
0.0167891152807817	0.104790006549957
0.016794732097152	0.139734529837038
0.0168003526730038	0.111481283479855
0.0168059770121129	0.0338438835499943
0.0168116051182601	0.0954265825725698
0.0168172369952311	0.182794973384807
0.0168228726468171	0.205599936250688
0.0168285120768139	0.147244572213823
0.0168341552890227	0.0891235892187422
0.0168398022872498	0.0389599782977177
0.0168454530753064	0.0338123284373379
0.016851107657009	0.10006941454669
0.0168567660361792	0.0798879829528345
0.0168624282166436	0.042416350366769
0.0168680942022341	0.0690749529515341
0.0168737639967877	0.0925173289774791
0.0168794376041466	0.0585714746942151
0.0168851150281581	0.0282556882024091
0.0168907962726747	0.0257468478718118
0.0168964813415541	0.0380462663749578
0.0169021702386591	0.0771112711672211
0.016907862967858	0.179314057880822
0.0169135595330239	0.125819981660361
0.0169192599380354	0.104732738109195
0.0169249641867763	0.139599054572019
0.0169306722831355	0.0970033097168969
0.0169363842310074	0.128441571729846
0.0169421000342913	0.103228945170535
0.0169478196968921	0.0464264672036348
0.0169535432227199	0.0607284533024137
0.0169592706156899	0.129142952477839
0.0169650018797227	0.230363366801275
0.0169707370187443	0.236211505762367
0.016976476036686	0.128664454424248
0.0169822189374842	0.0488368822352986
0.0169879657250809	0.0445578770221206
0.0169937164034232	0.0819591642811544
0.0169994709764637	0.0849710914925004
0.0170052294481604	0.0803613210031895
0.0170109918224765	0.0570434802454099
0.0170167581033807	0.155767110570127
0.017022528294847	0.241919696783289
0.0170283024008549	0.176564434445106
0.0170340804253892	0.085125949565918
0.0170398623724401	0.112881059726466
0.0170456482460033	0.119439367340519
0.0170514380500799	0.168740689788261
0.0170572317886764	0.0771663843500625
0.0170630294658048	0.0192702635722648
0.0170688310854826	0.0711094392358147
0.0170746366517326	0.176300776660889
0.0170804461685831	0.214226346402485
0.0170862596400682	0.0975339348997463
0.0170920770702271	0.026862616246028
0.0170978984631046	0.0940879703838569
0.0171037238227512	0.18332281126365
0.0171095531532227	0.148873518833328
0.0171153864585806	0.0743185929526897
0.0171212237428918	0.0399400784350012
0.0171270650102288	0.0609060918042446
0.0171329102646697	0.063660005762743
0.0171387595102982	0.0476292027022292
0.0171446127512034	0.0161539569642476
0.0171504699914802	0.0430037835850887
0.0171563312352289	0.0997478525390262
0.0171621964865556	0.106004304887218
0.017168065749572	0.0476338761391978
0.0171739390283952	0.0516350190431932
0.0171798163271482	0.0808641124323507
0.0171856976499595	0.0698396640897415
0.0171915830009632	0.0437004371997126
0.0171974723842993	0.11377155453073
0.0172033658041133	0.0813055633853382
0.0172092632645564	0.0724530175151587
0.0172151647697855	0.0551636081333436
0.0172210703239633	0.0780617968637186
0.017226979931258	0.103023487285787
0.0172328935958437	0.0977045374049564
0.0172388113219001	0.0614003308243912
0.0172447331136129	0.0488825634540553
0.0172506589751734	0.148668633490299
0.0172565889107784	0.200117445521756
0.0172625229246309	0.172696804146806
0.0172684610209395	0.099086587973963
0.0172744032039186	0.083713518339475
0.0172803494777883	0.0810866635096988
0.0172862998467747	0.0964331972184235
0.0172922543151096	0.0965461893123814
0.0172982128870307	0.0887019436393015
0.0173041755667815	0.138872864171695
0.0173101423586113	0.185607589445905
0.0173161132667753	0.239638905723262
0.0173220882955347	0.169117223102381
0.0173280674491565	0.100894012789015
0.0173340507319135	0.0765099182788082
0.0173400381480844	0.089038733582133
0.0173460297019541	0.150928485337484
0.017352025397813	0.102293193155343
0.0173580252399578	0.070392271685543
0.017364029232691	0.0966371368692124
0.0173700373803209	0.212300524210389
0.0173760496871621	0.211305350434187
0.0173820661575349	0.125744327982192
0.0173880867957656	0.0443162664354975
0.0173941116061867	0.072351954184033
0.0174001405931365	0.143516754049549
0.0174061737609594	0.0891017741576895
0.0174122111140059	0.0338814513390903
0.0174182526566324	0.044245895111463
0.0174242983932014	0.155752982168601
0.0174303483280815	0.112292203787108
0.0174364024656473	0.0813553803729082
0.0174424608102796	0.0328819728353009
0.0174485233663651	0.0428424040356849
0.0174545901382967	0.155069860992896
0.0174606611304735	0.0689836959185332
0.0174667363473007	0.0645181760151257
0.0174728157931895	0.0809327801030549
0.0174788994725572	0.1071110498601
0.0174849873898276	0.0603929580909274
0.0174910795494303	0.027966871975253
0.0174971759558012	0.0770154462777333
0.0175032766133825	0.0682005238273201
0.0175093815266225	0.0505875610402718
0.0175154906999756	0.0538919671354366
0.0175216041379025	0.0662765898987943
0.0175277218448704	0.137460203917485
0.0175338438253522	0.20740027275324
0.0175399700838275	0.10547352722958
0.0175461006247821	0.112081004327057
0.0175522354527078	0.165868366788385
0.0175583745721029	0.132929077428906
0.0175645179874721	0.152898536814659
0.0175706657033261	0.0783359189424567
0.0175768177241823	0.139190757406401
0.017582974054564	0.105742683964914
0.0175891346990012	0.16809421214014
0.01759529966203	0.151243425501445
0.017601468948193	0.11492934394291
0.0176076425620393	0.194092974276887
0.017613820508124	0.163806945744587
0.0176200027910089	0.218105165310056
0.0176261894152622	0.152168983889957
0.0176323803854584	0.0766823177918606
0.0176385757061785	0.0573656825714945
0.0176447753820099	0.0730536115500892
0.0176509794175464	0.138764840483184
0.0176571878173885	0.153862285588889
0.0176634005861428	0.0607180249469591
0.0176696177284227	0.118516696897298
0.017675839248848	0.196100677249472
0.0176820651520451	0.183762503289211
0.0176882954426466	0.15978137817996
0.0176945301252919	0.0451247202160795
0.0177007692046271	0.0590272270824672
0.0177070126853044	0.101506599717382
0.0177132605719829	0.0488936610017882
0.0177195128693283	0.069763038204402
0.0177257695820127	0.0352532752471069
0.0177320307147148	0.16019599564947
0.0177382962721202	0.0961265779113389
0.0177445662589207	0.0662086779658256
0.0177508406798151	0.0844030115777194
0.0177571195395087	0.0565841481496928
0.0177634028427134	0.0911991811292714
0.0177696905941479	0.0609739902510019
0.0177759827985375	0.0750381269454298
0.0177822794606142	0.0983662277798084
0.0177885805851167	0.0959736903121723
0.0177948861767906	0.0540900329196101
0.0178011962403879	0.0319771048427219
0.0178075107806675	0.0602195029929467
0.0178138298023953	0.0962922814305654
0.0178201533103435	0.0181812769052662
0.0178264813092914	0.0411733962117315
0.017832813804025	0.0876836920896572
0.0178391507993372	0.153080667532042
0.0178454923000275	0.219732641603272
0.0178518383109024	0.127157085003295
0.0178581888367752	0.115740253215597
0.0178645438824661	0.0804445717673819
0.017870903452802	0.0749843938076009
0.0178772675526169	0.10473549568868
0.0178836361867515	0.0367910396581373
0.0178900093600534	0.0759664750666465
0.0178963870773773	0.091785782414364
0.0179027693435847	0.128880764614918
0.0179091561635441	0.179062895913415
0.0179155475421307	0.138603371917356
0.0179219434842271	0.117559743484459
0.0179283439947224	0.111532065787387
0.0179347490785131	0.105466336544459
0.0179411587405025	0.101590055363828
0.0179475729856008	0.0467951697977046
0.0179539918187255	0.0325310844028245
0.017960415244801	0.0661466113945595
0.0179668432687586	0.0977554063644207
0.017973275895537	0.106530155660045
0.0179797131300816	0.0707639736173508
0.0179861549773452	0.101493276208269
0.0179926014422874	0.095542884141023
0.0179990525298753	0.130543681688408
0.0180055082450828	0.125473464391038
0.0180119685928911	0.0473891455228571
0.0180184335782884	0.0924950037650663
0.0180249032062703	0.0300013590837782
0.0180313774818393	0.0433924955117723
0.0180378564100053	0.0533557829331149
0.0180443399957854	0.078406794364988
0.0180508282442037	0.0651950023281193
0.0180573211602917	0.0674711881412253
0.0180638187490883	0.0639956082355866
0.0180703210156393	0.0779072389928645
0.018076827964998	0.0820991941217047
0.0180833396022249	0.0483923163686173
0.0180898559323879	0.063127165639595
0.018096376960562	0.0576216799989349
0.0181029026918297	0.0994134949898466
0.0181094331312809	0.0702682647259471
0.0181159682840125	0.0539569642522127
0.0181225081551292	0.0383511763884129
0.0181290527497427	0.0528569055753804
0.0181356020729724	0.0837522987469049
0.0181421561299448	0.0460869314454035
0.018148714925794	0.0996757379891915
0.0181552784656616	0.104437891568029
0.0181618467546964	0.147645064465083
0.0181684197980549	0.168843188662677
0.0181749976009008	0.138599791443028
0.0181815801684056	0.122302780921728
0.018188167505748	0.0270289554157394
0.0181947596181143	0.076151126859307
0.0182013565106985	0.0163938088753409
0.018207958188702	0.0718652475527819
0.0182145646573336	0.0724711028396322
0.0182211759218098	0.0803608473792828
0.0182277919873548	0.0789412109873494
0.0182344128592002	0.122821150665731
0.0182410385425853	0.144816201029318
0.018247669042757	0.0544223651844849
0.0182543043649698	0.0860522621371109
0.0182609445144858	0.045176483696485
0.018267589496575	0.0692619431237013
0.0182742393165147	0.0647951827148813
0.0182808939795903	0.0542399001247999
0.0182875534910945	0.0619777918185339
0.018294217856328	0.0549771676556134
0.0183008870805991	0.105664877016431
0.0183075611692239	0.0485339578229375
0.0183142401275262	0.0724884969232258
0.0183209239608377	0.0559280982260623
0.0183276126744977	0.0749801455046292
0.0183343062738534	0.066935958082435
0.0183410047642599	0.105460186853693
0.0183477081510799	0.126973629351853
0.0183544164396842	0.0568083471798939
0.0183611296354513	0.0770875190703507
0.0183678477437676	0.0303393608691331
0.0183745707700273	0.104958219842226
0.0183812987196328	0.0580635185539323
0.018388031597994	0.0466238387293263
0.0183947694105291	0.0412088638122904
0.018401512162664	0.0946890261733167
0.0184082598598327	0.196377180766708
0.018415012507477	0.101791942723698
0.0184217701110469	0.137929204112252
0.0184285326760004	0.0919214889073404
0.0184353002078032	0.130664572820531
0.0184420727119294	0.12583028070902
0.018448850193861	0.0455809085594432
0.0184556326590881	0.0723938626105034
0.0184624201131087	0.055342994594701
0.0184692125614291	0.127492940850704
0.0184760100095637	0.100273498648986
0.0184828124630349	0.118346448450816
0.0184896199273733	0.115446420038448
0.0184964324081176	0.110411417199041
0.0185032499108149	0.0814048491809257
0.01851007244102	0.116830486182742
0.0185169000042964	0.110110695912383
0.0185237326062156	0.0651371885311775
0.0185305702523572	0.0643613547324306
0.0185374129483093	0.0629286469198843
0.0185442606996681	0.137479085173564
0.018551113512038	0.0880828539004086
0.0185579713910318	0.082872763635894
0.0185648343422707	0.0788313212536806
0.018571702371384	0.0923194808149707
0.0185785754840096	0.191222842622202
0.0185854536857933	0.045778885482573
0.0185923369823899	0.0826731775005086
0.0185992253794619	0.0758401031786307
0.0186061188826807	0.134544501121751
0.018613017497726	0.147427602857676
0.0186199212302857	0.0609824131370115
0.0186268300860565	0.126648782545829
0.0186337440707432	0.0927525062592107
0.0186406631900592	0.121716659252025
0.0186475874497266	0.0884870446541645
0.0186545168554758	0.0511015400237527
0.0186614514130456	0.0833652604931578
0.0186683911281837	0.0836254888117208
0.0186753360066459	0.0792127789414804
0.0186822860541971	0.132245953797175
0.0186892412766103	0.134024461229473
0.0186962016796673	0.160673713258626
0.0187031672691585	0.120165546269643
0.0187101380508831	0.0638214092565968
0.0187171140306487	0.0763582755277188
0.0187240952142716	0.054982876549139
0.0187310816075769	0.0705944434256829
0.0187380732163983	0.0783566918670961
0.0187450700465783	0.0908119541189878
0.018752072103968	0.217674089073451
0.0187590793944274	0.123197405445736
0.0187660919238252	0.176289031378839
0.0187731096980388	0.112455953851356
0.0187801327229545	0.0910260201879233
0.0187871610044674	0.138576945628894
0.0187941945484813	0.0339983180976801
0.018801233360909	0.0512966974911331
0.0188082774476721	0.0404959738293375
0.0188153268147012	0.120744892768824
0.0188223814679355	0.158022563585212
0.0188294414133233	0.0939507333492582
0.018836506656822	0.079326911483591
0.0188435772043976	0.0461486124968866
0.0188506530620252	0.0633178405663626
0.018857734235689	0.0852212866311572
0.0188648207313821	0.0389458738942344
0.0188719125551065	0.0790503443742274
0.0188790097128734	0.101796506433554
0.018886112210703	0.11544710651886
0.0188932200546246	0.108851924901818
0.0189003332506764	0.043181068498463
0.0189074518049059	0.0620136559442037
0.0189145757233696	0.102389097108832
0.0189217050121331	0.0455525938900952
0.0189288396772714	0.0781867177029084
0.0189359797248683	0.0314138064525417
0.0189431251610171	0.0938434092231307
0.0189502759918201	0.164845260992953
0.0189574322233888	0.166938863627099
0.0189645938618442	0.131142551354778
0.0189717609133163	0.0575407653842375
0.0189789333839443	0.125324994164212
0.0189861112798771	0.136687379344435
0.0189932946072724	0.133342587581843
0.0190004833722975	0.115027208135388
0.0190076775811291	0.053647276031343
0.0190148772399531	0.123090053109052
0.0190220823549647	0.174330428209807
0.0190292929323689	0.141034106331259
0.0190365089783796	0.104232334388216
0.0190437304992205	0.1483109577643
0.0190509575011245	0.217870636244113
0.0190581899903342	0.244319254771622
0.0190654279731015	0.111367183931841
0.0190726714556878	0.0503979399727394
0.0190799204443642	0.0715638902303883
0.0190871749454112	0.135969393769667
0.0190944349651188	0.122541645418592
0.0191017005097867	0.0293899182974641
0.0191089715857241	0.0830435358723898
0.0191162481992499	0.158095522428678
0.0191235303566926	0.185706125436869
0.0191308180643903	0.125587563269088
0.0191381113286907	0.042474723521358
0.0191454101559514	0.0559934273082861
0.0191527145525395	0.0487364971192785
0.0191600245248319	0.0348039874512731
0.0191673400792153	0.0411813655939701
0.019174661222086	0.0995731904952141
0.0191819879598503	0.170277469766679
0.0191893202989241	0.115818229044225
0.0191966582457331	0.0359626249108537
0.019204001806713	0.0634892128262587
0.0192113509883093	0.0970822805149509
0.0192187057969772	0.0635729120252901
0.019226066239182	0.0289067372778796
0.0192334323213989	0.0626123712314566
0.0192408040501128	0.189741751794151
0.0192481814318188	0.188025522244487
0.0192555644730219	0.123776219779459
0.019262953180237	0.0180368677757489
0.0192703475599891	0.112273898956198
0.0192777476188131	0.199876562997035
0.0192851533632541	0.119507921487862
0.0192925647998672	0.0922408437316889
0.0192999819352174	0.112827453670767
0.0193074047758802	0.262285024471372
0.0193148333284408	0.318198754836875
0.0193222675994947	0.233435599793657
0.0193297075956478	0.112554775136971
0.0193371533235157	0.102960919218722
0.0193446047897247	0.221045814330571
0.0193520620009108	0.246868692183091
0.0193595249637208	0.218077885272989
0.0193669936848112	0.168456748964997
0.0193744681708492	0.218115857193966
0.0193819484285121	0.307489577502476
0.0193894344644876	0.370517103674855
0.0193969262854736	0.242252018248662
0.0194044238981785	0.146806995804877
0.019411927309321	0.174770553310687
0.0194194365256303	0.306632739795432
0.0194269515538458	0.321347363940766
0.0194344724007176	0.144350213752622
0.019441999073006	0.0956342368844543
0.019449531577482	0.139439865628675
0.019457069920927	0.304979776879204
0.0194646141101329	0.226440100675069
0.0194721641519021	0.0534498778572378
0.0194797200530477	0.0928845133348971
0.0194872818203933	0.163578323014285
0.019494849460773	0.27889808811654
0.0195024229810317	0.143220248566489
0.0195100023880248	0.0368479142190088
0.0195175876886185	0.0733762600362534
0.0195251788896895	0.11188989540168
0.0195327759981254	0.101963580004542
0.0195403790208243	0.0297558169739959
0.0195479879646953	0.096173534449464
0.019555602836658	0.10141543055799
0.0195632236436431	0.127679416189794
0.0195708503925918	0.109218443664211
0.0195784830904562	0.154669914988517
0.0195861217441995	0.14600015210511
0.0195937663607954	0.132290460717451
0.0196014169472288	0.0407554968040439
0.0196090735104953	0.071154072594808
0.0196167360576015	0.196374716128654
0.0196244045955651	0.15544375360606
0.0196320791314145	0.089115990750069
0.0196397596721894	0.0238316485007712
0.0196474462249402	0.21240471160869
0.0196551387967286	0.312534236468218
0.0196628373946274	0.273296034468581
0.0196705420257201	0.174791548225501
0.0196782526971018	0.134748054898439
0.0196859694158784	0.318670214871908
0.0196936921891671	0.35939853984149
0.0197014210240961	0.252035701168959
0.0197091559278051	0.0941468802396267
0.0197168969074447	0.125860232924841
0.0197246439701769	0.324530171577849
0.0197323971231749	0.348097675985247
0.0197401563736233	0.282638834500029
0.0197479217287178	0.159664721712547
0.0197556931956656	0.321853593769845
0.0197634707816853	0.425237310454832
0.0197712544940067	0.41362859920087
0.019779044339871	0.232918306783952
0.0197868403265309	0.118288778286078
0.0197946424612505	0.221192832648445
0.0198024507513055	0.308749312902864
0.0198102652039829	0.294486023132946
0.0198180858265812	0.102492397576031
0.0198259126264105	0.136203705884162
0.0198337456107926	0.249479540640709
0.0198415847870606	0.350556142224387
0.0198494301625594	0.259285465408368
0.0198572817446454	0.144511585456983
0.0198651395406867	0.0543547757317815
0.0198730035580631	0.153993721930363
0.019880873804166	0.241320170817663
0.0198887502863985	0.123883925002585
0.0198966330121757	0.0468604912346697
0.0199045219889241	0.0743146893175867
0.0199124172240821	0.144464819087974
0.0199203187251001	0.142457125461761
0.0199282264994401	0.0475529926624775
0.0199361405545761	0.0485027791406311
0.0199440608979938	0.0541482765379331
0.019951987537191	0.142957873370921
0.0199599204796773	0.158419724791057
0.0199678597329743	0.203147669822579
0.0199758053046156	0.19215682977741
0.0199837572021466	0.166466415864154
0.019991715433125	0.128934336620141
0.0199996800051204	0.0818153834045906
0.0200076509257145	0.131325343115652
0.020015628202501	0.118877194926737
0.0200236118430859	0.0718543199490494
0.0200316018550871	0.0703405597923049
0.0200395982461349	0.308782272332863
0.0200476010238716	0.415829229398567
0.0200556101959519	0.329990876262455
0.0200636257700425	0.164537990076722
0.0200716477538226	0.167101366943141
0.0200796761549835	0.284407224937283
0.020087710981229	0.290807062989822
0.020095752240275	0.178763931490849
0.02010379993985	0.0373663169380584
0.0201118540876946	0.142880839912187
0.0201199146915622	0.396863937216226
0.0201279817592183	0.361372556564708
0.020136055298441	0.248580289088729
0.0201441353170209	0.225933799242001
0.0201522218227609	0.330399434521781
0.0201603148234768	0.4193766325132
0.0201684143269967	0.372010345443697
0.0201765203411613	0.136112165444814
0.020184632873824	0.0743361347247722
0.0201927519328507	0.126781591756571
0.0202008775261203	0.234469975637711
0.0202090096615239	0.191113201326155
0.0202171483469656	0.0630312317604603
0.0202252935903623	0.107839528765392
0.0202334453996434	0.265747555345535
0.0202416037827514	0.353639225333573
0.0202497687476414	0.256845603489045
0.0202579403022814	0.101912510972933
0.0202661184546522	0.0176335554698612
0.0202743032127477	0.0845127333089786
0.0202824945845745	0.183906182982681
0.0202906925781522	0.141260777473319
0.0202988972015134	0.0715456762082451
0.0203071084627037	0.138399810121508
0.0203153263697817	0.155565436310885
0.0203235509308192	0.133829243967012
0.0203317821539007	0.0926849472927962
0.0203400200471243	0.0598373319520622
0.0203482646186008	0.0660042247297593
0.0203565158764544	0.126356406177122
0.0203647738288224	0.197658587583468
0.0203730384838553	0.298512405058406
0.0203813098497169	0.219940362557493
0.0203895879345842	0.176167287711185
0.0203978727466475	0.0672691601729662
0.0204061642941105	0.0844827681704812
0.0204144625851901	0.170836712495068
0.0204227676281166	0.0952780364235657
0.0204310794311339	0.089587662424586
0.020439398002499	0.207937156617601
0.0204477233504827	0.445213724173131
0.0204560554833689	0.551447499457677
0.0204643944094554	0.342013151000069
0.0204727401370532	0.132557903359281
0.0204810926744871	0.132689316355018
0.0204894520300954	0.199847697207724
0.02049781821223	0.30102248555708
0.0205061912292565	0.113051806705847
0.020514571089554	0.102695921720993
0.0205229578015156	0.283559010966705
0.0205313513735479	0.398299947108812
0.0205397518140714	0.385450693838249
0.0205481591315203	0.228179502406034
0.0205565733343425	0.146575772551662
0.020564994431	0.256301238019148
0.0205734224299686	0.289321196988289
0.0205818573397378	0.23771824625071
0.0205902991688113	0.0906182347966795
0.0205987479257066	0.14583550565831
0.0206072036189552	0.218006254583165
0.0206156662571026	0.225620280889836
0.0206241358487085	0.259212068538581
0.0206326124023464	0.0934506316193464
0.0206410959266041	0.14375095374821
0.0206495864300835	0.29862925469808
0.0206580839214006	0.339164847233347
0.0206665884091858	0.268233825260843
0.0206750999020833	0.0838079419555088
0.0206836184087518	0.0297330448567365
0.0206921439378645	0.0683620305702148
0.0207006764981085	0.106667621464972
0.0207092160981854	0.248170636809224
0.0207177627468112	0.137977781291112
0.0207263164527163	0.167932466920537
0.0207348772246455	0.247304584800543
0.020743445071358	0.144944337478279
0.0207520200016275	0.102725189849379
0.0207606020242423	0.106234979590244
0.0207691911480051	0.0601032392262399
0.0207777873817334	0.1563402128812
0.020786390734259	0.261552420239781
0.0207950012144286	0.315210001085332
0.0208036188311034	0.273470201477375
0.0208122435931595	0.184383982711167
0.0208208755094874	0.149402068407691
0.0208295145889925	0.141906018489497
0.0208381608405953	0.13866830142529
0.0208468142732305	0.0592157508169475
0.0208554748958483	0.113676068588281
0.0208641427174132	0.363182055071534
0.0208728177469051	0.554316083589322
0.0208814999933184	0.581296294443199
0.0208901894656629	0.272211211246981
0.0208988861729631	0.117028455201117
0.0209075901242585	0.141099818310109
0.020916301328604	0.141103241526183
0.0209250197950693	0.167863016204614
0.0209337455327392	0.135331237213895
0.020942478550714	0.154878280996124
0.0209512188581088	0.358818928127902
0.0209599664640542	0.392658134880595
0.0209687213776958	0.29301739031141
0.0209774836081948	0.20790013306707
0.0209862531647275	0.117684509589834
0.0209950300564856	0.259729023525505
0.0210038142926761	0.242603264823059
0.0210126058825216	0.121962370585455
0.02102140483526	0.129396216108236
0.0210302111601447	0.173080816570999
0.0210390248664448	0.320324235243196
0.0210478459634446	0.28021695226116
0.0210566744604443	0.130691214851838
0.0210655103667595	0.127433700693549
0.0210743536917215	0.226062416749922
0.0210832044446774	0.410435016967349
0.0210920626349897	0.264635876216935
0.0211009282720371	0.238653596802707
0.0211098013652136	0.188578120286115
0.0211186819239293	0.175987879240673
0.0211275699576102	0.158464181767781
0.0211364654756978	0.120887530290103
0.0211453684876499	0.239288307693595
0.0211542790029401	0.364285494316837
0.0211631970310579	0.271199165605925
0.021172122581509	0.236842075747861
0.0211810556638148	0.144760882193914
0.0211899962875132	0.207764611070258
0.0211989444621579	0.208567717101854
0.0212079001973188	0.0776672375390043
0.0212168635025822	0.305613605889139
0.0212258343875503	0.381216505346687
0.0212348128618417	0.331842819533339
0.0212437989350914	0.322463868990006
0.0212527926169504	0.18981202787905
0.0212617939170863	0.246185510920252
0.0212708028451831	0.18949838850432
0.0212798194109411	0.145966796840642
0.021288843624077	0.111054375882699
0.0212978754943242	0.214234048542197
0.0213069150314325	0.530453002393977
0.0213159622451682	0.43088778735404
0.0213250171453143	0.429894065296853
0.0213340797416704	0.337470320297875
0.0213431500440528	0.136627693244024
0.0213522280622944	0.069148019294747
0.0213613138062449	0.0518915319652859
0.0213704072857707	0.174213533918185
0.0213795085107553	0.220506116837823
0.0213886174910986	0.270867447843661
0.0213977342367177	0.459401323636222
0.0214068587575464	0.356174909584272
0.0214159910635358	0.258779899535451
0.0214251311646535	0.150410760632492
0.0214342790708845	0.0938743502864746
0.0214434347922308	0.242907619970433
0.0214525983387113	0.192207883212202
0.0214617697203623	0.126868869624875
0.021470948947237	0.190840582097874
0.021480136029406	0.306959158539285
0.0214893309769571	0.495053196547482
0.0214985337999954	0.256017176757925
0.0215077445086432	0.17644573954543
0.0215169631130403	0.266007093996446
0.0215261896233439	0.263353467085817
0.0215354240497284	0.205198958764968
0.021544666402386	0.081008998484559
0.021553916691526	0.222370863002774
0.0215631749273758	0.296029756819102
0.0215724411201797	0.234967392787876
0.0215817152802003	0.233636837682012
0.0215909974177172	0.152511443839874
0.0216002875430283	0.350260180363145
0.0216095856664488	0.452610079989763
0.0216188917983118	0.29899758298562
0.0216282059489683	0.199822054718178
0.0216375281287871	0.0963510377745099
0.0216468583481547	0.0931557655859256
0.0216561966174759	0.0563889240829385
0.021665542947173	0.138624015922014
0.0216748973476867	0.341327130536485
0.0216842598294755	0.315529301684421
0.0216936304030161	0.341608617352272
0.0217030090788033	0.354065566403624
0.0217123958673499	0.257040768183595
0.0217217907791872	0.255518179876287
0.0217311938248645	0.13618541929652
0.0217406050149494	0.148251827862159
0.0217500243600278	0.111170508900626
0.0217594518707041	0.0918173296787179
0.021768887557601	0.187304354509096
0.0217783314313596	0.20668673709077
0.0217877835026395	0.255622705776069
0.0217972437821188	0.247538293686828
0.0218067122804942	0.111450651241309
0.0218161890084809	0.103262661260416
0.0218256739768129	0.116859848028551
0.0218351671962428	0.191070741733113
0.0218446686775418	0.248394488143553
0.0218541784314999	0.334559423659688
0.0218636964689261	0.412139943672746
0.021873222800648	0.253791730148341
0.0218827574375121	0.07929695944575
0.021892300390384	0.091138965792219
0.0219018516701481	0.201292287051014
0.0219114112877079	0.258268974294027
0.0219209792539858	0.137046850849388
0.0219305555799234	0.139030621386418
0.0219401402764814	0.260670663451765
0.0219497333546397	0.379100291958807
0.0219593348253975	0.431043477629515
0.0219689446997729	0.284081714003038
0.0219785629888038	0.291834837281617
0.021988189703547	0.367901092348756
0.0219978248550789	0.244228823939497
0.0220074684544952	0.123389884441465
0.0220171205129114	0.11874356397198
0.022026781041462	0.221985040917127
0.0220364500513014	0.356900958505828
0.0220461275536035	0.316852649841553
0.0220558135595618	0.286025969528842
0.0220655080803896	0.312730310288513
0.0220752111273197	0.414275242656188
0.022084922711605	0.46292289498102
0.0220946428445179	0.310848420889654
0.0221043715373507	0.221875097129724
0.0221141088014158	0.121322673856504
0.0221238546480454	0.0619761963435827
0.0221336090885916	0.126182812068154
0.0221433721344267	0.203960283024408
0.022153143796943	0.330907162810554
0.0221629240875529	0.292291843342125
0.022172713017689	0.273679730183142
0.0221825105988041	0.265305874967807
0.0221923168423712	0.206407644850166
0.0222021317598836	0.166159830560826
0.022211955362855	0.0909147517006655
0.0222217876628196	0.0972488216753334
0.0222316286713317	0.104333574030847
0.0222414783999664	0.0608090346496447
0.0222513368603191	0.0887272143935959
0.0222612040640059	0.0614666080858953
0.0222710800226636	0.10212696502209
0.0222809647479493	0.177356048595141
0.0222908582515413	0.0969218613024579
0.0223007605451382	0.0691584112961247
0.0223106716404596	0.111145234783087
0.022320591549246	0.168066950234593
0.0223305202832587	0.229314923144542
0.02234045785428	0.252873090463109
0.022350404274113	0.26663486218004
0.0223603595545822	0.122932294711139
0.0223703237075327	0.0540363417087287
0.0223802967448311	0.118132976009888
0.0223902786783651	0.101002133189028
0.0224002695200434	0.161270309998286
0.0224102692817962	0.161229792557227
0.022420277975575	0.202014493735485
0.0224302956133525	0.26395197238228
0.0224403222071229	0.385146302956147
0.0224503577689019	0.364933846994306
0.0224604023107267	0.276047051034356
0.022470455844656	0.329649321246726
0.02248051838277	0.32839889180705
0.0224905899371708	0.186394042966913
0.022500670519982	0.101365826026485
0.022510760143349	0.0686124844133295
0.0225208588194391	0.180176312789384
0.0225309665604412	0.252955281500495
0.0225410833785663	0.302432696386656
0.0225512092860473	0.307337587106666
0.022561344295139	0.313664887720354
0.0225714884181184	0.398594940365361
0.0225816416672844	0.418519431180226
0.0225918040549583	0.267058988930688
0.0226019755934832	0.169264925253069
0.0226121562952248	0.152181827464054
0.022622346172571	0.114397407660272
0.0226325452379319	0.0950293509709401
0.0226427535037402	0.111435005779267
0.0226529709824508	0.183457019816617
0.0226631976865413	0.208460169991695
0.0226734336285117	0.23273535403578
0.0226836788208848	0.160446910274006
0.0226939332762057	0.147205046931841
0.0227041970070425	0.122506860107709
0.0227144700259859	0.161768578612076
0.0227247523456495	0.129088614311233
0.0227350439786696	0.0662920460187793
0.0227453449377056	0.0835768980378377
0.0227556552354396	0.0958136463662256
0.022765974884577	0.0300785489602671
0.0227763038978461	0.0641852736089076
0.0227866422879982	0.108061223602732
0.0227969900678079	0.109670428127694
0.0228073472500731	0.057949100552845
0.0228177138476147	0.0713795016649734
0.0228280898732772	0.112862502756324
0.0228384753399284	0.122915616956927
0.0228488702604594	0.127184261951077
0.0228592746477848	0.0977261964918088
0.022869688514843	0.105500258568548
0.0228801118745956	0.177354433786054
0.022890544740028	0.170446839176846
0.0229009871241495	0.098079323755759
0.0229114390399929	0.0998826144569692
0.0229219005006148	0.198798236865699
0.0229323715190959	0.201750596982667
0.0229428521085404	0.147161449223843
0.0229533422820769	0.201290187833711
0.0229638420528578	0.2332807804445
0.0229743514340595	0.304737038544297
0.0229848704388828	0.289185954668224
0.0229953990805525	0.214418803348814
0.0230059373723176	0.164771290632716
0.0230164853274515	0.133961550999884
0.0230270429592519	0.157917775563134
0.0230376102810409	0.14351377378327
0.0230481873061653	0.156816866033014
0.023058774047996	0.238164566666025
0.0230693705199288	0.248238165900669
0.023079976735384	0.288825991982228
0.0230905927078066	0.320242718256732
0.0231012184506665	0.213545562398374
0.0231118539774582	0.131995662278912
0.023122499301701	0.108721865514709
0.0231331544369396	0.132433542846606
0.023143819396743	0.128527737293661
0.0231544941947057	0.0557763110722473
0.0231651788444473	0.066333536719582
0.0231758733596122	0.0861257145484344
0.0231865777538704	0.131360665622431
0.0231972920409168	0.124056091007176
0.023208016234472	0.0725393986436609
0.0232187503482818	0.0898919306369665
0.0232294943961173	0.138144570239691
0.0232402483917753	0.171916028087556
0.0232510123490782	0.0963595055472813
0.0232617862818738	0.066334018440838
0.0232725702040358	0.120569037040541
0.0232833641294635	0.0681336443159643
0.023294168072082	0.0624531728556109
0.0233049820458424	0.0569939688702086
0.0233158060647215	0.0312304198746923
0.0233266401427222	0.0363020970424848
0.0233374842938736	0.0937243947791992
0.0233483385322306	0.126549157818563
0.0233592028718744	0.133896926060077
0.0233700773269124	0.11470403684561
0.0233809619114783	0.147886184701153
0.0233918566397322	0.155821453870971
0.0234027615258606	0.247341081524574
0.0234136765840762	0.283316578353405
0.0234246018286186	0.125920447861987
0.0234355372737538	0.0866764087982719
0.0234464829337745	0.107324117552822
0.0234574388230001	0.0816641872685749
0.0234684049557767	0.0993207697820021
0.0234793813464773	0.122655822909957
0.0234903680095019	0.157325315791298
0.0235013649592774	0.260296446845287
0.0235123722102576	0.344199536819288
0.0235233897769235	0.261684017913181
0.0235344176737834	0.193162977932171
0.0235454559153725	0.246093156547794
0.0235565045162536	0.196697848002775
0.0235675634910166	0.155143560010995
0.0235786328542789	0.108462123217546
0.0235897126206855	0.0428401446706831
0.0236008028049087	0.13599332669923
0.0236119034216487	0.253689883440688
0.023623014485633	0.226776779531551
0.0236341360116172	0.179458247762915
0.0236452680143844	0.124281307494082
0.0236564105087458	0.119230777637363
0.0236675635095404	0.191380434633418
0.0236787270316353	0.178365379420049
0.0236899010899255	0.0921464193669147
0.0237010856993342	0.0656813121696352
0.023712280874813	0.0987042681986867
0.0237234866313413	0.106547718219327
0.0237347029839274	0.125553760176063
0.0237459299476075	0.100909540013749
0.0237571675374466	0.0953764121069324
0.023768415768538	0.194860504356062
0.0237796746560038	0.147537309028871
0.0237909442149945	0.102468866898621
0.0238022244606897	0.122719577976644
0.0238135154082975	0.0810606043508916
0.023824817073055	0.105102437899814
0.0238361294702282	0.148703368721048
0.0238474526151122	0.0979824794035879
0.0238587865230309	0.115950844419662
0.0238701312093378	0.145300830929161
0.0238814866894151	0.141848549236968
0.0238928529786747	0.120948283038568
0.0239042300925577	0.174435389690481
0.0239156180465346	0.150886601911113
0.0239270168561054	0.0898288617879473
0.0239384265367996	0.166002121743724
0.0239498471041766	0.285289005554736
0.0239612785738252	0.304949067549859
0.0239727209613642	0.24256677262348
0.023984174282442	0.104153888136218
0.0239956385527372	0.0588466478134533
0.0240071137879582	0.0794855539720105
0.0240186000038435	0.118945280749463
0.0240300972161618	0.0714748140817177
0.024041605440712	0.10757826219004
0.0240531246933232	0.304432843433551
0.0240646549898549	0.372209952611946
0.024076196346197	0.375568079645473
0.0240877487782699	0.296603864046184
0.0240993123020247	0.188635641549676
0.0241108869334429	0.214234120092836
0.0241224726885369	0.121738459937861
0.0241340695833499	0.0495724076731478
0.0241456776339559	0.0981671364520768
0.0241572968564598	0.118414856100545
0.0241689272669976	0.239931234706559
0.0241805688817363	0.271305757281616
0.0241922217168741	0.237211991612765
0.0242038857886406	0.210253249551844
0.0242155611132964	0.224715762875575
0.0242272477071338	0.227187799113552
0.0242389455864764	0.163838106561967
0.0242506547676793	0.128327515977071
0.0242623752671293	0.06747380410457
0.0242741071012449	0.0464166329026573
0.0242858502864764	0.131996093246295
0.0242976048393059	0.110924584956898
0.0243093707762474	0.126789248060134
0.0243211481138468	0.167597244834301
0.0243329368686825	0.229935081369409
0.0243447370573645	0.236388619916047
0.0243565486965355	0.111414712614818
0.0243683718028701	0.0816295951690984
0.0243802063930758	0.0808969839953332
0.024392052483892	0.0831504873512296
0.0244039100920911	0.129227514286994
0.0244157792344779	0.086842748206441
0.0244276599278901	0.201263039919064
0.0244395521891979	0.331296940512415
0.0244514560353045	0.297397299771845
0.0244633714831462	0.17895997880231
0.0244752985496922	0.0635253714693273
0.0244872372519448	0.0632710023947049
0.0244991876069395	0.101931587597348
0.024511149631745	0.112403286612249
0.0245231233434635	0.142266380347519
0.0245351087592306	0.219312621857825
0.0245471058962154	0.281759902303962
0.0245591147716204	0.227151229372494
0.0245711354026821	0.135402930361812
0.0245831678066706	0.0570838375678584
0.0245952120008899	0.0412393455105007
0.0246072680026778	0.092576934137885
0.0246193358294063	0.109936028905217
0.0246314154984813	0.161435515155248
0.024643507027343	0.30425251982316
0.0246556104334659	0.362829584905699
0.0246677257343587	0.263485082413411
0.0246798529475647	0.157208465610638
0.0246919920906616	0.105412414893356
0.0247041431812617	0.0650337652599915
0.0247163062370121	0.049366078009042
0.0247284812755945	0.0722787181596251
0.0247406683147256	0.13677324420024
0.0247528673721569	0.295748249818101
0.0247650784656751	0.386880368343428
0.024777301613102	0.368778887491648
0.0247895368322943	0.279441235667931
0.0248017841411445	0.310371621183179
0.02481404355758	0.363126945669925
0.024826315099564	0.271244674822569
0.024838598785095	0.137212207642981
0.0248508946322073	0.0893866620679276
0.0248632026589709	0.180467411244075
0.0248755228834915	0.241313303582104
0.024887855323911	0.229718985810673
0.0249001999984069	0.259329501181077
0.0249125569251931	0.320007715185423
0.0249249261225195	0.555519922589385
0.0249373076086723	0.536395896265763
0.0249497014019741	0.336200809314978
0.024962107520784	0.156221164342212
0.0249745259834974	0.104970109081161
0.0249869568085465	0.168774941943348
0.0249994000144002	0.140638303072434
0.0250118556195642	0.168476189581509
0.0250243236425811	0.341832228393512
0.0250368041020305	0.477035700464398
0.025049297016529	0.581533065884877
0.0250618024047306	0.506880904189643
0.0250743202853262	0.301786210929631
0.0250868506770444	0.136908203733335
0.0250993935986512	0.0423116621344935
0.0251119490689499	0.0684912366269511
0.0251245171067817	0.0672647641456267
0.0251370977310255	0.146104740439115
0.025149690960598	0.274680717053021
0.0251622968144537	0.363636672654095
0.0251749153115854	0.400336241845235
0.0251875464710238	0.277273072851728
0.0252001903118378	0.138423214629403
0.0252128468531347	0.0457617409824404
0.0252255161140602	0.102054327996317
0.0252381981137985	0.347087579712689
0.0252508928715725	0.261751297962351
0.0252636004066434	0.260863834594853
0.0252763207383117	0.270762166863277
0.0252890538859165	0.157507471972114
0.025301799868836	0.145119345926541
0.0253145587064873	0.0586061865160273
0.025327330418327	0.09021374502927
0.0253401150238506	0.116469299284016
0.0253529125425934	0.136667733559529
0.0253657229941299	0.367495283441396
0.0253785463980742	0.456310431304278
0.0253913827740802	0.601464224382472
0.0254042321418415	0.522677389377436
0.0254170945210916	0.255324924408232
0.0254299699316041	0.267289727476399
0.0254428583931924	0.324917107049603
0.0254557599257104	0.296385178707571
0.0254686745490522	0.0946078449714804
0.0254816022831521	0.126562125546004
0.0254945431479851	0.36293867856089
0.0255074971635668	0.410069191070483
0.0255204643499535	0.441710700419548
0.025533444727242	0.407445364627496
0.0255464383155706	0.549547956341168
0.025559445135118	0.882399645005193
0.0255724652061044	0.696375560951606
0.025585498548791	0.368826953272066
0.0255985451834806	0.0810649499536273
0.0256116051305173	0.10213905401797
0.0256246784102865	0.295548195588648
0.0256377650432155	0.194620123744138
0.0256508650497735	0.349646254070966
0.0256639784504711	0.602873850257844
0.0256771052658613	0.660369737683385
0.0256902455165389	0.884855162253116
0.025703399223141	0.692564028706694
0.025716566406347	0.522805266420659
0.0257297470868786	0.296635111385407
0.0257429412855	0.0809813577492668
0.0257561490230183	0.0646200223915511
0.0257693703202829	0.0437299379575531
0.0257826051981862	0.309627354189983
0.0257958536776638	0.389109599029065
0.0258091157796939	0.473528653244093
0.0258223915252982	0.551221571087147
0.0258356809355415	0.349673655088692
0.0258489840315321	0.250956571778855
0.0258623008344218	0.155460618335651
0.0258756313654058	0.254621978096513
0.0258889756457233	0.348677129832989
0.0259023336966572	0.218166414282653
0.0259157055395344	0.223712384392895
0.0259290911957257	0.0775335595521618
0.0259424906866464	0.105036674681121
0.0259559040337556	0.219945049438879
0.0259693312585574	0.0509944559568485
0.0259827723826	0.138397840429871
0.0259962274274762	0.260676513958316
0.026009696414824	0.273426502464927
0.0260231793663257	0.590270682730006
0.026036676303709	0.535565861807668
0.0260501872487465	0.567499644008597
0.026063712223256	0.399126068939859
0.0260772512491008	0.221247612833307
0.0260908043481896	0.275091603539768
0.0261043715424765	0.167401237382052
0.0261179528539615	0.263486556888081
0.0261315483046902	0.201696055259084
0.0261451579167543	0.413989297921067
0.0261587817122916	0.587273046478514
0.0261724197134858	0.516313295873183
0.0261860719425671	0.616362687275407
0.0261997384218121	0.519025575840994
0.0262134191735438	0.679311698260119
0.026227114220132	0.762588968787093
0.0262408235839932	0.466245279770215
0.0262545472875907	0.198609084086988
0.026268285353435	0.0401907241949278
0.0262820378040837	0.175180070051042
0.0262958046621415	0.301401363179831
0.0263095859502607	0.272197643548026
0.0263233816911409	0.425740078971757
0.0263371919075296	0.606355111265549
0.0263510166222218	0.791222863378643
0.0263648558580606	1.00556199819655
0.0263787096379369	0.565407578847112
0.0263925779847899	0.366287742531626
0.0264064609216071	0.226517618382923
0.0264203584714242	0.0822064639628631
0.0264342706573257	0.148196700119106
0.0264481975024443	0.0778258302689932
0.026462139029962	0.25123033210759
0.0264760952631094	0.438403909382735
0.0264900662251661	0.632686009563653
0.026504051939461	0.606857412854465
0.0265180524293723	0.390352302371289
0.0265320677183276	0.352568633292413
0.0265460978298039	0.217170848892193
0.0265601427873281	0.346846312428016
0.0265742026144769	0.284507854347636
0.0265882773348767	0.139436717861032
0.0266023669722042	0.136580108128983
0.0266164715501864	0.0886698273761217
0.0266305910926004	0.112308369824801
0.0266447256232739	0.19156777954191
0.0266588751660853	0.108551503904538
0.0266730397449636	0.156443450041522
0.0266872193838887	0.37108532305973
0.0267014141068916	0.454964348273587
0.0267156239380545	0.613615230399576
0.0267298489015106	0.407913081169698
0.026744089021445	0.245571812583737
0.0267583443220939	0.163844150416445
0.0267726148277455	0.135651191136407
0.0267869005627397	0.152930444635516
0.0268012015514685	0.0321451025219088
0.0268155178183758	0.113591078473015
0.026829849387958	0.325850078967381
0.0268441962847637	0.516578740264766
0.0268585585333943	0.664479787757019
0.0268729361585035	0.502174383306549
0.0268873291847982	0.428958282850247
0.026901737637038	0.447059771437906
0.0269161615400356	0.532399678059945
0.0269306009186572	0.360528007395831
0.0269450557978221	0.169545451406664
0.0269595262025032	0.0823193675059011
0.0269740121577273	0.0903460054428905
0.0269885136885746	0.202813444177656
0.0270030308201798	0.314873205524255
0.0270175635777311	0.267656670997204
0.0270321119864715	0.35947127544165
0.027046676071698	0.597588529367067
0.0270612558587624	0.617257414685791
0.0270758513730711	0.591149542998919
0.0270904626400853	0.329146057821635
0.0271050896853213	0.0975485870939904
0.0271197325343504	0.0623926257569903
0.0271343912127993	0.0700451351118758
0.02714906574635	0.0731639055268564
0.0271637561607404	0.0516247037119113
0.0271784624817638	0.155319689671585
0.0271931847352694	0.341354810044653
0.0272079229471627	0.487217708695998
0.0272226771434052	0.470175114140396
0.0272374473500148	0.295819934650738
0.0272522335930658	0.211410608000968
0.0272670358986893	0.313569192183254
0.0272818542930731	0.320504228032919
0.027296688802462	0.217289532834121
0.0273115394531579	0.142683533816836
0.02732640627152	0.0257607563460402
0.0273412892839649	0.110959989902225
0.0273561885169668	0.248678415535171
0.0273711039970576	0.204367238716243
0.027386035750827	0.182054849888568
0.027400983804923	0.290309577113432
0.0274159481860517	0.460979926344764
0.0274309289209775	0.606798250426468
0.0274459260365233	0.552215878289311
0.027460939559571	0.391267172119997
0.0274759695170609	0.191186585728501
0.0274910159359926	0.18586549105605
0.0275060788434249	0.124784535952094
0.0275211582664758	0.136188064141382
0.0275362542323228	0.0935308780246048
0.0275513667682031	0.26684565587838
0.0275664959014139	0.517104783436492
0.0275816416593121	0.570300171218326
0.0275968040693148	0.500542232309106
0.0276119831588997	0.542633692577483
0.0276271789556047	0.409848536877503
0.0276423914870285	0.475202776127287
0.0276576207808304	0.393165843154117
0.0276728668647311	0.131019748410432
0.027688129766512	0.0527981339612947
0.0277034095140162	0.155631420523237
0.027718706135148	0.272024248244137
0.0277340196578736	0.3619439082403
0.0277493501102209	0.316863266463964
0.0277646975202798	0.240399581065174
0.0277800619162025	0.367707197205051
0.0277954433262034	0.428625038100275
0.0278108417785594	0.422669402928368
0.0278262573016104	0.265045854595306
0.0278416899237588	0.170642705856208
0.0278571396734702	0.076656879475279
0.0278726065792735	0.196517008266585
0.0278880906697609	0.0937412077338004
0.0279035919735881	0.0807611522737105
0.0279191105194746	0.18555680098073
0.027934646336204	0.279230552791886
0.0279501994526238	0.232223476764844
0.0279657698976458	0.333021664585556
0.0279813577002463	0.193097534650967
0.0279969628894662	0.172184836932145
0.0280125854944114	0.327667918700786
0.0280282255442526	0.361039931835702
0.0280438830682256	0.277692665216406
0.028059558095632	0.231218651735264
0.0280752506558383	0.105732488135062
0.0280909607782774	0.111690590391085
0.0281066884924477	0.304304805248888
0.0281224338279137	0.430179009788111
0.0281381968143064	0.210391407108783
0.0281539774813231	0.179902973632945
0.0281697758587279	0.415256752354632
0.0281855919763517	0.57157596290813
0.0282014258640922	0.742841464466205
0.0282172775519146	0.468899151279908
0.0282331470698516	0.237618428761171
0.0282490344480031	0.239387587752381
0.0282649397165371	0.371739797545846
0.0282808629056895	0.280672931512465
0.0282968040457643	0.165093169559645
0.0283127631671341	0.23298998946665
0.0283287403002398	0.485461280635394
0.0283447354755911	0.581182440431733
0.0283607487237668	0.586565468458652
0.0283767800754146	0.382239734229676
0.0283928295612518	0.439273986950345
0.028408897212065	0.683136472896063
0.0284249830587106	0.463481985773282
0.028441087132115	0.314206948680703
0.0284572094632747	0.135833817119926
0.0284733500832566	0.176637479305203
0.0284895090231978	0.477096383468993
0.0285056863143065	0.495638514376163
0.0285218819878616	0.461250530854789
0.0285380960752132	0.249920241555503
0.0285543286077828	0.351091087098137
0.0285705796170633	0.4511135764215
0.0285868491346194	0.412781583583781
0.0286031371920877	0.406119126945011
0.028619443821177	0.108331465974816
0.0286357690536685	0.118652863237548
0.0286521129214158	0.160335224696214
0.0286684754563453	0.209823902808319
0.0286848566904565	0.23686505303749
0.0287012566558219	0.100844919601199
0.0287176753845876	0.176264240911936
0.0287341129089731	0.215846983333485
0.0287505692612719	0.116198656350673
0.0287670444738512	0.134774794922892
0.0287835385791529	0.0833814764409115
0.028800051609693	0.142504858609203
0.0288165835980622	0.338158817221927
0.0288331345769261	0.152715836281449
0.0288497045790256	0.180686307324109
0.0288662936371766	0.125438376203241
0.0288829017842706	0.192473576740155
0.028899529053275	0.277170416051635
0.028916175477233	0.260969564478676
0.0289328410892641	0.346346312176547
0.028949525922564	0.12364583006731
0.0289662300104051	0.230362462709708
0.0289829533861369	0.336975380719404
0.0289996960831855	0.517108826484855
0.0290164581350547	0.519968598625791
0.0290332395753255	0.174861828896285
0.0290500404376568	0.197740347487735
0.0290668607557854	0.25805355594629
0.0290837005635263	0.497204631330403
0.0291005598947729	0.474954952351991
0.0291174387834972	0.116986330082512
0.0291343372637501	0.263898182201585
0.0291512553696617	0.433043256343307
0.0291681931354412	0.479272512895329
0.0291851505953775	0.387229988282265
0.0292021277838393	0.257269449266362
0.0292191247352752	0.403411871880191
0.0292361414842141	0.583030726788456
0.0292531780652655	0.390562622624791
0.0292702345131194	0.235642286309426
0.0292873108625469	0.156877031341904
0.0293044071484003	0.451718394277173
0.0293215234056133	0.515036880482924
0.0293386596692012	0.354803156423111
0.0293558159742613	0.311904123184751
0.0293729923559729	0.252835091686838
0.0293901888495979	0.547944253544302
0.0294074054904807	0.434852765924497
0.0294246423140485	0.427420131078613
0.0294418993558117	0.303277685029729
0.0294591766513641	0.148462004155755
0.0294764742363829	0.410891127689431
0.0294937921466294	0.201192777097146
0.0295111304179489	0.262487504535152
0.0295284890862709	0.331175895928178
0.0295458681876096	0.125608989345515
0.0295632677580641	0.25893144009124
0.0295806878338185	0.176318578263078
0.0295981284511422	0.151023908228137
0.0296155896463903	0.1522136385774
0.0296330714560037	0.229003569954837
0.0296505739165092	0.239064973493365
0.0296680970645203	0.132333145338689
0.0296856409367368	0.132899787723463
0.0297032055699456	0.145146085353897
0.0297207910010205	0.145769709150652
0.0297383972669228	0.272242886419908
0.0297560244047014	0.101980041779884
0.0297736724514932	0.160876523371553
0.029791341444523	0.178276894792939
0.0298090314211043	0.123860849180086
0.0298267424186391	0.247435644188064
0.0298444744746183	0.123081728028678
0.0298622276266223	0.205763870526834
0.0298800019123206	0.206230373492924
0.0298977973694727	0.058209638397896
0.0299156140359279	0.24000238493934
0.0299334519496261	0.25915849369927
0.0299513111485973	0.339775386194282
0.0299691916709627	0.260306841069896
0.0299870935549344	0.0767414302318937
0.0300050168388159	0.209541964569226
0.0300229615610023	0.170786650073889
0.0300409277599807	0.235054282801712
0.0300589154743301	0.1920214455829
0.0300769247427224	0.117731358157514
0.030094955603922	0.403855123022385
0.0301130080967861	0.477320720718188
0.0301310822602655	0.369702234193826
0.0301491781334045	0.245905604792826
0.0301672957553413	0.22350935963238
0.030185435165308	0.346933721166487
0.0302035964026313	0.195503320929396
0.0302217795067327	0.164271204430123
0.0302399845171284	0.0662145300256365
0.0302582114734301	0.244892584947589
0.0302764604153451	0.53836154824142
0.0302947313826762	0.412280630632114
0.0303130244153228	0.291993601380982
0.0303313395532805	0.301945730862199
0.0303496768366415	0.384201109820815
0.0303680363055952	0.417425602305124
0.0303864180004283	0.207250874794916
0.030404821961525	0.0578872040948867
0.0304232482293674	0.113784490769099
0.0304416968445359	0.19745470286658
0.0304601678477094	0.32409915669601
0.0304786612796653	0.177643378747856
0.0304971771812806	0.196237177296837
0.0305157155935311	0.43109913290272
0.0305342765574928	0.372273503896087
0.0305528601143415	0.367054295100947
0.0305714663053532	0.135297159891693
0.0305900951719046	0.124288733358026
0.0306087467554733	0.190426080395103
0.0306274210976382	0.140775344382023
0.0306461182400797	0.127678287988888
0.0306648382245799	0.0984923245680388
0.0306835810930233	0.352040333795003
0.0307023468873965	0.349198569373132
0.0307211356497893	0.298351119626452
0.0307399474223944	0.245107517655261
0.0307587822475078	0.109355450715145
0.0307776401675293	0.130857159520185
0.0307965212249629	0.0808847846917985
0.0308154254624167	0.094839034931076
0.0308343529226038	0.109251721996809
0.0308533036483419	0.199153402929573
0.0308722776825544	0.186741330424792
0.0308912750682702	0.147783652573472
0.0309102958486241	0.13622261067183
0.0309293400668573	0.172577188578165
0.0309484077663177	0.0821268150487577
0.03096749899046	0.073323899209957
0.0309866137828463	0.241541857001132
0.0310057521871462	0.217581799820224
0.0310249142471375	0.342981871124732
0.031044100006706	0.261954230877212
0.0310633095098463	0.259958301511611
0.0310825428006619	0.132219312981509
0.0311017999233656	0.0828584434604131
0.0311210809222799	0.132303318001363
0.0311403858418372	0.0548049803827623
0.0311597147265802	0.212005965295862
0.0311790676211623	0.274347758736233
0.0311984445703479	0.397130811668495
0.0312178456190129	0.464636380041985
0.0312372708121445	0.440407903254517
0.0312567201948423	0.423989175865023
0.0312761938123183	0.254823276493503
0.0312956917098969	0.417353514191884
0.0313152139330159	0.318456227615862
0.0313347605272266	0.20466912022701
0.0313543315381938	0.152896245234567
0.0313739270116966	0.290745239943702
0.0313935469936288	0.408056464307235
0.0314131915299988	0.294181884799085
0.0314328606669303	0.331894116338375
0.0314525544506627	0.354471792506298
0.0314722729275513	0.506407140369304
0.0314920161440676	0.51646491012038
0.0315117841468	0.268148236960806
0.0315315769824537	0.0608115865348554
0.0315513946978517	0.172469866755791
0.0315712373399343	0.29148820420497
0.0315911049557603	0.179633936894325
0.0316109975925069	0.129339838006578
0.0316309152974702	0.285109176620989
0.0316508581180657	0.608592976564539
0.0316708261018285	0.561367168769457
0.0316908192964135	0.434628190066811
0.0317108377495964	0.278303964403506
0.0317308815092735	0.228072844604195
0.0317509506234621	0.217058815974684
0.0317710451403014	0.161634709820452
0.0317911651080522	0.0608823337190261
0.031811310575098	0.0756674556373051
0.0318314815899447	0.411242837966357
0.0318516782012215	0.360648553222946
0.0318719004576809	0.294633637393568
0.0318921484081995	0.351119398986622
0.0319124221017781	0.145010600871766
0.0319327215875421	0.259462776222049
0.031953046914742	0.258687298798598
0.031973398132754	0.260683339463785
0.0319937752910798	0.340948122515918
0.0320141784393476	0.177351407891501
0.0320346076273124	0.139338187321777
0.0320550629048559	0.139812543676754
0.0320755443219876	0.18766306920938
0.0320960519288448	0.0928266547431663
0.032116585775693	0.0972256301271294
0.0321371459129268	0.112342174772632
0.0321577323910693	0.343072709507885
0.0321783452607737	0.55148994171276
0.0321989845728229	0.437180835955797
0.0322196503781302	0.333101894601094
0.0322403427277398	0.374564672381454
0.0322610616728268	0.286521888615013
0.0322818072646983	0.277943975377168
0.0323025795547933	0.208805998273051
0.0323233785946834	0.168105392690348
0.0323442044360727	0.357808577869045
0.0323650571307993	0.341909688249922
0.0323859367308344	0.360296970911767
0.0324068432882839	0.421860902314033
0.0324277768553881	0.258245227540834
0.0324487374845224	0.435838794024458
0.0324697252281976	0.441128030716996
0.0324907401390608	0.443469791280348
0.032511782269895	0.434125676125569
0.0325328516736204	0.156329549990682
0.0325539484032943	0.103296956946734
0.0325750725121118	0.193425668421198
0.0325962240534061	0.320167914028702
0.0326174030806489	0.223985485513299
0.0326386096474512	0.176250800962225
0.0326598438075634	0.330117541003811
0.0326811056148758	0.530573704927465
0.0327023951234192	0.610152793103607
0.0327237123873654	0.345139424840123
0.0327450574610272	0.191881070184675
0.0327664303988596	0.199671751158164
0.0327878312554596	0.171041672750843
0.032809260085567	0.184696002812988
0.0328307169440647	0.13547997911184
0.0328522018859796	0.177698462463413
0.0328737149664824	0.446449336643757
0.0328952562408884	0.356589086638845
0.0329168257646583	0.259915777249079
0.032938423593398	0.322506589345128
0.0329600497828596	0.184101914025246
0.0329817043889418	0.344236050755004
0.0330033874676901	0.315413753443405
0.0330250990752976	0.330963176711806
0.0330468392681054	0.326767898527772
0.033068608102603	0.136825818442391
0.0330904056354288	0.192254156476886
0.0331122319233707	0.123161481941748
0.0331340870233666	0.156753929823852
0.0331559709925045	0.208258692089716
0.0331778838880237	0.1434140511563
0.0331998257673148	0.331367948944333
0.0332217966879202	0.540533902740187
0.0332437967075348	0.654285734482828
0.0332658258840065	0.407829206087936
0.0332878842753365	0.224657470297017
0.03330997193968	0.184542307528485
0.0333320889353468	0.104323527359305
0.0333542353208014	0.14474040172155
0.033376411154664	0.219264346706265
0.0333986164957107	0.133603586828369
0.033420851402874	0.397470208501769
0.0334431159352438	0.448329332821803
0.0334654101520672	0.446541440295121
0.0334877341127496	0.373263287382356
0.0335100878768548	0.250566462661925
0.0335324715041061	0.44416203304233
0.0335548850543861	0.291725722252018
0.0335773285877379	0.311927365698746
0.0335998021643652	0.271418505223748
0.0336223058446331	0.0817117595895727
0.0336448396890682	0.300473915316239
0.03366740375836	0.253457423555543
0.0336899981133605	0.167989724524163
0.0337126228150853	0.153078962201905
0.033735277924714	0.217745827128569
0.0337579635035909	0.34883590315651
0.0337806796132251	0.409518253934864
0.0338034263152917	0.387673909543652
0.0338262036716318	0.237416687463852
0.0338490117442535	0.106131437001817
0.033871850595332	0.169845781563648
0.0338947202872107	0.104128010775483
0.0339176208824012	0.147804820737447
0.0339405524435844	0.234774275286067
0.0339635150336107	0.161916483268455
0.0339865087155007	0.342466153689079
0.0340095335524458	0.309236506283029
0.0340325896078088	0.332690074415365
0.0340556769451244	0.29715644131389
0.0340787956280998	0.220206498313032
0.0341019457206154	0.38247938269875
0.0341251272867252	0.224203647872886
0.0341483403906574	0.317640510972324
0.0341715850968153	0.182703467656917
0.0341948614697776	0.0680971947113628
0.034218169574299	0.236449878565628
0.0342415094753109	0.139965234363133
0.034264881237922	0.14594820053898
0.0342882849274189	0.128079447046909
0.0343117206092667	0.30316307500397
0.0343351883491096	0.421464146414939
0.0343586882127714	0.512540986774512
0.0343822202662563	0.410351319118812
0.0344057845757495	0.188235960378335
0.0344293812076178	0.061817824993377
0.03445301022841	0.179718745006711
0.034476671704858	0.120210042008768
0.0345003657038768	0.147132145826735
0.0345240922925658	0.218127181949712
0.0345478515382089	0.278257568673314
0.0345716435082754	0.482486564557974
0.0345954682704207	0.510187569447576
0.0346193258924866	0.449774971649349
0.0346432164425023	0.301656508476913
0.034667139988685	0.220691154546435
0.0346910965994403	0.392339208519688
0.0347150863433631	0.212923475760164
0.0347391092892382	0.226478155943248
0.0347631655060408	0.129615868571938
0.0347872550629375	0.172288240397836
0.0348113780292865	0.31722284270503
0.0348355344746387	0.255358592687597
0.0348597244687382	0.207361178915359
0.0348839480815227	0.122586058889046
0.0349082053831249	0.352055380514291
0.0349324964438722	0.389499462396885
0.0349568213342882	0.287870538930173
0.0349811801250931	0.087281101034294
0.035005572887204	0.116627571861173
0.0350299996917364	0.0976872256892508
0.0350544606100041	0.237603121202464
0.0350789557135203	0.165028444284853
0.0351034850739985	0.133186865455821
0.0351280487633525	0.262373908694734
0.0351526468536978	0.319572848323091
0.035177279417352	0.35888594990644
0.0352019465268355	0.308075096924557
0.0352266482548722	0.250888724213349
0.0352513846743904	0.219760631825061
0.0352761558585232	0.169900018176296
0.0353009618806097	0.317101161144907
0.0353258028141951	0.220907490397407
0.035350678733032	0.228903856239919
0.0353755897110808	0.181770367755196
0.0354005358225106	0.146569871840046
0.0354255171416996	0.233716608770982
0.0354505337432364	0.171457152766696
0.0354755857019203	0.133171659293726
0.0355006730927622	0.186571141198303
0.0355257959909853	0.33138522318946
0.035550954472026	0.367735512530044
0.0355761486115344	0.319569289541459
0.0356013784853753	0.0902843554989393
0.0356266441696288	0.120883597854653
0.0356519457405911	0.132760398891103
0.0356772832747754	0.292409428702523
0.0357026568489124	0.222347378256383
0.0357280665399515	0.13095326870531
0.035753512425061	0.257575930885601
0.0357789945816294	0.37793225360574
0.035804513087266	0.449198851441067
0.0358300680198015	0.382438736281769
0.0358556594572891	0.163567628726076
0.0358812874780051	0.133880161616446
0.0359069521604498	0.237968876053055
0.0359326535833483	0.344075408971114
0.035958391825651	0.16736993892904
0.035984166966535	0.115301630446528
0.0360099790854045	0.226589123663854
0.0360358282618914	0.302608618619281
0.0360617145758569	0.322960879782351
0.0360876381073914	0.202112548026592
0.036113598936816	0.0540679300603343
0.036139597144683	0.205461542656097
0.036165632811777	0.350999503860546
0.0361917060191153	0.269702168804825
0.0362178168479492	0.16180901170712
0.0362439653797646	0.0695451034773997
0.0362701516962828	0.186285135310598
0.0362963758794615	0.279923905143637
0.0363226380114957	0.307034123185763
0.0363489381748184	0.161515199941014
0.0363752764521013	0.065806773228791
0.0364016529262564	0.19204417528368
0.0364280676804358	0.340230746182925
0.0364545207980335	0.2478507812333
0.0364810123626858	0.176042829263943
0.0365075424582722	0.0687868148796824
0.0365341111689165	0.13594869923956
0.0365607185789875	0.219484679761157
0.0365873647731001	0.19467921092022
0.0366140498361158	0.0619413547750228
0.0366407738531441	0.0772477248187898
0.036667536909543	0.231282910541756
0.0366943390909201	0.294206817726676
0.0367211804831335	0.198754181028505
0.0367480611722929	0.164194800421078
0.0367749812447599	0.0628960716458993
0.0368019407871496	0.144441833127826
0.0368289398863315	0.233816614289007
0.0368559786294296	0.151142483282773
0.0368830571038246	0.108470581417901
0.0369101753971538	0.0924483321031394
0.0369373335973124	0.21783023862831
0.0369645317924548	0.31214403563229
0.0369917700709949	0.279694896276886
0.0370190485216076	0.133137580347867
0.0370463672332294	0.0554607323335252
0.0370737262950597	0.195338781553045
0.0371011257965615	0.268084465846547
0.0371285658274624	0.175956880053856
0.0371560464777557	0.136816084370544
0.0371835678377015	0.0864964793615869
0.0372111299978272	0.287670585573456
0.037238733048929	0.325708543241406
0.0372663770820728	0.247990413430072
0.0372940621885949	0.145640069580471
0.0373217884601033	0.105073811159942
0.0373495559884787	0.231697237363088
0.0373773648658753	0.316327962821709
0.0374052151847222	0.261892992881846
0.0374331070377239	0.0912533884536831
0.0374610405178617	0.0650306409403894
0.0374890157183948	0.206660646212834
0.037517032732861	0.3353589039885
0.037545091655078	0.193078788428206
0.0375731925791444	0.108172157386305
0.0376013355994408	0.144241160150127
0.0376295208106305	0.366288399320385
0.0376577483076611	0.338243616924595
0.0376860181857652	0.209001347945933
0.0377143305404617	0.0781337629329288
0.0377426854675567	0.0687301109038553
0.0377710830631445	0.372859064734437
0.0377995234236089	0.224564731284389
0.0378280066456245	0.127481714063478
0.037856532826157	0.155978717795623
0.0378851020624652	0.164903904458072
0.0379137144521016	0.397896712028413
0.0379423700929135	0.353793048865243
0.0379710690830445	0.270994859517758
0.0379998115209351	0.21700243729694
0.0380285975053243	0.234200793498837
0.0380574271352503	0.417000704752982
0.038086300510052	0.458571214234148
0.03811521772937	0.352617170779007
0.0381441788931477	0.0667406345930354
0.0381731841016325	0.185020287354531
0.038202233455377	0.227759781310353
0.0382313270552399	0.325852059322752
0.0382604650023877	0.15632690260284
0.0382896473982953	0.190043434918043
0.0383188743447475	0.43832727196945
0.0383481459438402	0.677288010739045
0.0383774622979813	0.47730291700282
0.0384068235098923	0.227925039183956
0.0384362296826092	0.208816197292358
0.0384656809194839	0.125912807034695
0.0384951773241851	0.375609204529433
0.0385247190006998	0.104468489830395
0.0385543060533347	0.205249087135107
0.0385839385867169	0.528172807672058
0.0386136167057954	0.679316963742641
0.0386433405158425	0.717911980824004
0.0386731101224548	0.592555489009973
0.0387029256315546	0.426886662573878
0.038732787149391	0.274138814590003
0.0387626947825415	0.388872422438308
0.0387926486379127	0.351129387095269
0.0388226488227422	0.339667356275541
0.0388526954445994	0.425357294557985
0.038882788611387	0.339028553483761
0.0389129284313423	0.56151442036469
0.0389431150130384	0.367327070822199
0.0389733484653857	0.368612906410312
0.0390036288976329	0.206910513405998
0.0390339564193686	0.219677552695606
0.0390643311405224	0.385145069520491
0.0390947531713666	0.424299080790008
0.0391252226225169	0.385953667098904
0.0391557396049345	0.238234046732193
0.0391863042299266	0.362834096327955
0.0392169166091487	0.183537333130258
0.0392475768546052	0.251986579844438
0.0392782850786511	0.162330768871608
0.0393090413939932	0.34374320049049
0.0393398459136917	0.321088652875163
0.0393706987511616	0.518952345667065
0.0394016000201738	0.498412060688206
0.0394325498348567	0.399653697211433
0.0394635483096975	0.431792582675619
0.0394945955595438	0.258274528814419
0.0395256916996049	0.592080823540692
0.0395568368454532	0.529168067153984
0.0395880311130256	0.431157672576719
0.0396192746186251	0.361576148836928
0.039650567478922	0.254513479512455
0.0396819098109556	0.541274728247085
0.0397133017321356	0.350978976894536
0.0397447433602434	0.407724798072938
0.0397762348134337	0.281383095572919
0.0398077762102362	0.521052400413826
0.0398393676695565	1.04221197744075
0.0398710093106783	0.802526342981337
0.0399027012532642	0.554594647204988
0.0399344436173579	0.318841142714099
0.0399662365233852	0.153749118193534
0.0399980800921558	0.0979089805987931
0.0400299744448645	0.191785690579606
0.0400619197030933	0.131149777960893
0.0400939159888124	0.682635601461824
0.040125963424382	0.998463904775717
0.0401580621325539	1.34315254799146
0.040190212236473	0.961121799977643
0.0402224138596787	0.524751996467604
0.0402546671261068	0.477216795096063
0.0402869721600909	0.258706662171088
0.0403193290863642	0.485539680690543
0.0403517380300606	0.169946285375001
0.040384199116717	0.19432499520142
0.0404167124722743	0.59837632297078
0.0404492782230796	0.868687844016565
0.0404818964958872	1.11863103795159
0.0405145674178609	0.516992748486596
0.0405472911165752	0.206823053946583
0.0405800677200172	0.222905755670145
0.0406128973565879	0.331133291776665
0.0406457801551045	0.373249786171247
0.0406787162448014	0.128569885087306
0.0407117057553326	0.196417569661939
0.0407447488167727	0.502245560911026
0.040777845559619	0.367594323098934
0.0408109961147933	0.165606573818188
0.0408442006136434	0.039592576934606
0.0408774591879449	0.168827019465577
0.0409107719699029	0.655796928822638
0.0409441390921539	0.387204350927113
0.0409775606877675	0.432489230476497
0.0410110368902481	0.267759110903088
0.0410445678335365	0.360343626390207
0.0410781536520123	0.434080202827952
0.0411117944804951	0.148206828174601
0.0411454904542464	0.462266471569021
0.0411792417089716	0.3217943961421
0.0412130483808219	0.295075572042676
0.0412469106063957	0.232886080716989
0.0412808285227409	0.277639808971721
0.0413148022673565	0.591903146737468
0.0413488319781944	0.320110817009779
0.0413829177936616	0.228902260961759
0.0414170598526217	0.429287976794603
0.0414512582943969	0.895023582628639
0.0414855132587702	1.21900012037658
0.0415198248859867	0.846797350677229
0.0415541933167561	0.446368441171671
0.0415886186922543	0.404185001075201
0.0416231011541255	0.229219790148271
0.0416576408444838	0.174735596684109
0.0416922379059157	0.15674347514192
0.0417268924814817	0.653104200615001
0.0417616047147182	1.29469702447049
0.0417963747496398	1.41922162581543
0.041831202730741	1.57978257198583
0.0418660888029984	0.991173335670662
0.0419010331118725	0.715372408505539
0.04193603580331	0.352766605066244
0.0419710970237457	0.126378500282259
0.0420062169201043	0.336393168849694
0.0420413956398029	0.148951429696994
0.0420766333307527	0.654233159086988
0.0421119301413614	1.0224585459827
0.0421472862205349	1.53349493620225
0.0421827017176797	1.4453416564946
0.0422181767827048	0.671503004172806
0.0422537115660241	0.299233564657938
0.042289306218558	0.669213521296142
0.0423249608917362	0.60500662786691
0.0423606757374995	0.289878380553596
0.0423964509083017	0.0889489288208385
0.0424322865571122	0.432405142265568
0.0424681828374183	0.834408787687638
0.0425041399032267	0.699561401396326
0.0425401579090662	0.305628556251727
0.0425762370099902	0.182574372745812
0.042612377361578	0.770611709072652
0.0426485791199381	0.774080422312183
0.0426848424417097	0.410301117860658
0.0427211674840651	0.357201514120972
0.0427575544047123	0.286365689684135
0.042794003361897	0.608688564653761
0.0428305145144048	0.2821821619024
0.0428670880215639	0.144093263706702
0.042903724043247	0.560296570786477
0.0429404227398739	0.357924418321296
0.0429771842724135	0.610826701993325
0.0430140088023868	0.588579484539848
0.0430508964918686	0.479254130238548
0.0430878475034902	0.290233374796057
0.0431248620004417	0.4036505796128
0.0431619401464744	0.259543159871843
0.0431990821059035	0.734910251429881
0.0432362880436099	1.0906980730845
0.0432735581250433	0.97915563515597
0.0433108925162243	0.656206272672267
0.0433482913837469	0.626014047437351
0.0433857548947809	0.539191066360075
0.0434232832170748	0.247369612776484
0.0434608765189577	0.322135535144645
0.0434985349693423	0.363176803881702
0.0435362587377272	0.601804976897316
0.0435740479941995	1.11292447616464
0.0436119029094373	1.47082174802088
0.0436498236547125	1.44124907686711
0.0436878104018929	0.890144577701952
0.0437258633234455	0.540705725730342
0.0437639825924383	0.159594902680902
0.0438021683825436	0.119813730557797
0.0438404208680404	0.291001580486698
0.0438787402238167	0.312230911524886
0.0439171266253729	0.909142109995978
0.0439555802488238	1.6535631819161
0.0439941012709016	1.60585707295339
0.0440326898689587	1.11251482690712
0.0440713462209702	0.823486032545432
0.0441100705055367	0.582068401042146
0.0441488629018871	1.05969460776489
0.0441877235898814	0.577223326367582
0.0442266527500133	0.204948106282316
0.0442656505634132	0.330463902030145
0.044304717211851	0.656230811297191
0.0443438528777387	1.01816444342719
0.0443830577441334	0.758114681838251
0.0444223319947404	0.451254590408988
0.0444616758139154	0.461375466377963
0.0445010893866682	0.543028580837046
0.0445405728986648	0.569448700318944
0.0445801265362311	0.406874594698494
0.0446197504863553	0.292570577782085
0.0446594449366908	0.239124460759122
0.0446992100755595	0.351936511347983
0.0447390460919548	0.330540483813388
0.0447789531755442	0.200827419845001
0.0448189315166726	0.428744510465624
0.0448589813063653	0.716285081519953
0.0448991027363309	0.696842890201234
0.0449392959989646	0.781606467800793
0.044979561287351	0.407106988621762
0.0450198987952675	0.190652504058063
0.045060308717187	0.334492019500096
0.0451007912482816	0.293159614763344
0.0451413465844251	0.692972051640723
0.0451819749221966	0.694847986185494
0.0452226764588835	0.741540536799022
0.0452634513924848	0.62343954687708
0.0453042999217141	0.382808264271709
0.0453452222460032	0.379444572190813
0.045386218565505	0.194259313796102
0.0454272890810967	0.137424465754795
0.0454684339943837	0.149831536896317
0.045509653507702	0.232135168555878
0.0455509478241223	0.743280489226884
0.0455923171474528	0.915422661340636
0.0456337616822429	0.709518537482281
0.0456752816337865	0.359814406494458
0.0457168772081251	0.132061439945649
0.0457585486120516	0.163196196716867
0.0458002960531136	0.0694512092567692
0.0458421197396167	0.142345578404467
0.0458840198806281	0.323046533928906
0.04592599668598	0.663772594460553
0.0459680503662733	1.32662852870415
0.046010181132881	1.01854854619833
0.0460523891979515	0.621356452703896
0.0460946747744126	0.374762504887221
0.0461370380759747	0.44936174316783
0.0461794793171347	0.528182788007162
0.0462219987131795	0.240036448995027
0.0462645964801894	0.146134807963237
0.0463072728350423	0.166265619732086
0.0463500279954168	0.506981570674762
0.0463928621797964	0.617892382706516
0.0464357756074727	0.42137836645927
0.0464787684985498	0.404416485595808
0.0465218410739473	0.468143194655892
0.0465649935554048	0.511364818444984
0.0466082261654852	0.46605324088468
0.0466515391275788	0.1646890029759
0.046694932665907	0.116078773357868
0.0467384070055262	0.274045349649979
0.0467819623723319	0.269949400518362
0.0468255989930622	0.285920958153097
0.0468693170953021	0.340508761453344
0.0469131169074872	0.496148932591891
0.046956998658908	0.629791965583881
0.0470009625797135	0.787165691160181
0.0470450089009156	0.557252269239016
0.0470891378543927	0.276958509425327
0.0471333496728944	0.206556220082887
0.047177644590045	0.0679833836259804
0.0472220228403479	0.26450406039192
0.0472664846591896	0.274352404462498
0.0473110302828441	0.436621220498728
0.0473556599484769	0.671166229556359
0.0474003738941491	0.417491651254269
0.047445172358822	0.255229915311365
0.0474900555823609	0.243650861827276
0.0475350238055398	0.151999830617818
0.0475800772700453	0.253522410159064
0.0476252162184815	0.36379613277353
0.0476704408943736	0.184526779463177
0.0477157515421729	0.364821429446612
0.047761148407261	0.583812427910329
0.0478066317359542	0.313647081952711
0.0478522017755079	0.107094483486176
0.0478978587741212	0.362225897455972
0.0479436029809413	0.285908844028689
0.0479894346460681	0.0863947456007598
0.0480353540205589	0.1785334579669
0.0480813613564327	0.213410892083327
0.0481274569066749	0.573116076932461
0.048173640925242	0.626595082802589
0.0482199136670664	0.36894722340819
0.0482662753880607	0.130213641229617
0.0483127263451227	0.186972004871826
0.0483592667961403	0.505940515635848
0.0484058969999959	0.327138047099677
0.0484526172165714	0.248373650009815
0.0484994277067528	0.209888131021316
0.0485463287324357	0.276265493349286
0.0485933205565294	0.29116945783747
0.0486404034429621	0.318554922903935
0.0486875776566861	0.404618498609079
0.0487348434636826	0.279250902828681
0.0487822011309663	0.444178006885682
0.0488296509265912	0.406373398974478
0.048877193119655	0.409557279754543
0.0489248279803046	0.185506524704995
0.0489725557797408	0.0935061978270128
0.0490203767902239	0.20490209501392
0.0490682912850787	0.328587824651545
0.0491162995386995	0.294762097686013
0.0491644018265556	0.2094570128985
0.0492125984251966	0.454899367232545
0.0492608896122574	0.639614005076958
0.0493092756664639	0.653294057710853
0.049357756867638	0.258278419254605
0.0494063334967033	0.100674597991385
0.0494550058356904	0.159198328708703
0.0495037741677423	0.526826006361595
0.0495526387771199	0.379378260841904
0.0496015999492077	0.278472456035517
0.0496506579705191	0.574841778062727
0.0496998131287024	0.446605777201088
0.0497490657125456	0.495303780161814
0.0497984160119832	0.345069588760325
0.0498478643181009	0.503832822561042
0.0498974109231417	0.488235521734278
0.049947056120512	0.357375614732929
0.0499968002047866	0.368075598578366
0.0500466434717153	0.379325182220259
0.0500965862182284	0.614396337029285
0.0501466287424426	0.519220915202942
0.0501967713436669	0.203660604566731
0.0502470143224086	0.215012318799122
0.0502973579803797	0.332888941806845
0.0503478026205021	0.34172633238917
0.0503983485469145	0.235661619230268
0.050448996064978	0.388338085795412
0.0504997454812824	0.37462118922166
0.0505505971036527	0.257039077807412
0.0506015512411545	0.221647309111382
0.0506526082041013	0.164860235018498
0.05070376830406	0.178597210137109
0.0507550318538576	0.693721623673115
0.0508063991675876	0.505637727691602
0.0508578705606161	0.273885877004785
0.0509094463495887	0.551945378345781
0.0509611268524366	0.239694732713914
0.0510129123883834	0.436299956890636
0.0510648032779515	0.561729304414932
0.0511167998429688	0.843011993518955
0.0511689024065754	0.527995377995401
0.0512211112932302	0.408760541110806
0.0512734268287177	0.544734119271921
0.0513258493401545	0.696597143778099
0.0513783791559967	0.874740227653781
0.0514310166060463	0.580561212013626
0.051483762021458	0.124592161358074
0.0515366157347468	0.134212575477406
0.0515895780797942	0.428243649680314
0.0516426493918558	0.572998886750397
0.0516958300075679	0.460001702623465
0.0517491202649551	0.532229080209051
0.0518025205034372	0.479765373710133
0.0518560310638364	0.169910336014255
0.0519096522883847	0.228515733134329
0.0519633845207309	0.331550140339306
0.0520172281059483	0.507058867605433
0.0520711833905418	0.947499779140533
0.0521252507224555	0.670082287385212
0.0521794304510803	0.274430965012508
0.052233722927261	0.427864027349945
0.0522881285033042	0.569081715851267
0.0523426475329859	0.634300563628639
0.0523972803715591	0.540212330314927
0.0524520273757617	0.745548204585207
0.0525068889038237	0.422006384520413
0.0525618653154759	0.709547694933057
0.0526169569719568	0.890687908571259
0.0526721642360214	0.866098504131511
0.0527274874719485	0.953011033342742
0.0527829270455491	0.752310430108919
0.0528384833241742	0.489634115750113
0.0528941566767231	0.313978708278235
0.0529499474736516	0.469517111743029
0.05300585608698	0.706976454430732
0.0530618828903015	0.67834862030017
0.0531180282587905	0.760755078467276
0.0531742925692112	0.332240845009251
0.0532306761999254	0.150849367857166
0.0532871795309018	0.434557694438232
0.0533438029437239	0.723039096040308
0.0534005468215989	0.985786180138023
0.0534574115493663	0.792633495749499
0.0535143975135065	0.281968740993368
0.0535715051021496	0.238107747285174
0.0536287347050843	0.403541255519599
0.0536860867137667	0.689528023950223
0.0537435615213292	0.590968758389775
0.0538011595225895	0.691660542127905
0.0538588811140596	0.835502383288329
0.0539167266939552	0.735460678020312
0.0539746966622042	0.833504577930359
0.0540327914204567	0.580712722252694
0.0540910113720937	0.535453568129429
0.0541493569222366	0.629573379695798
0.0542078284777569	0.27476745239094
0.054266426447285	0.111809907598978
0.0543251512412205	0.211336394195368
0.054384003271741	0.573799296906621
0.0544429829528126	0.790426649900823
0.0545020907001987	0.607118748551407
0.0545613269314704	0.481592325985916
0.0546206920660161	0.0922673849045145
0.0546801865250517	0.204545216274411
0.0547398107316298	0.438312023100125
0.0547995651106507	0.451319916748124
0.0548594500888717	0.952860775967842
0.0549194660949178	0.892609816303639
0.0549796135592916	0.386379884795762
0.0550398929143837	0.118760922921532
0.0551003045944832	0.256748599081459
0.0551608490357877	0.610699286709342
0.0552215266764145	0.526371255451457
0.0552823379564103	0.658940013941548
0.0553432833177628	0.346882955687933
0.0554043632044104	0.524169356629615
0.0554655780622539	1.27133410055862
0.0555269283391667	0.999889867329673
0.055588414485006	0.641758449524038
0.0556500369516239	0.449933369495788
0.055711796192878	0.456825224053628
0.0557736926646433	0.580548015363586
0.0558357268248225	0.58682667972709
0.0558978991333583	0.49940158560175
0.0559602100522438	0.324103466386341
0.0560226600455345	0.696942853245542
0.0560852495793599	0.894188856796401
0.0561479791219347	0.371344387976774
0.0562108491435708	0.579576020329686
0.0562738601166888	1.25826459800601
0.05633701251583	1.4741709483076
0.0564003068176684	1.64371874532021
0.0564637435010224	0.772319358643761
0.0565273230468672	0.326701431173076
0.0565910459383467	0.204541244754739
0.0566549126607859	0.778459276429507
0.0567189237017031	0.648488362146649
0.0567830795508224	0.495927431595511
0.0568473807000861	1.28791743191218
0.0569118276436674	1.38139782632179
0.0569764208779831	1.64317944353133
0.0570411609017059	1.42385342092974
0.0571060482157778	0.530521541007728
0.0571710833234229	0.562059510266448
0.05723626673016	0.312740400854179
0.0573015989438161	0.238349072742437
0.0573670804745397	0.350128598602331
0.0574327118348135	0.5960674583165
0.0574984935394685	1.10937965152446
0.0575644261056967	0.968405039781515
0.0576305100530653	0.689923029314468
0.0576967459035302	0.296248144109566
0.0577631341814493	0.298701461347903
0.057829675413597	0.567817805577096
0.0578963701291775	0.592413780282647
0.0579632188598394	0.85220061803086
0.0580302221396895	1.19096879918196
0.0580973805053069	0.926735711520837
0.0581646944957578	1.26561761880478
0.0582321646526093	0.366968859958809
0.0582997915199446	0.502402726537525
0.0583675756443772	0.670680548843905
0.0584355175750654	0.806602388897377
0.0585036178637278	1.12295756644416
0.0585718770646578	0.698420814835101
0.0586402957347385	1.12507904310253
0.0587088744334585	1.37743437410653
0.0587776137229261	1.19558519923418
0.0588465141678858	0.734797298381082
0.058915576335733	0.391189870364738
0.0589848007965298	0.968648258323857
0.0590541881230207	1.13750016758312
0.0591237388906485	1.15928516198875
0.0591934536775699	1.11612868302507
0.0592633330646719	0.738470281307799
0.0593333776355877	0.836833742562631
0.0594035879767128	0.890835526290902
0.0594739646772219	0.59157393352853
0.0595445083290849	0.975815587506852
0.0596152195270834	1.46542289035442
0.0596860988688281	1.52457507057424
0.0597571469547748	1.28919844267065
0.059828364388242	0.752588114693425
0.0598997517754276	0.688634500668616
0.0599713097254263	0.164784121362568
0.0600430388502468	0.417579469936208
0.0601149397648293	0.447679469274433
0.0601870130870631	0.934686159964008
0.0602592594378042	1.92887192541441
0.0603316794408932	1.96855940305391
0.0604042737231734	1.69023962010715
0.0604770429145086	1.15567761227471
0.0605499876478015	0.571458762048488
0.0606231085590119	0.449136208630803
0.0606964062871755	0.649451135885904
0.0607698814744221	0.291821229233078
0.0608435347659947	0.357554395883052
0.0609173668102681	1.59086741623228
0.0609913782587682	2.09463916813839
0.061065569766191	1.65252738608728
0.0611399419904219	0.738224699630393
0.0612144955925552	0.208653541664391
0.0612892312369136	0.310251505891213
0.0613641495910682	1.23189420707426
0.0614392513258579	0.892102914546962
0.06151453711541	0.482288178934132
0.0615900076371598	1.09915582103805
0.0616656635718714	1.469998813597
0.0617415056036579	1.43915280118345
0.061817534420002	0.489047968463515
0.061893750711777	0.267995081976144
0.0619701551732674	0.672337763430369
0.0620467485021903	1.12485705913254
0.0621235313997165	1.31534430845547
0.0622005045704919	1.04247144717205
0.0622776687226589	0.831231201038315
0.0623550245678785	1.42375790356298
0.0624325728213517	1.29049573630657
0.0625103142018421	0.729143704976735
0.0625882494316975	0.897835253885992
0.0626663792368727	1.12334523041258
0.0627447043469519	1.27791340472201
0.0628232254951714	1.73588868767877
0.0629019434184426	1.70269736256194
0.0629808588573749	1.24896812569167
0.0630599725562987	0.676023067141027
0.0631392852632896	0.719030637295947
0.0632187977301911	0.468431486835828
0.0632985107126387	1.32345804541437
0.0633784249700842	1.73677481370228
0.063458541265819	1.61047767860203
0.0635388603669992	1.08273048204949
0.0636193830446698	0.806073783684506
0.063700110073789	1.08331289102808
0.0637810422332537	0.420212484849956
0.0638621803059242	0.27464889653735
0.0639435250786493	0.6050743453645
0.0640250773422922	1.01863773178666
0.0641068378917557	1.8279084612377
0.0641888075260081	2.04346659801913
0.0642709870481095	0.919061916792153
0.0643533772652377	0.675799745247645
0.0644359789887148	0.621411491997305
0.0645187930340337	0.345447632491105
0.0646018202208853	0.254752048857252
0.064685061373185	0.36869979080239
0.0647685173191003	1.31294031911829
0.0648521888910782	2.72428559498704
0.064936076925873	2.80442770290352
0.0650201822645737	1.57970704168646
0.0651045057526329	0.610845526796573
0.0651890482398945	0.240865720932916
0.0652738105806224	0.396063805303568
0.0653587936335294	1.04010567323672
0.0654439982618062	0.819720205730413
0.0655294253331504	0.84878828997698
0.0656150757197962	1.7083120628229
0.0657009502985439	2.25860289578852
0.0657870499507901	1.76634484778428
0.0658733755625574	1.04904714525312
0.0659599280245253	0.869811929556945
0.0660467082320605	0.955377420315942
0.0661337170852478	1.31452810654988
0.0662209554889214	1.62793701649594
0.066308424352696	1.12186832310527
0.0663961245909987	1.23982757876321
0.0664840571231007	1.84375748864745
0.0665722228731494	1.28934647331255
0.066660622770201	0.520527915348876
0.0667492577482526	0.73985872412317
0.0668381287462759	1.21759468229792
0.0669272367082496	1.66225546475692
0.0670165825831932	2.00103442154511
0.0671061673252007	1.73662083935983
0.0671959918934743	1.08226059627466
0.0672860572523592	1.01858756792764
0.0673763643713773	0.688392408652811
0.0674669142252627	0.595841573149267
0.0675577077939964	1.47399684492934
0.0676487460628418	1.61056030837201
0.0677400300223801	1.25429403861363
0.0678315606685467	0.94465726903356
0.0679233390026668	1.1981086543357
0.0680153660314926	1.27474361877721
0.0681076427672396	0.731008674969308
0.0682001702276237	0.413869296837391
0.068292949435899	0.640307215199544
0.0683859814208954	1.34881790159722
0.0684792672170562	2.08678266958581
0.068572807864477	1.32426781585403
0.0686666044089441	0.732805670665459
0.0687606579019736	0.586808665080221
0.0688549694008504	0.53276399604895
0.0689495399686682	0.517827998993458
0.069044370674369	0.304964077792179
0.069139462592784	1.10342581418979
0.0692348168046736	2.4170645663907
0.0693304343967686	3.04272750849798
0.0694263164618116	2.48838489489978
0.0695224640985984	1.01080156473307
0.0696188784120201	0.434812615719781
0.0697155605131053	0.390539126160922
0.0698125115190632	0.464177460278847
0.069909732553326	0.538247665687707
0.0700072247455926	0.535459672053747
0.0701049892318725	1.55947837074179
0.0702030271545297	2.65081817083421
0.0703013396623274	2.73510784760388
0.0703999279104726	1.64885961260859
0.0704987930606616	0.944115138971398
0.0705979362811255	1.04901477245178
0.0706973587466761	0.976678332508058
0.0707970616387526	0.888351136744781
0.0708970461454682	1.24841488403532
0.0709973134616574	1.30962246665935
0.0710978647889235	1.7210772647713
0.0711987013356865	1.6252563491401
0.0712998243172317	1.00440480379306
0.0714012349557586	0.708463614886305
0.0715029344804299	0.888032246506778
0.0716049241274212	1.38777488483809
0.0717072051399713	1.14944381277352
0.0718097787684324	1.56457367472175
0.0719126462703213	1.84083053172541
0.0720158089103708	1.41144947000969
0.0721192679605813	0.940426291338176
0.0722230247002733	0.562075828527725
0.0723270804161399	0.665730636017964
0.0724314364023004	1.04512767431803
0.0725360939603535	1.21042895426264
0.0726410543994317	0.923135937707191
0.0727463190362556	0.772039556225008
0.0728518891951895	1.59798499461703
0.0729577662082962	1.36482581563272
0.0730639514153937	0.563498491110225
0.0731704461641114	0.309112613841317
0.073277251809947	0.802662140108775
0.0733843697163242	2.00878881920663
0.0734918012546509	1.81701305717548
0.0735995478043771	0.86661305017901
0.0737076107530548	0.261105872431264
0.0738159914963966	0.550114241338165
0.0739246914383368	1.2172254970045
0.0740337119910911	0.52795347753892
0.0741430545752185	0.327098092911376
0.0742527206196824	1.34655812161571
0.0743627115619133	2.75706404990738
0.0744730288478713	3.43816594809653
0.0745836739321098	1.86444036652474
0.0746946482778391	0.756779224901036
0.0748059533569908	1.02302790880962
0.0749175906502836	0.615640769969915
0.0750295616472879	0.624053348223058
0.0751418678464931	0.647966696485094
0.0752545107553736	1.20759029653115
0.0753674918904567	2.46507977922365
0.0754808127773909	3.407950367494
0.0755944749510137	2.48379900508447
0.0757084799554217	0.896556584377679
0.0758228293440404	1.19571938842487
0.0759375246796944	1.23237245769126
0.0760525675346789	0.805207851693436
0.0761679594908313	1.12305870159154
0.0762837021396042	1.18627565855393
0.0763997970821378	1.96547083073623
0.0765162459293346	2.60797310977657
0.0766330503019331	2.54945257247559
0.0767502118305835	1.36242592969564
0.0768677321559235	0.525793713879097
0.0769856129286548	1.46720592690986
0.0771038558096202	1.40142283688977
0.0772224624698821	0.970824316168108
0.0773414345908008	1.70194561667647
0.0774607738641141	2.46857303192488
0.0775804819920174	1.99077898772026
0.0777005606872448	1.23672555270791
0.0778210116731507	0.638623833334374
0.077941836683792	0.678145437989479
0.0780630374640118	1.56378293043826
0.0781846157695232	1.2252343458055
0.0783065733669936	0.437398742314309
0.0784289120341312	0.881668937959971
0.0785516335597704	2.15268316445043
0.0786747397439598	2.33379468509462
0.0787982323980498	0.816047937496641
0.0789221133447812	0.762837348215968
0.0790463844183756	2.12287282032288
0.0791710474646253	2.47139141697726
0.0792961043409849	1.53864644532822
0.0794215569166635	0.78589819290695
0.079547407072718	0.779075357309662
0.0796736567021469	2.2831730053266
0.0798003077099855	1.85894240675769
0.0799273620134012	0.527186095486577
0.0800548215417907	0.553594711799832
0.0801826882368778	2.1285576985516
0.0803109640528114	3.91172142807166
0.0804396509562655	3.10167317138907
0.0805687509265396	1.75902146711352
0.0806982659556601	0.758479864296169
0.0808281980484829	1.72292243509359
0.0809585492227969	2.54189292038435
0.081089321509428	0.91542908085821
0.0812205169523453	1.00741688986443
0.0813521376087668	1.5715264674826
0.0814841855492676	3.09734843144197
0.081616662857888	3.17718884357529
0.0817495716322436	1.61695766480297
0.0818829139836355	0.818365006300662
0.0820166920371624	1.177975785395
0.0821509079318334	1.75421910001226
0.0822855638206823	1.28920673250753
0.0824206618708821	0.500772626711432
0.0825562042638618	1.67800865512716
0.0826921931954238	3.46347554282351
0.0828286308758621	3.30856335810191
0.0829655195300823	2.50397310784588
0.0831028613977226	0.624276034165323
0.0832406587332759	0.865786751494453
0.0833789138062131	1.53923308900895
0.0835176289011074	1.49197963112581
0.083656806317761	1.69523257158469
0.0837964483713312	2.53829882499877
0.0839365573924595	3.15319743425631
0.0840771357274007	2.61210171455049
0.0842181857381546	1.88375608983415
0.0843597098025973	1.46793065120224
0.0845017103146158	1.14755770187091
0.0846441896842423	2.3074692725593
0.084787150337791	0.970997931972575
0.0849305947179955	0.910418122869247
0.0850745252841479	1.99215898606197
0.0852189445122399	3.62605399586284
0.0853638548951039	2.82043806647206
0.0855092589425573	1.00402475001125
0.0856551591815469	0.477973151744438
0.0858015581562952	0.943462171996162
0.0859484584284487	2.20743345441294
0.086095862577227	1.52609960329655
0.086243773199574	0.329650398347128
0.0863921929103101	1.1891857097927
0.0865411243422865	3.39753595413809
0.0866905701465408	2.56464993245823
0.0868405329924544	0.939130503083953
0.0869910155679112	0.417864187490048
0.0871420205794586	1.80531151477483
0.0872935507524695	3.53073284335472
0.087445608831306	2.54430946547068
0.0875981975794857	0.646156631585122
0.0877513197798486	0.939666208615894
0.0879049782347265	3.32295619938078
0.0880591757661139	3.36275276589941
0.0882139152158409	1.36449029421617
0.0883691994457475	0.872813017401535
0.0885250313378602	1.4716127933316
0.0886814137945704	2.9554581991468
0.0888383497388143	1.93369368181192
0.0889958421142555	0.849319868560541
0.0891538938854684	0.577053184628461
0.0893125080381248	1.50031292431909
0.0894716875791816	1.56891670724924
0.0896314355370707	0.672094430210238
0.0897917549618915	1.16729841535889
0.0899526489256047	2.58596557195772
0.0901141205222285	3.24760125167708
0.090276172868037	2.69857046233064
0.0904388091017609	1.37654578884477
0.0906020323847896	0.600706770912921
0.0907658459013766	1.32644394248123
0.0909302528588463	1.66645974445481
0.0910952564878033	1.27526063135275
0.0912608600423442	1.2870798151582
0.0914270668002712	3.24806728985747
0.0915938800633088	4.77789871186298
0.0917613031573221	3.13568649346142
0.0919293394325377	2.00127858261654
0.0920979922637678	0.886483834067983
0.0922672650506354	1.2971978244888
0.0924371612178033	1.76895940432283
0.0926076842152046	0.985821716315833
0.0927788375182766	0.99365570343858
0.0929506246281967	3.34782638689778
0.0931230490721211	6.14352515480521
0.0932961144034265	4.29716354150804
0.0934698242019538	1.44096420872907
0.0936441820742553	0.583947242226763
0.0938191916538439	1.30259905547185
0.093994856601446	2.08525882257518
0.0941711806052562	1.22949153145967
0.094348167381196	0.348104363454806
0.0945258206731743	2.48241177898658
0.0947041442533518	4.85736894397105
0.0948831419224076	4.34688470175336
0.0950628175098097	2.13193111802243
0.0952431748740878	0.247228739548275
0.0954242179031093	0.776334975252516
0.0956059505143593	1.46257609518031
0.0957883766552224	0.976944316483861
0.0959715003032692	0.2993242009134
0.0961553254665449	1.05355495887521
0.096339856183862	3.22116337805142
0.0965250965250958	2.87149264540861
0.0967110505914841	1.02631296253147
0.0968977225159293	0.450500855689819
0.097085116463305	1.10836962786191
0.0972732366307657	1.57671660063825
0.0974620872480598	1.35723747727658
0.0976516725778472	0.78929323404232
0.0978419969160196	1.28692974866698
0.0980330645920249	2.44788622237313
0.098224879969196	1.94338189413695
0.0984174474450824	0.657253025604293
0.0986107714517866	1.15593002421057
0.0988048564563039	2.26552222262002
0.0989997069608667	2.7892463410618
0.0991953275032926	1.50289644352432
0.0993917226573365	1.05368912143809
0.0995888970330469	1.93658174700008
0.0997868552771274	3.24929707966068
0.0999856020733008	1.95862341312116
0.100185142142679	1.05517994337128
0.100385480244137	1.94584417948222
0.10058662117469	4.70608044082239
0.100788569769879	5.43775535064661
0.100991330904155	3.26585146981351
0.101194909491272	1.15719349179796
0.101399310484688	1.19374960842003
0.10160453887796	2.1188184906387
0.101810599705156	1.98317742683654
0.102017498041263	1.1514439475863
0.102225239002608	1.8696197652453
0.102433827747275	5.79403433530716
0.102643269475533	8.05420862505127
0.102853569430273	6.03800886087682
0.103064732897438	2.50071682650157
0.10327676520647	1.01717209594641
0.103489671730761	1.12112080987377
0.103703457888099	1.26194464060437
0.103918129141137	0.436851709931064
0.10413369099785	1.63684806510563
0.104350149012012	3.66494209096951
0.10456750878367	7.30757394229635
0.104785775959628	6.99765963212654
0.105004956233934	3.37713733132918
0.105225055348379	1.40859383824012
0.105446079092995	1.24196604957049
0.105668033306564	0.836324064480319
0.105890923877132	0.872976736898442
0.106114756742531	1.05102190609966
0.106339537890904	2.44384171065841
0.106565273361239	3.98777347539902
0.106791969243912	4.00863728713012
0.107019631681235	1.54150777486081
0.107248266868007	0.755089453970757
0.107477881052079	0.989078079433434
0.107708480534923	1.51584766731535
0.107940071672207	1.86863350307557
0.108172660874381	2.96229304942804
0.108406254607265	3.43855347174969
0.108640859392654	2.95730199227986
0.108876481808917	2.4460684898096
0.10911312849162	0.611122067544074
0.109350806134142	0.676561891364788
0.109589521488313	1.93566767174952
0.109829281365046	2.42243531939712
0.11007009263499	1.7851775695827
0.110311962229184	3.89428711781587
0.110554897139723	6.21904179407444
0.110798904420433	4.47885050105638
0.111043991187549	3.00964314396343
0.111290164620411	1.09705777235569
0.111537431962166	2.03482472926747
0.111785800520474	4.71993416033898
0.112035277668232	5.03439188554136
0.1122858708443	3.28521477500166
0.112537587554243	3.96724272248225
0.11279043537108	6.16868986450344
0.113044421936044	3.86807803776557
0.113299554959348	2.37738228418488
0.11355584222097	0.887775276459679
0.113813291571443	3.69611592320716
0.114071910932652	7.37485622206774
0.114331708298653	8.35251823020054
0.114592691736492	6.00010628022198
0.114854869387042	3.99648746940942
0.115118249465851	3.3904857954022
0.115382840263996	1.74151264442553
0.115648650148955	0.923916754912284
0.115915687565492	1.0816354206984
0.116183961036547	2.52879902831554
0.116453479164143	5.96269939791325
0.116724250630311	9.34125359702577
0.116996284198014	7.93116932606305
0.117269588712098	4.65020482877721
0.117544173100251	2.47470954471032
0.11782004637397	0.73619345703161
0.118097217629553	0.981089358154424
0.118375696049093	1.40145812877795
0.118655490901497	2.95793311263292
0.118936611543512	4.03848431242153
0.119219067420767	6.05770854298974
0.119502868068834	6.00447578736923
0.119788023114297	2.44329159948771
0.120074542275845	0.934671718913608
0.120362435365372	1.23568935065195
0.120651712289101	2.75333584775061
0.120942383048716	3.25208248991086
0.121234457742518	6.08767660010411
0.121527946566593	7.2947808170945
0.121822859815999	4.80121252418503
0.12211920788597	3.25264756621704
0.122417001273137	0.500305161340827
0.122716250576767	0.814040988685621
0.12301696650002	1.18113759591072
0.123319159851228	2.85961590339355
0.123622841545187	5.21170482696143
0.123928022604472	10.9537645329531
0.12423471416077	14.0465867901887
0.124542927456236	8.15088973477465
0.124852673844863	2.89971820910687
0.12516396479388	1.11121579550907
0.125476811885164	3.62318588749722
0.125791226816677	3.64617794120706
0.126107221403927	3.60550143703659
0.126424807581443	6.6324934886739
0.126743997404283	12.2688376370955
0.127064803049556	13.8270947069827
0.127387236817969	8.50963760627575
0.127711311135405	2.31756037573922
0.128037038554513	2.25992829220033
0.128364431756334	4.82980592558853
0.128693503551941	6.14942250421193
0.129024266884116	5.91107976686018
0.129356734829042	5.09626269576817
0.129690920598031	9.08518207897584
0.130026837539268	9.29681371101257
0.130364499139595	4.79843865899374
0.130703919026308	3.31329328623251
0.131045110969	2.80965190115831
0.131388088881415	7.19024873256877
0.131732866823341	9.65642633549631
0.132079459002536	10.435292362709
0.132427879776674	6.55261260196467
0.13277814365533	4.93057088429001
0.133130265301993	5.31471013700866
0.133484259536116	2.58499072000117
0.13384014133519	2.11309294124788
0.134197925836859	3.35098365620761
0.134557628341066	6.22522448525999
0.134919264312236	7.9674241737676
0.135282849381487	7.30351241867062
0.135648399348888	5.48233869523066
0.136015930185744	3.12656026782495
0.136385458036923	1.04596367688251
0.136756999223221	2.12385235334428
0.137130570243764	1.95693570602837
0.13750618777845	4.66266680073218
0.137883868690435	9.83545999982613
0.138263630028649	9.51199468343648
0.138645489030369	7.02384793377093
0.139029463123826	3.65696546549937
0.13941556993085	1.23713283433475
0.139803827269576	0.859711536754004
0.140194253157175	1.71445613493543
0.140586865812649	6.29886924639561
0.140981683659659	11.1143267784841
0.141378725329413	18.7697122902328
0.141778009663589	17.5125951439118
0.142179555717325	8.81410847887097
0.14258338276224	2.25379566291398
0.142989510289526	0.886823188620763
0.143397958013078	1.69862540054417
0.143808745872689	2.22525490077699
0.14422189403729	3.66774333600497
0.144637422908254	10.8218929610996
0.145055353122752	21.4395523916258
0.145475705557172	25.5331484588905
0.145898501330595	13.3398514869353
0.146323761808328	3.65623981618984
0.146751508605509	4.417930905426
0.147181763590764	4.42757546053692
0.147614548889939	3.71706438634855
0.148049886889887	2.65201401310589
0.148487800242332	6.69250824863324
0.1489283118678	16.9712781231533
0.14937144495961	20.6403042872707
0.149817222987955	12.7789776760854
0.150265669704037	4.55005192359725
0.150716809144291	10.6835264790121
0.151170665634675	16.1882125995951
0.151627263795049	11.254542863052
0.152086628543619	6.10613621882442
0.152548785101476	3.10718355542949
0.153013758997209	6.81309992289627
0.153481576071609	8.96088648941513
0.15395226248245	6.11978967597696
0.154425844709371	3.3133215707894
0.154902349558838	7.22826192885394
0.155381804169205	12.7012796207223
0.155864236015861	15.1477287353635
0.156349672916485	9.4236542502686
0.156838143036387	4.64020737513031
0.15732967489396	2.64901232172333
0.157824297366229	1.47063436648689
0.158322039694502	2.46990675844031
0.158822931490141	1.06413003954993
0.159327002740425	6.67572222571898
0.159834283814541	10.6526994921548
0.160344805469682	12.7348512581526
0.160858598857261	9.35980075460881
0.161375695529248	3.87450002273827
0.161896127444632	3.71478144127176
0.162419926976001	0.620202616134066
0.162947126916259	3.71606006846827
0.163477760485464	6.54414968524696
0.164011861337812	12.8742304097895
0.164549463568749	20.7810987245805
0.165090601722226	17.0951722616719
0.165635310798098	8.16178717743132
0.166183626259672	1.63348375999594
0.166735584041404	2.05162626139994
0.167291220556746	2.84842791933952
0.167850572706154	3.13845435446069
0.168413677885264	7.29913693487142
0.168980573993214	21.8394053648648
0.169551299441159	38.8913244115033
0.17012589316094	37.3789541693284
0.170704394613935	17.8897639763418
0.171286843800102	4.70450521889962
0.171873281267188	7.09736190753415
0.172463748120146	5.76502824232794
0.173058286030736	4.89665990024396
0.17365693724733	1.91711990162761
0.174259744604919	11.6802711369791
0.17486675153533	30.4349224339095
0.17547800207766	46.2524948591862
0.176093540888921	29.0460033921127
0.17671341325492	11.9625923655165
0.177337665101367	24.9272293162416
0.177966343005211	25.6431893973177
0.178599494206233	15.7554496607328
0.179237166618871	5.10421968225982
0.179879408844311	3.05713718432853
0.180526270182837	10.6297038895827
0.181177800646443	18.4573460127081
0.181834050971722	14.2494427384523
0.182495072633039	8.54205227604834
0.183160917855992	20.7418152659267
0.183831639631161	29.9327923118665
0.18450729172817	29.9139648141414
0.185187928710055	16.0184674351459
0.185873605947956	6.87792271788172
0.186564379636125	5.61889302544118
0.187260306807287	1.86284882933341
0.187961445348331	3.44937239539779
0.188667854016362	1.64805783067513
0.189379592455117	9.80706130965039
0.190096721211753	14.1444688646765
0.190819301754011	16.6941977248161
0.191547396487787	11.2426285239884
0.192281068775093	7.08139815147884
0.19302038295244	4.25207820679251
0.193765404349646	0.602275289088543
0.194516199309079	4.2697814044689
0.195272835205349	5.92937977120466
0.196035380465467	12.2669687580529
0.196803904589468	19.4195103092285
0.19757847817153	14.1794203547841
0.198359172921593	6.18810257652859
0.199146061687485	3.1684427795596
0.199939218477583	5.34786913189151
0.200738718484022	7.48651195595497
0.201544638106448	8.25153000966028
0.202357054976365	10.5266801209508
0.203176047982056	36.6016981552058
0.204001697294122	54.1396809844256
0.204834084391643	47.2175829287502
0.205673292088983	22.0910386350977
0.206519404563253	6.1161842598729
0.207372507382462	7.41937894835765
0.208232687534359	9.5293232315489
0.209100033456006	9.26915295180662
0.209974635064085	5.75193215601028
0.210856583785973	23.3039552311695
0.211745972591602	55.1023845571244
0.21264289602613	80.1588530147753
0.213547450243445	44.6592867481214
0.214459733040525	21.6781127720001
0.21537984389269	32.3996058582204
0.216307883989756	36.5520149866496
0.217243956273137	19.1328937694045
0.218188165473905	3.82575765604363
0.219140618151856	3.11875427828105
0.220101422735597	14.5423215655374
0.221070689563695	34.5643654347015
0.22204853092692	28.3482965634263
0.223035061111607	25.8367789136392
0.22403039644419	34.1895674268226
0.225034655336922	49.0178778540683
0.226047958334841	55.9205468392091
0.227070428164	19.7267490423435
0.228102189781022	14.0582656665995
0.229143370424007	7.97530011334205
0.230194099664838	6.13676176461206
0.231254509462935	3.88539120724166
0.232324734220505	5.73496353573536
0.233404910839325	15.9529261689816
0.234495178779125	18.9818644496423
0.23559568011761	27.0821008791535
0.23670655961218	16.6365234875234
0.237827964763409	11.5630248426739
0.238960045880329	8.0509998645822
0.240102956147597	2.2627708443402
0.241256851694589	5.2553429526039
0.242421891666506	9.42702593460109
0.243598238297541	11.9847728720699
0.244786056986195	14.5393261479744
0.245985516372796	8.77378782972998
0.247196788419325	7.16435733912159
0.248420048491594	19.1380487469984
0.249655475443888	11.4127211818678
0.250903251706143	9.89401833039719
0.252163563373747	9.0020828106204
0.253436600300069	20.971491940137
0.254722556191796	48.8821362027755
0.256021628707194	62.358942808787
0.257334019557386	42.7536678767635
0.258659934610769	18.7594990814093
0.259999584000666	19.4248119632128
0.261353182236347	10.052385723594
0.262720948317536	15.4675040905586
0.264103105852525	17.4128566215074
0.265499883180052	12.1740340191798
0.266911513495047	29.8784818224561
0.268338234978426	66.7528434811224
0.269780290931066	96.8111702343587
0.271237929912119	43.0513434405902
0.27271140588184	31.5611113354798
0.274200978349091	35.7608130080375
0.275706912523711	41.5727896825193
0.27722947947393	21.1761889393972
0.278768956289028	6.76120139247361
0.28032562624745	6.06665703248148
0.281899778990574	28.6017662456149
0.28349171070238	69.7698486503492
0.285101724295229	28.4644616347493
0.286730129602019	32.784175115813
0.288377243574956	33.4886957332986
0.290043390491218	82.7341562095224
0.291728902165796	91.2779347462638
0.293434118171789	23.0557192185167
0.295159386068478	10.5838834461905
0.296905061637491	9.72847909349654
0.298671509127402	30.2082179062101
0.300459101507103	11.5381728190253
0.302268220728346	37.1092852052697
0.304099257997811	21.0522948240577
0.305952614059135	22.2450455457029
0.307828699485311	53.1890637053509
0.309727934981912	30.8712803349122
0.311650751701614	22.270009496139
0.313597591570497	11.3429910441385
0.31556890762667	3.35655888336681
0.31756516437173	2.37902969085427
0.319586838135659	16.260615567889
0.321634417455744	12.0553210700695
0.323708403470155	10.0264768781742
0.325809310326852	9.8472601672623
0.327937665608522	13.263310985298
0.330094010774269	25.9370047518188
0.332278901618863	13.9561436708961
0.334492908750335	10.0205840296787
0.336736618086798	7.97230718083097
0.3390106313734	51.9045261034726
0.341315566720368	58.1559504496741
0.343652059163139	45.9694919766022
0.346020761245675	27.8395813536583
0.348422343628053	23.7129621407422
0.350857495719539	72.3229537654721
0.353326926338403	18.7155064196894
0.355831364399784	30.9946422601613
0.358371559633028	12.2457166525388
0.360948283329965	14.3859831708728
0.363562329125706	56.6332360589941
0.366214513813612	84.06277892921
0.368905678196199	109.836473469106
0.371636687973837	47.0073746262227
0.374408434673217	30.2950906947539
0.377221836617679	21.6522108533739
0.380077839941621	45.9370862006298
0.382977419651338	34.0360478908417
0.385921580734795	21.9261468232583
0.388911359322984	13.7182576995277
0.391947823905682	41.9879426225626
0.395032076604621	66.5116196097811
0.398165254507231	21.7179085184188
0.401348531064377	39.983512382029
0.404583117555671	41.0948746873536
0.407870264626228	138.081671801097
0.411211263898941	77.0647023641822
0.414607449666656	35.9128983133886
0.418060200668897	13.4683363520256
0.421570941958113	19.8586490683533
0.425141146860758	140.036080677067
0.428772339038864	24.575398263425
0.432466094658179	76.9134790798444
0.436224044669343	48.8422714185072
0.440047877209041	29.3194942049687
0.443939340128565	70.2048984693973
0.447900243657733	156.846758489699
0.451932463212698	70.6078545379221
0.456037942356805	15.326465966088
0.460218695924304	12.3535810488007
0.46447681331748	5.98836779579977
0.468814461988524	33.0964213196338
0.473233891118347	19.8733440348902
0.477737435505447	14.3102573534547
0.482327519678963	11.405752390763
0.48700666225114	14.6108892508369
0.491777480525612	20.4687744540595
0.496642695379237	21.3179587199872
0.501605136436598	9.29870581092356
0.506667747557862	17.4861735466324
0.511833592662354	72.3740474305857
0.517105861912051	40.3839486787753
0.522487878281224	34.6510964262353
0.527983104540655	49.6587483709814
0.533595150687271	71.8231545510274
0.539327781852699	106.626806540306
0.545184926727146	47.6451019795921
0.551170686538208	79.3646562304657
0.557289344627731	16.3442606653754
0.56354537667373	23.1043971410887
0.569943461608609	88.7086794132323
0.576488493289674	75.2676357455712
0.583185592983111	212.555526952117
0.590040122728346	47.5816862997459
0.597057699656095	58.3773594529558
0.604244211340456	29.8220120493213
0.611605832273217	160.073301435489
0.619149041557284	70.9124190009203
0.626880641925778	15.5966093619578
0.634807780204154	49.460232169191
0.642937969344718	89.5406089623808
0.651279112176315	69.9091420123317
0.659839527027027	70.9526951331079
0.668627975394491	40.525002643235
0.677653691857313	106.156929395811
0.686926416442271	78.5684386267524
0.696456429685759	35.7313463820349
0.706254590654839	102.149227007123
0.716332378223496	16.3551460366424
0.726701935933957	74.9304925837087
0.737376120811704	131.77411090196
0.748368556546728	50.4681350146418
0.759693691503586	113.144288672227
0.771366862079605	88.859391689368
0.783404361995487	41.3247012129104
0.795823518176609	39.9802249831236
0.808642773968172	296.786307748694
0.821881780524689	135.614384537626
0.835561497326203	11.7406128730956
0.849704302902589	140.282580584344
0.864334116996266	56.7903089661131
0.879476535566031	64.062304379429
0.895158980234889	95.204314935022
0.911410864017498	45.8397777015152
0.928263775434427	22.6851206254817
0.945751683437996	20.814748865398
0.963911165946945	12.0633295683474
0.982781665225252	19.0178893638678
1.00240577385726	8.72315470639783
1.02282955568284	72.8115382807232
1.04410290678249	38.4873529582271
1.06627996246694	55.4669545640999
1.08941955725989	85.3629745492838
1.11358574610245	60.7681581494401
1.13884839650146	133.584123120987
1.16528386314906	141.705344951577
1.19297575873258	64.8645841776493
1.22201583732525	104.862974922601
1.25250501002004	11.2059357398197
1.28455451649368	44.1188759202063
1.31828728116431	51.8389707779639
1.35383948879021	68.4288491516213
1.3913624220837	23.7119360943956
1.43102461362335	27.2345334553279
1.47301437662031	139.922985670343
1.51754279470681	90.7733804555259
1.56484727090636	109.614876665819
1.61519576172632	110.340673341834
1.66889185580774	19.0418153128788
1.72628090042812	82.6778360117926
1.78775743707094	203.561975709207
1.85377428444313	82.7490085214349
1.92485371111796	32.7782372084577
2.00160128102482	39.6811106689244
2.08472314876584	50.6136988967507
2.17504785105272	33.6377411105373
2.27355401964351	103.280514268987
2.38140598209183	291.630153111006
2.5	34.6348561622948
