0.00999801959227991	1.12852624982177
0.0100000000000007	1.118694986072
0.0100019811924353	1.15940952183403
0.0100039631700502	1.14064947655425
0.0100059459333122	1.0616630764954
0.0100079294826885	1.1537758516634
0.0100099138186467	1.09509170149823
0.0100118989416549	1.11039332058963
0.0100138848521814	1.12999113283043
0.0100158715506948	1.14902722498973
0.0100178590376644	1.15996060770789
0.0100198473135594	1.20235100242348
0.0100218363788499	1.21504687188958
0.0100238262340059	1.1167846233141
0.0100258168794981	1.14810348532024
0.0100278083157975	1.12507401870693
0.0100298005433752	1.13709895887953
0.0100317935627032	1.16345365145003
0.0100337873742533	1.0907937305249
0.0100357819784982	1.13142175491418
0.0100377773759105	1.17961037598316
0.0100397735669636	1.14213113172173
0.010041770552131	1.06235200421979
0.0100437683318867	1.12687852076139
0.010045766906705	1.15003555472733
0.0100477662770606	1.14126965710441
0.0100497664434286	1.17358363962303
0.0100517674062845	1.12820072252484
0.0100537691661041	1.14369066381615
0.0100557717233637	1.13072624979248
0.0100577750785399	1.14065011384432
0.0100597792321096	1.13734960362123
0.0100617841845503	1.17514402872129
0.0100637899363396	1.13249456681493
0.0100657964879558	1.11631437628683
0.0100678038398772	1.12101617378725
0.0100698119925829	1.12958820542033
0.0100718209465521	1.14379753109101
0.0100738307022644	1.16839585948067
0.0100758412601999	1.14949268213518
0.010077852620839	1.16054422416664
0.0100798647846626	1.10109912408265
0.0100818777521517	1.1638492991642
0.0100838915237881	1.15303074480694
0.0100859061000536	1.20456800814026
0.0100879214814306	1.15914185438122
0.0100899376684018	1.15343666981545
0.0100919546614504	1.1738134187851
0.0100939724610598	1.14958576447007
0.010095991067714	1.20572878744043
0.0100980104818972	1.13785191135037
0.0101000307040941	1.15847210521709
0.0101020517347897	1.17709841030994
0.0101040735744696	1.12724181829207
0.0101060962236194	1.15716919973394
0.0101081196827255	1.16574395553101
0.0101101439522744	1.13201866993299
0.0101121690327532	1.12568722968902
0.0101141949246492	1.16656642462623
0.0101162216284502	1.16472049875358
0.0101182491446444	1.13484484345229
0.0101202774737204	1.14407676636285
0.0101223066161671	1.15917920479083
0.0101243365724738	1.17119352153934
0.0101263673431304	1.17961604158858
0.0101283989286268	1.19541590972301
0.0101304313294537	1.16351056521837
0.010132464546102	1.1240135269981
0.010134498579063	1.18156409095791
0.0101365334288283	1.13980168190806
0.0101385690958902	1.15904181530817
0.0101406055807411	1.19100323371175
0.0101426428838738	1.14682084164009
0.0101446810057818	1.11657493311033
0.0101467199469586	1.0832646770433
0.0101487597078983	1.18858601709594
0.0101508002890955	1.12787852112582
0.0101528416910451	1.15147554731079
0.0101548839142422	1.14268551302702
0.0101569269591826	1.1870353078442
0.0101589708263623	1.17288819588796
0.0101610155162779	1.09690139295197
0.0101630610294261	1.11662467728222
0.0101651073663044	1.19859691459733
0.0101671545274103	1.1595377574979
0.0101692025132419	1.21074590548608
0.0101712513242977	1.15174901623619
0.0101733009610766	1.16790721885535
0.0101753514240778	1.13603915862826
0.0101774027138011	1.15502153275783
0.0101794548307466	1.17092106411081
0.0101815077754146	1.12983973002812
0.0101835615483062	1.14910250153903
0.0101856161499226	1.16781306328739
0.0101876715807655	1.13296541577313
0.0101897278413371	1.17560957607891
0.0101917849321398	1.20634153153254
0.0101938428536765	1.15392485375071
0.0101959016064507	1.16264912795449
0.010197961190966	1.18224103705141
0.0102000216077265	1.19354362413631
0.0102020828572369	1.16274538245945
0.010204144940002	1.12340373078466
0.0102062078565273	1.15546740486377
0.0102082716073184	1.14041626565263
0.0102103361928817	1.16880317110864
0.0102124016137236	1.18645204596109
0.0102144678703512	1.14854859716051
0.0102165349632719	1.13912502163011
0.0102186028929935	1.16747134734673
0.0102206716600243	1.19959447606478
0.0102227412648728	1.11516594960661
0.0102248117080482	1.12752292777835
0.0102268829900599	1.12555815348381
0.0102289551114178	1.09695536508442
0.0102310280726322	1.13510492758455
0.0102331018742138	1.15755341001502
0.0102351765166738	1.17710503694717
0.0102372520005236	1.18079309896163
0.0102393283262752	1.202794659784
0.0102414054944411	1.13123549888788
0.0102434835055339	1.15516368084214
0.0102455623600669	1.13883433237523
0.0102476420585537	1.18653402698195
0.0102497226015083	1.18858059457347
0.0102518039894452	1.16786607010316
0.0102538862228792	1.18987331472025
0.0102559693023257	1.14286023647854
0.0102580532283004	1.17153156398415
0.0102601380013193	1.14017713849371
0.0102622236218991	1.18857876827318
0.0102643100905566	1.1640590123968
0.0102663974078093	1.18124545316124
0.010268485574175	1.21015708494058
0.010270574590172	1.2067666282651
0.0102726644563188	1.14318122033191
0.0102747551731345	1.14521369839645
0.0102768467411387	1.15187045939963
0.0102789391608512	1.11058165443783
0.0102810324327924	1.20593656356291
0.0102831265574831	1.17194103308723
0.0102852215354445	1.08019462032536
0.0102873173671981	1.18032016808204
0.010289414053266	1.16686216740334
0.0102915115941707	1.09153868269524
0.0102936099904351	1.19717338046829
0.0102957092425825	1.17959549762243
0.0102978093511366	1.20176358896754
0.0102999103166216	1.14120411944054
0.0103020121395622	1.15522843249042
0.0103041148204833	1.18605656096551
0.0103062183599104	1.09189084385476
0.0103083227583694	1.12941750497367
0.0103104280163866	1.17442511274264
0.0103125341344887	1.14235610528701
0.010314641113203	1.15958266204995
0.0103167489530571	1.17420072859865
0.0103188576545789	1.12227178364279
0.010320967218297	1.19982323264423
0.0103230776447402	1.14439573351594
0.010325188934438	1.21855206665047
0.01032730108792	1.19667505953155
0.0103294141057164	1.16975236020335
0.010331527988358	1.12723310492698
0.0103336427363758	1.14225331848749
0.0103357583503013	1.10926041753202
0.0103378748306664	1.14870472073936
0.0103399921780035	1.11154495524951
0.0103421103928454	1.12126206966176
0.0103442294757254	1.15191788858651
0.0103463494271772	1.16624865543875
0.0103484702477349	1.18245478358379
0.010350591937933	1.13625318884696
0.0103527144983066	1.12612846760691
0.010354837929391	1.20543575209158
0.0103569622317223	1.16176287845168
0.0103590874058367	1.14499781366965
0.0103612134522709	1.10395409098334
0.0103633403715622	1.08961641447791
0.0103654681642482	1.14808995980868
0.0103675968308669	1.09186834974918
0.010369726371957	1.0922591469096
0.0103718567880574	1.08655778694626
0.0103739880797075	1.11857818525744
0.0103761202474472	1.10267207794408
0.0103782532918167	1.09535101765893
0.0103803872133567	1.08490902863766
0.0103825220126086	1.10891633896734
0.0103846576901139	1.12518410689695
0.0103867942464147	1.15467112819813
0.0103889316820536	1.14204013433417
0.0103910699975734	1.12225009770869
0.0103932091935177	1.06754428122159
0.0103953492704302	1.1051445408773
0.0103974902288553	1.16935975437967
0.0103996320693379	1.00158458682911
0.0104017747924229	1.03411507204023
0.0104039183986563	1.08630807321327
0.010406062888584	1.01660771688246
0.0104082082627526	1.1316392594584
0.0104103545217091	1.10267719860072
0.010412501666001	1.10601524510062
0.0104146496961763	1.08671296195352
0.0104167986127832	1.12155112452718
0.0104189484163706	1.07165915622514
0.0104210991074878	1.12924861387265
0.0104232506866845	1.02602326557052
0.0104254031545109	1.16132528906968
0.0104275565115176	1.0551491538043
0.0104297107582558	0.969103231117249
0.0104318658952768	1.1147123151271
0.0104340219231329	1.00341423352837
0.0104361788423764	1.04193533606371
0.0104383366535602	1.08285630435573
0.0104404953572378	1.1251373909426
0.0104426549539629	1.16618302230279
0.0104448154442898	1.15791577780893
0.0104469768287733	1.1028737715054
0.0104491391079686	1.11154072827246
0.0104513022824314	0.984151906582716
0.0104534663527178	1.04424833386193
0.0104556313193843	1.12133319054892
0.0104577971829881	1.02413307077162
0.0104599639440866	1.10591784176896
0.0104621316032379	1.10876847257992
0.0104643001610003	1.10315222617831
0.0104664696179328	1.10507052198088
0.0104686399745946	1.11782793951181
0.0104708112315457	1.1142990647085
0.0104729833893464	1.0735379525019
0.0104751564485574	1.14036493145746
0.0104773304097398	1.13172554186453
0.0104795052734555	1.09716821668556
0.0104816810402665	1.103443112396
0.0104838577107355	1.18445042389243
0.0104860352854256	1.18021467466662
0.0104882137649003	1.11125097337586
0.0104903931497237	1.12440813244943
0.0104925734404602	1.18353620628339
0.0104947546376748	1.124352381442
0.010496936741933	1.13553044086373
0.0104991197538006	1.1713434662602
0.010501303673844	1.15286821640895
0.0105034885026302	1.18939788654547
0.0105056742407263	1.11541068618756
0.0105078608887002	1.18168121377413
0.0105100484471201	1.12992957003809
0.0105122369165548	1.13221374207649
0.0105144262975735	1.1532342721447
0.0105166165907459	1.13238634108329
0.0105188077966421	1.15594539379383
0.0105209999158328	1.17666899389811
0.010523192948889	1.16100044687407
0.0105253868963825	1.08930537633023
0.0105275817588851	1.19571729331714
0.0105297775369695	1.22818575675519
0.0105319742312088	1.17305129622162
0.0105341718421763	1.17315292619278
0.0105363703704461	1.15246661008274
0.0105385698165926	1.14229963117875
0.0105407701811907	1.20447309796522
0.0105429714648159	1.175462134563
0.0105451736680441	1.15813423125938
0.0105473767914516	1.17321838246035
0.0105495808356153	1.15671894321332
0.0105517858011126	1.18041010760133
0.0105539916885212	1.08914293553154
0.0105561984984195	1.14614356795287
0.0105584062313863	1.1911147272065
0.0105606148880008	1.1068539144561
0.0105628244688428	1.07273389043849
0.0105650349744925	1.17741969292582
0.0105672464055308	1.13483156839882
0.0105694587625387	1.12725295566328
0.010571672046098	1.15069932806342
0.0105738862567909	1.1226856500806
0.0105761013952001	1.11743365076416
0.0105783174619087	1.18312632395767
0.0105805344575004	1.15091563413461
0.0105827523825593	1.15659356066068
0.0105849712376701	1.11764119531425
0.0105871910234179	1.15623654408657
0.0105894117403884	1.20287398909609
0.0105916333891675	1.1773380889515
0.010593855970342	1.16965008957273
0.010596079484499	1.16186571128923
0.0105983039322259	1.15708675755755
0.0106005293141109	1.14092663841121
0.0106027556307426	1.19341949731076
0.01060498288271	1.13971167332597
0.0106072110706027	1.15442632701659
0.0106094401950108	1.13163223817186
0.0106116702565247	1.09740705096212
0.0106139012557357	1.13696429531646
0.0106161331932351	1.12030065941503
0.0106183660696151	1.1601901240307
0.0106205998854682	1.14815036961343
0.0106228346413875	1.09752412664362
0.0106250703379664	1.20516323002755
0.0106273069757991	1.13277803410556
0.01062954455548	1.13363428153377
0.0106317830776043	1.09340664300164
0.0106340225427674	1.11335566550455
0.0106362629515654	1.15310978846242
0.0106385043045949	1.10217202621978
0.0106407466024529	1.14683091608046
0.010642989845737	1.16358440341482
0.0106452340350452	1.16185388677567
0.0106474791709761	1.10657207666714
0.0106497252541288	1.06404557821902
0.0106519722851028	1.16443944209197
0.0106542202644982	1.13504202072691
0.0106564691929156	1.12056439004635
0.0106587190709561	1.13060923493569
0.0106609698992213	1.10180064915819
0.0106632216783134	1.11712256573081
0.0106654744088349	1.14917926772779
0.0106677280913889	1.05321504561041
0.0106699827265791	1.08355749612029
0.0106722383150097	1.11036990655759
0.0106744948572853	1.181319627167
0.0106767523540111	1.13148162600673
0.0106790108057928	1.10034337534868
0.0106812702132365	1.12453494560335
0.010683530576949	1.09732699558578
0.0106857918975375	1.14585854340497
0.0106880541756098	1.11916779871274
0.010690317411774	1.09778476824508
0.010692581606639	1.10402288104627
0.010694846760814	1.08363610516762
0.0106971128749089	1.07460319736259
0.0106993799495339	1.17277537537849
0.0107016479853	1.16115152373881
0.0107039169828183	1.12770639512429
0.0107061869427009	1.17903545551474
0.0107084578655601	1.09325463043211
0.0107107297520088	1.09130594859934
0.0107130026026605	1.13060289800272
0.010715276418129	1.14454897408936
0.010717551199029	1.14810830872223
0.0107198269459752	1.11709594303151
0.0107221036595834	1.08626595420291
0.0107243813404695	1.1783424251597
0.0107266599892501	1.13162617341349
0.0107289396065422	1.18069524551018
0.0107312201929636	1.16673961548288
0.0107335017491322	1.13435826143135
0.0107357842756669	1.15471233150936
0.0107380677731867	1.12073467630355
0.0107403522423114	1.09431994431639
0.0107426376836612	1.15372406453101
0.0107449240978569	1.08400790993272
0.0107472114855199	1.12816271767332
0.0107494998472719	1.11781742685357
0.0107517891837353	1.16049042123457
0.0107540794955329	1.1365154154066
0.0107563707832883	1.13561701016286
0.0107586630476253	1.08055784775587
0.0107609562891685	1.11466804057555
0.0107632505085428	1.14901967992106
0.0107655457063739	1.09975314076849
0.0107678418832877	1.13042517898105
0.0107701390399109	1.14511157784413
0.0107724371768707	1.19312734935207
0.0107747362947948	1.14037255156965
0.0107770363943113	1.17877507001201
0.0107793374760491	1.21666901475136
0.0107816395406374	1.16626779078834
0.010783942588706	1.1418554005802
0.0107862466208854	1.16345958206397
0.0107885516378065	1.20238931214498
0.0107908576401006	1.16630778922665
0.0107931646283999	1.16384281556644
0.0107954726033368	1.2150243608776
0.0107977815655443	1.18857023054797
0.0108000915156562	1.09920797559937
0.0108024024543066	1.1624910006994
0.0108047143821302	1.18203897873635
0.0108070272997621	1.17338141336991
0.0108093412078383	1.16671343779085
0.010811656106995	1.14018453767012
0.0108139719978691	1.16561808609614
0.0108162888810981	1.12734701902291
0.0108186067573199	1.17079349862068
0.010820925627173	1.11230839469926
0.0108232454912965	1.13478005163051
0.01082556635033	1.16102798098015
0.0108278882049136	1.16070414832746
0.0108302110556882	1.16674013750219
0.0108325349032948	1.14481261606051
0.0108348597483755	1.17093636014537
0.0108371855915724	1.13901002472596
0.0108395124335285	1.19670547937376
0.0108418402748874	1.1676671214473
0.0108441691162929	1.14904053751541
0.0108464989583898	1.15925422632264
0.010848829801823	1.16229788831395
0.0108511616472384	1.13907072924492
0.010853494495282	1.13762581636022
0.0108558283466008	1.17148838023304
0.010858163201842	1.12949571870626
0.0108604990616537	1.13862747733952
0.0108628359266841	1.16004735927983
0.0108651737975824	1.1320852977983
0.0108675126749982	1.14735815041595
0.0108698525595815	1.15060394053642
0.0108721934519831	1.18121361587376
0.0108745353528542	1.17346391481294
0.0108768782628467	1.16127067398532
0.010879222182613	1.11405964674175
0.0108815671128059	1.12257787087567
0.010883913054079	1.12787409251759
0.0108862600070864	1.1770630666946
0.0108886079724827	1.10235032165537
0.0108909569509232	1.14188438089824
0.0108933069430635	1.13977050541523
0.01089565794956	1.04936751071182
0.0108980099710696	1.15352951932704
0.0109003630082498	1.17291220891858
0.0109027170617586	1.17979606709389
0.0109050721322547	1.1302301944628
0.0109074282203971	1.16844413002154
0.0109097853268457	1.10495860051192
0.0109121434522608	1.09763530848397
0.0109145025973031	1.09073048529107
0.0109168627626343	1.1933011089405
0.0109192239489163	1.03954178941167
0.0109215861568117	1.05713791293435
0.0109239493869837	1.12711650509882
0.010926313640096	1.06757983366839
0.0109286789168131	1.12527605031871
0.0109310452177997	1.08395980424939
0.0109334125437213	1.10424796468899
0.010935780895244	1.12846749141974
0.0109381502730345	1.13741219118641
0.0109405206777599	1.12715061981045
0.010942892110088	1.08568434269001
0.0109452645706872	0.994340982087163
0.0109476380602264	1.10203798613135
0.0109500125793752	0.925377640050124
0.0109523881288037	1.03153564279258
0.0109547647091824	1.03003903719662
0.0109571423211828	0.995423659873511
0.0109595209654767	1.11075386212788
0.0109619006427365	1.19231003110798
0.0109642813536352	1.15797570808461
0.0109666630988464	1.12302858761528
0.0109690458790443	1.08183118787392
0.0109714296949037	1.16204125730455
0.0109738145471	1.0311914279654
0.0109762004363091	1.02686455447702
0.0109785873632076	1.08542833825117
0.0109809753284725	0.996238692680399
0.0109833643327816	1.13224721326389
0.0109857543768132	1.11074184111529
0.0109881454612462	1.1565732945424
0.0109905375867601	1.13965812874492
0.0109929307540349	1.17209175344365
0.0109953249637514	1.11771646698178
0.0109977202165908	1.10408965703627
0.0110001165132349	1.11697419019828
0.0110025138543662	1.12691619388214
0.0110049122406678	1.10520741957096
0.0110073116728233	1.14003239593428
0.011009712151517	1.15806570491088
0.0110121136774336	1.12208709897767
0.0110145162512586	1.08012098041571
0.0110169198736781	1.19471575429564
0.0110193245453787	1.11106674107719
0.0110217302670476	1.13971048963668
0.0110241370393726	1.13867865319196
0.0110265448630423	1.15215579628654
0.0110289537387455	1.14137369079031
0.011031363667172	1.16622104691405
0.011033774649012	1.14706053538446
0.0110361866849563	1.12228935430437
0.0110385997756964	1.18997687845831
0.0110410139219244	1.14935679842668
0.0110434291243328	1.15609270493828
0.011045845383615	1.16385804750648
0.0110482627004649	1.1953540042367
0.0110506810755768	1.17187615125117
0.011053100509646	1.13500167242421
0.011055521003368	1.16503485507718
0.0110579425574393	1.13394872161779
0.0110603651725566	1.17663489553248
0.0110627888494176	1.18634106026178
0.0110652135887204	1.15629186854067
0.0110676393911637	1.14591706906715
0.0110700662574469	1.1828222829024
0.01107249418827	1.14758710806406
0.0110749231843336	1.15705207707987
0.0110773532463388	1.17964506760101
0.0110797843749875	1.18323083276679
0.0110822165709821	1.11255284565982
0.0110846498350257	1.15587366860581
0.011087084167822	1.16393718927543
0.0110895195700752	1.15907951735844
0.0110919560424902	1.18471557140718
0.0110943935857727	1.21577568170718
0.0110968322006287	1.05651894541906
0.0110992718877649	1.10089255102147
0.0111017126478889	1.06805570720884
0.0111041544817086	1.07419001413765
0.0111065973899326	1.07789586291692
0.0111090413732703	1.10231511694267
0.0111114864324314	1.06434914256936
0.0111139325681265	1.10443130928438
0.0111163797810668	1.09825978232034
0.011118828071964	1.06555375847316
0.0111212774415304	1.08844646888158
0.0111237278904792	1.08941223613566
0.011126179419524	1.11413602071495
0.0111286320293789	1.14163450199494
0.0111310857207591	1.07345395913042
0.0111335404943799	1.12089025030607
0.0111359963509575	1.11258200462438
0.0111384532912088	1.07332219961865
0.0111409113158511	1.09599906211081
0.0111433704256026	1.09337118502231
0.011145830621182	1.14262916830613
0.0111482919033085	1.12197467903601
0.0111507542727022	1.11201011124707
0.0111532177300836	1.13255927639298
0.0111556822761741	1.13574936488168
0.0111581479116954	1.08160767058426
0.0111606146373701	1.09643861552087
0.0111630824539214	1.11735455848093
0.011165551362073	1.14452350225904
0.0111680213625494	1.15340876374506
0.0111704924560757	1.18456009322984
0.0111729646433776	1.12375823994487
0.0111754379251815	1.1033633602351
0.0111779123022143	1.17460365014397
0.0111803877752038	1.17021088527654
0.0111828643448782	1.15246793673387
0.0111853420119664	1.12427017082009
0.0111878207771981	1.03132105652864
0.0111903006413035	1.16798051072227
0.0111927816050134	1.18921392482807
0.0111952636690595	1.21229565411853
0.0111977468341738	1.18428484013039
0.0112002311010892	1.19587367389339
0.0112027164705392	1.11664412084469
0.011205202943258	1.1688507235368
0.0112076905199802	1.1873052292561
0.0112101792014414	1.2256782051053
0.0112126689883776	1.16492146592677
0.0112151598815256	1.12739795899132
0.0112176518816228	1.17625266888077
0.0112201449894072	1.18695497965617
0.0112226392056175	1.1979209868906
0.0112251345309931	1.18082895013416
0.0112276309662741	1.13264315244123
0.011230128512201	1.1215494669285
0.0112326271695153	1.17669037528116
0.011235126938959	1.16308365672443
0.0112376278212747	1.21431167936595
0.0112401298172057	1.19279923775501
0.011242632927496	1.11327662512934
0.0112451371528904	1.15268151364582
0.011247642494134	1.18829652391002
0.0112501489519729	1.13006819228572
0.0112526565271537	1.13071424813234
0.0112551652204237	1.16584989299072
0.011257675032531	1.17435904865247
0.011260185964224	1.17551694108718
0.0112626980162522	1.13969859904241
0.0112652111893656	1.14026638488074
0.0112677254843147	1.14921845192988
0.0112702409018509	1.15521059242094
0.0112727574427262	1.1684190754372
0.0112752751076932	1.12900357639248
0.0112777938975053	1.10940951982626
0.0112803138129165	1.11440206435547
0.0112828348546815	1.12054657050704
0.0112853570235556	1.13174287819421
0.0112878803202948	1.12907650304574
0.011290404745656	1.12303084675079
0.0112929303003963	1.14902319632142
0.011295456985274	1.1822190287206
0.0112979848010478	1.14286165436239
0.011300513748477	1.14923448427403
0.0113030438283218	1.16430911179866
0.011305575041343	1.15736895668669
0.011308107388302	1.18470169728815
0.011310640869961	1.17419859815967
0.0113131754870828	1.12889970160129
0.0113157112404309	1.16062222749525
0.0113182481307695	1.1588241580794
0.0113207861588635	1.145253651042
0.0113233253254784	1.18124369562862
0.0113258656313806	1.17107248826559
0.011328407077337	1.13431229197561
0.0113309496641152	1.15468412888963
0.0113334933924835	1.19051999281948
0.0113360382632109	1.19253866351778
0.0113385842770672	1.13477725764559
0.0113411314348227	1.15650135057361
0.0113436797372485	1.15488376182445
0.0113462291851164	1.09706767093605
0.0113487797791989	1.18926885551837
0.0113513315202692	1.0805836792003
0.011353884409101	1.14056281603588
0.0113564384464691	1.16340725743369
0.0113589936331485	1.1509824496006
0.0113615499699154	1.16781227122926
0.0113641074575463	1.16136605521564
0.0113666660968186	1.15108556814513
0.0113692258885103	1.08934480611708
0.0113717868334003	1.15991786397072
0.0113743489322679	1.15321147937403
0.0113769121858933	1.15588195482869
0.0113794765950575	1.16444843444669
0.0113820421605418	1.13798443798405
0.0113846088831288	1.15051919607786
0.0113871767636012	1.18360692094099
0.0113897458027428	1.14813825441203
0.011392316001338	1.11124990528017
0.0113948873601718	1.13983056119304
0.0113974598800302	1.12779662360978
0.0114000335616996	1.08776475265357
0.0114026084059672	1.16088069239582
0.011405184413621	1.17020572258469
0.0114077615854497	1.07040889673526
0.0114103399222425	1.18420952357174
0.0114129194247896	1.08620814785269
0.0114155000938819	1.08427019431764
0.0114180819303107	1.16887960100016
0.0114206649348683	1.1475675066417
0.0114232491083476	1.12954178639271
0.0114258344515424	1.14029457758737
0.011428420965247	1.09180055148777
0.0114310086502565	1.12442494680187
0.0114335975073668	1.08788417321338
0.0114361875373742	1.12553594726316
0.0114387787410762	1.09012501669225
0.0114413711192708	1.02787434869339
0.0114439646727565	1.09667387165834
0.0114465594023329	0.988951321561035
0.0114491553088001	1.09220814035993
0.011451752392959	1.06727102312283
0.0114543506556112	1.08110607990274
0.011456950097559	1.09856171903784
0.0114595507196056	1.14291459505225
0.0114621525225546	1.14488672209596
0.0114647555072107	1.00912280460597
0.0114673596743791	1.05163808956296
0.0114699650248658	1.09744565555992
0.0114725715594775	0.931877363354018
0.0114751792790217	1.11913245072101
0.0114777881843065	0.975658368649932
0.0114803982761409	1.10671875387408
0.0114830095553346	1.09898917116519
0.0114856220226978	1.113346115152
0.0114882356790419	1.14720958740335
0.0114908505251786	1.09386661892365
0.0114934665619206	1.11932720791717
0.0114960837900812	1.0126211039877
0.0114987022104745	1.07291225782525
0.0115013218239154	1.10624461862243
0.0115039426312194	1.03895672745235
0.0115065646332028	1.13218005406524
0.0115091878306828	1.1113286746185
0.0115118122244771	1.0777277529468
0.0115144378154043	1.1710130046932
0.0115170646042837	1.1651736422363
0.0115196925919353	1.08475891720245
0.01152232177918	1.06090965188902
0.0115249521668393	1.11550611198146
0.0115275837557355	1.11243296444927
0.0115302165466917	1.13124970730271
0.0115328505405316	1.18998177639832
0.0115354857380799	1.14781400248077
0.0115381221401618	1.12131707949044
0.0115407597476034	1.16437107660454
0.0115433985612316	1.13399842550975
0.0115460385818738	1.16288446431949
0.0115486798103585	1.21407741048617
0.0115513222475148	1.12890884378943
0.0115539658941724	1.14723330590289
0.011556610751162	1.1789646244138
0.011559256819315	1.17208392301766
0.0115619040994635	1.18802256153161
0.0115645525924404	1.13703903816337
0.0115672022990794	1.16501332486622
0.0115698532202149	1.11048025353127
0.0115725053566821	1.17923755451034
0.0115751587093169	1.24483188292735
0.0115778132789561	1.18946178619407
0.0115804690664371	1.19191159746001
0.0115831260725983	1.17293996512533
0.0115857842982786	1.16021657478833
0.0115884437443178	1.12851323627079
0.0115911044115566	1.20231267936842
0.0115937663008362	1.14091897034815
0.0115964294129988	1.15553334165489
0.0115990937488873	1.15640551004398
0.0116017593093453	1.15902870150615
0.0116044260952172	1.13235329677522
0.0116070941073484	1.19113849798573
0.0116097633465847	1.17548953285017
0.011612433813773	1.18692611794763
0.0116151055097608	1.17175047928581
0.0116177784353965	1.18515739848756
0.011620452591529	1.17843229622066
0.0116231279790085	1.16085711884422
0.0116258045986855	1.16093875254374
0.0116284824514114	1.15942993622951
0.0116311615380386	1.17229452609748
0.01163384185942	1.158392696251
0.0116365234164096	1.0953400764155
0.0116392062098618	1.17361921410657
0.0116418902406321	1.15973740957028
0.0116445755095767	1.13326795003017
0.0116472620175526	1.13216431474427
0.0116499497654174	1.19899963784196
0.0116526387540298	1.11535436574064
0.0116553289842491	1.15295107214255
0.0116580204569355	1.20042976120746
0.0116607131729499	1.19491913817609
0.011663407133154	1.16175579469868
0.0116661023384103	1.19217588869641
0.0116687987895823	1.09787564486813
0.0116714964875339	1.06862932171265
0.0116741954331302	1.11759834153218
0.0116768956272369	1.19530832486442
0.0116795970707205	1.16318629912198
0.0116822997644482	1.17842284300863
0.0116850037092884	1.14635507422707
0.0116877089061098	1.16178606793164
0.0116904153557822	1.20880994859436
0.0116931230591762	1.17639155923881
0.0116958320171632	1.16229646613802
0.0116985422306152	1.19737997246356
0.0117012537004053	1.18273676100396
0.0117039664274072	1.10703267687641
0.0117066804124955	1.21431675918432
0.0117093956565457	1.16191248193995
0.0117121121604339	1.16264556894158
0.0117148299250371	1.16737333016138
0.0117175489512333	1.21998927322631
0.011720269239901	1.15643147481212
0.0117229907919198	1.17696848323559
0.0117257136081698	1.12909919156074
0.0117284376895323	1.13084423164894
0.0117311630368892	1.18622113941005
0.0117338896511231	1.16631224315351
0.0117366175331178	1.12932104865608
0.0117393466837574	1.15224489718257
0.0117420771039274	1.19861511628572
0.0117448087945136	1.15076793212645
0.011747541756403	1.14952847278959
0.0117502759904833	1.18734220226058
0.0117530114976428	1.08618695452868
0.0117557482787711	1.15084975472325
0.0117584863347583	1.22275753213713
0.0117612256664953	1.13707373992548
0.011763966274874	1.17187477966408
0.0117667081607871	1.19212485320783
0.011769451325128	1.13836450801996
0.0117721957687911	1.14230684021121
0.0117749414926715	1.15954313793035
0.0117776884976652	1.20223210083815
0.0117804367846691	1.12657064150208
0.0117831863545808	1.16575256405123
0.0117859372082988	1.12226420218514
0.0117886893467225	1.13200321797617
0.0117914427707521	1.18128615358264
0.0117941974812886	1.13871480089547
0.0117969534792338	1.1419471190496
0.0117997107654905	1.12348049127478
0.0118024693409622	1.10469188331692
0.0118052292065534	1.08275167038113
0.0118079903631692	1.15964373455649
0.0118107528117158	1.1032602839759
0.0118135165531002	1.14030321416995
0.01181628158823	1.14853055826157
0.011819047918014	1.14086114166932
0.0118218155433617	1.0995491840949
0.0118245844651833	1.12520610963204
0.0118273546843902	1.1131176382088
0.0118301262018943	1.13254290766539
0.0118328990186085	1.12495350563415
0.0118356731354467	1.16652640556337
0.0118384485533234	1.11406834257441
0.0118412252731542	1.19767897763579
0.0118440032958553	1.1601380639523
0.0118467826223439	1.20319426896782
0.0118495632535382	1.14066377349707
0.011852345190357	1.15398993156902
0.0118551284337202	1.11013274955815
0.0118579129845483	1.11317298501941
0.0118606988437629	1.16924620137652
0.0118634860122864	1.1481356251521
0.011866274491042	1.1289455241467
0.0118690642809539	1.17069735795393
0.011871855382947	1.15962490034995
0.0118746477979471	1.13565511165077
0.0118774415268811	1.16708042499049
0.0118802365706764	1.14009897244467
0.0118830329302616	1.16741822463502
0.0118858306065661	1.1293498561112
0.01188862960052	1.15251053748745
0.0118914299130545	1.12616717488966
0.0118942315451014	1.13275032162903
0.0118970344975938	1.15777259905697
0.0118998387714652	1.13239790988388
0.0119026443676504	1.1527444280961
0.0119054512870848	1.19418946308481
0.0119082595307049	1.18506234286032
0.0119110690994477	1.14744661942238
0.0119138799942516	1.13812421185225
0.0119166922160556	1.17942105129993
0.0119195057657995	1.13090295165264
0.0119223206444242	1.13842078870149
0.0119251368528713	1.10312433378659
0.0119279543920835	1.06345538504428
0.0119307732630043	1.14715428435893
0.0119335934665779	1.10959566851166
0.0119364150037498	1.15687126466836
0.0119392378754659	1.1475913080585
0.0119420620826735	1.09962459699124
0.0119448876263204	1.19128225559099
0.0119477145073554	1.12684710040549
0.0119505427267284	1.15702294655715
0.0119533722853899	1.08149492572883
0.0119562031842916	1.14309127545707
0.0119590354243858	1.06496942655132
0.0119618690066259	1.06116560728712
0.0119647039319662	1.07929404876799
0.0119675402013618	1.05170124569576
0.0119703778157688	1.12053295073855
0.0119732167761442	1.14756610612554
0.0119760570834457	1.09873245079685
0.0119788987386323	1.13087743809055
0.0119817417426636	1.08577899677834
0.0119845860965003	1.09942622463219
0.0119874318011038	1.00498344029967
0.0119902788574366	1.14101569559986
0.011993127266462	0.912304341132609
0.0119959770291443	1.08421538873404
0.0119988281464487	1.06386489638384
0.0120016806193413	1.0262314544237
0.0120045344487891	1.15729725693173
0.01200738963576	1.13997084732383
0.0120102461812229	1.12013550479483
0.0120131040861476	1.06464669344643
0.0120159633515048	1.14614835561343
0.0120188239782661	1.07223594350096
0.0120216859674041	1.09874291492235
0.0120245493198923	1.09746524914006
0.012027414036705	1.0434076818085
0.0120302801188176	1.15350204181849
0.0120331475672064	1.12879446413995
0.0120360163828486	1.169505311785
0.0120388865667222	1.15218376234404
0.0120417581198065	1.12918013994602
0.0120446310430813	1.0831225915874
0.0120475053375276	1.09612719417526
0.0120503810041272	1.10008794581699
0.0120532580438631	1.13931091444986
0.0120561364577189	1.17547734718139
0.0120590162466793	1.15970129649721
0.0120618974117299	1.16410539412917
0.0120647799538573	1.16557054017125
0.0120676638740491	1.1093930804574
0.0120705491732937	1.13258874437159
0.0120734358525805	1.18444142363868
0.0120763239128998	1.14326215995299
0.0120792133552429	1.16992384021073
0.0120821041806021	1.18520263418196
0.0120849963899707	1.13128715538309
0.0120878899843426	1.18378463588208
0.0120907849647131	1.15518553797488
0.0120936813320782	1.11685609015643
0.0120965790874349	1.12312260746366
0.0120994782317811	1.17494079626718
0.0121023787661158	1.12745233949518
0.0121052806914389	1.13195403028692
0.0121081840087512	1.1623585304375
0.0121110887190545	1.20461465336878
0.0121139948233516	1.16733140387577
0.0121169023226462	1.11800268541103
0.0121198112179429	1.1136986332939
0.0121227215102475	1.1500298845458
0.0121256332005665	1.15830436901934
0.0121285462899076	1.16326096772958
0.0121314607792792	1.18509230273853
0.012134376669691	1.19915749232322
0.0121372939621534	1.14739351412609
0.0121402126576779	1.14551080492439
0.0121431327572769	1.13710808242644
0.0121460542619638	1.19055336810502
0.012148977172753	1.176056173067
0.01215190149066	1.10787171948783
0.0121548272167009	1.16724474925241
0.0121577543518933	1.15883351732013
0.0121606828972553	1.1572609290672
0.0121636128538062	1.18036017107619
0.0121665442225664	1.17530167289517
0.012169477004557	1.15536116085471
0.0121724112008004	1.17332144391249
0.0121753468123197	1.14534940317515
0.0121782838401391	1.19890465232865
0.0121812222852838	1.16338071033839
0.0121841621487801	1.16443907202413
0.0121871034316551	1.12146450624282
0.012190046134937	1.15885909709358
0.0121929902596549	1.10914069659095
0.012195935806839	1.07846581965964
0.0121988827775205	1.14441083104314
0.0122018311727315	1.09001266679727
0.0122047809935051	1.12943154127573
0.0122077322408756	1.10291084744314
0.012210684915878	1.10711525199904
0.0122136390195485	1.13306864148983
0.0122165945529243	1.13757829653953
0.0122195515170434	1.10465551499625
0.0122225099129452	1.1185714223925
0.0122254697416698	1.06985098749992
0.0122284310042582	1.08338291354804
0.0122313937017528	1.09983926657795
0.0122343578351967	1.12116871734704
0.0122373234056342	1.16111446949677
0.0122402904141104	1.16381930249429
0.0122432588616716	1.09224222817746
0.012246228749365	1.11473905516649
0.0122492000782389	1.12972936168423
0.0122521728493426	1.1292711345141
0.0122551470637264	1.08562387251675
0.0122581227224416	1.18628363457326
0.0122610998265406	1.15589678877377
0.0122640783770767	1.16763390232644
0.0122670583751043	1.15236274957261
0.0122700398216788	1.15892116884181
0.0122730227178568	1.16472770099294
0.0122760070646955	1.16190784530863
0.0122789928632537	1.10798470406969
0.0122819801145907	1.17618198171734
0.0122849688197671	1.14125502005679
0.0122879589798446	1.12304062598481
0.0122909505958857	1.11235701914062
0.0122939436689542	1.11016856701971
0.0122969382001147	1.15434120744268
0.0122999341904329	1.17027934132708
0.0123029316409757	1.19872299054403
0.0123059305528108	1.15172495994192
0.0123089309270071	1.16676476172744
0.0123119327646345	1.15859870976251
0.0123149360667639	1.15440766641771
0.0123179408344674	1.12743011559187
0.0123209470688179	1.09812954727324
0.0123239547708896	1.13727029534384
0.0123269639417576	1.08938283142704
0.012329974582498	1.12436143574903
0.0123329866941881	1.13303770922043
0.0123360002779062	1.15359899248741
0.0123390153347316	1.15194101969876
0.0123420318657448	1.13116369269482
0.0123450498720271	1.16804568479394
0.0123480693546611	1.18975063156981
0.0123510903147303	1.18920347123518
0.0123541127533194	1.22265143160806
0.0123571366715141	1.18287646131027
0.0123601620704011	1.15421496473356
0.0123631889510683	1.14691231886724
0.0123662173146045	1.16347435282759
0.0123692471620997	1.13285930453802
0.0123722784946449	1.19636728866508
0.0123753113133322	1.16746275428666
0.0123783456192548	1.15402476751854
0.0123813814135068	1.14947092483424
0.0123844186971837	1.13970076880538
0.0123874574713818	1.18129122124054
0.0123904977371985	1.14861052504153
0.0123935394957325	1.14218878038808
0.0123965827480832	1.17131945481156
0.0123996274953514	1.15124270036051
0.0124026737386389	1.15155572163456
0.0124057214790486	1.15936510921345
0.0124087707176844	1.15494570256633
0.0124118214556513	1.08942462182887
0.0124148736940554	1.17409263491701
0.012417927434004	1.15095750916754
0.0124209826766053	1.17345258814618
0.0124240394229688	1.15289006120072
0.0124270976742048	1.1565198865936
0.0124301574314251	1.19800997490713
0.0124332186957422	1.12448492935485
0.01243628146827	1.13203267430672
0.0124393457501232	1.16048132825662
0.0124424115424179	1.19676069870056
0.0124454788462711	1.08532737738661
0.0124485476628009	1.17362000140841
0.0124516179931267	1.10295158130351
0.0124546898383688	1.0932548526643
0.0124577631996487	1.17174331830116
0.012460838078089	1.17975158353924
0.0124639144748133	1.15959919385823
0.0124669923909465	1.19424497081563
0.0124700718276145	1.14939513421204
0.0124731527859443	1.05574329528145
0.0124762352670641	1.12907421706251
0.0124793192721031	1.01854635383973
0.0124824048021916	1.11371459704275
0.0124854918584613	1.00466659758246
0.0124885804420446	1.08150723909929
0.0124916705540753	1.10380424496124
0.0124947621956884	1.13768497422993
0.0124978553680196	1.11020575679653
0.0125009500722063	1.10010034939483
0.0125040463093865	1.19228235451081
0.0125071440806997	1.00793685933457
0.0125102433872863	1.1033665128828
0.012513344230288	1.0070803580544
0.0125164466108474	0.968245007537601
0.0125195505301086	1.09149491583349
0.0125226559892165	1.05668234613312
0.0125257629893172	1.11214212195212
0.0125288715315581	1.10685567359584
0.0125319816170876	1.08687589796216
0.0125350932470552	1.04868573951928
0.0125382064226118	1.14576967604798
0.012541321144909	1.03865598054787
0.0125444374151	1.08871781291092
0.0125475552343389	1.10452995285884
0.012550674603781	1.03517956695121
0.0125537955245827	1.16820225229615
0.0125569179979017	1.15283308276871
0.0125600420248966	1.09075500743843
0.0125631676067274	1.16416148067757
0.0125662947445552	1.13401532680881
0.0125694234395421	1.10655636030933
0.0125725536928515	1.1322906410748
0.012575685505648	1.1378516826512
0.0125788188790972	1.086715387634
0.012581953814366	1.12818227546208
0.0125850903126225	1.06906294500064
0.0125882283750357	1.12012527122378
0.0125913680027761	1.13784406246723
0.0125945091970152	1.12073495167928
0.0125976519589256	1.11511951403017
0.0126007962896812	1.1104214138127
0.012603942190457	1.17608573428732
0.0126070896624293	1.18486699265446
0.0126102387067754	1.1696744453181
0.0126133893246739	1.13376937325774
0.0126165415173044	1.16867047184167
0.012619695285848	1.15477305046481
0.0126228506314867	1.15009404791279
0.0126260075554037	1.17951643494744
0.0126291660587836	1.16644887442239
0.012632326142812	1.17723823303214
0.0126354878086757	1.23008734671201
0.0126386510575627	1.14045272174647
0.0126418158906622	1.14501899756266
0.0126449823091647	1.18525708862543
0.0126481503142618	1.16995868270176
0.0126513199071462	1.19953214515852
0.0126544910890119	1.21981848789779
0.0126576638610541	1.1637485055815
0.0126608382244691	1.16538086830173
0.0126640141804547	1.13080942226436
0.0126671917302095	1.19007973540313
0.0126703708749335	1.17537973383771
0.0126735516158279	1.15090172619177
0.0126767339540952	1.16635822391903
0.0126799178909389	1.18565899376596
0.0126831034275638	1.16332103822121
0.0126862905651761	1.17861455007264
0.0126894793049828	1.18044960931281
0.0126926696481925	1.15592371309431
0.0126958615960148	1.12627852051428
0.0126990551496607	1.14906506618979
0.0127022503103422	1.18235094846807
0.0127054470792726	1.13372761073832
0.0127086454576666	1.1128276064202
0.0127118454467398	1.16530094723357
0.0127150470477093	1.1523191966365
0.0127182502617933	1.153242503753
0.0127214550902112	1.15264588961255
0.0127246615341837	1.17030477463838
0.0127278695949328	1.14426392286856
0.0127310792736815	1.1034712313242
0.0127342905716543	1.15541521004718
0.0127375034900767	1.19648090749231
0.0127407180301757	1.18509243590128
0.0127439341931793	1.22551566151644
0.0127471519803167	1.16770127279479
0.0127503713928187	1.19440505650971
0.012753592431917	1.13596162897248
0.0127568150988447	1.15090895583475
0.012760039394836	1.19131271544657
0.0127632653211266	1.09017746616978
0.0127664928789532	1.11291724066211
0.0127697220695539	1.1644939584142
0.012772952894168	1.18337405781626
0.012776185354036	1.16041944513398
0.0127794194503999	1.14819257136146
0.0127826551845026	1.11793643275471
0.0127858925575885	1.13510779940065
0.0127891315709031	1.14394623414885
0.0127923722256934	1.15552697973682
0.0127956145232075	1.13046492144264
0.0127988584646948	1.18356525555601
0.0128021040514059	1.16216228114672
0.0128053512845927	1.11591001284627
0.0128086001655084	1.17413245882187
0.0128118506954076	1.09313708208081
0.0128151028755458	1.11603112046365
0.0128183567071803	1.1967303043737
0.0128216121915692	1.15441711455205
0.0128248693299722	1.20305566947357
0.01282812812365	1.15928729607297
0.0128313885738648	1.19182038046174
0.0128346506818801	1.17078299013544
0.0128379144489605	1.17358714939287
0.0128411798763721	1.21335629037
0.012844446965382	1.1925008358788
0.012847715717259	1.20643521400118
0.0128509861332727	1.14585242365252
0.0128542582146945	1.13650599309867
0.0128575319627967	1.14475245899317
0.012860807378853	1.17072932800262
0.0128640844641386	1.1509217818412
0.0128673632199298	1.1900288462471
0.0128706436475041	1.1394975969941
0.0128739257481407	1.19195183755759
0.0128772095231196	1.11885619084486
0.0128804949737225	1.20709023102463
0.0128837821012323	1.14328170152645
0.012887070906933	1.19226927592071
0.0128903613921103	1.15423829734923
0.0128936535580509	1.15295661863641
0.0128969474060429	1.11700388174905
0.0129002429373758	1.13007086446577
0.0129035401533403	1.14245794693557
0.0129068390552284	1.13128456360273
0.0129101396443337	1.16140970080485
0.0129134419219507	1.18060195482324
0.0129167458893756	1.15203478613207
0.0129200515479057	1.1356037716009
0.0129233588988396	1.15577985220515
0.0129266679434775	1.08977820524772
0.0129299786831207	1.15347365238759
0.0129332911190719	1.15651622976087
0.0129366052526351	1.10021756350748
0.0129399210851157	1.1985475510468
0.0129432386178203	1.16606016051085
0.0129465578520571	1.1233381641865
0.0129498787891353	1.12818176267092
0.0129532014303658	1.14667411623392
0.0129565257770607	1.147584309705
0.0129598518305332	1.1783146870978
0.0129631795920983	1.05794912300518
0.012966509063072	1.14459255675327
0.0129698402447718	1.10052323683468
0.0129731731385165	1.08054316137771
0.0129765077456264	1.17743429169748
0.0129798440674229	1.08644612587796
0.012983182105229	1.14537143116904
0.0129865218603689	1.14216074041489
0.0129898633341682	1.15195355438752
0.0129932065279541	1.09596788155181
0.0129965514430547	1.18933384721284
0.0129998980807998	0.999417812040181
0.0130032464425206	1.11526790033823
0.0130065965295495	1.00428608327555
0.0130099483432203	1.06844783529667
0.0130133018848683	1.08542129562374
0.01301665715583	1.15065578810046
0.0130200141574434	1.13304118245066
0.0130233728910479	1.04951831722676
0.0130267333579842	1.08796656688831
0.0130300955595944	0.957958727729217
0.0130334594972221	1.09645825239794
0.013036825172212	0.959920394932958
0.0130401925859106	1.12123860499277
0.0130435617396655	0.986842311294966
0.0130469326348257	1.14574438753822
0.0130503052727417	1.11949597917976
0.0130536796547654	1.11600959036515
0.0130570557822501	1.04318731615639
0.0130604336565503	1.09717690103422
0.0130638132790221	0.978914054903724
0.0130671946510231	1.05776002125221
0.013070577773912	1.07416981622095
0.0130739626490492	1.03521360878511
0.0130773492777963	1.18040050251728
0.0130807376615165	1.15688851078724
0.0130841278015742	1.11645167086702
0.0130875196993354	1.19999690694026
0.0130909133561675	1.09318805326901
0.0130943087734391	1.09554132129113
0.0130977059525205	1.15918797334687
0.0131011048947832	1.18539687429491
0.0131045056016003	1.19434601508313
0.0131079080743463	1.16417523856364
0.0131113123143971	1.1056158208481
0.0131147183231298	1.18171831035654
0.0131181261019234	1.1180102987002
0.0131215356521579	1.10528869189311
0.013124946975215	1.14405225436879
0.0131283600724777	1.13962090644654
0.0131317749453306	1.19105765488391
0.0131351915951595	1.16660355092664
0.0131386100233518	1.18533060016238
0.0131420302312963	1.20399533768829
0.0131454522203834	1.1602840001249
0.0131488759920046	1.13713005061878
0.0131523015475532	1.1677314793149
0.0131557288884238	1.13272552479407
0.0131591580160124	1.23984150666348
0.0131625889317167	1.17853392094506
0.0131660216369354	1.16265373560351
0.0131694561330692	1.17604527727027
0.0131728924215199	1.14556798193556
0.0131763305036908	1.11110628957863
0.0131797703809868	1.16269568043144
0.0131832120548143	1.17384736111224
0.0131866555265809	1.20840106771351
0.0131901007976959	1.1891954625687
0.01319354786957	1.20436256120915
0.0131969967436155	1.18420758235154
0.0132004474212459	1.14908206273727
0.0132038999038764	1.15752716443319
0.0132073541929237	1.16323059180855
0.0132108102898058	1.12431476808592
0.0132142681959424	1.14524762800416
0.0132177279127545	1.17576036889138
0.0132211894416647	1.13365009946385
0.013224652784097	1.08889473613272
0.0132281179414771	1.11126690238542
0.0132315849152319	1.14133079365513
0.0132350537067899	1.10522269594119
0.0132385243175813	1.13485256052122
0.0132419967490376	1.16126303944089
0.0132454710025918	1.13607451530419
0.0132489470796785	1.18741822484539
0.0132524249817337	1.19194368655571
0.0132559047101949	1.15349930538054
0.0132593862665013	1.20500820514628
0.0132628696520934	1.21790810792125
0.0132663548684134	1.14912680233171
0.0132698419169048	1.09550008988213
0.0132733307990128	1.17946639734158
0.0132768215161841	1.17526304543166
0.0132803140698667	1.18677092829467
0.0132838084615105	1.12483917251606
0.0132873046925666	1.10541472168911
0.0132908027644878	1.22198922263938
0.0132943026787283	1.16739333882392
0.0132978044367441	1.15281880679805
0.0133013080399924	1.15747568138293
0.0133048134899321	1.15001710904579
0.0133083207880237	1.16077898265205
0.0133118299357291	1.11763647651124
0.0133153409345119	1.12477781151971
0.013318853785837	1.07216481961994
0.0133223684911712	1.14544042515979
0.0133258850519824	1.08319871127402
0.0133294034697405	1.12077823380907
0.0133329237459167	1.0856173296517
0.0133364458819837	1.12880514450333
0.013339969879416	1.11928329847807
0.0133434957396895	1.12735214304138
0.0133470234642816	1.07045886788489
0.0133505530546714	1.06524427502537
0.0133540845123395	1.11970639256188
0.0133576178387681	1.08307390738992
0.013361153035441	1.09234115905624
0.0133646901038434	1.12922377721558
0.0133682290454622	1.15503963538818
0.0133717698617859	1.139694461566
0.0133753125543046	1.13221871827874
0.0133788571245098	1.12165680719075
0.0133824035738948	1.11538443152268
0.0133859519039543	1.16036817816456
0.0133895021161848	1.13092602854487
0.0133930542120842	1.13403747707559
0.013396608193152	1.13078289886858
0.0134001640608894	1.1243331936593
0.0134037218167992	1.17101954688941
0.0134072814623855	1.09996482643423
0.0134108429991545	1.14666554106985
0.0134144064286136	1.1226977821507
0.013417971752272	1.1175262800111
0.0134215389716403	1.21079726895713
0.013425108088231	1.1758883407006
0.013428679103558	1.16785179849462
0.0134322520191369	1.18737323701858
0.0134358268364848	1.14422081349819
0.0134394035571206	1.18483894451854
0.0134429821825647	1.16264936018801
0.013446562714339	1.16089815274391
0.0134501451539673	1.14817853732462
0.0134537295029748	1.15113309731669
0.0134573157628885	1.1797793820848
0.0134609039352368	1.19195354544886
0.01346449402155	1.13946284374942
0.0134680860233598	1.17572713253506
0.0134716799421997	1.18213546121228
0.0134752757796048	1.13018477304711
0.0134788735371117	1.20164924060957
0.0134824732162588	1.1050850333392
0.0134860748185861	1.17786415880519
0.0134896783456353	1.13590830921653
0.0134932837989496	1.17432129179196
0.0134968911800739	1.15694360383601
0.013500500490555	1.13803725273646
0.0135041117319409	1.20340342286319
0.0135077249057817	1.12810975312673
0.0135113400136289	1.08054097979797
0.0135149570570356	1.10958109184175
0.0135185760375569	1.05974616202864
0.0135221969567492	1.09446107306931
0.0135258198161708	1.05258053343857
0.0135294446173816	1.07213261462877
0.0135330713619431	1.07379904501316
0.0135367000514186	1.15401844473354
0.013540330687373	1.15477677362986
0.0135439632713728	1.10037099750833
0.0135475978049865	1.07886631352194
0.0135512342897839	0.994395413515815
0.0135548727273366	1.11586415645549
0.0135585131192181	0.977917739548775
0.0135621554670033	1.1169903136109
0.013565799772269	1.04573066569987
0.0135694460365936	1.12945786957788
0.0135730942615571	1.11766661915868
0.0135767444487415	1.08566647125177
0.0135803965997302	1.09078558832935
0.0135840507161085	1.11777206048539
0.0135877067994632	1.05536031519398
0.013591364851383	1.10591481017136
0.0135950248734583	0.995675298947998
0.0135986868672811	1.10727203179936
0.0136023508344452	1.10216658602858
0.013606016776546	1.13569038193179
0.0136096846951809	1.16309920197693
0.0136133545919487	1.13190604606396
0.01361702646845	1.12300498692529
0.0136207003262874	1.08671248355299
0.0136243761670649	1.11246922563984
0.0136280539923883	1.16187298401949
0.0136317338038652	1.18192732384055
0.013635415603105	1.14823727204883
0.0136390993917188	1.14311295842514
0.0136427851713192	1.10926428174629
0.013646472943521	1.13437239225426
0.0136501627099403	1.19563858475834
0.0136538544721952	1.13074622970514
0.0136575482319055	1.15529426371667
0.0136612439906928	1.10520031986687
0.0136649417501803	1.13119333151312
0.0136686415119931	1.15368992475276
0.0136723432777581	1.174676525868
0.0136760470491037	1.17545369030449
0.0136797528276604	1.1852577061606
0.0136834606150603	1.21526072053914
0.0136871704129372	1.12616084833517
0.0136908822229269	1.20808029776947
0.0136945960466667	1.16013378950117
0.0136983118857959	1.12473244604923
0.0137020297419554	1.14562739752217
0.013705749616788	1.11649072156064
0.0137094715119383	1.07059280561907
0.0137131954290527	1.12318001719159
0.0137169213697791	1.15901065232029
0.0137206493357677	1.13080107493825
0.01372437932867	1.15304884501619
0.0137281113501397	1.10632909215143
0.0137318454018319	1.06235587804551
0.0137355814854039	1.14849983216597
0.0137393196025146	1.17239526485897
0.0137430597548246	1.11332703207327
0.0137468019439965	1.08473159760225
0.0137505461716947	1.12799590733251
0.0137542924395853	1.19030952345307
0.0137580407493363	1.16653714849668
0.0137617911026175	1.1807183885386
0.0137655435011005	1.14269769950336
0.0137692979464587	1.18489823992299
0.0137730544403674	1.11769571928693
0.0137768129845038	1.17699171266937
0.0137805735805466	1.14930430953421
0.0137843362301767	1.17519898849064
0.0137881009350767	1.18757741160626
0.013791867696931	1.19541950535681
0.0137956365174259	1.16808031435497
0.0137994073982495	1.19784671063366
0.0138031803410917	1.1832266657679
0.0138069553476445	1.20976997196144
0.0138107324196013	1.14251186146226
0.0138145115586579	1.16407080457124
0.0138182927665114	1.13766325251596
0.0138220760448613	1.15730451438038
0.0138258613954085	1.15016926637327
0.013829648819856	1.13375412630625
0.0138334383199087	1.19474091029162
0.0138372298972732	1.20284063779488
0.0138410235536581	1.1165936789457
0.0138448192907739	1.15693136406023
0.0138486171103328	1.15360748338322
0.0138524170140491	1.17782535249424
0.0138562190036389	1.13404980317805
0.01386002308082	1.17943958757939
0.0138638292473124	1.14182769157916
0.0138676375048378	1.18906825235751
0.0138714478551198	1.16408679215232
0.013875260299884	1.21732409466962
0.0138790748408578	1.14947284211487
0.0138828914797704	1.1594981901922
0.0138867102183532	1.12837914215792
0.0138905310583392	1.17547799476066
0.0138943540014636	1.14419260821435
0.0138981790494632	1.15097764098982
0.0139020062040769	1.14590394969312
0.0139058354670455	1.12007476337364
0.0139096668401117	1.15942934653403
0.0139135003250202	1.15925978577947
0.0139173359235173	1.17660580066863
0.0139211736373518	1.19124114972965
0.0139250134682738	1.13426456958969
0.0139288554180358	1.15619505818716
0.0139326994883921	1.16492774243134
0.0139365456810987	1.19947659346099
0.013940393997914	1.10128508874483
0.0139442444405979	1.13669330680868
0.0139480970109124	1.14618665037224
0.0139519517106217	1.1290551306043
0.0139558085414915	1.11488633767541
0.0139596675052898	1.13163418764468
0.0139635286037864	1.19475942940581
0.0139673918387532	1.12607380518656
0.0139712572119638	1.158504861225
0.0139751247251939	1.18917343990564
0.0139789943802214	1.17631337294248
0.0139828661788258	1.12625385272798
0.0139867401227887	1.14708888474882
0.0139906162138938	1.08858410504408
0.0139944944539267	1.12749725820705
0.0139983748446748	1.13149819666282
0.0140022573879278	1.10286096128192
0.0140061420854773	1.17958051142286
0.0140100289391166	1.1184181974063
0.0140139179506413	1.17425421845505
0.014017809121849	1.20334093701999
0.0140217024545391	1.16929761167727
0.0140255979505131	1.11985394045914
0.0140294956115746	1.11587072424947
0.014033395439529	1.09558404085717
0.0140372974361839	1.12916298751293
0.0140412016033488	1.02051925563572
0.0140451079428352	1.10904185316336
0.0140490164564567	1.01703608840816
0.0140529271460289	1.13055141940399
0.0140568400133694	1.16472565782746
0.0140607550602978	1.10865879544191
0.0140646722886358	1.0862080408242
0.014068591700207	1.11095357205049
0.0140725132968372	0.996564791651236
0.014076437080354	1.07552876920832
0.0140803630525875	0.952776447001071
0.0140842912153692	1.08184776704029
0.0140882215705332	0.975057363031609
0.0140921541199153	1.11234745911258
0.0140960888653536	1.12993149185957
0.014100025808688	1.07747317914236
0.0141039649517607	1.08128722168232
0.0141079062964158	1.08857512510874
0.0141118498444995	1.05567887085227
0.0141157955978601	1.10851977785789
0.0141197435583479	1.07669552534446
0.0141236937278153	1.11673483896322
0.0141276461081168	1.12678386098566
0.0141316007011091	1.14928741218696
0.0141355575086506	1.16326488907825
0.0141395165326022	1.09189979659856
0.0141434777748267	1.11699950195611
0.0141474412371889	1.15144929148114
0.0141514069215558	1.11845597761032
0.0141553748297966	1.18736380481622
0.0141593449637823	1.16785746953218
0.0141633173253863	1.1652473050106
0.014167291916484	1.100316672806
0.0141712687389529	1.1266630541913
0.0141752477946724	1.14099342237887
0.0141792290855245	1.08738172147746
0.0141832126133927	1.14935773704221
0.0141871983801632	1.16650849484919
0.014191186387724	1.17682823126009
0.0141951766379652	1.15489465924978
0.0141991691327792	1.1780664398588
0.0142031638740603	1.20546625377419
0.0142071608637052	1.14952123480234
0.0142111601036127	1.15460746802311
0.0142151615956834	1.17609776407367
0.0142191653418204	1.13958815529743
0.0142231713439289	1.16331721464584
0.0142271796039161	1.10151631699961
0.0142311901236915	1.18351448956844
0.0142352029051666	1.11226203618897
0.0142392179502551	1.15185820347612
0.014243235260873	1.17252550630075
0.0142472548389384	1.10797355105619
0.0142512766863715	1.12436587479114
0.0142553008050946	1.14718973621114
0.0142593271970323	1.11419445782636
0.0142633558641114	1.18738407768356
0.0142673868082608	1.16250354850157
0.0142714200314116	1.20154685177365
0.0142754555354971	1.15779189416905
0.0142794933224528	1.23477073642647
0.0142835333942163	1.17690556922956
0.0142875757527274	1.1960529578072
0.0142916203999283	1.16805508746254
0.0142956673377633	1.16311838152034
0.0142997165681786	1.16193233603543
0.0143037680931231	1.19852527424113
0.0143078219145476	1.15603319379562
0.0143118780344052	1.18004978025524
0.0143159364546511	1.1015514006196
0.0143199971772429	1.17345632171382
0.0143240602041404	1.16266130289433
0.0143281255373055	1.21203887132962
0.0143321931787024	1.23664455721653
0.0143362631302975	1.17924517628748
0.0143403353940594	1.16038755871031
0.0143444099719592	1.15264328951917
0.0143484868659699	1.15981426999048
0.0143525660780668	1.15752941615201
0.0143566476102277	1.16887475283979
0.0143607314644324	1.15080401027602
0.014364817642663	1.16710977789411
0.0143689061469039	1.15894801458699
0.0143729969791418	1.18379288266871
0.0143770901413655	1.1618477408792
0.0143811856355664	1.18299986343297
0.0143852834637377	1.20113593194384
0.0143893836278752	1.15642639636868
0.014393486129977	1.19535426235711
0.0143975909720432	1.11723360117828
0.0144016981560765	1.16563975697805
0.0144058076840817	1.14517100348134
0.0144099195580658	1.17984247374558
0.0144140337800385	1.14736352658637
0.0144181503520113	1.20969234470161
0.0144222692759983	1.17302142759198
0.0144263905540157	1.18497887306798
0.0144305141880823	1.13590208830842
0.014434640180219	1.19776266049692
0.014438768532449	1.12684186858477
0.0144428992467978	1.14516931669241
0.0144470323252934	1.11971976583375
0.0144511677699659	1.13935822401509
0.014455305582848	1.1181183739837
0.0144594457659743	1.13312177984514
0.0144635883213822	1.13087026413516
0.0144677332511111	1.17065096156751
0.0144718805572029	1.12184943724686
0.0144760302417019	1.10197674962736
0.0144801823066544	1.04617016442707
0.0144843367541096	1.11409139043814
0.0144884935861185	1.10819283125229
0.0144926528047349	1.12140654095889
0.0144968144120146	1.16029379451291
0.0145009784100161	1.15277989893108
0.0145051448007999	1.09905569347559
0.0145093135864292	1.13273232760569
0.0145134847689693	1.14489348316842
0.0145176583504882	1.11747162396856
0.0145218343330559	1.14795497327528
0.0145260127187451	1.1380392589402
0.0145301935096307	1.17250724341698
0.01453437670779	1.17602204876372
0.0145385623153029	1.15956685668522
0.0145427503342514	1.10356576148048
0.01454694076672	1.10294733970205
0.0145511336147957	1.09307610269225
0.0145553288805679	1.14852475521089
0.0145595265661283	0.98644702611905
0.014563726673571	1.15180168479065
0.0145679292049928	1.05032617795001
0.0145721341624924	1.13133245552699
0.0145763415481715	1.14936502583768
0.0145805513641338	1.11970986814202
0.0145847636124857	1.07591123763464
0.0145889782953359	1.07688608039541
0.0145931954147954	1.02006379003742
0.0145974149729781	1.09274456081107
0.0146016369719998	1.02008919453273
0.014605861413979	1.09595951239898
0.0146100883010369	1.04694099187789
0.0146143176352966	1.14277657877977
0.0146185494188842	1.12495017657041
0.0146227836539279	1.14665967894659
0.0146270203425586	1.16160150335897
0.0146312594869094	1.09641251377045
0.0146355010891162	1.06138706579444
0.0146397451513172	1.09349445855645
0.014643991675653	1.13671593710971
0.0146482406642669	1.15466986239546
0.0146524921193044	1.14869669843428
0.0146567460429139	1.18342766348473
0.0146610024372458	1.09450803823046
0.0146652613044535	1.15279715905808
0.0146695226466925	1.13710491791998
0.014673786466121	1.12982137982509
0.0146780527648997	1.22451953234899
0.0146823215451918	1.11144882835054
0.014686592809163	1.11550065781924
0.0146908665589814	1.10986060486737
0.014695142796818	1.13823030956861
0.0146994215248459	1.16690410797532
0.0147037027452409	1.16403683260065
0.0147079864601814	1.15986985852798
0.0147122726718484	1.09197515383807
0.0147165613824251	1.15087400338047
0.0147208525940977	1.20884077356015
0.0147251463090545	1.11607518640484
0.0147294425294868	1.13741998599373
0.0147337412575881	1.11266401166234
0.0147380424955546	1.18435708730486
0.0147423462455852	1.15912958315102
0.014746652509881	1.14383004541827
0.0147509612906462	1.16028838737642
0.014755272590087	1.15855447774
0.0147595864104127	1.16294300944624
0.0147639027538348	1.18500409069475
0.0147682216225676	1.09369426795855
0.0147725430188279	1.21459580247988
0.0147768669448351	1.16733425688358
0.0147811934028112	1.19845855163317
0.014785522394981	1.19038542433565
0.0147898539235715	1.13999504204082
0.0147941879908128	1.12413467951197
0.0147985245989371	1.12847539576071
0.0148028637501796	1.14614819391727
0.014807205446778	1.17269262542089
0.0148115496909726	1.14474923672872
0.0148158964850064	1.15679829226013
0.0148202458311249	1.15540135286987
0.0148245977315764	1.20045304425598
0.0148289521886118	1.1605759464675
0.0148333092044845	1.16827906002673
0.0148376687814507	1.17626127099697
0.0148420309217693	1.19385891325059
0.0148463956277016	1.15044274699065
0.0148507629015119	1.11937319052867
0.014855132745467	1.20983853397277
0.0148595051618362	1.19358302946094
0.0148638801528918	1.18009559947293
0.0148682577209086	1.13805010263316
0.014872637868164	1.14089231714261
0.0148770205969383	1.19584100204501
0.0148814059095142	1.18810714439845
0.0148857938081774	1.16887404021462
0.0148901842952162	1.17925307494006
0.0148945773729214	1.18332950082048
0.0148989730435868	1.11270524083231
0.0149033713095087	1.16361226603115
0.0149077721729863	1.1576506811337
0.0149121756363212	1.10904603869592
0.0149165817018181	1.20257386503912
0.0149209903717841	1.2109740377723
0.0149254016485293	1.16256928281949
0.0149298155343663	1.13811644144144
0.0149342320316107	1.19882789569322
0.0149386511425805	1.17450503497141
0.0149430728695968	1.18395705642652
0.0149474972149831	1.14426454259461
0.0149519241810659	1.1561610931123
0.0149563537701745	1.13208680453466
0.0149607859846407	1.18740393517368
0.0149652208267993	1.16108045012386
0.0149696582989877	1.18728206216211
0.0149740984035463	1.16888851120376
0.0149785411428179	1.18799258006779
0.0149829865191486	1.16917357353635
0.0149874345348867	1.15402019760521
0.0149918851923838	1.17044080390188
0.0149963384939941	1.11292337442381
0.0150007944420744	1.13410567497312
0.0150052530389847	1.11502476740082
0.0150097142870874	1.1233787639476
0.015014178188748	1.12648925089803
0.0150186447463347	1.15496972462173
0.0150231139622185	1.13559404722979
0.0150275858387733	1.17816872788654
0.0150320603783758	1.1680030222289
0.0150365375834054	1.13542662047037
0.0150410174562447	1.19891816744307
0.0150454999992786	1.12046211219452
0.0150499852148953	1.15231519913972
0.0150544731054857	1.16879645596618
0.0150589636734434	1.13215487285791
0.0150634569211652	1.15100074407942
0.0150679528510503	1.15853593182348
0.0150724514655013	1.12626749396671
0.0150769527669231	1.12748439057876
0.0150814567577241	1.09938929443623
0.0150859634403149	1.11271805610615
0.0150904728171096	1.0796240585371
0.0150949848905247	1.13335257059712
0.0150994996629799	1.14819010064007
0.0151040171368978	1.15336473794153
0.0151085373147036	1.12943926610833
0.0151130601988258	1.01176850881355
0.0151175857916954	1.1566407736945
0.0151221140957467	0.976544185136733
0.0151266451134167	1.14560051519064
0.0151311788471454	1.02491433977186
0.0151357152993755	1.17020378683186
0.0151402544725531	1.18426042917876
0.0151447963691267	1.0928746871014
0.0151493409915482	1.10792090992658
0.0151538883422721	1.04188893778458
0.015158438423756	1.1288168967411
0.0151629912384605	1.04260727643118
0.0151675467888491	1.11832844384845
0.0151721050773882	1.13231623717446
0.0151766661065473	1.11698766855737
0.0151812298787987	1.20930269969095
0.0151857963966178	1.08689989703545
0.015190365662483	1.08760350858731
0.0151949376788756	1.11520364263787
0.0151995124482799	1.11059073448281
0.0152040899731832	1.16970119326935
0.0152086702560758	1.119264878701
0.0152132532994512	1.17569485361102
0.0152178391058054	1.14816924604027
0.015222427677638	1.16487931348611
0.0152270190174512	1.12487805103298
0.0152316131277504	1.13874447365754
0.015236210011044	1.15323737555616
0.0152408096698434	1.12775316568771
0.015245412106663	1.0897935684027
0.0152500173240205	1.12937469170379
0.0152546253244361	1.119226053351
0.0152592361104337	1.10567350359056
0.0152638496845397	1.15771816463597
0.015268466049284	1.08827863462557
0.0152730852071991	1.11869593898198
0.015277707160821	1.13900142553978
0.0152823319126885	1.14144863017345
0.0152869594653436	1.14878716256025
0.0152915898213314	1.09299687954238
0.0152962229831999	1.18443543501456
0.0153008589535004	1.13043476455998
0.0153054977347871	1.13414711848485
0.0153101393296175	1.12977709652206
0.0153147837405522	1.16224905171631
0.0153194309701546	1.13601980011343
0.0153240810209916	1.13368254913873
0.0153287338956329	1.14936784414639
0.0153333895966517	1.13742696727438
0.0153380481266238	1.14827342758322
0.0153427094881287	1.13875488233978
0.0153473736837486	1.09676617513189
0.0153520407160691	1.20973739350241
0.0153567105876787	1.17855693607569
0.0153613833011694	1.0992402497007
0.0153660588591361	1.14570493240881
0.0153707372641768	1.12996509039598
0.0153754185188929	1.11431419838352
0.0153801026258888	1.14050608919698
0.0153847895877721	1.18981975713644
0.0153894794071537	1.13405193703281
0.0153941720866475	1.11096739249079
0.0153988676288708	1.18605744651594
0.0154035660364439	1.15944369474639
0.0154082673119903	1.12414145704755
0.0154129714581369	1.14947979101929
0.0154176784775137	1.15079690754601
0.0154223883727537	1.12900324218912
0.0154271011464936	1.12647645719737
0.0154318168013728	1.17659424493821
0.0154365353400343	1.12621234378939
0.0154412567651242	1.15422332542475
0.0154459810792918	1.23187949435786
0.0154507082851897	1.15496949216555
0.0154554383854737	1.18185349070079
0.015460171382803	1.1578109824903
0.0154649072798399	1.17106124736224
0.0154696460792499	1.11798340270901
0.015474387783702	1.10961627856973
0.0154791323958683	1.1452077456328
0.0154838799184243	1.1604989775374
0.0154886303540486	1.16040044477057
0.0154933837054232	1.20875349933388
0.0154981399752335	1.18828623761003
0.015502899166168	1.13812594480325
0.0155076612809187	1.19679064619746
0.0155124263221807	1.11199549470674
0.0155171942926526	1.15910064874653
0.0155219651950361	1.17463761044747
0.0155267390320365	1.18326203871539
0.0155315158063623	1.17385375349097
0.0155362955207252	1.1364237039561
0.0155410781778404	1.08061790545317
0.0155458637804265	1.08004865995193
0.0155506523312053	1.08787530990716
0.0155554438329019	1.05765427776946
0.0155602382882451	1.12720687376199
0.0155650356999666	1.0108139333154
0.0155698360708019	1.06368215712442
0.0155746394034896	1.06609519323128
0.0155794457007717	1.14083671650206
0.0155842549653937	1.13838370057514
0.0155890672001045	1.06983328369605
0.0155938824076563	1.06926380500067
0.0155987005908047	0.966847381949483
0.0156035217523087	1.1516984447079
0.0156083458949309	1.01299539834461
0.015613173021437	1.11929172693621
0.0156180031345965	1.16397050523374
0.0156228362371819	1.09451511902051
0.0156276723319695	1.14053562827017
0.0156325114217389	1.06920354698295
0.0156373535092731	1.0883746934255
0.0156421985973586	0.974094463206135
0.0156470466887853	1.11571706290085
0.0156518977863466	1.04103194615832
0.0156567518928394	1.16850837429167
0.0156616090110641	1.16721752983189
0.0156664691438245	1.1380037296363
0.0156713322939278	1.13137841431121
0.0156761984641848	1.0982420107218
0.0156810676574098	1.13112913391559
0.0156859398764207	1.07844566575286
0.0156908151240385	1.17052298190052
0.0156956934030883	1.10602349167037
0.0157005747163981	1.1107116267848
0.0157054590668	1.17363960725886
0.0157103464571291	1.15442979963843
0.0157152368902244	1.07525342099013
0.0157201303689283	1.13583833013572
0.0157250268960868	1.1848844512167
0.0157299264745492	1.22389190381476
0.0157348291071688	1.14862909396626
0.015739734796802	1.15702972587417
0.0157446435463092	1.1694560235036
0.0157495553585539	1.20238825032993
0.0157544702364035	1.173747346486
0.015759388182729	1.16728702933629
0.0157643092004047	1.14277605176177
0.0157692332923089	1.1688055290195
0.015774160461323	1.16500777075666
0.0157790907103325	1.18800819181156
0.0157840240422262	1.16920161335396
0.0157889604598966	1.21122520474717
0.0157938999662397	1.17260545858797
0.0157988425641554	1.13483206890695
0.0158037882565471	1.15690225197882
0.0158087370463216	1.13694780492946
0.0158136889363898	1.23208970683255
0.0158186439296658	1.18272345031098
0.0158236020290676	1.15245831547011
0.0158285632375168	1.14946872623749
0.0158335275579388	1.14822932994183
0.0158384949932624	1.16665574449935
0.0158434655464203	1.15053777463778
0.0158484392203488	1.15526980739681
0.0158534160179879	1.13220632768956
0.0158583959422813	1.18689143474565
0.0158633789961763	1.19171607070815
0.0158683651826241	1.16453442749359
0.0158733545045794	1.14870466694218
0.0158783469650008	1.17589938516437
0.0158833425668506	1.2459008981924
0.0158883413130946	1.14277086722151
0.0158933432067027	1.09213264151055
0.0158983482506483	1.15591393275448
0.0159033564479085	1.22874161041024
0.0159083678014643	1.16561107521122
0.0159133823143005	1.15582062574488
0.0159183999894055	1.18032419087356
0.0159234208297715	1.13385493086847
0.0159284448383946	1.167261919903
0.0159334720182745	1.19190259459951
0.015938502372415	1.18240172339766
0.0159435359038232	1.17591694605354
0.0159485726155105	1.13884031298734
0.0159536125104919	1.13479612111372
0.015958655591786	1.19151849274221
0.0159637018624156	1.2011987537259
0.0159687513254071	1.165507647604
0.0159738039837908	1.178054643436
0.0159788598406008	1.19193419844487
0.015983918898875	1.19894328487441
0.0159889811616552	1.12496640249061
0.0159940466319872	1.13238678247466
0.0159991153129204	1.14744727019342
0.0160041872075082	1.15431355320063
0.0160092623188079	1.18107478183742
0.0160143406498806	1.13143773106918
0.0160194222037914	1.17465742568761
0.0160245069836091	1.14624932043873
0.0160295949924066	1.15560218545706
0.0160346862332605	1.15696543487875
0.0160397807092516	1.12608189995123
0.0160448784234644	1.18167095887083
0.0160499793789873	1.195476305745
0.0160550835789126	1.16407833425989
0.0160601910263369	1.18179237899121
0.0160653017243603	1.06590896734949
0.016070415676087	1.21726476714067
0.0160755328846252	1.09378361005969
0.0160806533530871	1.17698297663172
0.0160857770845888	1.10811827302241
0.0160909040822502	1.18944387251735
0.0160960343491956	1.21785731116359
0.0161011678885529	1.18531610403114
0.0161063047034541	1.1754332455226
0.0161114447970352	1.08295832040037
0.0161165881724364	1.12598495050579
0.0161217348328016	1.02792458331704
0.0161268847812789	1.07128531527563
0.0161320380210204	1.06269869140658
0.0161371945551822	1.10903025348809
0.0161423543869245	1.16505172597541
0.0161475175194114	1.11024390903817
0.0161526839558111	1.14568714695457
0.0161578536992961	1.04359539031588
0.0161630267530426	1.07877813479885
0.0161682031202311	1.10900579258853
0.0161733828040461	1.04228408292191
0.0161785658076762	1.16079150585836
0.016183752134314	1.14923357703291
0.0161889417871563	1.12230779925228
0.016194134769404	1.154829316877
0.0161993310842622	1.11880458389123
0.0162045307349397	1.14235802966829
0.01620973372465	1.07796066963435
0.0162149400566104	1.13982323442898
0.0162201497340422	1.10367745796556
0.0162253627601712	1.18637479659543
0.0162305791382271	1.13864595218897
0.0162357988714439	1.10431265462348
0.0162410219630596	1.16283819237182
0.0162462484163165	1.12706745206512
0.016251478234461	1.17677601956076
0.0162567114207437	1.05189991880633
0.0162619479784195	1.19509328269477
0.0162671879107472	1.14395877643518
0.0162724312209903	1.18789816423352
0.0162776779124159	1.11893742167254
0.0162829279882958	1.18286876240549
0.0162881814519058	1.16811261488995
0.0162934383065259	1.10076675194793
0.0162986985554406	1.1504292274084
0.0163039622019382	1.17144564914813
0.0163092292493117	1.21805866081901
0.0163144997008581	1.1757175888512
0.0163197735598787	1.19782868898034
0.016325050829679	1.17147767709389
0.016330331513569	1.20179210937489
0.0163356156148629	1.13599750642683
0.016340903136879	1.14373290129291
0.01634619408294	1.12514295651836
0.0163514884563731	1.20449612573728
0.0163567862605097	1.18139302593577
0.0163620874986852	1.1488681430584
0.0163673921742399	1.16186069612345
0.0163727002905179	1.15269154923614
0.0163780118508681	1.20199232240797
0.0163833268586433	1.17147348634813
0.016388645317201	1.16659872969511
0.0163939672299029	1.19264901662797
0.0163992926001151	1.13522213257899
0.0164046214312082	1.16192092245035
0.0164099537265568	1.14384892020578
0.0164152894895404	1.15145985709829
0.0164206287235425	1.19449743142983
0.0164259714319512	1.1794721083571
0.016431317618159	1.11910318007947
0.0164366672855627	1.18149713971515
0.0164420204375637	1.21971356707963
0.0164473770775676	1.12443487975971
0.0164527372089847	1.17994250413187
0.0164581008352296	1.16675049071564
0.0164634679597214	1.17269522487232
0.0164688385858835	1.15345265899142
0.016474212717144	1.18796667280093
0.0164795903569355	1.18234224012859
0.0164849715086948	1.16949820072744
0.0164903561758634	1.17029677548462
0.0164957443618873	1.17641197364569
0.0165011360702169	1.15405269586975
0.0165065313043072	1.1451824578388
0.0165119300676178	1.14999529459975
0.0165173323636125	1.15631275862951
0.01652273819576	1.13007524675767
0.0165281475675334	1.14597851481777
0.0165335604824104	1.18833063529977
0.016538976943873	1.12643364547806
0.0165443969554082	1.14344320934876
0.0165498205205072	1.11561270222389
0.0165552476426659	1.17112766428325
0.016560678325385	1.19952250738602
0.0165661125721694	1.1876083539397
0.0165715503865288	1.12561558031028
0.0165769917719777	1.14898659970825
0.0165824367320349	1.12645413276848
0.016587885270224	1.18833028088652
0.0165933373900732	1.09214740341478
0.0165987930951153	1.13535788983599
0.0166042523888877	1.07764976029386
0.0166097152749327	1.13159398798608
0.016615181756797	1.17943738347277
0.0166206518380321	1.14595816106548
0.0166261255221941	1.1636161126128
0.0166316028128439	1.10332246574139
0.0166370837135469	1.15838852954798
0.0166425682278734	1.10131869974652
0.0166480563593984	1.03277061987221
0.0166535481117015	1.16455393068973
0.0166590434883671	1.15011378171376
0.0166645424929843	1.14564872132541
0.0166700451291469	1.08030640779515
0.0166755514004536	1.02590674407228
0.0166810613105076	1.10959733322859
0.0166865748629172	0.918158772254768
0.0166920920612952	1.12199907293926
0.0166976129092592	1.04765870292411
0.0167031374104318	1.12645362017999
0.0167086655684402	1.13839527968661
0.0167141973869165	1.07327616467993
0.0167197328694975	1.10741672706063
0.0167252720198249	1.10276822926552
0.0167308148415452	1.06959021029297
0.0167363613383098	1.13896810752818
0.0167419115137749	1.12693713024046
0.0167474653716015	1.13932912940736
0.0167530229154556	1.13020493702154
0.0167585841490079	1.1161836679006
0.016764149075934	1.06959153954722
0.0167697176999146	1.10721046693431
0.0167752900246349	1.15441866336759
0.0167808660537854	1.06362903592176
0.0167864457910613	1.15229466764049
0.0167920292401628	1.12368111720484
0.0167976164047948	1.15948161183332
0.0168032072886675	1.12384297835911
0.0168088018954957	1.18047051497145
0.0168144002289994	1.11684867879771
0.0168200022929034	1.17541855571742
0.0168256080909376	1.15880440336416
0.0168312176268368	1.20139711495261
0.0168368309043406	1.14742494102796
0.0168424479271939	1.18739100933567
0.0168480686991465	1.17472507194778
0.0168536932239531	1.10152865998312
0.0168593215053736	1.15178885616966
0.0168649535471727	1.12807242607448
0.0168705893531203	1.14565427679629
0.0168762289269912	1.22097500059158
0.0168818722725654	1.1183061375069
0.016887519393628	1.12301729025262
0.0168931702939689	1.11876700437309
0.0168988249773833	1.138329363296
0.0169044834476715	1.19389430913221
0.0169101457086386	1.16795109214178
0.0169158117640953	1.17365770758134
0.0169214816178568	1.1950565786929
0.016927155273744	1.22499354848967
0.0169328327355825	1.17357241187677
0.0169385140072033	1.14277212298439
0.0169441990924423	1.12755911670238
0.0169498879951409	1.20204455773766
0.0169555807191452	1.14688466141321
0.016961277268307	1.1639849143585
0.0169669776464828	1.17260094261325
0.0169726818575345	1.1363217013335
0.0169783899053292	1.15217627737821
0.0169841017937393	1.18383816022393
0.0169898175266421	1.15709969786256
0.0169955371079205	1.15387981803289
0.0170012605414623	1.18644314014501
0.0170069878311608	1.16308300864115
0.0170127189809144	1.18756111742859
0.0170184539946267	1.12346000500962
0.0170241928762068	1.16262735019859
0.0170299356295688	1.19029465504868
0.0170356822586324	1.15604761593075
0.0170414327673222	1.15597770909647
0.0170471871595684	1.1518066300719
0.0170529454393064	1.11799975555907
0.017058707610477	1.19054678944656
0.0170644736770262	1.16449752566203
0.0170702436429054	1.20887534140273
0.0170760175120714	1.12500412922321
0.0170817952884863	1.1780003564782
0.0170875769761175	1.19824089378708
0.0170933625789379	1.16931176243369
0.0170991521009257	1.16013745855545
0.0171049455460645	1.18642898966098
0.0171107429183433	1.16075498175407
0.0171165442217566	1.20692295417956
0.0171223494603043	1.09459778136596
0.0171281586379915	1.12851380190747
0.017133971758829	1.17338990255216
0.0171397888268329	1.14017497065979
0.0171456098460249	1.14760129681743
0.0171514348204321	1.09342216300977
0.0171572637540869	1.10697481824381
0.0171630966510275	1.14117562247509
0.0171689335152973	1.10377828308268
0.0171747743509454	1.13749445224639
0.0171806191620263	1.14146032230739
0.0171864679526002	1.14976686789168
0.0171923207267325	1.14573474128197
0.0171981774884945	1.04040753407337
0.0172040382419627	1.16183956429784
0.0172099029912195	1.00922111876589
0.0172157717403527	1.05100254268043
0.0172216444934557	1.1997992803462
0.0172275212546273	1.19270854465654
0.0172334020279723	1.14687494384531
0.0172392868176008	1.10279831228066
0.0172451756276285	1.0609077731364
0.017251068462177	1.16287166437749
0.0172569653253732	1.09007666218369
0.0172628662213499	1.15775346570162
0.0172687711542454	1.16441006764672
0.0172746801282037	1.18212150650913
0.0172805931473746	1.07413914626313
0.0172865102159134	1.11915144306394
0.0172924313379812	1.13148276281732
0.0172983565177447	1.18066552478085
0.0173042857593765	1.09838737575909
0.0173102190670547	1.10553717619491
0.0173161564449633	1.15274229685603
0.017322097897292	1.19869928426225
0.0173280434282363	1.12826639944303
0.0173339930419972	1.14683174933422
0.0173399467427819	1.15165073887322
0.017345904534803	1.16686424870658
0.0173518664222791	1.14692512889565
0.0173578324094345	1.15358821498205
0.0173638025004994	1.15089366870224
0.0173697766997098	1.16484535043225
0.0173757550113075	1.1679995357574
0.0173817374395401	1.08577584546382
0.0173877239886611	1.13663480174275
0.01739371466293	1.19018648904676
0.0173997094666119	1.16141654322204
0.017405708403978	1.16608602103872
0.0174117114793053	1.20675778859246
0.0174177186968767	1.17752882108629
0.017423730060981	1.20503186798392
0.017429745575913	1.16374904629126
0.0174357652459733	1.17572891283023
0.0174417890754687	1.172933185138
0.0174478170687116	1.17493200193725
0.0174538492300207	1.15753734187375
0.0174598855637204	1.22359650799164
0.0174659260741412	1.21223815857709
0.0174719707656197	1.18938691103044
0.0174780196424983	1.15884864424821
0.0174840727091256	1.17025727155546
0.0174901299698561	1.18317460618861
0.0174961914290504	1.12000655887089
0.0175022570910752	1.14568184802748
0.017508326960303	1.18697880566269
0.0175144010411128	1.20047240931518
0.0175204793378892	1.13723426913706
0.0175265618550232	1.18257151628462
0.0175326485969119	1.16229792693262
0.0175387395679584	1.17560686537137
0.0175448347725719	1.19546508595116
0.0175509342151679	1.15613869179247
0.0175570379001677	1.13728142572668
0.0175631458319992	1.12048833433052
0.0175692580150962	1.15618603084396
0.0175753744538987	1.19707527604604
0.0175814951528528	1.15685145698797
0.0175876201164111	1.17701488183331
0.017593749349032	1.15029489909252
0.0175998828551804	1.14629299888028
0.0176060206393274	1.22236974086803
0.0176121627059503	1.15904160358681
0.0176183090595325	1.1454918390975
0.017624459704564	1.15254300950031
0.0176306146455407	1.11077833776781
0.0176367738869651	1.15392338704393
0.0176429374333457	1.13807306990232
0.0176491052891975	1.2015389536192
0.0176552774590419	1.15824864447713
0.0176614539474063	1.13087589177382
0.0176676347588248	1.05875854003152
0.0176738198978375	1.11752995033663
0.0176800093689913	1.01785481153045
0.017686203176839	1.1132626675532
0.01769240132594	1.01163043634478
0.0176986038208602	1.11009608968792
0.0177048106661718	1.16748903928262
0.0177110218664534	1.14939725303823
0.0177172374262899	1.08278904270364
0.0177234573502729	1.13693236869356
0.0177296816430004	0.974301980100371
0.0177359103090766	1.06754202266164
0.0177421433531125	1.10168794566534
0.0177483807797254	1.14411705103906
0.0177546225935392	1.08482676696418
0.0177608687991841	1.05399687948878
0.0177671194012971	1.03218901841758
0.0177733744045216	1.12437803982127
0.0177796338135074	0.923393293271906
0.0177858976329112	1.07150120434607
0.0177921658673958	1.09204775256204
0.0177984385216311	1.10008304998893
0.0178047156002931	1.04898739369106
0.0178109971080647	1.06449798110058
0.0178172830496354	1.05849487893887
0.0178235734297011	1.19412157001812
0.0178298682529646	1.10439738006904
0.0178361675241352	1.17625635421047
0.0178424712479288	1.07575405130067
0.0178487794290682	1.15085146252616
0.0178550920722827	1.06126948609561
0.0178614091823082	1.15947731472511
0.0178677307638876	1.14173011991641
0.0178740568217703	1.14793395204282
0.0178803873607125	1.10727187475379
0.017886722385477	1.13428291072817
0.0178930619008336	1.18204262761481
0.0178994059115587	1.18913862872944
0.0179057544224355	1.17722771526279
0.0179121074382541	1.17862732202961
0.0179184649638111	1.17471114351114
0.0179248270039103	1.18268163735998
0.0179311935633621	1.16282566175174
0.0179375646469837	1.20029753820447
0.0179439402595993	1.14846035520559
0.0179503204060398	1.18887456155614
0.0179567050911432	1.14824781906659
0.0179630943197541	1.19323883746989
0.0179694880967243	1.1621621655368
0.0179758864269122	1.20650318021353
0.0179822893151833	1.18337749663294
0.0179886967664101	1.17092320561438
0.0179951087854719	1.22333578696305
0.0180015253772551	1.15321838789084
0.0180079465466528	1.1987214652681
0.0180143722985654	1.1453166672969
0.0180208026379002	1.1010046235584
0.0180272375695714	1.19822421822276
0.0180336770985003	1.17525701393227
0.0180401212296154	1.12194681106594
0.0180465699678518	1.12024591734863
0.0180530233181521	1.16190804570761
0.0180594812854659	1.15714220463967
0.0180659438747496	1.20517221349323
0.0180724110909671	1.07984882985863
0.018078882939089	1.15868863300215
0.0180853594240934	1.15928806312306
0.0180918405509653	1.11613398750639
0.0180983263246968	1.10765978995298
0.0181048167502875	1.16382073725489
0.0181113118327437	1.1874898409737
0.0181178115770794	1.18146873736718
0.0181243159883153	1.18767411060108
0.0181308250714796	1.14529682236033
0.0181373388316078	1.11234222937155
0.0181438572737424	1.15397771121167
0.0181503804029333	1.10336367745211
0.0181569082242376	1.14064320080072
0.0181634407427198	1.15742560756942
0.0181699779634514	1.16180748934298
0.0181765198915116	1.14396425884818
0.0181830665319866	1.15831997236402
0.0181896178899701	1.15756936367227
0.0181961739705631	1.18534192980626
0.0182027347788739	1.12729904230194
0.0182093003200182	1.06871544819795
0.0182158705991192	1.14013669749329
0.0182224456213074	1.15259035085463
0.0182290253917206	1.14905201075348
0.0182356099155042	1.16222055665358
0.0182421991978109	1.04502164944831
0.0182487932438011	1.04757018205728
0.0182553920586423	1.18421110195662
0.0182619956475097	1.02301690666458
0.018268604015586	1.16498312835259
0.0182752171680613	1.12654907281698
0.0182818351101334	1.06851104487198
0.0182884578470073	1.07449420112821
0.018295085383896	1.17965043976297
0.0183017177260196	1.00710721828732
0.018308354878606	1.10291833568834
0.0183149968468908	1.11979336126255
0.018321643636117	1.15066447800739
0.0183282952515353	1.05503353786452
0.0183349516984039	1.08569597488411
0.0183416129819889	1.103572434849
0.0183482791075639	1.18498477622033
0.01835495008041	1.0999623437638
0.0183616259058164	1.12473334066666
0.0183683065890796	1.15424010293509
0.018374992135504	1.16479148445825
0.0183816825504018	1.12799755672103
0.0183883778390927	1.16839807560665
0.0183950780069043	1.15658703832509
0.018401783059172	1.15893701127496
0.0184084930012389	1.16089648593389
0.018415207838456	1.13746945495085
0.018421927576182	1.18836400762185
0.0184286522197834	1.17239233285239
0.0184353817746348	1.16512203757821
0.0184421162461182	1.13853318975135
0.018448855639624	1.17793729651123
0.01845559996055	1.20659310069013
0.0184623492143022	1.20246462175944
0.0184691034062943	1.15950320158742
0.0184758625419483	1.18248895155937
0.0184826266266936	1.18042280851889
0.018489395665968	1.17845683843035
0.018496169665217	1.16934177743671
0.0185029486298943	1.12405455926776
0.0185097325654614	1.1706835152018
0.018516521477388	1.12489875951452
0.0185233153711516	1.13123043809167
0.0185301142522379	1.18174095955365
0.0185369181261407	1.09993221289519
0.0185437269983617	1.18523741061884
0.0185505408744108	1.15428526265826
0.0185573597598061	1.20767380877889
0.0185641836600735	1.13403069602711
0.0185710125807474	1.17915412952931
0.0185778465273701	1.16420836112905
0.0185846855054922	1.17371512787892
0.0185915295206724	1.18185296881379
0.0185983785784775	1.17632844607394
0.0186052326844827	1.17114916386702
0.0186120918442714	1.17290450508897
0.018618956063435	1.15760599669749
0.0186258253475735	1.13882080876517
0.0186326997022948	1.20512405918825
0.0186395791332155	1.18431170440876
0.0186464636459601	1.16728315389212
0.0186533532461616	1.13477888683984
0.0186602479394614	1.11160334152213
0.0186671477315091	1.12184803167178
0.0186740526279627	1.18600780756813
0.0186809626344886	1.1173289104974
0.0186878777567616	1.1684061526163
0.0186947980004649	1.17935992246703
0.01870172337129	1.13933617000076
0.018708653874937	1.08198920145883
0.0187155895171145	1.24074440004004
0.0187225303035393	1.09198842035284
0.0187294762399369	1.08319417552345
0.0187364273320413	1.17415036848745
0.0187433835855949	1.16514166819648
0.0187503450063488	1.13509207108678
0.0187573116000624	1.15471944699269
0.0187642833725038	1.05700843942761
0.0187712603294498	0.933273033814481
0.0187782424766856	1.20952874353556
0.0187852298200051	1.08434677847243
0.0187922223652108	1.11323712680618
0.0187992201181139	1.09757627210156
0.0188062230845342	1.15816278789151
0.0188132312703001	1.10581651727153
0.0188202446812489	1.12829671535646
0.0188272633232265	1.14335039702105
0.0188342872020874	1.10153189411962
0.0188413163236951	1.11250609178037
0.0188483506939215	1.11336992224264
0.0188553903186477	1.13580386311798
0.0188624352037632	1.13648302915286
0.0188694853551666	1.20222977670904
0.0188765407787652	1.10329751794581
0.018883601480475	1.14222173999472
0.0188906674662211	1.09779777505725
0.0188977387419374	1.18657374397366
0.0189048153135665	1.12023108361603
0.0189118971870602	1.10692985511682
0.018918984368379	1.16641892283837
0.0189260768634925	1.1736945712884
0.018933174678379	1.16836121395717
0.0189402778190261	1.14123825135688
0.0189473862914302	1.19684695741349
0.0189545001015968	1.19532110582217
0.0189616192555402	1.19190946099121
0.0189687437592839	1.10865389826645
0.0189758736188607	1.13523656015953
0.0189830088403119	1.16414352966496
0.0189901494296885	1.15887848489264
0.0189972953930501	1.12098420727537
0.0190044467364658	1.19158889020219
0.0190116034660137	1.15954189853798
0.0190187655877809	1.14571934226177
0.019025933107864	1.1297615458551
0.0190331060323685	1.22019305221827
0.0190402843674093	1.14792695335074
0.0190474681191104	1.17003240427539
0.0190546572936052	1.21161305579144
0.0190618518970361	1.19028425465508
0.0190690519355552	1.16281677472704
0.0190762574153234	1.17393283317817
0.0190834683425113	1.20096524043596
0.0190906847232987	1.16599936944038
0.0190979065638747	1.20051061446345
0.0191051338704379	1.17139759584242
0.019112366649196	1.16856985303551
0.0191196049063666	1.12412614338419
0.0191268486481762	1.20906850998107
0.019134097880861	1.13935188084439
0.0191413526106667	1.15203054303061
0.0191486128438484	1.19918557263372
0.0191558785866707	1.21521558967105
0.0191631498454077	1.17649651652892
0.0191704266263429	1.18188545752678
0.0191777089357697	1.14045814279076
0.0191849967799908	1.0837580952848
0.0191922901653184	1.19750818188774
0.0191995890980746	1.1131961171759
0.0192068935845909	1.16860030751966
0.0192142036312084	1.13107215039207
0.0192215192442781	1.13561685295496
0.0192288404301606	1.06549778992649
0.0192361671952259	1.18658923649529
0.019243499545854	1.14762393067335
0.0192508374884347	1.0637212084017
0.0192581810293673	1.1436848310225
0.0192655301750611	1.13161491066053
0.019272884931935	1.15725490373508
0.0192802453064177	1.02921439448251
0.0192876113049479	1.17919575067156
0.0192949829339741	1.02065851848249
0.0193023601999545	1.05751490597038
0.0193097431093574	1.17207398849441
0.0193171316686608	1.15362261304345
0.0193245258843528	1.15827141350317
0.0193319257629312	1.1213558736645
0.019339331310904	1.0886811342308
0.0193467425347892	0.991379120718889
0.0193541594411144	1.14230131576128
0.0193615820364177	1.17307960593903
0.019369010327247	1.16553078534771
0.0193764443201602	1.15994305820703
0.0193838840217255	1.20021013207245
0.0193913294385208	1.08949265679171
0.0193987805771345	1.20588514924344
0.019406237444165	1.14549752444287
0.0194137000462208	1.15002171137359
0.0194211683899205	1.19255514713972
0.0194286424818931	1.15524554178295
0.0194361223287777	1.20519361478123
0.0194436079372236	1.16486537936385
0.0194510993138903	1.17746574745669
0.0194585964654478	1.09102088168576
0.019466099398576	1.19189873037548
0.0194736081199655	1.13569326624884
0.019481122636317	1.16795307374955
0.0194886429543417	1.19657124588429
0.0194961690807609	1.1901049934689
0.0195037010223066	1.17340362910887
0.019511238785721	1.21811909250151
0.0195187823777568	1.17920102034705
0.0195263318051772	1.18401960486559
0.0195338870747557	1.19666973238886
0.0195414481932765	1.10671359521802
0.0195490151675341	1.16319225586881
0.0195565880043337	1.15336381623901
0.019564166710491	1.16445066261099
0.0195717512928322	1.19937258197906
0.0195793417581942	1.23323468797656
0.0195869381134243	1.17043349208805
0.0195945403653808	1.16377493793547
0.0196021485209322	1.16229530470051
0.0196097625869581	1.1348334452405
0.0196173825703485	1.22695432115243
0.0196250084780043	1.20307407243631
0.0196326403168369	1.1638761324269
0.0196402780937686	1.14583394118138
0.0196479218157326	1.14237271610594
0.0196555714896728	1.20015203925746
0.0196632271225437	1.12206973142472
0.019670888721311	1.11947777846827
0.019678556292951	1.17102438848185
0.019686229844451	1.16011507733214
0.0196939093828092	1.12760556790559
0.0197015949150347	1.1510345802271
0.0197092864481475	1.13782856713745
0.0197169839891787	1.11362921663269
0.0197246875451701	1.12585585735044
0.019732397123175	1.13906316337816
0.0197401127302572	1.13418606124606
0.0197478343734919	1.11289887853603
0.0197555620599652	1.19551295526323
0.0197632957967745	1.12457018885197
0.019771035591028	1.07141304151177
0.0197787814498454	1.17756644691429
0.0197865333803573	1.15794881191195
0.0197942913897055	1.12137576770406
0.0198020554850432	1.02974121516803
0.0198098256735347	1.19507805127136
0.0198176019623554	1.02813641212148
0.0198253843586922	1.05621306396331
0.0198331728697433	1.13770423350974
0.019840967502718	1.14323440904495
0.0198487682648371	1.10193040583701
0.0198565751633328	1.09336680827629
0.0198643882054486	1.16210663619385
0.0198722073984393	1.1027915060103
0.0198800327495713	1.1464674589414
0.0198878642661225	1.15103333544629
0.019895701955382	1.17230986152409
0.0199035458246507	1.11823959436279
0.0199113958812407	1.09826605214433
0.019919252132476	1.13160156875144
0.019927114585692	1.10809024271409
0.0199349832482355	1.173948797325
0.0199428581274651	1.11620599897565
0.0199507392307512	1.13332639318692
0.0199586265654754	1.17341938054598
0.0199665201390315	1.08338793938101
0.0199744199588245	1.1207983722053
0.0199823260322716	1.09647100027281
0.0199902383668013	1.13174171491289
0.0199981569698542	1.07986941075242
0.0200060818488826	1.12701515827902
0.0200140130113506	1.09976485390897
0.0200219504647341	1.16449351261153
0.0200298942165208	1.12744283837594
0.0200378442742106	1.17546630888119
0.020045800645315	1.18509390030097
0.0200537633373575	1.09475814173072
0.0200617323578736	1.09331878607702
0.0200697077144109	1.14675811815955
0.0200776894145287	1.16354106882588
0.0200856774657987	1.09307404524602
0.0200936718758043	1.12624883064743
0.0201016726521413	1.15811098185356
0.0201096798024173	1.12090999338955
0.0201176933342523	1.10816916010574
0.0201257132552783	1.17734262475668
0.0201337395731395	1.19800479978166
0.0201417722954923	1.1641237349654
0.0201498114300053	1.19237880838417
0.0201578569843594	1.16957431785366
0.0201659089662477	1.13059721470579
0.0201739673833757	1.20658706691268
0.0201820322434611	1.22707418074515
0.0201901035542341	1.1556883192355
0.0201981813234371	1.18508184669978
0.020206265558825	1.17927810166393
0.0202143562681652	1.15347333824392
0.0202224534592373	1.17937046801035
0.0202305571398335	1.18652616549466
0.0202386673177587	1.18414929676326
0.0202467840008299	1.20181272628143
0.020254907196877	1.22393210684884
0.0202630369137423	1.19908631856662
0.0202711731592807	1.11983606471416
0.0202793159413599	0.992104238073088
0.02028746526786	1.13889647943158
0.0202956211466739	1.13855635513081
0.0203037835857072	1.17487014015753
0.0203119525928782	1.17987163161233
0.0203201281761179	1.14597948935839
0.0203283103433701	1.12488637479663
0.0203364991025915	0.994637243625961
0.0203446944617516	1.0928495364131
0.0203528964288325	1.15914706647698
0.0203611050118295	1.16285363175254
0.0203693202187508	1.15181227852775
0.0203775420576172	1.12679241835514
0.0203857705364627	1.20912716251189
0.0203940056633344	1.04444136087194
0.020402247446292	1.17544069872708
0.0204104958934088	1.15570499569847
0.0204187510127706	1.15934758284134
0.0204270128124767	1.13062975381389
0.0204352813006392	1.02936117421907
0.0204435564853836	1.20786935972991
0.0204518383748484	1.17953427529817
0.0204601269771854	1.19776609715111
0.0204684223005595	1.12990596134374
0.020476724353149	1.1770771521883
0.0204850331431454	1.16811820500782
0.0204933486787534	1.12054279825114
0.0205016709681911	1.17887685920763
0.0205100000196901	1.15106702775207
0.0205183358414953	1.1806340584997
0.0205266784418647	1.16442924998561
0.0205350278290703	1.20209635154768
0.020543384011397	1.1786719073158
0.0205517469971437	1.18477378518751
0.0205601167946224	1.1446477514841
0.0205684934121589	1.18717531906663
0.0205768768580925	1.15239679331251
0.0205852671407761	1.17579259231518
0.0205936642685762	1.19728946991429
0.020602068249873	1.18457332427806
0.0206104790930603	1.12452222722893
0.0206188968065458	1.19921563860303
0.0206273213987508	1.15629248221591
0.0206357528781103	1.16750773719355
0.0206441912530732	1.21453928967776
0.0206526365321023	1.24081715887674
0.0206610887236742	1.17630103550799
0.0206695478362792	1.11099374317925
0.0206780138784218	1.20765444897869
0.0206864868586201	1.10385943997907
0.0206949667854066	1.13171512715692
0.0207034536673275	1.19046543902934
0.020711947512943	1.19376138334966
0.0207204483308275	1.14609919028339
0.0207289561295694	1.07916916489751
0.0207374709177713	1.14008626942145
0.0207459927040498	1.21902403018904
0.0207545214970358	1.10653386792284
0.0207630573053743	1.14534218159414
0.0207716001377245	1.14286464613371
0.0207801500027601	1.14750157671217
0.0207887069091688	1.13165703104357
0.0207972708656528	1.16055115448661
0.0208058418809285	1.20340557251944
0.0208144199637268	1.08307743127264
0.020823005122793	1.18030567781223
0.0208315973668866	1.16086714161471
0.020840196704782	1.21599812024994
0.0208488031452676	1.05371265805315
0.0208574166971468	1.01552447643047
0.0208660373692372	1.11968793559231
0.0208746651703712	1.16891382703406
0.0208833001093956	1.22207583291448
0.020891942195172	1.16104002101118
0.0209005914365768	1.12826111877393
0.0209092478425007	1.18558288212047
0.0209179114218495	1.09892718258321
0.0209265821835437	1.16112295879279
0.0209352601365185	1.15628357975709
0.020943945289724	1.16386404004043
0.020952637652125	1.15880110512718
0.0209613372327015	1.1494635515217
0.0209700440404482	1.19603729764594
0.0209787580843747	1.1326029635709
0.0209874793735058	1.12363911128553
0.0209962079168811	1.22766889890593
0.0210049437235553	1.16331999595976
0.0210136868025983	1.21286743377874
0.0210224371630949	1.16741801285594
0.0210311948141453	1.18376737464934
0.0210399597648647	1.15756030961957
0.0210487320243834	1.140528083524
0.0210575116018471	1.1740825256046
0.0210662985064168	1.16938462962893
0.0210750927472687	1.12098604938954
0.0210838943335943	1.1895090853153
0.0210927032746005	1.15260043278482
0.0211015195795097	1.15640375676374
0.0211103432575595	1.17031684110083
0.0211191743180032	1.11965335544699
0.0211280127701095	1.11915838978633
0.0211368586231624	1.16751653928946
0.0211457118864619	1.17589408006535
0.0211545725693232	1.12204483178309
0.0211634406810773	1.15692896832554
0.0211723162310708	1.15374925508703
0.0211811992286659	1.20325242927426
0.0211900896832409	1.16110596200065
0.0211989876041893	1.16822166770691
0.0212078930009208	1.18818153308902
0.0212168058828606	1.16966668180555
0.0212257262594502	1.1705253922751
0.0212346541401465	1.17140904345982
0.0212435895344226	1.17856723085719
0.0212525324517674	1.15407590266996
0.021261482901686	1.08965624821015
0.0212704408936993	1.11767944062237
0.0212794064373444	1.17764327938367
0.0212883795421743	1.20261997121776
0.0212973602177583	1.16483297089289
0.0213063484736819	1.06922477435802
0.0213153443195465	1.16492216051996
0.02132434776497	1.12808234361527
0.0213333588195865	1.07183602923265
0.0213423774930463	1.11922547454204
0.0213514037950161	1.14948615328272
0.0213604377351789	1.15480145938802
0.0213694793232342	0.990244651159982
0.0213785285688978	0.970577085869176
0.0213875854819021	1.05888474534401
0.0213966500719959	1.17278623267235
0.0214057223489446	1.19846307164261
0.02141480232253	1.1408430773898
0.0214238900025508	1.12010035679541
0.021432985398822	1.15761739528779
0.0214420885211757	1.1330663199592
0.0214511993794602	1.15923240064249
0.0214603179835409	1.16034991068923
0.0214694443433	1.10100455071656
0.0214785784686363	1.10175783778259
0.0214877203694655	1.11561665220685
0.0214968700557204	1.14522227563779
0.0215060275373504	1.14562132155336
0.0215151928243222	1.17446883623185
0.0215243659266193	1.22860702839574
0.0215335468542421	1.17549643539034
0.0215427356172085	1.15015132817317
0.021551932225553	1.18858981096654
0.0215611366893276	1.14025324816746
0.0215703490186014	1.1452400813779
0.0215795692234605	1.17245934273778
0.0215887973140087	1.17406270322187
0.0215980333003666	1.18963654011616
0.0216072771926724	1.15533403158989
0.0216165290010816	1.16578193449228
0.0216257887357672	1.15348375794065
0.0216350564069195	1.17252307608118
0.0216443320247463	1.15122172456846
0.021653615599473	1.16975679240199
0.0216629071413424	1.17159924045515
0.0216722066606151	1.22829683260487
0.0216815141675691	1.1533279063536
0.0216908296725002	1.19084717483722
0.0217001531857218	1.17422539215102
0.0217094847175653	1.16562637426329
0.0217188242783795	1.1716977088888
0.0217281718785313	1.16219355581441
0.0217375275284053	1.15026731436165
0.0217468912384041	1.20770002493162
0.0217562630189482	1.16809872139767
0.0217656428804761	1.13518341333957
0.0217750308334441	1.19822860924659
0.0217844268883269	1.23113383972187
0.0217938310556169	1.13075482989518
0.021803243345825	1.15582838699707
0.02181266376948	1.19088418114842
0.0218220923371291	1.1678123581189
0.0218315290593375	1.09761181927713
0.0218409739466889	1.02041374902306
0.0218504270097852	1.06117453116824
0.0218598882592468	1.13405317109843
0.0218693577057124	1.181967201594
0.021878835359839	1.12607157796771
0.0218883212323024	1.04644616850873
0.0218978153337967	1.1089233083943
0.0219073176750347	1.22435755936614
0.0219168282667475	1.18139487080171
0.0219263471196853	1.18425939738866
0.0219358742446167	1.13534858227627
0.021945409652329	1.10932205713283
0.0219549533536283	1.13743304128121
0.0219645053593397	1.11223603363641
0.021974065680307	1.16485781339171
0.0219836343273927	1.19371946526969
0.0219932113114785	1.09827061442512
0.022002796643465	1.18122930338806
0.0220123903342718	1.14196054575919
0.0220219923948375	1.17893540251952
0.0220316028361199	1.15433998962756
0.0220412216690957	1.12984423085467
0.0220508489047612	1.16852044947718
0.0220604845541316	1.24506362360171
0.0220701286282413	1.14868024241636
0.0220797811381443	1.12718833989484
0.0220894420949136	1.17515719784274
0.022099111509642	1.16534006765355
0.0221087893934414	1.19927506849439
0.0221184757574432	1.16818482721009
0.0221281706127985	1.21414218889456
0.0221378739706778	1.18288578806613
0.0221475858422713	1.14158811138904
0.0221573062387888	1.16669272345683
0.0221670351714598	1.16026812410131
0.0221767726515334	1.17194558514171
0.0221865186902788	1.14580151546724
0.0221962732989846	1.16469283180014
0.0222060364889596	1.13855061168531
0.0222158082715323	1.17052137095744
0.0222255886580514	1.13159654326817
0.0222353776598852	1.08577202861688
0.0222451752884225	1.11681264542715
0.0222549815550717	1.15237585461527
0.0222647964712617	1.16744525153326
0.0222746200484415	1.12770442844886
0.0222844522980801	1.08669480015406
0.022294293231667	1.10158171647183
0.0223041428607119	1.16063237012604
0.0223140011967449	1.12636037109834
0.0223238682513164	1.1663917609459
0.0223337440359974	1.17718230208334
0.0223436285623792	1.15657983156925
0.0223535218420737	1.17709803163907
0.0223634238867134	1.11680192211572
0.0223733347079514	1.00788990706551
0.0223832543174616	1.15752389817098
0.0223931827269383	1.19960763640335
0.0224031199480969	1.22362272502684
0.0224130659926733	1.12207797158059
0.0224230208724245	1.02116210046798
0.0224329845991284	1.08320858821956
0.0224429571845835	1.21798313116763
0.0224529386406097	1.1807579074681
0.0224629289790477	1.15586581227204
0.0224729282117594	1.08254976710595
0.0224829363506277	1.04211012772361
0.0224929534075569	1.22462027110759
0.0225029793944722	1.16304351159814
0.0225130143233204	1.16166899384209
0.0225230582060694	1.11956735788901
0.0225331110547086	1.15063012626484
0.0225431728812487	1.22193690410661
0.022553243697722	1.17435137114023
0.0225633235161821	1.08752856054909
0.0225734123487044	1.18842443288831
0.0225835102073857	1.11579449700158
0.0225936171043446	1.15324530817044
0.0226037330517213	1.14728841949731
0.022613858061678	1.10944504112301
0.0226239921463982	1.2076645488021
0.0226341353180878	1.20566346954781
0.0226442875889743	1.1835267701263
0.0226544489713072	1.16846972040461
0.0226646194773579	1.17557779695857
0.02267479911942	1.20929917340875
0.0226849879098092	1.2197381909302
0.0226951858608633	1.21276775676243
0.0227053929849422	1.20633335296934
0.0227156092944281	1.19588865702283
0.0227258348017256	1.17512426015507
0.0227360695192616	1.15926856317586
0.0227463134594854	1.17731576322465
0.0227565666348685	1.19966274236326
0.0227668290579053	1.16009098762266
0.0227771007411126	1.17621070890943
0.0227873816970296	1.15101772670344
0.0227976719382183	1.1515776069189
0.0228079714772636	1.16936407202029
0.0228182803267727	1.08961305721128
0.0228285984993761	1.14704796651056
0.0228389260077269	1.17182644517229
0.0228492628645009	1.11556695584728
0.0228596090823974	1.15752107630586
0.0228699646741381	1.11860765768626
0.0228803296524683	1.02823251158049
0.022890704030156	1.05437117659712
0.0229010878199927	1.12949650172897
0.0229114810347928	1.12837228635574
0.0229218836873943	1.12470122341973
0.0229322957906582	1.08269795852801
0.0229427173574692	0.917912416131666
0.0229531484007352	1.09826429297098
0.0229635889333876	1.09997027321044
0.0229740389683815	1.12529362927575
0.0229844985186954	1.20405415821466
0.0229949675973316	1.06612745049292
0.0230054462173161	1.09579815837489
0.0230159343916984	1.17789440840457
0.0230264321335522	1.15639077595686
0.0230369394559747	1.17004322370478
0.0230474563720873	1.12601832831712
0.0230579828950352	1.11757723573635
0.0230685190379877	1.19487376904938
0.0230790648141382	1.16298694755257
0.023089620236704	1.14061247707505
0.023100185318927	1.19147522729664
0.0231107600740731	1.14929981183262
0.0231213445154324	1.18628460294253
0.0231319386563197	1.16717010677854
0.0231425425100738	1.15986947392233
0.0231531560900583	1.23678985383132
0.0231637794096612	1.23984808104127
0.0231744124822951	1.15414054501119
0.0231850553213971	1.16398739294907
0.0231957079404293	1.17261224740892
0.0232063703528783	1.15858592704684
0.0232170425722555	1.20001036644768
0.0232277246120973	1.18834767804027
0.0232384164859651	1.13880183706417
0.023249118207445	1.14826837040381
0.0232598297901483	1.2239527369194
0.0232705512477114	1.14851163050675
0.023281282593796	1.16706953244283
0.0232920238420886	1.22264893709605
0.0233027750063014	1.20013480414984
0.0233135361001717	1.18693510557792
0.0233243071374622	1.16457524860776
0.0233350881319612	1.06557156286743
0.0233458790974823	1.1363057361498
0.0233566800478647	1.2020728732565
0.0233674909969734	1.19539026194561
0.0233783119586989	1.17165701108956
0.0233891429469575	1.14529349160729
0.0233999839756913	1.09339499160812
0.0234108350588683	1.13354426337058
0.0234216962104823	1.17373432064422
0.0234325674445532	1.21084632615323
0.023443448775127	1.13522911349556
0.0234543402162756	1.06811188172211
0.0234652417820972	0.971817643668161
0.0234761534867162	1.05858656026923
0.0234870753442833	1.18698064635562
0.0234980073689754	1.06427016955208
0.0235089495749961	1.14099725741174
0.0235199019765752	1.09109883063386
0.0235308645879692	1.07209398616621
0.0235418374234611	1.17495252141708
0.0235528204973605	1.17391750623104
0.0235638138240039	1.10899187002752
0.0235748174177544	1.1816007198103
0.023585831293002	1.16187341382078
0.0235968554641637	1.17878251149227
0.0236078899456833	1.14875398231426
0.0236189347520317	1.14535383318702
0.023629989897707	1.14734553774387
0.0236410553972343	1.15444683997889
0.023652131265166	1.16185938782552
0.0236632175160818	1.14524546120063
0.0236743141645887	1.14223705465798
0.023685421225321	1.16092335441039
0.0236965387129408	1.17402756818981
0.0237076666421374	1.14244593486673
0.0237188050276279	1.18062245898082
0.0237299538841571	1.18728396270377
0.0237411132264973	1.15457638753082
0.0237522830694489	1.21211970043914
0.02376346342784	1.17638798071679
0.0237746543165265	1.17646974153106
0.0237858557503926	1.16421430427383
0.0237970677443505	1.12305659742225
0.0238082903133402	1.15644417387635
0.0238195234723304	1.2204050308023
0.0238307672363176	1.17927414534742
0.0238420216203269	1.16941403650075
0.0238532866394119	1.09173008217362
0.0238645623086542	1.12370204136857
0.0238758486431644	1.18215976752241
0.0238871456580816	1.22333264107012
0.0238984533685733	1.12902757925945
0.023909771789836	1.16730089022825
0.023921100937095	1.09699678928597
0.0239324408256044	1.03851121961295
0.0239437914706471	1.15280387829147
0.0239551528875352	1.17042166181644
0.0239665250916099	1.26298214816729
0.0239779080982414	1.10195182469752
0.0239893019228292	1.05374753137439
0.024000706580802	1.10730415099438
0.024012122087618	1.17820116096087
0.0240235484587647	1.13690894332365
0.0240349857097591	1.16585888196165
0.0240464338561479	1.17765004955426
0.0240578929135073	1.18519900008778
0.0240693628974432	1.15525905517823
0.0240808438235913	1.20753981691626
0.0240923357076172	1.18199693842956
0.0241038385652164	1.13069420742569
0.0241153524121143	1.21013576143337
0.0241268772640664	1.15485914214892
0.0241384131368585	1.15714690611184
0.0241499600463063	1.17432191727429
0.0241615180082561	1.22071590053834
0.0241730870385844	1.16198176385137
0.0241846671531979	1.16443680822622
0.0241962583680342	1.14201441299122
0.0242078606990613	1.18839378642576
0.0242194741622777	1.18779207070515
0.0242310987737128	1.13954517342626
0.0242427345494267	1.14934435637137
0.0242543815055104	1.22267317432849
0.0242660396580859	1.17582334329265
0.0242777090233061	1.2330750866413
0.0242893896173549	1.1214872006779
0.0243010814564476	1.22969659892874
0.0243127845568307	1.20643340913565
0.0243244989347818	1.21320474183896
0.02433622460661	1.23964630042748
0.024347961588656	1.19565835038714
0.0243597098972919	1.15001369368536
0.0243714695489214	1.16153467045879
0.0243832405599799	1.11030792784314
0.0243950229469346	1.14981673218619
0.0244068167262846	1.10418798597066
0.0244186219145608	1.08832037856153
0.0244304385283262	1.08984620476641
0.0244422665841759	0.989615370088403
0.0244541060987369	1.01877867422855
0.0244659570886688	1.14807064522576
0.0244778195706632	1.15818573436361
0.0244896935614443	1.13708749857801
0.0245015790777686	1.15990016039866
0.0245134761364253	1.12303139612754
0.0245253847542362	1.1160686050858
0.0245373049480557	1.13998738333734
0.024549236734771	1.12854812659004
0.0245611801313023	1.07588461738893
0.0245731351546026	1.08846458373298
0.0245851018216579	1.13707982533232
0.0245970801494875	1.18065657272889
0.0246090701551436	1.14355816721911
0.024621071855712	1.1870662902148
0.0246330852683116	1.10938835910859
0.0246451104100948	1.17119022309549
0.0246571472982475	1.21989553035194
0.0246691959499892	1.18389422580743
0.0246812563825731	1.11306950149823
0.0246933286132861	1.17228965352878
0.0247054126594489	1.20991767028208
0.0247175085384163	1.06235013847608
0.024729616267577	1.17015315584468
0.0247417358643537	1.18956762319119
0.0247538673462034	1.15042888828365
0.0247660107306173	1.17758373294957
0.0247781660351209	1.1588211197529
0.0247903332772743	1.1676951415033
0.0248025124746718	1.12362116279123
0.0248147036449427	1.18384235606093
0.0248269068057505	1.20110874482951
0.0248391219747938	1.14765690077406
0.0248513491698061	1.23032633604928
0.0248635884085555	1.19496392458474
0.0248758397088454	1.16455393597735
0.0248881030885142	1.12408745652931
0.0249003785654356	1.10504942804458
0.0249126661575184	1.14219742356483
0.0249249658827069	1.13769327959039
0.0249372777589808	1.11299026826464
0.0249496018043554	1.14757469154935
0.0249619380368815	1.07991479490093
0.0249742864746459	1.08888366917604
0.0249866471357708	1.17802058063177
0.0249990200384146	1.19522613678966
0.0250114052007717	1.13134845993314
0.0250238026410723	1.17729496468948
0.0250362123775831	1.19165198580473
0.0250486344286067	1.16892775773572
0.0250610688124824	1.20079157849817
0.0250735155475857	1.19312718431435
0.0250859746523286	1.12396549123128
0.0250984461451599	1.04897322833829
0.025110930044565	1.16085595763369
0.0251234263690661	1.13794241654565
0.0251359351372222	1.08952505628738
0.0251484563676295	1.12255098731073
0.0251609900789211	1.15121762550446
0.0251735362897673	1.16765979815549
0.0251860950188756	1.16246407050492
0.025198666284991	1.20238404639596
0.0252112501068958	1.20184786980174
0.02522384650341	1.2026428393114
0.025236455493391	1.1722913730551
0.0252490770957341	1.2067968204008
0.0252617113293724	1.1635475357847
0.0252743582132769	1.1570311112645
0.0252870177664565	1.15112045840758
0.0252996900079584	1.18298016558637
0.0253123749568678	1.17443198785211
0.0253250726323084	1.15340428480618
0.0253377830534422	1.10510485556516
0.0253505062394695	1.18904063609565
0.0253632422096295	1.21191249767397
0.0253759909832	1.16261234528267
0.0253887525794974	1.19616674998784
0.0254015270178771	1.17615190345228
0.0254143143177335	1.18071497020293
0.0254271144985001	1.08785975018915
0.0254399275796495	1.14551161843112
0.0254527535806935	1.19201402052405
0.0254655925211834	1.12846170529498
0.02547844442071	1.07935145047716
0.0254913092989034	1.13713327421631
0.0255041871754338	1.20262891072352
0.0255170780700108	1.17817209511768
0.025529982002384	1.21329953707625
0.0255428989923429	1.22157239376958
0.0255558290597173	1.18911587460389
0.0255687722243769	1.09493239636353
0.0255817285062318	1.1861717249552
0.0255946979252324	1.17475788293724
0.0256076805013698	1.1004811484907
0.0256206762546753	1.06271950725442
0.0256336852052213	1.17253128204597
0.0256467073731207	1.2002171388554
0.0256597427785274	1.10766171596075
0.0256727914416362	1.13044929442525
0.0256858533826831	1.21162765559881
0.0256989286219454	1.15427453334676
0.0257120171797415	1.20853678458367
0.0257251190764313	1.18483529192044
0.0257382343324162	1.1905568644778
0.0257513629681392	1.16577088645419
0.0257645050040853	1.16622754028832
0.0257776604607809	1.18818654433971
0.0257908293587947	1.1845041581142
0.0258040117187372	1.16783733100604
0.0258172075612612	1.2188732726083
0.0258304169070618	1.15868187991728
0.0258436397768764	1.1546817627419
0.0258568761914849	1.14013458014902
0.0258701261717098	1.17972766708818
0.0258833897384163	1.15638675485181
0.0258966669125124	1.14077918243571
0.0259099577149491	1.08800206608133
0.0259232621667202	1.14764511039734
0.025936580288863	1.14475112379734
0.0259499121024578	1.19473662433158
0.0259632576286283	1.15745576897153
0.0259766168885417	1.15347909526946
0.0259899899034088	1.1442519386523
0.0260033766944841	1.07244028134421
0.0260167772830659	1.08602952052418
0.0260301916904965	1.18969595652619
0.0260436199381621	1.18879386008403
0.0260570620474931	1.02824444968334
0.0260705180399643	1.03969700849494
0.0260839879370946	1.06599593184474
0.0260974717604478	1.18803723215593
0.0261109695316319	1.13864294734062
0.0261244812722999	1.15098862336132
0.0261380070041495	1.17365880206985
0.0261515467489234	1.17424313147256
0.0261651005284095	1.23607193530671
0.0261786683644406	1.22095030051051
0.0261922502788951	1.20755694802485
0.0262058462936967	1.16586326480663
0.0262194564308146	1.15841184223433
0.0262330807122638	1.13607523787592
0.026246719160105	1.22508388277806
0.0262603717964447	1.20970537087569
0.0262740386434357	1.15708849928938
0.0262877197232765	1.1166804789388
0.0263014150582124	1.18400956384098
0.0263151246705346	1.1420264840848
0.0263288485825812	1.20171239338338
0.0263425868167365	1.13034690790749
0.026356339395432	1.18620064365251
0.0263701063411456	1.14743203665256
0.0263838876764027	1.12526115074299
0.0263976834237753	1.19573761476189
0.026411493605883	1.14978493659374
0.0264253182453927	1.17840519401584
0.0264391573650186	1.26258171170904
0.0264530109875226	1.19542810073972
0.0264668791357145	1.18557415311253
0.0264807618324518	1.20246600923984
0.0264946591006398	1.17901016284186
0.0265085709632324	1.15047419746995
0.0265224974432312	1.11778823898982
0.0265364385636866	1.05226980698898
0.0265503943476971	1.20898778471641
0.0265643648184102	1.18749701315407
0.0265783499990219	1.07023138069478
0.0265923499127771	1.00775662222364
0.0266063645829697	1.092637480264
0.0266203940329428	1.11699978766315
0.0266344382860888	1.12605085409259
0.0266484973658493	1.13525775800257
0.0266625712957156	1.17136662402959
0.0266766600992286	1.16521777696949
0.0266907637999789	1.15355996325369
0.0267048824216072	1.11082692389527
0.0267190159878041	1.1465715713662
0.0267331645223104	1.17798147079377
0.0267473280489172	1.18028764560617
0.0267615065914661	1.1169490493519
0.0267757001738492	1.20531966058688
0.0267899088200095	1.16400595733358
0.0268041325539406	1.16274752389176
0.0268183713996872	1.11843021747015
0.0268326253813452	1.19970661758938
0.0268468945230616	1.22798216182284
0.0268611788490349	1.14558213885054
0.0268754783835152	1.13775191621498
0.0268897931508039	1.11675494921239
0.0269041231752547	1.18644258933878
0.0269184684812729	1.20686536675636
0.0269328290933159	1.21865721428011
0.0269472050358936	1.15872809451781
0.0269615963335679	1.17308130846814
0.0269760030109535	1.16556869087542
0.0269904250927174	1.2130320376344
0.0270048626035798	1.18410015353532
0.0270193155683134	1.12363686618395
0.0270337840117443	1.22005866027045
0.0270482679587515	1.17979370450433
0.0270627674342677	1.13727301350795
0.0270772824632788	1.13422775165604
0.0270918130708244	1.17379796141652
0.027106359281998	1.21322472474186
0.0271209211219468	1.17238676619152
0.0271354986158724	1.20099363065318
0.0271500917890302	1.21698372172644
0.0271647006667303	1.16440458888534
0.0271793252743371	1.09744970970159
0.0271939656372698	1.09228485561923
0.0272086217810023	1.19087732197256
0.0272232937310634	1.19787389881461
0.0272379815130371	1.12560223752858
0.0272526851525626	1.13162298515491
0.0272674046753345	1.16118492613743
0.027282140107103	1.15554605139904
0.0272968914736739	1.22740648932584
0.0273116588009088	1.17716577443003
0.0273264421147255	1.17774704146588
0.0273412414410977	1.17471868330105
0.0273560568060555	1.17020926889693
0.0273708882356856	1.20345907619634
0.027385735756131	1.07516922877882
0.0274005993935917	1.12331785078006
0.0274154791743246	1.16127209725128
0.0274303751246435	1.22537590157705
0.0274452872709195	1.21760592086064
0.0274602156395812	1.16537544059004
0.0274751602571146	1.16918497060545
0.0274901211500634	1.17544776908331
0.0275050983450291	1.21329188868553
0.0275200918686713	1.22657332725914
0.0275351017477078	1.17203149572855
0.0275501280089146	1.17094876311166
0.0275651706791263	1.16155624976074
0.0275802297852359	1.11272671787818
0.0275953053541955	1.20309050173657
0.027610397413016	1.14916887634237
0.0276255059887675	1.12291251594135
0.0276406311085793	1.0815720933808
0.0276557727996402	1.08631142870007
0.0276709310891985	1.20195744375541
0.0276861060045625	1.13229181986058
0.0277012975731002	1.08703686141524
0.0277165058222399	1.09148543853349
0.02773173077947	1.17653593024072
0.0277469724723394	1.1764971718418
0.0277622309284577	1.17714668703445
0.027777506175495	1.15473360036129
0.0277927982411826	1.13417551389182
0.0278081071533128	1.18197299933882
0.0278234329397392	1.19323566511064
0.0278387756283766	1.18227940807483
0.0278541352472019	1.18807512288479
0.0278695118242533	1.15500916092713
0.0278849053876312	1.22610424350268
0.027900315965498	1.18053523067615
0.0279157435860786	1.17902450030631
0.0279311882776599	1.18414126125329
0.027946650068592	1.20863990791722
0.0279621289872875	1.18987627027773
0.027977625062222	1.16442728369155
0.0279931383219343	1.17997445025206
0.0280086687950265	1.1566730684342
0.0280242165101643	1.14361776151435
0.0280397814960769	1.21298410982164
0.0280553637815576	1.13451585952449
0.0280709633954635	1.1541221423563
0.0280865803667161	1.22703961885344
0.0281022147243013	1.14449849433249
0.0281178664972694	1.10434120908162
0.0281335357147356	1.17730336428724
0.02814922240588	1.21712848156671
0.0281649265999478	1.1919322809182
0.0281806483262496	1.18682529437437
0.0281963876141613	1.13275296518984
0.0282121444931246	1.23274857030091
0.0282279189926469	1.17341508378771
0.028243711142302	1.16937076271719
0.0282595209717294	1.2000215555702
0.0282753485106353	1.13540950100503
0.0282911937887926	1.15915245923822
0.0283070568360407	1.23682837903239
0.0283229376822862	1.1495638965229
0.0283388363575025	1.14402777666493
0.0283547528917309	1.18519793470019
0.0283706873150796	1.14918724473478
0.028386639657725	1.19655794748194
0.0284026099499112	1.13948136826029
0.0284185982219503	1.12334936725578
0.0284346045042231	1.14047766602448
0.0284506288271783	1.17286413206019
0.0284666712213338	1.18077910373639
0.028482731717276	1.19940413886171
0.0284988103456606	1.10801551487396
0.0285149071372125	1.17458555021343
0.028531022122726	1.24033736232655
0.0285471553330651	1.19113887799457
0.0285633067991636	1.15571099242391
0.0285794765520253	1.14783904876988
0.0285956646227245	1.12341339279874
0.0286118710424057	1.16137104834427
0.0286280958422841	1.17097282169853
0.0286443390536457	1.2099627956225
0.0286606007078477	1.10237645872694
0.0286768808363185	1.06422632718558
0.0286931794705577	1.09135373929767
0.028709496642137	1.17909911990087
0.0287258323826995	1.17092522492867
0.0287421867239606	1.08421134616814
0.0287585596977081	1.06739998836824
0.028774951335802	1.16981930748814
0.028791361670175	1.18619278861293
0.028807790732833	1.16964727152004
0.0288242385558546	1.1398223068646
0.0288407051713919	1.08857283646689
0.0288571906116705	1.18864756771454
0.0288736949089898	1.14314593573039
0.0288902180957229	1.14498300721966
0.0289067602043173	1.09285923882025
0.0289233212672946	1.17930505830717
0.0289399013172514	1.08313086732312
0.0289565003868585	1.14523785999276
0.0289731185088622	1.14001361169115
0.0289897557160837	1.15346045923374
0.0290064120414199	1.16199390071049
0.029023087517843	1.11097767791365
0.0290397821784015	1.12537957980634
0.0290564960562195	1.14397383635535
0.0290732291844979	1.20502789646583
0.0290899815965137	1.20011838021153
0.0291067533256208	1.14338012967643
0.0291235444052503	1.11325287144613
0.02914035486891	1.15588296874925
0.0291571847501855	1.19622915204198
0.02917403408274	1.17631287606049
0.0291909029003143	1.18650505418877
0.0292077912367276	1.22826885842029
0.0292246991258772	1.22725193112593
0.0292416266017389	1.2042510877925
0.0292585736983676	1.20326539855202
0.0292755404498967	1.22895491667022
0.0292925268905393	1.17173300944257
0.0293095330545875	1.12394094030664
0.0293265589764135	1.16527839716266
0.0293436046904692	1.1259198014343
0.0293606702312865	1.15713486928011
0.029377755633478	1.18238417953024
0.0293948609317367	1.1460869657305
0.0294119861608366	1.14786379773584
0.0294291313556325	1.18136022116064
0.0294462965510609	1.19447953521323
0.0294634817821395	1.17756522946319
0.0294806870839681	1.19039990955199
0.0294979124917284	1.20641040700974
0.0295151580406842	1.18461813218051
0.0295324237661822	1.16017301592467
0.0295497097036514	1.23641215788759
0.0295670158886043	1.24593189431632
0.0295843423566362	1.22383926385509
0.0296016891434261	1.16555387201179
0.0296190562847368	1.09012189981001
0.0296364438164148	1.12496052927244
0.0296538517743911	1.12789425961245
0.0296712801946811	1.13906124137944
0.0296887291133848	1.21532800470358
0.0297061985666873	1.08331065079502
0.0297236885908589	1.00557763318293
0.0297411992222553	1.08668377689347
0.0297587304973179	1.21358825958004
0.0297762824525742	1.16022706833116
0.0297938551246379	1.18077785455481
0.0298114485502092	1.17538176623249
0.0298290627660748	1.1460990117897
0.0298466978091086	1.19912643194894
0.0298643537162719	1.14015863850475
0.0298820305246132	1.21242768749211
0.029899728271269	1.19034277370156
0.0299174469934636	1.17079993836427
0.0299351867285099	1.16108031624817
0.029952947513809	1.15095758846063
0.0299707293868511	1.13475765571619
0.0299885323852154	1.16857347830649
0.0300063565465703	1.19438270217919
0.030024201908674	1.20795186597043
0.0300420685093745	1.24613300587283
0.03005995638661	1.20046302775739
0.0300778655784089	1.11825325559885
0.0300957961228905	1.17944265805011
0.030113748058265	1.19031333759822
0.0301317214228338	1.1628940595671
0.0301497162549899	1.18571295913434
0.0301677325932178	1.21904340231643
0.0301857704760943	1.21868598279174
0.0302038299422884	1.12153546555196
0.0302219110305618	1.16202596273789
0.0302400137797689	1.05177566052733
0.0302581382288575	1.09552277803757
0.0302762844168685	1.2089976992835
0.0302944523829368	1.11814525368827
0.0303126421662912	1.08468592679847
0.0303308538062547	1.14188264158083
0.0303490873422449	1.15831772971769
0.0303673428137743	1.15334970928832
0.0303856202604504	1.22260401531179
0.0304039197219763	1.20058620786935
0.0304222412381506	1.1612348100205
0.030440584848868	1.12322697120152
0.0304589505941195	1.21492152506834
0.0304773385139927	1.19362083964833
0.0304957486486718	1.19328027610845
0.0305141810384385	1.18244213562731
0.0305326357236717	1.24539351159929
0.0305511127448482	1.16862795385185
0.0305696121425428	1.17679625516665
0.0305881339574286	1.17628853415472
0.0306066782302772	1.14313263907189
0.0306252450019594	1.17240121375825
0.0306438343134451	1.19579862376204
0.0306624462058038	1.11730381911042
0.0306810807202046	1.03485969104521
0.0306997378979171	1.07701134015798
0.0307184177803111	1.13767148778583
0.0307371204088572	1.10639455626645
0.030755845825127	1.16274311063383
0.0307745940707937	1.17280555778617
0.030793365187632	1.19585699850466
0.0308121592175184	1.2102578134805
0.0308309762024321	1.12741879988467
0.0308498161844546	1.07703946024416
0.0308686792057705	1.19675799243679
0.0308875653086674	1.23931486467121
0.0309064745355369	1.23433618490839
0.0309254069288739	1.20103908375188
0.0309443625312779	1.19481840427834
0.0309633413854528	1.14325518125306
0.0309823435342073	1.15932685289615
0.0310013690204553	1.1840407010314
0.031020417887216	1.1781792121213
0.0310394901776147	1.16310035363692
0.0310585859348826	1.14680881559207
0.0310777052023574	1.1953181611032
0.0310968480234837	1.11465554932764
0.0311160144418129	1.10241350864001
0.0311352045010041	1.16217749053383
0.0311544182448242	1.19776187002633
0.031173655717148	1.13557958200825
0.0311929169619589	1.22322316153443
0.031212202023349	1.14194701357786
0.0312315109455195	1.16514050703497
0.0312508437727812	1.2076279710637
0.0312702005495543	1.0616004576092
0.0312895813203696	1.05002623825662
0.031308986129868	1.07883327716102
0.0313284150228014	1.14479930886375
0.0313478680440328	1.21318413904462
0.0313673452385367	1.19426699303843
0.0313868466513994	1.18186502009836
0.0314063723278195	1.26405387537675
0.0314259223131081	1.1750671416446
0.0314454966526891	1.18240234296046
0.0314650953920997	1.14583389156453
0.0314847185769908	1.15287526390043
0.0315043662531271	1.21367188479412
0.0315240384663876	1.18179513262226
0.0315437352627662	1.17560971890537
0.0315634566883715	1.20953185287371
0.0315832027894278	1.22350339338151
0.0316029736122748	1.20942771766353
0.0316227692033686	1.23137724493488
0.0316425896092817	1.20895350355298
0.0316624348767032	1.18871115103722
0.0316823050524399	1.2072824859586
0.0317022001834156	1.14796430757433
0.0317221203166723	1.06868732426076
0.0317420654993706	1.11863044234073
0.0317620357787892	1.15349248895505
0.0317820312023263	1.213604146024
0.0318020518174993	1.17481843952596
0.0318220976719456	1.07538787009683
0.0318421688134225	1.18059994818604
0.0318622652898083	1.12886375824793
0.0318823871491018	1.11736252873835
0.0319025344394233	1.13759490893174
0.0319227072090149	1.23162037541623
0.0319429055062407	1.19497032865031
0.0319631293795873	1.16139510110768
0.0319833788776642	1.22867887937163
0.032003654049204	1.18827164864327
0.0320239549430633	1.20606559105209
0.0320442816082223	1.18353373071555
0.0320646340937861	1.19553541029383
0.0320850124489841	1.18889026077097
0.0321054167231715	1.1905657871058
0.0321258469658287	1.17091950169907
0.0321463032265623	1.14829793373053
0.0321667855551054	1.12312308371467
0.0321872940013177	1.23271427863563
0.0322078286151864	1.21167092444811
0.0322283894468261	1.17866541219872
0.0322489765464796	1.21941285125569
0.0322695899645183	1.1386347350289
0.032290229751442	1.23530203342949
0.0323108959578804	1.08159145456175
0.0323315886345924	1.04741414194165
0.0323523078324672	1.09593632658011
0.0323730536025245	1.18716251732023
0.0323938259959151	1.16330382021603
0.032414625063921	1.16098191389816
0.0324354508579559	1.12815358243853
0.032456303429566	1.21460866580733
0.03247718283043	1.18483425997631
0.0324980891123595	1.22556500175656
0.0325190223272999	1.20992603734385
0.0325399825273303	1.19349102154987
0.0325609697646643	1.11639909213312
0.0325819840916501	1.17930377299557
0.0326030255607714	1.1950022568101
0.0326240942246473	1.2082493349726
0.0326451901360331	1.18341098922725
0.0326663133478208	1.2068484398255
0.0326874639130392	1.15178924345712
0.0327086418848544	1.19113542881244
0.0327298473165708	1.18468046988491
0.0327510802616307	1.24592715980762
0.0327723407736153	1.1107138741227
0.0327936289062452	1.17529972527863
0.0328149447133805	1.19751889326974
0.0328362882490213	1.06331439460307
0.0328576595673086	1.19142431249365
0.0328790587225243	1.20071458429057
0.0329004857690916	1.210948503253
0.032921940761576	1.09184265587289
0.0329434237546852	1.06156616296478
0.0329649348032699	1.21189308509058
0.032986473962324	1.13688847956027
0.0330080412869855	1.11399498488197
0.0330296368325364	1.22455714219668
0.0330512606544037	1.18683567385999
0.0330729128081595	1.18738357608253
0.0330945933495217	1.15094028536512
0.0331163023343542	1.21157518846288
0.033138039818668	1.17965437141511
0.0331598058586208	1.20612349719774
0.0331816005105182	1.1817419594672
0.0332034238308138	1.15252404344922
0.03322527587611	1.21989691772281
0.0332471567031581	1.13815236692949
0.0332690663688591	1.21674845375657
0.033291004930264	1.21860813146406
0.0333129724445745	1.16024254268776
0.0333349689691434	1.192340747111
0.0333569945614749	1.05179292943537
0.0333790492792255	1.14576814981389
0.0334011331802041	1.18919996094418
0.0334232463223727	1.13306801237816
0.0334453887638471	1.08021226476525
0.0334675605628969	1.11601051003576
0.0334897617779467	1.18764349399759
0.0335119924675758	1.14528321759268
0.0335342526905195	1.15416710381814
0.033556542505669	1.17784389025025
0.0335788619720725	1.15998925444173
0.033601211148935	1.20784586235479
0.0336235900956194	1.20976225437374
0.0336459988716471	1.24346489190119
0.0336684375366979	1.24763045205039
0.0336909061506112	1.19122917032653
0.0337134047733859	1.25556471787755
0.0337359334651817	1.16379872330991
0.0337584922863189	1.19316991677845
0.0337810812972793	1.15764033959529
0.0338037005587069	1.11002796759345
0.0338263501314079	1.14559973251243
0.0338490300763519	1.13809684522449
0.0338717404546719	1.10123548980525
0.0338944813276652	0.992138588941175
0.0339172527567936	1.14083397016249
0.0339400548036846	1.14184969935649
0.0339628875301312	1.1946550007392
0.0339857509980929	1.09858710597027
0.0340086452696961	1.18294292875282
0.0340315704072347	1.19078133420893
0.0340545264731709	1.1592488992995
0.0340775135301353	1.23140191551739
0.0341005316409278	1.20888181751836
0.0341235808685182	1.21822541237951
0.0341466612760464	1.18721275119776
0.0341697729268235	1.18964931968161
0.0341929158843321	1.15526245606769
0.0342160902122267	1.20021349310868
0.0342392959743347	1.1836341364032
0.0342625332346566	1.19703392796581
0.0342858020573669	1.23959065566995
0.0343091025068145	1.16587546245969
0.0343324346475233	1.18024209724878
0.034355798544193	1.17230071514522
0.0343791942616993	1.26847478974587
0.0344026218650948	1.15088551500561
0.0344260814196098	1.19496326419849
0.0344495729906522	1.19480845424866
0.034473096643809	1.19130019827306
0.0344966524448461	1.17638561263176
0.0345202404597095	1.1941674173011
0.0345438607545257	1.22343660402401
0.0345675133956021	1.16258165777192
0.0345911984494281	1.21264163851341
0.0346149159826753	1.1865559947128
0.0346386660621982	1.20730226975394
0.0346624487550351	1.20656581903475
0.0346862641284085	1.2185021548606
0.0347101122497256	1.16676135830619
0.0347339931865793	1.20560261440988
0.0347579070067485	1.15987780839131
0.0347818537781991	1.14968164227499
0.0348058335690842	1.17043528080203
0.0348298464477451	1.22969162924606
0.0348538924827118	1.15039475543345
0.0348779717427037	1.16078393722575
0.0349020842966302	1.12112885614508
0.0349262302135914	1.20893713018173
0.0349504095628788	1.15556596086803
0.0349746224139758	1.17472240097263
0.0349988688365586	1.16466199711273
0.0350231489004966	1.20765745380604
0.0350474626758535	1.23740030228863
0.0350718102328874	1.2295691723548
0.0350961916420519	1.20804547420091
0.0351206069739966	1.26191893935739
0.035145056299568	1.22672385582592
0.0351695396898097	1.2628407441775
0.0351940572159636	1.23789319407136
0.0352186089494705	1.21126479935469
0.0352431949619706	1.13232833209572
0.0352678153253041	1.19906337606004
0.0352924701115123	1.21895615935826
0.0353171593928381	1.22456994393671
0.0353418832417265	1.11721580209544
0.0353666417308258	1.13066391767416
0.0353914349329878	1.1935329213404
0.0354162629212687	1.18754450170147
0.03544112576893	1.12380587035529
0.035466023549439	1.09742368099622
0.0354909563364695	1.18480299646506
0.0355159242039028	1.14778157213857
0.0355409272258281	1.12463576498008
0.0355659654765435	1.20730235441844
0.0355910390305564	1.16391775834062
0.0356161479625848	1.1848175310963
0.0356412923475573	1.19720922725067
0.0356664722606146	1.20663449970274
0.0356916877771096	1.18897661430609
0.0357169389726088	1.27312800951311
0.0357422259228922	1.20657200802348
0.0357675487039551	1.15623434993955
0.0357929073920079	1.18628924406899
0.0358183020634774	1.19932040123612
0.0358437327950076	1.21125159689251
0.0358691996634602	1.238839873254
0.0358947027459154	1.19334559990785
0.035920242119673	1.17587460052986
0.0359458178622527	1.17537921275929
0.0359714300513954	1.17056174386156
0.0359970787650634	1.12091437880811
0.036022764081442	1.22598434774968
0.0360484860789392	1.16925534540362
0.0360742448361877	1.17526440097303
0.0361000404320447	1.15194686418297
0.0361258729455932	1.21135017457425
0.036151742456143	1.20646190662056
0.0361776490432308	1.17127313155653
0.0362035927866218	1.19476019479141
0.0362295737663099	1.16669832222846
0.0362555920625191	1.17470884704949
0.0362816477557037	1.15678061268779
0.0363077409265497	1.23159635161604
0.0363338716559752	1.20557741646172
0.0363600400251315	1.18837546845631
0.0363862461154038	1.12809901328364
0.0364124900084121	1.20065808404234
0.0364387717860123	1.17757133637077
0.0364650915302963	1.1768431857454
0.0364914493235939	1.25626341881598
0.0365178452484727	1.12145756146391
0.0365442793877395	1.18874483148951
0.0365707518244411	1.15557381055833
0.036597262641865	1.21606461586965
0.0366238119235406	1.18051694993295
0.0366503997532396	1.1905318882215
0.0366770262149772	1.17434623788693
0.0367036913930131	1.21880735866676
0.036730395371852	1.17722075058815
0.0367571382362449	1.19633105940347
0.0367839200711895	1.21278215619515
0.0368107409619318	1.22528603684675
0.0368376009939663	1.1347175315221
0.0368645002530373	1.21509272100659
0.0368914388251399	1.18473048241514
0.0369184167965205	1.05639923064282
0.036945434253678	1.09356681276802
0.0369724912833649	1.17401612462233
0.0369995879725877	1.05436541723626
0.0370267244086086	1.0469928176495
0.0370539006789454	1.19264169604542
0.0370811168713736	1.15249114557619
0.0371083730739264	1.10038087790327
0.0371356693748962	1.20356006505999
0.0371630058628352	1.23012419178986
0.0371903826265568	1.19883842399541
0.0372177997551361	1.25194722982395
0.037245257337911	1.19206482349474
0.0372727554644836	1.24056159081859
0.0373002942247203	1.18107594324795
0.0373278737087536	1.2283320256901
0.0373554940069828	1.14746129004267
0.0373831552100748	1.25177646272614
0.0374108574089653	1.20648552025504
0.0374386006948599	1.1146470846908
0.0374663851592346	1.174318687626
0.0374942108938374	1.1661347753754
0.0375220779906892	1.07022367898469
0.0375499865420842	1.07208755594376
0.037577936640592	1.24285635530054
0.0376059283790576	1.2094823952474
0.0376339618506028	1.17539572399809
0.0376620371486277	1.20268864990411
0.0376901543668109	1.23357704500297
0.0377183135991111	1.16328985348525
0.0377465149397681	1.19944112108641
0.0377747584833036	1.16785290985905
0.0378030443245225	1.14882060739118
0.037831372558514	1.11481958621657
0.0378597432806522	1.14832304160904
0.0378881565865978	1.1658476862407
0.0379166125722988	1.21715642387291
0.0379451113339917	1.09978653456811
0.0379736529682024	1.2217212131225
0.0380022375717477	1.18303616927925
0.0380308652417358	1.10272444750812
0.038059536075568	1.14473909746128
0.0380882501709395	1.07721990362199
0.0381170076258405	1.19975041529959
0.0381458085385572	1.12990082824524
0.0381746530076735	1.12718356165787
0.0382035411320712	1.21906141291709
0.0382324730109321	1.19142389585391
0.0382614487437383	1.22364528944446
0.038290468430274	1.19526686001096
0.0383195321706262	1.17747342940507
0.038348640065186	1.13305793580869
0.0383777922146498	1.11938624268729
0.0384069887200205	1.21372459606798
0.0384362296826084	1.24957639539511
0.0384655152040329	1.16414327390382
0.0384948453862229	1.21029873627022
0.0385242203314187	1.2066213517677
0.0385536401421729	1.1714447863789
0.0385831049213517	1.13604703465173
0.0386126147721356	1.13202712879096
0.0386421697980215	1.19299239676098
0.0386717701028231	1.05289552230977
0.0387014157906725	1.18402675532485
0.0387311069660214	1.20389254753971
0.0387608437336424	1.12906071876693
0.0387906261986298	1.24549513012257
0.0388204544664014	1.18360095392576
0.0388503286426995	1.2206758348021
0.038880248833592	1.25463778149347
0.0389102151454739	1.1493357157321
0.0389402276850684	1.18972284835725
0.0389702865594282	1.19365536328652
0.039000391875937	1.07883591163607
0.0390305437423105	1.18022877291622
0.0390607422665975	1.18254569288074
0.0390909875571818	1.09481723677364
0.039121279722783	1.2075876871779
0.0391516188724579	1.20681528429245
0.0391820051156021	1.15349298829477
0.0392124385619507	1.12931168727423
0.0392429193215804	1.20812806519178
0.0392734475049102	1.10211251445138
0.039304023222703	1.15485331588955
0.0393346465860668	1.19540536101991
0.0393653177064564	1.21184146679121
0.0393960366956742	1.23009805920125
0.0394268036658721	1.18352460586706
0.0394576187295525	1.21717019167209
0.0394884819995698	1.20486497905204
0.0395193935891318	1.06738262572034
0.0395503536118011	1.17427007239763
0.0395813621814962	1.23212799926167
0.0396124194124934	1.0965853655336
0.039643525419428	1.18228206234861
0.0396746803172954	1.24761445581032
0.0397058842214529	1.16714583186766
0.039737137247621	1.16741572810083
0.0397684395118849	1.22267285415757
0.0397997911306956	1.14969690023861
0.0398311922208721	1.20051881824376
0.0398626428996018	1.18622244624235
0.0398941432844428	1.25852484055737
0.0399256934933252	1.13712131679821
0.0399572936445522	1.15928722615419
0.039988943856802	1.13289866185989
0.040020644249129	1.12340326881516
0.0400523949409655	1.20691726904843
0.0400841960521231	1.2116957495285
0.0401160477027942	1.19818183546009
0.0401479500135535	1.05275097384831
0.0401799031053596	1.15870757948577
0.0402119070995565	1.18251828134074
0.040243962117875	1.12234521670674
0.0402760682824346	1.16860186866869
0.0403082257157446	1.19823557722459
0.0403404345407059	1.19320189525399
0.0403726948806126	1.23142656736673
0.0404050068591535	1.20941788416261
0.0404373706004136	1.18345433527648
0.0404697862288759	1.16921495491257
0.0405022538694228	1.23380579948887
0.0405347736473379	1.21445542027821
0.0405673456883073	1.17999665358178
0.0405999701184215	1.16837522300499
0.040632647064177	1.15007301602005
0.0406653766524778	1.13762552693937
0.040698159010637	1.05762149371036
0.0407309942663789	1.16081431439813
0.04076388254784	1.08861369390674
0.0407968239835711	1.24383508823751
0.0408298187025389	1.1884250000991
0.0408628668341277	1.22029130483599
0.0408959685081408	1.20070044787299
0.0409291238548027	1.17867474764595
0.0409623330047603	1.0919826783327
0.0409955960890853	1.17674815052073
0.0410289132392749	1.20821002766224
0.0410622845872546	1.17431212749736
0.0410957102653792	1.14686472036896
0.0411291904064349	1.17498491161413
0.041162725143641	1.2208062047824
0.0411963146106515	1.0616493083579
0.0412299589415572	1.18847168188199
0.0412636582708872	1.21725804879707
0.0412974127336107	1.2155249941259
0.0413312224651391	1.20034019331504
0.0413650876013275	1.08110547337996
0.0413990082784764	1.1842333417324
0.0414329846333342	1.18298479120597
0.0414670168030982	1.14511508371619
0.0415011049254171	1.20774787962908
0.0415352491383923	1.18622919778994
0.0415694495805804	1.15577055696323
0.0416037063909945	1.09841013364798
0.0416380197091064	1.22188765981545
0.0416723896748482	1.21524260338964
0.0417068164286148	1.19715215012476
0.0417413001112652	1.07975188947359
0.0417758408641245	1.13223048752772
0.0418104388289862	1.15117311034495
0.0418450941481138	1.21386522596692
0.0418798069642429	1.19988789653178
0.0419145774205832	1.166586263189
0.0419494056608202	1.10360222888106
0.0419842918291175	1.14353328003681
0.0420192360701186	1.22749411002786
0.042054238528949	1.2313848839531
0.0420892993512183	1.22582817418896
0.0421244186830218	1.09311964650654
0.0421595966709429	1.19301655423628
0.0421948334620553	1.16950823391859
0.0422301292039245	1.15197021208188
0.0422654840446103	1.13520958264196
0.0423008981326687	1.18689901763313
0.0423363716171541	1.14273484978004
0.0423719046476213	1.11944110261996
0.0424074973741273	1.19413955857937
0.0424431499472343	1.20200795925542
0.0424788625180106	1.15412509722375
0.0425146352380339	1.14435047923203
0.0425504682593927	1.17648019567076
0.0425863617346886	1.26872150945737
0.0426223158170387	1.20080403026962
0.0426583306600775	1.1360777030462
0.0426944064179594	1.24110760225197
0.0427305432453604	1.20109090453759
0.0427667412974809	1.15919954268137
0.0428030007300476	1.19572336087416
0.0428393216993156	1.23029560793812
0.0428757043620709	1.11441469515242
0.0429121488756326	1.22349173038781
0.0429486553978553	1.16087975865703
0.042985224087131	1.20153797569768
0.0430218551023916	1.20834580090069
0.0430585486031114	1.14678222663715
0.0430953047493091	1.21636469058302
0.0431321237015502	1.16309272891018
0.0431690056209495	1.17654884260307
0.0432059506691734	1.18000966533588
0.043242959008442	1.19481351803455
0.0432800308015319	1.04034093856831
0.0433171662117783	1.19725607591236
0.0433543654030773	1.15486984623703
0.0433916285398887	1.21943518986281
0.0434289557872381	1.21701999760797
0.0434663473107193	1.17463777906748
0.0435038032764973	1.22030120078393
0.0435413238513098	1.17565276597931
0.0435789092024707	1.17004424568231
0.0436165594978718	1.15836477883986
0.0436542749059858	1.11237411736355
0.0436920555958684	1.2512010552063
0.0437299017371612	1.17796095264567
0.0437678135000942	1.18896123486249
0.0438057910554879	1.06114524307587
0.0438438345747565	1.2373858855902
0.0438819442299101	1.1827523938627
0.0439201201935574	1.11648221219536
0.0439583626389081	1.1918817783638
0.0439966717397759	1.24149750850806
0.0440350476705809	1.2518942250056
0.0440734906063522	1.0748581170256
0.0441120007227307	1.18190175699375
0.0441505781959717	1.23216472851563
0.0441892232029477	1.27920317752473
0.0442279359211508	1.08327495836984
0.0442667165286958	1.21814890785855
0.0443055652043228	1.15904378327225
0.0443444821273996	1.11792608986777
0.0443834674779251	1.16494635306371
0.0444225214365316	1.12154256499202
0.0444616441844878	1.18640888241851
0.0445008359037013	1.21557281713234
0.044540096776722	1.18017078686811
0.0445794269867443	1.24497269041791
0.0446188267176103	1.16475939756921
0.0446582961538129	1.22380221010567
0.0446978354804978	1.11358478046861
0.0447374448834676	1.1789656186405
0.0447771245491836	1.17804145890554
0.0448168746647695	1.1259342813243
0.0448566954180139	1.16365315843213
0.0448965869973734	1.22723052577307
0.0449365495919758	1.16768810598475
0.0449765833916227	1.2164861973087
0.0450166885867926	1.21600534203409
0.0450568653686442	1.27567874488435
0.045097113929019	1.22103867944482
0.0451374344604449	1.11904571432765
0.0451778271561386	1.20942652519351
0.0452182922100094	1.19170596941668
0.0452588298166616	1.18203693212401
0.0452994401713983	1.23761149925958
0.0453401234702239	1.10937064419003
0.0453808799098479	1.15487043407248
0.0454217096876873	1.20151870260259
0.0454626130018706	1.14057573833086
0.0455035900512404	1.18303151159732
0.0455446410353569	1.26137559694281
0.0455857661545012	1.18578319786861
0.0456269656096782	1.15499139021252
0.0456682396026203	1.25642244513155
0.0457095883357904	1.219724636971
0.0457510120123854	1.17511697757553
0.0457925108363395	1.19083769591119
0.0458340850123273	1.22576178632141
0.0458757347457674	1.2024284955623
0.045917460242826	1.11355819832084
0.0459592617104196	1.20598978150302
0.0460011393562193	1.13781686814995
0.0460430933886535	1.19690231341779
0.0460851240169119	1.16014727747222
0.0461272314509484	1.14684445630787
0.0461694159014853	1.18062708419037
0.0462116775800162	1.17251239751528
0.0462540166988099	1.09361556509451
0.0462964334709137	1.20014115955376
0.0463389281101574	1.21228175428398
0.0463815008311563	1.08640653047393
0.0464241518493151	1.17980573700834
0.0464668813808319	1.23550815084025
0.0465096896427012	1.08128096401809
0.0465525768527178	1.24876050984943
0.046595543229481	1.23264456427732
0.0466385889923973	1.13238122039016
0.0466817143616852	1.20908453324074
0.0467249195583783	1.18216016458679
0.0467682048043291	1.20571339893354
0.0468115703222132	1.2427154988386
0.0468550163355327	1.22441808516226
0.0468985430686202	1.1219398711131
0.0469421507466429	1.19174591535297
0.0469858395956058	1.17925947648905
0.0470296098423565	1.06407484472579
0.0470734617145885	1.22883166676714
0.0471173954408452	1.1878709526667
0.0471614112505242	1.1549682266497
0.047205509373881	1.23732826324438
0.0472496900420331	1.19544734830654
0.0472939534869641	1.14032822693849
0.0473382999415275	1.20145437546274
0.0473827296394514	1.22240928396649
0.0474272428153417	1.12606639509765
0.047471839704687	1.14211695344147
0.0475165205438625	1.20973888025715
0.0475612855701341	1.12765799075667
0.0476061350216625	1.20124154871691
0.0476510691375079	1.18247858762638
0.0476960881576335	1.19290719416427
0.0477411923229106	1.21814686824387
0.0477863818751222	1.2266433231563
0.0478316570569677	1.2004211347524
0.0478770181120673	1.20591633537581
0.047922465284966	1.20198220524821
0.0479679988211383	1.1327004710783
0.0480136189669926	1.2005320895398
0.0480593259698755	1.14729339708523
0.0481051200780764	1.11908135797418
0.0481510015408319	1.24927103533886
0.0481969706083304	1.18973785891483
0.0482430275317167	1.24732220620046
0.0482891725630964	1.27462894405005
0.0483354059555406	1.16196354742572
0.0483817279630904	1.11549404491477
0.0484281388407619	1.15841732012079
0.0484746388445506	1.08531309129843
0.048521228231436	1.15083901517803
0.0485679072593867	1.22688484294602
0.0486146761873647	1.23441268307718
0.0486615352753307	1.25278912456359
0.0487084847842486	1.17961112794219
0.0487555249760902	1.20715495788224
0.0488026561138405	1.19238209596242
0.0488498784615023	1.15094106145547
0.0488971922841012	1.18626527906772
0.0489445978476906	1.24529953156481
0.0489920954193566	1.09206125236342
0.049039685267223	1.12913797207387
0.0490873676604567	1.15261415123315
0.0491351428692721	1.19673268487082
0.0491830111649369	1.23238802372057
0.0492309728197767	1.11942067137426
0.0492790281071806	1.20060466698192
0.049327177301606	1.16774234257157
0.0493754206785841	1.182303002435
0.049423758514725	1.15670432761385
0.0494721910877232	1.18127669519528
0.0495207186763626	1.15618188673934
0.0495693415605221	1.13795551030909
0.0496180600211809	1.10637369793232
0.0496668743404238	1.13907656767162
0.049715784801447	1.20243371398477
0.0497647916885631	1.18548747255192
0.0498138952872069	1.17145517537361
0.049863095883941	1.20152145548405
0.0499123937664611	1.21891588955362
0.0499617892236017	1.18206121346486
0.0500112825453422	1.1605588083352
0.0500608740228117	1.03850197964836
0.0501105639482955	1.19969143670782
0.0501603526152404	1.11835530261587
0.0502102403182606	1.21686876271559
0.0502602273531436	1.21606962599358
0.0503103140168559	1.21701905537214
0.050360500607549	1.22565317798502
0.0504107874245653	1.1391601725854
0.0504611747684437	1.20565468982915
0.0505116629409264	1.18418585245512
0.050562252244964	1.17792484193472
0.0506129429847222	1.16852909841597
0.0506637354655876	1.15269445176882
0.0507146299941739	1.18284243886208
0.0507656268783282	1.19364459515186
0.0508167264271369	1.18966193774291
0.0508679289509324	1.2296227999508
0.0509192347612988	1.23666788660034
0.0509706441710787	1.24090737264047
0.0510221574943794	1.16804620078809
0.0510737750465793	1.15954973837966
0.0511254971443342	1.15634256868614
0.0511773241055842	1.26156121491005
0.0512292562495595	1.21519670693033
0.0512812938967876	1.23404205839125
0.0513334373690998	1.16824671301323
0.0513856869896374	1.21349744431841
0.0514380430828589	1.20304420044924
0.0514905059745464	1.26055176134132
0.0515430759918125	1.22545870703674
0.051595753463107	1.16282022479899
0.0516485387182238	1.16906815359869
0.0517014320883077	1.19417389801514
0.0517544339058616	1.21781874401697
0.0518075445047531	1.2324976653298
0.0518607642202216	1.2139183044803
0.0519140933888856	1.16814388671318
0.0519675323487496	1.18846627574845
0.0520210814392112	1.20280755953183
0.0520747410010682	1.20762454545424
0.0521285113765264	1.1831514978763
0.0521823929092061	1.20479273508528
0.0522363859441498	1.18944657598615
0.0522904908278297	1.09475832242393
0.0523447079081548	1.2017435982741
0.0523990375344787	1.11201775480632
0.0524534800576066	1.15093872746215
0.0525080358298035	1.16474256965883
0.0525627052048012	1.13952834744333
0.0526174885378064	1.15967676824245
0.052672386185508	1.07904216567957
0.0527273985060853	1.22780204591062
0.0527825258592152	1.09277295671071
0.0528377686060806	1.17883326427326
0.052893127109378	1.06589340086369
0.0529486017333256	1.23524603630903
0.0530041928436708	1.10570689402242
0.0530599008076992	1.16604392799781
0.0531157259942415	1.16202004262955
0.0531716687736828	1.16516249090812
0.0532277295179698	1.1475111739452
0.0532839086006198	1.15456968751226
0.0533402063967284	1.0806540718919
0.0533966232829783	1.21339566895394
0.0534531596376476	1.20587907916588
0.053509815840618	1.26401497052414
0.0535665922733835	1.14460304902898
0.0536234893190591	1.20480890233243
0.0536805073623891	1.09574594237371
0.0537376467897561	1.13393017504281
0.0537949079891896	1.21920197797266
0.0538522913503744	1.20734245034991
0.0539097972646602	1.15587648188604
0.0539674261250699	1.15404475038604
0.0540251783263088	1.19258839652774
0.0540830542647735	1.09804125700574
0.0541410543385611	1.21460528413906
0.0541991789474782	1.15475430073236
0.0542574284930501	1.13901352669132
0.0543158033785301	1.19191618572937
0.0543743040089089	1.18024792599395
0.0544329307909238	1.23074238540751
0.054491684133068	1.19747963419027
0.0545505644456007	1.24341052398912
0.0546095721405557	1.2081791807587
0.0546687076317518	1.21938294637031
0.0547279713348023	1.10356239002093
0.0547873636671245	1.17339236551641
0.0548468850479496	1.18087337871247
0.0549065358983327	1.16457156440648
0.0549663166411626	1.21296103208947
0.0550262277011718	1.16671304700218
0.0550862695049466	1.21300198394214
0.0551464424809373	1.13487303150157
0.0552067470594681	1.20234239613444
0.0552671836727478	1.14560566453993
0.0553277527548798	1.17662209055696
0.0553884547418724	1.19162459098545
0.0554492900716497	1.22191525463359
0.0555102591840617	1.11903177394981
0.0555713625208951	1.22938892705151
0.0556326005258842	1.11806660320641
0.0556939736447209	1.17518709797121
0.0557554823250664	1.16061219335058
0.0558171270165615	1.11099687622302
0.0558789081708378	1.18180369411643
0.0559408262415287	1.16631191504664
0.0560028816842803	1.18692335209123
0.056065074956763	1.21681243657951
0.0561274065186822	1.17235959936514
0.0561898768317903	1.14494264326473
0.0562524863598975	1.22488133373593
0.0563152355688833	1.01156809681261
0.0563781249267088	1.19908008573577
0.0564411549034273	1.12079805341226
0.0565043259711967	1.16945951130311
0.0565676386042912	1.24685656796937
0.0566310932791128	1.15156097090937
0.0566946904742038	1.20620700713657
0.0567584306702584	1.13881806451638
0.0568223143501349	1.19918205016067
0.0568863419988681	1.20532299914673
0.0569505141036813	1.21281166177398
0.0570148311539988	1.19707136540394
0.0570792936414584	1.13874671649055
0.0571439020599238	1.24723627233358
0.0572086569054972	1.14721522699432
0.0572735586765322	1.17746495921211
0.0573386078736463	1.15790708916854
0.0574038049997341	1.12943519604961
0.0574691505599798	1.20896833142939
0.0575346450618709	1.27873867165635
0.0576002890152106	1.17558303080614
0.0576660829321316	1.23639281068643
0.0577320273271092	1.15775691539051
0.0577981227169746	1.16880898630913
0.0578643696209287	1.23358039101229
0.0579307685605553	1.21850656038461
0.0579973200598351	1.20945844031589
0.0580640246451596	1.29361878624058
0.0581308828453444	1.22563805261414
0.0581978951916438	1.20141361031002
0.0582650622177645	1.18227939472183
0.05833238445988	1.24316980355366
0.0583998624566444	1.09757120708721
0.0584674967492077	1.21744325466568
0.0585352878812291	1.1804298588618
0.0586032363988926	1.2049641754432
0.0586713428509209	1.21304785299524
0.0587396077885906	1.21181763119737
0.058808031765747	1.21639435535988
0.058876615338819	1.26391985017756
0.0589453590668342	1.16106206218862
0.0590142635114342	1.19082641820998
0.0590833292368897	1.16205572205726
0.0591525568101161	1.17999896616972
0.0592219468006889	1.1731299952731
0.0592914997808592	1.17811718778367
0.0593612163255698	1.19887833961764
0.0594310970124707	1.28397723845877
0.0595011424219351	1.21408530659191
0.0595713531370757	1.20213089252544
0.0596417297437606	1.23015406559841
0.0597122728306299	1.22859830869134
0.0597829829891115	1.20616209918311
0.0598538608134385	1.18523207602396
0.0599249069006653	1.18140863412312
0.0599961218506842	1.13710746791724
0.0600675062662429	1.20819516714672
0.0601390607529609	1.20172504253283
0.0602107859193471	1.21143066596962
0.0602826823768166	1.20658596020666
0.0603547507397085	1.09380726393436
0.060426991625303	1.14545937774838
0.0604994056538395	1.20013745913294
0.0605719934485339	1.24048473163158
0.0606447556355965	1.23896645429522
0.0607176928442506	1.20864741918659
0.0607908057067497	1.17329900895334
0.0608640948583967	1.14708659192914
0.0609375609375616	1.2637136314994
0.0610112045857005	1.07861686135096
0.0610850264473738	1.19246339461653
0.0611590271702655	1.22280153728266
0.0612332074052019	1.21003461136364
0.0613075678061707	1.15762746051923
0.0613821090303402	1.18778719755448
0.0614568317380786	1.16918585363742
0.0615317365929737	1.0053338044978
0.0616068242618524	1.28196553051441
0.0616820954148005	1.20106036537689
0.0617575507251826	1.20055411031397
0.0618331908696624	1.12464011929341
0.0619090165282224	1.11505120557142
0.061985028384185	1.20272933294098
0.0620612271242325	1.09877809907109
0.0621376134384279	1.2203519408293
0.0622141880202359	1.14972891310159
0.0622909515665435	1.2298363386049
0.0623679047776817	1.1798678933395
0.0624450483574463	1.11276354043919
0.0625223830131195	1.22230529249641
0.0625999094554918	1.17354319996762
0.0626776283988833	1.17468949804812
0.0627555405611659	1.19714085109334
0.0628336466637855	1.22462608827603
0.0629119474317841	1.20471885130678
0.0629904435938223	1.25468776606838
0.0630691358822018	1.18111019513289
0.0631480250328883	1.208076338265
0.0632271117855345	1.13065570900441
0.0633063968835029	1.19599157204901
0.0633858810738895	1.19635368261483
0.063465565107547	1.21986533127382
0.0635454497391086	1.19127504203476
0.0636255357270116	1.15043215860855
0.0637058238335217	1.19800421193665
0.0637863148247569	1.16663653185697
0.0638670094707119	1.26160630257896
0.0639479085452831	1.21463959118218
0.0640290128262927	1.21096486259728
0.0641103230955139	1.23108088208588
0.0641918401386963	1.24030763972597
0.0642735647455906	1.22329971520137
0.0643554977099748	1.26842772786502
0.0644376398296792	1.17456389409867
0.064519991906613	1.19757592351224
0.0646025547467898	1.20774775257822
0.0646853291603542	1.15711940692798
0.0647683159616082	1.22117912540698
0.0648515159690381	1.17590059039438
0.0649349300053411	1.2332564196665
0.0650185588974525	1.28510523063195
0.0651024034765733	1.24690409876355
0.0651864645781975	1.18171719244248
0.0652707430421396	1.23119382302734
0.0653552397125632	1.24154592659622
0.0654399554380088	1.26397889847657
0.0655248910714219	1.12682082546262
0.0656100474701824	1.2060819485965
0.0656954254961327	1.15962923521354
0.0657810260156072	1.25125444473284
0.0658668498994616	1.18254482519959
0.0659528980231023	1.21920368721652
0.0660391712665159	1.17945501419752
0.0661256705142998	1.1635657490034
0.0662123966556921	1.18638665704638
0.066299350584602	1.23917363398629
0.0663865331996405	1.20204336598181
0.0664739454041518	1.1896752891491
0.0665615881062438	1.16533053513007
0.0666494622188201	1.18412769775121
0.0667375686596114	1.11831770538203
0.0668259083512078	1.19130516998486
0.0669144822210905	1.1088938321148
0.0670032912016646	1.22413947890423
0.0670923362302918	1.1968652788944
0.0671816182493231	1.14352442930801
0.0672711382061325	1.10113418114514
0.0673608970531502	1.14429652115657
0.0674508957478963	1.09129840476597
0.0675411352530153	1.13720639218091
0.0676316165363098	1.14631894068042
0.0677223405707755	1.20447116876534
0.0678133083346361	1.14534284100169
0.0679045208113783	1.09220222663162
0.0679959789897873	1.17407556201438
0.0680876838639823	1.11251115984708
0.0681796364334531	1.15013141638011
0.0682718377030959	1.12402926777662
0.0683642886832499	1.14572788638497
0.0684569903897347	1.11125309160898
0.0685499438438868	1.17664966867964
0.0686431500725978	1.06143245815978
0.0687366101083517	1.11087247715644
0.0688303249892633	1.10366629008775
0.0689242957591164	1.18415581051664
0.0690185234674031	1.18950452853284
0.0691130091693619	1.1853731232034
0.0692077539260183	1.17864115545311
0.0693027588042233	1.20973851005823
0.0693980248766944	1.20205573739883
0.0694935532220555	1.22075411048595
0.0695893449248777	1.19822769438422
0.0696854010757204	1.20190813926055
0.0697817227711726	1.23896333289285
0.0698783111138946	1.1699888982847
0.0699751672126604	1.25417578590483
0.0700722921823995	1.16239236487267
0.0701696871442405	1.17421538693275
0.0702673532255534	1.21321859431901
0.0703652915599937	1.16924594186102
0.070463503287546	1.20905380660862
0.0705619895545683	1.19512919707365
0.0706607515138367	1.23806858746893
0.0707597903245901	1.19705040456911
0.0708591071525757	1.21099761718311
0.070958703170095	1.18589763601055
0.0710585795560495	1.270422810178
0.0711587374959874	1.25151120465268
0.0712591781821506	1.26972342183753
0.0713599028135219	1.22610567227072
0.0714609125958727	1.24687318078415
0.0715622087418112	1.17391786458055
0.0716637924708307	1.2137226242083
0.071765665009359	1.19620043748893
0.0718678275908072	1.24542434012931
0.0719702814556199	1.15999924821284
0.0720730278513251	1.16495095714207
0.0721760680325851	1.21185988259454
0.0722794032612474	1.10168823204701
0.0723830348063964	1.21571922405513
0.072486963944405	1.12482810937741
0.0725911919589873	1.11796054584631
0.0726957201412514	1.17252603890799
0.0728005497897528	1.11185051379145
0.0729056822105477	1.16885515366603
0.073011118717248	1.1355340978147
0.0731168606310753	1.10014980988759
0.0732229092809166	1.18533423707513
0.0733292660033798	1.10670848283189
0.0734359321428495	1.22566479097914
0.0735429090515443	1.21318124340148
0.0736501980895735	1.1378980290882
0.0737578006249948	1.11958858448485
0.0738657180338726	1.15402834000448
0.0739739517003364	1.11466449496149
0.0740825030166403	1.15644274526991
0.0741913733832223	1.14372717327823
0.0743005642087651	1.16363685358339
0.0744100769102562	1.15747800179144
0.0745199129130497	1.02454427327082
0.0746300736509278	1.12858114107213
0.0747405605661635	1.1155677601392
0.0748513751095831	1.20514792997972
0.0749625187406304	1.20909876842964
0.07507399292743	1.14053222167265
0.0751857991468524	1.18198016061627
0.0752979388845792	1.08960389263727
0.0754104136351688	1.15834783085386
0.0755232249021226	1.1610883948785
0.0756363741979526	1.24571542520487
0.0757498630442483	1.18874397318911
0.0758636929717454	1.25150491643598
0.0759778655203944	1.17385521619755
0.07609238223943	1.18297787582548
0.0762072446874413	1.24805209716763
0.0763224544324425	1.23587591993366
0.0764380130519443	1.19496829761606
0.0765539221330257	1.27005758790881
0.0766701832724068	1.19455241763358
0.0767867980765221	1.20013036685565
0.0769037681615946	1.22873215544697
0.0770210951537102	1.27094249374641
0.0771387806888932	1.18482820078281
0.0772568264131826	1.22854567268199
0.0773752339827083	1.23719518930593
0.077494005063769	1.19435341318962
0.0776131413329102	1.24971313890054
0.077732644477003	1.17779842534665
0.0778525161933241	1.23324649238077
0.0779727581896354	1.24829503622053
0.0780933721842661	1.25546694175412
0.0782143599061935	1.13279473675259
0.0783357230951266	1.23439284124735
0.0784574635015887	1.2754692251758
0.078579582887002	1.24759450095785
0.0787020830237725	1.15396796380909
0.0788249656953756	1.24723361405769
0.0789482326964428	1.23788583657353
0.079071885832849	1.15882205325904
0.0791959269218007	1.16877118509122
0.079320357791925	1.22357611823448
0.0794451802833594	1.17975459752428
0.0795703962478427	1.22676043878345
0.0796960075488065	1.19459010312872
0.0798220160614675	1.16599365019209
0.0799484236729208	1.13410189696402
0.0800752322822345	1.15452056965423
0.0802024438005442	1.17534468112372
0.0803300601511497	1.16031196702517
0.0804580832696112	1.18234275469356
0.0805865151038477	1.16480333092627
0.0807153576142355	1.15282577200496
0.0808446127737082	1.21098878653953
0.0809742825678571	1.21362683284288
0.0811043689950332	1.19269147084631
0.0812348740664495	1.16987927800512
0.0813657998062849	1.17519131552151
0.081497148251789	1.22062596289222
0.0816289214533873	1.13965028243728
0.0817611214747881	1.1978685956808
0.0818937503930906	1.21169075761058
0.0820268102988932	1.1665351293691
0.0821603032964035	1.07698720119085
0.0822942315035492	1.21648930977459
0.0824285970520902	1.12927899320003
0.0825634020877318	1.1730327921474
0.0826986487702386	1.1527240843752
0.0828343392735501	1.18061148799579
0.082970475785897	1.21330993773459
0.0831070605099189	1.19542071197599
0.0832440956627834	1.14408731706447
0.0833815834763056	1.1489370144993
0.0835195261970693	1.24818553778417
0.0836579260865497	1.16030451168255
0.083796785421237	1.25138279629139
0.0839361064927606	1.21939996736959
0.0840758916080159	1.21540644122239
0.0842161430892913	1.24777313169689
0.0843568632743966	1.20281635493263
0.0844980545167934	1.28853180735245
0.0846397191857259	1.22817219404611
0.0847818596663534	1.27486193981426
0.0849244783598847	1.24188617953969
0.0850675776837125	1.26584682698728
0.0852111600715507	1.26396502903914
0.0853552279735719	1.23866787647516
0.085499783856547	1.2484690439656
0.085644830203986	1.2934170428938
0.0857903695162801	1.170421111767
0.0859364043108456	1.23343187041023
0.0860829371222686	1.2013118461644
0.0862299705024522	1.2182614944864
0.0863775070207643	1.22360421054593
0.0865255492641873	1.19036409672669
0.0866740998374693	1.25149388010267
0.086823161363277	1.22515953595837
0.0869727364823499	1.23756506338024
0.0871228278536565	1.21998517247871
0.0872734381545513	1.19149096404833
0.0874245700809347	1.27703026653719
0.0875762263474133	1.22365171275539
0.0877284096874628	1.24587826043659
0.087881122853592	1.19974301358107
0.0880343686175088	1.21774577234082
0.088188149770288	1.22469986438119
0.0883424691225407	1.26984211691009
0.0884973295045854	1.24726996681076
0.0886527337666211	1.22042255267922
0.0888086847789024	1.25984668681971
0.0889651854319158	1.22083816841644
0.0891222386365586	1.226078712383
0.0892798473243192	1.2320918972755
0.0894380144474596	1.21532606874899
0.0895967429791997	1.25234323757367
0.0897560359139036	1.2026846499393
0.0899158962672679	1.24890069484572
0.090076327076512	1.2832365903944
0.0902373314005705	1.20533831618488
0.0903989123202874	1.19367283984104
0.0905610729386131	1.22393328595398
0.0907238163808024	1.1830456227821
0.0908871457946159	1.19233474767827
0.0910510643505223	1.21724922900618
0.0912155752419042	1.15318391912438
0.0913806816852649	1.26538523065419
0.0915463869204386	1.23571468884808
0.0917126942108017	1.17976396995044
0.0918796068434876	1.25166645932374
0.0920471281296028	1.18888608426888
0.0922152614044462	1.17386517598757
0.0923840100277304	1.18489325840122
0.0925533773838052	1.07216533968444
0.0927233668818842	1.16632030831124
0.0928939819562734	1.25119212592262
0.0930652260666024	1.12106883556316
0.0932371026980584	1.20684570955544
0.0934096153616227	1.20011691112743
0.0935827675943094	1.19721156212061
0.0937565629594076	1.15242204083926
0.0939310050467254	1.19008266080177
0.0941060974728376	1.20340261952748
0.094281843881335	1.17535167359489
0.0944582479430776	1.24268157198057
0.09463531335645	1.14842480881977
0.0948130438476199	1.2040637962538
0.0949914431707996	1.17036816652529
0.09517051510851	1.12971902070357
0.0953502634718484	1.1930851889984
0.0955306921007585	1.26986058197525
0.095711804864304	1.20090011280853
0.0958936056609451	1.16883157877667
0.0960760984188184	1.24248904804212
0.0962592870960194	1.28277204325149
0.0964431756808892	1.21976144474969
0.0966277681923035	1.23083372133063
0.0968130686799658	1.26053651773673
0.096999081224703	1.24418342656579
0.0971858099387655	1.2393981866266
0.09737325896613	1.24611318391317
0.0975614324828061	1.24537721906817
0.0977503346971463	1.22827808679945
0.09793996985016	1.22546029452249
0.0981303422158305	1.25361199220491
0.0983214561014366	1.26339624396028
0.0985133158478768	1.19796240590996
0.0987059258299987	1.26542809704471
0.0988992904569308	1.26902082671994
0.0990934141724197	1.2470059411559
0.0992883014551696	1.2321271775054
0.0994839568191878	1.24265559616012
0.0996803848141322	1.27617122137909
0.0998775900256648	1.22776300378173
0.100075577075808	1.219687874909
0.100274350623306	1.22545457838103
0.100473915363989	1.25096537522259
0.100674276031146	1.26814158554483
0.100875437395897	1.19929535254387
0.101077404267569	1.26183341501715
0.101280181494085	1.2044466490738
0.101483773962349	1.26620547181489
0.101688186598636	1.17800911271912
0.101893424368995	1.25962237417788
0.102099492279645	1.20230308406631
0.102306395377388	1.29192963010263
0.102514138750017	1.21071029145348
0.102722727526733	1.13382660510238
0.10293216687857	1.21379608117747
0.10314246201882	1.14555363389337
0.103353618203466	1.19969191663342
0.103565640731621	1.19691145547675
0.103778534945969	1.12805105619813
0.103992306233216	1.15202457600184
0.104206960024543	1.13600329204076
0.104422501796067	1.10637473170454
0.104638937069306	1.18662274240279
0.104856271411651	1.0945772648523
0.105074510436841	1.20572777134212
0.105293659805451	1.11779305077885
0.105513725225377	1.17119445303094
0.105734712452335	1.09334475348842
0.105956627290359	1.14023815222714
0.106179475592312	1.12091069728065
0.1064032632604	1.20624116588169
0.106627996246695	1.13401946086479
0.106853680553656	1.10215463598486
0.107080322234672	1.17048596206988
0.107307927394598	1.21177653409196
0.107536502190304	1.21861077204001
0.10776605283123	1.17697317359998
0.10799658557995	1.16591171188485
0.108228106752741	1.20008806804541
0.108460622720158	1.12660663923624
0.108694139907619	1.13066918925426
0.108928664795998	1.21696033668357
0.109164203922226	1.19147246385929
0.109400763879894	1.22659579981376
0.10963835131987	1.12282272498831
0.109876972950926	1.21755324767043
0.110116635540364	1.25893521624394
0.110357345914659	1.2232450267478
0.110599110960106	1.08756149687656
0.110841937623478	1.24747296756713
0.111085832912688	1.17487848111225
0.111330803897469	1.19293663447027
0.11157685771005	1.1919267552928
0.111824001545855	1.16546764784369
0.112072242664199	1.22702456306292
0.112321588389003	1.13578337886885
0.11257204610951	1.13217487335151
0.112823623281019	1.23875386966659
0.113076327425623	1.20876834688199
0.113330166132957	1.20651027154576
0.113585147060961	1.2570874186313
0.113841277936649	1.20273547991998
0.114098566556888	1.2338007252904
0.114357020789191	1.15824036744835
0.114616648572518	1.19171312513237
0.114877457918089	1.22814288694637
0.115139456910209	1.23285855467248
0.115402653707102	1.20261269397916
0.115667056541758	1.23588240855035
0.115932673722793	1.28952229555839
0.116199513635315	1.27106247370201
0.116467584741814	1.22438423544633
0.116736895583049	1.22552961507981
0.117007454778959	1.2244726528251
0.11727927102958	1.2448970884074
0.117552353115983	1.27399474978604
0.117826709901214	1.26506121511201
0.118102350331253	1.22596404958538
0.118379283435992	1.26978010113954
0.118657518330213	1.23177962805565
0.118937064214596	1.23351756696186
0.119217930376728	1.21734940793553
0.119500126192133	1.14467750392151
0.119783661125314	1.24200050577708
0.120068544730816	1.21748546318015
0.120354786654291	1.24656267411151
0.120642396633594	1.16362158395293
0.120931384499885	1.11293398227858
0.121221760178748	1.19580978031978
0.121513533691328	1.1184572756786
0.121806715155483	1.0662143156517
0.122101314786957	1.12061322697798
0.122397342900562	1.17183886537083
0.122694809911384	1.13459912704422
0.122993726336007	1.06765818100223
0.123294102793745	1.06287132526873
0.12359595000791	1.11756780154499
0.123899278807077	1.10325940140788
0.12420410012639	0.969190514409802
0.124510425008865	1.17444173511071
0.124818264606732	1.13669652125532
0.125127630182786	1.09019987054595
0.125438533111758	1.12858287882794
0.125750984881713	1.05295096342605
0.126064997095462	1.17253505087924
0.126380581472	1.16818903276003
0.126697749847962	0.963386587062709
0.127016514179107	1.10524432730997
0.127336886541815	1.1773742278408
0.127658879134615	1.0904444269972
0.127982504279734	1.1662881848244
0.128307774424667	1.11083375198834
0.128634702143774	1.13566161755411
0.128963300139899	1.21824813065627
0.129293581246017	1.14985494601374
0.129625558426905	1.14774384403974
0.129959244780836	1.28713135278424
0.130294653541304	1.14861395232034
0.130631798078771	1.27359999109335
0.130970691902448	1.20841161403118
0.131311348662094	1.25475089993366
0.131653782149853	1.2993948847487
0.131998006302112	1.18363822548229
0.132344035201395	1.2299464784403
0.132691883078281	1.27754210058117
0.133041564313356	1.22891229902219
0.133393093439194	1.24516870230233
0.13374648514237	1.23238488790319
0.134101754265508	1.22990794807254
0.134458915809356	1.17759476242009
0.134817984934899	1.20599185697323
0.135178976965502	1.21413388692734
0.135541907389094	1.14886939415015
0.135906791860379	1.15827277745864
0.136273646203089	1.23557987155625
0.136642486412271	1.19307176135564
0.137013328656611	1.2168464930489
0.137386189280799	1.12159781902889
0.137761084807927	1.17657428063077
0.138138031941933	1.23269939493046
0.138517047570078	1.10305879114909
0.138898148765473	1.15653520334732
0.139281352789638	1.20164489452804
0.139666677095111	1.12070083483998
0.140054139328098	1.19225373998675
0.140443757331164	1.13671716976387
0.140835549145973	1.1446045118903
0.141229533016075	1.22769954793323
0.141625727389735	0.982762329898787
0.142024150922816	1.08012543763968
0.142424822481701	1.16119857255081
0.142827761146278	1.04220260918172
0.143232986212965	1.08104768806231
0.143640517197791	1.11507365907173
0.14405037383953	1.02144352863391
0.144462576102885	1.17984136009512
0.144877144181733	0.950703744781303
0.145294098502424	0.859492833769199
0.145713459727131	1.07144746103093
0.146135248757265	0.961334132720599
0.146559486736952	1.02446162117701
0.14698619505656	0.984561014236838
0.147415395356297	0.922891170850707
0.147847109529869	1.11874388372105
0.148281359728206	1.07180450088266
0.148718168363243	0.936693741741434
0.149157558111784	1.02238045022226
0.149599551919422	1.07510964887492
0.150044173004532	1.06295594681044
0.150491444862342	1.12379146448933
0.150941391269067	0.982548819859681
0.151394036286122	1.24883245293101
0.151849404264417	1.14794024648148
0.152307519848716	1.18786591361885
0.152768407982088	1.16499238917748
0.153232093910434	1.25129908426617
0.153698603187094	1.22547972056194
0.154167961677544	1.22427440592461
0.154640195564177	1.27703004838621
0.155115331351166	1.17498085088082
0.155593395869431	1.31017942573382
0.156074416281683	1.11614579282775
0.156558420087572	1.20041873614085
0.157045435128928	1.16018940115066
0.157535489595096	1.24484333209311
0.158028612028379	1.1512668659435
0.158524831329579	1.17965693130441
0.159024176763641	1.14439220988727
0.159526677965409	1.13411502727779
0.160032364945486	1.18042172324693
0.160541268096211	1.05468501995206
0.161053418197748	1.12908314146472
0.161568846424287	1.12871283015826
0.162087584350379	1.15106378541182
0.162609663957373	1.14094014391514
0.163135117639996	1.16272624683317
0.163663978213051	1.11555004564477
0.164196278918248	1.22779630829021
0.164732053431171	1.09450932108414
0.165271335868375	1.13765067923922
0.165814160794634	1.17780577557802
0.166360563230323	1.19953310853277
0.166910578658947	1.14062201878306
0.167464243034827	1.16561081476259
0.168021592790933	1.16731628226842
0.168582664846873	1.18131259573509
0.16914749661705	1.19314361624117
0.169716126018975	1.0053149660081
0.170288591481756	1.22603186784981
0.170864931954749	1.23216905657345
0.1714451869164	1.19444467251152
0.172029396383254	1.24035822610296
0.172617600919154	1.15390901028088
0.173209841644634	1.24166089555236
0.173806160246499	1.22219346072277
0.174406598987604	1.17448957249239
0.175011200716846	1.11602169251109
0.175620008879348	1.23720340322837
0.176233067526872	1.08176029850522
0.176850421328444	1.28711986311523
0.1774721155812	1.16811690655518
0.178098196221469	1.19612128682336
0.178728709836084	1.27833453456207
0.179363703673942	1.2381812661393
0.180003225657804	1.22800638000758
0.180647324396349	1.15779582906722
0.181296049196496	1.27932144720262
0.181949450075982	1.18717679023711
0.182607577776219	1.20904618182479
0.183270483775431	1.12344384529119
0.183938220302071	1.0900861421083
0.184610840348545	1.0026372522932
0.185288397685229	1.14015168816896
0.185970946874795	1.05854710307999
0.186658543286863	1.09674377606028
0.187351243112968	1.22150591055047
0.188049103381875	1.19617515506492
0.188752181975224	1.11590259531311
0.189460537643535	1.15436378430725
0.190174230022578	1.24175052706282
0.1908933196501	1.11536510227476
0.191617867982954	1.18938106513455
0.192347937414598	1.24184641042076
0.193083591293011	1.27742041584322
0.193824893939018	1.31723887149003
0.194571910665031	1.27765933874146
0.195324707794237	1.26431662430157
0.196083352680224	1.29483396875145
0.196847913727071	1.21940453937125
0.197618460409908	1.19771334362317
0.198395063295961	1.2788416662015
0.199177794066095	1.22399523579287
0.199966725536871	1.19289044976096
0.200761931683124	1.25464356263931
0.20156348766109	1.2000462195651
0.20237146983208	1.20244291799276
0.203185955786736	1.15547985701576
0.204007024369863	1.13309461529656
0.204834755705877	1.13884658425293
0.205669231224867	1.18244542602636
0.206510533689303	1.18809973449221
0.207358747221393	1.115576120208
0.20821395733113	1.16774363622422
0.209076250945025	1.11975060015052
0.209945716435559	1.14346958237425
0.210822443651378	1.19638724386465
0.211706523948242	1.14306139409772
0.212598050220762	0.972652296814485
0.213497116934933	1.09017101601703
0.214403820161507	1.06963119198469
0.215318257610209	1.18697351475064
0.216240528664845	0.98309360991222
0.217170734419303	1.0923611505505
0.218108977714498	1.1947160455929
0.219055363176268	1.17879149645799
0.220009997254276	1.0790193331577
0.220972988261915	1.0599548821725
0.221944446417285	1.12160906226128
0.222924483885235	1.06132331906955
0.223913214820548	1.11295947106865
0.224910755412253	1.00410310911645
0.225917223929153	1.17798943019856
0.226932740766561	1.14422416202763
0.227957428494314	1.17329773392842
0.228991411906089	1.23714458388806
0.230034818070064	1.26205752539654
0.231087776380981	1.24531476854704
0.232150418613636	1.29516698091403
0.23322287897785	1.26414546475971
0.234305294174984	1.26834004245021
0.235397803456017	1.26468762778191
0.236500548681274	1.25104206690931
0.237613674381825	1.25709146505763
0.23873732782264	1.22005517238827
0.239871659067533	1.18183292388844
0.241016821045975	1.23487871662223
0.242172969621824	1.13379394680522
0.243340263664043	1.07486012600732
0.244518865119483	1.12169086858781
0.245708939087772	0.997704588172864
0.246910653898424	1.06044755769789
0.248124181190203	0.975447481295538
0.249349695992852	1.0811858491257
0.250587376811247	1.11015473028374
0.251837405712076	0.962858120712271
0.253099968413125	1.06153660253207
0.254375254375256	1.00055100503874
0.255663456897188	1.0087450893114
0.256964773213171	1.09900380323067
0.258279404593655	0.937365637877204
0.259607556449068	1.13947095677143
0.26094943843681	0.951588088905465
0.262305264571583	1.10117528185231
0.263675253339185	0.925789712806926
0.265059627813874	1.07490121023291
0.266458615779467	0.867628471505911
0.267872449854279	1.17523835636154
0.269301367620066	0.840463189004074
0.270745611755126	0.920472834584284
0.272205430171687	1.01380088419108
0.273681076157782	0.947818397370817
0.275172808523754	1.00790312661307
0.276680891753583	0.758604315804348
0.278205596161209	1.01284726224092
0.279747198052065	0.998859094223197
0.281305979889999	0.928225344479974
0.282882230469812	0.736194478497642
0.284476245095631	1.05856330572993
0.286088325765345	0.878568170836936
0.287718781361348	0.919799288181171
0.289367927847845	0.92825336464757
0.291036088474972	0.870060448358309
0.292723593990035	0.968936222363385
0.294430782856121	0.735072074602631
0.296158001478422	1.0093137018211
0.297905604438556	0.898915028106735
0.299673954737247	1.01581335598626
0.301463424045688	1.0124820384768
0.303274392965976	1.24076384844384
0.305107251300978	1.12721836039982
0.306962398334055	1.24461976926981
0.308840243119041	1.24042022362983
0.310741204780941	1.15270269599664
0.3126657128278	1.14495834819515
0.314614207474228	1.07892053397056
0.316587139977106	1.07965221039212
0.318584972983995	1.01108744281743
0.320608180894831	1.06864921626169
0.322657250237477	1.06247288652585
0.324732680057778	1.07363747890022
0.326834982324765	1.03951015607666
0.328964682351704	0.980428156795134
0.331122319233705	0.901975222003696
0.333308446302677	0.911939511757592
0.335523631600422	0.922698878833942
0.337768458370714	0.963487146018901
0.340043525571274	0.806087219994618
0.34234944840657	0.707735156465027
0.344686858882443	0.888013735338719
0.347056406383618	0.688101917683072
0.349458758275184	0.832529358732349
0.35189460052925	0.684540340135646
0.354364638377975	0.894277158113377
0.356869596994302	0.85484782346744
0.359410222201777	0.906773546720131
0.361987281214888	0.735958526701496
0.364601563411505	0.818891543410636
0.367253881139017	0.681462753406076
0.369945070555925	0.540472939545524
0.372675992510704	0.744245656123371
0.375447533459885	0.605142451849135
0.378260606427405	0.90050168461045
0.381116152007416	0.666916349178469
0.384015139412857	0.836771463278962
0.386958567572254	0.876551880597224
0.389947466277344	0.988644884839719
0.392982897384307	0.714932956322723
0.396065956071534	0.723054933561649
0.399197772157074	0.884734564125891
0.402379511479084	0.711985971965413
0.405612377342818	0.863809367608077
0.408897612037947	0.617284799687897
0.412236498430204	0.842373707868146
0.415630361631666	0.684718860059173
0.419080570754212	0.857281279555731
0.422588540751059	0.69985423826542
0.426155734351562	0.681972074143435
0.429783664094842	0.792941976529288
0.43347389446818	0.75635162765449
0.437228044156535	0.809001053999012
0.44104778840997	0.651593636902432
0.444934861536272	0.847809314159373
0.448891059526546	0.819879229760685
0.452918242822152	0.859861770540007
0.457018339231917	1.18681443606008
0.461193347009254	1.2161228483738
0.465445338099494	1.13590184759036
0.469776461568528	1.0455633811667
0.474188947224667	1.00309951899935
0.478685109446564	0.939522580344683
0.483267351230979	0.987296263570006
0.487938168475291	1.01059001480313
0.492700154510769	0.980753564368312
0.497556004903912	0.827644931617273
0.502508522544542	0.9434415147093
0.507560623040816	0.689950996359492
0.512715340442986	0.768243342084922
0.517975833319521	0.572078160139993
0.523345391211147	0.698771875425327
0.528827441490532	0.63840054727152
0.53442555665766	0.569147499360456
0.540143462103535	0.559706345271104
0.545985044377665	0.562639764974379
0.551954359997881	0.603314697886817
0.558055644844459	0.653288959741298
0.564293324184258	0.69153703170351
0.570672023374726	0.7000898354394
0.577196579302193	0.833548192639707
0.583872052613879	0.52844800586077
0.59070374080865	0.776960498918177
0.59769719225767	0.662078192375258
0.604858221232944	0.641581717190399
0.612192924029307	0.535905105712338
0.619707696273822	0.560516742042348
0.62740925152586	0.743899406850338
0.635304641281588	0.59027545267361
0.643401276508133	0.725741241868038
0.651706950845656	0.458811105340525
0.660229865630019	0.501813560137038
0.668978656904931	0.479944704551352
0.677962424610579	0.69520797106964
0.687190764156131	0.581348323952185
0.696673800606386	0.538763683942993
0.706422225738636	0.54539141756359
0.71644733825485	0.701163922560342
0.726761087467152	0.485250225648207
0.737376120811705	0.376399049669344
0.74830583558823	0.566664584259696
0.759564435370183	0.51597039985603
0.771166991585027	0.611624507851744
0.783129510825984	0.410401097683148
0.795469008527429	0.766020923773613
0.808203589717066	0.43477932358627
0.821352537650802	0.523019137735081
0.834936411242922	0.460509489973388
0.848977152326878	0.339560956084063
0.863498203923738	0.5404031692245
0.878524640859129	0.374873459941459
0.894083314259558	0.58909566886324
0.910203011679727	0.856524717820735
0.92691463486979	0.957269080630517
0.944251397492071	0.900231093391442
0.96224904544895	0.835348849376863
0.980946102897325	0.846257912992831
1.00038414751265	0.846809142805483
1.02060811914171	0.45240930105237
1.04166666666667	0.432610529701412
