0.00999801959227991	1.03654531438675
0.0100000000000007	1.00287738007141
0.0100019811924353	1.02351086809496
0.0100039631700502	0.963188697292744
0.0100059459333122	1.03948536035447
0.0100079294826885	1.1243403274306
0.0100099138186467	1.07075510143302
0.0100118989416549	0.994897061702335
0.0100138848521814	1.06830279255528
0.0100158715506948	1.09769780920579
0.0100178590376644	1.14654932802883
0.0100198473135594	1.18450905197556
0.0100218363788499	1.11997064282182
0.0100238262340059	1.0711985250368
0.0100258168794981	1.14402789867651
0.0100278083157975	1.1061344066019
0.0100298005433752	1.07401354296005
0.0100317935627032	1.13188027316084
0.0100337873742533	1.07774599506588
0.0100357819784982	1.14119166467624
0.0100377773759105	1.139861987569
0.0100397735669636	1.16954636811328
0.010041770552131	1.12741274933286
0.0100437683318867	1.06727067125723
0.010045766906705	1.16625467941209
0.0100477662770606	1.11620296834251
0.0100497664434286	1.09574853591047
0.0100517674062845	1.21560190842768
0.0100537691661041	1.21314900853058
0.0100557717233637	1.07917020085055
0.0100577750785399	1.05913501642167
0.0100597792321096	1.11852660739735
0.0100617841845503	1.14788880350511
0.0100637899363396	1.14473272758823
0.0100657964879558	1.11934609067342
0.0100678038398772	1.07367720742325
0.0100698119925829	1.03640377727714
0.0100718209465521	1.14510396420188
0.0100738307022644	1.19711445942954
0.0100758412601999	1.1700353163395
0.010077852620839	1.1566855597354
0.0100798647846626	1.14626522609096
0.0100818777521517	1.19144975907216
0.0100838915237881	1.16021782988614
0.0100859061000536	1.21318981861766
0.0100879214814306	1.2072919958168
0.0100899376684018	1.24425022316873
0.0100919546614504	1.19035310161697
0.0100939724610598	1.13014203283695
0.010095991067714	1.13536929784935
0.0100980104818972	1.17007026691927
0.0101000307040941	1.21665867651002
0.0101020517347897	1.22830266326259
0.0101040735744696	1.17974463104969
0.0101060962236194	1.18644394228681
0.0101081196827255	1.19566581181397
0.0101101439522744	1.19881837878334
0.0101121690327532	1.17034938616439
0.0101141949246492	1.27239619254126
0.0101162216284502	1.17390512837438
0.0101182491446444	1.15109776066098
0.0101202774737204	1.06543847939963
0.0101223066161671	1.2096640143203
0.0101243365724738	1.21425395817087
0.0101263673431304	1.19949134293321
0.0101283989286268	1.21215757949913
0.0101304313294537	1.26769282928417
0.010132464546102	1.15033508464825
0.010134498579063	1.14671021073073
0.0101365334288283	1.22589286345224
0.0101385690958902	1.18454285148483
0.0101406055807411	1.1727702587483
0.0101426428838738	1.10297819941439
0.0101446810057818	1.13348145967458
0.0101467199469586	1.12597358681713
0.0101487597078983	1.17489299116732
0.0101508002890955	1.15087448063745
0.0101528416910451	1.0983626212463
0.0101548839142422	1.19376913766965
0.0101569269591826	1.17823051736659
0.0101589708263623	1.21158912981256
0.0101610155162779	1.15534734001031
0.0101630610294261	1.12060755795603
0.0101651073663044	1.1606058533637
0.0101671545274103	1.13706297007395
0.0101692025132419	1.17059557717774
0.0101712513242977	1.17654199761387
0.0101733009610766	1.17272409239752
0.0101753514240778	1.15292140929279
0.0101774027138011	1.13766455439249
0.0101794548307466	1.14187375994197
0.0101815077754146	1.09814555575653
0.0101835615483062	1.17393040909123
0.0101856161499226	1.25189085106577
0.0101876715807655	1.20406867774134
0.0101897278413371	1.24517485035698
0.0101917849321398	1.23741737820634
0.0101938428536765	1.20784042509054
0.0101959016064507	1.17162554560853
0.010197961190966	1.17216803475952
0.0102000216077265	1.17994286240953
0.0102020828572369	1.09556908107161
0.010204144940002	1.13712806556781
0.0102062078565273	1.16286082492369
0.0102082716073184	1.150003879682
0.0102103361928817	1.20663818622781
0.0102124016137236	1.12749943897433
0.0102144678703512	1.13107325494437
0.0102165349632719	1.23650174430996
0.0102186028929935	1.06343517064033
0.0102206716600243	1.21461916495976
0.0102227412648728	1.05628260815652
0.0102248117080482	1.23377992598124
0.0102268829900599	1.1258246425566
0.0102289551114178	1.10626100101723
0.0102310280726322	1.11818508456538
0.0102331018742138	1.1374863983854
0.0102351765166738	1.21193733415387
0.0102372520005236	1.26050936629483
0.0102393283262752	1.16155874774266
0.0102414054944411	1.15837026579942
0.0102434835055339	1.17430718377412
0.0102455623600669	1.19230229740543
0.0102476420585537	1.16796368647655
0.0102497226015083	1.17328823842734
0.0102518039894452	1.15167224887133
0.0102538862228792	1.22406082166127
0.0102559693023257	1.10347282496201
0.0102580532283004	1.21868588901526
0.0102601380013193	1.13941923385595
0.0102622236218991	1.21561699280013
0.0102643100905566	1.17772036093306
0.0102663974078093	1.24094837340758
0.010268485574175	1.22375683852456
0.010270574590172	1.32311175205297
0.0102726644563188	1.2483448395289
0.0102747551731345	1.21246667365733
0.0102768467411387	1.16127878981335
0.0102789391608512	1.12785359111023
0.0102810324327924	1.14762739460921
0.0102831265574831	1.21550099717642
0.0102852215354445	1.064763641949
0.0102873173671981	1.12992210803152
0.010289414053266	1.21906497850992
0.0102915115941707	1.18597770541155
0.0102936099904351	1.20371481275662
0.0102957092425825	1.17844945934097
0.0102978093511366	1.19991521037446
0.0102999103166216	1.1744127671895
0.0103020121395622	1.20247391626488
0.0103041148204833	1.23872991193012
0.0103062183599104	1.13397036390821
0.0103083227583694	1.11884588856497
0.0103104280163866	1.13817485713007
0.0103125341344887	1.16082404427577
0.010314641113203	1.24658434628254
0.0103167489530571	1.187940435083
0.0103188576545789	1.20577593059604
0.010320967218297	1.20100280470305
0.0103230776447402	1.11551178079597
0.010325188934438	1.19598963291886
0.01032730108792	1.25489597295508
0.0103294141057164	1.1734891744035
0.010331527988358	1.10270495725783
0.0103336427363758	1.15865572061052
0.0103357583503013	1.18518917456766
0.0103378748306664	1.17259163271883
0.0103399921780035	1.17247288813571
0.0103421103928454	1.1488599596175
0.0103442294757254	1.15986854721497
0.0103463494271772	1.09394158340761
0.0103484702477349	1.19508328149849
0.010350591937933	1.1665177547023
0.0103527144983066	1.07209287202854
0.010354837929391	1.22629003444468
0.0103569622317223	1.19281396760769
0.0103590874058367	1.09892587758407
0.0103612134522709	1.07263195278778
0.0103633403715622	1.14942744044247
0.0103654681642482	1.12507031575463
0.0103675968308669	1.05400628146201
0.010369726371957	1.04451476764599
0.0103718567880574	1.09386871820715
0.0103739880797075	1.02760964994402
0.0103761202474472	1.14419410363246
0.0103782532918167	1.12946174869575
0.0103803872133567	1.07696395748048
0.0103825220126086	1.1262837473748
0.0103846576901139	1.16017720275129
0.0103867942464147	1.1725633620949
0.0103889316820536	1.11577800590937
0.0103910699975734	1.16964867815767
0.0103932091935177	1.15471568421775
0.0103953492704302	1.18326336170581
0.0103974902288553	1.14204105876645
0.0103996320693379	1.14161510285856
0.0104017747924229	1.18621655838413
0.0104039183986563	1.22583158614739
0.010406062888584	1.13586259261481
0.0104082082627526	1.16644244539794
0.0104103545217091	1.22219482722131
0.010412501666001	1.24384990935379
0.0104146496961763	1.13727718303774
0.0104167986127832	1.15816592342484
0.0104189484163706	1.16449520225332
0.0104210991074878	1.17514661068776
0.0104232506866845	1.14933867134979
0.0104254031545109	1.19963438630303
0.0104275565115176	1.14364076727919
0.0104297107582558	1.20455728788424
0.0104318658952768	1.18546080171092
0.0104340219231329	1.16638106465206
0.0104361788423764	1.1408629052758
0.0104383366535602	1.17549197097217
0.0104404953572378	1.15749576753434
0.0104426549539629	1.18661984747648
0.0104448154442898	1.23052809881579
0.0104469768287733	1.21448774204086
0.0104491391079686	1.12963986713792
0.0104513022824314	1.0892286510847
0.0104534663527178	1.15165665572051
0.0104556313193843	1.20589121680247
0.0104577971829881	1.18709315982783
0.0104599639440866	1.1913407311514
0.0104621316032379	1.21234323471388
0.0104643001610003	1.19592465903853
0.0104664696179328	1.1229430097805
0.0104686399745946	1.19889375505843
0.0104708112315457	1.15543666517673
0.0104729833893464	1.18949851119751
0.0104751564485574	1.14844776446746
0.0104773304097398	1.18594473887954
0.0104795052734555	1.23158636360061
0.0104816810402665	1.22080025592009
0.0104838577107355	1.21192849174614
0.0104860352854256	1.16729179447818
0.0104882137649003	1.24162901811641
0.0104903931497237	1.1548893709654
0.0104925734404602	1.2340966778948
0.0104947546376748	1.21580297352029
0.010496936741933	1.20402575465809
0.0104991197538006	1.18866453917973
0.010501303673844	1.20794215455668
0.0105034885026302	1.20433659421062
0.0105056742407263	1.12627199963969
0.0105078608887002	1.20133939499228
0.0105100484471201	1.1674835504267
0.0105122369165548	1.20149448582699
0.0105144262975735	1.21636526739436
0.0105166165907459	1.21758948465387
0.0105188077966421	1.1540232551913
0.0105209999158328	1.18706553144715
0.010523192948889	1.18068642252963
0.0105253868963825	1.13704435222316
0.0105275817588851	1.2041173054839
0.0105297775369695	1.23017996295149
0.0105319742312088	1.19220398700253
0.0105341718421763	1.20483314222897
0.0105363703704461	1.17204472050305
0.0105385698165926	1.1290117092192
0.0105407701811907	1.26615170635769
0.0105429714648159	1.21449305469184
0.0105451736680441	1.14843933182163
0.0105473767914516	1.2186939391779
0.0105495808356153	1.20549395261464
0.0105517858011126	1.19091917732351
0.0105539916885212	1.10761600046255
0.0105561984984195	1.17233757635455
0.0105584062313863	1.15721457508413
0.0105606148880008	1.06741400843642
0.0105628244688428	1.02334308824776
0.0105650349744925	1.12053737148976
0.0105672464055308	1.14927381236128
0.0105694587625387	1.18158375053979
0.010571672046098	1.13166367879364
0.0105738862567909	1.07094899734325
0.0105761013952001	1.12246946547259
0.0105783174619087	1.09428965913619
0.0105805344575004	1.12815030748201
0.0105827523825593	1.21932993140611
0.0105849712376701	1.16258642525341
0.0105871910234179	1.1024170054767
0.0105894117403884	1.18383015440975
0.0105916333891675	1.19757875974808
0.010593855970342	1.14328363976797
0.010596079484499	1.12521185434894
0.0105983039322259	1.21996328257356
0.0106005293141109	1.20230161231906
0.0106027556307426	1.16389648483425
0.01060498288271	1.15237516857623
0.0106072110706027	1.10578327181897
0.0106094401950108	1.07015667245629
0.0106116702565247	1.08641689042042
0.0106139012557357	1.06225463400628
0.0106161331932351	1.05871775550997
0.0106183660696151	1.10860437150092
0.0106205998854682	1.10451498340625
0.0106228346413875	1.09939467561146
0.0106250703379664	1.13953523730061
0.0106273069757991	1.18959576517616
0.01062954455548	1.07512075455551
0.0106317830776043	1.11358253472011
0.0106340225427674	1.08243984094292
0.0106362629515654	1.05680593247296
0.0106385043045949	1.04037814070399
0.0106407466024529	1.07932803785795
0.010642989845737	1.17337729792117
0.0106452340350452	0.967466506226858
0.0106474791709761	1.10073042393368
0.0106497252541288	1.07197035352061
0.0106519722851028	1.10026778371205
0.0106542202644982	1.04268636589775
0.0106564691929156	1.06215066116133
0.0106587190709561	1.04759431890182
0.0106609698992213	1.03000110543352
0.0106632216783134	0.992392927539155
0.0106654744088349	1.08496364271121
0.0106677280913889	0.921283092105589
0.0106699827265791	1.10543219737308
0.0106722383150097	1.00007866918824
0.0106744948572853	1.06478715709497
0.0106767523540111	0.985415730365881
0.0106790108057928	0.946934122043182
0.0106812702132365	1.0059269448686
0.010683530576949	1.00042601910556
0.0106857918975375	1.07776256902575
0.0106880541756098	1.02292329610903
0.010690317411774	1.05593019850727
0.010692581606639	1.028796204431
0.010694846760814	1.14554008612524
0.0106971128749089	1.07430561770479
0.0106993799495339	1.25058518606375
0.0107016479853	1.01370786108495
0.0107039169828183	1.14355982472368
0.0107061869427009	1.10231869396499
0.0107084578655601	1.08240820434129
0.0107107297520088	0.988236842787854
0.0107130026026605	1.08987158692311
0.010715276418129	1.04266588345598
0.010717551199029	1.08542563297984
0.0107198269459752	1.06403964448707
0.0107221036595834	1.11456468781774
0.0107243813404695	1.10208434695048
0.0107266599892501	1.10181796734519
0.0107289396065422	1.10873011253304
0.0107312201929636	1.10748340484449
0.0107335017491322	1.08656803748301
0.0107357842756669	1.034649315292
0.0107380677731867	1.09476546056342
0.0107403522423114	0.968678178863172
0.0107426376836612	1.10042592737644
0.0107449240978569	0.999325168408565
0.0107472114855199	1.11067057318742
0.0107494998472719	1.11835819222753
0.0107517891837353	1.10873012571827
0.0107540794955329	1.09322555758738
0.0107563707832883	1.12865137212523
0.0107586630476253	1.03045247595506
0.0107609562891685	1.19723176958529
0.0107632505085428	1.14273055511739
0.0107655457063739	1.13946103332906
0.0107678418832877	1.15211885471302
0.0107701390399109	1.14640610500177
0.0107724371768707	1.12729871720266
0.0107747362947948	1.10420875871091
0.0107770363943113	1.10906601994055
0.0107793374760491	1.17420477456921
0.0107816395406374	1.12268881141604
0.010783942588706	1.09180262292906
0.0107862466208854	1.1465465974964
0.0107885516378065	1.18605603591938
0.0107908576401006	1.18809418264235
0.0107931646283999	1.236451330943
0.0107954726033368	1.15408336184458
0.0107977815655443	1.14729067549262
0.0108000915156562	1.08655671149816
0.0108024024543066	1.19968111046898
0.0108047143821302	1.20932222566382
0.0108070272997621	1.19886992693434
0.0108093412078383	1.18466541406823
0.010811656106995	1.11651655810733
0.0108139719978691	1.16043786446972
0.0108162888810981	1.12405254737276
0.0108186067573199	1.18342375238094
0.010820925627173	1.19957164481328
0.0108232454912965	1.2294693988183
0.01082556635033	1.2033632715525
0.0108278882049136	1.16543763128078
0.0108302110556882	1.1458497829426
0.0108325349032948	1.09887402930102
0.0108348597483755	1.14594544731675
0.0108371855915724	1.09830622766806
0.0108395124335285	1.15862123608626
0.0108418402748874	1.16046087400851
0.0108441691162929	1.12414559072854
0.0108464989583898	1.12083243896516
0.010848829801823	1.16331273990799
0.0108511616472384	1.20891903469068
0.010853494495282	1.19831591308775
0.0108558283466008	1.15206171307966
0.010858163201842	1.22213917101817
0.0108604990616537	1.1153989080831
0.0108628359266841	1.08667808221443
0.0108651737975824	1.16789660785062
0.0108675126749982	1.19540924875434
0.0108698525595815	1.20525575660384
0.0108721934519831	1.23899023173403
0.0108745353528542	1.20646391596524
0.0108768782628467	1.15958981734159
0.010879222182613	1.1749253350297
0.0108815671128059	1.15892942561223
0.010883913054079	1.22535992972715
0.0108862600070864	1.21875378040585
0.0108886079724827	1.2177900650314
0.0108909569509232	1.19875224868155
0.0108933069430635	1.18613362878271
0.01089565794956	1.15752258905243
0.0108980099710696	1.24430228832447
0.0109003630082498	1.16787034205911
0.0109027170617586	1.24730743663337
0.0109050721322547	1.2147137038863
0.0109074282203971	1.17804201388057
0.0109097853268457	1.15172462232852
0.0109121434522608	1.12150510318415
0.0109145025973031	1.16325445724122
0.0109168627626343	1.23121592865289
0.0109192239489163	1.17732973817963
0.0109215861568117	1.20954727700262
0.0109239493869837	1.2033413999145
0.010926313640096	1.28191489594609
0.0109286789168131	1.18470857280647
0.0109310452177997	1.20686214773697
0.0109334125437213	1.20178775743338
0.010935780895244	1.12827613671043
0.0109381502730345	1.15075814541325
0.0109405206777599	1.202185440215
0.010942892110088	1.25745574753571
0.0109452645706872	1.24520192428382
0.0109476380602264	1.17522012816721
0.0109500125793752	1.13826704210942
0.0109523881288037	1.10978914900931
0.0109547647091824	1.11907442992016
0.0109571423211828	1.17250544335824
0.0109595209654767	1.1647755548076
0.0109619006427365	1.2064616568944
0.0109642813536352	1.2001457747141
0.0109666630988464	1.20027495462933
0.0109690458790443	1.17471677102584
0.0109714296949037	1.18683407738391
0.0109738145471	1.17517300516396
0.0109762004363091	1.17807801524588
0.0109785873632076	1.09396437700833
0.0109809753284725	1.16445076196265
0.0109833643327816	1.15396028070789
0.0109857543768132	1.1797267419004
0.0109881454612462	1.16814602138904
0.0109905375867601	1.14731896153257
0.0109929307540349	1.22849115826084
0.0109953249637514	1.15545497203438
0.0109977202165908	1.19434469146531
0.0110001165132349	1.17811196166337
0.0110025138543662	1.22111278664025
0.0110049122406678	1.19963225169744
0.0110073116728233	1.21581401229287
0.011009712151517	1.18210911083921
0.0110121136774336	1.230672696171
0.0110145162512586	1.14076205557835
0.0110169198736781	1.18194256952618
0.0110193245453787	1.11864216953715
0.0110217302670476	1.19555385821722
0.0110241370393726	1.21872929545486
0.0110265448630423	1.25373338468059
0.0110289537387455	1.16926181388852
0.011031363667172	1.15953207209446
0.011033774649012	1.24138677155407
0.0110361866849563	1.20971280582386
0.0110385997756964	1.15659055753228
0.0110410139219244	1.13031598889387
0.0110434291243328	1.13598960316941
0.011045845383615	1.16837081668689
0.0110482627004649	1.1810745749625
0.0110506810755768	1.21534499044547
0.011053100509646	1.16943801725801
0.011055521003368	1.16184575252559
0.0110579425574393	1.13692305712431
0.0110603651725566	1.13030383860345
0.0110627888494176	1.16060911304612
0.0110652135887204	1.21744763490618
0.0110676393911637	1.08181198993459
0.0110700662574469	1.13630661883976
0.01107249418827	1.06537659236994
0.0110749231843336	1.0862686460718
0.0110773532463388	1.14641084073379
0.0110797843749875	1.06398021221172
0.0110822165709821	1.05935827053495
0.0110846498350257	0.99969334818509
0.011087084167822	1.07920850744576
0.0110895195700752	1.09169049231925
0.0110919560424902	1.02053858319992
0.0110943935857727	1.08592049239619
0.0110968322006287	0.873523119119776
0.0110992718877649	0.992039324608875
0.0111017126478889	0.890405052950238
0.0111041544817086	0.939871395118743
0.0111065973899326	0.906342923594214
0.0111090413732703	0.872668077047813
0.0111114864324314	0.89978298350908
0.0111139325681265	0.946542469904985
0.0111163797810668	0.907809287382479
0.011118828071964	0.913827709296553
0.0111212774415304	0.871261382750876
0.0111237278904792	0.952663767010721
0.011126179419524	1.02925535885674
0.0111286320293789	1.02384534378011
0.0111310857207591	1.00011313491399
0.0111335404943799	1.03784433242285
0.0111359963509575	1.04793945866815
0.0111384532912088	0.904306412742794
0.0111409113158511	1.00804765036196
0.0111433704256026	0.991395143913399
0.011145830621182	1.06317093760327
0.0111482919033085	0.955751649170217
0.0111507542727022	0.964996320258173
0.0111532177300836	0.994202512822827
0.0111556822761741	1.10049991123375
0.0111581479116954	0.975811178767217
0.0111606146373701	0.92544188673478
0.0111630824539214	1.02164837532051
0.011165551362073	1.1128771390762
0.0111680213625494	1.03293970785678
0.0111704924560757	1.14504446381459
0.0111729646433776	1.04126329312677
0.0111754379251815	1.0292267695501
0.0111779123022143	1.05055894931325
0.0111803877752038	1.06318368546475
0.0111828643448782	1.13313614579855
0.0111853420119664	1.04819054861509
0.0111878207771981	1.00802073102533
0.0111903006413035	1.12882472481556
0.0111927816050134	1.17826858085361
0.0111952636690595	1.1925462178209
0.0111977468341738	1.07880205402612
0.0112002311010892	1.15644086269208
0.0112027164705392	1.1904493541103
0.011205202943258	1.16816802345596
0.0112076905199802	1.25405674084021
0.0112101792014414	1.24307906534735
0.0112126689883776	1.19207407731681
0.0112151598815256	1.22606764147991
0.0112176518816228	1.18884844488061
0.0112201449894072	1.12734766946569
0.0112226392056175	1.21991649880865
0.0112251345309931	1.23163995322264
0.0112276309662741	1.24000459833024
0.011230128512201	1.18350121639303
0.0112326271695153	1.27063333765646
0.011235126938959	1.19083334154608
0.0112376278212747	1.2130634505199
0.0112401298172057	1.20926746865396
0.011242632927496	1.1948613248268
0.0112451371528904	1.17527876053992
0.011247642494134	1.20367364768328
0.0112501489519729	1.21084850254421
0.0112526565271537	1.21504939929661
0.0112551652204237	1.21112959173848
0.011257675032531	1.21302738465986
0.011260185964224	1.17695853979043
0.0112626980162522	1.17327257744632
0.0112652111893656	1.24574348180289
0.0112677254843147	1.19874909624377
0.0112702409018509	1.23202036191004
0.0112727574427262	1.19795238659448
0.0112752751076932	1.20440663758402
0.0112777938975053	1.18736738018835
0.0112803138129165	1.09760478268428
0.0112828348546815	1.09703201225924
0.0112853570235556	1.17010333792041
0.0112878803202948	1.19317569514198
0.011290404745656	1.1064815348887
0.0112929303003963	1.22787841031703
0.011295456985274	1.21184386738003
0.0112979848010478	1.18927483318102
0.011300513748477	1.15629859660987
0.0113030438283218	1.14858230195568
0.011305575041343	1.1772473372112
0.011308107388302	1.17249590695233
0.011310640869961	1.14791272012264
0.0113131754870828	1.12435984649454
0.0113157112404309	1.20123885126655
0.0113182481307695	1.20968532357616
0.0113207861588635	1.24750484747997
0.0113233253254784	1.19771761503626
0.0113258656313806	1.1882935309436
0.011328407077337	1.15488208079015
0.0113309496641152	1.13621300184531
0.0113334933924835	1.21257753313451
0.0113360382632109	1.12197965042731
0.0113385842770672	1.1596783293202
0.0113411314348227	1.11829489492659
0.0113436797372485	1.14263801999165
0.0113462291851164	1.13737563741729
0.0113487797791989	1.19775074786382
0.0113513315202692	1.18137894160549
0.011353884409101	1.12846158498017
0.0113564384464691	1.14925853719393
0.0113589936331485	1.19815091048213
0.0113615499699154	1.0899493467431
0.0113641074575463	1.10513828466216
0.0113666660968186	1.17983468100103
0.0113692258885103	1.23700535493978
0.0113717868334003	1.147077780713
0.0113743489322679	1.16824344195429
0.0113769121858933	1.23308250338101
0.0113794765950575	1.15777296520366
0.0113820421605418	1.20773008207488
0.0113846088831288	1.19733904978206
0.0113871767636012	1.17234772854511
0.0113897458027428	1.0800593030217
0.011392316001338	1.15161761756023
0.0113948873601718	1.17423721789783
0.0113974598800302	1.06501943189954
0.0114000335616996	1.12507107131313
0.0114026084059672	1.22229842321219
0.011405184413621	1.09057157139427
0.0114077615854497	1.16131936084747
0.0114103399222425	1.17210882898025
0.0114129194247896	1.19287820080803
0.0114155000938819	1.15708593823081
0.0114180819303107	1.15089070196932
0.0114206649348683	1.11618511197061
0.0114232491083476	1.12594375014775
0.0114258344515424	1.13325476465631
0.011428420965247	1.15990154042676
0.0114310086502565	1.06824769570531
0.0114335975073668	1.11820982282555
0.0114361875373742	1.08886313570603
0.0114387787410762	1.17880852989519
0.0114413711192708	1.13746399971144
0.0114439646727565	1.10426849549248
0.0114465594023329	1.14973937607093
0.0114491553088001	1.16511395007737
0.011451752392959	1.11333901310496
0.0114543506556112	1.10579148340006
0.011456950097559	1.0860035352111
0.0114595507196056	1.21206128632064
0.0114621525225546	1.21712090793748
0.0114647555072107	1.16987324372511
0.0114673596743791	1.21310452409187
0.0114699650248658	1.18753787454314
0.0114725715594775	1.16071415122214
0.0114751792790217	1.1267953657865
0.0114777881843065	1.14348608989978
0.0114803982761409	1.13727138467832
0.0114830095553346	1.19373427559824
0.0114856220226978	1.05812507031809
0.0114882356790419	1.24910951506573
0.0114908505251786	1.18903859076224
0.0114934665619206	1.22770831587096
0.0114960837900812	1.10256876029757
0.0114987022104745	1.19446068902067
0.0115013218239154	1.19758028427969
0.0115039426312194	1.1724756735306
0.0115065646332028	1.18180522147824
0.0115091878306828	1.10823816899699
0.0115118122244771	1.21024920510251
0.0115144378154043	1.2633839615739
0.0115170646042837	1.17044532958206
0.0115196925919353	1.10851995250642
0.01152232177918	1.1492363024276
0.0115249521668393	1.16263008385968
0.0115275837557355	1.17423628007349
0.0115302165466917	1.23844300150578
0.0115328505405316	1.12797888482914
0.0115354857380799	1.1626518401567
0.0115381221401618	1.17948002365813
0.0115407597476034	1.26403391825292
0.0115433985612316	1.19659035722228
0.0115460385818738	1.17564138866805
0.0115486798103585	1.2338451640005
0.0115513222475148	1.03521305441609
0.0115539658941724	1.15776654682261
0.011556610751162	1.0760562585196
0.011559256819315	1.1965058882168
0.0115619040994635	1.13643653332585
0.0115645525924404	1.16803517912373
0.0115672022990794	1.20105379503494
0.0115698532202149	1.18999701784513
0.0115725053566821	1.24581359435825
0.0115751587093169	1.26902709843392
0.0115778132789561	1.2132410512254
0.0115804690664371	1.22915517833835
0.0115831260725983	1.14149024681584
0.0115857842982786	1.25191185348712
0.0115884437443178	1.07849123034781
0.0115911044115566	1.20457448131681
0.0115937663008362	1.07041397402855
0.0115964294129988	1.19731707673013
0.0115990937488873	1.0914509653803
0.0116017593093453	1.18357095982819
0.0116044260952172	1.1442726462793
0.0116070941073484	1.18943666020095
0.0116097633465847	1.14781169887781
0.011612433813773	1.2761447198464
0.0116151055097608	1.19462683266485
0.0116177784353965	1.11819201644343
0.011620452591529	1.23068239908792
0.0116231279790085	1.19654579747972
0.0116258045986855	1.2084913811511
0.0116284824514114	1.19352840224047
0.0116311615380386	1.21594905239903
0.01163384185942	1.10805954410871
0.0116365234164096	1.15024952519888
0.0116392062098618	1.14633210328155
0.0116418902406321	1.16760022768735
0.0116445755095767	1.18618731614242
0.0116472620175526	1.16943997831301
0.0116499497654174	1.21282802868505
0.0116526387540298	1.21891128441051
0.0116553289842491	1.22213277349367
0.0116580204569355	1.29031155956221
0.0116607131729499	1.22358221928516
0.011663407133154	1.19862160297588
0.0116661023384103	1.15977365692452
0.0116687987895823	1.06347721534671
0.0116714964875339	1.02019306059082
0.0116741954331302	1.08488980657482
0.0116768956272369	1.14328818670284
0.0116795970707205	1.16034793533261
0.0116822997644482	1.21705031931109
0.0116850037092884	1.15258194337236
0.0116877089061098	1.1598716501237
0.0116904153557822	1.22564687600165
0.0116931230591762	1.15949095588973
0.0116958320171632	1.16538780895297
0.0116985422306152	1.14058732582626
0.0117012537004053	1.14846312398141
0.0117039664274072	1.12617043003974
0.0117066804124955	1.21997088082663
0.0117093956565457	1.14107580363166
0.0117121121604339	1.26331602028136
0.0117148299250371	1.20487116873783
0.0117175489512333	1.21793077313719
0.011720269239901	1.18547609702546
0.0117229907919198	1.14313008196104
0.0117257136081698	1.10835932999749
0.0117284376895323	1.14028922531408
0.0117311630368892	1.16511279838049
0.0117338896511231	1.20247950687186
0.0117366175331178	1.13042405873667
0.0117393466837574	1.11216658869973
0.0117420771039274	1.24851098522061
0.0117448087945136	1.18826567076242
0.011747541756403	1.16723613401239
0.0117502759904833	1.2000373792494
0.0117530114976428	1.10242565283723
0.0117557482787711	1.16204555007805
0.0117584863347583	1.21655176464973
0.0117612256664953	1.14263644285936
0.011763966274874	1.16706774237121
0.0117667081607871	1.15741179409918
0.011769451325128	1.13860823756167
0.0117721957687911	1.13460036256083
0.0117749414926715	1.12874146342837
0.0117776884976652	1.16194348487849
0.0117804367846691	1.09933316606776
0.0117831863545808	1.1276224409648
0.0117859372082988	1.11631143139131
0.0117886893467225	1.1387248868009
0.0117914427707521	1.15926190895766
0.0117941974812886	1.18233192369367
0.0117969534792338	1.16061155614254
0.0117997107654905	1.10002740567815
0.0118024693409622	1.16115446044075
0.0118052292065534	1.09556723635596
0.0118079903631692	1.09001216566209
0.0118107528117158	1.13492966553889
0.0118135165531002	1.15740189470706
0.01181628158823	1.0830825475919
0.011819047918014	1.12840119954322
0.0118218155433617	1.07912632303581
0.0118245844651833	1.08671607553852
0.0118273546843902	1.11543169683757
0.0118301262018943	1.02384370150966
0.0118328990186085	1.03646527447366
0.0118356731354467	1.16261467390527
0.0118384485533234	1.10042739845455
0.0118412252731542	1.03489015322324
0.0118440032958553	1.16712771797175
0.0118467826223439	1.20542238654173
0.0118495632535382	1.07973940004709
0.011852345190357	1.13204755850348
0.0118551284337202	1.11112126225998
0.0118579129845483	1.09141500021212
0.0118606988437629	1.15465479883441
0.0118634860122864	1.08391866498332
0.011866274491042	1.12791873634366
0.0118690642809539	1.15844784182692
0.011871855382947	1.0754835320915
0.0118746477979471	1.13767224690672
0.0118774415268811	1.16976027613422
0.0118802365706764	1.1600368969315
0.0118830329302616	1.16455262734254
0.0118858306065661	1.22597449799772
0.01188862960052	1.19914213866517
0.0118914299130545	1.19619132904793
0.0118942315451014	1.10109675158871
0.0118970344975938	1.13871325447402
0.0118998387714652	1.26328073575904
0.0119026443676504	1.09579984137797
0.0119054512870848	1.15844840040462
0.0119082595307049	1.23349469420902
0.0119110690994477	1.14042474066886
0.0119138799942516	1.15521677485687
0.0119166922160556	1.20411677963436
0.0119195057657995	1.19972016632143
0.0119223206444242	1.11122205563155
0.0119251368528713	1.1467218992016
0.0119279543920835	1.16958700307105
0.0119307732630043	1.16036565336555
0.0119335934665779	1.1385996656068
0.0119364150037498	1.19321439093295
0.0119392378754659	1.24437310283461
0.0119420620826735	1.11354834195814
0.0119448876263204	1.15091592190963
0.0119477145073554	1.17197818916201
0.0119505427267284	1.1943527366055
0.0119533722853899	1.09118440896075
0.0119562031842916	1.1529659548729
0.0119590354243858	1.21106869232569
0.0119618690066259	1.17878488941945
0.0119647039319662	1.1756579294517
0.0119675402013618	1.2291109948728
0.0119703778157688	1.16141054109314
0.0119732167761442	1.2201796281595
0.0119760570834457	1.11445753111989
0.0119788987386323	1.25073828049942
0.0119817417426636	1.21310486461398
0.0119845860965003	1.21146751924947
0.0119874318011038	1.19765928377292
0.0119902788574366	1.19133023093717
0.011993127266462	1.19310103192522
0.0119959770291443	1.10533049935964
0.0119988281464487	1.2326444357975
0.0120016806193413	1.09132478410844
0.0120045344487891	1.21946028382818
0.01200738963576	1.1373051966759
0.0120102461812229	1.17309920860288
0.0120131040861476	1.17651283139205
0.0120159633515048	1.20996907796987
0.0120188239782661	1.20489825882508
0.0120216859674041	1.19288856764473
0.0120245493198923	1.1466999205843
0.012027414036705	1.16145177840728
0.0120302801188176	1.17387684861237
0.0120331475672064	1.09834495366167
0.0120360163828486	1.32413319155252
0.0120388865667222	1.13016985262485
0.0120417581198065	1.14230099317675
0.0120446310430813	1.1144235093421
0.0120475053375276	1.19458575719718
0.0120503810041272	1.14690491970816
0.0120532580438631	1.16784470266166
0.0120561364577189	1.15319913559778
0.0120590162466793	1.1366663289922
0.0120618974117299	1.222258310559
0.0120647799538573	1.22122450466297
0.0120676638740491	1.19531687234263
0.0120705491732937	1.18711423258189
0.0120734358525805	1.16528804929688
0.0120763239128998	1.20459141420544
0.0120792133552429	1.08615246080135
0.0120821041806021	1.18484265834299
0.0120849963899707	1.19624973880061
0.0120878899843426	1.13247159287902
0.0120907849647131	1.15738657328546
0.0120936813320782	1.13372689672316
0.0120965790874349	1.20668015128092
0.0120994782317811	1.19182821146643
0.0121023787661158	1.14965899178604
0.0121052806914389	1.1479840967158
0.0121081840087512	1.13194487699205
0.0121110887190545	1.22249259769785
0.0121139948233516	1.20780067191235
0.0121169023226462	1.17653566758641
0.0121198112179429	1.09851284027599
0.0121227215102475	1.11345417124789
0.0121256332005665	1.1675021924746
0.0121285462899076	1.21649466669296
0.0121314607792792	1.19197633370468
0.012134376669691	1.18999636585535
0.0121372939621534	1.13650456644812
0.0121402126576779	1.16454229648049
0.0121431327572769	1.13959514136619
0.0121460542619638	1.11699974089205
0.012148977172753	1.15582459652203
0.01215190149066	1.11273383676104
0.0121548272167009	1.18406359219276
0.0121577543518933	1.15851725255218
0.0121606828972553	1.04570391999097
0.0121636128538062	1.17158278627815
0.0121665442225664	1.1440913760949
0.012169477004557	1.16355752189059
0.0121724112008004	1.16181654920003
0.0121753468123197	1.10656500084277
0.0121782838401391	1.09661363371209
0.0121812222852838	1.0784289649582
0.0121841621487801	1.13203266848347
0.0121871034316551	1.09263798328785
0.012190046134937	1.1518834111006
0.0121929902596549	0.949642767577931
0.012195935806839	0.942541916860349
0.0121988827775205	1.09178487965405
0.0122018311727315	0.962687317611701
0.0122047809935051	0.984051828020224
0.0122077322408756	0.987407390086757
0.012210684915878	1.03087368416239
0.0122136390195485	1.01119637178937
0.0122165945529243	1.00919340450622
0.0122195515170434	0.978011138487763
0.0122225099129452	0.92744886164072
0.0122254697416698	1.04007059680671
0.0122284310042582	1.09651889572627
0.0122313937017528	1.00378897890575
0.0122343578351967	0.974329229831906
0.0122373234056342	1.03143826073738
0.0122402904141104	1.0228827848868
0.0122432588616716	0.954251356209495
0.012246228749365	1.11041008684841
0.0122492000782389	1.04083422248548
0.0122521728493426	0.969408985490611
0.0122551470637264	1.00491094703591
0.0122581227224416	1.01445342331312
0.0122610998265406	1.10710331645917
0.0122640783770767	1.02936019295432
0.0122670583751043	1.0288517680238
0.0122700398216788	1.09553058021564
0.0122730227178568	1.18256690088231
0.0122760070646955	1.04963573050367
0.0122789928632537	1.016452440986
0.0122819801145907	1.13762568103374
0.0122849688197671	1.0964834113842
0.0122879589798446	1.13564281349063
0.0122909505958857	1.02431710330116
0.0122939436689542	1.06664412270592
0.0122969382001147	1.08339821444145
0.0122999341904329	1.23927752746441
0.0123029316409757	1.0924441500607
0.0123059305528108	1.10428718672706
0.0123089309270071	1.12640372155789
0.0123119327646345	1.13875033736329
0.0123149360667639	1.1236356362856
0.0123179408344674	1.11128389760054
0.0123209470688179	1.10056382599521
0.0123239547708896	1.12138778999802
0.0123269639417576	1.15022419594948
0.012329974582498	1.08827310324034
0.0123329866941881	1.11316865738464
0.0123360002779062	1.15236726827382
0.0123390153347316	1.14034698299509
0.0123420318657448	1.0846636691989
0.0123450498720271	1.13795288723534
0.0123480693546611	1.25610288264991
0.0123510903147303	1.24129721553023
0.0123541127533194	1.16051021812666
0.0123571366715141	1.2371315126834
0.0123601620704011	1.12989244472442
0.0123631889510683	1.18345423041176
0.0123662173146045	1.12255050127503
0.0123692471620997	1.16892118610219
0.0123722784946449	1.21559098287505
0.0123753113133322	1.21179643920253
0.0123783456192548	1.06417822750333
0.0123813814135068	1.19400772017558
0.0123844186971837	1.19199534092847
0.0123874574713818	1.19581368464036
0.0123904977371985	1.12777687717976
0.0123935394957325	1.18589301668449
0.0123965827480832	1.13223317158187
0.0123996274953514	1.21016678699892
0.0124026737386389	1.21382088489552
0.0124057214790486	1.18231990272519
0.0124087707176844	1.202221739117
0.0124118214556513	1.11761944004355
0.0124148736940554	1.15833807990886
0.012417927434004	1.21056049865975
0.0124209826766053	1.23276772970794
0.0124240394229688	1.19580673901051
0.0124270976742048	1.2139656636915
0.0124301574314251	1.21309777592695
0.0124332186957422	1.16497137882779
0.01243628146827	1.16762261306061
0.0124393457501232	1.10605055829803
0.0124424115424179	1.28019614601724
0.0124454788462711	1.1279292559883
0.0124485476628009	1.19229406078264
0.0124516179931267	1.1866627219407
0.0124546898383688	1.12506163326882
0.0124577631996487	1.10326789900568
0.012460838078089	1.19642211272763
0.0124639144748133	1.22917275385953
0.0124669923909465	1.22067333973067
0.0124700718276145	1.19950651622832
0.0124731527859443	1.16809891002784
0.0124762352670641	1.27005894083774
0.0124793192721031	1.17962170616352
0.0124824048021916	1.26679169874332
0.0124854918584613	1.12547501988449
0.0124885804420446	1.24271763792967
0.0124916705540753	1.17160193745645
0.0124947621956884	1.22777832073298
0.0124978553680196	1.16634045531414
0.0125009500722063	1.09456934696081
0.0125040463093865	1.18670307588268
0.0125071440806997	1.18242690880454
0.0125102433872863	1.17736902695268
0.012513344230288	1.17602536927234
0.0125164466108474	1.15119456762691
0.0125195505301086	1.25896520617158
0.0125226559892165	1.21438254556278
0.0125257629893172	1.1400411195942
0.0125288715315581	1.20269277015028
0.0125319816170876	1.2160623292182
0.0125350932470552	1.13405027455069
0.0125382064226118	1.16762966794597
0.012541321144909	1.18499299005024
0.0125444374151	1.21584143727288
0.0125475552343389	1.14962746300029
0.012550674603781	1.15781296169614
0.0125537955245827	1.15982219864476
0.0125569179979017	1.23289581292237
0.0125600420248966	1.11435562518486
0.0125631676067274	1.14966223551831
0.0125662947445552	1.2114475385266
0.0125694234395421	1.07853869655836
0.0125725536928515	1.13711352238376
0.012575685505648	1.18385401624079
0.0125788188790972	1.05499156168471
0.012581953814366	1.08037779883843
0.0125850903126225	1.11010650888675
0.0125882283750357	1.04079876854342
0.0125913680027761	1.05405956024798
0.0125945091970152	1.15788003442839
0.0125976519589256	1.07045888566175
0.0126007962896812	1.14226965756994
0.012603942190457	1.18578027056847
0.0126070896624293	1.14218369385661
0.0126102387067754	1.16021431615189
0.0126133893246739	1.15824098051798
0.0126165415173044	1.18158147298578
0.012619695285848	1.19771409832052
0.0126228506314867	1.20367831476451
0.0126260075554037	1.16362030230061
0.0126291660587836	1.18874706771689
0.012632326142812	1.20468339688303
0.0126354878086757	1.16095424853631
0.0126386510575627	1.14653957269653
0.0126418158906622	1.16948080221728
0.0126449823091647	1.13575543474386
0.0126481503142618	1.15170069470914
0.0126513199071462	1.20279002274682
0.0126544910890119	1.23346885402872
0.0126576638610541	1.20755572813574
0.0126608382244691	1.20471182926242
0.0126640141804547	1.22759979372877
0.0126671917302095	1.28358940587434
0.0126703708749335	1.27346967771434
0.0126735516158279	1.26853242281321
0.0126767339540952	1.2036287463361
0.0126799178909389	1.21672977307907
0.0126831034275638	1.19969835172526
0.0126862905651761	1.19350640875386
0.0126894793049828	1.21215741986005
0.0126926696481925	1.23292045948928
0.0126958615960148	1.15483251853238
0.0126990551496607	1.24377840772192
0.0127022503103422	1.19977854340848
0.0127054470792726	1.0992769906521
0.0127086454576666	1.19438783819034
0.0127118454467398	1.19986053014564
0.0127150470477093	1.16525989737568
0.0127182502617933	1.18332019368449
0.0127214550902112	1.19391159313164
0.0127246615341837	1.13895868352437
0.0127278695949328	1.11839693696114
0.0127310792736815	1.11176156809412
0.0127342905716543	1.09589195555877
0.0127375034900767	1.18087544730289
0.0127407180301757	1.1457647542885
0.0127439341931793	1.22163299355316
0.0127471519803167	1.16056696960463
0.0127503713928187	1.18707587312987
0.012753592431917	1.18508524812898
0.0127568150988447	1.12279893403271
0.012760039394836	1.20766736442821
0.0127632653211266	1.19605156347172
0.0127664928789532	1.20221951663376
0.0127697220695539	1.22525716084482
0.012772952894168	1.21158393123218
0.012776185354036	1.13986536420036
0.0127794194503999	1.13935855071443
0.0127826551845026	1.04973156607367
0.0127858925575885	1.09640198858972
0.0127891315709031	1.13685441006418
0.0127923722256934	1.14647658340833
0.0127956145232075	1.20471752928373
0.0127988584646948	1.16908892205425
0.0128021040514059	1.25430195715741
0.0128053512845927	1.14330709282808
0.0128086001655084	1.13133982048274
0.0128118506954076	1.14784053609835
0.0128151028755458	1.11828955153112
0.0128183567071803	1.10877177097402
0.0128216121915692	1.21368767773332
0.0128248693299722	1.19906582157181
0.01282812812365	1.18541682393828
0.0128313885738648	1.17544892841666
0.0128346506818801	1.16004571848518
0.0128379144489605	1.20368623679911
0.0128411798763721	1.21736208074874
0.012844446965382	1.20912883160556
0.012847715717259	1.222836644609
0.0128509861332727	1.11187992047723
0.0128542582146945	1.17123829059028
0.0128575319627967	1.13610812224439
0.012860807378853	1.26323816872746
0.0128640844641386	1.12419446358609
0.0128673632199298	1.2012306307656
0.0128706436475041	1.24947041298795
0.0128739257481407	1.24817416041277
0.0128772095231196	1.11664677289463
0.0128804949737225	1.26056573862611
0.0128837821012323	1.09399490997515
0.012887070906933	1.22414442218191
0.0128903613921103	1.04548522199641
0.0128936535580509	1.19515762401982
0.0128969474060429	1.07443491382758
0.0129002429373758	1.13141734809799
0.0129035401533403	1.08513937884483
0.0129068390552284	1.24058889512702
0.0129101396443337	1.20699422498278
0.0129134419219507	1.2305845772511
0.0129167458893756	1.19371873436217
0.0129200515479057	1.14169984298297
0.0129233588988396	1.23370522416834
0.0129266679434775	1.02494052073373
0.0129299786831207	1.09074412580244
0.0129332911190719	1.13981313352688
0.0129366052526351	1.01762463863423
0.0129399210851157	1.17066584802891
0.0129432386178203	1.146780505022
0.0129465578520571	1.11091254466203
0.0129498787891353	1.14181132940334
0.0129532014303658	1.11059543646864
0.0129565257770607	1.11626595028213
0.0129598518305332	1.13262400014819
0.0129631795920983	1.0086489007322
0.012966509063072	1.09430135239013
0.0129698402447718	1.14114389164874
0.0129731731385165	1.1113492354597
0.0129765077456264	1.12819547491007
0.0129798440674229	1.02705011431502
0.012983182105229	1.14268330557065
0.0129865218603689	1.17438670745454
0.0129898633341682	1.08811855553915
0.0129932065279541	1.21154415866369
0.0129965514430547	1.20033059723359
0.0129998980807998	1.18673069030591
0.0130032464425206	1.12031452324991
0.0130065965295495	1.14606125780372
0.0130099483432203	1.1111522685434
0.0130133018848683	1.08861217546161
0.01301665715583	1.1948741234536
0.0130200141574434	1.18108002100561
0.0130233728910479	1.11055586972512
0.0130267333579842	1.20553210341661
0.0130300955595944	1.13437414412044
0.0130334594972221	1.08714464465539
0.013036825172212	1.15189453962486
0.0130401925859106	1.17636308668137
0.0130435617396655	1.14051867187256
0.0130469326348257	1.21121522013132
0.0130503052727417	1.20730204299415
0.0130536796547654	1.10572607509213
0.0130570557822501	1.07435988222352
0.0130604336565503	1.10260932594576
0.0130638132790221	1.04266309146608
0.0130671946510231	1.08904896772469
0.013070577773912	1.25578087903817
0.0130739626490492	1.14096013663786
0.0130773492777963	1.2402264549068
0.0130807376615165	1.25388884990066
0.0130841278015742	1.15278041800452
0.0130875196993354	1.17323076799525
0.0130909133561675	1.13019122151579
0.0130943087734391	1.18252103655399
0.0130977059525205	1.18890853499475
0.0131011048947832	1.21061115323954
0.0131045056016003	1.2026167554218
0.0131079080743463	1.2208327029957
0.0131113123143971	1.16506784851717
0.0131147183231298	1.20087001523782
0.0131181261019234	1.1556519849166
0.0131215356521579	1.1040635171116
0.013124946975215	1.1868392995925
0.0131283600724777	1.2629898303491
0.0131317749453306	1.19638502904392
0.0131351915951595	1.1825019408735
0.0131386100233518	1.12459129808598
0.0131420302312963	1.19470358417415
0.0131454522203834	1.13675281255979
0.0131488759920046	1.15631451652294
0.0131523015475532	1.11536390267636
0.0131557288884238	1.12341130020116
0.0131591580160124	1.24203016625635
0.0131625889317167	1.1972319522478
0.0131660216369354	1.21216064806606
0.0131694561330692	1.12484262488826
0.0131728924215199	1.15114762743672
0.0131763305036908	1.11286574204471
0.0131797703809868	1.1670103968797
0.0131832120548143	1.18384193668637
0.0131866555265809	1.16986247304738
0.0131901007976959	1.14599046061251
0.01319354786957	1.18683221005982
0.0131969967436155	1.16767449514241
0.0132004474212459	1.13581716301588
0.0132038999038764	1.18036486894821
0.0132073541929237	1.19758838151962
0.0132108102898058	1.10088349190565
0.0132142681959424	1.15050455708582
0.0132177279127545	1.13202891109573
0.0132211894416647	1.09413976379719
0.013224652784097	1.0821891034318
0.0132281179414771	1.19852704717527
0.0132315849152319	1.18775396560424
0.0132350537067899	1.15231519340598
0.0132385243175813	1.1792233235359
0.0132419967490376	1.20111355522453
0.0132454710025918	1.18460684354372
0.0132489470796785	1.14861245323854
0.0132524249817337	1.14568905849444
0.0132559047101949	1.18468972063757
0.0132593862665013	1.22692371854059
0.0132628696520934	1.21366209112771
0.0132663548684134	1.16955447280311
0.0132698419169048	1.14237927498218
0.0132733307990128	1.18848306698631
0.0132768215161841	1.18538187532711
0.0132803140698667	1.17736484933609
0.0132838084615105	1.12129025764663
0.0132873046925666	1.04110858127713
0.0132908027644878	1.12835166049021
0.0132943026787283	1.06483323428772
0.0132978044367441	1.06582844357776
0.0133013080399924	0.96268806599077
0.0133048134899321	1.10289817915961
0.0133083207880237	1.09162828908703
0.0133118299357291	0.980327635559942
0.0133153409345119	1.07632581336749
0.013318853785837	0.974164265003219
0.0133223684911712	0.995116044751315
0.0133258850519824	0.973594015867588
0.0133294034697405	0.9304815533877
0.0133329237459167	0.949691655991124
0.0133364458819837	0.949145587528349
0.013339969879416	0.919338530204806
0.0133434957396895	0.924000897019243
0.0133470234642816	0.945896654827267
0.0133505530546714	0.947972168475422
0.0133540845123395	1.03547323933773
0.0133576178387681	0.971163637025864
0.013361153035441	0.961556949750816
0.0133646901038434	1.00452179313566
0.0133682290454622	1.04186688468262
0.0133717698617859	0.999945453971702
0.0133753125543046	1.08004985825628
0.0133788571245098	0.992351051792065
0.0133824035738948	0.990043296678503
0.0133859519039543	1.01255038015397
0.0133895021161848	0.964090068509899
0.0133930542120842	1.01101437187987
0.013396608193152	1.06888017188204
0.0134001640608894	1.13972836580617
0.0134037218167992	1.12862930977711
0.0134072814623855	1.10807775384605
0.0134108429991545	1.07371514559885
0.0134144064286136	1.04765568194351
0.013417971752272	1.13336937312676
0.0134215389716403	1.1434886624837
0.013425108088231	1.06350707803734
0.013428679103558	1.14881943012087
0.0134322520191369	1.18431396400615
0.0134358268364848	1.20232373892924
0.0134394035571206	1.1743280642971
0.0134429821825647	1.19084006262296
0.013446562714339	1.2317272220381
0.0134501451539673	1.19881910312739
0.0134537295029748	1.2496227347173
0.0134573157628885	1.22577751907798
0.0134609039352368	1.26601505013336
0.01346449402155	1.17801348635467
0.0134680860233598	1.15809629415064
0.0134716799421997	1.24747001535078
0.0134752757796048	1.20004240626895
0.0134788735371117	1.17960003305633
0.0134824732162588	1.14205882957923
0.0134860748185861	1.22562559980044
0.0134896783456353	1.2299442014685
0.0134932837989496	1.20519085482081
0.0134968911800739	1.13172857104861
0.013500500490555	1.1967308750844
0.0135041117319409	1.20753392893723
0.0135077249057817	1.17374141434545
0.0135113400136289	1.18306480371897
0.0135149570570356	1.22023598718907
0.0135185760375569	1.13709592612536
0.0135221969567492	1.19175363555811
0.0135258198161708	1.16909142477558
0.0135294446173816	1.20925969670286
0.0135330713619431	1.08801322132806
0.0135367000514186	1.09670611916944
0.013540330687373	1.15652010555309
0.0135439632713728	1.16562273636399
0.0135475978049865	1.16987262392593
0.0135512342897839	1.20171403166675
0.0135548727273366	1.22766773767413
0.0135585131192181	1.20923148675919
0.0135621554670033	1.20657603806391
0.013565799772269	1.14704331216546
0.0135694460365936	1.07855581922022
0.0135730942615571	1.1553745664327
0.0135767444487415	1.11213543222891
0.0135803965997302	1.19420928520827
0.0135840507161085	1.20977451260786
0.0135877067994632	1.23752852588329
0.013591364851383	1.19623703177297
0.0135950248734583	1.14492236587254
0.0135986868672811	1.1121479734222
0.0136023508344452	1.12920740237254
0.013606016776546	1.13464975461175
0.0136096846951809	1.17525579973209
0.0136133545919487	1.16148752444146
0.01361702646845	1.12927193570301
0.0136207003262874	1.08888925451958
0.0136243761670649	1.13353088183945
0.0136280539923883	1.23482618391635
0.0136317338038652	1.2027706729922
0.013635415603105	1.20097036975751
0.0136390993917188	1.07174697650894
0.0136427851713192	1.16084202490901
0.013646472943521	1.15842970421179
0.0136501627099403	1.20345210272759
0.0136538544721952	1.08860044295076
0.0136575482319055	1.10785233709515
0.0136612439906928	1.15859944071515
0.0136649417501803	1.16416660233268
0.0136686415119931	1.12393776907082
0.0136723432777581	1.20028655665797
0.0136760470491037	1.20785397836512
0.0136797528276604	1.13558870573269
0.0136834606150603	1.26624115159705
0.0136871704129372	1.09973550640082
0.0136908822229269	1.09553190803381
0.0136945960466667	1.07094515642102
0.0136983118857959	1.02331899978383
0.0137020297419554	1.14585380709591
0.013705749616788	1.05929258063956
0.0137094715119383	1.02093384818287
0.0137131954290527	1.07011268371021
0.0137169213697791	1.07358443728995
0.0137206493357677	1.05800919341214
0.01372437932867	1.13520867957635
0.0137281113501397	1.04968175258524
0.0137318454018319	1.06247986381806
0.0137355814854039	1.06511417945986
0.0137393196025146	1.19013816676739
0.0137430597548246	1.10304122531755
0.0137468019439965	1.10311778088219
0.0137505461716947	1.04529079330234
0.0137542924395853	1.19156352732604
0.0137580407493363	1.13075266852702
0.0137617911026175	1.15816666587943
0.0137655435011005	1.0864081905542
0.0137692979464587	1.13728638828102
0.0137730544403674	0.996051133861102
0.0137768129845038	1.16320992466027
0.0137805735805466	1.10270217968776
0.0137843362301767	1.01165665513857
0.0137881009350767	1.16535123846489
0.013791867696931	1.1675061518986
0.0137956365174259	1.15610650285257
0.0137994073982495	1.16644406089338
0.0138031803410917	1.17656693294083
0.0138069553476445	1.21427760292931
0.0138107324196013	1.08420724488182
0.0138145115586579	1.11524214507086
0.0138182927665114	1.11653370855727
0.0138220760448613	1.02811430951759
0.0138258613954085	1.13716997417779
0.013829648819856	1.03740141596476
0.0138334383199087	1.15279061798161
0.0138372298972732	1.25959069876495
0.0138410235536581	1.10219273938213
0.0138448192907739	1.19389900860501
0.0138486171103328	1.13779559340172
0.0138524170140491	1.20138525462673
0.0138562190036389	1.07416275085984
0.01386002308082	1.20463617431171
0.0138638292473124	1.12332407784708
0.0138676375048378	1.15496906250546
0.0138714478551198	1.15902910663379
0.013875260299884	1.12130594616063
0.0138790748408578	1.23036621242793
0.0138828914797704	1.14105035806899
0.0138867102183532	1.1467430798288
0.0138905310583392	1.12819086486771
0.0138943540014636	1.07591789557145
0.0138981790494632	1.09242663270378
0.0139020062040769	1.13403846493894
0.0139058354670455	1.10470117360113
0.0139096668401117	1.21894449657952
0.0139135003250202	1.16651669863774
0.0139173359235173	1.20200489009794
0.0139211736373518	1.18165936875635
0.0139250134682738	1.19002486561067
0.0139288554180358	1.1985120318875
0.0139326994883921	1.18828715106636
0.0139365456810987	1.22881802181957
0.013940393997914	1.15346541698995
0.0139442444405979	1.2445985602315
0.0139480970109124	1.2039945922855
0.0139519517106217	1.15087578441379
0.0139558085414915	1.15915526647216
0.0139596675052898	1.16578756194333
0.0139635286037864	1.25258495970335
0.0139673918387532	1.20799520038842
0.0139712572119638	1.23501500940019
0.0139751247251939	1.18246271190868
0.0139789943802214	1.20354112338909
0.0139828661788258	1.11899874465881
0.0139867401227887	1.15643639197939
0.0139906162138938	1.1535069644135
0.0139944944539267	1.18566125854397
0.0139983748446748	1.13746569441901
0.0140022573879278	1.15811586235158
0.0140061420854773	1.24191456147074
0.0140100289391166	1.22033974630139
0.0140139179506413	1.21702853799219
0.014017809121849	1.23169827924245
0.0140217024545391	1.22931440998135
0.0140255979505131	1.20191639713083
0.0140294956115746	1.1294598427822
0.014033395439529	1.17389471878526
0.0140372974361839	1.10417893206951
0.0140412016033488	1.12729959917415
0.0140451079428352	1.19738652543281
0.0140490164564567	1.0580588785709
0.0140529271460289	1.19633303394826
0.0140568400133694	1.17094279554115
0.0140607550602978	1.02288101707849
0.0140646722886358	1.19448272386171
0.014068591700207	1.13520861876628
0.0140725132968372	1.09302877456671
0.014076437080354	1.12062609034837
0.0140803630525875	1.12842962425638
0.0140842912153692	1.11698279108402
0.0140882215705332	1.07207452471167
0.0140921541199153	1.16177684852483
0.0140960888653536	1.14243975202726
0.014100025808688	1.20757221016601
0.0141039649517607	1.1160897885305
0.0141079062964158	1.19914099412207
0.0141118498444995	1.19368120645163
0.0141157955978601	1.16462229387273
0.0141197435583479	1.17165886948781
0.0141236937278153	1.14944699501602
0.0141276461081168	1.18779337877422
0.0141316007011091	1.17012980421942
0.0141355575086506	1.10746743011444
0.0141395165326022	1.19044208291966
0.0141434777748267	1.19048944915486
0.0141474412371889	1.17835304604393
0.0141514069215558	1.18903310462145
0.0141553748297966	1.1209049350415
0.0141593449637823	1.14981359357172
0.0141633173253863	1.1182006403244
0.014167291916484	1.10385381734839
0.0141712687389529	1.12854588086255
0.0141752477946724	1.12380132077528
0.0141792290855245	1.08041621878118
0.0141832126133927	1.14414696749948
0.0141871983801632	1.1705024385571
0.014191186387724	1.23336967857698
0.0141951766379652	1.15566316649971
0.0141991691327792	1.19298726094197
0.0142031638740603	1.14157573010272
0.0142071608637052	1.22517603278803
0.0142111601036127	1.06796858335778
0.0142151615956834	1.12644938461304
0.0142191653418204	1.20635820756517
0.0142231713439289	1.06987711022904
0.0142271796039161	1.18827156252619
0.0142311901236915	1.08084915548427
0.0142352029051666	1.13113679338971
0.0142392179502551	1.08334277692084
0.014243235260873	1.20668269542875
0.0142472548389384	1.16167357588044
0.0142512766863715	1.1258582627277
0.0142553008050946	1.11249460221823
0.0142593271970323	1.16975903567963
0.0142633558641114	1.19521446640031
0.0142673868082608	1.17716219780448
0.0142714200314116	1.20329028789884
0.0142754555354971	1.17516505222912
0.0142794933224528	1.25271673905553
0.0142835333942163	1.20428744999973
0.0142875757527274	1.20123139745109
0.0142916203999283	1.18835132795275
0.0142956673377633	1.21471001910252
0.0142997165681786	1.16601107011277
0.0143037680931231	1.19298432425552
0.0143078219145476	1.18516751205461
0.0143118780344052	1.13490598449854
0.0143159364546511	1.10565371636834
0.0143199971772429	1.1026151684946
0.0143240602041404	1.17596925117811
0.0143281255373055	1.22770839673255
0.0143321931787024	1.22613213722285
0.0143362631302975	1.18401033972648
0.0143403353940594	1.1307872203468
0.0143444099719592	1.20627895195409
0.0143484868659699	1.15977825485849
0.0143525660780668	1.19611056523082
0.0143566476102277	1.13177453869036
0.0143607314644324	1.14684874274227
0.014364817642663	1.17392091575424
0.0143689061469039	1.21272590353475
0.0143729969791418	1.13846673838283
0.0143770901413655	1.1416863228349
0.0143811856355664	1.2064538116209
0.0143852834637377	1.2013783949977
0.0143893836278752	1.17341583061692
0.014393486129977	1.13974319115696
0.0143975909720432	1.11725059212899
0.0144016981560765	1.1453814321818
0.0144058076840817	1.15220520354409
0.0144099195580658	1.08969753468619
0.0144140337800385	1.14901835291991
0.0144181503520113	1.16205355171013
0.0144222692759983	1.17437244002282
0.0144263905540157	1.09773432508536
0.0144305141880823	1.06974627684202
0.014434640180219	1.14217576265049
0.014438768532449	1.05693161788492
0.0144428992467978	1.09145359364181
0.0144470323252934	1.0151110185579
0.0144511677699659	1.0647299151453
0.014455305582848	1.05935958071317
0.0144594457659743	1.06516412297377
0.0144635883213822	1.09484787626326
0.0144677332511111	1.11858632111955
0.0144718805572029	1.14089915349985
0.0144760302417019	1.1289595582068
0.0144801823066544	1.00136547716657
0.0144843367541096	1.15821955556386
0.0144884935861185	1.1205858420379
0.0144926528047349	1.14196782594871
0.0144968144120146	1.09739466662744
0.0145009784100161	1.20553054978872
0.0145051448007999	1.11803171884396
0.0145093135864292	1.11274009749877
0.0145134847689693	1.05013047776212
0.0145176583504882	1.17113171533483
0.0145218343330559	1.24331357179486
0.0145260127187451	1.06335783341216
0.0145301935096307	1.17773173700133
0.01453437670779	1.20677371659625
0.0145385623153029	1.12702022296625
0.0145427503342514	1.04413084508803
0.01454694076672	1.15376383613345
0.0145511336147957	1.18352000344234
0.0145553288805679	1.20226997047644
0.0145595265661283	1.09594167084
0.014563726673571	1.11239282249684
0.0145679292049928	1.21426843529253
0.0145721341624924	1.16024881230266
0.0145763415481715	1.20847912330504
0.0145805513641338	1.15013993295406
0.0145847636124857	1.14237256640609
0.0145889782953359	1.10006258953875
0.0145931954147954	1.17187746038253
0.0145974149729781	1.24073606019544
0.0146016369719998	1.2128923454314
0.014605861413979	1.17007752692651
0.0146100883010369	1.19887617298659
0.0146143176352966	1.17606999088178
0.0146185494188842	1.14383043637232
0.0146227836539279	1.20440852706435
0.0146270203425586	1.25628488450717
0.0146312594869094	1.21148341665957
0.0146355010891162	1.1551330442751
0.0146397451513172	1.21982037189509
0.014643991675653	1.18694028030102
0.0146482406642669	1.15931497496329
0.0146524921193044	1.1855360700603
0.0146567460429139	1.23536004590016
0.0146610024372458	1.11544141836769
0.0146652613044535	1.25854122643242
0.0146695226466925	1.16239615908379
0.014673786466121	1.19911538437414
0.0146780527648997	1.27078533439044
0.0146823215451918	1.20202085343271
0.014686592809163	1.17632389021491
0.0146908665589814	1.15479928062284
0.014695142796818	1.17817739244681
0.0146994215248459	1.13618877175112
0.0147037027452409	1.14584404766694
0.0147079864601814	1.09956519245478
0.0147122726718484	1.15572965455747
0.0147165613824251	1.13892562316031
0.0147208525940977	1.11888057308458
0.0147251463090545	1.17767266785726
0.0147294425294868	1.16902331956581
0.0147337412575881	1.16919832769846
0.0147380424955546	1.19670988545709
0.0147423462455852	1.12032407451888
0.014746652509881	1.21376640109402
0.0147509612906462	1.13885664376584
0.014755272590087	1.18375298591359
0.0147595864104127	1.2359063122799
0.0147639027538348	1.1733447724082
0.0147682216225676	1.1162679473532
0.0147725430188279	1.23734426083011
0.0147768669448351	1.13921016750243
0.0147811934028112	1.24508336149105
0.014785522394981	1.15943037884301
0.0147898539235715	1.07104860562782
0.0147941879908128	1.18788842374159
0.0147985245989371	1.07842789902495
0.0148028637501796	1.09584892302182
0.014807205446778	1.159318987545
0.0148115496909726	1.08291971700205
0.0148158964850064	1.17946493597857
0.0148202458311249	1.11378479945309
0.0148245977315764	1.18476522870036
0.0148289521886118	1.1676150498968
0.0148333092044845	1.15143223334343
0.0148376687814507	1.23612998530691
0.0148420309217693	1.20146716240572
0.0148463956277016	1.21237139485098
0.0148507629015119	1.19742914807921
0.014855132745467	1.23436786705743
0.0148595051618362	1.17545677151296
0.0148638801528918	1.25504903192698
0.0148682577209086	1.12443298573944
0.014872637868164	1.12263496543173
0.0148770205969383	1.16077954003716
0.0148814059095142	1.09235460320944
0.0148857938081774	1.17070446450784
0.0148901842952162	1.14145680552404
0.0148945773729214	1.08711500022137
0.0148989730435868	1.23245386695664
0.0149033713095087	1.17450835830119
0.0149077721729863	1.13488377636892
0.0149121756363212	1.17699949735198
0.0149165817018181	1.20781888132966
0.0149209903717841	1.23549989195881
0.0149254016485293	1.18178715721578
0.0149298155343663	1.13614538722693
0.0149342320316107	1.21895075595071
0.0149386511425805	1.21278025524235
0.0149430728695968	1.17370401550184
0.0149474972149831	1.1590319759912
0.0149519241810659	1.1602474771854
0.0149563537701745	1.09078853494677
0.0149607859846407	1.18977165371471
0.0149652208267993	1.18022483271006
0.0149696582989877	1.23024569810227
0.0149740984035463	1.18263606669111
0.0149785411428179	1.19574664955064
0.0149829865191486	1.24103022542074
0.0149874345348867	1.24660283848603
0.0149918851923838	1.27705195709422
0.0149963384939941	1.18856329413567
0.0150007944420744	1.11901172194969
0.0150052530389847	1.0916417547746
0.0150097142870874	1.10620448336455
0.015014178188748	1.14422833325695
0.0150186447463347	1.20346607419631
0.0150231139622185	1.20417242707661
0.0150275858387733	1.24246036753071
0.0150320603783758	1.20169399242315
0.0150365375834054	1.21266784539161
0.0150410174562447	1.24220411054545
0.0150454999992786	1.2043379073933
0.0150499852148953	1.15330219113454
0.0150544731054857	1.23344962660083
0.0150589636734434	1.24898488987417
0.0150634569211652	1.21671186905604
0.0150679528510503	1.25497959403588
0.0150724514655013	1.2726287096837
0.0150769527669231	1.17277875523944
0.0150814567577241	1.263718047188
0.0150859634403149	1.15263274722671
0.0150904728171096	1.16222375962367
0.0150949848905247	1.23621354657071
0.0150994996629799	1.14401178743008
0.0151040171368978	1.17907146330847
0.0151085373147036	1.16051317576003
0.0151130601988258	1.11171863422589
0.0151175857916954	1.15295569061884
0.0151221140957467	1.21191851322306
0.0151266451134167	1.18368037692648
0.0151311788471454	1.11335129295973
0.0151357152993755	1.27907784855535
0.0151402544725531	1.22919089341443
0.0151447963691267	1.12057025765544
0.0151493409915482	1.16351639897157
0.0151538883422721	1.09890990603193
0.015158438423756	1.18210306480908
0.0151629912384605	1.16240973601004
0.0151675467888491	1.14376159252846
0.0151721050773882	1.2041185598149
0.0151766661065473	1.12603693009054
0.0151812298787987	1.20080628310899
0.0151857963966178	1.08451355297151
0.015190365662483	1.03967772757126
0.0151949376788756	1.16237798501448
0.0151995124482799	1.12287998223349
0.0152040899731832	1.1621885496771
0.0152086702560758	1.14649430491048
0.0152132532994512	1.1639293700847
0.0152178391058054	1.08224315086443
0.015222427677638	1.10468089954511
0.0152270190174512	1.16852579804588
0.0152316131277504	1.09369872574619
0.015236210011044	1.11314200029458
0.0152408096698434	1.08990334222673
0.015245412106663	1.04047087139295
0.0152500173240205	1.07401588953183
0.0152546253244361	1.06291643129461
0.0152592361104337	1.02558578123333
0.0152638496845397	0.976588939353058
0.015268466049284	1.03172246707563
0.0152730852071991	1.06064664966725
0.015277707160821	1.11530340046467
0.0152823319126885	1.18401804016977
0.0152869594653436	1.20655976070707
0.0152915898213314	1.07097258245369
0.0152962229831999	1.05667057348866
0.0153008589535004	1.07463217057676
0.0153054977347871	1.06977583917733
0.0153101393296175	1.12784695748703
0.0153147837405522	1.11142916094961
0.0153194309701546	1.12212919910429
0.0153240810209916	1.1200493092939
0.0153287338956329	1.05298702918892
0.0153333895966517	1.06782944730169
0.0153380481266238	1.04589000576087
0.0153427094881287	1.00569879925005
0.0153473736837486	1.00494268322558
0.0153520407160691	1.1498068095043
0.0153567105876787	1.03161709495701
0.0153613833011694	1.02230234479339
0.0153660588591361	1.07486570721925
0.0153707372641768	1.02096824199822
0.0153754185188929	1.10118175002038
0.0153801026258888	1.09303174407997
0.0153847895877721	1.13226174139931
0.0153894794071537	1.10466110896688
0.0153941720866475	1.08805142742261
0.0153988676288708	1.13774468003588
0.0154035660364439	1.12561275880011
0.0154082673119903	1.18535980996219
0.0154129714581369	1.1323029418965
0.0154176784775137	1.10125874397507
0.0154223883727537	1.15239140140482
0.0154271011464936	1.08013740954262
0.0154318168013728	1.11259339467856
0.0154365353400343	1.17961821814422
0.0154412567651242	1.19453948407448
0.0154459810792918	1.17999227888727
0.0154507082851897	1.13168062303674
0.0154554383854737	1.15258427670477
0.015460171382803	1.12652344240002
0.0154649072798399	1.14678555623422
0.0154696460792499	1.22723557101504
0.015474387783702	1.13544618648876
0.0154791323958683	1.18638451726622
0.0154838799184243	1.19548661313768
0.0154886303540486	1.10253452942155
0.0154933837054232	1.16487398631699
0.0154981399752335	1.15766373450508
0.015502899166168	1.15152317509825
0.0155076612809187	1.12007299625269
0.0155124263221807	1.04437124633204
0.0155171942926526	1.08621084647171
0.0155219651950361	1.01561559813259
0.0155267390320365	1.09652946113266
0.0155315158063623	1.02291332653943
0.0155362955207252	0.972878250580618
0.0155410781778404	0.989799045212699
0.0155458637804265	0.972419812822852
0.0155506523312053	0.922738392919735
0.0155554438329019	0.913971490379334
0.0155602382882451	1.04580744147877
0.0155650356999666	0.919129891076155
0.0155698360708019	0.924309895783218
0.0155746394034896	1.02569124708403
0.0155794457007717	1.06747634583942
0.0155842549653937	1.05332197708172
0.0155890672001045	1.04614716808649
0.0155938824076563	0.965523755899464
0.0155987005908047	1.03668303171307
0.0156035217523087	1.10200015601048
0.0156083458949309	0.974171656378088
0.015613173021437	0.977424595115103
0.0156180031345965	1.12504088607581
0.0156228362371819	0.972625440053261
0.0156276723319695	1.03740232912029
0.0156325114217389	1.08281934297286
0.0156373535092731	1.11714812889577
0.0156421985973586	1.02664304298243
0.0156470466887853	1.05877012128939
0.0156518977863466	1.08817279673958
0.0156567518928394	1.16024858430647
0.0156616090110641	1.14031241102892
0.0156664691438245	1.13181593873776
0.0156713322939278	1.26698709066723
0.0156761984641848	1.20633001796936
0.0156810676574098	1.22359643074488
0.0156859398764207	1.21506584207986
0.0156908151240385	1.23843440658572
0.0156956934030883	1.14884206297945
0.0157005747163981	1.17547826994456
0.0157054590668	1.16822088270812
0.0157103464571291	1.20559472473099
0.0157152368902244	1.21361825337725
0.0157201303689283	1.23061192439125
0.0157250268960868	1.17862810032458
0.0157299264745492	1.26018725301225
0.0157348291071688	1.17384773649037
0.015739734796802	1.16576852323985
0.0157446435463092	1.20869533374328
0.0157495553585539	1.16700170587757
0.0157544702364035	1.23645240720144
0.015759388182729	1.13494205154454
0.0157643092004047	1.19318748479077
0.0157692332923089	1.17154937407279
0.015774160461323	1.24047950089842
0.0157790907103325	1.20440520759029
0.0157840240422262	1.14964064010784
0.0157889604598966	1.19812382149675
0.0157938999662397	1.18616944015197
0.0157988425641554	1.16652950509757
0.0158037882565471	1.17432105266631
0.0158087370463216	1.22968903560907
0.0158136889363898	1.2633490588889
0.0158186439296658	1.23319041111832
0.0158236020290676	1.18946548097347
0.0158285632375168	1.14096938511006
0.0158335275579388	1.12030872321321
0.0158384949932624	1.15052691335675
0.0158434655464203	1.18573537061246
0.0158484392203488	1.1746855833498
0.0158534160179879	1.15029549279877
0.0158583959422813	1.167103801782
0.0158633789961763	1.12412065612495
0.0158683651826241	1.08067300971172
0.0158733545045794	1.17369959015493
0.0158783469650008	1.22398935936534
0.0158833425668506	1.24386810113602
0.0158883413130946	1.20581029333654
0.0158933432067027	1.19348714040679
0.0158983482506483	1.19060294954795
0.0159033564479085	1.17017104018946
0.0159083678014643	1.22266477544577
0.0159133823143005	1.14680268788577
0.0159183999894055	1.11172687483018
0.0159234208297715	1.16753640598453
0.0159284448383946	1.1672503202193
0.0159334720182745	1.21033886682722
0.015938502372415	1.24064574590438
0.0159435359038232	1.19543381985953
0.0159485726155105	1.16100909510476
0.0159536125104919	1.16376496480321
0.015958655591786	1.17040452765673
0.0159637018624156	1.20756464799074
0.0159687513254071	1.12430310914446
0.0159738039837908	1.19446776129761
0.0159788598406008	1.22822166442466
0.015983918898875	1.17151665169557
0.0159889811616552	1.11126410822596
0.0159940466319872	1.06584794742169
0.0159991153129204	1.19682737226436
0.0160041872075082	1.17850375317774
0.0160092623188079	1.12122692882517
0.0160143406498806	1.06943130922608
0.0160194222037914	1.21771740918471
0.0160245069836091	1.17286024868013
0.0160295949924066	1.20325520106411
0.0160346862332605	1.17115765149534
0.0160397807092516	1.10803861301176
0.0160448784234644	1.15500987597023
0.0160499793789873	1.25405718174709
0.0160550835789126	1.21855961720924
0.0160601910263369	1.22719938807126
0.0160653017243603	1.08772355454612
0.016070415676087	1.22047320821076
0.0160755328846252	1.13980451831132
0.0160806533530871	1.20494233241356
0.0160857770845888	1.09483289997934
0.0160909040822502	1.19675243662718
0.0160960343491956	1.25176125955181
0.0161011678885529	1.2258434972416
0.0161063047034541	1.2121176799197
0.0161114447970352	1.1789155757527
0.0161165881724364	1.1335118662551
0.0161217348328016	1.17172817760143
0.0161268847812789	1.1130976829558
0.0161320380210204	1.16016138599066
0.0161371945551822	1.16192342244495
0.0161423543869245	1.17109633623448
0.0161475175194114	1.16419778406858
0.0161526839558111	1.24391819444345
0.0161578536992961	1.21168037319137
0.0161630267530426	1.19894768824605
0.0161682031202311	1.17808930900043
0.0161733828040461	1.16591062147078
0.0161785658076762	1.2053270985278
0.016183752134314	1.16086599840897
0.0161889417871563	1.20826959694091
0.016194134769404	1.19973484555835
0.0161993310842622	1.22466529805264
0.0162045307349397	1.24607585252861
0.01620973372465	1.22954894090482
0.0162149400566104	1.27103631443085
0.0162201497340422	1.17834147680174
0.0162253627601712	1.23937171507356
0.0162305791382271	1.1887103652448
0.0162357988714439	1.1182426007339
0.0162410219630596	1.22512194224869
0.0162462484163165	1.20335794026846
0.016251478234461	1.17394183776254
0.0162567114207437	1.05693682573905
0.0162619479784195	1.25701800740981
0.0162671879107472	1.03252574336702
0.0162724312209903	1.17767733760292
0.0162776779124159	1.15578317830372
0.0162829279882958	1.07312901369864
0.0162881814519058	1.18040439796808
0.0162934383065259	1.11681258178841
0.0162986985554406	1.19936298791277
0.0163039622019382	1.14871726576104
0.0163092292493117	1.23995265665438
0.0163144997008581	1.18054904174644
0.0163197735598787	1.22502400614208
0.016325050829679	1.15726843043101
0.016330331513569	1.20976362552202
0.0163356156148629	1.25919212952676
0.016340903136879	1.1979121379049
0.01634619408294	1.16104107695736
0.0163514884563731	1.1918609752467
0.0163567862605097	1.1429002055725
0.0163620874986852	1.24085731211398
0.0163673921742399	1.13165712928498
0.0163727002905179	1.14647005598286
0.0163780118508681	1.22190770822851
0.0163833268586433	1.23074547092191
0.016388645317201	1.21250878054522
0.0163939672299029	1.19109388092902
0.0163992926001151	1.11165100236857
0.0164046214312082	1.08412606892942
0.0164099537265568	1.22999101456281
0.0164152894895404	1.19537692326198
0.0164206287235425	1.20551608435969
0.0164259714319512	1.20063943215143
0.016431317618159	1.15731823174782
0.0164366672855627	1.2114943330973
0.0164420204375637	1.25429622974698
0.0164473770775676	1.11064362807379
0.0164527372089847	1.14743502560672
0.0164581008352296	1.18072029684905
0.0164634679597214	1.19265188208879
0.0164688385858835	1.20380489373797
0.016474212717144	1.1747316952626
0.0164795903569355	1.21954296917354
0.0164849715086948	1.16785933007798
0.0164903561758634	1.11053174825397
0.0164957443618873	1.21383738830341
0.0165011360702169	1.23050199346499
0.0165065313043072	1.16750253471041
0.0165119300676178	1.14566781275961
0.0165173323636125	1.11331714729805
0.01652273819576	1.14494768529299
0.0165281475675334	1.14616485005076
0.0165335604824104	1.12187022647101
0.016538976943873	1.12774806138907
0.0165443969554082	1.1365065149888
0.0165498205205072	1.13225577626852
0.0165552476426659	1.27554836745741
0.016560678325385	1.17399677059701
0.0165661125721694	1.09466566482484
0.0165715503865288	1.10768995109066
0.0165769917719777	1.20558698503988
0.0165824367320349	1.13729138859433
0.016587885270224	1.21354206270426
0.0165933373900732	1.15028988007586
0.0165987930951153	1.21481113029285
0.0166042523888877	1.20705496040805
0.0166097152749327	1.08719440573307
0.016615181756797	1.182807848072
0.0166206518380321	1.07443027258577
0.0166261255221941	1.11379717467377
0.0166316028128439	1.13215670143428
0.0166370837135469	1.08779947204611
0.0166425682278734	1.16748623039618
0.0166480563593984	1.13517298973283
0.0166535481117015	1.16887644980508
0.0166590434883671	1.09849869351356
0.0166645424929843	1.12634798794558
0.0166700451291469	1.03298348172316
0.0166755514004536	1.07542366841246
0.0166810613105076	1.06028148770599
0.0166865748629172	1.10594553228083
0.0166920920612952	1.07585500259983
0.0166976129092592	1.06584911825626
0.0167031374104318	1.08169505583278
0.0167086655684402	1.13707836441931
0.0167141973869165	1.11235457606723
0.0167197328694975	1.11551922052243
0.0167252720198249	1.13724656385838
0.0167308148415452	1.09548598071071
0.0167363613383098	1.14851028780948
0.0167419115137749	1.0487313236289
0.0167474653716015	1.1072379585914
0.0167530229154556	1.09835298024986
0.0167585841490079	1.03485591068989
0.016764149075934	1.01732858473708
0.0167697176999146	1.07979685007483
0.0167752900246349	1.05345840241322
0.0167808660537854	0.932383831843913
0.0167864457910613	1.08190145044305
0.0167920292401628	1.12836956541571
0.0167976164047948	1.07017221641521
0.0168032072886675	1.06023631583231
0.0168088018954957	1.13514397634814
0.0168144002289994	1.16878289801326
0.0168200022929034	1.23027341592371
0.0168256080909376	1.13004044343427
0.0168312176268368	1.15779152649403
0.0168368309043406	1.22163509782053
0.0168424479271939	1.17371591077825
0.0168480686991465	1.05757650319038
0.0168536932239531	1.08736429733872
0.0168593215053736	1.12952205745383
0.0168649535471727	1.18903183514758
0.0168705893531203	1.16928738520814
0.0168762289269912	1.13372640743387
0.0168818722725654	1.06631023735634
0.016887519393628	1.1726598801876
0.0168931702939689	1.13878409281375
0.0168988249773833	1.10185313718533
0.0169044834476715	1.10812314783674
0.0169101457086386	1.16899987607975
0.0169158117640953	1.15130139088487
0.0169214816178568	1.15356950494755
0.016927155273744	1.18640938848023
0.0169328327355825	1.16888051895602
0.0169385140072033	1.14307691783269
0.0169441990924423	1.07403631690274
0.0169498879951409	1.18836227304423
0.0169555807191452	1.13110828245781
0.016961277268307	1.0865720917314
0.0169669776464828	1.18330106240586
0.0169726818575345	1.17934299272439
0.0169783899053292	1.16999498331534
0.0169841017937393	1.22641168291187
0.0169898175266421	1.1537710860727
0.0169955371079205	1.06011951263471
0.0170012605414623	1.21777322357261
0.0170069878311608	1.11400831701412
0.0170127189809144	1.23700604070216
0.0170184539946267	1.06700710274962
0.0170241928762068	1.15009277279516
0.0170299356295688	1.16655702465207
0.0170356822586324	1.0950178558634
0.0170414327673222	1.16840102285742
0.0170471871595684	1.10446339996957
0.0170529454393064	1.20226648460998
0.017058707610477	1.19200781932094
0.0170644736770262	1.25034062062288
0.0170702436429054	1.17416037341073
0.0170760175120714	1.17453220295496
0.0170817952884863	1.17241331536216
0.0170875769761175	1.18404503703254
0.0170933625789379	1.20147038674869
0.0170991521009257	1.1436244446532
0.0171049455460645	1.23080467887959
0.0171107429183433	1.16956032485321
0.0171165442217566	1.2315637299317
0.0171223494603043	1.14622288422101
0.0171281586379915	1.14445879744076
0.017133971758829	1.21032079330965
0.0171397888268329	1.15002264314749
0.0171456098460249	1.17008894040743
0.0171514348204321	1.21074618181327
0.0171572637540869	1.17159593849124
0.0171630966510275	1.16993059692156
0.0171689335152973	1.22813675631839
0.0171747743509454	1.13410744079544
0.0171806191620263	1.12154495921316
0.0171864679526002	1.20446661607965
0.0171923207267325	1.19969318473158
0.0171981774884945	1.2490922352431
0.0172040382419627	1.27902219392073
0.0172099029912195	1.2168271543732
0.0172157717403527	1.24112996973025
0.0172216444934557	1.22911749188597
0.0172275212546273	1.21062160544639
0.0172334020279723	1.16371065334067
0.0172392868176008	1.16128950637009
0.0172451756276285	1.27640637913531
0.017251068462177	1.15399932013868
0.0172569653253732	1.21495993852234
0.0172628662213499	1.130790444258
0.0172687711542454	1.21522948408176
0.0172746801282037	1.21591052621493
0.0172805931473746	1.18090990526616
0.0172865102159134	1.18595878236555
0.0172924313379812	1.22865714138059
0.0172983565177447	1.16257840430428
0.0173042857593765	1.2781599556055
0.0173102190670547	1.1603537078582
0.0173161564449633	1.23420547989314
0.017322097897292	1.28616177679611
0.0173280434282363	1.12704054341158
0.0173339930419972	1.12136984298631
0.0173399467427819	1.19525375160915
0.017345904534803	1.16078418897522
0.0173518664222791	1.1235385849161
0.0173578324094345	1.23260176133819
0.0173638025004994	1.26060546237129
0.0173697766997098	1.18390418474001
0.0173757550113075	1.18112545476064
0.0173817374395401	1.13157445713341
0.0173877239886611	1.16014597825366
0.01739371466293	1.17879628584325
0.0173997094666119	1.11041718451453
0.017405708403978	1.10259266167568
0.0174117114793053	1.18238716192358
0.0174177186968767	1.24137166050611
0.017423730060981	1.22489461216193
0.017429745575913	1.19784031179139
0.0174357652459733	1.19721334909438
0.0174417890754687	1.22575943113918
0.0174478170687116	1.18586737533859
0.0174538492300207	1.1868835685033
0.0174598855637204	1.23970733614749
0.0174659260741412	1.17715048260906
0.0174719707656197	1.23731586040286
0.0174780196424983	1.1891915381678
0.0174840727091256	1.12533719531791
0.0174901299698561	1.07547195498504
0.0174961914290504	1.0897866745412
0.0175022570910752	1.08720566841595
0.017508326960303	1.14022379064602
0.0175144010411128	1.17594021899713
0.0175204793378892	1.15037131860587
0.0175265618550232	1.17162548123992
0.0175326485969119	1.13505667362109
0.0175387395679584	1.12208541449865
0.0175448347725719	1.24106184779033
0.0175509342151679	1.12548858165221
0.0175570379001677	1.13193075162712
0.0175631458319992	1.10694112037694
0.0175692580150962	1.09784956969145
0.0175753744538987	1.17342967243811
0.0175814951528528	1.22216930593533
0.0175876201164111	1.22916148001603
0.017593749349032	1.19537502678002
0.0175998828551804	1.13414365765355
0.0176060206393274	1.18629499983518
0.0176121627059503	1.1528386095408
0.0176183090595325	1.18571511048267
0.017624459704564	1.18919041081221
0.0176306146455407	1.16280864083018
0.0176367738869651	1.14164306519423
0.0176429374333457	1.17971851037296
0.0176491052891975	1.20799016075469
0.0176552774590419	1.14742244073988
0.0176614539474063	1.06180324942208
0.0176676347588248	1.12609987409318
0.0176738198978375	1.12078384340036
0.0176800093689913	1.22659243660167
0.017686203176839	1.10936152850076
0.01769240132594	1.14514070257767
0.0176986038208602	1.03224087729471
0.0177048106661718	1.14988085431453
0.0177110218664534	1.13582813473544
0.0177172374262899	1.0842707432708
0.0177234573502729	1.11971153612747
0.0177296816430004	1.05418691631778
0.0177359103090766	1.00888847896657
0.0177421433531125	1.12361245821333
0.0177483807797254	0.945924159949083
0.0177546225935392	1.02619355188396
0.0177608687991841	0.963590421298715
0.0177671194012971	0.967520876479715
0.0177733744045216	0.913448184360398
0.0177796338135074	0.935839288869914
0.0177858976329112	0.893805171877554
0.0177921658673958	1.02408185339052
0.0177984385216311	0.977118976519357
0.0178047156002931	1.11233173990586
0.0178109971080647	0.999385455713033
0.0178172830496354	0.977269717533309
0.0178235734297011	1.13504130535746
0.0178298682529646	1.07593689444541
0.0178361675241352	1.02659541980744
0.0178424712479288	0.995275137018727
0.0178487794290682	1.10630725467482
0.0178550920722827	1.03956066281694
0.0178614091823082	1.09163557300392
0.0178677307638876	1.12738460951189
0.0178740568217703	1.1120130564908
0.0178803873607125	1.02234027941436
0.017886722385477	1.05598284810938
0.0178930619008336	1.11481339638202
0.0178994059115587	1.07493848408585
0.0179057544224355	1.14298386682137
0.0179121074382541	1.16874847078727
0.0179184649638111	1.12775931517449
0.0179248270039103	1.15949961910782
0.0179311935633621	1.20514099383839
0.0179375646469837	1.14044464414514
0.0179439402595993	1.11209841998525
0.0179503204060398	1.14271513443332
0.0179567050911432	1.21554408927701
0.0179630943197541	1.23547878050564
0.0179694880967243	1.22425853291778
0.0179758864269122	1.28344306732972
0.0179822893151833	1.19326079822292
0.0179886967664101	1.15100474712964
0.0179951087854719	1.23474126934085
0.0180015253772551	1.16710146029336
0.0180079465466528	1.16194969088522
0.0180143722985654	1.13655998618053
0.0180208026379002	1.24310037619754
0.0180272375695714	1.26073076652444
0.0180336770985003	1.28859790350769
0.0180401212296154	1.17776210153347
0.0180465699678518	1.12988439474324
0.0180530233181521	1.14345748140187
0.0180594812854659	1.16882346891617
0.0180659438747496	1.1827723662542
0.0180724110909671	1.14440111372661
0.018078882939089	1.15320158339679
0.0180853594240934	1.17480996284028
0.0180918405509653	1.11806519726102
0.0180983263246968	1.06530844952909
0.0181048167502875	1.13412938920152
0.0181113118327437	1.20904931864477
0.0181178115770794	1.21390888152795
0.0181243159883153	1.17433132174659
0.0181308250714796	1.09864480949561
0.0181373388316078	1.13331503371247
0.0181438572737424	1.18815769107505
0.0181503804029333	1.1790615410478
0.0181569082242376	1.1610177049323
0.0181634407427198	1.16892575991185
0.0181699779634514	1.18641957238431
0.0181765198915116	1.12338377259707
0.0181830665319866	1.22191151248031
0.0181896178899701	1.218756573308
0.0181961739705631	1.20971479112182
0.0182027347788739	1.18727422816607
0.0182093003200182	1.18226367298275
0.0182158705991192	1.05704199668337
0.0182224456213074	1.11422606442069
0.0182290253917206	1.19665431824206
0.0182356099155042	1.19032136039867
0.0182421991978109	1.19437709470701
0.0182487932438011	1.16458487035417
0.0182553920586423	1.13510007390214
0.0182619956475097	1.09098106491292
0.018268604015586	1.15389785831378
0.0182752171680613	1.0668238597239
0.0182818351101334	0.936311965086205
0.0182884578470073	1.0675401532249
0.018295085383896	1.06932597136876
0.0183017177260196	0.993961873386435
0.018308354878606	1.06333388108525
0.0183149968468908	1.07338442115533
0.018321643636117	1.1818711771115
0.0183282952515353	1.07605782389751
0.0183349516984039	1.12376850636024
0.0183416129819889	1.15603347392817
0.0183482791075639	1.22259533649807
0.01835495008041	1.16856079052763
0.0183616259058164	1.09128669598062
0.0183683065890796	1.15216405168661
0.018374992135504	1.20741836531319
0.0183816825504018	1.16703303352158
0.0183883778390927	1.08967306433463
0.0183950780069043	1.20692133460368
0.018401783059172	1.07040224247667
0.0184084930012389	1.17500928531371
0.018415207838456	1.10013278947765
0.018421927576182	1.19363468181685
0.0184286522197834	1.14633183355788
0.0184353817746348	1.15378702305854
0.0184421162461182	1.20272598563093
0.018448855639624	1.15537552584012
0.01845559996055	1.1734457122099
0.0184623492143022	1.18942525510929
0.0184691034062943	1.15011822103733
0.0184758625419483	1.15518847912878
0.0184826266266936	1.09326687675897
0.018489395665968	1.20187855996134
0.018496169665217	1.11574549793435
0.0185029486298943	1.06302027835591
0.0185097325654614	1.13280406671946
0.018516521477388	1.09566431288648
0.0185233153711516	1.13688937906259
0.0185301142522379	1.15740594768599
0.0185369181261407	1.12074574536944
0.0185437269983617	1.1883925947268
0.0185505408744108	1.14491831674913
0.0185573597598061	1.21432414492517
0.0185641836600735	1.1699911815548
0.0185710125807474	1.16523113658238
0.0185778465273701	1.17503320256218
0.0185846855054922	1.13845392798591
0.0185915295206724	1.21700233533709
0.0185983785784775	1.14757676154615
0.0186052326844827	1.20104903582778
0.0186120918442714	1.12914181212548
0.018618956063435	1.16277477523285
0.0186258253475735	1.21484770740696
0.0186326997022948	1.24021621444716
0.0186395791332155	1.25216172094572
0.0186464636459601	1.23442647761634
0.0186533532461616	1.18912616888845
0.0186602479394614	1.10255573431566
0.0186671477315091	1.11232514448147
0.0186740526279627	1.18710517179747
0.0186809626344886	1.15656847019035
0.0186878777567616	1.16964423659436
0.0186947980004649	1.22522740609186
0.01870172337129	1.20173286302297
0.018708653874937	1.23032765288904
0.0187155895171145	1.2959451751839
0.0187225303035393	1.29513802315737
0.0187294762399369	1.16333471360668
0.0187364273320413	1.19420536144157
0.0187433835855949	1.20315448031957
0.0187503450063488	1.12034428660207
0.0187573116000624	1.20346397787629
0.0187642833725038	1.19576876240331
0.0187712603294498	1.10502431121597
0.0187782424766856	1.19274026910665
0.0187852298200051	1.20800533988506
0.0187922223652108	1.09099454805338
0.0187992201181139	1.16477490767952
0.0188062230845342	1.21824032939464
0.0188132312703001	1.26403524335562
0.0188202446812489	1.08230434214992
0.0188272633232265	1.17514979929623
0.0188342872020874	1.14125754491731
0.0188413163236951	1.14287141394144
0.0188483506939215	1.15564017824747
0.0188553903186477	1.13792007754549
0.0188624352037632	1.16309984253056
0.0188694853551666	1.16714404695532
0.0188765407787652	1.15514044513518
0.018883601480475	1.1305112352642
0.0188906674662211	1.08958859225467
0.0188977387419374	1.05587812673586
0.0189048153135665	1.13044776823454
0.0189118971870602	1.06663798989834
0.018918984368379	1.07700464290709
0.0189260768634925	1.19278009940394
0.018933174678379	1.14672551181436
0.0189402778190261	1.12294560426821
0.0189473862914302	1.18876439025181
0.0189545001015968	1.18436405373664
0.0189616192555402	1.22999233287008
0.0189687437592839	1.12604448655277
0.0189758736188607	1.09129099288118
0.0189830088403119	1.15711997703146
0.0189901494296885	1.12985275497767
0.0189972953930501	1.01311837917499
0.0190044467364658	1.20698418937234
0.0190116034660137	1.1454365943302
0.0190187655877809	1.10913595768926
0.019025933107864	1.16256454797919
0.0190331060323685	1.22117297194449
0.0190402843674093	1.14606044898698
0.0190474681191104	1.22892450945838
0.0190546572936052	1.18947566176763
0.0190618518970361	1.22505446350698
0.0190690519355552	1.18380154885975
0.0190762574153234	1.22296024713829
0.0190834683425113	1.20777776078169
0.0190906847232987	1.19622705192591
0.0190979065638747	1.26140818324532
0.0191051338704379	1.14919520689252
0.019112366649196	1.13929835708329
0.0191196049063666	1.16056000738845
0.0191268486481762	1.2179690299073
0.019134097880861	1.10184207426775
0.0191413526106667	1.22383631954216
0.0191486128438484	1.20904427303846
0.0191558785866707	1.19530650354679
0.0191631498454077	1.12309626383318
0.0191704266263429	1.26069296134122
0.0191777089357697	1.17216871829021
0.0191849967799908	1.13442983357645
0.0191922901653184	1.16650826639329
0.0191995890980746	1.15760887588359
0.0192068935845909	1.11554650150251
0.0192142036312084	1.07060766045889
0.0192215192442781	1.1577114651851
0.0192288404301606	1.12592016915939
0.0192361671952259	1.1877270842916
0.019243499545854	1.12778311352377
0.0192508374884347	1.18138593676668
0.0192581810293673	1.1446331622017
0.0192655301750611	1.11533444048167
0.019272884931935	1.21703233231145
0.0192802453064177	1.1622935908099
0.0192876113049479	1.24109344019329
0.0192949829339741	1.23080438887798
0.0193023601999545	1.2255959272057
0.0193097431093574	1.20562467871138
0.0193171316686608	1.15744758481853
0.0193245258843528	1.16471126350497
0.0193319257629312	1.16848135090775
0.019339331310904	1.14604414586258
0.0193467425347892	1.15866826916613
0.0193541594411144	1.17887156223095
0.0193615820364177	1.1710277697725
0.019369010327247	1.18627256860681
0.0193764443201602	1.1352178687836
0.0193838840217255	1.20174061999944
0.0193913294385208	1.13608840567706
0.0193987805771345	1.12999686231967
0.019406237444165	1.18443893227108
0.0194137000462208	1.14013756272069
0.0194211683899205	1.18658667760519
0.0194286424818931	1.25523300887017
0.0194361223287777	1.24224935734005
0.0194436079372236	1.20975283452868
0.0194510993138903	1.12322748345272
0.0194585964654478	1.14508699216139
0.019466099398576	1.1624615189957
0.0194736081199655	1.16972844181973
0.019481122636317	1.21747552362943
0.0194886429543417	1.18830950309987
0.0194961690807609	1.19839652989655
0.0195037010223066	1.16035437507934
0.019511238785721	1.20329535942894
0.0195187823777568	1.21870257937881
0.0195263318051772	1.20515854414093
0.0195338870747557	1.17598310507667
0.0195414481932765	1.15626839780607
0.0195490151675341	1.12652712980269
0.0195565880043337	1.11279879216973
0.019564166710491	1.20366837330435
0.0195717512928322	1.23747899619397
0.0195793417581942	1.21639177931971
0.0195869381134243	1.23101378474961
0.0195945403653808	1.20084582918135
0.0196021485209322	1.16713529075878
0.0196097625869581	1.10381277693859
0.0196173825703485	1.13234499022156
0.0196250084780043	1.17190286252318
0.0196326403168369	1.14987720837841
0.0196402780937686	1.16149989680814
0.0196479218157326	1.16556809580045
0.0196555714896728	1.20508271897754
0.0196632271225437	1.12558712247536
0.019670888721311	1.02674599561221
0.019678556292951	1.12245917680317
0.019686229844451	1.16354436479549
0.0196939093828092	1.17637353664566
0.0197015949150347	1.15472950286641
0.0197092864481475	1.11017347662597
0.0197169839891787	1.11623302453544
0.0197246875451701	1.06198883716443
0.019732397123175	1.13803304704357
0.0197401127302572	1.18174709137837
0.0197478343734919	1.16422804503162
0.0197555620599652	1.11164551845746
0.0197632957967745	1.12294887286815
0.019771035591028	1.08419781757368
0.0197787814498454	1.15898465226979
0.0197865333803573	1.08650618714131
0.0197942913897055	1.13196149255996
0.0198020554850432	1.11619061824031
0.0198098256735347	1.14040340758087
0.0198176019623554	1.06901074002198
0.0198253843586922	1.06969761786897
0.0198331728697433	1.10093647096365
0.019840967502718	1.10555769294043
0.0198487682648371	1.09806900656059
0.0198565751633328	1.15147923090496
0.0198643882054486	1.20466162843142
0.0198722073984393	1.1610511404747
0.0198800327495713	1.16906475903901
0.0198878642661225	1.14105940711681
0.019895701955382	1.15324890721293
0.0199035458246507	1.16769636025679
0.0199113958812407	1.05703267521942
0.019919252132476	1.05281599165816
0.019927114585692	1.09971665376166
0.0199349832482355	1.03788135256189
0.0199428581274651	1.01559823935659
0.0199507392307512	0.965682966032481
0.0199586265654754	1.10423056043562
0.0199665201390315	0.943651346173814
0.0199744199588245	0.943945053828538
0.0199823260322716	0.860079740232924
0.0199902383668013	0.995019708271126
0.0199981569698542	0.910716985491305
0.0200060818488826	0.962627260337466
0.0200140130113506	0.92920429678054
0.0200219504647341	0.946746529868108
0.0200298942165208	1.03337979570463
0.0200378442742106	0.943600447529116
0.020045800645315	0.98913943309333
0.0200537633373575	0.897152641645848
0.0200617323578736	1.05617207407652
0.0200697077144109	0.986231191239475
0.0200776894145287	1.05810454897056
0.0200856774657987	0.902822571787656
0.0200936718758043	0.974113933356996
0.0201016726521413	1.1144326888059
0.0201096798024173	1.13806643552723
0.0201176933342523	1.0550407403745
0.0201257132552783	1.12323233028825
0.0201337395731395	1.06505996629362
0.0201417722954923	1.13268605120149
0.0201498114300053	1.24401950926124
0.0201578569843594	1.10881177714919
0.0201659089662477	1.21491604456444
0.0201739673833757	1.1986167958339
0.0201820322434611	1.26053358509507
0.0201901035542341	1.19424653562891
0.0201981813234371	1.24463648967651
0.020206265558825	1.25563982990709
0.0202143562681652	1.2228316560251
0.0202224534592373	1.26881520625908
0.0202305571398335	1.23131617849001
0.0202386673177587	1.20962010617625
0.0202467840008299	1.23702964632283
0.020254907196877	1.2205927959954
0.0202630369137423	1.22744451892118
0.0202711731592807	1.18814630125854
0.0202793159413599	1.16029781085715
0.02028746526786	1.13493621882918
0.0202956211466739	1.1800041028396
0.0203037835857072	1.13961320689566
0.0203119525928782	1.10690676980962
0.0203201281761179	1.13862050144331
0.0203283103433701	1.19703292825369
0.0203364991025915	1.16825408880969
0.0203446944617516	1.13719766984308
0.0203528964288325	1.11570809273758
0.0203611050118295	1.10749179109062
0.0203693202187508	1.19000791921504
0.0203775420576172	1.21956899349685
0.0203857705364627	1.24541052195546
0.0203940056633344	1.20393629067236
0.020402247446292	1.13985927847432
0.0204104958934088	1.17152554605175
0.0204187510127706	1.18182218023573
0.0204270128124767	1.13924923750758
0.0204352813006392	1.1106840288365
0.0204435564853836	1.13507625728757
0.0204518383748484	1.20925174258888
0.0204601269771854	1.2310197601517
0.0204684223005595	1.1891249671405
0.020476724353149	1.21268546200158
0.0204850331431454	1.14374661725689
0.0204933486787534	1.17592480418414
0.0205016709681911	1.11710125205264
0.0205100000196901	1.12499166897804
0.0205183358414953	1.14746597487096
0.0205266784418647	1.15478671979852
0.0205350278290703	1.13904409551652
0.020543384011397	1.25003839628338
0.0205517469971437	1.14636351539225
0.0205601167946224	1.20123016382718
0.0205684934121589	1.20452468311918
0.0205768768580925	1.06532379591964
0.0205852671407761	1.21341149077636
0.0205936642685762	1.20120616463098
0.020602068249873	1.2182956093089
0.0206104790930603	1.16618728860875
0.0206188968065458	1.14994502734416
0.0206273213987508	1.28859085870454
0.0206357528781103	1.259554307198
0.0206441912530732	1.27342263590682
0.0206526365321023	1.25394682213454
0.0206610887236742	1.10908870077757
0.0206695478362792	1.14443124345718
0.0206780138784218	1.20630354010923
0.0206864868586201	1.07066528180359
0.0206949667854066	1.23079122047252
0.0207034536673275	1.08491701582236
0.020711947512943	1.21125500182697
0.0207204483308275	1.10649856036569
0.0207289561295694	1.18418717872968
0.0207374709177713	1.14388058923763
0.0207459927040498	1.21907992697418
0.0207545214970358	1.22108463308849
0.0207630573053743	1.16860390596846
0.0207716001377245	1.2747202242549
0.0207801500027601	1.2082270913852
0.0207887069091688	1.20446307799337
0.0207972708656528	1.23530971530702
0.0208058418809285	1.19799500457282
0.0208144199637268	1.15687722441168
0.020823005122793	1.21154921164544
0.0208315973668866	1.13793178315037
0.020840196704782	1.17133077659064
0.0208488031452676	1.14588435989462
0.0208574166971468	1.18306600209793
0.0208660373692372	1.17837916541894
0.0208746651703712	1.16754109044096
0.0208833001093956	1.24868924392133
0.020891942195172	1.18616831143027
0.0209005914365768	1.11840082696897
0.0209092478425007	1.22395450636851
0.0209179114218495	1.23193005289323
0.0209265821835437	1.20048687269316
0.0209352601365185	1.16608716442577
0.020943945289724	1.20137246740622
0.020952637652125	1.22826385686983
0.0209613372327015	1.18442331345727
0.0209700440404482	1.22210702421127
0.0209787580843747	1.19726311984644
0.0209874793735058	1.10833716402014
0.0209962079168811	1.25306550813533
0.0210049437235553	1.19915893773773
0.0210136868025983	1.2583714065277
0.0210224371630949	1.26905514986328
0.0210311948141453	1.18479615399205
0.0210399597648647	1.20128031837283
0.0210487320243834	1.19334768654521
0.0210575116018471	1.18123936883839
0.0210662985064168	1.16483916809555
0.0210750927472687	1.1441586074089
0.0210838943335943	1.14168059875428
0.0210927032746005	1.10006814296628
0.0211015195795097	1.20123414551427
0.0211103432575595	1.12529497067565
0.0211191743180032	0.950312029022508
0.0211280127701095	1.15235587152535
0.0211368586231624	1.13722767021766
0.0211457118864619	1.08913322327501
0.0211545725693232	1.0919536541868
0.0211634406810773	1.16178164007229
0.0211723162310708	1.2042212847446
0.0211811992286659	1.1562732424133
0.0211900896832409	1.14268507719565
0.0211989876041893	1.21610084960015
0.0212078930009208	1.05861675027119
0.0212168058828606	1.1508636399537
0.0212257262594502	1.13700330082519
0.0212346541401465	1.07604484312234
0.0212435895344226	1.13978174722947
0.0212525324517674	1.09411597792632
0.021261482901686	1.14160301708626
0.0212704408936993	1.1420026306116
0.0212794064373444	1.08434761814119
0.0212883795421743	1.14238810639275
0.0212973602177583	1.13111880261025
0.0213063484736819	1.12128244057384
0.0213153443195465	1.06271298238005
0.02132434776497	1.02749794711695
0.0213333588195865	1.13980306019015
0.0213423774930463	1.02337349009234
0.0213514037950161	1.06499418967806
0.0213604377351789	1.08137875608923
0.0213694793232342	1.07256435451625
0.0213785285688978	1.14996035101757
0.0213875854819021	1.07212477251615
0.0213966500719959	1.21985993589635
0.0214057223489446	1.16904833858221
0.02141480232253	1.11377801046402
0.0214238900025508	1.08088215166624
0.021432985398822	1.1305295662573
0.0214420885211757	1.02020728950795
0.0214511993794602	1.11673286825742
0.0214603179835409	1.01488491237746
0.0214694443433	1.19294276442769
0.0214785784686363	1.05261580031118
0.0214877203694655	1.10908294208916
0.0214968700557204	1.14332171536029
0.0215060275373504	1.12064339133949
0.0215151928243222	1.18087930379517
0.0215243659266193	1.2143397200819
0.0215335468542421	1.18180486340837
0.0215427356172085	1.1738787562119
0.021551932225553	1.17155144716567
0.0215611366893276	1.09371257236854
0.0215703490186014	1.19918213743919
0.0215795692234605	1.15810101862159
0.0215887973140087	1.18726040137971
0.0215980333003666	1.18346866962173
0.0216072771926724	1.10799719649793
0.0216165290010816	1.10098163827688
0.0216257887357672	1.17731299012243
0.0216350564069195	1.21681402535466
0.0216443320247463	1.27885737176493
0.021653615599473	1.19666068783739
0.0216629071413424	1.14108284550664
0.0216722066606151	1.27746514916029
0.0216815141675691	1.12922520759719
0.0216908296725002	1.17956958477285
0.0217001531857218	1.18590359039327
0.0217094847175653	1.2396655015214
0.0217188242783795	1.182418246778
0.0217281718785313	1.13535384804283
0.0217375275284053	1.17549667980548
0.0217468912384041	1.21209132387198
0.0217562630189482	1.24100816281817
0.0217656428804761	1.19608112278448
0.0217750308334441	1.2668806541502
0.0217844268883269	1.26697826577411
0.0217938310556169	1.26039626815873
0.021803243345825	1.1738962433981
0.02181266376948	1.20435312562468
0.0218220923371291	1.14488056747308
0.0218315290593375	1.10178764283488
0.0218409739466889	1.10647810380013
0.0218504270097852	1.03398722636945
0.0218598882592468	1.05833567781666
0.0218693577057124	1.13159486554414
0.021878835359839	1.19544184745109
0.0218883212323024	1.20818285505223
0.0218978153337967	1.17763963212661
0.0219073176750347	1.23391380277487
0.0219168282667475	1.20363157854545
0.0219263471196853	1.14862582298665
0.0219358742446167	1.23120028706985
0.021945409652329	1.15944610716878
0.0219549533536283	1.13511669539005
0.0219645053593397	1.12214357219629
0.021974065680307	1.11213075336177
0.0219836343273927	1.23633440339077
0.0219932113114785	1.22208394168203
0.022002796643465	1.24268624769794
0.0220123903342718	1.19769916487516
0.0220219923948375	1.18462779227607
0.0220316028361199	1.15364305247225
0.0220412216690957	1.15853806027867
0.0220508489047612	1.20186335414859
0.0220604845541316	1.22161966386747
0.0220701286282413	1.19457987221959
0.0220797811381443	1.08923674336974
0.0220894420949136	1.17685343645162
0.022099111509642	1.2419565127329
0.0221087893934414	1.19238271719365
0.0221184757574432	1.13960757262224
0.0221281706127985	1.18366739170203
0.0221378739706778	1.16668253251315
0.0221475858422713	1.12402278167254
0.0221573062387888	1.12427417694499
0.0221670351714598	1.10455756071435
0.0221767726515334	1.16376057861104
0.0221865186902788	1.07775193880349
0.0221962732989846	1.07473942770816
0.0222060364889596	1.06048387347789
0.0222158082715323	1.00957206762711
0.0222255886580514	1.00159146916781
0.0222353776598852	0.957356322333896
0.0222451752884225	1.05319065163744
0.0222549815550717	1.06942254820895
0.0222647964712617	1.01459690020908
0.0222746200484415	1.02755152363045
0.0222844522980801	1.00871519240881
0.022294293231667	1.06394735332634
0.0223041428607119	0.997557989727888
0.0223140011967449	1.0741303464424
0.0223238682513164	1.03862198119846
0.0223337440359974	1.1530778395776
0.0223436285623792	1.12995510687064
0.0223535218420737	1.07952708931562
0.0223634238867134	1.09296212092899
0.0223733347079514	1.09014845035085
0.0223832543174616	1.20715785470942
0.0223931827269383	1.1624597136471
0.0224031199480969	1.19578262258001
0.0224130659926733	1.20763291756793
0.0224230208724245	1.18623652136012
0.0224329845991284	1.25761845949533
0.0224429571845835	1.24002137995657
0.0224529386406097	1.24213322645144
0.0224629289790477	1.19695366241676
0.0224729282117594	1.23140904927464
0.0224829363506277	1.24826486946926
0.0224929534075569	1.24494976649058
0.0225029793944722	1.16932876403912
0.0225130143233204	1.13700376450956
0.0225230582060694	1.22298268708607
0.0225331110547086	1.25563372289485
0.0225431728812487	1.24157835225851
0.022553243697722	1.20157050228646
0.0225633235161821	1.09727440500389
0.0225734123487044	1.21793859274495
0.0225835102073857	1.18972961345506
0.0225936171043446	1.19216964292987
0.0226037330517213	1.20459115231195
0.022613858061678	1.15869942589782
0.0226239921463982	1.09215340033231
0.0226341353180878	1.18650857463881
0.0226442875889743	1.14899870784659
0.0226544489713072	1.15947298294503
0.0226646194773579	1.09943674965182
0.02267479911942	1.14217330617606
0.0226849879098092	1.20853137656118
0.0226951858608633	1.13504349705474
0.0227053929849422	1.20029633815805
0.0227156092944281	1.12936028094301
0.0227258348017256	1.09874111600028
0.0227360695192616	1.24404392786161
0.0227463134594854	1.25112653004131
0.0227565666348685	1.13686393694947
0.0227668290579053	1.16452622326702
0.0227771007411126	1.16992497124722
0.0227873816970296	1.10939156210234
0.0227976719382183	1.1223318220129
0.0228079714772636	1.15963051263852
0.0228182803267727	1.15714026382796
0.0228285984993761	1.14233671393353
0.0228389260077269	1.18977889842969
0.0228492628645009	1.12848244336263
0.0228596090823974	1.15741130367055
0.0228699646741381	1.16774802390855
0.0228803296524683	1.06483942162826
0.022890704030156	1.12383577056114
0.0229010878199927	1.14366038793782
0.0229114810347928	1.13378343844113
0.0229218836873943	1.04503821518711
0.0229322957906582	1.24169737640539
0.0229427173574692	1.06121003039106
0.0229531484007352	1.09603302810685
0.0229635889333876	1.08683281907197
0.0229740389683815	1.11193020315549
0.0229844985186954	1.18638137435981
0.0229949675973316	1.20117841646463
0.0230054462173161	1.18388602910858
0.0230159343916984	1.2019166382433
0.0230264321335522	1.16112891377091
0.0230369394559747	1.13399300764664
0.0230474563720873	1.0740986013743
0.0230579828950352	1.10915899678138
0.0230685190379877	1.16602356635374
0.0230790648141382	1.1333283115057
0.023089620236704	1.11978288903187
0.023100185318927	1.18277191644264
0.0231107600740731	1.15315297029997
0.0231213445154324	1.14318077744418
0.0231319386563197	1.19377158003305
0.0231425425100738	1.18987880502162
0.0231531560900583	1.22224483043746
0.0231637794096612	1.18400764371317
0.0231744124822951	1.14254402757587
0.0231850553213971	1.12536960544425
0.0231957079404293	1.17290365559168
0.0232063703528783	1.20622591720885
0.0232170425722555	1.19399490327544
0.0232277246120973	1.23786038734492
0.0232384164859651	1.2038955934429
0.023249118207445	1.09502666843848
0.0232598297901483	1.26234080513392
0.0232705512477114	1.18619376297089
0.023281282593796	1.08700776177317
0.0232920238420886	1.19321826882244
0.0233027750063014	1.17848986722261
0.0233135361001717	1.19099485856218
0.0233243071374622	1.15480296457934
0.0233350881319612	1.13310136550104
0.0233458790974823	1.16285272088719
0.0233566800478647	1.11257198088088
0.0233674909969734	1.21783644987261
0.0233783119586989	1.19185625851662
0.0233891429469575	1.18268081688882
0.0233999839756913	1.28979149455213
0.0234108350588683	1.25102828383432
0.0234216962104823	1.27575741606545
0.0234325674445532	1.1953736730146
0.023443448775127	1.08491963232102
0.0234543402162756	1.26305115692461
0.0234652417820972	1.06932412490068
0.0234761534867162	1.18082513716918
0.0234870753442833	1.17963881435672
0.0234980073689754	1.09091766195477
0.0235089495749961	1.18203374690356
0.0235199019765752	1.14267155413101
0.0235308645879692	1.15902566325172
0.0235418374234611	1.18447167641734
0.0235528204973605	1.15049309794296
0.0235638138240039	1.19917669489836
0.0235748174177544	1.19273486302185
0.023585831293002	1.15505005357721
0.0235968554641637	1.19599061519836
0.0236078899456833	1.10246715545403
0.0236189347520317	1.16309131919937
0.023629989897707	1.11485814719024
0.0236410553972343	1.12703182076123
0.023652131265166	1.21337271647148
0.0236632175160818	1.066275529019
0.0236743141645887	1.13206189831342
0.023685421225321	1.12574601135318
0.0236965387129408	1.18143626475985
0.0237076666421374	1.28237715503147
0.0237188050276279	1.20612572167604
0.0237299538841571	1.22172987438141
0.0237411132264973	1.21447212342035
0.0237522830694489	1.26353752833001
0.02376346342784	1.21062153512299
0.0237746543165265	1.16945253943626
0.0237858557503926	1.11162653348545
0.0237970677443505	1.19491196180559
0.0238082903133402	1.11393751018686
0.0238195234723304	1.170253307594
0.0238307672363176	1.17779263669289
0.0238420216203269	1.16890273642696
0.0238532866394119	1.17446850399117
0.0238645623086542	1.19244029745312
0.0238758486431644	1.21315814890767
0.0238871456580816	1.1803198374769
0.0238984533685733	1.11362758144353
0.023909771789836	1.24830517228068
0.023921100937095	1.22182238540367
0.0239324408256044	1.17358537237691
0.0239437914706471	1.19623769579218
0.0239551528875352	1.20227775597376
0.0239665250916099	1.21740328126422
0.0239779080982414	1.17993561739125
0.0239893019228292	1.13037381977786
0.024000706580802	1.14057341851557
0.024012122087618	1.18697425968875
0.0240235484587647	1.14761723971214
0.0240349857097591	1.20514484617598
0.0240464338561479	1.16819108962182
0.0240578929135073	1.15817429417251
0.0240693628974432	1.15471861444186
0.0240808438235913	1.22149646853474
0.0240923357076172	1.19145859224204
0.0241038385652164	1.09305006330618
0.0241153524121143	1.14821007222138
0.0241268772640664	1.23785988196169
0.0241384131368585	1.18081294781255
0.0241499600463063	1.15252375094458
0.0241615180082561	1.19115199279912
0.0241730870385844	1.16029014597206
0.0241846671531979	1.16119679692865
0.0241962583680342	1.10894778098067
0.0242078606990613	1.13074850561611
0.0242194741622777	1.17262001498003
0.0242310987737128	1.07191821882457
0.0242427345494267	1.16504407200786
0.0242543815055104	1.23013459386487
0.0242660396580859	1.14613228129233
0.0242777090233061	1.24194258852289
0.0242893896173549	1.15382420938416
0.0243010814564476	1.18756612623096
0.0243127845568307	1.21476675323645
0.0243244989347818	1.17751311571921
0.02433622460661	1.12247578863985
0.024347961588656	1.15686073440359
0.0243597098972919	1.08392561976327
0.0243714695489214	1.15412877920518
0.0243832405599799	1.0010380389448
0.0243950229469346	1.13046435688313
0.0244068167262846	0.982565238943049
0.0244186219145608	0.941516294173101
0.0244304385283262	0.936344978227669
0.0244422665841759	0.932201873678494
0.0244541060987369	1.02422521245045
0.0244659570886688	1.05637131611448
0.0244778195706632	1.05428433028102
0.0244896935614443	1.01448589592159
0.0245015790777686	1.00877303697008
0.0245134761364253	0.965557630963654
0.0245253847542362	1.01967601196603
0.0245373049480557	1.05317887172176
0.024549236734771	0.988155729832063
0.0245611801313023	1.1006766696173
0.0245731351546026	1.07755469404894
0.0245851018216579	0.995867924740453
0.0245970801494875	1.09830588292735
0.0246090701551436	1.03346622741079
0.024621071855712	1.18401523848928
0.0246330852683116	1.14512484931561
0.0246451104100948	1.1388323884856
0.0246571472982475	1.20247575958845
0.0246691959499892	1.19854758708754
0.0246812563825731	1.09855198806338
0.0246933286132861	1.16631807753653
0.0247054126594489	1.21980999287669
0.0247175085384163	1.16016327301182
0.024729616267577	1.18750236855724
0.0247417358643537	1.16770323272281
0.0247538673462034	1.14741224992089
0.0247660107306173	1.16258253183642
0.0247781660351209	1.18506933459516
0.0247903332772743	1.10805487553819
0.0248025124746718	1.11953799765937
0.0248147036449427	1.10413621763918
0.0248269068057505	1.20142566397827
0.0248391219747938	1.22546592968018
0.0248513491698061	1.28070206066759
0.0248635884085555	1.20715063036863
0.0248758397088454	1.12448447179147
0.0248881030885142	1.2021648435294
0.0249003785654356	1.13415159683077
0.0249126661575184	1.13649620282421
0.0249249658827069	1.16950923040038
0.0249372777589808	1.15354477993642
0.0249496018043554	1.19135019643769
0.0249619380368815	1.23406711285216
0.0249742864746459	1.21039569094186
0.0249866471357708	1.18347909086096
0.0249990200384146	1.17313777797909
0.0250114052007717	1.16255187666756
0.0250238026410723	1.1370220794501
0.0250362123775831	1.19729774384026
0.0250486344286067	1.18111118681908
0.0250610688124824	1.18318396389434
0.0250735155475857	1.11634923487525
0.0250859746523286	1.23864883229766
0.0250984461451599	1.13617396461419
0.025110930044565	1.1695992448912
0.0251234263690661	1.12364157891246
0.0251359351372222	1.16115216761646
0.0251484563676295	1.1952053369877
0.0251609900789211	1.03362582748887
0.0251735362897673	1.23943290953823
0.0251860950188756	1.16220821297756
0.025198666284991	1.22121712896315
0.0252112501068958	1.26653173100079
0.02522384650341	1.25176927581349
0.025236455493391	1.25475680746655
0.0252490770957341	1.20456462324992
0.0252617113293724	1.17818349072671
0.0252743582132769	1.19402971767146
0.0252870177664565	1.19032950237501
0.0252996900079584	1.20152538540883
0.0253123749568678	1.14573536334931
0.0253250726323084	1.14195510291647
0.0253377830534422	1.09438654791985
0.0253505062394695	1.23241359543903
0.0253632422096295	1.18962129978917
0.0253759909832	1.11171174560991
0.0253887525794974	1.17617560088645
0.0254015270178771	1.11855629364815
0.0254143143177335	1.15274665973343
0.0254271144985001	1.14007578042831
0.0254399275796495	1.14973917819591
0.0254527535806935	1.1783448323009
0.0254655925211834	1.18533936532721
0.02547844442071	1.29212934432101
0.0254913092989034	1.24984830436583
0.0255041871754338	1.21075486590055
0.0255170780700108	1.21521520639626
0.025529982002384	1.18739140092555
0.0255428989923429	1.19708713121467
0.0255558290597173	1.22942889401772
0.0255687722243769	1.1560549956951
0.0255817285062318	1.14779669505515
0.0255946979252324	1.19907861396313
0.0256076805013698	1.20935061546455
0.0256206762546753	1.2047928754304
0.0256336852052213	1.19504412057038
0.0256467073731207	1.15097340087601
0.0256597427785274	1.17184035312396
0.0256727914416362	1.15071740508805
0.0256858533826831	1.11940428368537
0.0256989286219454	1.08919720401995
0.0257120171797415	1.21145843441677
0.0257251190764313	1.11879578356849
0.0257382343324162	1.19383334529795
0.0257513629681392	1.22423507950301
0.0257645050040853	1.15429701899012
0.0257776604607809	1.13231187369354
0.0257908293587947	1.13181376929555
0.0258040117187372	1.17600354879149
0.0258172075612612	1.2065498983822
0.0258304169070618	1.08526747684915
0.0258436397768764	1.12371269056273
0.0258568761914849	1.16437368353689
0.0258701261717098	1.18747409059154
0.0258833897384163	1.03636801730036
0.0258966669125124	1.06966496718879
0.0259099577149491	1.10818686050255
0.0259232621667202	1.09880100868835
0.025936580288863	1.06988464131912
0.0259499121024578	1.1022316938311
0.0259632576286283	1.16603342288931
0.0259766168885417	1.16734815944265
0.0259899899034088	1.22287602862095
0.0260033766944841	1.21965572500346
0.0260167772830659	1.04277352692166
0.0260301916904965	1.19789421921705
0.0260436199381621	1.17441463118635
0.0260570620474931	1.08831584309689
0.0260705180399643	1.2222181789667
0.0260839879370946	1.17593780054329
0.0260974717604478	1.25163996181455
0.0261109695316319	1.19119800834702
0.0261244812722999	1.16477545515497
0.0261380070041495	1.1435503570211
0.0261515467489234	1.18201946327965
0.0261651005284095	1.19378006565932
0.0261786683644406	1.18779857275256
0.0261922502788951	1.15121231646381
0.0262058462936967	1.2398738804314
0.0262194564308146	1.14327973981139
0.0262330807122638	1.09930644283092
0.026246719160105	1.18797318460617
0.0262603717964447	1.20238667915851
0.0262740386434357	1.12176457517712
0.0262877197232765	1.07562097904017
0.0263014150582124	1.13058675708505
0.0263151246705346	1.17340655060067
0.0263288485825812	1.19226940503673
0.0263425868167365	1.10154295262623
0.026356339395432	1.21183096927241
0.0263701063411456	1.18887228055544
0.0263838876764027	1.1122860759841
0.0263976834237753	1.13986180522892
0.026411493605883	1.16668299421496
0.0264253182453927	1.16237949386363
0.0264391573650186	1.21482611720867
0.0264530109875226	1.20747802895535
0.0264668791357145	1.19860509493385
0.0264807618324518	1.21315457388135
0.0264946591006398	1.13621722271417
0.0265085709632324	1.14854068525772
0.0265224974432312	1.23721308160793
0.0265364385636866	1.19874343768848
0.0265503943476971	1.13530361598919
0.0265643648184102	1.14384570869993
0.0265783499990219	1.07602708810936
0.0265923499127771	1.04763479852315
0.0266063645829697	1.07397361363747
0.0266203940329428	1.02940460251663
0.0266344382860888	1.04029174764976
0.0266484973658493	1.0604798931542
0.0266625712957156	1.05245959333221
0.0266766600992286	0.977650792500127
0.0266907637999789	1.04826966109501
0.0267048824216072	1.05285221843185
0.0267190159878041	1.08977081280215
0.0267331645223104	1.07342198473773
0.0267473280489172	1.18823196213568
0.0267615065914661	1.1106553117493
0.0267757001738492	1.16701850061642
0.0267899088200095	1.06450946578353
0.0268041325539406	1.14658487994766
0.0268183713996872	1.08029167547175
0.0268326253813452	1.07331744900411
0.0268468945230616	1.11449606167869
0.0268611788490349	1.19642434527039
0.0268754783835152	1.14790486032255
0.0268897931508039	1.22148692561534
0.0269041231752547	1.21541732827826
0.0269184684812729	1.18867639817372
0.0269328290933159	1.1938813981154
0.0269472050358936	1.22842970766854
0.0269615963335679	1.17700401442828
0.0269760030109535	1.22919838002645
0.0269904250927174	1.15717433391413
0.0270048626035798	1.25976358833189
0.0270193155683134	1.17201879959382
0.0270337840117443	1.19771211466013
0.0270482679587515	1.12160806222098
0.0270627674342677	1.18921254162898
0.0270772824632788	1.09984554068888
0.0270918130708244	1.09651033908291
0.027106359281998	1.18940910256581
0.0271209211219468	1.22389883321105
0.0271354986158724	1.14500218681144
0.0271500917890302	1.12819636888434
0.0271647006667303	1.169237049243
0.0271793252743371	1.2041623591678
0.0271939656372698	1.14061004499585
0.0272086217810023	1.20757448896641
0.0272232937310634	1.17424598966842
0.0272379815130371	1.13581728873989
0.0272526851525626	1.16387161036317
0.0272674046753345	1.13689555537287
0.027282140107103	1.15197351884683
0.0272968914736739	1.22012620358512
0.0273116588009088	1.20709891001819
0.0273264421147255	1.26649980445506
0.0273412414410977	1.11190294842248
0.0273560568060555	1.12154360045766
0.0273708882356856	1.13638488689958
0.027385735756131	1.1116584745096
0.0274005993935917	1.09868090523305
0.0274154791743246	1.13738528213917
0.0274303751246435	1.11581322299866
0.0274452872709195	1.17995064637666
0.0274602156395812	1.14516623110138
0.0274751602571146	1.07561788156304
0.0274901211500634	1.08888472756787
0.0275050983450291	1.18658806190363
0.0275200918686713	1.27312557834497
0.0275351017477078	1.19356693362441
0.0275501280089146	1.14337705314446
0.0275651706791263	1.15797542047508
0.0275802297852359	1.11596404305645
0.0275953053541955	1.20068120752942
0.027610397413016	1.12615400408137
0.0276255059887675	1.16332189303521
0.0276406311085793	1.17014512195304
0.0276557727996402	1.14970964272097
0.0276709310891985	1.17379530732372
0.0276861060045625	1.14340932533573
0.0277012975731002	1.17441056660837
0.0277165058222399	1.09332450251071
0.02773173077947	1.13263232835229
0.0277469724723394	1.18646413237506
0.0277622309284577	1.21509779000923
0.027777506175495	1.16615001760323
0.0277927982411826	1.18676616467217
0.0278081071533128	1.13626902039328
0.0278234329397392	1.13767432113682
0.0278387756283766	1.13991754179657
0.0278541352472019	1.14477400355265
0.0278695118242533	1.22855849332293
0.0278849053876312	1.22217747800563
0.027900315965498	1.17823777493588
0.0279157435860786	1.24151810808963
0.0279311882776599	1.11839316116592
0.027946650068592	1.1591790501413
0.0279621289872875	1.14926355325118
0.027977625062222	1.17396328706798
0.0279931383219343	1.22549492390187
0.0280086687950265	1.21661073708315
0.0280242165101643	1.1414664516843
0.0280397814960769	1.26987598361043
0.0280553637815576	1.16967586937677
0.0280709633954635	1.21989468782079
0.0280865803667161	1.22588826998209
0.0281022147243013	1.06934122047966
0.0281178664972694	1.12364824600127
0.0281335357147356	1.1886182749451
0.02814922240588	1.16116882671283
0.0281649265999478	1.18543531053883
0.0281806483262496	1.17111351999625
0.0281963876141613	1.05603998025907
0.0282121444931246	1.21474122765853
0.0282279189926469	1.19122255865941
0.028243711142302	1.16265393321525
0.0282595209717294	1.2323415391944
0.0282753485106353	1.18933915615156
0.0282911937887926	1.13931213749289
0.0283070568360407	1.26036398774818
0.0283229376822862	1.17955706345468
0.0283388363575025	1.18427748415421
0.0283547528917309	1.17807405193459
0.0283706873150796	1.13902220646253
0.028386639657725	1.22593059356011
0.0284026099499112	1.16985823306331
0.0284185982219503	1.11663892197994
0.0284346045042231	1.1325941256822
0.0284506288271783	1.12308383458785
0.0284666712213338	1.24291281076623
0.028482731717276	1.15569277509494
0.0284988103456606	1.1773776050544
0.0285149071372125	1.18976747711785
0.028531022122726	1.23417445961385
0.0285471553330651	1.18281178731683
0.0285633067991636	1.13208144260789
0.0285794765520253	1.18839365092299
0.0285956646227245	1.1884678181844
0.0286118710424057	1.16507392316381
0.0286280958422841	1.1968341641036
0.0286443390536457	1.16974226117113
0.0286606007078477	1.13835782716709
0.0286768808363185	1.18174669580958
0.0286931794705577	1.20732684155408
0.028709496642137	1.03451340673171
0.0287258323826995	1.17716468779674
0.0287421867239606	1.18828203670344
0.0287585596977081	1.20019389812533
0.028774951335802	1.21780740580353
0.028791361670175	1.10583128190756
0.028807790732833	1.13479045987697
0.0288242385558546	1.07598902590221
0.0288407051713919	1.05855324375488
0.0288571906116705	1.01619260194983
0.0288736949089898	1.02323441826283
0.0288902180957229	1.02878932306223
0.0289067602043173	1.02423769680531
0.0289233212672946	1.02483614203403
0.0289399013172514	0.971403808107061
0.0289565003868585	0.988156357572926
0.0289731185088622	1.04195035605717
0.0289897557160837	1.02624010013144
0.0290064120414199	1.05720716441923
0.029023087517843	1.03067247275452
0.0290397821784015	1.14328386625414
0.0290564960562195	1.12818971225157
0.0290732291844979	1.19442170006242
0.0290899815965137	1.14328537897007
0.0291067533256208	1.2015066785932
0.0291235444052503	1.19112810280611
0.02914035486891	1.21753360953977
0.0291571847501855	1.21860080194528
0.02917403408274	1.17055227431064
0.0291909029003143	1.21641373232532
0.0292077912367276	1.20238071059612
0.0292246991258772	1.19130513361324
0.0292416266017389	1.18502867841982
0.0292585736983676	1.16353015716046
0.0292755404498967	1.21607952017948
0.0292925268905393	1.15044403246156
0.0293095330545875	1.0845942262177
0.0293265589764135	1.1952750178224
0.0293436046904692	1.15306073623203
0.0293606702312865	1.15707733073459
0.029377755633478	1.21653249750724
0.0293948609317367	1.1205279660949
0.0294119861608366	1.14889111699273
0.0294291313556325	1.13682609570056
0.0294462965510609	1.12196221934351
0.0294634817821395	1.12956539555749
0.0294806870839681	1.15628100802116
0.0294979124917284	1.13761752092045
0.0295151580406842	1.16672806705656
0.0295324237661822	1.12875685058459
0.0295497097036514	1.20461960629175
0.0295670158886043	1.2612517784756
0.0295843423566362	1.14274005682742
0.0296016891434261	1.12514131962348
0.0296190562847368	1.09116380150638
0.0296364438164148	1.18803117015023
0.0296538517743911	1.17716136567411
0.0296712801946811	1.16614722206509
0.0296887291133848	1.26073844034262
0.0297061985666873	1.21949353296641
0.0297236885908589	1.19334717540461
0.0297411992222553	1.17493741015532
0.0297587304973179	1.22367181515228
0.0297762824525742	1.16713627379423
0.0297938551246379	1.2609281823024
0.0298114485502092	1.18953197168318
0.0298290627660748	1.21035947225635
0.0298466978091086	1.23496048512931
0.0298643537162719	1.16317959079502
0.0298820305246132	1.18994619687489
0.029899728271269	1.1067248346643
0.0299174469934636	1.18942464717058
0.0299351867285099	1.06943036999378
0.029952947513809	1.20202987019697
0.0299707293868511	1.16720614670874
0.0299885323852154	1.15963767875395
0.0300063565465703	1.22187654587396
0.030024201908674	1.19909081488693
0.0300420685093745	1.22761993832312
0.03005995638661	1.27827035235589
0.0300778655784089	1.2296928922936
0.0300957961228905	1.2101842563209
0.030113748058265	1.14971305343265
0.0301317214228338	1.15321128171727
0.0301497162549899	1.16404171562856
0.0301677325932178	1.11424131273623
0.0301857704760943	1.27248748348644
0.0302038299422884	1.11177427899285
0.0302219110305618	1.18643334802704
0.0302400137797689	1.14614136534401
0.0302581382288575	1.11953774052781
0.0302762844168685	1.16386706362587
0.0302944523829368	1.11165104809405
0.0303126421662912	1.17584580135989
0.0303308538062547	1.2428096825749
0.0303490873422449	1.16748358546128
0.0303673428137743	1.06211284894236
0.0303856202604504	1.20492997748921
0.0304039197219763	1.20240201623611
0.0304222412381506	1.13448017551848
0.030440584848868	1.16382243611105
0.0304589505941195	1.16684191672464
0.0304773385139927	1.11793491381171
0.0304957486486718	1.15134821300517
0.0305141810384385	1.21561874883658
0.0305326357236717	1.19387068670748
0.0305511127448482	1.11776091985766
0.0305696121425428	1.17257882936642
0.0305881339574286	1.17621965579227
0.0306066782302772	0.983155429208403
0.0306252450019594	1.13100371205784
0.0306438343134451	1.18533584132799
0.0306624462058038	1.17792949456573
0.0306810807202046	1.09438462301841
0.0306997378979171	1.11888184167636
0.0307184177803111	1.13279532863488
0.0307371204088572	1.11257484621951
0.030755845825127	1.03066648503697
0.0307745940707937	1.17291725117068
0.030793365187632	1.1677919533588
0.0308121592175184	1.22221610325385
0.0308309762024321	1.23996773575935
0.0308498161844546	1.11034764501439
0.0308686792057705	1.2319897057026
0.0308875653086674	1.23459261650433
0.0309064745355369	1.17635206083267
0.0309254069288739	1.14472836551783
0.0309443625312779	1.20937692607654
0.0309633413854528	1.18394411655831
0.0309823435342073	1.27308112937865
0.0310013690204553	1.12985804487325
0.031020417887216	1.13150455185748
0.0310394901776147	1.0644239502153
0.0310585859348826	1.09462419913139
0.0310777052023574	1.03274281844551
0.0310968480234837	1.09481230147816
0.0311160144418129	1.08397172713669
0.0311352045010041	1.05507678620549
0.0311544182448242	1.12487621139673
0.031173655717148	1.05553986748816
0.0311929169619589	1.12066354969409
0.031212202023349	1.15228097881688
0.0312315109455195	1.1307908801304
0.0312508437727812	1.04264494228559
0.0312702005495543	1.14469799860349
0.0312895813203696	1.09623637154065
0.031308986129868	1.16465831397072
0.0313284150228014	1.14241026229332
0.0313478680440328	1.21854695715166
0.0313673452385367	1.26375901493341
0.0313868466513994	1.22512295394585
0.0314063723278195	1.26890174662169
0.0314259223131081	1.20635341773737
0.0314454966526891	1.22684231402027
0.0314650953920997	1.23449255712136
0.0314847185769908	1.22552666125143
0.031504366253127	1.23331780875724
0.0315240384663876	1.23449266312694
0.0315437352627662	1.15177906792709
0.0315634566883715	1.25021290527126
0.0315832027894278	1.21670438608503
0.0316029736122748	1.24962229757774
0.0316227692033686	1.20276641916897
0.0316425896092817	1.17967291033177
0.0316624348767032	1.11213324853901
0.0316823050524399	1.11347883399764
0.0317022001834155	1.19591007765479
0.0317221203166723	1.13033648160927
0.0317420654993706	1.11379925740986
0.0317620357787892	1.11573140300475
0.0317820312023263	1.17914440067457
0.0318020518174993	1.11970157481334
0.0318220976719455	1.04056580965184
0.0318421688134225	1.09563933469426
0.0318622652898083	1.07173330686163
0.0318823871491018	1.19646351052383
0.0319025344394233	1.16591203371412
0.0319227072090149	1.19925766523075
0.0319429055062407	1.16824456348972
0.0319631293795873	1.1599653562746
0.0319833788776642	1.13909604186254
0.032003654049204	1.24245689689588
0.0320239549430633	1.16297771766243
0.0320442816082223	1.23758935787118
0.0320646340937861	1.19367157243082
0.0320850124489841	1.24123416710802
0.0321054167231715	1.21960213046892
0.0321258469658287	1.27986699499854
0.0321463032265623	1.09876577027433
0.0321667855551054	1.22820102882415
0.0321872940013177	1.14792079824239
0.0322078286151864	1.21662162927539
0.0322283894468261	1.1774960751556
0.0322489765464796	1.20380744313793
0.0322695899645182	1.17198317872059
0.032290229751442	1.2301060132057
0.0323108959578804	1.18968077436799
0.0323315886345923	1.17454615250583
0.0323523078324672	1.2068306065663
0.0323730536025245	1.21594441622597
0.0323938259959151	1.18269566152316
0.0324146250639209	1.11635551469764
0.0324354508579559	1.14428498023752
0.032456303429566	1.16470574489852
0.03247718283043	1.09458815824594
0.0324980891123595	1.11691246004603
0.0325190223272999	1.15789058867604
0.0325399825273303	1.10143304985096
0.0325609697646643	1.04260879703368
0.0325819840916501	1.16845953191441
0.0326030255607714	1.1809146420606
0.0326240942246473	1.25745749749875
0.0326451901360331	1.22747201303256
0.0326663133478208	1.18184852938515
0.0326874639130392	1.20045366266543
0.0327086418848544	1.14341029372194
0.0327298473165708	1.14835722851232
0.0327510802616307	1.24116564669834
0.0327723407736153	1.18164345687815
0.0327936289062452	1.096700016998
0.0328149447133805	1.17331657773106
0.0328362882490213	1.20432051605889
0.0328576595673086	1.17217100773161
0.0328790587225243	1.14702060951485
0.0329004857690916	1.25480903434205
0.032921940761576	1.1440162249806
0.0329434237546852	1.07466275472314
0.0329649348032699	1.1536494328782
0.032986473962324	1.18328192489254
0.0330080412869855	1.12863090300149
0.0330296368325364	1.15818024435869
0.0330512606544037	1.12374582987315
0.0330729128081595	1.20232549762868
0.0330945933495216	1.19130132834757
0.0331163023343542	1.16848147934677
0.033138039818668	1.18524821594743
0.0331598058586208	1.26068541544579
0.0331816005105182	1.18184852461247
0.0332034238308138	1.17879021560448
0.03322527587611	1.12150898730548
0.0332471567031581	1.1029536556318
0.0332690663688591	1.17271556647504
0.033291004930264	1.07474493838171
0.0333129724445745	1.08267379946152
0.0333349689691434	1.04494000773316
0.0333569945614749	1.10728068018581
0.0333790492792255	1.12834691319556
0.0334011331802041	1.0854163005195
0.0334232463223727	1.07024626834294
0.0334453887638471	1.12544262860334
0.0334675605628969	1.1578608211744
0.0334897617779467	1.09490332767069
0.0335119924675758	1.17317276500654
0.0335342526905195	1.08878198656213
0.033556542505669	1.03854661577899
0.0335788619720725	1.21645717017457
0.033601211148935	1.15459169017987
0.0336235900956194	1.28898218483153
0.0336459988716471	1.19603155926791
0.0336684375366979	1.23219948202236
0.0336909061506112	1.23846429245761
0.0337134047733859	1.24609770690689
0.0337359334651817	1.12006700250696
0.0337584922863189	1.21430120967613
0.0337810812972793	1.16106660114891
0.0338037005587069	1.25435138195796
0.0338263501314079	1.18726273846234
0.0338490300763519	1.17498356360591
0.0338717404546719	1.18995409657352
0.0338944813276651	1.23414411838002
0.0339172527567936	1.18341864112787
0.0339400548036846	1.16926905857312
0.0339628875301312	1.19932484670467
0.0339857509980929	1.10412402937499
0.0340086452696961	1.1362908145798
0.0340315704072347	1.16344933441796
0.0340545264731709	1.1858515511385
0.0340775135301353	1.13911224895889
0.0341005316409278	1.1749110832309
0.0341235808685182	1.22444881242592
0.0341466612760464	1.12807336142652
0.0341697729268235	1.15866770500948
0.0341929158843321	1.10112851326896
0.0342160902122267	1.22062619611799
0.0342392959743347	1.16548112813171
0.0342625332346566	1.14874948196115
0.0342858020573669	1.23630464758817
0.0343091025068145	1.17957784280564
0.0343324346475233	1.13645272340029
0.034355798544193	1.25943845383577
0.0343791942616993	1.27893571407225
0.0344026218650948	1.21621462737755
0.0344260814196098	1.24286670180788
0.0344495729906522	1.2445593250589
0.034473096643809	1.25509053648895
0.0344966524448461	1.23990197810667
0.0345202404597095	1.22105690493251
0.0345438607545257	1.25566263341967
0.0345675133956021	1.16428021854963
0.0345911984494281	1.20478235340848
0.0346149159826753	1.2369717089684
0.0346386660621982	1.08029598919968
0.0346624487550351	1.22218633944874
0.0346862641284085	1.13981754339729
0.0347101122497256	1.17074567828676
0.0347339931865793	1.13488102354766
0.0347579070067485	1.12294036923059
0.0347818537781991	1.03723582388005
0.0348058335690842	1.11741643430366
0.0348298464477451	1.19189280013385
0.0348538924827118	1.18421820919684
0.0348779717427037	1.15645650855731
0.0349020842966302	1.05756490425423
0.0349262302135914	1.16159728978263
0.0349504095628788	1.18684139958692
0.0349746224139758	1.1893819565281
0.0349988688365586	1.11612016284503
0.0350231489004966	1.18451715015292
0.0350474626758535	1.16094821699593
0.0350718102328874	1.19217163716079
0.0350961916420519	1.2254526487578
0.0351206069739966	1.17047754108125
0.0351450562995679	1.23960591021621
0.0351695396898096	1.16906930569287
0.0351940572159636	1.15503362906201
0.0352186089494705	1.26046585130739
0.0352431949619705	1.03850596700916
0.035267815325304	1.1423205642704
0.0352924701115123	1.16561528022259
0.0353171593928381	1.18106360370436
0.0353418832417265	1.10358630799014
0.0353666417308258	1.18192255417289
0.0353914349329878	1.19349240024475
0.0354162629212687	1.15376073815045
0.03544112576893	1.18828251278681
0.035466023549439	1.13476034678278
0.0354909563364695	1.10326859315256
0.0355159242039028	1.0601613290145
0.0355409272258281	1.09446838510428
0.0355659654765435	1.10293078656608
0.0355910390305564	1.02606728225708
0.0356161479625847	1.12863033540877
0.0356412923475573	1.09484697563795
0.0356664722606146	1.20648873218415
0.0356916877771096	1.08193174943973
0.0357169389726088	1.11858543050474
0.0357422259228922	1.13410052309965
0.0357675487039551	1.14894308700757
0.0357929073920079	1.07920250819446
0.0358183020634774	1.22437586701651
0.0358437327950076	1.19492260976822
0.0358691996634602	1.20904783863654
0.0358947027459154	1.24150914148674
0.035920242119673	1.24890482000518
0.0359458178622527	1.26587743067385
0.0359714300513954	1.18195084837649
0.0359970787650634	1.20358826230293
0.0360227640814419	1.174561790727
0.0360484860789392	1.16562327751707
0.0360742448361877	1.24014933686385
0.0361000404320447	1.09686604841312
0.0361258729455932	1.23208251071215
0.036151742456143	1.23394466154513
0.0361776490432308	1.14557549462384
0.0362035927866218	1.15699878887986
0.0362295737663099	1.10879615848509
0.0362555920625191	1.14389914838788
0.0362816477557037	1.14034270129971
0.0363077409265497	1.21275747388187
0.0363338716559752	1.20776292190476
0.0363600400251314	1.0549781706371
0.0363862461154038	1.17316716841168
0.0364124900084121	1.12518952996959
0.0364387717860123	1.19885877347015
0.0364650915302963	1.13480755181467
0.0364914493235939	1.16102225769162
0.0365178452484727	1.15966905421761
0.0365442793877395	1.11779294829831
0.0365707518244411	1.17446680277351
0.036597262641865	1.18027178007964
0.0366238119235406	1.13642819241085
0.0366503997532396	1.19820731683748
0.0366770262149772	1.19246175995362
0.0367036913930131	1.23154039461746
0.036730395371852	1.19444505747899
0.0367571382362449	1.21237166387514
0.0367839200711895	1.22492171822869
0.0368107409619318	1.22818038573863
0.0368376009939663	1.14606793864709
0.0368645002530373	1.24623772907258
0.0368914388251399	1.18436062204254
0.0369184167965204	1.130215899732
0.036945434253678	1.13868096051819
0.0369724912833649	1.1125478774592
0.0369995879725877	1.12675073467131
0.0370267244086086	1.06401746194383
0.0370539006789454	1.19295954819713
0.0370811168713736	1.20342600558031
0.0371083730739264	1.16308941858546
0.0371356693748962	1.1152381357711
0.0371630058628352	1.1635851738981
0.0371903826265568	1.20931891872455
0.0372177997551361	1.2382276047857
0.037245257337911	1.10255816888098
0.0372727554644835	1.19476966948112
0.0373002942247203	1.16414702862859
0.0373278737087536	1.18097445395214
0.0373554940069828	1.17002622418176
0.0373831552100748	1.21120218595289
0.0374108574089653	1.24199877116827
0.0374386006948598	1.18883621480434
0.0374663851592346	1.21514590921576
0.0374942108938374	1.20947670769675
0.0375220779906891	1.24602546641341
0.0375499865420842	1.11532780653985
0.037577936640592	1.23483653596673
0.0376059283790576	1.18054227048376
0.0376339618506028	1.16050255018958
0.0376620371486277	1.17996127332327
0.0376901543668109	1.07026922223855
0.0377183135991111	1.09350345643697
0.0377465149397681	1.09433428399177
0.0377747584833036	1.01404671916251
0.0378030443245225	1.07994612229014
0.037831372558514	1.03281339817787
0.0378597432806522	1.13226885681296
0.0378881565865978	1.07500637221136
0.0379166125722988	1.10383096079241
0.0379451113339917	1.01639736671026
0.0379736529682024	1.16661341407589
0.0380022375717477	1.15791578047174
0.0380308652417358	1.13162362180346
0.038059536075568	1.21696821063814
0.0380882501709395	1.21441524308699
0.0381170076258405	1.26501744076735
0.0381458085385572	1.1170780776811
0.0381746530076735	1.2035857306274
0.0382035411320712	1.25034188724972
0.0382324730109321	1.24196578369708
0.0382614487437383	1.21054607503462
0.038290468430274	1.19206777921871
0.0383195321706262	1.20999622915278
0.038348640065186	1.05008676455871
0.0383777922146498	1.10218573665596
0.0384069887200205	1.22303322873676
0.0384362296826084	1.13831963134587
0.0384655152040329	1.1739915008767
0.0384948453862229	1.18627489908896
0.0385242203314187	1.17151825191063
0.0385536401421729	1.18082237610166
0.0385831049213516	1.31211758741611
0.0386126147721356	1.16837777988382
0.0386421697980215	1.13830543813143
0.0386717701028231	1.24230966044389
0.0387014157906725	1.18654114837942
0.0387311069660214	1.26510638101814
0.0387608437336424	1.08303208453888
0.0387906261986298	1.15432612694763
0.0388204544664014	1.17426814699514
0.0388503286426995	1.14510277355383
0.038880248833592	1.23553372701228
0.0389102151454739	1.24310333575751
0.0389402276850683	1.23932553349473
0.0389702865594282	1.21570409800843
0.039000391875937	1.23057347297609
0.0390305437423105	1.25044227260039
0.0390607422665975	1.1530787947472
0.0390909875571818	1.2750992203956
0.0391212797227829	1.16382161942722
0.0391516188724579	1.13358873546723
0.0391820051156021	1.19470290443866
0.0392124385619507	1.19296922170646
0.0392429193215804	1.22062622721481
0.0392734475049102	1.07317631854416
0.039304023222703	1.26304855244694
0.0393346465860668	1.11229339097098
0.0393653177064564	1.20012914372418
0.0393960366956742	1.1603882713526
0.0394268036658721	1.21606540158395
0.0394576187295525	1.07974301189971
0.0394884819995698	1.16135973269925
0.0395193935891318	1.11392708341384
0.0395503536118011	1.20037052422533
0.0395813621814962	1.1689045011628
0.0396124194124934	1.21171252830438
0.039643525419428	1.16872792562952
0.0396746803172954	1.17192752388263
0.0397058842214529	1.1770568109798
0.039737137247621	1.17399197435043
0.0397684395118848	1.26487541720344
0.0397997911306956	1.23675304259349
0.0398311922208721	1.17356490536869
0.0398626428996018	1.10342195667223
0.0398941432844428	1.15495682886394
0.0399256934933252	1.11885819739293
0.0399572936445522	1.0765454875324
0.039988943856802	1.05508266677942
0.040020644249129	1.04554892742148
0.0400523949409655	1.07349653021732
0.0400841960521231	1.12544868976571
0.0401160477027941	1.11270643318521
0.0401479500135534	1.05823739382717
0.0401799031053596	1.07341568800411
0.0402119070995565	1.23946904608474
0.040243962117875	1.15926599950432
0.0402760682824346	1.13442053808458
0.0403082257157446	1.20899640807663
0.0403404345407059	1.20482280608382
0.0403726948806126	1.22521687253811
0.0404050068591535	1.20267476366551
0.0404373706004136	1.24785380571733
0.0404697862288759	1.21335942786379
0.0405022538694228	1.26663097477849
0.0405347736473379	1.2525950019261
0.0405673456883073	1.20806810967464
0.0405999701184215	1.15201166423408
0.040632647064177	1.18642577737397
0.0406653766524778	1.11066541521233
0.040698159010637	1.08760198554563
0.0407309942663789	1.07806448760493
0.04076388254784	1.16535229307659
0.0407968239835711	1.18133467088312
0.0408298187025389	1.20130425515001
0.0408628668341277	1.17740466866464
0.0408959685081408	1.1485936172966
0.0409291238548026	1.20907003913487
0.0409623330047603	1.15825375971697
0.0409955960890853	1.19118892506838
0.0410289132392749	1.18168680839875
0.0410622845872546	1.14333597620346
0.0410957102653792	1.22651130059537
0.0411291904064349	1.10295984118368
0.041162725143641	1.19139900862926
0.0411963146106515	1.22309823305949
0.0412299589415572	1.17892604819233
0.0412636582708872	1.23869607236365
0.0412974127336107	1.14057169989664
0.0413312224651391	1.15040465055201
0.0413650876013275	1.20142876858538
0.0413990082784764	1.1710609585393
0.0414329846333342	1.1378541592054
0.0414670168030982	1.08241944593331
0.0415011049254171	1.16749827622278
0.0415352491383923	1.17889018437852
0.0415694495805804	1.15101543367185
0.0416037063909945	1.24141983729115
0.0416380197091064	1.1971453033272
0.0416723896748482	1.22314042076507
0.0417068164286148	1.14793643742032
0.0417413001112652	1.10631239856172
0.0417758408641245	1.1801980111779
0.0418104388289862	1.18501132691667
0.0418450941481138	1.16538717756479
0.0418798069642429	1.1764484305225
0.0419145774205832	1.1730725252306
0.0419494056608202	1.11679590191408
0.0419842918291175	1.23687054133581
0.0420192360701186	1.22486919603252
0.042054238528949	1.21771352784278
0.0420892993512183	1.20856627287195
0.0421244186830217	1.08612795300011
0.0421595966709429	1.18763236298714
0.0421948334620553	1.11933297871026
0.0422301292039245	1.09678870599405
0.0422654840446103	1.09086068617219
0.0423008981326687	1.05170937122414
0.0423363716171541	1.14823244372195
0.0423719046476213	1.05223253260592
0.0424074973741273	1.08274664266578
0.0424431499472343	1.20753179199068
0.0424788625180106	1.12805189402097
0.0425146352380339	1.05651249804946
0.0425504682593927	1.08759415749969
0.0425863617346886	1.2322060566494
0.0426223158170387	1.16713982920005
0.0426583306600775	1.2739740097928
0.0426944064179594	1.22962605956859
0.0427305432453604	1.28662430799505
0.0427667412974809	1.21025354178547
0.0428030007300476	1.2774350780576
0.0428393216993155	1.19351991984687
0.0428757043620709	1.19256300425978
0.0429121488756326	1.21429972632207
0.0429486553978553	1.15012388858818
0.042985224087131	1.14333669542695
0.0430218551023916	1.17909918875838
0.0430585486031114	1.11727042422052
0.043095304749309	1.12681417842156
0.0431321237015502	1.18916978525779
0.0431690056209495	1.19468382840328
0.0432059506691734	1.21460330063981
0.043242959008442	1.17617667620972
0.0432800308015319	1.1122891475857
0.0433171662117783	1.19695721617151
0.0433543654030773	1.13950468549853
0.0433916285398887	1.16753418550962
0.043428955787238	1.25101364475284
0.0434663473107193	1.16155505838303
0.0435038032764973	1.21593886013187
0.0435413238513098	1.13321977990171
0.0435789092024707	1.15448012821863
0.0436165594978718	1.16043291962342
0.0436542749059858	1.12478348019379
0.0436920555958684	1.15190115519519
0.0437299017371612	1.12212664207459
0.0437678135000942	1.20138608156629
0.0438057910554879	1.15446571690573
0.0438438345747565	1.25071905957282
0.0438819442299101	1.24703331834437
0.0439201201935574	1.23376045433
0.0439583626389081	1.17291124646761
0.0439966717397759	1.14407118908446
0.0440350476705809	1.22722553352878
0.0440734906063522	1.09088623571014
0.0441120007227307	1.20014324133322
0.0441505781959717	1.16921900943597
0.0441892232029477	1.20220481904118
0.0442279359211508	1.16846345037
0.0442667165286958	1.21130443146532
0.0443055652043228	1.18600017048572
0.0443444821273996	1.14732592397002
0.0443834674779251	1.19299276222561
0.0444225214365316	1.15571279313114
0.0444616441844877	1.11268070992195
0.0445008359037013	1.12797789426279
0.0445400967767219	1.14181121516297
0.0445794269867442	1.21816098070172
0.0446188267176103	1.15574873216472
0.0446582961538129	1.21880918124436
0.0446978354804978	1.11923808094015
0.0447374448834676	1.14202123694143
0.0447771245491836	1.21313513097909
0.0448168746647695	1.21022246461166
0.0448566954180138	1.1775964097738
0.0448965869973734	1.08701582260843
0.0449365495919758	1.2085028385766
0.0449765833916227	1.2748139672212
0.0450166885867926	1.13163395180852
0.0450568653686442	1.26664055254182
0.045097113929019	1.24104225879008
0.0451374344604449	1.15606913014297
0.0451778271561386	1.17805411388376
0.0452182922100094	1.14410740934481
0.0452588298166616	1.20952844847827
0.0452994401713983	1.19198195957418
0.0453401234702239	1.0934911780788
0.0453808799098479	1.14915736250548
0.0454217096876873	1.22455907233764
0.0454626130018706	1.09003518779701
0.0455035900512404	1.17052946524895
0.0455446410353569	1.26918611780976
0.0455857661545012	1.19744568672454
0.0456269656096782	1.15636269604995
0.0456682396026203	1.249977644805
0.0457095883357904	1.19145806691366
0.0457510120123854	1.20591090613672
0.0457925108363395	1.20516794233027
0.0458340850123273	1.201654221793
0.0458757347457674	1.1210562002574
0.045917460242826	1.11793165259143
0.0459592617104196	1.19634770032182
0.0460011393562193	1.10636226458738
0.0460430933886535	1.19229102997177
0.0460851240169119	1.15116328364935
0.0461272314509484	1.11844585901415
0.0461694159014853	1.15936560746512
0.0462116775800162	1.17717700866622
0.0462540166988099	1.11398999486974
0.0462964334709137	1.23070377549162
0.0463389281101574	1.1917746034986
0.0463815008311562	1.18036083624232
0.0464241518493151	1.16105777692584
0.0464668813808319	1.18020807728152
0.0465096896427012	1.1899180448463
0.0465525768527178	1.12857822864287
0.046595543229481	1.25321582496259
0.0466385889923973	1.15156793949075
0.0466817143616852	1.16641816979039
0.0467249195583783	1.12738910796594
0.0467682048043291	1.11397768268808
0.0468115703222132	1.22095959943069
0.0468550163355327	1.17576278666356
0.0468985430686202	1.1711324294018
0.0469421507466429	1.15266073684939
0.0469858395956058	1.09718174271384
0.0470296098423565	1.12979899828368
0.0470734617145885	1.1865822938539
0.0471173954408452	1.07275101886845
0.0471614112505242	1.18624614528735
0.047205509373881	1.20326736929312
0.0472496900420331	1.13331899875143
0.0472939534869641	1.16550515341257
0.0473382999415275	1.23984835266267
0.0473827296394513	1.22493932574197
0.0474272428153416	1.18217973185132
0.047471839704687	1.20011315725872
0.0475165205438625	1.20540489765141
0.0475612855701341	1.21107427753289
0.0476061350216625	1.15192569726171
0.0476510691375078	1.1830009985922
0.0476960881576335	1.18146418814053
0.0477411923229106	1.22466086021784
0.0477863818751222	1.25311063829783
0.0478316570569677	1.18803996222976
0.0478770181120673	1.17644459685564
0.047922465284966	1.23059656731535
0.0479679988211383	1.21447187452594
0.0480136189669926	1.19966368930462
0.0480593259698755	1.16355297369098
0.0481051200780764	1.06842954669632
0.0481510015408319	1.24307756393126
0.0481969706083304	1.1624071086427
0.0482430275317167	1.19617594516669
0.0482891725630964	1.17857898772136
0.0483354059555406	1.16426819308174
0.0483817279630904	1.16451711299029
0.0484281388407619	1.15977314123545
0.0484746388445506	1.07213427811721
0.048521228231436	1.26891725900084
0.0485679072593867	1.19750825114349
0.0486146761873647	1.26026694257503
0.0486615352753307	1.27302515100602
0.0487084847842486	1.16640068753035
0.0487555249760902	1.18115134173047
0.0488026561138405	1.1730678857242
0.0488498784615023	1.13571140036945
0.0488971922841012	1.18905067696821
0.0489445978476906	1.14007996101693
0.0489920954193565	1.19188284336482
0.049039685267223	1.23459379120975
0.0490873676604567	1.19697285836815
0.0491351428692721	1.16396640500228
0.0491830111649369	1.17896310355286
0.0492309728197767	1.12713352108228
0.0492790281071806	1.13959113885269
0.049327177301606	1.16706256439063
0.0493754206785841	1.24484241186389
0.049423758514725	1.22290420249805
0.0494721910877232	1.13090068439605
0.0495207186763626	1.12652087755252
0.0495693415605221	1.21519937949269
0.0496180600211809	1.15188775206461
0.0496668743404238	1.19580266569314
0.049715784801447	1.18043175635686
0.0497647916885631	1.13385358355858
0.0498138952872069	1.21599517331666
0.049863095883941	1.15045476151686
0.049912393766461	1.22944251520048
0.0499617892236017	1.23075577786016
0.0500112825453422	1.15581182321896
0.0500608740228117	1.19435356664357
0.0501105639482955	1.18871234572942
0.0501603526152404	1.12126511273878
0.0502102403182606	1.1660536239111
0.0502602273531436	1.20186027998093
0.0503103140168559	1.21352991535412
0.050360500607549	1.14262371825675
0.0504107874245653	1.10785220980188
0.0504611747684437	1.25850483202341
0.0505116629409264	1.17133321884812
0.050562252244964	1.20697627970363
0.0506129429847222	1.23115707165019
0.0506637354655875	1.16733083386797
0.0507146299941739	1.16036987640641
0.0507656268783282	1.22748363639803
0.0508167264271369	1.15306792707345
0.0508679289509324	1.20486487764479
0.0509192347612988	1.18266418875233
0.0509706441710787	1.22691814489703
0.0510221574943794	1.16277252949654
0.0510737750465793	1.17339363971787
0.0511254971443342	1.20423745738866
0.0511773241055841	1.25829990163886
0.0512292562495594	1.16046614175295
0.0512812938967876	1.16875023850694
0.0513334373690998	1.1125270610331
0.0513856869896374	1.17811772880339
0.0514380430828589	1.15207768686505
0.0514905059745464	1.2603211919348
0.0515430759918125	1.25146728046181
0.051595753463107	1.21632190183257
0.0516485387182238	1.24337962692068
0.0517014320883077	1.18033257565738
0.0517544339058616	1.14993185318835
0.0518075445047531	1.19449080889981
0.0518607642202216	1.16284990405239
0.0519140933888856	1.13724062384881
0.0519675323487496	1.22971664476303
0.0520210814392111	1.14693442250567
0.0520747410010682	1.21345700360397
0.0521285113765264	1.17629868834737
0.052182392909206	1.2115813413411
0.0522363859441498	1.16701660213883
0.0522904908278297	1.19658114870318
0.0523447079081548	1.209116409856
0.0523990375344787	1.16476173335185
0.0524534800576066	1.03553269187361
0.0525080358298035	1.11995783332863
0.0525627052048012	1.16752237442007
0.0526174885378064	1.1278683254638
0.052672386185508	1.28371017014773
0.0527273985060853	1.19413792521323
0.0527825258592152	1.11336612226998
0.0528377686060806	1.18097366368354
0.052893127109378	1.13343551974594
0.0529486017333255	1.18522030999451
0.0530041928436708	1.12792321081136
0.0530599008076992	1.20282464593358
0.0531157259942415	1.16514596351259
0.0531716687736828	1.20485366365351
0.0532277295179698	1.18631234081384
0.0532839086006198	1.11277863130002
0.0533402063967284	1.13981346389155
0.0533966232829783	1.19396546360673
0.0534531596376476	1.20742711469197
0.053509815840618	1.24050407185061
0.0535665922733835	1.11875995406022
0.0536234893190591	1.23250826928992
0.0536805073623891	1.20205230923557
0.0537376467897561	1.22884695243083
0.0537949079891895	1.18382104538068
0.0538522913503744	1.26408146436998
0.0539097972646602	1.1295879508766
0.0539674261250699	1.14574764647985
0.0540251783263088	1.09527256377943
0.0540830542647735	1.25145445319726
0.0541410543385611	1.14586598768326
0.0541991789474782	1.21156030981438
0.05425742849305	1.14931148518268
0.0543158033785301	1.10531143177468
0.0543743040089089	1.15666282476629
0.0544329307909238	1.17884670192819
0.054491684133068	1.23081989143791
0.0545505644456006	1.19794240124612
0.0546095721405557	1.28847272863316
0.0546687076317518	1.20693272872944
0.0547279713348023	1.21486428695044
0.0547873636671245	1.17367476161277
0.0548468850479496	1.20843488519031
0.0549065358983327	1.102846412885
0.0549663166411625	1.21912011845677
0.0550262277011717	1.23343549263904
0.0550862695049466	1.15466222251064
0.0551464424809372	1.18270397570506
0.0552067470594681	1.07443565208497
0.0552671836727478	1.26573648867974
0.0553277527548797	1.26666158109376
0.0553884547418724	1.23620915422573
0.0554492900716496	1.13249670067812
0.0555102591840616	1.07271167449717
0.0555713625208951	1.22110784654967
0.0556326005258841	1.13672548256563
0.0556939736447209	1.1550288364978
0.0557554823250664	1.16977520079172
0.0558171270165615	1.14462951692781
0.0558789081708378	1.19538259593632
0.0559408262415286	1.16353796936546
0.0560028816842803	1.2036522464272
0.0560650749567629	1.14743882347221
0.0561274065186822	1.18803371193289
0.0561898768317903	1.2303452828557
0.0562524863598974	1.15125563246914
0.0563152355688833	1.16010852289639
0.0563781249267088	1.20122795542959
0.0564411549034273	1.15210099531406
0.0565043259711967	1.22039468761424
0.0565676386042912	1.24727542910307
0.0566310932791128	1.20290519133662
0.0566946904742038	1.09508800022508
0.0567584306702584	1.16283983759963
0.0568223143501349	1.10347480202441
0.0568863419988681	1.24621737907003
0.0569505141036813	1.18473199417424
0.0570148311539988	1.18708314136415
0.0570792936414584	1.14393375018514
0.0571439020599238	1.25870330824485
0.0572086569054972	1.20495387688799
0.0572735586765322	1.11376275460873
0.0573386078736463	1.16134731746997
0.0574038049997341	1.10153009806609
0.0574691505599798	1.2232286834736
0.0575346450618709	1.21764800462934
0.0576002890152106	1.18378661894268
0.0576660829321316	1.15352296370464
0.0577320273271092	1.14488893529179
0.0577981227169746	1.15630493060608
0.0578643696209287	1.15364415654197
0.0579307685605553	1.2248502118168
0.0579973200598351	1.17875757138893
0.0580640246451596	1.29546676233506
0.0581308828453444	1.23351337909901
0.0581978951916438	1.26269760765097
0.0582650622177645	1.26076656871524
0.0583323844598799	1.19330262186793
0.0583998624566444	1.21267890557389
0.0584674967492077	1.13077964303363
0.0585352878812291	1.18013003081496
0.0586032363988926	1.22704065394258
0.0586713428509209	1.06897547327376
0.0587396077885906	1.17820641483213
0.058808031765747	1.13791087452113
0.058876615338819	1.20530180064174
0.0589453590668342	1.17976522156327
0.0590142635114342	1.11197897344098
0.0590833292368897	1.19017355258467
0.0591525568101161	1.04566150833032
0.0592219468006889	1.13910922997786
0.0592914997808592	1.12445184395291
0.0593612163255698	1.13501180522162
0.0594310970124706	1.24955406084038
0.0595011424219351	1.20540745691655
0.0595713531370757	1.25182930628525
0.0596417297437606	1.20135534826228
0.0597122728306298	1.18072248955298
0.0597829829891115	1.18078890673048
0.0598538608134385	1.15197048183971
0.0599249069006653	1.16050122093072
0.0599961218506842	1.18113585432937
0.0600675062662429	1.15258801167225
0.0601390607529609	1.17648557070569
0.0602107859193471	1.16255980542502
0.0602826823768166	1.09457691040774
0.0603547507397085	1.11612764729256
0.060426991625303	1.05935072926853
0.0604994056538395	1.24886056468806
0.0605719934485339	1.31412585129534
0.0606447556355965	1.23907164715763
0.0607176928442506	1.11750408469825
0.0607908057067497	1.17891830340077
0.0608640948583967	1.22387390925461
0.0609375609375616	1.16376256475462
0.0610112045857005	1.20089947402166
0.0610850264473738	1.13399744390533
0.0611590271702655	1.25059245470498
0.0612332074052019	1.21523264636248
0.0613075678061707	1.17034961742969
0.0613821090303402	1.12411676172047
0.0614568317380786	1.10488421315963
0.0615317365929737	1.09820964733671
0.0616068242618524	1.15768534783731
0.0616820954148005	1.21620152092234
0.0617575507251826	1.20901058927696
0.0618331908696623	1.1362863369807
0.0619090165282224	1.23854521891753
0.061985028384185	1.16084501113123
0.0620612271242325	1.20678808616727
0.0621376134384279	1.17468961430244
0.0622141880202358	1.16069103202063
0.0622909515665435	1.16281144358614
0.0623679047776817	1.16434985535372
0.0624450483574463	1.14509583695173
0.0625223830131195	1.22017503933786
0.0625999094554918	1.20013685944527
0.0626776283988833	1.24916290587913
0.0627555405611659	1.27871726792873
0.0628336466637855	1.20285096513788
0.0629119474317841	1.23149565570879
0.0629904435938223	1.26340774503565
0.0630691358822018	1.24785604634281
0.0631480250328883	1.16468455692597
0.0632271117855345	1.19371557307068
0.0633063968835029	1.17106190240765
0.0633858810738895	1.18493425257663
0.063465565107547	1.11552320572426
0.0635454497391086	1.06832417629662
0.0636255357270116	1.17903133148765
0.0637058238335217	1.09358876773153
0.0637863148247568	1.2450156746007
0.0638670094707119	1.21616406517962
0.0639479085452831	1.18224310324861
0.0640290128262927	1.12337947443746
0.0641103230955139	1.22199901564299
0.0641918401386963	1.30352972369971
0.0642735647455906	1.30469324828692
0.0643554977099748	1.21905117207182
0.0644376398296792	1.19555474549521
0.064519991906613	1.19635889388913
0.0646025547467898	1.15550008655859
0.0646853291603542	1.11954308769125
0.0647683159616082	1.20283487497387
0.0648515159690381	1.17252672547327
0.0649349300053411	1.27694690877352
0.0650185588974525	1.21461270022447
0.0651024034765733	1.28024158300391
0.0651864645781974	1.22723908641457
0.0652707430421396	1.18784164817599
0.0653552397125632	1.28400623863057
0.0654399554380087	1.16977573166713
0.0655248910714219	1.23146429828382
0.0656100474701824	1.23285425401549
0.0656954254961327	1.21144982471144
0.0657810260156072	1.19978706609215
0.0658668498994616	1.10302066061203
0.0659528980231023	1.22671733637711
0.0660391712665159	1.1849151173495
0.0661256705142998	1.13130442833336
0.0662123966556921	1.1847889793327
0.066299350584602	1.21963920249029
0.0663865331996405	1.15724816431896
0.0664739454041517	1.21237124235776
0.0665615881062437	1.24939920534181
0.0666494622188201	1.16531161433951
0.0667375686596114	1.25422891485313
0.0668259083512078	1.18365864288974
0.0669144822210905	1.13319477927092
0.0670032912016646	1.17490263477335
0.0670923362302917	1.21095943398176
0.0671816182493231	1.3059224395804
0.0672711382061325	1.32532176220893
0.0673608970531502	1.25206795155413
0.0674508957478963	1.28635488073465
0.0675411352530153	1.17668000047158
0.0676316165363098	1.19017895685957
0.0677223405707755	1.20557963970188
0.0678133083346361	1.15838665447568
0.0679045208113783	1.1524556982308
0.0679959789897873	1.13195448963513
0.0680876838639823	1.10822736491851
0.0681796364334531	1.13089296937509
0.0682718377030958	1.20340698854955
0.0683642886832499	1.19599240211299
0.0684569903897346	1.08139207805585
0.0685499438438868	1.21781594388118
0.0686431500725978	1.15628448432807
0.0687366101083517	1.20029385585472
0.0688303249892633	1.16463994186548
0.0689242957591164	1.23513345155646
0.0690185234674031	1.21823811418591
0.0691130091693619	1.21560380346849
0.0692077539260182	1.06623923571405
0.0693027588042233	1.1584321787124
0.0693980248766944	1.23432762743022
0.0694935532220555	1.20733075794804
0.0695893449248777	1.2399075108953
0.0696854010757204	1.22793998378612
0.0697817227711725	1.22279816566996
0.0698783111138946	1.24397760766296
0.0699751672126603	1.16514868464728
0.0700722921823995	1.15797373665783
0.0701696871442405	1.15240362085185
0.0702673532255534	1.2069841826738
0.0703652915599937	1.19901125785712
0.070463503287546	1.17289916002437
0.0705619895545683	1.22743846010589
0.0706607515138367	1.19615429478686
0.0707597903245901	1.18862109447897
0.0708591071525757	1.09240686227555
0.070958703170095	1.16278124549727
0.0710585795560495	1.14812561125901
0.0711587374959874	1.239097472679
0.0712591781821506	1.20053076851357
0.0713599028135219	1.24510478431519
0.0714609125958727	1.21546138542781
0.0715622087418112	1.19232065214443
0.0716637924708307	1.23958386177485
0.071765665009359	1.25497398200232
0.0718678275908072	1.24786464307642
0.0719702814556198	1.1750018456653
0.0720730278513251	1.22139520741129
0.0721760680325851	1.15410365490039
0.0722794032612474	1.11456355109907
0.0723830348063964	1.2123133600797
0.072486963944405	1.22429485769502
0.0725911919589873	1.15270136210796
0.0726957201412514	1.11809474986816
0.0728005497897528	1.1879104061275
0.0729056822105477	1.1414122559591
0.073011118717248	1.22411868692558
0.0731168606310753	1.25110421690682
0.0732229092809166	1.26757523952119
0.0733292660033797	1.20173037896949
0.0734359321428495	1.17771580595545
0.0735429090515443	1.30623212997873
0.0736501980895735	1.18918128354922
0.0737578006249948	1.10067768349024
0.0738657180338726	1.23279926086552
0.0739739517003364	1.21639993968679
0.0740825030166403	1.2816802867215
0.0741913733832223	1.14877642757706
0.0743005642087651	1.20160149495824
0.0744100769102562	1.18038550541925
0.0745199129130497	1.19032676660323
0.0746300736509278	1.13171316263213
0.0747405605661635	1.21454217845203
0.0748513751095831	1.23763292024648
0.0749625187406304	1.22462909475243
0.07507399292743	1.12358628731192
0.0751857991468524	1.23073294621304
0.0752979388845792	1.13591149074928
0.0754104136351687	1.18435909646433
0.0755232249021226	1.18170348193816
0.0756363741979526	1.19172704433288
0.0757498630442483	1.28114357264619
0.0758636929717454	1.21817841637201
0.0759778655203944	1.20048654133306
0.0760923822394299	1.1871620713379
0.0762072446874413	1.23479349475334
0.0763224544324425	1.22569542925866
0.0764380130519443	1.26751904799485
0.0765539221330257	1.16612143159987
0.0766701832724068	1.14560726797146
0.0767867980765221	1.17082568385722
0.0769037681615946	1.10402167936694
0.0770210951537102	1.14050179756222
0.0771387806888932	1.15854660965722
0.0772568264131826	1.14399135181824
0.0773752339827083	1.17413559234398
0.077494005063769	1.20673945959912
0.0776131413329102	1.18097748308582
0.077732644477003	1.18417469844394
0.077852516193324	1.23283158756352
0.0779727581896354	1.22813424057655
0.0780933721842661	1.2320236506825
0.0782143599061935	1.17702091364053
0.0783357230951266	1.2306627542834
0.0784574635015887	1.24667644683957
0.078579582887002	1.23326193829407
0.0787020830237725	1.10772116185472
0.0788249656953756	1.19177870854398
0.0789482326964428	1.18049888405126
0.079071885832849	1.17509330591398
0.0791959269218007	1.17576169175696
0.079320357791925	1.15891512857773
0.0794451802833594	1.23039021031099
0.0795703962478427	1.23917543182453
0.0796960075488065	1.21143033337552
0.0798220160614674	1.19402799063125
0.0799484236729208	1.16296414414769
0.0800752322822345	1.19916751785192
0.0802024438005442	1.14217180168134
0.0803300601511497	1.07325634943165
0.0804580832696112	1.13955833463078
0.0805865151038477	1.18205797063002
0.0807153576142355	1.18362758690485
0.0808446127737082	1.20789436901593
0.0809742825678571	1.26605795084008
0.0811043689950331	1.21992044009501
0.0812348740664495	1.18581497785097
0.0813657998062849	1.18303813431223
0.081497148251789	1.1927589118694
0.0816289214533873	1.16104333536713
0.0817611214747881	1.18099162755541
0.0818937503930906	1.19907455288289
0.0820268102988932	1.20288864448438
0.0821603032964034	1.19283836500099
0.0822942315035491	1.2134624748018
0.0824285970520902	1.18267516448121
0.0825634020877318	1.20595168612433
0.0826986487702386	1.21271342854491
0.0828343392735501	1.22750608043139
0.0829704757858969	1.24382038808062
0.0831070605099189	1.21883441498476
0.0832440956627834	1.22034828469162
0.0833815834763056	1.24468555239143
0.0835195261970693	1.17070565964982
0.0836579260865497	1.16609077360793
0.083796785421237	1.14621544291829
0.0839361064927606	1.13759334473098
0.0840758916080159	1.13581776235151
0.0842161430892912	1.26362335940239
0.0843568632743966	1.13599613947507
0.0844980545167934	1.24363306544301
0.0846397191857259	1.20714619999789
0.0847818596663534	1.19632701165952
0.0849244783598847	1.15158191400089
0.0850675776837125	1.19208318109058
0.0852111600715507	1.1835060911349
0.0853552279735719	1.21908713088815
0.085499783856547	1.19059196971517
0.085644830203986	1.25107131092477
0.0857903695162801	1.20563129219939
0.0859364043108456	1.1720372333832
0.0860829371222686	1.2191207310143
0.0862299705024522	1.17249467347195
0.0863775070207643	1.13944495413729
0.0865255492641873	1.15120296223909
0.0866740998374693	1.2020614428279
0.086823161363277	1.12856591932985
0.0869727364823499	1.23289163922508
0.0871228278536565	1.27404585203723
0.0872734381545513	1.06208614468988
0.0874245700809347	1.21895536081149
0.0875762263474133	1.25276933780042
0.0877284096874628	1.25282843628279
0.087881122853592	1.20965306097941
0.0880343686175088	1.15863889456601
0.088188149770288	1.17956112545893
0.0883424691225407	1.19095471805857
0.0884973295045854	1.27775756728197
0.0886527337666211	1.22238428148459
0.0888086847789024	1.21103504684372
0.0889651854319158	1.26087105288243
0.0891222386365586	1.25880783857358
0.0892798473243192	1.11136244708274
0.0894380144474596	1.19073402402384
0.0895967429791997	1.17675689946579
0.0897560359139036	1.24403422828806
0.0899158962672679	1.26921517002315
0.090076327076512	1.26130989951552
0.0902373314005705	1.20342972437909
0.0903989123202874	1.20669967621231
0.0905610729386131	1.22364794854446
0.0907238163808024	1.18990694471741
0.0908871457946159	1.17568621187878
0.0910510643505223	1.21671743098279
0.0912155752419042	1.16563064575869
0.0913806816852649	1.20611379206005
0.0915463869204386	1.18368810246771
0.0917126942108017	1.22772261425059
0.0918796068434876	1.23698251026303
0.0920471281296028	1.21974652339173
0.0922152614044462	1.20743224747486
0.0923840100277304	1.22810013445732
0.0925533773838052	1.18193499569486
0.0927233668818842	1.14128583901473
0.0928939819562734	1.19063854084305
0.0930652260666024	1.17827683334096
0.0932371026980584	1.12191478120643
0.0934096153616227	1.24350464140841
0.0935827675943094	1.27845182248579
0.0937565629594076	1.1112540155893
0.0939310050467254	1.2277518276312
0.0941060974728376	1.22731038715929
0.094281843881335	1.21373857536881
0.0944582479430776	1.20830030442145
0.09463531335645	1.16653457014347
0.0948130438476199	1.1291518685234
0.0949914431707995	1.09125749265337
0.09517051510851	1.17600815885567
0.0953502634718484	1.24315984047397
0.0955306921007585	1.22231169004828
0.095711804864304	1.22287785767228
0.0958936056609451	1.23282959867078
0.0960760984188183	1.25762194244343
0.0962592870960194	1.25080666496901
0.0964431756808891	1.14557904759532
0.0966277681923035	1.20144871134053
0.0968130686799657	1.20542715382558
0.096999081224703	1.17957866864673
0.0971858099387655	1.17640491225489
0.09737325896613	1.29804419478718
0.0975614324828061	1.23301437766775
0.0977503346971463	1.19292606805986
0.09793996985016	1.18454248988428
0.0981303422158305	1.18855554188489
0.0983214561014366	1.20446445324175
0.0985133158478768	1.19551679663249
0.0987059258299987	1.26852025905162
0.0988992904569308	1.25891416219441
0.0990934141724196	1.19397756951773
0.0992883014551696	1.23123476968166
0.0994839568191878	1.23355537340293
0.0996803848141322	1.19122328725477
0.0998775900256648	1.19762938529308
0.100075577075808	1.29605728020444
0.100274350623306	1.21472540616018
0.100473915363989	1.1333211248764
0.100674276031146	1.14875746637917
0.100875437395897	1.20068150315676
0.101077404267569	1.22654934789017
0.101280181494085	1.09107467331049
0.101483773962349	1.23423954493535
0.101688186598636	1.22599580473015
0.101893424368995	1.2650968364756
0.102099492279645	1.23477676170816
0.102306395377388	1.23176941898691
0.102514138750017	1.21178404926452
0.102722727526733	1.06342346182102
0.10293216687857	1.14712673257512
0.10314246201882	1.18161625303992
0.103353618203466	1.19289990651857
0.103565640731621	1.20965158289978
0.103778534945969	1.19393889811344
0.103992306233216	1.20780139269433
0.104206960024543	1.1578407162
0.104422501796067	1.10587876482514
0.104638937069306	1.03344396668962
0.104856271411651	1.13753535188246
0.105074510436841	1.17900566283234
0.105293659805451	1.27610329228442
0.105513725225377	1.210771309534
0.105734712452335	1.18979094881587
0.105956627290359	1.23757407484979
0.106179475592312	1.21975472006992
0.1064032632604	1.22075940775589
0.106627996246695	1.12632562511353
0.106853680553656	1.02858492612048
0.107080322234672	1.15142419829606
0.107307927394598	1.21851054818331
0.107536502190304	1.23158541741041
0.10776605283123	1.2744751599334
0.10799658557995	1.24081619265566
0.108228106752741	1.20623965398357
0.108460622720158	1.2478119290334
0.108694139907619	1.25465185235412
0.108928664795998	1.24915687456868
0.109164203922226	1.18730240206779
0.109400763879894	1.20832991895685
0.10963835131987	1.14688102187476
0.109876972950926	1.26698141127454
0.110116635540364	1.21917111237159
0.110357345914659	1.17469869364575
0.110599110960106	1.10345920284996
0.110841937623478	1.18869146002129
0.111085832912688	1.18172756818421
0.111330803897469	1.18747253822916
0.11157685771005	1.16720702350751
0.111824001545855	1.17834134871228
0.112072242664199	1.18714021262683
0.112321588389003	1.19324005022828
0.11257204610951	1.13925489199277
0.112823623281019	1.12660066350944
0.113076327425623	1.21837774938641
0.113330166132957	1.24376626266865
0.113585147060961	1.26074278219279
0.113841277936649	1.13185531828004
0.114098566556888	1.07618891640243
0.114357020789191	1.0819224011331
0.114616648572518	1.08960665011179
0.114877457918089	1.13499877227564
0.115139456910209	1.16517271971739
0.115402653707102	1.17498195097163
0.115667056541758	1.17650972480029
0.115932673722793	1.21430704406802
0.116199513635315	1.18835669584144
0.116467584741814	1.16763098039169
0.116736895583049	1.0639459060102
0.117007454778959	1.10646256289054
0.11727927102958	1.174449978095
0.117552353115983	1.21424200763811
0.117826709901214	1.26165454693841
0.118102350331253	1.29616735494449
0.118379283435992	1.24189962461954
0.118657518330213	1.27886569647601
0.118937064214596	1.13670840932381
0.119217930376728	1.05664970828194
0.119500126192133	1.12028808113276
0.119783661125314	1.16508179361681
0.120068544730816	1.23479156481244
0.120354786654291	1.32721135894376
0.120642396633594	1.27338626373187
0.120931384499885	1.17844960987223
0.121221760178748	1.17432819467518
0.121513533691328	1.22307546200743
0.121806715155483	1.13547862475276
0.122101314786957	1.13343535748767
0.122397342900562	1.10087901817753
0.122694809911384	1.12546206476735
0.122993726336007	1.2260717811768
0.123294102793745	1.22441983160947
0.12359595000791	1.2220682337082
0.123899278807077	1.01411829848266
0.12420410012639	1.10793711826656
0.124510425008865	1.20422146414223
0.124818264606732	1.28375753856721
0.125127630182786	1.22799481555518
0.125438533111758	1.23630689658646
0.125750984881713	1.22049812796908
0.126064997095462	1.21464776094539
0.126380581472	1.02599782708146
0.126697749847962	0.99550624368065
0.127016514179107	1.02421618178784
0.127336886541815	1.17078314124909
0.127658879134615	1.26621548136948
0.127982504279734	1.30680451709822
0.128307774424667	1.25127130024347
0.128634702143774	1.15858632200477
0.128963300139899	1.18077619211863
0.129293581246017	1.1994512886536
0.129625558426905	1.11088282314558
0.129959244780836	1.08941709690411
0.130294653541304	1.17369984332739
0.130631798078771	1.23834680675966
0.130970691902448	1.15195577874755
0.131311348662094	1.16079521054254
0.131653782149853	1.10717435402246
0.131998006302112	1.08220246682733
0.132344035201395	1.16166785162321
0.132691883078281	1.19561622828946
0.133041564313356	1.17105736827471
0.133393093439194	1.20562199639253
0.13374648514237	1.25916552053488
0.134101754265508	1.21881779328061
0.134458915809356	1.23443965823876
0.134817984934899	1.19927254323275
0.135178976965502	1.15433277293204
0.135541907389094	1.09703668547534
0.135906791860379	1.14675494986024
0.136273646203089	1.25013258370663
0.136642486412271	1.28260330901035
0.137013328656611	1.30384526418698
0.137386189280799	1.19318565348461
0.137761084807927	1.06605968147785
0.138138031941933	1.12622233132751
0.138517047570078	1.26123949858912
0.138898148765473	1.22996723080394
0.139281352789638	1.2570915563605
0.139666677095111	1.16732851137017
0.140054139328098	1.29617114247302
0.140443757331164	1.28168056184006
0.140835549145973	1.12205594016351
0.141229533016075	1.01185942621805
0.141625727389735	1.02018517210896
0.142024150922816	1.1367627693994
0.142424822481701	1.20862688171605
0.142827761146278	1.17830628883435
0.143232986212965	1.25694333262949
0.143640517197791	1.27383416187648
0.14405037383953	1.24119924002199
0.144462576102885	1.09821435298229
0.144877144181733	1.02139792566884
0.145294098502424	0.925117112114819
0.145713459727131	1.05287009455541
0.146135248757265	1.2932138548371
0.146559486736952	1.16799832532953
0.14698619505656	1.13254926588354
0.147415395356297	1.20543808249093
0.147847109529869	1.26305110117753
0.148281359728206	1.20753246681394
0.148718168363243	1.08840165664741
0.149157558111784	1.0122288660803
0.149599551919422	1.03013069201439
0.150044173004532	1.24132517549929
0.150491444862342	1.23530995959707
0.150941391269066	1.05897449167667
0.151394036286122	1.12796172145162
0.151849404264417	1.20875606620901
0.152307519848716	1.17220348102435
0.152768407982088	1.17816613750482
0.153232093910434	1.22564316269739
0.153698603187094	1.13678995442858
0.154167961677544	1.21016048498451
0.154640195564176	1.20831865732501
0.155115331351166	1.17540285233527
0.155593395869431	1.10619352577989
0.156074416281683	1.06556084228176
0.156558420087572	1.16405454236624
0.157045435128928	1.27623357294946
0.157535489595096	1.25644592764456
0.158028612028379	1.16657569850575
0.158524831329579	1.22991697868862
0.159024176763641	1.2264907103461
0.159526677965409	1.13363477124191
0.160032364945486	1.11915061113706
0.160541268096211	1.09751072992749
0.161053418197747	1.24616899906912
0.161568846424287	1.19695016660902
0.162087584350379	1.19873665489923
0.162609663957372	1.28058245976356
0.163135117639996	1.26050475488393
0.163663978213051	1.19188947995439
0.164196278918248	1.10044261941929
0.164732053431171	0.961599555520094
0.165271335868375	1.09851321359469
0.165814160794634	1.24401695335969
0.166360563230323	1.27208752730896
0.166910578658947	1.22804644935342
0.167464243034827	1.2273841500007
0.168021592790932	1.26302163382552
0.168582664846873	1.15458511730236
0.16914749661705	0.922895766342451
0.169716126018975	0.853202863758984
0.170288591481756	0.950061553898421
0.170864931954749	1.16341281010942
0.1714451869164	1.22222866874553
0.172029396383254	1.2292466112778
0.172617600919154	1.23149764453938
0.173209841644634	1.17124673122904
0.173806160246499	1.26683043759778
0.174406598987604	1.07771836357143
0.175011200716846	0.933675069259093
0.175620008879347	0.898631831800648
0.176233067526872	1.0617520591146
0.176850421328444	1.17320620052219
0.1774721155812	1.04690599678294
0.178098196221468	1.05101880593664
0.178728709836084	1.21043941191143
0.179363703673942	1.25715950206077
0.180003225657804	1.23052037047778
0.180647324396349	1.15631068516957
0.181296049196496	1.0503651804529
0.181949450075982	1.18250308796059
0.182607577776219	1.18915932505391
0.18327048377543	1.06165005103873
0.183938220302071	1.02183654118996
0.184610840348545	0.997757995552491
0.185288397685229	1.22520694549939
0.185970946874795	1.21625437784803
0.186658543286863	1.18702720064306
0.187351243112968	1.24192273378697
0.188049103381875	1.25749585209196
0.188752181975224	1.23301999677467
0.189460537643535	1.0877085324538
0.190174230022577	1.08713896449535
0.1908933196501	1.07507567239487
0.191617867982954	1.17203693966491
0.192347937414597	1.2321483343745
0.193083591293011	1.21182169673469
0.193824893939018	1.34736684804537
0.194571910665031	1.32098232027298
0.195324707794237	1.18720204940842
0.196083352680224	1.18549134700577
0.196847913727071	1.03416831412528
0.197618460409908	1.05415998439477
0.198395063295961	1.21908467176979
0.199177794066095	1.21426937753396
0.199966725536871	1.19690418098113
0.200761931683124	1.14462765855062
0.20156348766109	1.17860010915906
0.20237146983208	1.16723736920687
0.203185955786736	0.900453850917164
0.204007024369863	0.879653014375248
0.204834755705877	0.906772532484326
0.205669231224867	1.11910072730987
0.206510533689303	1.18453713036277
0.207358747221393	1.20250778198162
0.20821395733113	1.13951230036809
0.209076250945025	1.12617601002596
0.209945716435559	1.23886104559504
0.210822443651378	1.07009340145228
0.211706523948242	0.942949379005585
0.212598050220762	0.790989491128993
0.213497116934933	0.981919530875018
0.214403820161506	1.09544970085001
0.215318257610209	1.02193145606636
0.216240528664845	1.02377003336852
0.217170734419303	1.11204949933299
0.218108977714497	1.11211269454435
0.219055363176268	1.3164275680697
0.220009997254276	1.13513582846442
0.220972988261915	0.961337861614371
0.221944446417284	1.06350555512331
0.222924483885235	1.06574017752049
0.223913214820547	1.09407564905659
0.224910755412253	0.926287695028649
0.225917223929153	0.841413210641129
0.226932740766561	1.11811679614621
0.227957428494314	1.15122666201788
0.228991411906088	1.20510807494366
0.230034818070064	1.20619282648952
0.231087776380981	1.28735869622605
0.232150418613635	1.19120187368469
0.23322287897785	1.07814242100285
0.234305294174984	1.09943032136687
0.235397803456017	0.986175991329594
0.236500548681274	1.11905385098158
0.237613674381825	1.20133130581858
0.23873732782264	1.12707334733872
0.239871659067533	1.28074276602964
0.241016821045975	1.28661998817778
0.242172969621823	1.19369189612872
0.243340263664043	1.19466163085677
0.244518865119483	1.10640536655229
0.245708939087772	1.19412775902507
0.246910653898424	1.18934317179994
0.248124181190203	1.09535432650486
0.249349695992852	1.16628218753724
0.250587376811246	1.17263773083392
0.251837405712076	1.23061446373301
0.253099968413125	1.06620958384569
0.254375254375255	0.84823784940991
0.255663456897187	0.869785418272316
0.256964773213171	0.919699185393033
0.258279404593655	1.09545498711782
0.259607556449068	1.04604047028597
0.260949438436809	1.20013286571265
0.262305264571583	1.16469930970636
0.263675253339184	1.09194081536432
0.265059627813874	1.11585040212757
0.266458615779467	1.05807434795403
0.267872449854278	0.949288050124194
0.269301367620066	0.803896208429172
0.270745611755126	0.924732933496103
0.272205430171686	1.0243247302277
0.273681076157781	1.0874296066805
0.275172808523754	0.98208911228864
0.276680891753582	0.952262238028297
0.278205596161209	1.08873160964873
0.279747198052065	1.18425305140625
0.281305979889999	1.09035598706043
0.282882230469812	0.867726794505985
0.28447624509563	0.945399522777584
0.286088325765344	1.12463092941435
0.287718781361348	1.04059641730819
0.289367927847844	0.856454146130468
0.291036088474972	0.64975214326443
0.292723593990034	1.03997620436381
0.294430782856121	1.11650501141557
0.296158001478422	1.2086902602914
0.297905604438556	0.959920246706667
0.299673954737247	0.994070986829848
0.301463424045688	1.11427606005297
0.303274392965976	1.0082259117465
0.305107251300978	1.13640791888303
0.306962398334054	0.87197531433169
0.30884024311904	0.955935491750886
0.310741204780941	1.00813076196326
0.3126657128278	1.09058068004954
0.314614207474228	1.11713982415755
0.316587139977105	1.21221135622334
0.318584972983995	1.2278016054279
0.320608180894831	1.05141421562029
0.322657250237476	1.27736024366747
0.324732680057777	1.24910535578632
0.326834982324765	1.22992610150979
0.328964682351703	0.995262101728691
0.331122319233704	1.03036040346022
0.333308446302677	1.20342156232195
0.335523631600422	1.19639732915011
0.337768458370714	0.98059373474725
0.340043525571274	0.813454252348784
0.342349448406569	0.925888639046309
0.344686858882443	0.950426810524186
0.347056406383617	1.08605767372461
0.349458758275184	0.914158495077701
0.35189460052925	0.890495377840833
0.354364638377974	1.05332370734392
0.356869596994302	1.09741613854873
0.359410222201776	1.14307962142642
0.361987281214888	1.00076050976435
0.364601563411504	0.939506101422942
0.367253881139016	0.658904864060297
0.369945070555924	0.86389441379956
0.372675992510704	0.838248666090106
0.375447533459885	1.11265257627648
0.378260606427405	0.98893782698891
0.381116152007415	0.690883781373146
0.384015139412857	1.06636847168096
0.386958567572253	1.12365519537083
0.389947466277344	0.965355831195191
0.392982897384306	0.821916683892121
0.396065956071533	0.904227962430004
0.399197772157073	0.900421195738755
0.402379511479083	0.877107394563392
0.405612377342817	0.902125932919686
0.408897612037946	0.560025050169521
0.412236498430204	0.84434874276057
0.415630361631665	1.02580685907902
0.419080570754211	1.1384365354209
0.422588540751058	0.84468653783752
0.426155734351562	0.629115414988992
0.429783664094841	0.948893512018689
0.43347389446818	0.689962897338294
0.437228044156535	0.944171635804974
0.44104778840997	0.795183174191136
0.444934861536271	0.811809557269074
0.448891059526546	0.579014569173618
0.452918242822152	0.815053298414575
0.457018339231917	1.13259377476203
0.461193347009253	1.0754125872663
0.465445338099493	1.11494164940735
0.469776461568527	0.943820149878267
0.474188947224667	0.988782984104836
0.478685109446563	1.0348224345477
0.483267351230978	1.13765167722414
0.48793816847529	1.16072637434382
0.492700154510768	1.03012986118596
0.497556004903911	1.09940342420099
0.502508522544542	1.16618829698602
0.507560623040815	0.912399449387899
0.512715340442985	0.777903215223309
0.51797583331952	0.918500450087862
0.523345391211146	0.818599806523483
0.528827441490531	0.884353339213503
0.534425556657659	0.677637692653755
0.540143462103534	0.72133307794423
0.545985044377664	0.92655450691734
0.55195435999788	0.709620754995801
0.558055644844458	1.06949246088794
0.564293324184257	0.842858660350067
0.570672023374725	0.717344309953014
0.577196579302192	0.57026532241221
0.583872052613878	0.518259760632529
0.590703740808649	0.723419251350024
0.597697192257669	0.663187472676189
0.604858221232942	0.675319860227407
0.612192924029306	0.423664363909224
0.619707696273821	0.605822067525213
0.627409251525859	0.93554305892769
0.635304641281587	0.613149141442687
0.643401276508132	0.717213653106362
0.651706950845654	0.573296758244607
0.660229865630017	0.657440139995973
0.66897865690493	0.875047259792409
0.677962424610578	0.564593249906901
0.687190764156129	0.588184369232195
0.696673800606384	0.584103481041722
0.706422225738635	0.561949609033392
0.716447338254848	1.00960678814631
0.72676108746715	0.665376410994297
0.737376120811703	0.525650739025064
0.748305835588228	0.676049277623095
0.759564435370181	0.472722202487813
0.771166991585025	0.483701940193266
0.783129510825982	0.57223113006915
0.795469008527427	0.690722426450661
0.808203589717064	0.274402032071646
0.8213525376508	0.500069586593495
0.834936411242919	0.967668002029918
0.848977152326876	0.570882328403848
0.863498203923736	0.750581352532566
0.878524640859127	0.307413546964725
0.894083314259556	0.434498638064624
0.910203011679725	0.704771081488842
0.926914634869787	0.713723584494976
0.944251397492068	0.879875091375508
0.962249045448947	1.01381786938039
0.980946102897322	1.11594733564635
1.00038414751264	1.24764517430394
1.02060811914171	0.801463716563981
1.04166666666667	0.80997105703211
