0.833498000000058	4.69833899362319
0.833333333333391	4.70927787498766
0.833168666666724	4.71401291978213
0.833004000000057	4.71136586013783
0.832839333333391	4.70056223979917
0.832674666666724	4.68131347673746
0.832510000000057	4.65389029864888
0.832345333333391	4.61917991427563
0.832180666666724	4.57871714596883
0.832016000000057	4.5346784508202
0.83185133333339	4.48982796711114
0.831686666666724	4.44740711509165
0.831522000000057	4.41096445045733
0.83135733333339	4.3841307285908
0.831192666666723	4.37035507928582
0.831028000000057	4.37263003939148
0.83086333333339	4.39324242505455
0.830698666666723	4.4335891230439
0.830534000000056	4.49408858512681
0.83036933333339	4.57420084930349
0.830204666666723	4.67254682254581
0.830040000000056	4.78709917965825
0.82987533333339	4.91540836494383
0.829710666666723	5.05482876395978
0.829546000000056	5.20271877506986
0.82938133333339	5.35659941427056
0.829216666666723	5.51426554973305
0.829052000000056	5.67385037312128
0.828887333333389	5.83384751732017
0.828722666666722	5.99309735933891
0.828558000000056	6.15074546647956
0.828393333333389	6.30618223494464
0.828228666666722	6.4589732424268
0.828064000000055	6.60878909326389
0.827899333333389	6.75534134675423
0.827734666666722	6.89832811251772
0.827570000000055	7.03739032471893
0.827405333333389	7.17207857083859
0.827240666666722	7.30183065642026
0.827076000000055	7.42596093307364
0.826911333333388	7.54366274900982
0.826746666666722	7.65402467791253
0.826582000000055	7.75605959865569
0.826417333333388	7.84874379019474
0.826252666666721	7.93106157943896
0.826088000000054	8.00205018322293
0.825923333333387	8.06083944055623
0.825758666666721	8.10668213722854
0.825594000000054	8.1389723858997
0.825429333333387	8.15725169500093
0.82526466666672	8.16120450870553
0.825100000000054	8.15064669804562
0.824935333333387	8.12551139051703
0.82477066666672	8.08583646846913
0.824606000000053	8.03175708032709
0.824441333333386	7.96350483649488
0.82427666666672	7.88141340581088
0.824112000000053	7.78592845710509
0.823947333333386	7.67761872033105
0.82378266666672	7.55718462581491
0.823618000000053	7.42546153927487
0.823453333333386	7.2834158364571
0.823288666666719	7.1321335945111
0.823124000000052	6.97280312819583
0.822959333333386	6.80669366959515
0.822794666666719	6.63513304727653
0.822630000000052	6.45948729988798
0.822465333333386	6.28114490028667
0.822300666666719	6.10150781178545
0.822136000000052	5.92199098453952
0.821971333333386	5.74403098282654
0.821806666666719	5.56910288688288
0.821642000000052	5.39874206083555
0.821477333333385	5.23456372736203
0.821312666666719	5.07826927543549
0.821148000000052	4.93162599274854
0.820983333333385	4.79640998467757
0.820818666666719	4.67431359251483
0.820654000000052	4.56683745980697
0.820489333333385	4.47520399934185
0.820324666666718	4.4003280541829
0.820160000000052	4.34285398719413
0.819995333333385	4.30322946643439
0.819830666666718	4.28176392515787
0.819666000000051	4.27863248556251
0.819501333333384	4.29382300732861
0.819336666666718	4.32705646776902
0.819172000000051	4.37772012537465
0.819007333333384	4.44484061320584
0.818842666666717	4.52710373528041
0.818678000000051	4.62291130540222
0.818513333333384	4.73045768329127
0.818348666666717	4.84780868731497
0.81818400000005	4.97296992922238
0.818019333333384	5.10393720984278
0.817854666666717	5.23872658698635
0.81769000000005	5.37538544610076
0.817525333333384	5.51198848039032
0.817360666666717	5.64662427239753
0.81719600000005	5.77737940361307
0.817031333333384	5.90232765712736
0.816866666666717	6.01953159832203
0.81670200000005	6.12706220544275
0.816537333333383	6.22303908503727
0.816372666666716	6.3056894955122
0.81620800000005	6.3734199081931
0.816043333333383	6.42489052360573
0.815878666666716	6.45908216940953
0.815714000000049	6.4753466471934
0.815549333333383	6.47343515856836
0.815384666666716	6.45350357440814
0.815220000000049	6.41609673200012
0.815055333333382	6.36211600868875
0.814890666666716	6.29277520386557
0.814726000000049	6.20954970272444
0.814561333333382	6.11412335391765
0.814396666666715	6.00833657738812
0.814232000000048	5.8941379448123
0.814067333333382	5.7735400082276
0.813902666666715	5.64857885323805
0.813738000000048	5.52127610166428
0.813573333333382	5.39360207328302
0.813408666666715	5.26743946374915
0.813244000000048	5.14454794466164
0.813079333333381	5.02653120658755
0.812914666666715	4.91480880700278
0.812750000000048	4.81059543986666
0.812585333333381	4.71488968022001
0.812420666666714	4.62847284355837
0.812256000000048	4.55191664533721
0.812091333333381	4.48559653360864
0.811926666666714	4.42970673357898
0.811762000000048	4.38427372284074
0.811597333333381	4.34916686896473
0.811432666666714	4.32410739170756
0.811268000000048	4.30867850370827
0.811103333333381	4.30233981611713
0.810938666666714	4.30444794588629
0.810774000000047	4.31428342405779
0.81060933333338	4.33108229395913
0.810444666666714	4.35406972033587
0.810280000000047	4.38249260408573
0.81011533333338	4.41564842989886
0.809950666666714	4.45290811128765
0.809786000000047	4.49373125666547
0.80962133333338	4.5376729875875
0.809456666666713	4.58438218964718
0.809292000000047	4.63359185947843
0.80912733333338	4.68510296393146
0.808962666666713	4.73876381930421
0.808798000000047	4.79444727093073
0.80863333333338	4.85202779207793
0.808468666666713	4.91136002761871
0.808304000000046	4.9722594316614
0.80813933333338	5.03448475430761
0.807974666666713	5.0977215145568
0.807810000000046	5.16156547139944
0.807645333333379	5.22550553871821
0.807480666666713	5.28890647835912
0.807316000000046	5.35099281915767
0.807151333333379	5.41083650525928
0.806986666666712	5.46735151586401
0.806822000000046	5.51929893758411
0.806657333333379	5.56530562372104
0.806492666666712	5.60389864780749
0.806328000000046	5.63355633259111
0.806163333333379	5.65277484913114
0.805998666666712	5.6601474202547
0.805834000000045	5.65445125615597
0.805669333333379	5.63473575624623
0.805504666666712	5.6004044949157
0.805340000000045	5.55128329509838
0.805175333333379	5.4876674115475
0.805010666666712	5.41034247557069
0.804846000000045	5.32057619886775
0.804681333333379	5.22008054003144
0.804516666666712	5.11094665087083
0.804352000000045	4.99555700057959
0.804187333333378	4.876480332318
0.804022666666712	4.7563555246007
0.803858000000045	4.63777032419233
0.803693333333378	4.52314083428692
0.803528666666712	4.41459809027343
0.803364000000045	4.31388916528987
0.803199333333378	4.22230155383912
0.803034666666711	4.1406201137965
0.802870000000045	4.06912455421312
0.802705333333378	4.00763178040687
0.802540666666711	3.9555816887373
0.802376000000044	3.91215845082784
0.802211333333378	3.87643354511243
0.802046666666711	3.84751313601372
0.801882000000044	3.82467153666604
0.801717333333377	3.80745438069351
0.80155266666671	3.79573929869189
0.801388000000044	3.78974771871605
0.801223333333377	3.79000818586613
0.80105866666671	3.79727845036904
0.800894000000044	3.81243938886741
0.800729333333377	3.83637739214591
0.80056466666671	3.86987227745456
0.800400000000043	3.91350492960726
0.800235333333376	3.96759356712343
0.80007066666671	4.03216131320245
0.799906000000043	4.10693229721363
0.799741333333376	4.19134998520698
0.799576666666709	4.28461015981777
0.799412000000043	4.38570150572288
0.799247333333376	4.49344829007283
0.799082666666709	4.60655137736995
0.798918000000042	4.72362530689112
0.798753333333376	4.84323027275586
0.798588666666709	4.96389872758629
0.798424000000042	5.08415719396789
0.798259333333375	5.20254478734703
0.798094666666709	5.31763073471634
0.797930000000042	5.42803341025764
0.797765333333375	5.53244276214773
0.797600666666708	5.62964653295329
0.797436000000042	5.71855893416201
0.797271333333375	5.79824918077502
0.797106666666708	5.86796700605187
0.796942000000041	5.92716289856511
0.796777333333375	5.97550186364175
0.796612666666708	6.01287048603076
0.796448000000041	6.0393776591419
0.796283333333374	6.05534952184516
0.796118666666708	6.06131905050212
0.795954000000041	6.05801057559823
0.795789333333374	6.04631937178241
0.795624666666708	6.02728648219407
0.795460000000041	6.0020690935378
0.795295333333374	5.97190703820606
0.795130666666708	5.93808629187052
0.794966000000041	5.90190057667088
0.794801333333374	5.86461230465689
0.794636666666707	5.82741407820742
0.79447200000004	5.79139183422374
0.794307333333374	5.75749055721274
0.794142666666707	5.72648339489731
0.79397800000004	5.69894507010853
0.793813333333374	5.67523071369745
0.793648666666707	5.65546157763034
0.79348400000004	5.63951937547012
0.793319333333373	5.62705104351778
0.793154666666707	5.61748534130486
0.79299000000004	5.61006182547238
0.792825333333373	5.60387139421024
0.792660666666706	5.59790603344536
0.79249600000004	5.59111394974348
0.792331333333373	5.58245532884824
0.792166666666706	5.57095380303797
0.79200200000004	5.55573944059758
0.791837333333373	5.53608054487763
0.791672666666706	5.51140342868909
0.79150800000004	5.48130118063568
0.791343333333373	5.44553387112734
0.791178666666706	5.40402340908579
0.791014000000039	5.35684629700929
0.790849333333372	5.30422695314717
0.790684666666706	5.24653329041812
0.790520000000039	5.18427510062016
0.790355333333372	5.1181046797602
0.790190666666705	5.04881814520465
0.790026000000038	4.97735503901121
0.789861333333372	4.90479302331169
0.789696666666705	4.83233371704526
0.789532000000038	4.76127512800594
0.789367333333372	4.69296615157022
0.789202666666705	4.628740060136
0.789038000000038	4.56982770349537
0.788873333333371	4.5172574814069
0.788708666666705	4.47175649915076
0.788544000000038	4.43367214188773
0.788379333333371	4.40293173547358
0.788214666666704	4.37904897495196
0.788050000000038	4.36117313812844
0.787885333333371	4.34816724239051
0.787720666666704	4.33869868612422
0.787556000000038	4.33132992416752
0.787391333333371	4.32460310758689
0.787226666666704	4.31711726475772
0.787062000000037	4.3075979957975
0.786897333333371	4.29495869165846
0.786732666666704	4.2783507611245
0.786568000000037	4.25719965546818
0.78640333333337	4.23122416677778
0.786238666666704	4.20043834475097
0.786074000000037	4.1651378094767
0.78590933333337	4.12587449730493
0.785744666666704	4.08342531805676
0.785580000000037	4.03876038634064
0.78541533333337	3.99301523281904
0.785250666666704	3.94746879038777
0.785086000000037	3.90352537723186
0.78492133333337	3.86269511534857
0.784756666666704	3.8265643662002
0.784592000000037	3.79674722671726
0.78442733333337	3.77481213193544
0.784262666666703	3.76218447705983
0.784098000000036	3.76003556597242
0.78393333333337	3.76917694363337
0.783768666666703	3.78998324935523
0.783604000000036	3.82236329531432
0.783439333333369	3.86578843231675
0.783274666666703	3.91937317442341
0.783110000000036	3.98199086089017
0.782945333333369	4.0524009211299
0.782780666666703	4.12936508974464
0.782616000000036	4.21173587608899
0.782451333333369	4.29850869773793
0.782286666666702	4.38883671884118
0.782122000000036	4.48201313352603
0.781957333333369	4.57742902103467
0.781792666666702	4.67451623075714
0.781628000000035	4.77268453355335
0.781463333333369	4.87126103967479
0.781298666666702	4.96943813923146
0.781134000000035	5.06623441413485
0.780969333333368	5.16047144729657
0.780804666666702	5.25076841142235
0.780640000000035	5.33555576141969
0.780475333333368	5.4131090906201
0.780310666666701	5.4816038933739
0.780146000000035	5.53919118198327
0.779981333333368	5.58409226215945
0.779816666666701	5.61470831688571
0.779652000000034	5.62973699682044
0.779487333333368	5.62828465320667
0.779322666666701	5.60996027816166
0.779158000000034	5.57493686402152
0.778993333333367	5.52396862278624
0.778828666666701	5.45835831793356
0.778664000000034	5.37987675079484
0.778499333333367	5.29064425407469
0.778334666666701	5.19298976643484
0.778170000000034	5.08930527376624
0.778005333333367	4.98191190769834
0.777840666666701	4.87294976904766
0.777676000000034	4.76429819343927
0.777511333333367	4.65752820876563
0.7773466666667	4.55388527540379
0.777182000000034	4.45429827640861
0.777017333333367	4.35940985005661
0.7768526666667	4.26962302946398
0.776688000000033	4.18515930208453
0.776523333333367	4.10612331454085
0.7763586666667	4.03256940305201
0.776194000000033	3.96456496352468
0.776029333333367	3.90224553448976
0.7758646666667	3.84585655609269
0.775700000000033	3.79577730813215
0.775535333333367	3.75252370625855
0.7753706666667	3.71672855029796
0.775206000000033	3.68910042765527
0.775041333333366	3.67036551978175
0.7748766666667	3.66119953012521
0.774712000000033	3.66215912881768
0.774547333333366	3.67362294340021
0.774382666666699	3.69575073479968
0.774218000000033	3.72846606554846
0.774053333333366	3.77146324042334
0.773888666666699	3.82423477646918
0.773724000000033	3.88611232720051
0.773559333333366	3.95631256183868
0.773394666666699	4.0339800258869
0.773230000000032	4.11822097115891
0.773065333333365	4.20812479382971
0.772900666666699	4.30277238570935
0.772736000000032	4.40123295291952
0.772571333333365	4.50255249579177
0.772406666666698	4.60573813712482
0.772242000000032	4.70974285478393
0.772077333333365	4.81345494630764
0.771912666666698	4.91569576075311
0.771748000000032	5.01522795107046
0.771583333333365	5.11077488450244
0.771418666666698	5.20105014661305
0.771254000000032	5.28479458912924
0.771089333333365	5.36081737783943
0.770924666666698	5.42803714515815
0.770760000000031	5.48551960725475
0.770595333333365	5.53250866119979
0.770430666666698	5.56844875488718
0.770266000000031	5.59299701433702
0.770101333333364	5.60602419596586
0.769936666666697	5.60760417669646
0.769772000000031	5.59799265058676
0.769607333333364	5.57759708636717
0.769442666666697	5.54694160948041
0.769278000000031	5.50663170016448
0.769113333333364	5.45732357701693
0.768948666666697	5.39970108842375
0.76878400000003	5.33445871908608
0.768619333333364	5.26228404631296
0.768454666666697	5.18382947657842
0.76829000000003	5.0996655370611
0.768125333333363	5.01021958748386
0.767960666666696	4.91572205588624
0.76779600000003	4.81619532604659
0.767631333333363	4.71151227164597
0.767466666666696	4.60151880793395
0.76730200000003	4.48617857379869
0.767137333333363	4.36568763641382
0.766972666666696	4.24053035958225
0.766808000000029	4.11148232942957
0.766643333333363	3.97958655041088
0.766478666666696	3.84612816860465
0.766314000000029	3.7126204926219
0.766149333333362	3.58080252237808
0.765984666666695	3.45264047904638
0.765820000000029	3.33032236684388
0.765655333333362	3.21623329956813
0.765490666666695	3.11289924414027
0.765326000000028	3.02288879785415
0.765161333333362	2.9486685222805
0.764996666666695	2.89241863555761
0.764832000000028	2.85583147454295
0.764667333333361	2.83993001978105
0.764502666666695	2.84494969626864
0.764338000000028	2.87031684964186
0.764173333333361	2.91473261484067
0.764008666666694	2.97634159370472
0.763844000000028	3.05294438494701
0.763679333333361	3.14220921821445
0.763514666666694	3.24184860891346
0.763350000000027	3.34974395095051
0.763185333333361	3.46401653391455
0.763020666666694	3.58305368652003
0.762856000000027	3.70550327835766
0.762691333333361	3.83025007909873
0.762526666666694	3.95638515736971
0.762362000000027	4.08317593038206
0.76219733333336	4.21004061645679
0.762032666666694	4.33652744909741
0.761868000000027	4.46229668134836
0.76170333333336	4.58710249424912
0.761538666666693	4.71077238075233
0.761374000000027	4.83318292745535
0.76120933333336	4.9542324118421
0.761044666666693	5.07381157955972
0.760880000000027	5.19177402926344
0.76071533333336	5.30790693456682
0.760550666666693	5.42190182352053
0.760386000000026	5.53332435135786
0.76022133333336	5.64158186806711
0.760056666666693	5.74588834288649
0.759892000000026	5.84522794455373
0.759727333333359	5.93832123093616
0.759562666666693	6.02360122648538
0.759398000000026	6.09921007827206
0.759233333333359	6.16302939004652
0.759068666666692	6.21275710649739
0.758904000000026	6.24603914273153
0.758739333333359	6.26065376838166
0.758574666666692	6.25473209274024
0.758410000000025	6.22698290331348
0.758245333333359	6.17688095663406
0.758080666666692	6.10478040850351
0.757916000000025	6.01193075770265
0.757751333333358	5.90039637711279
0.757586666666692	5.77290296944805
0.757422000000025	5.6326465050711
0.757257333333358	5.48309922843472
0.757092666666691	5.32783630905154
0.756928000000025	5.17039225596703
0.756763333333358	5.01414445367019
0.756598666666691	4.86221539730562
0.756434000000024	4.71738557670812
0.756269333333358	4.58201359355617
0.756104666666691	4.45796631815732
0.755940000000024	4.34656714759664
0.755775333333357	4.24857278529664
0.755610666666691	4.16418739498673
0.755446000000024	4.09311752653333
0.755281333333357	4.0346629834375
0.75511666666669	3.98782978927515
0.754952000000024	3.95144409051248
0.754787333333357	3.92424278083105
0.75462266666669	3.90492012295015
0.754458000000023	3.89212092663427
0.754293333333357	3.88438877142023
0.75412866666669	3.88009738022831
0.753964000000023	3.87740613676091
0.753799333333356	3.87427875151303
0.75363466666669	3.8685851246337
0.753470000000023	3.85827759144553
0.753305333333356	3.84160680218522
0.75314066666669	3.81733020043547
0.752976000000023	3.78487013645156
0.752811333333356	3.74439412086536
0.752646666666689	3.69680872231588
0.752482000000023	3.64367490941408
0.752317333333356	3.58706334849912
0.752152666666689	3.52937313340587
0.751988000000022	3.47313788203906
0.751823333333356	3.42084068198666
0.751658666666689	3.37475534328451
0.751494000000022	3.33682662786018
0.751329333333355	3.3085968742822
0.751164666666689	3.29118082535516
0.751000000000022	3.2852847968828
0.750835333333355	3.29126129717043
0.750670666666688	3.30918672531663
0.750506000000022	3.33894850439563
0.750341333333355	3.38032898998306
0.750176666666688	3.43307615641062
0.750012000000022	3.49695454195162
0.749847333333355	3.57177352875098
0.749682666666688	3.6573934553397
0.749518000000021	3.75371335048056
0.749353333333355	3.86064721807244
0.749188666666688	3.97809820823372
0.749024000000021	4.10594026327654
0.748859333333354	4.24401310963698
0.748694666666688	4.39212785684809
0.748530000000021	4.55006852491974
0.748365333333354	4.71756414022873
0.748200666666687	4.89420280228821
0.748036000000021	5.07926840726055
0.747871333333354	5.27150399082167
0.747706666666687	5.46883827538513
0.74754200000002	5.66813981570317
0.747377333333354	5.86506454229359
0.747212666666687	6.05403029777
0.74704800000002	6.22832481699397
0.746883333333353	6.38039313808865
0.746718666666686	6.50243684359557
0.74655400000002	6.58744548657309
0.746389333333353	6.63055584074525
0.746224666666686	6.63030998227379
0.746060000000019	6.58924893168571
0.745895333333353	6.5135165006276
0.745730666666686	6.41161835699081
0.745566000000019	6.29284050674724
0.745401333333353	6.16586093514198
0.745236666666686	6.03785746470269
0.745072000000019	5.91414060584479
0.744907333333352	5.79817378062702
0.744742666666686	5.69180464528239
0.744578000000019	5.59556782963124
0.744413333333352	5.50897643667472
0.744248666666685	5.43076760188927
0.744084000000019	5.3590985527917
0.743919333333352	5.29170645034645
0.743754666666685	5.22605244627143
0.743590000000019	5.15947106586431
0.743425333333352	5.0893414498093
0.743260666666685	5.01328723681123
0.743096000000018	4.92939739232025
0.742931333333351	4.83644354906274
0.742766666666685	4.73405569767939
0.742602000000018	4.62281422512867
0.742437333333351	4.50422727326302
0.742272666666684	4.38058705418166
0.742108000000018	4.25472865527049
0.741943333333351	4.12973790311378
0.741778666666684	4.00866206867705
0.741614000000018	3.89426763087281
0.741449333333351	3.78886952714909
0.741284666666685	3.69423558040406
0.741120000000018	3.61155503606649
0.740955333333351	3.5414537253428
0.740790666666684	3.48403882215228
0.740626000000017	3.43896031180776
0.740461333333351	3.40548114957161
0.740296666666684	3.38255181640339
0.740132000000017	3.36888700637254
0.73996733333335	3.36304282257442
0.739802666666684	3.36349278305742
0.739638000000017	3.36870071644215
0.73947333333335	3.37718851350664
0.739308666666683	3.3875966499167
0.739144000000017	3.3987352294375
0.73897933333335	3.40962292338801
0.738814666666683	3.41951076127718
0.738650000000016	3.42788773006792
0.73848533333335	3.43446622613923
0.738320666666683	3.43914808366861
0.738156000000016	3.44197603098024
0.737991333333349	3.44307982224447
0.737826666666683	3.44262892352557
0.737662000000016	3.4408026019884
0.737497333333349	3.43778316412994
0.737332666666682	3.43377064850462
0.737168000000016	3.42901057738171
0.737003333333349	3.42382301524775
0.736838666666682	3.41862189933438
0.736674000000016	3.41391726164936
0.736509333333349	3.41029766959624
0.736344666666682	3.40839449131806
0.736180000000015	3.40883280286635
0.736015333333349	3.41217587221867
0.735850666666682	3.41887131940225
0.735686000000015	3.42920725551287
0.735521333333348	3.44328574336755
0.735356666666682	3.46101857758853
0.735192000000015	3.48214670966733
0.735027333333348	3.50628022783826
0.734862666666682	3.53295174801415
0.734698000000015	3.56167364450908
0.734533333333348	3.59198957956731
0.734368666666681	3.62351321482049
0.734204000000015	3.65595084031363
0.734039333333348	3.68910855159452
0.733874666666681	3.72288738978006
0.733710000000014	3.75727104221453
0.733545333333348	3.79231046890008
0.733380666666681	3.82810874665607
0.733216000000014	3.86480811787984
0.733051333333347	3.90258010713089
0.732886666666681	3.94161878569189
0.732722000000014	3.98213678879402
0.732557333333347	4.02436340246582
0.732392666666681	4.06854382166566
0.732228000000014	4.11493847891141
0.732063333333347	4.16382115689404
0.73189866666668	4.21547447211426
0.731734000000014	4.27018129277465
0.731569333333347	4.32821074706887
0.73140466666668	4.38979766560127
0.731240000000013	4.45511454561662
0.731075333333346	4.52423540836295
0.730910666666679	4.59709128983622
0.730746000000013	4.67341769481511
0.730581333333346	4.75269538039285
0.730416666666679	4.83408759249144
0.730252000000012	4.91637957563283
0.730087333333346	4.99792979443055
0.729922666666679	5.07664634970852
0.729758000000012	5.15000535488013
0.729593333333345	5.21512865584334
0.729428666666679	5.26893399608522
0.729264000000012	5.30835991053286
0.729099333333345	5.33065056454255
0.728934666666679	5.33366578595629
0.728770000000012	5.31616504469566
0.728605333333345	5.27800854967346
0.728440666666678	5.22022890775968
0.728276000000011	5.14495220549526
0.728111333333345	5.05518104199123
0.727946666666678	4.95448367082723
0.727782000000011	4.84665341526024
0.727617333333344	4.73540503730941
0.727452666666678	4.62415905146993
0.727288000000011	4.5159361673949
0.727123333333344	4.41335226563004
0.726958666666677	4.31868091303338
0.72679400000001	4.23394215012199
0.726629333333344	4.16098198672068
0.726464666666677	4.10151991884841
0.72630000000001	4.05715469686353
0.726135333333343	4.02932785659156
0.725970666666677	4.01925016324301
0.72580600000001	4.02779978750707
0.725641333333343	4.05540411613316
0.725476666666676	4.10191983988084
0.72531200000001	4.16652773986634
0.725147333333343	4.24765877378257
0.724982666666676	4.34296673107369
0.724818000000009	4.44936068223087
0.724653333333342	4.56310824645862
0.724488666666676	4.68001730227671
0.724324000000009	4.79569615080697
0.724159333333342	4.90587719637226
0.723994666666675	5.00676754699327
0.723830000000009	5.09536892834383
0.723665333333342	5.16970153283561
0.723500666666675	5.22888239409226
0.723336000000009	5.27304807247006
0.723171333333342	5.30315912326056
0.723006666666675	5.32075773363128
0.722842000000008	5.32775313170804
0.722677333333342	5.32628043417062
0.722512666666675	5.31863244366432
0.722348000000008	5.30722383015826
0.722183333333342	5.29453275468574
0.722018666666675	5.28298214601947
0.721854000000008	5.27476041974761
0.721689333333341	5.27161788739171
0.721524666666674	5.27469153722067
0.721360000000008	5.28440191971536
0.721195333333341	5.3004405590928
0.721030666666674	5.3218394794334
0.720866000000008	5.34709695766346
0.720701333333341	5.37432847464932
0.720536666666674	5.40141636879343
0.720372000000007	5.42614184556966
0.720207333333341	5.44629586310221
0.720042666666674	5.45977926560698
0.719878000000007	5.46471523792489
0.71971333333334	5.45960432865587
0.719548666666674	5.44354651384838
0.719384000000007	5.41652767496182
0.71921933333334	5.37971719764312
0.719054666666674	5.33566403163352
0.718890000000007	5.28824794231091
0.71872533333334	5.24228506657913
0.718560666666673	5.2028134619847
0.718396000000006	5.17424117131938
0.71823133333334	5.15962923817071
0.718066666666673	5.16033892852751
0.717902000000006	5.17611872249499
0.717737333333339	5.20553481235308
0.717572666666673	5.24654763065978
0.717408000000006	5.29703590654067
0.717243333333339	5.35513983855423
0.717078666666673	5.41938485181391
0.716914000000006	5.48861751934382
0.716749333333339	5.56182072781004
0.716584666666673	5.6378810600863
0.716420000000006	5.71537090838287
0.716255333333339	5.79239276196192
0.716090666666672	5.86651906913547
0.715926000000006	5.93484769466042
0.715761333333339	5.99417682871428
0.715596666666672	6.04128167717115
0.715432000000005	6.07325021713151
0.715267333333339	6.08781428546269
0.715102666666672	6.08360583537554
0.714938000000005	6.06028347945088
0.714773333333338	6.01850880777935
0.714608666666672	5.95979227981708
0.714444000000005	5.88625798907826
0.714279333333338	5.80038499523166
0.714114666666672	5.70477175728909
0.713950000000005	5.60194977540803
0.713785333333338	5.49425382894566
0.713620666666672	5.38374471902377
0.713456000000005	5.27217577673871
0.713291333333338	5.16099354032959
0.713126666666671	5.05136342845113
0.712962000000005	4.94421195404577
0.712797333333338	4.8402779502793
0.712632666666671	4.74016642759915
0.712468000000005	4.64439986274815
0.712303333333338	4.55346268609604
0.712138666666671	4.46783538292228
0.711974000000004	4.388015080616
0.711809333333338	4.31451999915622
0.711644666666671	4.24787587065849
0.711480000000004	4.18858338895654
0.711315333333337	4.13706688952121
0.711150666666671	4.09360601320202
0.710986000000004	4.05825480264652
0.710821333333337	4.03075746635506
0.71065666666667	4.01047709707882
0.710492000000004	3.99636097467473
0.710327333333337	3.98696889130584
0.71016266666667	3.98058299887573
0.709998000000004	3.97539580194417
0.709833333333337	3.96974227082642
0.70966866666667	3.96231721206695
0.709504000000003	3.95231644217406
0.709339333333337	3.93946545099377
0.70917466666667	3.92394001836652
0.709010000000003	3.9062177609183
0.708845333333336	3.88691225803322
0.708680666666669	3.86663235838516
0.708516000000003	3.84588981108413
0.708351333333336	3.82506005834155
0.708186666666669	3.80438915691007
0.708022000000003	3.78403395926841
0.707857333333336	3.76412033799883
0.707692666666669	3.74480337638676
0.707528000000002	3.72631360017672
0.707363333333336	3.70897541592633
0.707198666666669	3.69318942050613
0.707034000000003	3.67937966610298
0.706869333333336	3.66791831922627
0.706704666666669	3.65904887521168
0.706540000000002	3.65283057798238
0.706375333333336	3.64912015060078
0.706210666666669	3.64759685836368
0.706046000000002	3.64783005444402
0.705881333333335	3.64938856621465
0.705716666666669	3.65199667617008
0.705552000000002	3.65574511493163
0.705387333333335	3.66135769096672
0.705222666666669	3.67048489451888
0.705058000000002	3.68594047887384
0.704893333333335	3.71173056604194
0.704728666666668	3.75269923910328
0.704564000000002	3.81370981220122
0.704399333333335	3.89852676377065
0.704234666666668	4.00882835155254
0.704070000000001	4.14380813422677
0.703905333333335	4.30050941921959
0.703740666666668	4.47461933654633
0.703576000000001	4.66127467569619
0.703411333333334	4.85557537659869
0.703246666666668	5.05276516510307
0.703082000000001	5.24822227068085
0.702917333333334	5.43745106710192
0.702752666666667	5.61621312945994
0.702588000000001	5.78082641093688
0.702423333333334	5.92852985798644
0.702258666666667	6.05771322993826
0.702094000000001	6.16782163950337
0.701929333333334	6.25889184363921
0.701764666666667	6.33088767983224
0.7016	6.38313044858361
0.701435333333333	6.41407757274951
0.701270666666667	6.42153314893773
0.701106	6.40319629165855
0.700941333333333	6.35735448585928
0.700776666666666	6.28352132256187
0.700612	6.18286804209779
0.700447333333333	6.05837081262572
0.700282666666666	5.91466872784244
0.700117999999999	5.75768837081451
0.699953333333333	5.59412978667813
0.699788666666666	5.43091964203877
0.699623999999999	5.27472108714199
0.699459333333333	5.13155513914681
0.699294666666666	5.00654832202446
0.699129999999999	4.90378789968143
0.698965333333332	4.82624692520718
0.698800666666666	4.77573898119322
0.698635999999999	4.75287516843288
0.698471333333332	4.75701855429416
0.698306666666665	4.78625614015968
0.698141999999999	4.83742621334034
0.697977333333332	4.90624170989341
0.697812666666665	4.98753460073954
0.697647999999998	5.07561590872746
0.697483333333332	5.16471070029278
0.697318666666665	5.24940016414947
0.697153999999998	5.32499468364338
0.696989333333332	5.38777714977993
0.696824666666665	5.43509016716221
0.696659999999998	5.46528188621077
0.696495333333331	5.47755782819443
0.696330666666665	5.47179951069957
0.696165999999998	5.44840326978413
0.696001333333331	5.40817101855616
0.695836666666664	5.35225861894069
0.695671999999998	5.2821651824986
0.695507333333331	5.19973244840358
0.695342666666664	5.10711926079403
0.695177999999998	5.00672314381454
0.695013333333331	4.90103979845605
0.694848666666664	4.79247969436061
0.694683999999997	4.68318866972684
0.694519333333331	4.57492933013465
0.694354666666664	4.46906018284571
0.694189999999997	4.36660815121107
0.69402533333333	4.26839277791288
0.693860666666664	4.17514796049157
0.693695999999997	4.08760022593163
0.69353133333333	4.00648738244724
0.693366666666663	3.93252404043636
0.693201999999997	3.86633482400174
0.69303733333333	3.80838187440477
0.692872666666663	3.75891200406971
0.692707999999997	3.71794202280205
0.69254333333333	3.68529003000928
0.692378666666663	3.6606484549277
0.692213999999996	3.643684473088
0.69204933333333	3.63414761627456
0.691884666666663	3.63196373979903
0.691719999999996	3.63729810639517
0.691555333333329	3.65057640367932
0.691390666666663	3.67245941154571
0.691225999999996	3.70377387027885
0.691061333333329	3.74540847990422
0.690896666666662	3.79818931744446
0.690731999999996	3.86275190857515
0.690567333333329	3.93942564135895
0.690402666666662	4.02813869943588
0.690237999999995	4.12833976168548
0.690073333333329	4.23892282737207
0.689908666666662	4.35814371284012
0.689743999999995	4.48353770914435
0.689579333333328	4.61188095486793
0.689414666666662	4.73926067003396
0.689249999999995	4.86130803501468
0.689085333333328	4.97360227490141
0.688920666666662	5.07220360418999
0.688755999999995	5.15424304782454
0.688591333333328	5.21848295806517
0.688426666666662	5.2657319901641
0.688261999999995	5.29893791610498
0.688097333333328	5.32273430291339
0.687932666666661	5.34229197990175
0.687767999999995	5.36163012112937
0.687603333333328	5.38200055121788
0.687438666666661	5.401190754377
0.687273999999995	5.41419731781799
0.687109333333328	5.41488240002964
0.686944666666661	5.39768518559076
0.686779999999994	5.35866011827189
0.686615333333328	5.29571711038042
0.686450666666661	5.20837435595091
0.686285999999994	5.09740298086614
0.686121333333327	4.96459128582391
0.68595666666666	4.81267581991392
0.685791999999994	4.64536848096577
0.685627333333327	4.46736637264927
0.68546266666666	4.28424895459787
0.685297999999993	4.10222243153405
0.685133333333327	3.92773673335829
0.68496866666666	3.76704756839978
0.684803999999993	3.62580706595876
0.684639333333327	3.50874316282017
0.68447466666666	3.41944890791002
0.684309999999993	3.36027097446409
0.684145333333326	3.33227463069503
0.68398066666666	3.3352678161127
0.683815999999993	3.36787773726101
0.683651333333326	3.42767852310396
0.683486666666659	3.51136538865965
0.683321999999993	3.61496429127598
0.683157333333326	3.73406181713853
0.682992666666659	3.86403937546458
0.682827999999993	4.00029666639538
0.682663333333326	4.13845040107431
0.682498666666659	4.274496730318
0.682333999999992	4.40493192159548
0.682169333333325	4.52683460109807
0.682004666666659	4.63791922860652
0.681839999999992	4.73656890067022
0.681675333333325	4.82184583686335
0.681510666666659	4.89346661461324
0.681345999999992	4.95172553605311
0.681181333333325	4.9973587471648
0.681016666666658	5.03136208713219
0.680851999999992	5.05479977713815
0.680687333333325	5.06866022837716
0.680522666666658	5.07382243713647
0.680357999999991	5.07118627270212
0.680193333333324	5.06198692280612
0.680028666666658	5.04825308686973
0.679863999999991	5.03328420281079
0.679699333333324	5.02194017946496
0.679534666666657	5.02051182596674
0.679369999999991	5.03603119925773
0.679205333333324	5.07509818141812
0.679040666666657	5.14255195272873
0.678875999999991	5.24043993054028
0.678711333333324	5.36762320957652
0.678546666666657	5.52007043080939
0.67838199999999	5.69162643872688
0.678217333333324	5.87494806939402
0.678052666666657	6.06237054804406
0.67788799999999	6.24659758297483
0.677723333333323	6.4212057998244
0.677558666666657	6.58099497986953
0.67739399999999	6.722218185302
0.677229333333323	6.84271475021031
0.677064666666656	6.94195657396661
0.67689999999999	7.02100456261349
0.676735333333323	7.08235384597447
0.676570666666656	7.12962496788145
0.67640599999999	7.1670470908988
0.676241333333323	7.19870448927383
0.676076666666656	7.22760385725919
0.675911999999989	7.25475906437298
0.675747333333323	7.27861292262017
0.675582666666656	7.2951112031705
0.675417999999989	7.29854521230355
0.675253333333322	7.28295376200808
0.675088666666656	7.24361389384191
0.674923999999989	7.17812316495934
0.674759333333322	7.08679168366939
0.674594666666655	6.97236377653535
0.674429999999988	6.8392987844664
0.674265333333322	6.69288801777811
0.674100666666655	6.5384206718224
0.673935999999988	6.38052517692624
0.673771333333321	6.22275360853288
0.673606666666655	6.06743651039713
0.673441999999988	5.91578518638494
0.673277333333321	5.76815859624702
0.673112666666654	5.62437750646591
0.672947999999988	5.48398797251397
0.672783333333321	5.34643757135774
0.672618666666654	5.21119132928444
0.672453999999988	5.0778469789325
0.672289333333321	4.94630010439303
0.672124666666654	4.81696407065342
0.671959999999987	4.69098336562608
0.67179533333332	4.57032271740974
0.671630666666654	4.45761127699292
0.671465999999987	4.35570097165758
0.67130133333332	4.26703728208781
0.671136666666653	4.1930555024142
0.670971999999987	4.13382040494244
0.67080733333332	4.08801340645243
0.670642666666653	4.05321882916181
0.670477999999986	4.02636608562386
0.67031333333332	4.00418391434092
0.670148666666653	3.98358359500717
0.669983999999986	3.96195341436752
0.669819333333319	3.93737733620327
0.669654666666653	3.90878062421099
0.669489999999986	3.87597775520165
0.669325333333319	3.83959117646071
0.669160666666652	3.80084434787143
0.668995999999986	3.76128717559167
0.668831333333319	3.72253813759565
0.668666666666652	3.68610203659392
0.668501999999986	3.65327059206094
0.668337333333319	3.62507630298592
0.668172666666652	3.60226582442749
0.668007999999985	3.58527706375991
0.667843333333319	3.57422509158352
0.667678666666652	3.56891293834104
0.667513999999985	3.56888114722522
0.667349333333319	3.57349822004139
0.667184666666652	3.58207984065882
0.667019999999985	3.59401495416734
0.666855333333318	3.60887534334465
0.666690666666652	3.62649176966269
0.666525999999985	3.64699007511451
0.666361333333318	3.67079008446182
0.666196666666651	3.69857561443997
0.666031999999985	3.73124507216867
0.665867333333318	3.76985084389482
0.665702666666651	3.81553423954748
0.665537999999985	3.86946222955679
0.665373333333318	3.93277165380311
0.665208666666651	4.00652379498451
0.665043999999985	4.0916655877075
0.664879333333318	4.18898409232781
0.664714666666652	4.2990318366449
0.664549999999985	4.42199731789064
0.664385333333318	4.55750191020181
0.664220666666651	4.7043246485098
0.664055999999985	4.8600914914304
0.663891333333318	5.02101460980703
0.663726666666652	5.18181995114378
0.663561999999985	5.33602976562018
0.663397333333318	5.47672640418822
0.663232666666651	5.59778155119899
0.663067999999985	5.69531418654311
0.662903333333318	5.76893321404035
0.662738666666651	5.82224694713909
0.662573999999985	5.86227849589064
0.662409333333318	5.8978315463497
0.662244666666651	5.93734073656409
0.662079999999985	5.98697789167643
0.661915333333318	6.04956647554436
0.661750666666652	6.12437646645309
0.661585999999985	6.2075166461625
0.661421333333318	6.29259383705682
0.661256666666651	6.37147021964552
0.661091999999985	6.43513323440702
0.660927333333318	6.47477129913422
0.660762666666651	6.48307794974966
0.660597999999985	6.45561525955304
0.660433333333318	6.39186697305764
0.660268666666651	6.29557082132705
0.660103999999985	6.17413716682917
0.659939333333318	6.03733851102481
0.659774666666651	5.8957405695514
0.659609999999985	5.75935741992781
0.659445333333318	5.63678646236159
0.659280666666652	5.53479564817122
0.659115999999985	5.45815529797591
0.658951333333318	5.40948972251067
0.658786666666652	5.38905591316702
0.658621999999985	5.39457454343143
0.658457333333318	5.42140610908994
0.658292666666652	5.46329865707645
0.658127999999985	5.51358973110255
0.657963333333318	5.56639094752299
0.657798666666651	5.61727741504515
0.657633999999985	5.66335067221975
0.657469333333318	5.70289189299425
0.657304666666651	5.73491336947687
0.657139999999985	5.75880338781222
0.656975333333318	5.77411750618571
0.656810666666652	5.78049224860326
0.656645999999985	5.77764243957849
0.656481333333318	5.76541596345692
0.656316666666652	5.74389382380769
0.656151999999985	5.71352837160959
0.655987333333318	5.67530707681168
0.655822666666652	5.63091650940813
0.655657999999985	5.58286760819931
0.655493333333318	5.53453670386335
0.655328666666651	5.49008267400095
0.655163999999985	5.454217436998
0.654999333333318	5.43182520796988
0.654834666666651	5.42743551404147
0.654669999999985	5.44455780028827
0.654505333333318	5.4849021929354
0.654340666666651	5.54757194623333
0.654175999999985	5.62843069898364
0.654011333333318	5.71997826403704
0.653846666666651	5.81209133517503
0.653681999999984	5.89375397294253
0.653517333333318	5.95540811133184
0.653352666666651	5.99107897669362
0.653187999999984	5.99940830564544
0.653023333333318	5.98328402633502
0.652858666666651	5.94847228337833
0.652693999999984	5.90199462528108
0.652529333333317	5.85082779913472
0.65236466666665	5.80112340221341
0.652199999999984	5.75785412123074
0.652035333333317	5.72468853769794
0.651870666666651	5.70392109480969
0.651705999999984	5.69635380426246
0.651541333333317	5.70108958189024
0.65137666666665	5.71524003950781
0.651211999999984	5.73359454952097
0.651047333333317	5.74839163769783
0.65088266666665	5.74951052307697
0.650717999999984	5.7255679587785
0.650553333333317	5.66626285228948
0.65038866666665	5.56555757002556
0.650223999999983	5.42423516123774
0.650059333333317	5.25016684232957
0.64989466666665	5.0559582173765
0.649729999999983	4.85539425508182
0.649565333333317	4.66054354169877
0.64940066666665	4.48041594698301
0.649235999999983	4.32095033333885
0.649071333333317	4.18566242773659
0.64890666666665	4.07639798904172
0.648741999999983	3.99391343189879
0.648577333333317	3.93821929574228
0.64841266666665	3.90873310530928
0.648247999999983	3.90432740510231
0.648083333333317	3.923356236009
0.64791866666665	3.96371724375007
0.647753999999983	4.02297055869941
0.647589333333317	4.0985028216618
0.64742466666665	4.18770528849278
0.647259999999983	4.28813144404263
0.647095333333317	4.39760724791113
0.64693066666665	4.51427823697326
0.646765999999983	4.63658633497119
0.646601333333317	4.76317418674839
0.64643666666665	4.8927200725419
0.646271999999983	5.02371937742092
0.646107333333317	5.15425550276706
0.64594266666665	5.28184043701411
0.645777999999983	5.40343032924084
0.645613333333317	5.51569702647831
0.64544866666665	5.61554213325123
0.645283999999983	5.70071258303852
0.645119333333316	5.77030357283346
0.64495466666665	5.82497781452648
0.644789999999983	5.8668572384638
0.644625333333316	5.89916002394962
0.64446066666665	5.92570011666721
0.644295999999983	5.95035179408049
0.644131333333317	5.97655559411169
0.64396666666665	6.0069264204345
0.643801999999983	6.04300811822599
0.643637333333316	6.08518956165605
0.64347266666665	6.13276651008179
0.643307999999983	6.18411933647556
0.643143333333316	6.23697993305624
0.64297866666665	6.28876549822965
0.642813999999983	6.33694866585245
0.642649333333317	6.37941540828281
0.64248466666665	6.41475159010568
0.642319999999984	6.44241158696326
0.642155333333317	6.46275602524917
0.64199066666665	6.47698080146688
0.641825999999984	6.4869755526974
0.641661333333317	6.49514158968022
0.641496666666651	6.50417847204232
0.641331999999984	6.51683185270581
0.641167333333317	6.53559424902017
0.64100266666665	6.56236607122797
0.640837999999984	6.59810831890967
0.640673333333317	6.64253796944178
0.64050866666665	6.69392226592328
0.640343999999984	6.74901895954846
0.640179333333317	6.80319660284377
0.64001466666665	6.85076349902453
0.639849999999984	6.88553389368673
0.639685333333317	6.9016441878607
0.63952066666665	6.8945719951434
0.639355999999984	6.86220114072205
0.639191333333317	6.80566216580774
0.63902666666665	6.72964957460245
0.638861999999984	6.64203847043405
0.638697333333317	6.55285422968161
0.63853266666665	6.47285078949406
0.638367999999984	6.41200773710211
0.638203333333317	6.37817876019804
0.63803866666665	6.37603519438994
0.637873999999984	6.40643200451435
0.637709333333317	6.46633010179061
0.63754466666665	6.54932775090191
0.637379999999983	6.64667236418761
0.637215333333316	6.74846587760077
0.63705066666665	6.84476439888493
0.636885999999983	6.92639845820772
0.636721333333316	6.98549612490929
0.63655666666665	7.01578406906933
0.636391999999983	7.01275408936043
0.636227333333316	6.97375130294071
0.63606266666665	6.89800607959088
0.635897999999983	6.78661342951751
0.635733333333317	6.64245938061199
0.63556866666665	6.4700961430251
0.635403999999983	6.27557134911365
0.635239333333317	6.06621830920334
0.63507466666665	5.850409775139
0.634909999999983	5.63726283173792
0.634745333333317	5.43625908995641
0.63458066666665	5.25672585118199
0.634415999999983	5.10713408006233
0.634251333333317	4.99423003901322
0.63408666666665	4.92212768003165
0.633921999999983	4.89160099088261
0.633757333333317	4.8998452329138
0.63359266666665	4.94086486538012
0.633427999999983	5.00643224540348
0.633263333333316	5.08736731602676
0.63309866666665	5.17481888470907
0.632933999999983	5.26129158665316
0.632769333333316	5.34129195443853
0.632604666666649	5.41158543197972
0.632439999999983	5.47112216639092
0.632275333333316	5.52070610403623
0.632110666666649	5.56248175637208
0.631945999999983	5.5993260693699
0.631781333333316	5.63425763091904
0.63161666666665	5.66998051396424
0.631451999999983	5.70863993229313
0.631287333333316	5.75179390283346
0.63112266666665	5.80053931045095
0.630957999999983	5.85570237982244
0.630793333333316	5.91801198603188
0.630628666666649	5.98819887824344
0.630463999999983	6.06698556430683
0.630299333333316	6.15494368232922
0.63013466666665	6.25220348065849
0.629969999999983	6.35801638141578
0.629805333333316	6.47021269861054
0.62964066666665	6.58467455969596
0.629475999999983	6.6950499082563
0.629311333333316	6.79301222982973
0.62914666666665	6.86931731737599
0.628981999999983	6.9156327235065
0.628817333333317	6.92667295965177
0.62865266666665	6.90182533959517
0.628487999999983	6.84550023279452
0.628323333333316	6.76594880905427
0.62815866666665	6.67299835226381
0.627993999999983	6.57565217821247
0.627829333333316	6.48049595699927
0.62766466666665	6.39136326622029
0.627499999999983	6.31006759527703
0.627335333333316	6.23757666130522
0.62717066666665	6.17493445966902
0.627005999999983	6.12346217164672
0.626841333333316	6.08417439955447
0.62667666666665	6.0567903597134
0.626511999999983	6.03897318286144
0.626347333333316	6.02629598561074
0.62618266666665	6.01299248252523
0.626017999999983	5.99315537607818
0.625853333333316	5.96196187591474
0.62568866666665	5.91666125566627
0.625523999999983	5.85720890461626
0.625359333333316	5.78645173629494
0.62519466666665	5.7097495833197
0.625029999999983	5.63401179702001
0.624865333333317	5.56635840557816
0.62470066666665	5.51281410798514
0.624535999999983	5.47742629343914
0.624371333333317	5.4619663945867
0.62420666666665	5.46610529476574
0.624041999999983	5.48781508530974
0.623877333333317	5.52377102512913
0.62371266666665	5.5696382039314
0.623547999999983	5.62025023597348
0.623383333333317	5.66978359746721
0.62321866666665	5.71208496703754
0.623053999999983	5.74129572734631
0.622889333333316	5.75280098458827
0.62272466666665	5.74430788137178
0.622559999999983	5.71663265872806
0.622395333333316	5.67374681404129
0.62223066666665	5.62192215745276
0.622065999999983	5.56827491322843
0.621901333333316	5.51930034896065
0.62173666666665	5.47991170788421
0.621571999999983	5.45316912891313
0.621407333333316	5.44056771708075
0.62124266666665	5.44259934407792
0.621077999999983	5.45929680264567
0.620913333333316	5.49054387304177
0.62074866666665	5.53605687214449
0.620583999999983	5.59509471022426
0.620419333333316	5.66607326254966
0.62025466666665	5.746263142271
0.620089999999983	5.83164465412606
0.619925333333316	5.91690141166058
0.61976066666665	5.99556178482781
0.619595999999983	6.0604180700769
0.619431333333316	6.10441770120681
0.61926666666665	6.12206686453049
0.619101999999983	6.11101144878934
0.618937333333316	6.07313282785726
0.61877266666665	6.01456246071002
0.618607999999983	5.94449213956387
0.618443333333316	5.87316366424348
0.61827866666665	5.80964221989692
0.618113999999983	5.75994171427364
0.617949333333317	5.72597060480477
0.61778466666665	5.70564029489359
0.617619999999983	5.69417693690941
0.617455333333316	5.68616644664641
0.61729066666665	5.67746151456151
0.617125999999983	5.66619396513213
0.616961333333316	5.65271932820788
0.61679666666665	5.63887490996104
0.616631999999983	5.62708537713067
0.616467333333316	5.61966983143959
0.616302666666649	5.61846043301238
0.616137999999983	5.62469519336887
0.615973333333316	5.63910048257955
0.61580866666665	5.66207883460967
0.615643999999983	5.69392922111478
0.615479333333317	5.73504335408905
0.61531466666665	5.78604525193076
0.615149999999983	5.84786794170804
0.614985333333317	5.92178019739589
0.61482066666665	6.00938023115822
0.614655999999983	6.11256285310003
0.614491333333317	6.23344670103317
0.61432666666665	6.37422209063579
0.614161999999983	6.53684892008334
0.613997333333317	6.72250451064818
0.61383266666665	6.93068253305421
0.613667999999983	7.15794629704638
0.613503333333316	7.39663428842942
0.61333866666665	7.63427956543372
0.613173999999983	7.85474797102795
0.613009333333317	8.04141854323978
0.61284466666665	8.1810822075126
0.612679999999983	8.26622005016061
0.612515333333317	8.29458061723431
0.61235066666665	8.26734822029128
0.612185999999983	8.18793602724607
0.612021333333317	8.06203681765827
0.61185666666665	7.89794486140237
0.611691999999983	7.70598607858329
0.611527333333317	7.49702699545035
0.61136266666665	7.28104471413273
0.611197999999983	7.06659878606044
0.611033333333317	6.86118222929366
0.61086866666665	6.67185733109261
0.610703999999983	6.50562182876002
0.610539333333317	6.36926002229137
0.61037466666665	6.26870686729541
0.610209999999983	6.20816427603185
0.610045333333317	6.18937142619193
0.60988066666665	6.2114172853061
0.609715999999983	6.2711947490146
0.609551333333317	6.36421674591837
0.60938666666665	6.48537133958844
0.609221999999984	6.62936019422697
0.609057333333317	6.79082462759295
0.60889266666665	6.9643080546824
0.608727999999984	7.14420596796122
0.608563333333317	7.32479011772746
0.60839866666665	7.50032755862987
0.608233999999984	7.66527235970969
0.608069333333317	7.81448928345267
0.60790466666665	7.94346946017748
0.607739999999984	8.04851113753357
0.607575333333317	8.12685460743258
0.607410666666651	8.17676855466148
0.607245999999984	8.19757776043893
0.607081333333317	8.18960170652066
0.606916666666651	8.15395805024056
0.606751999999984	8.09220733222002
0.606587333333317	8.0059080654147
0.606422666666651	7.89630381222404
0.606257999999984	7.76446937936798
0.606093333333318	7.61211471432018
0.605928666666651	7.44279460312412
0.605763999999984	7.2627670444907
0.605599333333318	7.08073525533837
0.605434666666651	6.90641076503613
0.605269999999985	6.74865754247063
0.605105333333318	6.61413326210199
0.604940666666651	6.5068184692059
0.604775999999985	6.4282481169856
0.604611333333318	6.37805358550995
0.604446666666651	6.35451580804056
0.604281999999985	6.35499319076147
0.604117333333318	6.37620331582357
0.603952666666652	6.41439901087421
0.603787999999985	6.46550900509367
0.603623333333318	6.52530776961491
0.603458666666651	6.58960657505808
0.603293999999985	6.65431899511068
0.603129333333318	6.71518790373016
0.602964666666652	6.76720456882757
0.602799999999985	6.80427679493663
0.602635333333318	6.81996306705373
0.602470666666652	6.809503179929
0.602305999999985	6.77215194245132
0.602141333333318	6.71209844563843
0.601976666666652	6.63707593515808
0.601811999999985	6.55555211736991
0.601647333333318	6.47426284158018
0.601482666666652	6.39712751023732
0.601317999999985	6.32542693389158
0.601153333333318	6.25862257351733
0.600988666666652	6.19531994611408
0.600823999999985	6.13414109746554
0.600659333333318	6.07439903505997
0.600494666666652	6.01647084580531
0.600329999999985	5.96177839917322
0.600165333333318	5.91240135879394
0.600000666666651	5.8705163161879
0.599835999999985	5.83792738428623
0.599671333333318	5.81585897791897
0.599506666666652	5.80501541149669
0.599341999999985	5.80580551240857
0.599177333333318	5.8186174058612
0.599012666666652	5.84405986325711
0.598847999999985	5.88311450344311
0.598683333333318	5.93715975406076
0.598518666666651	6.00784337288656
0.598353999999985	6.09679145420356
0.598189333333318	6.20512704425012
0.598024666666651	6.33272390370628
0.597859999999985	6.47708544342841
0.597695333333318	6.63183891101002
0.597530666666651	6.7852673712636
0.597365999999985	6.92014616057845
0.597201333333318	7.01675392767815
0.597036666666652	7.05953718757527
0.596871999999985	7.04400207589616
0.596707333333318	6.97845782196015
0.596542666666652	6.87962113374224
0.596377999999985	6.76636292346329
0.596213333333318	6.65525644867979
0.596048666666652	6.55847699945583
0.595883999999985	6.48347856443065
0.595719333333319	6.43385004748921
0.595554666666652	6.41068613417201
0.595389999999985	6.41389703319215
0.595225333333319	6.44315202234641
0.595060666666652	6.49837885176143
0.594895999999985	6.57985353387858
0.594731333333319	6.68797525830979
0.594566666666652	6.82287237878147
0.594401999999985	6.98400220489105
0.594237333333318	7.16985162080251
0.594072666666652	7.37773358509881
0.593907999999985	7.60357006206094
0.593743333333319	7.84151596039656
0.593578666666652	8.08335893620265
0.593413999999985	8.31787467890056
0.593249333333319	8.53071629744735
0.593084666666652	8.70573672873125
0.592919999999985	8.82834539387986
0.592755333333319	8.89017380071165
0.592590666666652	8.89266959183234
0.592425999999985	8.8471049504975
0.592261333333319	8.77064669820601
0.592096666666652	8.68064184966857
0.591931999999985	8.58981857176219
0.591767333333318	8.50388533763896
0.591602666666652	8.42164731716817
0.591437999999985	8.3370160437726
0.591273333333318	8.24202197317335
0.591108666666652	8.12994692804429
0.590943999999985	7.99783415988636
0.590779333333318	7.84777205296881
0.590614666666652	7.68657298950128
0.590449999999985	7.52398756257526
0.590285333333319	7.37024526817375
0.590120666666652	7.23397474073539
0.589955999999985	7.12118552357352
0.589791333333319	7.03533274574361
0.589626666666652	6.97803293279851
0.589461999999985	6.94992549977252
0.589297333333319	6.95133653592427
0.589132666666652	6.98260073509976
0.588967999999985	7.04403262125378
0.588803333333319	7.1355998905917
0.588638666666652	7.25636723677001
0.588473999999985	7.40378150410417
0.588309333333319	7.5728920363442
0.588144666666652	7.75567599861714
0.587979999999986	7.94077561305173
0.587815333333319	8.11408367886141
0.587650666666652	8.26054453232725
0.587485999999986	8.36704987083727
0.587321333333319	8.42548454131729
0.587156666666652	8.43446243969778
0.586991999999985	8.39881655157018
0.586827333333319	8.32725733844907
0.586662666666652	8.22960914783169
0.586497999999985	8.11488636043124
0.586333333333319	7.99058657162997
0.586168666666652	7.86281869086003
0.586003999999986	7.73665692610266
0.585839333333319	7.61631133453664
0.585674666666652	7.50505325204162
0.585509999999986	7.40508421515467
0.585345333333319	7.31756109436043
0.585180666666652	7.24283283142932
0.585015999999986	7.18077891910564
0.584851333333319	7.13110045247912
0.584686666666652	7.09348454901509
0.584521999999985	7.06764279665157
0.584357333333319	7.05325554769458
0.584192666666652	7.04984908973577
0.584027999999986	7.0566269941546
0.583863333333319	7.07228401766991
0.583698666666652	7.09484202858701
0.583533999999986	7.12155211153077
0.583369333333319	7.14890498669743
0.583204666666652	7.17278708751169
0.583039999999986	7.1888094143697
0.582875333333319	7.19280936508632
0.582710666666652	7.18147218287058
0.582545999999986	7.15294637170082
0.582381333333319	7.1072732856424
0.582216666666652	7.0464682015123
0.582051999999986	6.97420198396828
0.581887333333319	6.89518585423422
0.581722666666652	6.81445153835738
0.581557999999986	6.73669540427467
0.581393333333319	6.66578022546968
0.581228666666652	6.6044431285582
0.581063999999986	6.55424672473338
0.580899333333319	6.51579557633686
0.580734666666652	6.48920763013365
0.580569999999986	6.47477893264354
0.580405333333319	6.4737037367934
0.580240666666653	6.48862142144934
0.580075999999986	6.52370790991798
0.579911333333319	6.58408894037429
0.579746666666653	6.67456435749309
0.579581999999986	6.79792849972914
0.579417333333319	6.95338648118809
0.579252666666652	7.13556678552062
0.579087999999986	7.33444784924723
0.578923333333319	7.53630144398023
0.578758666666653	7.72559247497444
0.578593999999986	7.88758819614783
0.578429333333319	8.01113027686758
0.578264666666652	8.09073026680376
0.578099999999986	8.12718729928416
0.577935333333319	8.12649125584469
0.577770666666652	8.09760903560518
0.577605999999985	8.05028253802958
0.577441333333319	7.9937793242314
0.577276666666652	7.93669178642558
0.577111999999986	7.88692485368062
0.576947333333319	7.85074419897336
0.576782666666652	7.83061052528192
0.576617999999986	7.82294394245193
0.576453333333319	7.81773022952961
0.576288666666652	7.80121079860909
0.576123999999986	7.7610155778271
0.575959333333319	7.6911813300322
0.575794666666652	7.59418241597258
0.575629999999985	7.47899423531318
0.575465333333319	7.35674552384102
0.575300666666652	7.23652789852253
0.575135999999986	7.12309554525693
0.574971333333319	7.01678866930491
0.574806666666652	6.91508174955257
0.574641999999985	6.81481975514391
0.574477333333319	6.71424621750771
0.574312666666652	6.61421141341951
0.574147999999985	6.51837167850214
0.573983333333319	6.43257219863827
0.573818666666652	6.3637843023857
0.573653999999986	6.31893117380621
0.573489333333319	6.30379235312163
0.573324666666652	6.32203872788771
0.573159999999986	6.37436484218497
0.572995333333319	6.45766528452007
0.572830666666652	6.56427282534563
0.572665999999986	6.68149608890746
0.572501333333319	6.79208169898587
0.572336666666652	6.87656378879042
0.572171999999986	6.91812473164797
0.572007333333319	6.90892036286197
0.571842666666652	6.85450283868129
0.571677999999986	6.77269052599062
0.571513333333319	6.68671276582587
0.571348666666652	6.61678553936571
0.571183999999986	6.57485882064784
0.571019333333319	6.56404710479587
0.570854666666653	6.5810578265172
0.570689999999986	6.61922169955813
0.570525333333319	6.6707921295334
0.570360666666653	6.72832311227228
0.570195999999986	6.78539805985231
0.570031333333319	6.83694836921939
0.569866666666653	6.87925297520121
0.569701999999986	6.90964720265535
0.569537333333319	6.92600724315482
0.569372666666653	6.92614564700392
0.569207999999986	6.90728109062551
0.569043333333319	6.86571942865672
0.568878666666653	6.79685483271567
0.568713999999986	6.69562247603664
0.568549333333319	6.5575749714911
0.568384666666653	6.3806530617017
0.568219999999986	6.16727646921163
0.56805533333332	5.92570463131257
0.567890666666653	5.66948712628589
0.567725999999986	5.4149440659889
0.56756133333332	5.17805537068463
0.567396666666653	4.9721934911943
0.567231999999986	4.80704725838549
0.56706733333332	4.68837525731187
0.566902666666653	4.61825854632939
0.566737999999986	4.59571071402772
0.56657333333332	4.61752908736249
0.566408666666653	4.67920591120057
0.566243999999986	4.77569082345844
0.56607933333332	4.90184250173358
0.565914666666653	5.0524906760795
0.565749999999987	5.22210710733156
0.56558533333332	5.40416376150586
0.565420666666653	5.59041379992585
0.565255999999987	5.77064467619317
0.56509133333332	5.93374216543594
0.564926666666654	6.07028972595503
0.564761999999987	6.17424598770721
0.56459733333332	6.23894976724246
0.564432666666653	6.25024704488196
0.564267999999987	6.19157797323415
0.56410333333332	6.06041226830448
0.563938666666653	5.87482772089087
0.563773999999987	5.66562661523143
0.56360933333332	5.46484573811545
0.563444666666654	5.29748147378732
0.563279999999987	5.17807523109993
0.56311533333332	5.11139475322698
0.562950666666654	5.09510881190853
0.562785999999987	5.1224467623124
0.56262133333332	5.1839178550203
0.562456666666654	5.26814066829618
0.562291999999987	5.36227185057705
0.562127333333321	5.4526263976744
0.561962666666654	5.526078826596
0.561797999999987	5.5727015778816
0.561633333333321	5.58960093762791
0.561468666666654	5.58481375116651
0.561303999999988	5.57849296590154
0.561139333333321	5.59747848725372
0.560974666666654	5.66191749220298
0.560809999999988	5.77134964184933
0.560645333333321	5.9034159665398
0.560480666666654	6.0272143438942
0.560315999999988	6.1186925084954
0.560151333333321	6.16858846623368
0.559986666666655	6.18301859811662
0.559821999999988	6.17853661004993
0.559657333333321	6.17358276614092
0.559492666666655	6.18116097197252
0.559327999999988	6.20692110779554
0.559163333333322	6.25153927343924
0.558998666666655	6.31354842487641
0.558833999999988	6.39054977054268
0.558669333333321	6.47908820766104
0.558504666666655	6.57420325273684
0.558339999999988	6.66933437406745
0.558175333333322	6.75675978572726
0.558010666666655	6.82841731539429
0.557845999999988	6.87682452751945
0.557681333333322	6.89584804877335
0.557516666666655	6.88121717439752
0.557351999999988	6.83086122406957
0.557187333333321	6.7452742466282
0.557022666666655	6.62803942424593
0.556857999999988	6.48630667150969
0.556693333333321	6.3306578347785
0.556528666666655	6.17392277254398
0.556363999999988	6.0291645551929
0.556199333333322	5.90752238766579
0.556034666666655	5.81643025889569
0.555869999999988	5.75833603756393
0.555705333333322	5.72998763474465
0.555540666666655	5.72265869651368
0.555375999999988	5.72394542963794
0.555211333333321	5.72141250335177
0.555046666666655	5.7071290396226
0.554881999999988	5.68081242651742
0.554717333333321	5.64957692815133
0.554552666666655	5.62453747069971
0.554387999999988	5.61658260761098
0.554223333333321	5.63352775443355
0.554058666666654	5.67926986861967
0.553893999999988	5.75424141214244
0.553729333333321	5.85611251287204
0.553564666666654	5.98012756139298
0.553399999999988	6.11925250432877
0.553235333333321	6.26478852340828
0.553070666666655	6.40776926329771
0.552905999999988	6.54065472396593
0.552741333333321	6.6584641628873
0.552576666666655	6.75890870345614
0.552411999999988	6.84176595169323
0.552247333333322	6.908016380323
0.552082666666655	6.95904948213362
0.551917999999988	6.99592643428805
0.551753333333322	7.018558809611
0.551588666666655	7.02476299861875
0.551423999999988	7.00944080292874
0.551259333333322	6.96463653802764
0.551094666666655	6.88169391307311
0.550929999999988	6.75612677115539
0.550765333333322	6.59296523601826
0.550600666666655	6.4073782377194
0.550435999999988	6.21791924725346
0.550271333333322	6.03730836881692
0.550106666666655	5.86921244646191
0.549941999999988	5.71450462262381
0.549777333333321	5.57990193617931
0.549612666666655	5.47709834253615
0.549447999999988	5.41366290189046
0.549283333333322	5.3878261518931
0.549118666666655	5.39038523273796
0.548953999999988	5.40868815283782
0.548789333333322	5.42941888910309
0.548624666666655	5.4400520537476
0.548459999999988	5.42973258271245
0.548295333333322	5.39013714451858
0.548130666666655	5.31651432345213
0.547965999999988	5.20872447307785
0.547801333333322	5.0717395424509
0.547636666666655	4.91498229500557
0.547471999999988	4.75037655564541
0.547307333333322	4.58981403531597
0.547142666666655	4.4431494195404
0.546977999999988	4.317393748137
0.546813333333322	4.2169639692072
0.546648666666655	4.14440015895903
0.546483999999988	4.10108889251909
0.546319333333321	4.08790444404464
0.546154666666655	4.10582831348342
0.545989999999988	4.15631061799552
0.545825333333321	4.24080868246803
0.545660666666655	4.35932515966961
0.545495999999988	4.508691675802
0.545331333333321	4.68168875071859
0.545166666666655	4.8675817767966
0.545001999999988	5.05401662102083
0.544837333333321	5.22972694669107
0.544672666666655	5.38704198927149
0.544507999999988	5.52317271021956
0.544343333333321	5.64001837778757
0.544178666666654	5.74305264822905
0.544013999999988	5.83992699648495
0.543849333333321	5.93899338514759
0.543684666666654	6.04759886149455
0.543519999999988	6.16996179486843
0.543355333333321	6.30468867205059
0.543190666666655	6.44252772913814
0.543025999999988	6.56565569528148
0.542861333333321	6.65016341635568
0.542696666666654	6.67256418678298
0.542531999999988	6.61852889596838
0.542367333333321	6.4890995132396
0.542202666666654	6.29997892234485
0.542037999999988	6.0743101571568
0.541873333333321	5.83392923494092
0.541708666666654	5.59383653713005
0.541543999999988	5.36123550672477
0.541379333333321	5.13790388920099
0.541214666666654	4.92398062701409
0.541049999999988	4.72141646709326
0.540885333333321	4.53566219401122
0.540720666666654	4.37487573402999
0.540555999999988	4.2472009878027
0.540391333333321	4.1578502907033
0.540226666666654	4.1077537519677
0.540061999999988	4.09426785610448
0.539897333333321	4.11302183125515
0.539732666666654	4.15961069063339
0.539567999999988	4.23046016989015
0.539403333333321	4.32292158015835
0.539238666666654	4.43496219518919
0.539073999999988	4.56476177385364
0.538909333333321	4.71036794526511
0.538744666666654	4.86945856136813
0.538579999999988	5.03923619494933
0.538415333333321	5.216504299529
0.538250666666654	5.39798894591246
0.538085999999988	5.58091728700436
0.537921333333321	5.76372871578719
0.537756666666654	5.9466491644814
0.537591999999988	6.13183118956695
0.537427333333321	6.32290576413275
0.537262666666654	6.52399908721581
0.537097999999988	6.73837037342198
0.536933333333321	6.96676636381229
0.536768666666654	7.20545730122861
0.536603999999988	7.44388400135552
0.536439333333321	7.66215684176217
0.536274666666654	7.82975595761537
0.536109999999988	7.90883648312619
0.535945333333321	7.86601457680106
0.535780666666654	7.68969462142028
0.535615999999987	7.39895013901543
0.535451333333321	7.03359468632771
0.535286666666654	6.63455344830522
0.535121999999987	6.23077092270268
0.534957333333321	5.83752452929333
0.534792666666654	5.46121824294852
0.534627999999987	5.10502147167366
0.534463333333321	4.77252712478097
0.534298666666654	4.46895865715216
0.534133999999987	4.200724287629
0.533969333333321	3.97442026633074
0.533804666666654	3.79599851754125
0.533639999999987	3.67023705654962
0.533475333333321	3.6003212622558
0.533310666666654	3.58737800958351
0.533145999999988	3.63003767051382
0.532981333333321	3.72426371966553
0.532816666666655	3.86363241500054
0.532651999999988	4.04005416103403
0.532487333333321	4.24479607278975
0.532322666666655	4.46962553458979
0.532157999999988	4.70782261926202
0.531993333333321	4.95468752272736
0.531828666666655	5.20717687449889
0.531663999999988	5.46255276828791
0.531499333333321	5.7162949366838
0.531334666666655	5.95988598285049
0.531169999999988	6.17948826785771
0.531005333333321	6.35684510967801
0.530840666666655	6.47318053303183
0.530675999999988	6.51483972625364
0.530511333333321	6.47744073745464
0.530346666666655	6.3662560227139
0.530181999999988	6.19378471462982
0.530017333333321	5.97689493477553
0.529852666666655	5.73455127295355
0.529687999999988	5.48591088094319
0.529523333333321	5.24875229328501
0.529358666666655	5.03855026647575
0.529193999999988	4.86823058769377
0.529029333333322	4.74816387150567
0.528864666666655	4.68584109771653
0.528699999999988	4.6850362178187
0.528535333333322	4.74489148728336
0.528370666666655	4.85980469492488
0.528205999999988	5.02077116680309
0.528041333333322	5.21794891900178
0.527876666666655	5.4433319559627
0.527711999999988	5.6921717397952
0.527547333333322	5.96213722464623
0.527382666666655	6.24958020470474
0.527217999999988	6.54231771350345
0.527053333333322	6.80910667037094
0.526888666666655	6.99198926781754
0.526723999999988	7.02431328079193
0.526559333333322	6.89789373510787
0.526394666666655	6.71181095614629
0.526229999999988	6.57778633829244
0.526065333333322	6.4975850674541
0.525900666666655	6.40270019392482
0.525735999999989	6.25155888709623
0.525571333333322	6.0511080970342
0.525406666666655	5.8283246717343
0.525241999999989	5.60666237510313
0.525077333333322	5.40023372880639
0.524912666666655	5.21674311916725
0.524747999999989	5.0611825316236
0.524583333333322	4.93767584052903
0.524418666666655	4.84975358796958
0.524253999999988	4.79996279767951
0.524089333333322	4.78941720212962
0.523924666666655	4.81751577007352
0.523759999999989	4.88185428001445
0.523595333333322	4.97828098644836
0.523430666666655	5.10103347105478
0.523265999999989	5.24292736165655
0.523101333333322	5.3956418096714
0.522936666666656	5.55021512028793
0.522771999999989	5.697864821936
0.522607333333322	5.8311538884575
0.522442666666656	5.94536366727352
0.522277999999989	6.03974590317479
0.522113333333322	6.11815870362099
0.521948666666656	6.18854817482397
0.521783999999989	6.26096410441029
0.521619333333322	6.34433604138602
0.521454666666656	6.44293279777542
0.521289999999989	6.55398039623992
0.521125333333322	6.66789795348671
0.520960666666656	6.77163091864161
0.520795999999989	6.85378776373072
0.520631333333322	6.9089054307524
0.520466666666656	6.93858186494978
0.520301999999989	6.94930999203373
0.520137333333322	6.94881210163004
0.519972666666656	6.94303513684127
0.519807999999989	6.93496871392515
0.519643333333322	6.92516278647128
0.519478666666656	6.9129558210058
0.519313999999989	6.89724320224151
0.519149333333322	6.87621133654803
0.518984666666656	6.8465341074813
0.518819999999989	6.80322675003272
0.518655333333323	6.74093403361437
0.518490666666656	6.6561606229091
0.518325999999989	6.54903276136657
0.518161333333323	6.42350625670866
0.517996666666656	6.28610334315503
0.517831999999989	6.14415037764072
0.517667333333323	6.00453339255912
0.517502666666656	5.87342056794848
0.517337999999989	5.75663580251189
0.517173333333322	5.65977456959536
0.517008666666656	5.58721590749296
0.516843999999989	5.54017906202489
0.516679333333322	5.51531784890965
0.516514666666655	5.50575880553045
0.516349999999989	5.50506543788218
0.516185333333322	5.51201553021873
0.516020666666656	5.53284044973354
0.515855999999989	5.57950815317905
0.515691333333323	5.66561979836577
0.515526666666656	5.80211790504539
0.515361999999989	5.99344815137251
0.515197333333323	6.23376648055305
0.515032666666656	6.50383698603932
0.51486799999999	6.77177587063641
0.514703333333323	7.00140262985894
0.514538666666656	7.16650868161111
0.51437399999999	7.26132532241023
0.514209333333323	7.29883893067348
0.514044666666656	7.29995820642304
0.51387999999999	7.28285925583265
0.513715333333323	7.2579905488378
0.513550666666656	7.2290014329603
0.51338599999999	7.19774456601558
0.513221333333323	7.16991389595566
0.513056666666656	7.1567389117148
0.51289199999999	7.17103818934537
0.512727333333323	7.22095387378907
0.512562666666657	7.30564388869637
0.51239799999999	7.41445552669891
0.512233333333323	7.52915537084214
0.512068666666657	7.62843357864886
0.51190399999999	7.69347596465949
0.511739333333323	7.71262918274365
0.511574666666657	7.68330161889864
0.51140999999999	7.6107685189466
0.511245333333324	7.50521641466193
0.511080666666657	7.37874529361944
0.51091599999999	7.24327215644853
0.510751333333324	7.10939824249005
0.510586666666657	6.98592318103042
0.51042199999999	6.87971605539404
0.510257333333324	6.79577548682304
0.510092666666657	6.73737579712636
0.509927999999991	6.7062297224517
0.509763333333324	6.70265678491644
0.509598666666657	6.72582090138449
0.50943399999999	6.77413015611425
0.509269333333324	6.84582975347623
0.509104666666657	6.93968605649214
0.50893999999999	7.05553829748187
0.508775333333324	7.19447224041792
0.508610666666657	7.35847611970419
0.50844599999999	7.54962717152741
0.508281333333324	7.76902713860402
0.508116666666657	8.01575878852973
0.50795199999999	8.28606516094903
0.507787333333324	8.57289225797276
0.507622666666657	8.86601714233668
0.50745799999999	9.15303814086424
0.507293333333324	9.42112299842519
0.507128666666657	9.65873184037669
0.50696399999999	9.85648074578099
0.506799333333324	10.0071773698333
0.506634666666657	10.1057964936267
0.50646999999999	10.1499641427735
0.506305333333323	10.1407792373856
0.506140666666657	10.0832952865282
0.50597599999999	9.98608564915135
0.505811333333324	9.85988923778851
0.505646666666657	9.71591405929124
0.50548199999999	9.5645432022679
0.505317333333324	9.41487747237641
0.505152666666657	9.2749935687008
0.50498799999999	9.15228701933129
0.504823333333324	9.05306278933022
0.504658666666657	8.98085782647782
0.50449399999999	8.93392068799436
0.504329333333324	8.90359872872373
0.504164666666657	8.87616827381732
0.50399999999999	8.83914585979296
0.503835333333324	8.78894713310982
0.503670666666657	8.73433119740692
0.50350599999999	8.69426907215342
0.503341333333324	8.69435213774391
0.503176666666657	8.75806789264811
0.50301199999999	8.87224000792975
0.502847333333324	8.97032436331996
0.502682666666657	9.01253968365878
0.50251799999999	9.01392091423258
0.502353333333324	8.99908765558767
0.502188666666657	8.98556430313128
0.50202399999999	8.98380499390098
0.501859333333324	8.9972036471055
0.501694666666657	9.02362481435117
0.50152999999999	9.05845568086024
0.501365333333324	9.09625952248582
0.501200666666657	9.12978995254652
0.50103599999999	9.1488358941453
0.500871333333324	9.14771111521989
0.500706666666657	9.14398731849093
0.50054199999999	9.16796204937215
0.500377333333324	9.2246778260813
0.500212666666657	9.29941821825848
0.50004799999999	9.37905154269323
0.499883333333324	9.45679739085805
0.499718666666657	9.53024019972803
0.49955399999999	9.59926119447552
0.499389333333324	9.66450311400129
0.499224666666657	9.72637414196685
0.49905999999999	9.78479123035506
0.498895333333324	9.83965186303565
0.498730666666657	9.89168381752308
0.49856599999999	9.94307027032456
0.498401333333324	9.99730519017992
0.498236666666657	10.0582639131155
0.49807199999999	10.1290036457213
0.497907333333324	10.2107911374484
0.497742666666657	10.302568399379
0.49757799999999	10.4010083827696
0.497413333333324	10.501364954189
0.497248666666657	10.5990059553568
0.49708399999999	10.6908265822828
0.496919333333324	10.7755595432603
0.496754666666657	10.8529597241975
0.49658999999999	10.9228878559946
0.496425333333324	10.9850786930031
0.496260666666657	11.0393554283372
0.49609599999999	11.0856399740383
0.495931333333324	11.1235799111959
0.495766666666657	11.1522427067613
0.49560199999999	11.17053058795
0.495437333333323	11.1785887256772
0.495272666666657	11.1795946408162
0.49510799999999	11.1805238070329
0.494943333333323	11.1908663246357
0.494778666666657	11.2198608348581
0.49461399999999	11.2739008551755
0.494449333333323	11.3552684424302
0.494284666666657	11.4622664873086
0.49411999999999	11.590286530663
0.493955333333323	11.733269627693
0.493790666666657	11.884980594961
0.49362599999999	12.0395627796037
0.493461333333323	12.1911997230444
0.493296666666657	12.3333337632849
0.49313199999999	12.4583261361185
0.492967333333323	12.5581951871598
0.492802666666657	12.626287384393
0.49263799999999	12.6591552800984
0.492473333333324	12.6578917756144
0.492308666666657	12.6284127812958
0.49214399999999	12.5804745872804
0.491979333333324	12.5256370990749
0.491814666666657	12.4748527623624
0.49164999999999	12.4365011060601
0.491485333333324	12.4153342610896
0.491320666666657	12.4122926657457
0.491155999999991	12.4249284578138
0.490991333333324	12.4482595498371
0.490826666666657	12.4759660589565
0.490661999999991	12.5017307334127
0.490497333333324	12.5203784160128
0.490332666666657	12.5286281540029
0.490167999999991	12.5257094052371
0.490003333333324	12.5141958484973
0.489838666666657	12.5006030530733
0.489673999999991	12.4941810796148
0.489509333333324	12.5031442599881
0.489344666666657	12.5308255279073
0.489179999999991	12.5750591804551
0.489015333333324	12.6305257200822
0.488850666666657	12.6915178388995
0.488685999999991	12.7536832059225
0.488521333333324	12.8146677164382
0.488356666666657	12.8738908356091
0.488191999999991	12.9316937107196
0.488027333333324	12.9883721961621
0.487862666666657	13.0438107140571
0.487697999999991	13.0979601424986
0.487533333333324	13.1515502960871
0.487368666666657	13.2062361425295
0.487203999999991	13.2640138972221
0.487039333333324	13.3264073522956
0.486874666666657	13.3940989827363
0.486709999999991	13.4673117124349
0.486545333333324	13.5464964752831
0.486380666666658	13.6323670113705
0.486215999999991	13.7247463866868
0.486051333333324	13.8208328396802
0.485886666666658	13.9143402636413
0.485721999999991	13.9967178353424
0.485557333333324	14.0602630642076
0.485392666666658	14.1013619778294
0.485227999999991	14.1217544297824
0.485063333333324	14.1270300152561
0.484898666666658	14.1234643723319
0.484733999999991	14.1154663346089
0.484569333333325	14.105321263059
0.484404666666658	14.0947957947175
0.484239999999991	14.0866662070425
0.484075333333324	14.0849209824044
0.483910666666658	14.0939367280142
0.483745999999991	14.1173511598115
0.483581333333324	14.156919645871
0.483416666666658	14.2116195938978
0.483251999999991	14.277519373758
0.483087333333325	14.3485321761416
0.482922666666658	14.4175265736054
0.482757999999991	14.4774867439959
0.482593333333325	14.5230721314911
0.482428666666658	14.5524941361383
0.482263999999991	14.5683609558359
0.482099333333325	14.5764670194228
0.481934666666658	14.5834609313013
0.481769999999991	14.5950473895557
0.481605333333325	14.6153891022337
0.481440666666658	14.6473575552821
0.481275999999991	14.6929411051222
0.481111333333325	14.7532323816224
0.480946666666658	14.8277391451624
0.480781999999991	14.9132418165895
0.480617333333325	15.0030576508605
0.480452666666658	15.0879471065702
0.480287999999991	15.1590642810661
0.480123333333325	15.2113479412711
0.479958666666658	15.2448542092112
0.479793999999991	15.2633210549588
0.479629333333325	15.2715554545474
0.479464666666658	15.2735043601234
0.479299999999991	15.2717178764013
0.479135333333325	15.2680366107071
0.478970666666658	15.2651364922491
0.478805999999991	15.268388117365
0.478641333333325	15.2864256368686
0.478476666666658	15.3273126716093
0.478311999999991	15.3903577553744
0.478147333333324	15.463168372467
0.477982666666658	15.5303414454368
0.477817999999991	15.5827702481109
0.477653333333324	15.6186248021817
0.477488666666658	15.6403592258238
0.477323999999991	15.6526840994147
0.477159333333324	15.6616957386077
0.476994666666658	15.673766464923
0.476829999999991	15.6938827262994
0.476665333333324	15.7245802952792
0.476500666666658	15.7662741335585
0.476335999999991	15.8180285434406
0.476171333333324	15.877534836887
0.476006666666658	15.9405849472968
0.475841999999991	16.0012443223247
0.475677333333324	16.0532463223487
0.475512666666658	16.0920328143306
0.475347999999991	16.1164513154976
0.475183333333324	16.129268964435
0.475018666666658	16.1359999996268
0.474853999999991	16.1422534852167
0.474689333333324	16.1510295700771
0.474524666666658	16.1620008373792
0.474359999999991	16.1733636763206
0.474195333333324	16.1845916322128
0.474030666666658	16.1980447207953
0.473865999999991	16.2186693409633
0.473701333333325	16.2519634834034
0.473536666666658	16.300869201489
0.473371999999991	16.3633140888428
0.473207333333324	16.4326038950464
0.473042666666658	16.5007438680719
0.472877999999991	16.5621632526211
0.472713333333325	16.6155678524866
0.472548666666658	16.6634461701579
0.472383999999991	16.7098344739879
0.472219333333324	16.7575991404083
0.472054666666658	16.8068613802232
0.471889999999991	16.8553258751788
0.471725333333324	16.8997200908801
0.471560666666658	16.9370621864325
0.471395999999991	16.9652002985834
0.471231333333324	16.9828166472617
0.471066666666658	16.9893053335913
0.470901999999991	16.9848220811114
0.470737333333324	16.9706005041437
0.470572666666658	16.9493760871647
0.470407999999991	16.9255004031393
0.470243333333324	16.9042686358658
0.470078666666658	16.890414395487
0.469913999999991	16.88657733445
0.469749333333325	16.8929655668151
0.469584666666658	16.9085889785269
0.469419999999991	16.9329915539131
0.469255333333325	16.9668813882748
0.469090666666658	17.0109516468359
0.468925999999991	17.0639880465046
0.468761333333325	17.1225288949679
0.468596666666658	17.1825038798495
0.468431999999991	17.2406352940633
0.468267333333325	17.2943813180036
0.468102666666658	17.3414491970059
0.467937999999991	17.3801418630794
0.467773333333325	17.4103749840667
0.467608666666658	17.4335245066882
0.467443999999991	17.4509444516362
0.467279333333325	17.4637298194107
0.467114666666658	17.4734500620846
0.466949999999991	17.4821848732123
0.466785333333325	17.4920001656638
0.466620666666658	17.5044008573151
0.466455999999991	17.5199717858801
0.466291333333325	17.5383133265937
0.466126666666658	17.5583029542929
0.465961999999991	17.5785476645147
0.465797333333325	17.5977820476044
0.465632666666658	17.6150432489308
0.465467999999992	17.6296394652776
0.465303333333325	17.6410624976578
0.465138666666658	17.6490083336407
0.464973999999992	17.6535864644268
0.464809333333325	17.655658414834
0.464644666666658	17.6570708043916
0.464479999999992	17.6604329050658
0.464315333333325	17.668268094772
0.464150666666659	17.6818854121393
0.463985999999992	17.7006681028341
0.463821333333325	17.7222143660118
0.463656666666659	17.7432695295274
0.463491999999992	17.7611303237205
0.463327333333325	17.7747687234747
0.463162666666659	17.7845271445933
0.462997999999992	17.7906932786166
0.462833333333325	17.7926639110059
0.462668666666659	17.7893384150399
0.462503999999992	17.7810482259813
0.462339333333325	17.7713221830312
0.462174666666659	17.7641549969785
0.462009999999992	17.7605568208981
0.461845333333325	17.7595127950601
0.461680666666659	17.7598708586811
0.461515999999992	17.7608908257407
0.461351333333325	17.7621589371852
0.461186666666659	17.7634526619484
0.461021999999992	17.76461855122
0.460857333333325	17.7653840451041
0.460692666666659	17.7650723509255
0.460527999999992	17.7622887969823
0.460363333333325	17.7547549520905
0.460198666666659	17.7395516960501
0.460033999999992	17.7140350700287
0.459869333333325	17.6775332453483
0.459704666666659	17.6329250374091
0.459539999999992	17.585292468687
0.459375333333325	17.5381051008133
0.459210666666659	17.4920661172726
0.459045999999992	17.4469122573282
0.458881333333325	17.4032754392632
0.458716666666659	17.3631041768482
0.458551999999992	17.328598434071
0.458387333333325	17.3007440234754
0.458222666666659	17.2783751660622
0.458057999999992	17.2576557945078
0.457893333333325	17.2327195798462
0.457728666666659	17.2000542651999
0.457563999999992	17.1616353556686
0.457399333333325	17.1201024513346
0.457234666666659	17.0757800291926
0.457069999999992	17.0285247746328
0.456905333333325	16.9791484569319
0.456740666666659	16.9294351983356
0.456575999999992	16.8816489087867
0.456411333333325	16.8380317977579
0.456246666666659	16.800344895749
0.456081999999992	16.7693816644843
0.455917333333325	16.7445454231305
0.455752666666659	16.7236676685675
0.455587999999992	16.7030084486364
0.455423333333325	16.6771458843189
0.455258666666659	16.6389979526428
0.455093999999992	16.5821709543013
0.454929333333325	16.5071182573424
0.454764666666659	16.4231286489182
0.454599999999992	16.341955331195
0.454435333333325	16.2721744455184
0.454270666666659	16.2170981518419
0.454105999999992	16.1755858518669
0.453941333333325	16.1446020633467
0.453776666666659	16.1215058933004
0.453611999999992	16.1049893945207
0.453447333333325	16.0947088585014
0.453282666666659	16.0902274399561
0.453117999999992	16.0900180577548
0.452953333333325	16.0910278906545
0.452788666666659	16.0889402113161
0.452623999999992	16.0791319649226
0.452459333333325	16.0582755116877
0.452294666666659	16.0259444706601
0.452129999999992	15.9843707103795
0.451965333333325	15.9345029884474
0.451800666666659	15.8710934576215
0.451635999999992	15.7845427731689
0.451471333333325	15.6692615406095
0.451306666666659	15.5279425181445
0.451141999999992	15.3683458051565
0.450977333333325	15.1984400835479
0.450812666666659	15.0244422350205
0.450647999999992	14.8518123487817
0.450483333333325	14.6870215515792
0.450318666666659	14.5381192824428
0.450153999999992	14.4131797702807
0.449989333333325	14.3170275463708
0.449824666666659	14.2488013544122
0.449659999999992	14.2026680439948
0.449495333333325	14.1705478447673
0.449330666666659	14.1446089232764
0.449165999999992	14.1188899486361
0.449001333333325	14.0902247327303
0.448836666666659	14.0581069052927
0.448671999999992	14.0227957327135
0.448507333333325	13.9823907350314
0.448342666666659	13.9319895113787
0.448177999999992	13.8669175258036
0.448013333333326	13.7864100440127
0.447848666666659	13.6927872625897
0.447683999999992	13.5875825957227
0.447519333333326	13.4699100211544
0.447354666666659	13.3384346641728
0.447189999999992	13.1942131948998
0.447025333333326	13.0425689939915
0.446860666666659	12.8938026996255
0.446695999999992	12.7619883194448
0.446531333333326	12.6611680130132
0.446366666666659	12.5998951517038
0.446201999999992	12.5765817991415
0.446037333333326	12.578874647578
0.445872666666659	12.5890271508097
0.445707999999992	12.5925746750193
0.445543333333326	12.5840576719755
0.445378666666659	12.5664166851144
0.445213999999992	12.54621855554
0.445049333333326	12.5289861803599
0.444884666666659	12.5174474650067
0.444719999999992	12.5124515737632
0.444555333333326	12.5135934923343
0.444390666666659	12.5172403132029
0.444225999999992	12.513762233922
0.444061333333326	12.4884175940387
0.443896666666659	12.4273262462986
0.443731999999992	12.3244355701029
0.443567333333326	12.1841716034415
0.443402666666659	12.018285017413
0.443237999999992	11.8395621840264
0.443073333333326	11.6566526626099
0.442908666666659	11.4730571314495
0.442743999999992	11.290230564619
0.442579333333326	11.1119909991725
0.442414666666659	10.9469084372993
0.442249999999992	10.8066836368662
0.442085333333326	10.700418267453
0.441920666666659	10.6271100716966
0.441755999999992	10.5716934117386
0.441591333333326	10.5100311157919
0.441426666666659	10.4217246177352
0.441261999999992	10.3020315509629
0.441097333333326	10.1650302859219
0.440932666666659	10.0375038437518
0.440767999999992	9.94753764072597
0.440603333333326	9.91120006339886
0.440438666666659	9.92130822711481
0.440273999999992	9.94805690496466
0.440109333333326	9.95748936742901
0.439944666666659	9.92988580577036
0.439779999999992	9.85979513732083
0.439615333333326	9.74996059728973
0.439450666666659	9.61101156801055
0.439285999999992	9.45975309671376
0.439121333333326	9.31030231767656
0.438956666666659	9.16650519305826
0.438791999999992	9.02644795782929
0.438627333333326	8.89413050918775
0.438462666666659	8.78388846260832
0.438297999999992	8.71327484591277
0.438133333333326	8.69212814697689
0.437968666666659	8.71700361906759
0.437803999999993	8.77451838773289
0.437639333333326	8.84984082820528
0.437474666666659	8.93281842750889
0.437309999999993	9.01758875024755
0.437145333333326	9.09795608588568
0.436980666666659	9.16327483224576
0.436815999999993	9.19739340236094
0.436651333333326	9.18136141034674
0.436486666666659	9.10076879662233
0.436321999999993	8.95639975935827
0.436157333333326	8.77011517565413
0.435992666666659	8.5751967529779
0.435827999999993	8.39523407496795
0.435663333333326	8.23519607508468
0.435498666666659	8.0944701424612
0.435333999999993	7.98114498052075
0.435169333333326	7.91105716448292
0.435004666666659	7.8975429352371
0.434839999999993	7.94337159387597
0.434675333333326	8.03897213092078
0.43451066666666	8.16475784970068
0.434345999999993	8.29631736189238
0.434181333333326	8.41295415350868
0.43401666666666	8.50137992517544
0.433851999999993	8.54651747530127
0.433687333333326	8.52711607009113
0.433522666666659	8.43392322190009
0.433357999999993	8.28489238303862
0.433193333333326	8.1116701721374
0.433028666666659	7.93759902270873
0.432863999999993	7.77144674629497
0.432699333333326	7.61332703137082
0.432534666666659	7.46072148142645
0.432369999999993	7.31137343461049
0.432205333333326	7.16692850595235
0.432040666666659	7.03869339159504
0.431875999999993	6.94961433286599
0.431711333333326	6.92517474653229
0.43154666666666	6.97447932826068
0.431381999999993	7.0755032005244
0.431217333333326	7.18073814510688
0.43105266666666	7.24155129549204
0.430887999999993	7.23123575636466
0.430723333333326	7.15220042527635
0.43055866666666	7.02989032456492
0.430393999999993	6.90231792134105
0.430229333333326	6.80993960199517
0.43006466666666	6.78664186238354
0.429899999999993	6.85236711989781
0.429735333333326	7.0087414271493
0.42957066666666	7.23814544140324
0.429405999999993	7.50493629061258
0.429241333333326	7.75943969603897
0.42907666666666	7.95037252358017
0.428911999999993	8.04528200800626
0.428747333333326	8.04071354242156
0.42858266666666	7.94998383941461
0.428417999999993	7.78548596082298
0.428253333333326	7.55537132721787
0.42808866666666	7.27269554028271
0.427923999999993	6.96360961022362
0.427759333333326	6.66685869665513
0.42759466666666	6.42704630441752
0.427429999999993	6.28675341201527
0.427265333333326	6.2759443117779
0.42710066666666	6.39369413228744
0.426935999999993	6.59093522806121
0.426771333333326	6.77935961103629
0.42660666666666	6.87350129420311
0.426441999999993	6.83190808160045
0.426277333333326	6.66255868218099
0.42611266666666	6.39962987800782
0.425947999999993	6.08092218259488
0.425783333333326	5.74082715411932
0.42561866666666	5.41284735932916
0.425453999999993	5.12956267418148
0.425289333333326	4.91868001759955
0.42512466666666	4.80115381687721
0.424959999999993	4.79030524187678
0.424795333333326	4.88828294394972
0.42463066666666	5.08297941921324
0.424465999999993	5.34972089304171
0.424301333333326	5.65583387615854
0.42413666666666	5.96339663534144
0.423971999999993	6.22925430175231
0.423807333333326	6.40713796752462
0.42364266666666	6.45934510332078
0.423477999999993	6.37601625327651
0.423313333333327	6.18310848703429
0.42314866666666	5.9290390569034
0.422983999999993	5.66622298797134
0.422819333333327	5.44055236108453
0.42265466666666	5.28555098829703
0.422489999999993	5.21851603429715
0.422325333333326	5.24282556044144
0.42216066666666	5.35761377571219
0.421995999999993	5.56383630868234
0.421831333333327	5.85317202257124
0.42166666666666	6.19102993633094
0.421501999999993	6.52439580654636
0.421337333333327	6.81112209185624
0.42117266666666	7.03385555807619
0.421007999999993	7.18858631971749
0.420843333333327	7.27058091784438
0.42067866666666	7.27288434094673
0.420513999999993	7.19157117124131
0.420349333333327	7.03248272671688
0.42018466666666	6.82319513167117
0.420019999999993	6.62208294176065
0.419855333333327	6.50303751377971
0.41969066666666	6.51503514811125
0.419525999999993	6.65213074468478
0.419361333333327	6.86347327185785
0.41919666666666	7.0876420298897
0.419031999999993	7.27747932152879
0.418867333333327	7.40443693331793
0.41870266666666	7.45271848480237
0.418537999999993	7.41386426793181
0.418373333333327	7.2847715715592
0.41820866666666	7.06824109203732
0.418043999999993	6.77451090513357
0.417879333333327	6.42254677043303
0.41771466666666	6.04098996108573
0.417549999999993	5.66861506238608
0.417385333333327	5.35203971346764
0.41722066666666	5.13713942049982
0.417055999999993	5.05305580973859
0.416891333333327	5.09434881092819
0.41672666666666	5.21545865157542
0.416561999999994	5.35002080702785
0.416397333333327	5.44454876565922
0.41623266666666	5.47771928638502
0.416067999999994	5.45707100225922
0.415903333333327	5.40985436719474
0.41573866666666	5.37244064720749
0.415573999999994	5.3727881211032
0.415409333333327	5.4197096678212
0.41524466666666	5.5115870160559
0.415079999999994	5.64805649491498
0.414915333333327	5.82801011905043
0.41475066666666	6.04061336385363
0.414585999999994	6.26546345555958
0.414421333333327	6.48539061914564
0.41425666666666	6.69595986581608
0.414091999999994	6.9000672605603
0.413927333333327	7.09622130784634
0.41376266666666	7.27200718821391
0.413597999999994	7.40480346101195
0.413433333333327	7.4679713178645
0.41326866666666	7.44185703103366
0.413103999999994	7.32827063577284
0.412939333333327	7.1621953248142
0.41277466666666	7.00830129092733
0.412609999999994	6.93399342017564
0.412445333333327	6.97125809238287
0.41228066666666	7.09416862588367
0.412115999999994	7.22778548153372
0.411951333333327	7.28481036055037
0.41178666666666	7.21070906988789
0.411621999999994	7.00497069898145
0.411457333333327	6.70359975863084
0.41129266666666	6.34928521811355
0.411127999999994	5.97976255678518
0.410963333333327	5.63361364207892
0.41079866666666	5.35356657277801
0.410633999999994	5.17270381897514
0.410469333333327	5.09240019928063
0.41030466666666	5.08004429816644
0.410139999999994	5.09408708021532
0.409975333333327	5.11121636962159
0.40981066666666	5.13517926772624
0.409645999999994	5.18679388955462
0.409481333333327	5.284100572287
0.40931666666666	5.42573712135465
0.409151999999994	5.58642563048096
0.408987333333327	5.7257014867378
0.408822666666661	5.80817108176409
0.408657999999994	5.82385881281039
0.408493333333327	5.78957559829506
0.408328666666661	5.73211773075448
0.408163999999994	5.67323340053042
0.407999333333327	5.6258969450639
0.407834666666661	5.59673402153025
0.407669999999994	5.58975539905509
0.407505333333327	5.61135273773921
0.407340666666661	5.67075816696077
0.407175999999994	5.77075956676382
0.407011333333327	5.90164140093858
0.406846666666661	6.04922634294026
0.406681999999994	6.20717806875403
0.406517333333327	6.38069633334479
0.406352666666661	6.58145173926475
0.406187999999994	6.81971478118686
0.406023333333327	7.09628887149456
0.405858666666661	7.39796384267838
0.405693999999994	7.70089532115998
0.405529333333327	7.9784865348919
0.405364666666661	8.20691054274582
0.405199999999994	8.36811963175338
0.405035333333327	8.45464876107043
0.404870666666661	8.47524332728251
0.404705999999994	8.45173709667722
0.404541333333327	8.4035031484668
0.404376666666661	8.33573577115981
0.404211999999994	8.2458031245582
0.404047333333327	8.13484527002712
0.403882666666661	8.00662760778572
0.403717999999994	7.85766521718206
0.403553333333327	7.67343595269442
0.403388666666661	7.43873497046103
0.403223999999994	7.15961377753442
0.403059333333327	6.87642537528208
0.402894666666661	6.64147423110905
0.402729999999994	6.48065403242438
0.402565333333327	6.3835728996181
0.402400666666661	6.31710286571182
0.402235999999994	6.23871686612771
0.402071333333327	6.11286868152619
0.401906666666661	5.9365116301575
0.401741999999994	5.75020298626846
0.401577333333327	5.60760083248702
0.401412666666661	5.53358055013004
0.401247999999994	5.51950866583162
0.401083333333327	5.54613735767038
0.400918666666661	5.6008464670745
0.400753999999994	5.68054050813681
0.400589333333327	5.78757856520792
0.400424666666661	5.92548995868176
0.400259999999994	6.09661357290543
0.400095333333327	6.30086892045913
0.399930666666661	6.5349685614761
0.399765999999994	6.79223998010749
0.399601333333327	7.06268860237008
0.399436666666661	7.33321553304158
0.399271999999994	7.58942980519884
0.399107333333327	7.81819212186724
0.398942666666661	8.00574763041846
0.398777999999994	8.13534731666454
0.398613333333327	8.20076470181653
0.398448666666661	8.22506437372519
0.398283999999994	8.24580815535555
0.398119333333327	8.27146809141751
0.397954666666661	8.26827869932696
0.397789999999994	8.20939091595356
0.397625333333327	8.10959928367504
0.397460666666661	7.99606449509147
0.397295999999994	7.88320109516705
0.397131333333327	7.77576558974474
0.396966666666661	7.67762484769888
0.396801999999994	7.596872695609
0.396637333333327	7.54593179333011
0.396472666666661	7.53455487508391
0.396307999999994	7.56013801859156
0.396143333333327	7.60621315797231
0.395978666666661	7.65008037428777
0.395813999999994	7.67098798010473
0.395649333333327	7.65657493124611
0.395484666666661	7.60916161500561
0.395319999999994	7.54537902936581
0.395155333333327	7.4824845684026
0.394990666666661	7.42115424606337
0.394825999999994	7.34091348914799
0.394661333333327	7.21632713711773
0.394496666666661	7.04596166056456
0.394331999999994	6.86047184163179
0.394167333333328	6.69873651298455
0.394002666666661	6.58567694610071
0.393837999999994	6.52804899422872
0.393673333333328	6.52089610358706
0.393508666666661	6.55654929990504
0.393343999999994	6.63020756940776
0.393179333333328	6.73978108912968
0.393014666666661	6.88289871873826
0.392849999999994	7.05576811880393
0.392685333333328	7.25409076340895
0.392520666666661	7.47306637572231
0.392355999999994	7.70586087688987
0.392191333333328	7.94151064123847
0.392026666666661	8.16347627980272
0.391861999999994	8.35356155263475
0.391697333333327	8.50206208582306
0.391532666666661	8.61185854959548
0.391367999999994	8.69080222419961
0.391203333333327	8.74533823099623
0.391038666666661	8.78229728609916
0.390873999999994	8.80818322438797
0.390709333333327	8.82301611041956
0.390544666666661	8.82041810874169
0.390379999999994	8.79340317160001
0.390215333333327	8.7365942143153
0.390050666666661	8.64526284183587
0.389885999999994	8.51725145893171
0.389721333333327	8.35534106378997
0.389556666666661	8.16514723053998
0.389391999999994	7.95530589265093
0.389227333333327	7.73899968984952
0.389062666666661	7.53207076089188
0.388897999999994	7.35068732300507
0.388733333333327	7.21179526709257
0.388568666666661	7.13478434569647
0.388403999999994	7.13856556400839
0.388239333333327	7.22804385726831
0.388074666666661	7.37651552608348
0.387909999999994	7.53026266978099
0.387745333333327	7.64231027102242
0.387580666666661	7.69589468251208
0.387415999999994	7.69655551044335
0.387251333333327	7.65544728393582
0.387086666666661	7.58225192214105
0.386921999999994	7.48883737618852
0.386757333333327	7.39415882912753
0.386592666666661	7.31710844256981
0.386427999999994	7.26582967376717
0.386263333333327	7.24020349032606
0.386098666666661	7.23844555486766
0.385933999999994	7.25554293033944
0.385769333333327	7.27913036005152
0.385604666666661	7.29364018263477
0.385439999999994	7.28866804002834
0.385275333333327	7.26159979827293
0.385110666666661	7.21556740019734
0.384945999999994	7.15653304424518
0.384781333333327	7.08975806009734
0.384616666666661	7.01646829155497
0.384451999999994	6.9336370576278
0.384287333333327	6.8375142352311
0.384122666666661	6.72536487473092
0.383957999999994	6.59237684175082
0.383793333333327	6.43146044488003
0.383628666666661	6.23920266697258
0.383463999999994	6.02064864373215
0.383299333333327	5.78998437953191
0.383134666666661	5.56934240837931
0.382969999999994	5.38710284684343
0.382805333333327	5.2746065369019
0.382640666666661	5.25819876351779
0.382475999999994	5.34728923874817
0.382311333333327	5.52575275476859
0.382146666666661	5.75397843064728
0.381981999999994	5.98232866049816
0.381817333333327	6.16869913387654
0.381652666666661	6.28937774173203
0.381487999999994	6.34133162235071
0.381323333333328	6.34018929839895
0.381158666666661	6.30939011810241
0.380993999999994	6.26895011091624
0.380829333333327	6.24379372526419
0.380664666666661	6.25332272052803
0.380499999999994	6.29456870235158
0.380335333333327	6.37049846973153
0.380170666666661	6.50568660816499
0.380005999999994	6.71994704048797
0.379841333333327	6.99428981890042
0.379676666666661	7.27092575962457
0.379511999999994	7.48349957357064
0.379347333333327	7.58370827775502
0.379182666666661	7.55283056029526
0.379017999999994	7.40361153617697
0.378853333333327	7.17558557245932
0.378688666666661	6.9223981227231
0.378523999999994	6.6910406890374
0.378359333333327	6.50404444849808
0.378194666666661	6.35878472067904
0.378029999999994	6.24039995864096
0.377865333333327	6.13181760466698
0.377700666666661	6.01539409004371
0.377535999999994	5.87608412489645
0.377371333333328	5.7104676233761
0.377206666666661	5.53108339182417
0.377041999999994	5.35959996078762
0.376877333333328	5.21632544089714
0.376712666666661	5.11165578706648
0.376547999999995	5.0363531573852
0.376383333333328	4.95808517879438
0.376218666666661	4.84557219081625
0.376053999999995	4.69937350645372
0.375889333333328	4.54359892404359
0.375724666666661	4.4034489772245
0.375559999999994	4.29770117575941
0.375395333333328	4.23613661099968
0.375230666666661	4.22110693838192
0.375065999999994	4.2521690461001
0.374901333333328	4.32665041166491
0.374736666666661	4.43965469559386
0.374571999999994	4.58863899316235
0.374407333333328	4.77967893417658
0.374242666666661	5.02877683114389
0.374077999999994	5.35067596783437
0.373913333333328	5.73694323071053
0.373748666666661	6.14327485622487
0.373583999999994	6.49677130823605
0.373419333333328	6.7072404958208
0.373254666666661	6.69120537366125
0.373089999999994	6.46874287193885
0.372925333333328	6.2093577322286
0.372760666666661	6.06227441063828
0.372595999999994	6.07973286153382
0.372431333333328	6.2474523145362
0.372266666666661	6.47540661185045
0.372101999999995	6.65239854788171
0.371937333333328	6.72191442839051
0.371772666666661	6.68331691068587
0.371607999999995	6.55874948718168
0.371443333333328	6.36132065979268
0.371278666666661	6.08656434000641
0.371113999999994	5.7406401314334
0.370949333333328	5.36604550409282
0.370784666666661	5.02878568933905
0.370619999999994	4.77733337753279
0.370455333333328	4.6156392692611
0.370290666666661	4.51994674302094
0.370125999999994	4.46759916724793
0.369961333333328	4.44625992694105
0.369796666666661	4.44989610167286
0.369631999999994	4.47374975652792
0.369467333333328	4.51238825773239
0.369302666666661	4.56083727720395
0.369137999999994	4.61780132443196
0.368973333333328	4.6876295328806
0.368808666666661	4.77573731713036
0.368643999999994	4.88210920351075
0.368479333333328	5.00915108952379
0.368314666666661	5.17511152290829
0.368149999999994	5.39643906846128
0.367985333333328	5.65340054996874
0.367820666666661	5.90142479651635
0.367655999999994	6.10285277160342
0.367491333333328	6.23220245849476
0.367326666666661	6.27413713917414
0.367161999999994	6.22644719305754
0.366997333333328	6.09919983898164
0.366832666666661	5.9141515659045
0.366667999999994	5.70907154016747
0.366503333333328	5.54296860539958
0.366338666666661	5.48365059235516
0.366173999999994	5.57091837863415
0.366009333333328	5.78845937235677
0.365844666666661	6.07399792021588
0.365679999999994	6.34928178895647
0.365515333333328	6.54383988740066
0.365350666666661	6.61938028476623
0.365185999999994	6.60097444860785
0.365021333333328	6.56239644211843
0.364856666666661	6.52937714555737
0.364691999999995	6.4461934466222
0.364527333333328	6.26578255036901
0.364362666666661	5.99509518217384
0.364197999999995	5.66690047323873
0.364033333333328	5.31822618138329
0.363868666666661	4.98497319900626
0.363703999999994	4.69539520242769
0.363539333333328	4.46805526292278
0.363374666666661	4.31553166597463
0.363209999999995	4.24284770172406
0.363045333333328	4.24047171987662
0.362880666666661	4.28814469699042
0.362715999999994	4.36908865937153
0.362551333333328	4.48066638829287
0.362386666666661	4.63710419815428
0.362221999999994	4.85006141605047
0.362057333333328	5.09356379341604
0.361892666666661	5.30471550780332
0.361727999999994	5.43067137194376
0.361563333333328	5.4535693868173
0.361398666666661	5.37380189929862
0.361233999999994	5.22139022676039
0.361069333333328	5.06045555445495
0.360904666666661	4.95700204023024
0.360739999999994	4.96186962268204
0.360575333333328	5.08546390629094
0.360410666666661	5.27649194907587
0.360245999999994	5.45309035805253
0.360081333333328	5.55248931022478
0.359916666666661	5.54294401759826
0.359751999999994	5.43547973126767
0.359587333333328	5.29052939532563
0.359422666666661	5.14022053707348
0.359257999999995	4.99089158500951
0.359093333333328	4.85577874217039
0.358928666666661	4.76500489741889
0.358763999999995	4.76712199908499
0.358599333333328	4.91061239968047
0.358434666666661	5.20995518010063
0.358269999999995	5.627662812544
0.358105333333328	6.09274315991683
0.357940666666661	6.53478041788748
0.357775999999994	6.90214406767184
0.357611333333328	7.15938673167778
0.357446666666661	7.28046001530867
0.357281999999994	7.25334333983293
0.357117333333328	7.09422283829889
0.356952666666661	6.85331163798694
0.356787999999995	6.59518811379669
0.356623333333328	6.36227602684315
0.356458666666661	6.15757560754453
0.356293999999995	5.95971997408255
0.356129333333328	5.74675523479887
0.355964666666661	5.50998542527401
0.355799999999995	5.25766529137955
0.355635333333328	5.01351563160679
0.355470666666661	4.8128241234489
0.355305999999994	4.69499568426961
0.355141333333328	4.68979275578217
0.354976666666661	4.80338481233697
0.354811999999994	5.01556663216513
0.354647333333328	5.28550110313255
0.354482666666661	5.5590474765335
0.354317999999994	5.78216996242958
0.354153333333328	5.91718902178546
0.353988666666661	5.93791869031405
0.353823999999994	5.81419199622001
0.353659333333328	5.54039042659949
0.353494666666661	5.17487943968063
0.353329999999994	4.81642705871426
0.353165333333328	4.53354244899223
0.353000666666661	4.32457867172473
0.352835999999994	4.15469464143075
0.352671333333328	4.01255945739734
0.352506666666661	3.9225433021508
0.352341999999994	3.92331451908496
0.352177333333328	4.04529787048311
0.352012666666661	4.29671020733584
0.351847999999994	4.66297510516407
0.351683333333328	5.12003233038944
0.351518666666661	5.64414642386686
0.351353999999994	6.19469788893255
0.351189333333328	6.70308901388774
0.351024666666661	7.11478232756395
0.350859999999994	7.41717896792573
0.350695333333328	7.59779453322855
0.350530666666661	7.5930016333672
0.350365999999994	7.3521022968125
0.350201333333328	6.93153161315615
0.350036666666661	6.44598030029653
0.349871999999994	5.98336517794301
0.349707333333328	5.59162735204937
0.349542666666661	5.30167800327305
0.349377999999994	5.13614053034116
0.349213333333328	5.10163263838686
0.349048666666661	5.18690970031321
0.348883999999995	5.36689676162599
0.348719333333328	5.60234155320993
0.348554666666661	5.84541553476983
0.348389999999995	6.05160061279655
0.348225333333328	6.18876516940858
0.348060666666661	6.24482269704948
0.347895999999995	6.22959892003371
0.347731333333328	6.16604825909787
0.347566666666661	6.08140797174255
0.347401999999995	6.00124910968531
0.347237333333328	5.94073723987145
0.347072666666661	5.90287929382731
0.346907999999995	5.89290923685993
0.346743333333328	5.9241595125141
0.346578666666661	5.99727370514807
0.346413999999995	6.09245845907594
0.346249333333328	6.19522529729713
0.346084666666661	6.29835604655693
0.345919999999995	6.38205438875673
0.345755333333328	6.42108154592026
0.345590666666661	6.40176064543069
0.345425999999995	6.33067436679446
0.345261333333328	6.2434330693729
0.345096666666661	6.20853696127199
0.344931999999995	6.30228051156178
0.344767333333328	6.54641017275702
0.344602666666661	6.87748930948545
0.344437999999995	7.21526211011659
0.344273333333328	7.53187205884218
0.344108666666661	7.82519914351062
0.343943999999995	8.062950864542
0.343779333333328	8.19497444011033
0.343614666666661	8.19452581097343
0.343449999999995	8.06057357382555
0.343285333333328	7.80818237054256
0.343120666666661	7.46720908519778
0.342955999999995	7.08048225247379
0.342791333333328	6.69867488314642
0.342626666666661	6.37019935862329
0.342461999999995	6.12580205484989
0.342297333333328	5.96864227654515
0.342132666666662	5.88160842439204
0.341967999999995	5.84485042149981
0.341803333333328	5.84986731281606
0.341638666666662	5.90647520561362
0.341473999999995	6.03889825606516
0.341309333333328	6.26039042175446
0.341144666666662	6.54837981390381
0.340979999999995	6.85731852090882
0.340815333333328	7.14103191365733
0.340650666666661	7.35499636286377
0.340485999999995	7.46206225015861
0.340321333333328	7.44430679873497
0.340156666666662	7.30493706154316
0.339991999999995	7.07545855645961
0.339827333333328	6.83229157692974
0.339662666666662	6.67165217683811
0.339497999999995	6.64906327034178
0.339333333333328	6.76617428956924
0.339168666666661	6.99934133683065
0.339003999999995	7.31786896360007
0.338839333333328	7.68446996220118
0.338674666666662	8.06501819018876
0.338509999999995	8.43813562653613
0.338345333333328	8.78333742616455
0.338180666666662	9.07595618118014
0.338015999999995	9.29925108500109
0.337851333333328	9.45488260078816
0.337686666666662	9.55620770182617
0.337521999999995	9.60820831545849
0.337357333333328	9.60578099035412
0.337192666666662	9.55571580419
0.337027999999995	9.47963096260156
0.336863333333328	9.39310866462803
0.336698666666661	9.29932659041861
0.336533999999995	9.2023890854846
0.336369333333328	9.11359830707028
0.336204666666661	9.04276003252865
0.336039999999995	8.98838139514671
0.335875333333328	8.94497094251765
0.335710666666661	8.91988705107312
0.335545999999995	8.92747174160252
0.335381333333328	8.96166883596293
0.335216666666661	8.98990294462132
0.335051999999995	8.98868052533163
0.334887333333328	8.97289077924058
0.334722666666661	8.97276117703419
0.334557999999995	8.99593423299085
0.334393333333328	9.02855190844434
0.334228666666661	9.06791534863304
0.334063999999994	9.13060587821573
0.333899333333328	9.23507269952889
0.333734666666661	9.38427721802741
0.333569999999994	9.56055184594755
0.333405333333328	9.73272907295552
0.333240666666661	9.8702489217798
0.333075999999995	9.95690360310472
0.332911333333328	9.99303699015955
0.332746666666661	9.98709071923347
0.332581999999995	9.95340932263485
0.332417333333328	9.92500163677336
0.332252666666661	9.95781377014344
0.332087999999995	10.0834929629133
0.331923333333328	10.2660772860131
0.331758666666661	10.4483074808337
0.331593999999995	10.588478596909
0.331429333333328	10.6702015853037
0.331264666666661	10.7259185665368
0.331099999999995	10.8150318159487
0.330935333333328	10.9704205460929
0.330770666666662	11.1524047123359
0.330605999999995	11.2627997198492
0.330441333333328	11.2431313335326
0.330276666666662	11.1307253150817
0.330111999999995	11.0194404991787
0.329947333333328	10.978935953531
0.329782666666662	11.0042686373614
0.329617999999995	11.0510258461121
0.329453333333328	11.1057130747261
0.329288666666662	11.196812307262
0.329123999999995	11.356913656151
0.328959333333328	11.5930511390774
0.328794666666662	11.8731829224477
0.328629999999995	12.1430334080501
0.328465333333328	12.354587518036
0.328300666666662	12.4751442695277
0.328135999999995	12.4951628754235
0.327971333333328	12.4420808898985
0.327806666666662	12.3644191071596
0.327641999999995	12.295337989656
0.327477333333328	12.2425307139181
0.327312666666662	12.2043879463731
0.327147999999995	12.1856826989132
0.326983333333328	12.2024358292802
0.326818666666662	12.2761392358331
0.326653999999995	12.4122271147375
0.326489333333328	12.5887695660606
0.326324666666662	12.7808619771493
0.326159999999995	12.977827559994
0.325995333333329	13.1613256953482
0.325830666666662	13.2928896935305
0.325665999999995	13.3341849072818
0.325501333333328	13.2737838645789
0.325336666666662	13.1542901671939
0.325171999999995	13.0624097153148
0.325007333333329	13.0610268791385
0.324842666666662	13.147286523139
0.324677999999995	13.2763031559585
0.324513333333329	13.396046290843
0.324348666666662	13.4758259942965
0.324183999999995	13.5286741825767
0.324019333333329	13.5918607077349
0.323854666666662	13.6800934507504
0.323689999999995	13.7753946406979
0.323525333333329	13.8532153534117
0.323360666666662	13.9091620724451
0.323195999999995	13.9561500073463
0.323031333333329	14.0032103209776
0.322866666666662	14.0532077403907
0.322701999999995	14.1046901859353
0.322537333333329	14.1520371443433
0.322372666666662	14.194095691484
0.322207999999995	14.2380033503383
0.322043333333329	14.2900115890622
0.321878666666662	14.3471983731042
0.321713999999995	14.400534039751
0.321549333333329	14.4445750656391
0.321384666666662	14.4776080613661
0.321219999999995	14.4972435286433
0.321055333333329	14.5113672811496
0.320890666666662	14.5389582632838
0.320725999999995	14.5942512376282
0.320561333333329	14.6850661681086
0.320396666666662	14.8105708696171
0.320231999999995	14.9492949420994
0.320067333333329	15.0671056834087
0.319902666666662	15.1430901753443
0.319737999999995	15.1790554952784
0.319573333333329	15.1888205710612
0.319408666666662	15.1835819640321
0.319243999999995	15.1686614173034
0.319079333333329	15.1542401583966
0.318914666666662	15.1590422853251
0.318749999999995	15.1943859303813
0.318585333333329	15.2578824347701
0.318420666666662	15.3313763606866
0.318255999999996	15.3873384576508
0.318091333333329	15.4196314258385
0.317926666666662	15.4489862418718
0.317761999999996	15.4996945552128
0.317597333333329	15.5741729127729
0.317432666666662	15.6516140592065
0.317267999999996	15.7124208212454
0.317103333333329	15.7594697867549
0.316938666666662	15.8073005935855
0.316773999999996	15.8553509577967
0.316609333333329	15.8936243706438
0.316444666666662	15.9239322579904
0.316279999999996	15.954485658279
0.316115333333329	15.9873912421489
0.315950666666662	16.0242174666482
0.315785999999996	16.0670176527066
0.315621333333329	16.1121634500909
0.315456666666663	16.1528209714094
0.315291999999996	16.1867496374046
0.315127333333329	16.2239019654353
0.314962666666663	16.2854240066107
0.314797999999996	16.3795963921668
0.314633333333329	16.4751836661403
0.314468666666663	16.5335687076894
0.314303999999996	16.578372832757
0.314139333333329	16.6198479555089
0.313974666666663	16.6053347305103
0.313809999999996	16.5841235813252
0.31364533333333	16.6165940682988
0.313480666666663	16.7064453242857
0.313315999999996	16.8194044715806
0.31315133333333	16.9200881448373
0.312986666666663	16.9953776168291
0.312821999999996	17.0403983313044
0.312657333333329	17.0563460709159
0.312492666666663	17.0594024653676
0.312327999999996	17.077329329209
0.312163333333329	17.1270990571247
0.311998666666663	17.1995925032357
0.311833999999996	17.2725383858327
0.311669333333329	17.3325933511675
0.311504666666663	17.3852952401869
0.311339999999996	17.4373648662536
0.31117533333333	17.4805787037663
0.311010666666663	17.5067071524652
0.310845999999996	17.5161043444166
0.310681333333329	17.5147842470439
0.310516666666663	17.5136272140329
0.310351999999996	17.5232387322081
0.310187333333329	17.546531525648
0.310022666666663	17.5792800029449
0.309857999999996	17.613749351792
0.309693333333329	17.639555775316
0.309528666666663	17.6519152178748
0.309363999999996	17.6592182523785
0.309199333333329	17.6692552809367
0.309034666666663	17.6815432209566
0.308869999999996	17.6925135505745
0.308705333333329	17.6999022663513
0.308540666666663	17.7056783413845
0.308375999999996	17.7141774827105
0.308211333333329	17.7234150776429
0.308046666666663	17.7318759984789
0.307881999999996	17.7469053574137
0.307717333333329	17.7680189440548
0.307552666666663	17.7843479576736
0.307387999999996	17.7936406026221
0.307223333333329	17.7987398952783
0.307058666666663	17.7965216481437
0.306893999999996	17.7884370488907
0.306729333333329	17.7834787693225
0.306564666666663	17.786256011303
0.306399999999996	17.7925068632446
0.30623533333333	17.79098278713
0.306070666666663	17.7648120983256
0.305905999999996	17.7036945018708
0.305741333333329	17.6284231623174
0.305576666666663	17.5558650554812
0.305411999999996	17.4893561064102
0.305247333333329	17.431724175875
0.305082666666663	17.3818493814794
0.304917999999996	17.3395168150502
0.304753333333329	17.3096338146388
0.304588666666663	17.2904392166591
0.304423999999996	17.2738027110341
0.304259333333329	17.2519818891053
0.304094666666663	17.2205249821348
0.303929999999996	17.1776496746105
0.303765333333329	17.1256666031391
0.303600666666663	17.0744052231044
0.303435999999996	17.0299967413263
0.30327133333333	16.9823320458973
0.303106666666663	16.9133128493114
0.302941999999996	16.8204668729576
0.302777333333329	16.7301582529149
0.302612666666663	16.6589618483679
0.302447999999996	16.564334973836
0.302283333333329	16.4115546865491
0.302118666666663	16.2453738459215
0.301953999999996	16.1120902195095
0.301789333333329	16.0131265155079
0.301624666666663	15.9334220365007
0.301459999999996	15.8788583126884
0.301295333333329	15.8735612969983
0.301130666666663	15.853847907765
0.300965999999996	15.7263609148983
0.300801333333329	15.5302735458259
0.300636666666663	15.3415005753592
0.300471999999996	15.1937454007343
0.300307333333329	15.1003854657998
0.300142666666663	15.0662020364528
0.299977999999996	15.0562973783727
0.299813333333329	14.9906022892347
0.299648666666663	14.8116855223158
0.299483999999996	14.5444866617968
0.299319333333329	14.2665660211338
0.299154666666663	14.0427617655857
0.298989999999996	13.9100836721741
0.298825333333329	13.9089559153998
0.298660666666663	14.0509973031817
0.298495999999996	14.0879234815262
0.298331333333329	13.7999184506583
0.298166666666663	13.4139042825026
0.298001999999996	13.0531592702462
0.297837333333329	12.7278853960852
0.297672666666663	12.531149220865
0.297507999999996	12.5104778063882
0.297343333333329	12.5779800906627
0.297178666666663	12.620443301809
0.297013999999996	12.681358930621
0.296849333333329	12.8097421823266
0.296684666666663	12.8723147043696
0.296519999999996	12.7770555985445
0.296355333333329	12.6454815119231
0.296190666666663	12.5476448016601
0.296025999999996	12.452930640915
0.295861333333329	12.3588931291157
0.295696666666663	12.2633997931682
0.295531999999996	12.1334818936466
0.295367333333329	11.9629062931317
0.295202666666663	11.7604408830652
0.295037999999996	11.4979175208802
0.294873333333329	11.1628500737301
0.294708666666663	10.7882405863438
0.294543999999996	10.4252563086301
0.29437933333333	10.1683233851927
0.294214666666663	10.1282651849172
0.294049999999996	10.3548899128564
0.293885333333329	10.7192035915853
0.293720666666663	10.8410222579354
0.293555999999996	10.6016220251782
0.293391333333329	10.3595069836951
0.293226666666663	10.2764870370951
0.293061999999996	10.2236232462176
0.29289733333333	10.030257986991
0.292732666666663	9.76638245131935
0.292567999999996	9.57823570400109
0.29240333333333	9.50672522257602
0.292238666666663	9.55895093945145
0.292073999999996	9.6596298496798
0.29190933333333	9.65565430357068
0.291744666666663	9.50706988322815
0.291579999999996	9.32237864678572
0.29141533333333	9.19786563929516
0.291250666666663	9.13051591712758
0.291085999999996	9.02161345481233
0.29092133333333	8.70357117061633
0.290756666666663	8.27111181359138
0.290591999999996	7.9800067857053
0.29042733333333	7.74997601003814
0.290262666666663	7.55595108878429
0.290097999999996	7.48620351822071
0.28993333333333	7.55293298050269
0.289768666666663	7.81303999606045
0.289603999999996	8.28805790948465
0.28943933333333	8.83174908077538
0.289274666666663	9.23416930565131
0.289109999999996	9.34727360661771
0.28894533333333	9.19172322842277
0.288780666666663	8.89211021648706
0.288615999999996	8.59016405236176
0.28845133333333	8.39921584635949
0.288286666666663	8.32940615480013
0.288121999999996	8.32552735116869
0.28795733333333	8.33471177912208
0.287792666666663	8.33556479916363
0.287627999999996	8.32290224106367
0.28746333333333	8.22221518084394
0.287298666666663	7.97630353272341
0.287133999999996	7.67413549112937
0.28696933333333	7.44254399915833
0.286804666666663	7.36946213079251
0.286639999999996	7.51136104225139
0.28647533333333	7.84249838895515
0.286310666666663	8.22501384198513
0.286145999999996	8.4961109851442
0.28598133333333	8.57032369491453
0.285816666666663	8.50985970881122
0.285651999999996	8.42934385627037
0.28548733333333	8.3214167280587
0.285322666666663	8.14996786051316
0.285157999999996	8.0319984621869
0.28499333333333	8.13484441809303
0.284828666666663	8.4770160639544
0.284663999999996	8.902401482845
0.28449933333333	9.14284855583002
0.284334666666663	9.02516749947993
0.284169999999996	8.67069478410191
0.28400533333333	8.24875303189211
0.283840666666663	7.79322794044684
0.283675999999996	7.40853930444731
0.28351133333333	7.29301301641397
0.283346666666663	7.45818367211599
0.283181999999996	7.71372025464125
0.28301733333333	7.90174496702086
0.282852666666663	7.99084926815203
0.282687999999996	8.07029616228041
0.28252333333333	8.25559501764429
0.282358666666663	8.49309780587174
0.282193999999996	8.61241560089174
0.28202933333333	8.64193502619535
0.281864666666663	8.63850421996202
0.281699999999996	8.54227707269572
0.28153533333333	8.48818298383383
0.281370666666663	8.56449675839423
0.281205999999996	8.60221007578557
0.28104133333333	8.57583403780497
0.280876666666663	8.55185625803276
0.280711999999996	8.44779249653138
0.28054733333333	8.35851092232289
0.280382666666663	8.46937976670921
0.280217999999996	8.75986336140173
0.28005333333333	8.99720153124459
0.279888666666663	8.96722302454504
0.279723999999996	8.72362934052375
0.27955933333333	8.47389132098003
0.279394666666663	8.36389411510606
0.279229999999996	8.45218782318217
0.27906533333333	8.74893496350541
0.278900666666663	9.06028193962312
0.278735999999996	9.14411210314655
0.27857133333333	9.07190249130164
0.278406666666663	8.85885642156133
0.278241999999996	8.5912895959837
0.27807733333333	8.53823351201765
0.277912666666663	8.65178508575511
0.277747999999997	8.68795996855677
0.27758333333333	8.65673012983122
0.277418666666663	8.54480431426907
0.277253999999996	8.37089967857654
0.27708933333333	8.30116288634005
0.276924666666663	8.31936334350802
0.276759999999996	8.28074733296233
0.27659533333333	8.25241643056517
0.276430666666663	8.35072333697677
0.276265999999996	8.58339638196378
0.27610133333333	8.8445467831687
0.275936666666663	9.10761256629887
0.275771999999996	9.38716140727295
0.27560733333333	9.5983343811028
0.275442666666663	9.72063540914936
0.275277999999996	9.79711357111715
0.27511333333333	9.85194965693128
0.274948666666663	9.85689933108116
0.274783999999996	9.81423157807356
0.27461933333333	9.75300097692783
0.274454666666663	9.69762329551197
0.274289999999996	9.65720591352365
0.27412533333333	9.57414005232798
0.273960666666663	9.41137741805417
0.273795999999996	9.20853209536638
0.27363133333333	8.99359061804251
0.273466666666663	8.78474608239899
0.273301999999996	8.62824151444998
0.27313733333333	8.54235460734552
0.272972666666663	8.52766874075466
0.272807999999996	8.62682281239896
0.27264333333333	8.88334001059991
0.272478666666663	9.21934381170064
0.272313999999996	9.50194507605842
0.27214933333333	9.72521429967792
0.271984666666663	9.85324056446432
0.271819999999996	9.94949396306834
0.27165533333333	10.1496565803626
0.271490666666663	10.3404677383896
0.271325999999996	10.3959323403991
0.27116133333333	10.365033446383
0.270996666666663	10.2743308908697
0.270831999999996	10.0645248134505
0.27066733333333	9.73707855319322
0.270502666666663	9.39354983637746
0.270337999999996	9.15184847527126
0.270173333333329	9.06735313406153
0.270008666666663	9.10206431251179
0.269843999999996	9.1882722864182
0.26967933333333	9.29655209613376
0.269514666666663	9.43667446740727
0.269349999999996	9.62561815540109
0.26918533333333	9.83784477833265
0.269020666666663	10.0330088372759
0.268855999999996	10.1911358361937
0.26869133333333	10.3485203625668
0.268526666666663	10.5545277781686
0.268361999999996	10.7961273530784
0.26819733333333	11.0199314517826
0.268032666666663	11.0464991978091
0.267867999999996	10.8981295960496
0.267703333333329	10.766112027284
0.267538666666663	10.7340928874772
0.267373999999996	10.7128120093817
0.267209333333329	10.596227243442
0.267044666666663	10.3810052673602
0.266879999999996	10.1339629713598
0.266715333333329	9.92138013710298
0.266550666666663	9.78860864254912
0.266385999999996	9.76408961452097
0.266221333333329	9.85370864890419
0.266056666666663	10.0264373713356
0.265891999999996	10.2367499098244
0.265727333333329	10.4290328428681
0.265562666666663	10.5484643058867
0.265397999999996	10.6219409934343
0.265233333333329	10.6935224926696
0.265068666666663	10.7013701998779
0.264903999999996	10.6050461963343
0.264739333333329	10.4625167109209
0.264574666666663	10.2977539292087
0.264409999999996	10.1666980489968
0.264245333333329	10.1840199524921
0.264080666666663	10.3514413520365
0.263915999999996	10.5912716466559
0.26375133333333	10.8606419652438
0.263586666666663	11.1088662089365
0.263421999999996	11.2193363990396
0.26325733333333	11.1646669646566
0.263092666666663	11.0693582839433
0.262927999999996	11.0621739351518
0.26276333333333	11.1211851829343
0.262598666666663	11.13576390494
0.262433999999996	11.111016889314
0.26226933333333	11.0911539956072
0.262104666666663	11.0386642512888
0.261939999999996	10.9545723435447
0.26177533333333	10.9065236690011
0.261610666666663	10.8780259132364
0.261445999999996	10.7892662400199
0.26128133333333	10.6351926742605
0.261116666666663	10.5041542664135
0.260951999999996	10.4757747241869
0.26078733333333	10.5205966849303
0.260622666666663	10.6109495134984
0.260457999999996	10.752529166248
0.26029333333333	10.9560156461667
0.260128666666663	11.2446166256125
0.259963999999996	11.5719408115834
0.25979933333333	11.7223493934395
0.259634666666663	11.6193704065284
0.259469999999996	11.4431469069651
0.25930533333333	11.3330951104015
0.259140666666663	11.2554631309749
0.258975999999996	11.1688807412389
0.25881133333333	11.1162175340714
0.258646666666663	11.1247233363907
0.258481999999996	11.1792392619104
0.25831733333333	11.2748126461803
0.258152666666663	11.3553838452133
0.257987999999996	11.4020611260794
0.25782333333333	11.4900760716113
0.257658666666663	11.6517945797638
0.257493999999996	11.784015087637
0.25732933333333	11.8359161453384
0.257164666666663	11.8711027489981
0.256999999999997	11.9043566252415
0.25683533333333	11.9334697544605
0.256670666666663	12.0132941946908
0.256505999999996	12.1382119474666
0.25634133333333	12.2413814642233
0.256176666666663	12.2411528603419
0.256011999999996	12.1470051203171
0.25584733333333	12.0143062575057
0.255682666666663	11.8853471236627
0.255517999999997	11.8066963531491
0.25535333333333	11.7890512589018
0.255188666666663	11.8332677955909
0.255023999999996	11.9318998238452
0.25485933333333	12.0627172081631
0.254694666666663	12.2162794517745
0.254529999999997	12.3683860401976
0.25436533333333	12.4675857640144
0.254200666666663	12.4798563517565
0.254035999999996	12.4451628525061
0.25387133333333	12.3933448493241
0.253706666666663	12.3519133000957
0.253541999999996	12.3833449457535
0.25337733333333	12.473576203796
0.253212666666663	12.6008193541
0.253047999999997	12.7252792724878
0.25288333333333	12.7459936265884
0.252718666666663	12.7006289839626
0.252553999999996	12.6684630690575
0.25238933333333	12.6359640179781
0.252224666666663	12.5871273936158
0.252059999999996	12.5550982732879
0.25189533333333	12.5647111840697
0.251730666666663	12.6250367710678
0.251565999999997	12.7294273682915
0.25140133333333	12.8584550628703
0.251236666666663	12.955809511628
0.251071999999997	12.9562060034142
0.25090733333333	12.8993291948711
0.250742666666663	12.8581610448876
0.250577999999997	12.7971592353569
0.25041333333333	12.7496294688538
0.250248666666663	12.7222762237833
0.250083999999997	12.7111122554086
0.24991933333333	12.7685195471631
0.249754666666663	12.8903783791502
0.249589999999997	12.9833213625163
0.24942533333333	13.0010100614768
0.249260666666663	12.9752443772087
0.249095999999997	12.9905772382506
0.24893133333333	13.0081475516254
0.248766666666663	12.9899301641774
0.248601999999996	12.9838246148252
0.24843733333333	13.0020787341395
0.248272666666663	13.0857380642702
0.248107999999997	13.2479135949967
0.24794333333333	13.4115649606424
0.247778666666663	13.5287924855336
0.247613999999997	13.5775502590533
0.24744933333333	13.5526719601617
0.247284666666663	13.5146927465324
0.247119999999997	13.4814488333091
0.24695533333333	13.4635617173098
0.246790666666663	13.4976161005638
0.246625999999997	13.5997698664921
0.24646133333333	13.7410485726208
0.246296666666663	13.8386216809946
0.246131999999997	13.8727657575925
0.24596733333333	13.8633271499379
0.245802666666663	13.8465653744327
0.245637999999997	13.8917591085438
0.24547333333333	13.9976891222037
0.245308666666663	14.0917148266811
0.245143999999997	14.1477088335615
0.24497933333333	14.2011805766618
0.244814666666663	14.2461753065481
0.244649999999997	14.284185139539
0.24448533333333	14.3454020617099
0.244320666666663	14.4339925329283
0.244155999999997	14.531497822461
0.24399133333333	14.6089343078982
0.243826666666663	14.6483998528752
0.243661999999997	14.6718824593539
0.24349733333333	14.6943018974568
0.243332666666663	14.7274339330934
0.243167999999997	14.7840389418408
0.24300333333333	14.8671726758775
0.242838666666663	14.9718581808249
0.242673999999997	15.0757387462641
0.24250933333333	15.1493756703789
0.242344666666663	15.1812530642132
0.242179999999997	15.1797576967183
0.24201533333333	15.1795521926721
0.241850666666663	15.2031169908672
0.241685999999997	15.2464903574156
0.24152133333333	15.3235390615212
0.241356666666664	15.4266744669863
0.241191999999997	15.5195567087635
0.24102733333333	15.5943786376545
0.240862666666664	15.6665120309967
0.240697999999997	15.7127398618314
0.24053333333333	15.7276275041352
0.240368666666664	15.7484516655896
0.240203999999997	15.809066501999
0.24003933333333	15.902753071832
0.239874666666664	15.9914614709799
0.239709999999997	16.055638963708
0.23954533333333	16.0918459232792
0.239380666666664	16.1051434148708
0.239215999999997	16.1244601072567
0.23905133333333	16.1772223384488
0.238886666666664	16.2850277342407
0.238721999999997	16.3872466474288
0.23855733333333	16.4546597215163
0.238392666666664	16.5233403042913
0.238227999999997	16.6065437867064
0.23806333333333	16.6912218196107
0.237898666666664	16.766434990492
0.237733999999997	16.83632996377
0.23756933333333	16.9025210031212
0.237404666666664	16.9479306477309
0.237239999999997	16.9782001693193
0.23707533333333	17.0214645883873
0.236910666666664	17.0862705068339
0.236745999999997	17.1467892673712
0.23658133333333	17.1893841190902
0.236416666666664	17.2361639628186
0.236251999999997	17.2976202462314
0.23608733333333	17.3561700517872
0.235922666666664	17.4041762433508
0.235757999999997	17.4603135619712
0.23559333333333	17.5276612065624
0.235428666666664	17.5903021765671
0.235263999999997	17.6405104650533
0.23509933333333	17.6804476684701
0.234934666666664	17.7130026762142
0.234769999999997	17.7278035296548
0.23460533333333	17.7562247133627
0.234440666666664	17.8092714489898
0.234275999999997	17.8664348645003
0.234111333333331	17.8896439130314
0.233946666666664	17.9053898329536
0.233781999999997	17.931181435887
0.23361733333333	17.9314195404912
0.233452666666664	17.9389512722771
0.233287999999997	17.9748712516013
0.23312333333333	18.0091763746214
0.232958666666664	18.020648843213
0.232793999999997	18.0204859649946
0.23262933333333	18.0227988785486
0.232464666666664	18.035948569251
0.232299999999997	18.0458810693661
0.23213533333333	18.0504445734882
0.231970666666664	18.0572719337591
0.231805999999997	18.0322539243494
0.23164133333333	18.01856545449
0.231476666666664	18.018766379937
0.231311999999997	18.0044062315284
0.23114733333333	17.9757142939566
0.230982666666664	17.94431349108
0.230817999999997	17.9127025463397
0.23065333333333	17.8801459977986
0.230488666666664	17.8554228988405
0.230323999999997	17.858474997953
0.23015933333333	17.8707393236897
0.229994666666664	17.8207146337562
0.229829999999997	17.751722851304
0.22966533333333	17.7123398350844
0.229500666666664	17.667740046631
0.229335999999997	17.616405159278
0.22917133333333	17.5879507438591
0.229006666666664	17.583173099524
0.228841999999997	17.5871742665114
0.22867733333333	17.5661502951227
0.228512666666664	17.5068199549582
0.228347999999997	17.4197416056426
0.22818333333333	17.3315436231188
0.228018666666664	17.2425263392988
0.227853999999997	17.1782988082192
0.22768933333333	17.1360260911915
0.227524666666664	17.1005771536935
0.227359999999997	17.0603919213444
0.22719533333333	17.0251358781774
0.227030666666664	16.9778754438443
0.226865999999997	16.8956405469231
0.22670133333333	16.8052869980582
0.226536666666664	16.7623513711419
0.226371999999997	16.7756110974537
0.22620733333333	16.8248606643647
0.226042666666664	16.8797477035746
0.225877999999997	16.8483776161094
0.22571333333333	16.7124160487758
0.225548666666664	16.5496193479543
0.225383999999997	16.4220214429506
0.22521933333333	16.3261001721495
0.225054666666664	16.2548304565177
0.224889999999997	16.2123283277697
0.22472533333333	16.1963377716005
0.224560666666664	16.2110976572469
0.224395999999997	16.240979128429
0.22423133333333	16.2284683921301
0.224066666666664	16.1696264141498
0.223901999999997	16.0893376446002
0.22373733333333	16.027427835265
0.223572666666664	16.0076505977442
0.223407999999997	16.0012051153512
0.22324333333333	15.9951176114896
0.223078666666664	15.9462825547286
0.222913999999997	15.8512344170991
0.22274933333333	15.7629080609188
0.222584666666664	15.7070435228331
0.222419999999997	15.683501215159
0.22225533333333	15.678617730375
0.222090666666664	15.6853600765299
0.221925999999997	15.7175633057796
0.22176133333333	15.720287126459
0.221596666666664	15.6582019910818
0.221431999999997	15.6106209827978
0.22126733333333	15.5581583900924
0.221102666666664	15.4917036928921
0.220937999999997	15.4452622106246
0.22077333333333	15.4398385970259
0.220608666666664	15.4924152661944
0.220443999999997	15.5179187315789
0.22027933333333	15.514248533352
0.220114666666664	15.4541635660613
0.219949999999997	15.391689562433
0.21978533333333	15.3834635224172
0.219620666666664	15.4432745184763
0.219455999999997	15.4150530957254
0.21929133333333	15.3791229631981
0.219126666666664	15.3869343373208
0.218961999999997	15.4074982832084
0.21879733333333	15.3489995352146
0.218632666666664	15.2928454379328
0.218467999999997	15.286199062321
0.21830333333333	15.3825349171994
0.218138666666664	15.4861702590217
0.217973999999997	15.4291756097517
0.21780933333333	15.2483096631035
0.217644666666664	15.2073612107073
0.217479999999997	15.1973539172713
0.217315333333331	15.1585322388439
0.217150666666664	15.0370533555356
0.216985999999997	14.896928147101
0.216821333333331	14.8607310692749
0.216656666666664	14.8926187382761
0.216491999999997	15.0562657670224
0.21632733333333	15.1498601641194
0.216162666666664	15.0917490540808
0.215997999999997	15.0739452162603
0.21583333333333	15.1019781007032
0.215668666666664	15.2081847961796
0.215503999999997	15.1776711536572
0.21533933333333	15.0635632650123
0.215174666666664	15.0201652174254
0.215009999999997	14.9717277140792
0.21484533333333	14.9000888191091
0.214680666666664	14.8581054274758
0.214515999999997	14.8784949584731
0.214351333333331	14.8686708672386
0.214186666666664	14.8193822799321
0.214021999999997	14.7772921717066
0.213857333333331	14.9262058715752
0.213692666666664	14.9491372825066
0.213527999999997	14.9836675765855
0.213363333333331	15.036350037527
0.213198666666664	15.1814102238634
0.213033999999997	15.2139613212742
0.212869333333331	15.0837199848544
0.212704666666664	15.0416393633538
0.212539999999997	15.1053893534074
0.212375333333331	15.1172246757706
0.212210666666664	15.151706515281
0.212045999999997	15.1861019032594
0.211881333333331	15.2065866287062
0.211716666666664	15.246033621804
0.211551999999997	15.3163175768105
0.211387333333331	15.3333266951594
0.211222666666664	15.3717012720486
0.211057999999997	15.4265787945746
0.210893333333331	15.5269328366729
0.210728666666664	15.528007133653
0.210563999999997	15.5035269208949
0.210399333333331	15.4901701644961
0.210234666666664	15.5176442721387
0.210069999999997	15.5595197876218
0.209905333333331	15.636213637516
0.209740666666664	15.7259954318321
0.209575999999998	15.7402805190647
0.209411333333331	15.7398255945859
0.209246666666664	15.7071261723249
0.209081999999998	15.6503176165511
0.208917333333331	15.6407149276928
0.208752666666664	15.723955779145
0.208587999999998	15.8330974130091
0.208423333333331	15.8660600000814
0.208258666666664	15.8423230955911
0.208093999999998	15.8611261261031
0.207929333333331	15.9280954014565
0.207764666666664	15.9825578438206
0.207599999999998	16.0233280720788
0.207435333333331	16.0103253234936
0.207270666666664	15.9376665321205
0.207105999999998	15.8775874953314
0.206941333333331	15.879400227883
0.206776666666664	15.9066403207309
0.206611999999998	15.9295086290653
0.206447333333331	15.9642647342258
0.206282666666664	16.0104869398963
0.206117999999998	16.0233078159902
0.205953333333331	15.9896735717768
0.205788666666664	15.9797494541974
0.205623999999998	15.9620985237485
0.205459333333331	15.94479917936
0.205294666666664	15.9795839846929
0.205129999999998	16.0554950526074
0.204965333333331	16.1074667349602
0.204800666666664	16.157132393307
0.204635999999998	16.1858837426754
0.204471333333331	16.1714069668481
0.204306666666664	16.1835516372421
0.204141999999998	16.2388937168161
0.203977333333331	16.185416624467
0.203812666666665	16.1014541041498
0.203647999999998	16.0714441558767
0.203483333333331	16.0974105750139
0.203318666666664	16.1219533811547
0.203153999999998	16.1479891920743
0.202989333333331	16.2379502805773
0.202824666666664	16.3481180781536
0.202659999999998	16.3885293712041
0.202495333333331	16.346773807238
0.202330666666664	16.3203280413286
0.202165999999998	16.3175822601538
0.202001333333331	16.3627283201998
0.201836666666664	16.3717570252613
0.201671999999998	16.3205289651562
0.201507333333331	16.335216733613
0.201342666666665	16.4198605208645
0.201177999999998	16.5232499740442
0.201013333333331	16.6023018038366
0.200848666666665	16.6526489316781
0.200683999999998	16.6928572382576
0.200519333333331	16.7081489080203
0.200354666666665	16.708739850189
0.200189999999998	16.7006592743832
0.200025333333331	16.7231700999298
0.199860666666665	16.786876062833
0.199695999999998	16.8395654058277
0.199531333333331	16.8903906358372
0.199366666666665	16.9354102992055
0.199201999999998	16.9452553835536
0.199037333333331	17.0178348087654
0.198872666666665	17.1565553165752
0.198707999999998	17.2141101014796
0.198543333333331	17.2180453187899
0.198378666666665	17.2688376842732
0.198213999999998	17.3470485330489
0.198049333333331	17.3829169126116
0.197884666666665	17.3740845297018
0.197719999999998	17.3735939257923
0.197555333333331	17.3784896931665
0.197390666666665	17.3810496456321
0.197225999999998	17.4187570597245
0.197061333333331	17.4433418711928
0.196896666666665	17.5168543727068
0.196731999999998	17.594353417036
0.196567333333331	17.6283119524755
0.196402666666665	17.6715889052136
0.196237999999998	17.7312487028606
0.196073333333331	17.7594955143067
0.195908666666665	17.7379516132492
0.195743999999998	17.7335891728591
0.195579333333331	17.7403895971028
0.195414666666665	17.7293767585369
0.195249999999998	17.7562194281421
0.195085333333331	17.7862612321537
0.194920666666665	17.7802603187693
0.194755999999998	17.7843023054528
0.194591333333331	17.7896535123897
0.194426666666665	17.7893158785912
0.194261999999998	17.7969128765532
0.194097333333331	17.7974699455454
0.193932666666665	17.771799665484
0.193767999999998	17.7265040258608
0.193603333333331	17.6941531852134
0.193438666666665	17.6895723066625
0.193273999999998	17.6850245291413
0.193109333333331	17.6886492791306
0.192944666666665	17.6835627640924
0.192779999999998	17.6587139565552
0.192615333333331	17.636651017133
0.192450666666665	17.6263657843623
0.192285999999998	17.6103884489644
0.192121333333331	17.5875199393335
0.191956666666665	17.5673932721
0.191791999999998	17.5388215549896
0.191627333333331	17.5000399708769
0.191462666666665	17.4592269057113
0.191297999999998	17.4519577581865
0.191133333333331	17.4654870912468
0.190968666666665	17.4315369705796
0.190803999999998	17.3830223017198
0.190639333333331	17.3974706960929
0.190474666666665	17.4188987539197
0.190309999999998	17.3619015098671
0.190145333333331	17.3636920830166
0.189980666666665	17.3974064064277
0.189815999999998	17.3937650654433
0.189651333333331	17.3591708282842
0.189486666666665	17.3173328171497
0.189321999999998	17.311817490714
0.189157333333331	17.3485838163219
0.188992666666665	17.3460952918216
0.188827999999998	17.3555380135384
0.188663333333331	17.4070153121745
0.188498666666665	17.4127316734525
0.188333999999998	17.4131847299172
0.188169333333331	17.4695276249229
0.188004666666665	17.5044109922612
0.187839999999998	17.4934966771222
0.187675333333331	17.4771367631424
0.187510666666665	17.4702157272485
0.187345999999998	17.5045668529924
0.187181333333331	17.5562765558528
0.187016666666665	17.5971086274678
0.186851999999998	17.6369636329373
0.186687333333331	17.6696721404868
0.186522666666665	17.6590753842982
0.186357999999998	17.6494990451578
0.186193333333331	17.6684868069516
0.186028666666665	17.7090349753751
0.185863999999998	17.7271165907404
0.185699333333331	17.7314926555493
0.185534666666665	17.7475545617353
0.185369999999998	17.782353466611
0.185205333333331	17.8423839161706
0.185040666666665	17.884963823797
0.184875999999998	17.8950871179508
0.184711333333331	17.8803424219085
0.184546666666665	17.8704429303598
0.184381999999998	17.8788434592996
0.184217333333331	17.8942071832507
0.184052666666665	17.8990486063587
0.183887999999998	17.9126784377072
0.183723333333331	17.9455870542342
0.183558666666665	17.9514397743127
0.183393999999998	17.9605780144988
0.183229333333331	17.9978842865357
0.183064666666665	18.029426865984
0.182899999999998	18.0300228264577
0.182735333333331	18.0250499034044
0.182570666666665	18.021129715614
0.182405999999998	18.0280476772683
0.182241333333331	18.0698269749422
0.182076666666665	18.0885884908463
0.181911999999998	18.069916334736
0.181747333333331	18.0383005595029
0.181582666666665	18.0282248693173
0.181417999999998	18.0643193960415
0.181253333333331	18.0741208186535
0.181088666666665	18.0448644106984
0.180923999999998	18.0277138069161
0.180759333333331	18.0357809802416
0.180594666666665	18.0396433405932
0.180429999999998	18.0223014035758
0.180265333333331	17.9655824536963
0.180100666666665	17.941390955436
0.179935999999998	17.9385471691971
0.179771333333331	17.9008803921451
0.179606666666665	17.9204969282969
0.179441999999998	17.8762049138643
0.179277333333331	17.8326061301105
0.179112666666665	17.8307063997989
0.178947999999998	17.8018179446107
0.178783333333331	17.7159813023912
0.178618666666665	17.651703581446
0.178453999999998	17.5863768425937
0.178289333333331	17.5734814877084
0.178124666666665	17.5465288516802
0.177959999999998	17.5278845209951
0.177795333333331	17.5317480330091
0.177630666666665	17.4788636560108
0.177465999999998	17.4797452279749
0.177301333333331	17.4588437775887
0.177136666666665	17.4437841785893
0.176971999999998	17.3875257833166
0.176807333333331	17.3467444622435
0.176642666666665	17.291815764742
0.176477999999998	17.2581766828308
0.176313333333331	17.2096274988605
0.176148666666665	17.1957016457385
0.175983999999998	17.1940304731979
0.175819333333331	17.2196210746933
0.175654666666665	17.1856259012541
0.175489999999998	17.1702655412431
0.175325333333331	17.1636122137382
0.175160666666665	17.0945309115934
0.174995999999998	16.9931266443235
0.174831333333331	16.919313077659
0.174666666666665	16.8894346979135
0.174501999999998	16.9282106878147
0.174337333333331	16.9040345820059
0.174172666666665	16.8820434462455
0.174007999999998	16.8376989627279
0.173843333333331	16.8236285767342
0.173678666666665	16.8712883532086
0.173513999999998	16.8328794853316
0.173349333333331	16.7645744406511
0.173184666666665	16.6988451310497
0.173019999999998	16.6574735667453
0.172855333333331	16.6855308060483
0.172690666666665	16.6350829386136
0.172525999999998	16.5373450721947
0.172361333333331	16.4574190483914
0.172196666666665	16.5282862534616
0.172031999999998	16.6151525283517
0.171867333333331	16.5709912312205
0.171702666666665	16.5049527723558
0.171537999999998	16.441458366247
0.171373333333331	16.3570748997416
0.171208666666665	16.274667426375
0.171043999999998	16.3054222298507
0.170879333333331	16.2222338171226
0.170714666666665	16.2022632762793
0.170549999999998	16.4245904470606
0.170385333333331	16.490601134438
0.170220666666665	16.4205341617505
0.170055999999998	16.1731509508481
0.169891333333332	15.8584857665675
0.169726666666665	15.7674369508384
0.169561999999998	15.7131287547914
0.169397333333331	15.7027964595085
0.169232666666665	15.9993386936603
0.169067999999998	16.1792050764617
0.168903333333331	16.310854365778
0.168738666666665	16.1937207146485
0.168573999999998	16.0152271527208
0.168409333333331	15.787067713242
0.168244666666665	15.6381231054078
0.168079999999998	15.6197919520528
0.167915333333331	15.6999216441778
0.167750666666665	15.7448133855401
0.167585999999998	15.7139672971406
0.167421333333331	15.6504567471341
0.167256666666665	15.4958533154056
0.167091999999998	15.3753558183132
0.166927333333331	15.3815688827554
0.166762666666665	15.4098470415005
0.166597999999998	15.3977593237924
0.166433333333331	15.3785811292135
0.166268666666665	15.2655039661118
0.166103999999998	15.0865454439759
0.165939333333331	15.0411260319134
0.165774666666665	15.0615769357396
0.165609999999998	14.8830395360175
0.165445333333331	14.9588963033341
0.165280666666665	14.9134726299539
0.165115999999998	14.6946265829759
0.164951333333332	14.4985864728307
0.164786666666665	14.4390109372721
0.164621999999998	14.3448550714255
0.164457333333332	14.4754190639108
0.164292666666665	14.8852849986649
0.164127999999998	14.9773451380254
0.163963333333332	14.7858762507535
0.163798666666665	14.5528696146456
0.163633999999998	14.4332602948457
0.163469333333332	14.393735928006
0.163304666666665	14.4009097401581
0.163139999999998	14.5212296493233
0.162975333333332	14.8702584062591
0.162810666666665	15.0655577485597
0.162645999999998	14.8350963735295
0.162481333333332	14.6932809826782
0.162316666666665	14.8924239390843
0.162151999999998	15.1704722440033
0.161987333333332	15.4090019557923
0.161822666666665	15.5913708273345
0.161657999999998	15.555454874145
0.161493333333332	15.7025451834392
0.161328666666665	15.6949326070999
0.161163999999998	15.603071333038
0.160999333333332	15.6805317800684
0.160834666666665	15.7931254931372
0.160669999999998	15.8509124416448
0.160505333333332	15.8177902670013
0.160340666666665	15.829076616306
0.160175999999998	15.854687224869
0.160011333333332	15.8504542457874
0.159846666666665	15.8246962937811
0.159681999999998	15.6818334330571
0.159517333333332	15.5465365626577
0.159352666666665	15.3039699839851
0.159187999999998	15.163177792935
0.159023333333332	15.1019566000794
0.158858666666665	14.957123002509
0.158693999999998	14.8655173848323
0.158529333333332	14.9488902232715
0.158364666666665	14.9064005530255
0.158199999999998	14.7112304940685
0.158035333333332	14.7994831496934
0.157870666666665	14.9457716473326
0.157705999999998	15.3710125111119
0.157541333333332	15.5917755069416
0.157376666666665	15.6893578505564
0.157211999999998	15.9221689895986
0.157047333333332	16.0125837680126
0.156882666666665	16.2099819871406
0.156717999999998	16.3315731457524
0.156553333333332	16.590654141038
0.156388666666665	16.8284650953835
0.156223999999998	17.0651156913266
0.156059333333332	17.2566514382354
0.155894666666665	17.4601331598073
0.155729999999998	17.5810833513957
0.155565333333332	17.7089842634424
0.155400666666665	17.7681867933748
0.155235999999998	17.8436705940706
0.155071333333332	17.957465299134
0.154906666666665	18.0265415626855
0.154741999999998	18.1002481901574
0.154577333333332	18.1307974184541
0.154412666666665	18.1473863809863
0.154247999999998	18.1782925101557
0.154083333333332	18.1800963002999
0.153918666666665	18.1839987090717
0.153753999999998	18.1669880547812
0.153589333333332	18.1432264838505
0.153424666666665	18.1167813901697
0.153259999999998	18.0603234796973
0.153095333333332	18.0341205587758
0.152930666666665	17.9989869358893
0.152765999999998	17.8984695880255
0.152601333333332	17.8463828879874
0.152436666666665	17.7939602079583
0.152271999999998	17.7220703489141
0.152107333333332	17.6247048779667
0.151942666666665	17.5055440406226
0.151777999999998	17.4502376934689
0.151613333333331	17.3115888896819
0.151448666666665	17.1554470722108
0.151283999999998	17.0445750692619
0.151119333333331	16.8689722347225
0.150954666666665	16.6363132291938
0.150789999999998	16.4300318480538
0.150625333333331	16.3238954673298
0.150460666666665	16.0781696196916
0.150295999999998	15.7309288937766
0.150131333333331	15.3794986766015
0.149966666666665	15.0030407522087
0.149801999999998	14.7485481974506
0.149637333333331	14.5307079622021
0.149472666666665	14.2832632862681
0.149307999999998	14.0498838212163
0.149143333333332	13.4703242656574
0.148978666666665	12.8543203317412
0.148813999999998	12.5198996808103
0.148649333333332	12.1455927173331
0.148484666666665	11.9651684535952
0.148319999999998	11.8132657946364
0.148155333333332	11.9525891769062
0.147990666666665	11.5719412006789
0.147825999999998	11.5117087695017
0.147661333333332	10.8756879772285
0.147496666666665	10.5407471039877
0.147331999999998	10.3300662257094
0.147167333333332	10.1118582501316
0.147002666666665	10.3469075378797
0.146837999999998	10.5686958912622
0.146673333333332	10.1955821404618
0.146508666666665	9.89934526027696
0.146343999999998	9.62814096170004
0.146179333333332	9.60211360086714
0.146014666666665	9.71728023212124
0.145849999999998	10.0536010870326
0.145685333333332	10.2845806501491
0.145520666666665	10.0331800703986
0.145355999999998	9.40419824803526
0.145191333333332	9.05199427026734
0.145026666666665	9.23543086591728
0.144861999999998	9.67787254975514
0.144697333333332	10.5521959680346
0.144532666666665	10.5694454926798
0.144367999999998	10.4024844023475
0.144203333333332	10.0556291125357
0.144038666666665	10.0048538577055
0.143873999999998	10.1053661471633
0.143709333333332	10.3639139255789
0.143544666666665	10.6330419706751
0.143379999999998	10.2857149046865
0.143215333333332	10.5151027436528
0.143050666666665	10.8917294260701
0.142885999999998	10.9789237996123
0.142721333333332	11.0679218605295
0.142556666666665	11.0405585702612
0.142391999999998	11.2952297718695
0.142227333333331	11.1507696618973
0.142062666666665	11.5094552062397
0.141897999999998	11.4745102884603
0.141733333333331	11.2197813003051
0.141568666666665	11.390569770683
0.141403999999998	11.892735722812
0.141239333333331	12.5275041605754
0.141074666666665	12.6260823813933
0.140909999999998	12.5704872208035
0.140745333333332	12.4199778965937
0.140580666666665	12.7025904969623
0.140415999999998	13.1615401441255
0.140251333333332	13.5558345791262
0.140086666666665	13.6171208843883
0.139921999999998	13.617515711662
0.139757333333332	13.8654585568143
0.139592666666665	14.1309687922268
0.139427999999998	14.3267780402171
0.139263333333332	14.4128019473
0.139098666666665	14.4176400399409
0.138933999999998	14.375614953764
0.138769333333332	14.3396122761548
0.138604666666665	14.3335979621591
0.138439999999998	14.3200668326811
0.138275333333332	14.2861479371532
0.138110666666665	14.4149126303558
0.137945999999998	14.453685423056
0.137781333333332	14.4977001126887
0.137616666666665	14.3264755094256
0.137451999999998	14.1515256946142
0.137287333333332	14.193931129776
0.137122666666665	14.3349041631484
0.136957999999998	14.5172854055086
0.136793333333332	14.4360822846236
0.136628666666665	14.3578717058885
0.136463999999998	14.4902467609087
0.136299333333332	14.7462640423359
0.136134666666665	15.0153226368856
0.135969999999998	15.0383329659986
0.135805333333332	15.0098118174653
0.135640666666665	15.1601931720257
0.135475999999998	15.3377989852966
0.135311333333332	15.5254268830837
0.135146666666665	15.7585167490497
0.134981999999998	15.8865555859812
0.134817333333332	16.0228050562046
0.134652666666665	16.1862167388617
0.134487999999998	16.3169178686128
0.134323333333332	16.4455071375322
0.134158666666665	16.6943091111802
0.133993999999998	16.8252349881919
0.133829333333332	16.9240552813554
0.133664666666665	17.0959280351768
0.133499999999998	17.2183719112313
0.133335333333332	17.302648271961
0.133170666666665	17.3859087539864
0.133005999999998	17.4698449167056
0.132841333333332	17.4960242345093
0.132676666666665	17.600618257616
0.132511999999998	17.6360338056341
0.132347333333332	17.6144023044778
0.132182666666665	17.6679456673317
0.132017999999998	17.7007049161398
0.131853333333332	17.7204579882853
0.131688666666665	17.7419788239926
0.131523999999998	17.7061350352053
0.131359333333332	17.7240917575747
0.131194666666665	17.7118779748752
0.131029999999998	17.6408036553532
0.130865333333332	17.598533215986
0.130700666666665	17.4071672588874
0.130535999999998	17.2101387450347
0.130371333333332	17.0493619579482
0.130206666666665	16.9250872938998
0.130041999999998	16.8791661274591
0.129877333333332	16.5117109363158
0.129712666666665	16.0821850818574
0.129547999999998	15.7398229086878
0.129383333333332	15.5153658265838
0.129218666666665	15.4627050710629
0.129053999999998	15.4603222396087
0.128889333333332	15.216987300867
0.128724666666665	14.9695163116582
0.128559999999998	14.5931513327675
0.128395333333332	14.3501363852751
0.128230666666665	14.3970897840654
0.128065999999998	14.2389854839215
0.127901333333332	13.9305751740001
0.127736666666665	13.6029760954976
0.127571999999998	13.527532449902
0.127407333333332	13.7449652377902
0.127242666666665	13.6617099788468
0.127077999999998	13.3484389204102
0.126913333333332	12.9900562746009
0.126748666666665	12.9045031112382
0.126583999999998	13.1461879858425
0.126419333333332	13.4070924532958
0.126254666666665	13.2975751197156
0.126089999999998	13.1509256022104
0.125925333333332	13.024700271924
0.125760666666665	13.1727087464646
0.125595999999998	13.2886836227054
0.125431333333332	13.1333642223882
0.125266666666665	13.0914312637058
0.125101999999998	13.0951283469983
0.124937333333332	13.1971571435738
0.124772666666665	13.3412811655278
0.124607999999998	13.2327897619431
0.124443333333332	13.2196490092857
0.124278666666665	13.1185827290649
0.124113999999998	13.241348976331
0.123949333333332	13.6506435384129
0.123784666666665	13.7320310485336
0.123619999999998	13.6926052258878
0.123455333333332	13.6335313048799
0.123290666666665	13.8338533769516
0.123125999999998	14.0469293967954
0.122961333333332	14.0638649953757
0.122796666666665	14.0836964729697
0.122631999999998	14.2503291928585
0.122467333333332	14.4020189059571
0.122302666666665	14.4320756982199
0.122137999999998	14.4263087812491
0.121973333333332	14.5513077184801
0.121808666666665	14.5869296263687
0.121643999999998	14.6237438928193
0.121479333333332	14.7656019449679
0.121314666666665	14.9893600689303
0.121149999999998	15.0783545407591
0.120985333333332	15.0295491799223
0.120820666666665	15.1402270711559
0.120655999999998	15.3825321608458
0.120491333333332	15.5215172095723
0.120326666666665	15.6177239348238
0.120161999999998	15.7141832778559
0.119997333333332	15.90834031479
0.119832666666665	16.029614595625
0.119667999999998	16.0423077130629
0.119503333333332	16.1469223447628
0.119338666666665	16.3096987066603
0.119173999999998	16.4554698301134
0.119009333333332	16.5400695436433
0.118844666666665	16.663255634641
0.118679999999998	16.7516397740435
0.118515333333332	16.854256641281
0.118350666666665	17.0022838853799
0.118185999999998	17.1205762784204
0.118021333333332	17.2520997130899
0.117856666666665	17.4008796132905
0.117691999999998	17.5242644537231
0.117527333333332	17.5865844175828
0.117362666666665	17.652079431687
0.117197999999999	17.7585495508456
0.117033333333332	17.8547628770672
0.116868666666665	17.887417084115
0.116703999999999	17.9093775321134
0.116539333333332	17.9604972082512
0.116374666666665	17.990184368579
0.116209999999999	17.9658057825638
0.116045333333332	17.9775901976686
0.115880666666665	18.0080981955467
0.115715999999999	17.98361785594
0.115551333333332	17.9106417612727
0.115386666666665	17.8846064964254
0.115221999999999	17.878828746202
0.115057333333332	17.8696739439487
0.114892666666665	17.740036048379
0.114727999999999	17.6399863482961
0.114563333333332	17.5238189940828
0.114398666666665	17.5192090499055
0.114233999999999	17.4523130273389
0.114069333333332	17.3218863252135
0.113904666666665	17.2233156330675
0.113739999999999	17.1614206165301
0.113575333333332	17.1055068171268
0.113410666666665	16.9518777664149
0.113245999999999	16.8468797613357
0.113081333333332	16.820337862304
0.112916666666665	16.8180395109426
0.112751999999999	16.6199194205925
0.112587333333332	16.4396084893784
0.112422666666665	16.414974593307
0.112257999999999	16.399944356517
0.112093333333332	16.2323816561142
0.111928666666665	16.0505134867118
0.111763999999999	15.9761582485664
0.111599333333332	15.9154960195786
0.111434666666665	15.7699171030843
0.111269999999999	15.6043176747715
0.111105333333332	15.6135184221611
0.110940666666665	15.6600760943641
0.110775999999999	15.5889854410861
0.110611333333332	15.4199234852341
0.110446666666665	15.5135144128231
0.110281999999999	15.6813307630594
0.110117333333332	15.6529752733029
0.109952666666665	15.6660600524235
0.109787999999999	15.8092035722534
0.109623333333332	15.8999221388301
0.109458666666665	15.9453342250736
0.109293999999999	16.0727688994152
0.109129333333332	16.1746809563601
0.108964666666665	16.2229325982556
0.108799999999999	16.2432130641553
0.108635333333332	16.2799727184833
0.108470666666665	16.2429652881403
0.108305999999999	16.3186235932178
0.108141333333332	16.353269497875
0.107976666666665	16.2451814386265
0.107811999999999	16.2458578747067
0.107647333333332	16.2425857141915
0.107482666666665	16.2306828493485
0.107317999999999	16.2197152146488
0.107153333333332	16.2752905930957
0.106988666666665	16.1766570065645
0.106823999999999	16.164974672493
0.106659333333332	16.2045492507786
0.106494666666665	16.2391595264897
0.106329999999999	16.2201724291175
0.106165333333332	16.215699502479
0.106000666666666	16.2699491729383
0.105835999999999	16.2687605318171
0.105671333333332	16.2913301146461
0.105506666666665	16.3879175224634
0.105341999999999	16.4535633973606
0.105177333333332	16.4675414562177
0.105012666666665	16.5471114297557
0.104847999999999	16.7283650987735
0.104683333333332	16.785729270356
0.104518666666665	16.8559147049513
0.104353999999999	17.0235129134029
0.104189333333332	17.0968707514416
0.104024666666665	17.1667783500512
0.103859999999999	17.3207481566402
0.103695333333332	17.4408355839894
0.103530666666665	17.4643515946751
0.103365999999999	17.5897111823417
0.103201333333332	17.684225633665
0.103036666666665	17.7489803576356
0.102871999999999	17.764567758334
0.102707333333332	17.7732189538869
0.102542666666665	17.8445081726492
0.102377999999999	17.8286843513809
0.102213333333332	17.8150287272875
0.102048666666665	17.8359930322203
0.101883999999999	17.7680858162362
0.101719333333332	17.6805239050003
0.101554666666666	17.6469063504424
0.101389999999999	17.6221593597642
0.101225333333332	17.4986137054372
0.101060666666666	17.4153791308795
0.100895999999999	17.4235610150335
0.100731333333332	17.4012762472615
0.100566666666666	17.3996087222917
0.100401999999999	17.431120765844
0.100237333333332	17.4506782987623
0.100072666666666	17.4805044594044
0.0999079999999988	17.5555282286006
0.0997433333333322	17.5604033828933
0.0995786666666655	17.5324524510979
0.0994139999999988	17.5933062666452
0.0992493333333322	17.544471742642
0.0990846666666655	17.5429500698666
0.0989199999999988	17.5322395856939
0.0987553333333322	17.5206539143673
0.0985906666666655	17.5688713943299
0.0984259999999988	17.5520208919973
0.0982613333333322	17.5988995688993
0.0980966666666655	17.6500228640213
0.0979319999999989	17.655780118602
0.0977673333333322	17.7271287652821
0.0976026666666655	17.7357190667493
0.0974379999999989	17.7196326883291
0.0972733333333322	17.7253354579705
0.0971086666666655	17.738974619303
0.0969439999999989	17.7062102867957
0.0967793333333322	17.6579159954716
0.0966146666666656	17.6128110451157
0.0964499999999989	17.6049955947942
0.0962853333333322	17.556490289665
0.0961206666666656	17.5161820194707
0.0959559999999989	17.4836999885875
0.0957913333333322	17.4416359555691
0.0956266666666656	17.4186846140276
0.0954619999999989	17.4516106051225
0.0952973333333322	17.387973684979
0.0951326666666656	17.371931157789
0.0949679999999989	17.4643025762888
0.0948033333333322	17.4115541754968
0.0946386666666656	17.3972357725557
0.0944739999999989	17.4833403948875
0.0943093333333322	17.3960802120185
0.0941446666666656	17.4422486408764
0.0939799999999989	17.4906628665298
0.0938153333333323	17.4173772362481
0.0936506666666656	17.4525318356708
0.0934859999999989	17.5061636170993
0.0933213333333323	17.5213508808871
0.0931566666666656	17.5470087188363
0.0929919999999989	17.6383570647665
0.0928273333333323	17.6725344360285
0.0926626666666656	17.7649434327736
0.0924979999999989	17.8387430634777
0.0923333333333323	17.8721998556323
0.0921686666666656	17.9437709649057
0.0920039999999989	18.0095932690535
0.0918393333333323	18.0314250659746
0.0916746666666656	18.0576766593761
0.0915099999999989	18.101129854705
0.0913453333333323	18.0899404506799
0.0911806666666656	18.1243347619023
0.091015999999999	18.1171932394699
0.0908513333333323	18.0900947011054
0.0906866666666656	18.1071696175082
0.090521999999999	18.081843954449
0.0903573333333323	18.054246619105
0.0901926666666657	18.0150859681263
0.090027999999999	17.9596029775208
0.0898633333333323	17.933983223241
0.0896986666666657	17.8644679567086
0.089533999999999	17.8146592698734
0.0893693333333323	17.7809237883477
0.0892046666666657	17.7016875507808
0.089039999999999	17.6640811240855
0.0888753333333323	17.6075023810178
0.0887106666666657	17.5655698659865
0.088545999999999	17.5689920665695
0.0883813333333323	17.4714621135842
0.0882166666666657	17.403681726677
0.088051999999999	17.3642527242154
0.0878873333333324	17.3055682235061
0.0877226666666657	17.2795209422979
0.087557999999999	17.2474147916784
0.0873933333333324	17.2057832051632
0.0872286666666657	17.2725893064331
0.087063999999999	17.1853898645394
0.0868993333333324	17.1803533507374
0.0867346666666657	17.2275930333798
0.0865699999999991	17.2220483526112
0.0864053333333324	17.3355970456196
0.0862406666666657	17.3532096529754
0.0860759999999991	17.4904103888666
0.0859113333333324	17.5621410977209
0.0857466666666657	17.6032951106416
0.0855819999999991	17.703599003603
0.0854173333333324	17.742493001956
0.0852526666666658	17.7933525132377
0.0850879999999991	17.8336806448041
0.0849233333333324	17.9079992080166
0.0847586666666658	17.9658405178342
0.0845939999999991	18.0064422268657
0.0844293333333324	18.0527046501287
0.0842646666666658	18.1045650406625
0.0840999999999991	18.1311311761812
0.0839353333333324	18.1322955025832
0.0837706666666658	18.1318213503232
0.0836059999999991	18.1011001677335
0.0834413333333325	18.0452419762477
0.0832766666666658	17.9586035906579
0.0831119999999991	17.8807049761813
0.0829473333333325	17.7672208874585
0.0827826666666658	17.6608385282682
0.0826179999999991	17.5212441417094
0.0824533333333325	17.4557164493537
0.0822886666666658	17.2978626442488
0.0821239999999992	17.2841924788998
0.0819593333333325	17.1961578463236
0.0817946666666658	17.1752181277016
0.0816299999999991	17.0633402949578
0.0814653333333325	17.0354957799894
0.0813006666666658	16.9561923369443
0.0811359999999992	16.8833894076748
0.0809713333333325	16.8434862848809
0.0808066666666658	16.7901719907155
0.0806419999999991	16.7701438502447
0.0804773333333325	16.7294173653752
0.0803126666666658	16.813938583421
0.0801479999999992	16.7804010631125
0.0799833333333325	16.8512683331205
0.0798186666666658	16.9067148778542
0.0796539999999992	16.9272658979699
0.0794893333333325	17.0014415218405
0.0793246666666658	17.104522482786
0.0791599999999992	17.2097289166673
0.0789953333333325	17.3210714356449
0.0788306666666659	17.4648767891855
0.0786659999999992	17.5977777006731
0.0785013333333325	17.6945179478476
0.0783366666666659	17.8226755928684
0.0781719999999992	17.8945576064197
0.0780073333333325	17.9872248697924
0.0778426666666659	18.0647838138691
0.0776779999999992	18.1293512309755
0.0775133333333325	18.1809914620948
0.0773486666666659	18.2115327403156
0.0771839999999992	18.2152983774686
0.0770193333333325	18.21014670852
0.0768546666666658	18.1692587637648
0.0766899999999992	18.1151822876131
0.0765253333333325	18.0664104169192
0.0763606666666658	17.9521742228714
0.0761959999999992	17.903284009751
0.0760313333333325	17.7707407855945
0.0758666666666659	17.7120253162084
0.0757019999999992	17.5690350402221
0.0755373333333325	17.5034893587037
0.0753726666666659	17.3573875064324
0.0752079999999992	17.2613205293817
0.0750433333333325	17.0896158973717
0.0748786666666659	16.9311151418315
0.0747139999999992	16.7289205715213
0.0745493333333325	16.5390711229379
0.0743846666666659	16.4602164663122
0.0742199999999992	16.2435151246343
0.0740553333333325	16.2235570417196
0.0738906666666659	16.1842506420135
0.0737259999999992	16.1506236721365
0.0735613333333325	16.1575809288938
0.0733966666666658	16.2268172593385
0.0732319999999992	16.3249232696878
0.0730673333333325	16.4496398796123
0.0729026666666659	16.589743225653
0.0727379999999992	16.7832804045436
0.0725733333333326	16.8574156181479
0.0724086666666659	17.0005203763915
0.0722439999999993	17.0844057575654
0.0720793333333326	17.1928253194276
0.0719146666666659	17.3323341162607
0.0717499999999992	17.4399002420361
0.0715853333333326	17.5525542405175
0.0714206666666659	17.6160280380624
0.0712559999999993	17.6841610172479
0.0710913333333326	17.7836628246957
0.0709266666666659	17.8764475303811
0.0707619999999993	18.0025257311326
0.0705973333333326	18.0044813290155
0.070432666666666	17.9898674874778
0.0702679999999993	17.9477351087627
0.0701033333333326	17.80948865711
0.069938666666666	17.7456932520283
0.0697739999999993	17.6435895577542
0.0696093333333326	17.5144477490468
0.0694446666666659	17.3600820330213
0.0692799999999993	17.2492752760831
0.0691153333333326	17.1090550702181
0.0689506666666659	16.9947281225444
0.0687859999999993	16.8784738614614
0.0686213333333326	16.7272190186059
0.068456666666666	16.7018184481538
0.0682919999999993	16.5841906624078
0.0681273333333326	16.5297435394887
0.067962666666666	16.5092725743953
0.0677979999999993	16.6394634366888
0.0676333333333326	16.646494641887
0.067468666666666	16.7528213517882
0.0673039999999993	16.9061116718523
0.0671393333333326	16.9623987851969
0.066974666666666	17.1090475750706
0.0668099999999993	17.2534456816363
0.0666453333333326	17.3824138338236
0.066480666666666	17.5271703115056
0.0663159999999993	17.6830197109391
0.0661513333333326	17.7418090977495
0.065986666666666	17.8518662720027
0.0658219999999993	17.9771058055361
0.0656573333333326	18.0720609427304
0.065492666666666	18.0905044791563
0.0653279999999993	18.1022476312432
0.0651633333333327	18.1019790566894
0.064998666666666	18.0823790390397
0.0648339999999994	18.0620626543537
0.0646693333333327	18.0615433932455
0.064504666666666	18.0342177401729
0.0643399999999994	17.9414412228334
0.0641753333333327	17.8277459186244
0.0640106666666661	17.6846111972355
0.0638459999999994	17.5889374654429
0.0636813333333327	17.5535143851417
0.0635166666666661	17.5868214753411
0.0633519999999994	17.5659565483465
0.0631873333333327	17.556320215812
0.0630226666666661	17.5658543224356
0.0628579999999994	17.6193433503938
0.0626933333333328	17.634335482976
0.0625286666666661	17.6733396723481
0.0623639999999994	17.731235678324
0.0621993333333328	17.8128225347055
0.0620346666666661	17.8748375036172
0.0618699999999994	17.9738148935235
0.0617053333333328	18.0562303285647
0.0615406666666661	18.1307394632681
0.0613759999999994	18.1799205545679
0.0612113333333328	18.2273311411558
0.0610466666666661	18.2426580337248
0.0608819999999995	18.2358840865394
0.0607173333333328	18.2126131210698
0.0605526666666661	18.195332878258
0.0603879999999994	18.1939866301389
0.0602233333333328	18.177589262398
0.0600586666666661	18.1333177888084
0.0598939999999994	18.087484205902
0.0597293333333328	18.0745287459837
0.0595646666666661	18.0768544767838
0.0593999999999995	18.0918985432112
0.0592353333333328	18.0622446372693
0.0590706666666661	18.0417104127675
0.0589059999999995	18.0569482211818
0.0587413333333328	18.0682319123522
0.0585766666666662	18.08113985993
0.0584119999999995	18.0938244985209
0.0582473333333328	18.1179644894826
0.0580826666666662	18.1353124254936
0.0579179999999995	18.1615246456573
0.0577533333333328	18.2150538335655
0.0575886666666662	18.2558512744065
0.0574239999999995	18.2609420847062
0.0572593333333328	18.2234276815073
0.0570946666666662	18.161624801542
0.0569299999999995	18.0939496419346
0.0567653333333329	18.0087948780379
0.0566006666666662	17.9129314781929
0.0564359999999995	17.8150892022927
0.0562713333333329	17.7324803206366
0.0561066666666662	17.7296319731762
0.0559419999999995	17.7374499849179
0.0557773333333329	17.698837056396
0.0556126666666662	17.6942517412273
0.0554479999999995	17.7023759756163
0.0552833333333329	17.7325491641117
0.0551186666666662	17.7858315557535
0.0549539999999995	17.9004204734855
0.0547893333333329	18.0279319160555
0.0546246666666662	18.1575163348274
0.0544599999999996	18.2355288584055
0.0542953333333329	18.2678754161548
0.0541306666666662	18.262604019325
0.0539659999999995	18.2136634091766
0.0538013333333329	18.115088609926
0.0536366666666662	17.9266965599102
0.0534719999999996	17.7164918888517
0.0533073333333329	17.5981625678429
0.0531426666666662	17.5226341908104
0.0529779999999996	17.3610898287385
0.0528133333333329	17.2268497397511
0.0526486666666663	17.225029943786
0.0524839999999996	17.3021519158073
0.0523193333333329	17.4649925507657
0.0521546666666663	17.623609403996
0.0519899999999996	17.7561954992494
0.0518253333333329	17.9058383891178
0.0516606666666663	18.0489018982633
0.0514959999999996	18.1741272132914
0.0513313333333329	18.2541025508933
0.0511666666666663	18.2796052980126
0.0510019999999996	18.236621443741
0.0508373333333329	18.1803976320372
0.0506726666666663	18.0838211446829
0.0505079999999996	17.8864305849588
0.0503433333333329	17.7241716059789
0.0501786666666663	17.6007866005388
0.0500139999999996	17.657003197296
0.049849333333333	17.742668927783
0.0496846666666663	17.7730532413847
0.0495199999999996	17.7756824099812
0.049355333333333	17.791943449471
0.0491906666666663	17.8618734116539
0.0490259999999996	17.9489505131444
0.048861333333333	17.9781877852834
0.0486966666666663	17.986663551003
0.0485319999999996	18.1376357907516
0.048367333333333	18.2617049611918
0.0482026666666663	18.2311360122073
0.0480379999999997	18.1345519285489
0.047873333333333	18.1140517170854
0.0477086666666663	18.098470732519
0.0475439999999997	18.1019882720424
0.047379333333333	18.1657166086896
0.0472146666666664	18.1498763573292
0.0470499999999997	18.1134232161326
0.0468853333333331	18.1372223721164
0.0467206666666664	18.0896622149366
0.0465559999999997	18.0111170300071
0.046391333333333	18.0861989762
0.0462266666666664	18.1203695627639
0.0460619999999997	18.152706280474
0.045897333333333	18.2286590620492
0.0457326666666664	18.2534160854491
0.0455679999999997	18.2361400845317
0.045403333333333	18.2537849554469
0.0452386666666664	18.2683729456196
0.0450739999999997	18.2735730049405
0.044909333333333	18.2599989653227
0.0447446666666664	18.2121282833505
0.0445799999999997	18.256653571915
0.044415333333333	18.2581062901191
0.0442506666666664	18.2068318758572
0.0440859999999997	18.1990452216744
0.043921333333333	18.1907460071916
0.0437566666666664	18.1510657420045
0.0435919999999997	18.1050145102838
0.0434273333333331	18.0605744962966
0.0432626666666664	18.0820072130375
0.0430979999999997	18.1681108223412
0.0429333333333331	18.2323669386334
0.0427686666666664	18.3045220918131
0.0426039999999997	18.2752121910908
0.0424393333333331	18.280800435557
0.0422746666666664	18.2827065893551
0.0421099999999998	18.2682953885356
0.0419453333333331	18.2653073480588
0.0417806666666664	18.2505390493367
0.0416159999999997	18.2373026010606
0.0414513333333331	18.2164964748273
0.0412866666666664	18.2162585843558
0.0411219999999997	18.2287396662388
0.0409573333333331	18.2533468215037
0.0407926666666664	18.2697417358298
0.0406279999999997	18.3093525841902
0.0404633333333331	18.3241809580954
0.0402986666666664	18.3101485321356
0.0401339999999998	18.3257320554389
0.0399693333333331	18.3096677881893
0.0398046666666664	18.3063693491884
0.0396399999999998	18.3236435029495
0.0394753333333331	18.2958171218126
0.0393106666666664	18.2967732361371
0.0391459999999998	18.2635357835275
0.0389813333333331	18.2258116899677
0.0388166666666664	18.2377170630692
0.0386519999999998	18.2339964861605
0.0384873333333331	18.2828059112296
0.0383226666666664	18.2492451294583
0.0381579999999998	18.2725200925682
0.0379933333333331	18.2868246041103
0.0378286666666665	18.2995408168969
0.0376639999999998	18.334380333716
0.0374993333333331	18.2857050665988
0.0373346666666665	18.2619182650292
0.0371699999999998	18.2156707060661
0.0370053333333331	18.195196157021
0.0368406666666665	18.2246033703996
0.0366759999999998	18.2517755120104
0.0365113333333331	18.3145436660928
0.0363466666666665	18.297266983484
0.0361819999999998	18.2730302087608
0.0360173333333332	18.2198368982363
0.0358526666666665	18.2123188004855
0.0356879999999998	18.1699616389424
0.0355233333333332	18.2038187279722
0.0353586666666665	18.2243454158444
0.0351939999999998	18.2238938417264
0.0350293333333332	18.2371751440293
0.0348646666666665	18.2340966607322
0.0346999999999998	18.2372549312873
0.0345353333333332	18.2612490041908
0.0343706666666665	18.2733882010957
0.0342059999999998	18.2770100295142
0.0340413333333332	18.2572215431068
0.0338766666666665	18.2445189560838
0.0337119999999998	18.2642215028926
0.0335473333333332	18.2719330297561
0.0333826666666665	18.3008378911534
0.0332179999999998	18.2890908782647
0.0330533333333332	18.2321227667713
0.0328886666666665	18.223442717653
0.0327239999999999	18.2676601982956
0.0325593333333332	18.2628759023331
0.0323946666666665	18.2227733794289
0.0322299999999998	18.2648183143771
0.0320653333333332	18.2247415349773
0.0319006666666665	18.1944840469035
0.0317359999999998	18.2888183247939
0.0315713333333332	18.3022623402392
0.0314066666666665	18.2767772854202
0.0312419999999999	18.2635482504088
0.0310773333333332	18.2323746823717
0.0309126666666665	18.2535589075017
0.0307479999999999	18.2855031899815
0.0305833333333332	18.2548142879066
0.0304186666666665	18.2543713095707
0.0302539999999999	18.2086973855202
0.0300893333333332	18.2481661952911
0.0299246666666665	18.2222396863801
0.0297599999999999	18.2527684780841
0.0295953333333332	18.2670579571421
0.0294306666666666	18.2644147056406
0.0292659999999999	18.2444749702273
0.0291013333333332	18.2306912200681
0.0289366666666666	18.198271575633
0.0287719999999999	18.277051444228
0.0286073333333332	18.3082803212819
0.0284426666666666	18.2323624134373
0.0282779999999999	18.2019125135625
0.0281133333333332	18.2133673314158
0.0279486666666666	18.3027594808665
0.0277839999999999	18.2987093122647
0.0276193333333332	18.2515729473612
0.0274546666666666	18.1960180435655
0.0272899999999999	18.2306601174647
0.0271253333333332	18.3160468088163
0.0269606666666666	18.3083350861921
0.0267959999999999	18.2865232301201
0.0266313333333332	18.2925267754457
0.0264666666666666	18.3123749456436
0.0263019999999999	18.321264012437
0.0261373333333333	18.3360746297214
0.0259726666666666	18.2898620691314
0.0258079999999999	18.2940660383426
0.0256433333333333	18.3324240430873
0.0254786666666666	18.3295212261678
0.0253139999999999	18.2903176863052
0.0251493333333333	18.2591434557017
0.0249846666666666	18.3058952422587
0.0248199999999999	18.3332681139504
0.0246553333333333	18.2779323898192
0.0244906666666666	18.2530104363506
0.0243259999999999	18.2993716979527
0.0241613333333333	18.3351165496747
0.0239966666666666	18.2758962472273
0.0238319999999999	18.2210748948337
0.0236673333333333	18.3120876458757
0.0235026666666666	18.297621703664
0.023338	18.2746018827313
0.0231733333333333	18.2922447300225
0.0230086666666666	18.3263822146087
0.022844	18.3366578282707
0.0226793333333333	18.3397041185214
0.0225146666666666	18.318471325421
0.02235	18.3055718661002
0.0221853333333333	18.2972917187614
0.0220206666666666	18.3216048248405
0.021856	18.3164262864495
0.0216913333333333	18.2510712781516
0.0215266666666666	18.2904423713123
0.021362	18.3321746581636
0.0211973333333333	18.2793856462046
0.0210326666666667	18.3062303240381
0.020868	18.3427738265113
0.0207033333333333	18.3228995739238
0.0205386666666667	18.303720409369
0.020374	18.3144162275455
0.0202093333333333	18.335834255326
0.0200446666666667	18.3329789550347
0.01988	18.3166265706034
0.0197153333333333	18.3353058546708
0.0195506666666667	18.3054750255354
0.019386	18.3149034274878
0.0192213333333333	18.3442355308445
0.0190566666666667	18.3219435984712
0.018892	18.3063504577996
0.0187273333333333	18.3258290690252
0.0185626666666667	18.3418336415838
0.018398	18.3220833877457
0.0182333333333333	18.3377098211445
0.0180686666666667	18.30104228372
0.017904	18.3130056664807
0.0177393333333333	18.2995859252685
0.0175746666666667	18.2810197981335
0.01741	18.3172134871259
0.0172453333333333	18.3183090466893
0.0170806666666667	18.3221723525844
0.016916	18.3236489258412
0.0167513333333333	18.3146411009446
0.0165866666666667	18.3207542260397
0.016422	18.2924074222982
0.0162573333333333	18.2685921513141
0.0160926666666667	18.3230314045687
0.015928	18.2704531051663
0.0157633333333333	18.3073739388951
0.0155986666666667	18.3244131376947
0.015434	18.3194663236123
0.0152693333333333	18.3424976063737
0.0151046666666667	18.3261273605336
0.01494	18.2834847105141
0.0147753333333333	18.3356689654073
0.0146106666666667	18.3478970148657
0.014446	18.3329326677186
0.0142813333333333	18.3531833161103
0.0141166666666667	18.3426214816509
0.013952	18.3356257023062
0.0137873333333333	18.3411171737216
0.0136226666666667	18.340279004688
0.013458	18.3443742693204
0.0132933333333333	18.3512955348863
0.0131286666666667	18.338573370286
0.012964	18.3282231347393
0.0127993333333333	18.347930100934
0.0126346666666667	18.3497561811309
0.01247	18.3466831631285
0.0123053333333333	18.3510067127467
0.0121406666666667	18.3507106319925
0.011976	18.3541711297901
0.0118113333333333	18.3446664445161
0.0116466666666667	18.3263825130543
0.011482	18.3514955113963
0.0113173333333333	18.335251215267
0.0111526666666667	18.3250723659499
0.010988	18.337838460164
0.0108233333333333	18.3455855694196
0.0106586666666667	18.327075511459
0.010494	18.3414229604271
0.0103293333333333	18.3342315665035
0.0101646666666667	18.3406256074908
0.01	18.3451653766649
