2.5004980000002	3.18714695286442
2.5000000000002	3.18500194641667
2.4995020000002	3.18085266804632
2.4990040000002	3.17464474418211
2.4985060000002	3.16636232480347
2.4980080000002	3.15602765472741
2.4975100000002	3.14369953982827
2.4970120000002	3.12947084348161
2.4965140000002	3.11346515934614
2.4960160000002	3.0958328097554
2.4955180000002	3.07674631997028
2.4950200000002	3.05639552069747
2.4945220000002	3.03498243521347
2.4940240000002	3.01271611147599
2.4935260000002	2.989807560807
2.4930280000002	2.96646496002158
2.4925300000002	2.94288926115381
2.4920320000002	2.91927033159669
2.4915340000002	2.89578371858659
2.4910360000002	2.87258809792441
2.4905380000002	2.84982343078796
2.4900400000002	2.82760981774733
2.4895420000002	2.8060470085076
2.4890440000002	2.78521450152985
2.4885460000002	2.76517215062363
2.4880480000002	2.74596118603575
2.4875500000002	2.72760555488455
2.4870520000002	2.71011348889356
2.4865540000002	2.69347921486367
2.4860560000002	2.67768473373558
2.4855580000002	2.66270160607945
2.4850600000002	2.64849269427042
2.4845620000002	2.63501382358126
2.4840640000002	2.62221533533553
2.4835660000002	2.61004351474538
2.4830680000002	2.5984418839396
2.4825700000002	2.58735235695984
2.4820720000002	2.57671625826411
2.4815740000002	2.5664752096973
2.4810760000002	2.55657189317018
2.4805780000002	2.5469506976478
2.4800800000002	2.53755825969065
2.4795820000002	2.5283439069065
2.4790840000002	2.5192600134188
2.4785860000002	2.51026227597401
2.4780880000002	2.50130991870098
2.4775900000002	2.49236583388227
2.4770920000002	2.48339666545547
2.4765940000002	2.47437284137196
2.4760960000002	2.46526856041952
2.4755980000002	2.4560617386758
2.4751000000002	2.44673392039561
2.4746020000002	2.43727015784363
2.4741040000002	2.42765886434759
2.4736060000002	2.4178916446544
2.4731080000002	2.40796310650566
2.4726100000002	2.39787065719495
2.4721120000002	2.38761428871643
2.4716140000002	2.37719635494928
2.4711160000002	2.36662134414137
2.4706180000002	2.35589564975054
2.4701200000002	2.34502734247443
2.4696220000002	2.33402594604755
2.4691240000002	2.32290221911322
2.4686260000002	2.31166794518955
2.4681280000002	2.30033573245217
2.4676300000002	2.28891882475313
2.4671320000002	2.27743092499738
2.4666340000002	2.26588603170683
2.4661360000002	2.25429828932501
2.4656380000002	2.24268185255825
2.4651400000002	2.23105076481312
2.4646420000002	2.21941885058062
2.4641440000002	2.20779962143483
2.4636460000002	2.19620619515911
2.4631480000002	2.18465122738575
2.4626500000002	2.17314685503614
2.4621520000002	2.16170465077357
2.4616540000002	2.15033558763039
2.4611560000002	2.13905001294258
2.4606580000002	2.12785763071356
2.4601600000002	2.11676749153539
2.4596620000002	2.10578798921442
2.4591640000002	2.09492686327963
2.4586660000002	2.0841912065898
2.4581680000002	2.07358747730285
2.4576700000002	2.06312151451951
2.4571720000002	2.05279855696765
2.4566740000002	2.04262326414736
2.4561760000002	2.03259973941206
2.4556780000002	2.02273155451401
2.45518000000019	2.01302177519509
2.4546820000002	2.0034729874534
2.4541840000002	1.99408732416244
2.45368600000019	1.98486649176429
2.45318800000019	1.9758117967981
2.45269000000019	1.96692417206236
2.45219200000019	1.95820420224326
2.45169400000019	1.94965214887165
2.45119600000019	1.94126797449838
2.45069800000019	1.93305136600171
2.45020000000019	1.92500175696181
2.44970200000019	1.91711834905599
2.4492040000002	1.90940013244399
2.4487060000002	1.90184590512676
2.4482080000002	1.89445429127397
2.4477100000002	1.88722375852492
2.4472120000002	1.88015263427607
2.4467140000002	1.87323912097538
2.4462160000002	1.86648131044841
2.4457180000002	1.85987719728624
2.4452200000002	1.85342469132797
2.4447220000002	1.84712162927334
2.4442240000002	1.84096578546282
2.4437260000002	1.83495488186309
2.4432280000002	1.82908659729723
2.4427300000002	1.82335857595801
2.44223200000019	1.81776843524362
2.44173400000019	1.81231377295331
2.44123600000019	1.80699217388085
2.44073800000019	1.80180121584163
2.44024000000019	1.79673847516899
2.43974200000019	1.79180153171326
2.43924400000019	1.78698797337642
2.43874600000019	1.78229540021321
2.43824800000019	1.77772142812843
2.43775000000019	1.77326369219893
2.43725200000019	1.76891984964651
2.43675400000019	1.76468758248764
2.43625600000019	1.7605645998836
2.43575800000019	1.75654864021359
2.43526000000019	1.75263747289215
2.43476200000019	1.74882889995077
2.43426400000019	1.74512075740224
2.43376600000019	1.74151091640548
2.43326800000019	1.73799728424689
2.43277000000019	1.73457780515387
2.43227200000019	1.73125046095428
2.43177400000019	1.72801327159562
2.43127600000019	1.72486429553588
2.4307780000002	1.72180163001767
2.4302800000002	1.71882341123644
2.4297820000002	1.71592781441233
2.4292840000002	1.71311305377524
2.4287860000002	1.7103773824711
2.42828800000019	1.70771909239774
2.42779000000019	1.70513651397714
2.42729200000019	1.70262801587097
2.42679400000019	1.70019200464553
2.42629600000019	1.69782692439188
2.42579800000019	1.6955312563062
2.42530000000019	1.69330351823532
2.42480200000019	1.69114226419186
2.42430400000019	1.68904608384291
2.42380600000019	1.68701360197605
2.42330800000019	1.68504347794612
2.42281000000019	1.68313440510582
2.42231200000019	1.68128511022291
2.42181400000019	1.67949435288676
2.42131600000019	1.67776092490639
2.42081800000019	1.67608364970241
2.42032000000019	1.67446138169449
2.41982200000019	1.67289300568641
2.41932400000019	1.67137743625004
2.41882600000019	1.6699136171099
2.41832800000019	1.66850052052939
2.41783000000019	1.6671371467
2.41733200000019	1.66582252313449
2.41683400000019	1.66455570406491
2.41633600000019	1.66333576984635
2.41583800000019	1.66216182636716
2.41534000000019	1.66103300446621
2.41484200000019	1.6599484593578
2.41434400000019	1.65890737006471
2.41384600000019	1.6579089388598
2.41334800000019	1.65695239071656
2.41285000000019	1.65603697276884
2.41235200000019	1.6551619537801
2.41185400000019	1.65432662362234
2.41135600000019	1.65353029276495
2.41085800000019	1.65277229177346
2.41036000000019	1.65205197081853
2.40986200000019	1.651368699195
2.40936400000019	1.65072186485119
2.40886600000019	1.65011087392846
2.40836800000019	1.64953515031096
2.40787000000019	1.64899413518558
2.40737200000019	1.64848728661207
2.40687400000019	1.64801407910322
2.40637600000019	1.64757400321513
2.40587800000019	1.64716656514736
2.40538000000019	1.64679128635289
2.40488200000019	1.64644770315794
2.40438400000019	1.64613536639125
2.40388600000019	1.64585384102302
2.40338800000019	1.64560270581308
2.40289000000019	1.64538155296842
2.40239200000019	1.6451899878098
2.40189400000019	1.64502762844725
2.40139600000019	1.64489410546456
2.40089800000019	1.64478906161232
2.40040000000019	1.64471215150959
2.39990200000019	1.64466304135394
2.39940400000019	1.6446414086398
2.39890600000019	1.64464694188486
2.39840800000019	1.6446793403645
2.39791000000019	1.64473831385405
2.39741200000019	1.64482358237875
2.39691400000019	1.64493487597123
2.39641600000019	1.64507193443646
2.39591800000019	1.64523450712399
2.39542000000019	1.64542235270727
2.39492200000019	1.64563523897011
2.39442400000019	1.64587294259992
2.39392600000019	1.64613524898783
2.39342800000019	1.64642195203535
2.39293000000019	1.64673285396764
2.39243200000019	1.64706776515317
2.39193400000019	1.64742650392962
2.39143600000019	1.64780889643604
2.39093800000019	1.64821477645101
2.39044000000019	1.64864398523682
2.38994200000019	1.64909637138943
2.38944400000019	1.64957179069425
2.38894600000019	1.65007010598755
2.38844800000019	1.65059118702337
2.38795000000019	1.65113491034595
2.38745200000019	1.65170115916744
2.38695400000019	1.65228982325097
2.38645600000019	1.65290079879874
2.38595800000019	1.65353398834534
2.38546000000019	1.65418930065594
2.38496200000019	1.6548666506294
2.38446400000019	1.65556595920623
2.38396600000019	1.6562871532812
2.38346800000019	1.65703016562061
2.38297000000019	1.65779493478407
2.38247200000019	1.65858140505079
2.38197400000019	1.65938952635016
2.38147600000019	1.66021925419662
2.38097800000019	1.66107054962875
2.38048000000019	1.66194337915237
2.37998200000019	1.66283771468773
2.37948400000019	1.66375353352049
2.37898600000019	1.66469081825659
2.37848800000019	1.66564955678078
2.37799000000019	1.66662974221871
2.37749200000019	1.66763137290262
2.37699400000019	1.66865445234025
2.37649600000019	1.66969898918714
2.37599800000019	1.67076499722202
2.37550000000019	1.67185249532521
2.37500200000019	1.67296150745991
2.37450400000019	1.67409206265628
2.37400600000019	1.675244194998
2.37350800000019	1.67641794361145
2.37301000000019	1.67761335265706
2.37251200000019	1.67883047132279
2.37201400000019	1.6800693538196
2.37151600000019	1.68133005937863
2.37101800000019	1.68261265224998
2.37052000000019	1.68391720170276
2.37002200000019	1.68524378202629
2.36952400000019	1.68659247253224
2.36902600000019	1.68796335755725
2.36852800000019	1.68935652646604
2.36803000000019	1.69077207365449
2.36753200000019	1.69221009855253
2.36703400000019	1.69367070562646
2.36653600000019	1.69515400438034
2.36603800000019	1.69666010935608
2.36554000000019	1.69818914013193
2.36504200000019	1.69974122131882
2.36454400000019	1.70131648255416
2.36404600000019	1.70291505849269
2.36354800000019	1.70453708879374
2.36305000000019	1.70618271810451
2.36255200000019	1.70785209603863
2.36205400000019	1.70954537714961
2.36155600000019	1.71126272089823
2.36105800000019	1.71300429161352
2.36056000000019	1.71477025844623
2.36006200000019	1.71656079531436
2.35956400000019	1.71837608083952
2.35906600000019	1.72021629827361
2.35856800000019	1.72208163541455
2.35807000000019	1.72397228451021
2.35757200000019	1.72588844214935
2.35707400000019	1.7278303091385
2.35657600000019	1.72979809036346
2.35607800000019	1.73179199463406
2.35558000000019	1.73381223451093
2.35508200000019	1.73585902611255
2.35458400000019	1.73793258890111
2.35408600000019	1.74003314544544
2.35358800000019	1.74216092115906
2.35309000000019	1.74431614401157
2.35259200000019	1.74649904421106
2.35209400000019	1.74870985385555
2.35159600000019	1.75094880655074
2.35109800000019	1.75321613699186
2.35060000000019	1.75551208050656
2.35010200000019	1.75783687255614
2.34960400000019	1.76019074819185
2.34910600000019	1.76257394146298
2.34860800000019	1.76498668477306
2.34811000000019	1.76742920818045
2.34761200000019	1.76990173863909
2.34711400000019	1.77240449917505
2.34661600000019	1.77493770799419
2.34611800000019	1.77750157751581
2.34562000000019	1.78009631332689
2.34512200000019	1.7827221130511
2.34462400000018	1.78537916512635
2.34412600000018	1.78806764748417
2.34362800000018	1.79078772612371
2.34313000000018	1.79353955357276
2.34263200000018	1.79632326722729
2.34213400000018	1.79913898756083
2.34163600000018	1.80198681619397
2.34113800000018	1.80486683381376
2.34064000000018	1.80777909793198
2.34014200000018	1.81072364047026
2.33964400000018	1.81370046515943
2.33914600000018	1.81670954473917
2.33864800000018	1.81975081794329
2.33815000000018	1.82282418625453
2.33765200000018	1.82592951041184
2.33715400000018	1.82906660665157
2.33665600000018	1.83223524266272
2.33615800000018	1.83543513323472
2.33566000000018	1.83866593557475
2.33516200000018	1.84192724426966
2.33466400000018	1.84521858586574
2.33416600000018	1.84853941303759
2.33366800000018	1.85188909831499
2.33317000000018	1.85526692733456
2.33267200000018	1.85867209158018
2.33217400000018	1.86210368057388
2.33167600000018	1.86556067347569
2.33117800000018	1.86904193004816
2.33068000000018	1.87254618093813
2.33018200000018	1.87607201722476
2.32968400000018	1.87961787917966
2.32918600000018	1.88318204418122
2.32868800000018	1.88676261372137
2.32819000000018	1.89035749943958
2.32769200000018	1.89396440811476
2.32719400000018	1.89758082554218
2.32669600000018	1.90120399921866
2.32619800000018	1.90483091975614
2.32570000000018	1.90845830094034
2.32520200000018	1.91208255834882
2.32470400000018	1.9156997864409
2.32420600000018	1.91930573403095
2.32370800000018	1.92289577805702
2.32321000000018	1.92646489555871
2.32271200000018	1.9300076337826
2.32221400000018	1.93351807834032
2.32171600000018	1.93698981935451
2.32121800000018	1.94041591554271
2.32072000000018	1.9437888562086
2.32022200000018	1.94710052113624
2.31972400000018	1.95034213841656
2.31922600000018	1.95350424027884
2.31872800000018	1.95657661705409
2.31823000000018	1.95954826946537
2.31773200000018	1.96240735952438
2.31723400000018	1.96514116041662
2.31673600000018	1.96773600588312
2.31623800000018	1.97017723975852
2.31574000000018	1.9724491665072
2.31524200000018	1.9745350038158
2.31474400000018	1.97641683855665
2.31424600000018	1.97807558773683
2.31374800000018	1.97949096639668
2.31325000000018	1.98064146482361
2.31275200000018	1.98150433790555
2.31225400000018	1.982055609964
2.31175600000018	1.98227009898032
2.31125800000018	1.98212146475357
2.31076000000018	1.98158228619736
2.31026200000018	1.98062417367782
2.30976400000018	1.97921792299262
2.30926600000018	1.97733371825349
2.30876800000018	1.97494139151486
2.30827000000018	1.97201074742082
2.30777200000018	1.96851196133938
2.30727400000018	1.96441605931058
2.30677600000018	1.95969548752922
2.30627800000018	1.95432477786802
2.30578000000018	1.94828131396313
2.30528200000018	1.94154619946497
2.30478400000018	1.93410522604231
2.30428600000018	1.92594993348457
2.30378800000018	1.9170787476947
2.30329000000018	1.90749817451033
2.30279200000018	1.89722401826307
2.30229400000018	1.88628258408285
2.30179600000018	1.87471181267415
2.30129800000018	1.86256228636299
2.30080000000018	1.8498980366064
2.30030200000018	1.83679707704724
2.29980400000018	1.82335158391668
2.29930600000018	1.80966764849484
2.29880800000018	1.79586453566125
2.29831000000018	1.78207339918852
2.29781200000018	1.76843542865124
2.29731400000018	1.75509943413602
2.29681600000018	1.74221891185558
2.29631800000018	1.72994867374269
2.29582000000018	1.7184411636175
2.29532200000018	1.70784261737398
2.29482400000018	1.69828925039971
2.29432600000018	1.68990366812859
2.29382800000018	1.68279169235468
2.29333000000018	1.67703977559913
2.29283200000018	1.67271313948722
2.29233400000018	1.66985472405543
2.29183600000018	1.66848497832523
2.29133800000018	1.66860246460085
2.29084000000018	1.67018519612273
2.29034200000018	1.67319258534722
2.28984400000018	1.67756785189419
2.28934600000018	1.68324072658859
2.28884800000018	1.69013029033377
2.28835000000018	1.6981478013473
2.28785200000018	1.70719938800743
2.28735400000018	1.71718851326688
2.28685600000018	1.72801814660192
2.28635800000018	1.73959260779089
2.28586000000018	1.7518190713779
2.28536200000018	1.76460874032879
2.28486400000018	1.77787771178934
2.28436600000018	1.79154756727665
2.28386800000018	1.80554572473164
2.28337000000018	1.81980559147988
2.28287200000018	1.8342665561804
2.28237400000018	1.84887385510861
2.28187600000018	1.86357834432365
2.28137800000018	1.87833620496783
2.28088000000018	1.89310860454707
2.28038200000018	1.90786133282931
2.27988400000018	1.92256442714865
2.27938600000018	1.93719179850921
2.27888800000018	1.95172086697939
2.27839000000018	1.96613221244454
2.27789200000018	1.98040924481391
2.27739400000018	1.99453789620551
2.27689600000018	2.00850633640965
2.27639800000018	2.02230471200285
2.27590000000018	2.03592490879719
2.27540200000018	2.04936033682277
2.27490400000018	2.06260573670757
2.27440600000018	2.07565700611097
2.27390800000018	2.08851104475062
2.27341000000018	2.10116561651817
2.27291200000018	2.11361922718476
2.27241400000018	2.12587101624075
2.27191600000018	2.13792066148128
2.27141800000018	2.14976829503255
2.27092000000018	2.16141442960597
2.27042200000018	2.17285989386337
2.26992400000018	2.18410577587262
2.26942600000018	2.19515337372678
2.26892800000018	2.20600415248975
2.26843000000018	2.21665970671564
2.26793200000018	2.22712172786755
2.26743400000018	2.23739197603403
2.26693600000018	2.24747225540748
2.26643800000018	2.25736439304867
2.26594000000018	2.26707022051594
2.26544200000018	2.27659155798665
2.26494400000018	2.28593020054154
2.26444600000018	2.29508790632209
2.26394800000018	2.30406638630572
2.26345000000018	2.31286729547406
2.26295200000018	2.32149222517703
2.26245400000017	2.32994269651968
2.26195600000018	2.33822015461968
2.26145800000018	2.34632596360234
2.26096000000018	2.35426140221631
2.26046200000017	2.36202765996771
2.25996400000017	2.36962583368291
2.25946600000017	2.37705692442159
2.25896800000017	2.38432183467101
2.25847000000017	2.39142136576122
2.25797200000017	2.39835621544823
2.25747400000017	2.4051269756186
2.25697600000017	2.41173413007455
2.25647800000017	2.41817805236352
2.25598000000017	2.42445900362064
2.25548200000017	2.43057713039587
2.25498400000017	2.43653246244118
2.25448600000017	2.44232491043582
2.25398800000017	2.44795426363011
2.25349000000017	2.45342018739069
2.25299200000017	2.45872222063167
2.25249400000017	2.46385977311828
2.25199600000017	2.46883212263101
2.25149800000017	2.47363841197964
2.25100000000017	2.47827764585819
2.25050200000017	2.48274868753301
2.25000400000017	2.48705025535756
2.24950600000017	2.49118091910911
2.24900800000017	2.49513909614379
2.24851000000017	2.4989230473682
2.24801200000017	2.50253087302764
2.24751400000017	2.5059605083128
2.24701600000017	2.50920971878943
2.24651800000017	2.5122760956578
2.24602000000017	2.51515705085198
2.24552200000017	2.5178498119925
2.24502400000017	2.52035141720998
2.24452600000017	2.52265870986209
2.24402800000017	2.5247683331717
2.24353000000017	2.52667672482055
2.24303200000017	2.52838011153997
2.24253400000017	2.52987450374898
2.24203600000017	2.5311556902997
2.24153800000017	2.53221923340178
2.24104000000017	2.53306046381
2.24054200000017	2.5336744763749
2.24004400000017	2.53405612607288
2.23954600000017	2.53420002465206
2.23904800000017	2.53410053805235
2.23855000000017	2.53375178478338
2.23805200000017	2.53314763547231
2.23755400000017	2.53228171382588
2.23705600000017	2.53114739928643
2.23655800000017	2.52973783170195
2.23606000000017	2.52804591837435
2.23556200000017	2.52606434389843
2.23506400000017	2.52378558325775
2.23456600000017	2.52120191870011
2.23406800000017	2.51830546097725
2.23357000000017	2.51508817559737
2.23307200000017	2.51154191480579
2.23257400000017	2.50765845607636
2.23207600000017	2.50342954796166
2.23157800000017	2.49884696421104
2.23108000000017	2.49390256711834
2.23058200000017	2.48858838109951
2.23008400000017	2.48289667751961
2.22958600000017	2.47682007177893
2.22908800000017	2.47035163362083
2.22859000000017	2.4634850115271
2.22809200000017	2.4562145719062
2.22759400000017	2.4485355535413
2.22709600000017	2.44044423743055
2.22659800000017	2.43193813170427
2.22610000000017	2.42301617072561
2.22560200000017	2.413678926756
2.22510400000017	2.40392883168439
2.22460600000017	2.39377040527477
2.22410800000017	2.38321048518756
2.22361000000017	2.37225845270085
2.22311200000017	2.36092644664214
2.22261400000017	2.34922955661264
2.22211600000017	2.33718598525032
2.22161800000017	2.3248171681756
2.22112000000017	2.312147839575
2.22062200000017	2.29920603131421
2.22012400000017	2.2860229942695
2.21962600000017	2.27263303246152
2.21912800000017	2.25907324378243
2.21863000000017	2.24538316577258
2.21813200000017	2.23160433106587
2.21763400000017	2.2177797446608
2.21713600000017	2.20395330376564
2.21663800000017	2.19016919006088
2.21614000000017	2.17647127304194
2.21564200000017	2.16290257068659
2.21514400000017	2.14950481896696
2.21464600000017	2.13631820364658
2.21414800000017	2.12338130549523
2.21365000000017	2.11073130297306
2.21315200000017	2.09840446448607
2.21265400000017	2.08643694592999
2.21215600000017	2.07486588933303
2.21165800000017	2.06373079626902
2.21116000000017	2.05307512677075
2.21066200000017	2.04294805204189
2.21016400000017	2.0334062682628
2.20966600000017	2.02451575955438
2.20916800000017	2.01635338042916
2.20867000000017	2.00900811113832
2.20817200000017	2.00258182263289
2.20767400000017	1.99718937175732
2.20717600000017	1.99295783421319
2.20667800000017	1.99002467847548
2.20618000000017	1.98853469800328
2.20568200000017	1.98863556532554
2.20518400000017	1.99047196482726
2.20468600000017	1.99417841238666
2.20418800000017	1.99987107878585
2.20369000000017	2.00763917925628
2.20319200000017	2.01753672788782
2.20269400000017	2.02957561641575
2.20219600000017	2.04372099150992
2.20169800000017	2.0598897253414
2.20120000000017	2.07795240294933
2.20070200000017	2.0977387511214
2.20020400000017	2.11904592075013
2.19970600000017	2.14164863387851
2.19920800000017	2.16531001112218
2.19871000000017	2.189791933775
2.19821200000017	2.21486402849969
2.19771400000017	2.24031070657616
2.19721600000017	2.26593604950011
2.19671800000017	2.29156663369852
2.19622000000017	2.31705258985522
2.19572200000017	2.34226729171537
2.19522400000017	2.36710608357946
2.19472600000017	2.39148441340639
2.19422800000017	2.41533566746147
2.19373000000017	2.43860892439954
2.19323200000017	2.46126677521216
2.19273400000017	2.48328329722411
2.19223600000017	2.50464222693372
2.19173800000017	2.52533534666918
2.19124000000017	2.54536108119721
2.19074200000017	2.56472328972604
2.19024400000017	2.58343023364973
2.18974600000017	2.6014936988664
2.18924800000017	2.61892825209212
2.18875000000017	2.63575061227907
2.18825200000017	2.65197912039111
2.18775400000017	2.66763329300836
2.18725600000017	2.68273344732298
2.18675800000017	2.69730038695563
2.18626000000017	2.7113551396374
2.18576200000017	2.72491873917459
2.18526400000017	2.73801204526606
2.18476600000017	2.75065559570762
2.18426800000017	2.76286948632379
2.18377000000017	2.77467327464273
2.18327200000017	2.7860859038979
2.18277400000017	2.79712564442075
2.18227600000017	2.80781004989555
2.18177800000017	2.81815592629647
2.18128000000017	2.8281793116242
2.18078200000017	2.83789546481599
2.18028400000017	2.84731886242346
2.17978600000017	2.85646320184246
2.17928800000017	2.86534141004386
2.17879000000017	2.87396565689544
2.17829200000016	2.8823473722875
2.17779400000016	2.8904972663801
2.17729600000016	2.89842535238083
2.17679800000016	2.90614097134011
2.17630000000016	2.91365281851851
2.17580200000017	2.92096897093865
2.17530400000016	2.92809691578423
2.17480600000016	2.93504357935187
2.17430800000016	2.94181535629922
2.17381000000016	2.94841813896476
2.17331200000016	2.95485734656354
2.17281400000016	2.96113795408765
2.17231600000016	2.9672645207626
2.17181800000016	2.97324121792983
2.17132000000016	2.97907185624352
2.17082200000016	2.98475991208553
2.17032400000016	2.99030855311658
2.16982600000016	2.99572066289518
2.16932800000016	3.00099886450761
2.16883000000016	3.00614554316385
2.16833200000016	3.01116286772431
2.16783400000016	3.01605281113212
2.16733600000016	3.02081716973439
2.16683800000016	3.02545758148454
2.16634000000016	3.02997554302472
2.16584200000016	3.03437242565512
2.16534400000016	3.03864949020256
2.16484600000016	3.04280790080724
2.16434800000016	3.04684873765111
2.16385000000016	3.05077300865617
2.16335200000016	3.05458166018506
2.16285400000016	3.05827558677955
2.16235600000016	3.06185563997552
2.16185800000016	3.06532263623533
2.16136000000016	3.06867736404044
2.16086200000016	3.07192059018824
2.16036400000016	3.07505306533821
2.15986600000016	3.07807552885299
2.15936800000016	3.08098871297975
2.15887000000016	3.08379334641744
2.15837200000016	3.0864901573146
2.15787400000016	3.08907987574165
2.15737600000016	3.09156323568048
2.15687800000016	3.09394097657284
2.15638000000016	3.09621384446767
2.15588200000016	3.09838259280555
2.15538400000016	3.10044798287693
2.15488600000016	3.10241078398917
2.15438800000016	3.1042717733748
2.15389000000016	3.10603173587236
2.15339200000016	3.10769146340855
2.15289400000016	3.10925175430872
2.15239600000016	3.11071341246087
2.15189800000016	3.11207724635622
2.15140000000016	3.11334406802784
2.15090200000016	3.11451469190669
2.15040400000016	3.11558993361297
2.14990600000016	3.11657060869903
2.14940800000016	3.11745753135829
2.14891000000016	3.11825151311335
2.14841200000016	3.11895336149507
2.14791400000016	3.11956387872289
2.14741600000016	3.12008386039576
2.14691800000016	3.1205140942015
2.14642000000016	3.12085535865188
2.14592200000016	3.12110842184917
2.14542400000016	3.12127404028958
2.14492600000016	3.12135295770776
2.14442800000016	3.12134590396609
2.14393000000016	3.12125359399173
2.14343200000016	3.12107672676372
2.14293400000016	3.12081598435212
2.14243600000016	3.12047203101047
2.14193800000016	3.1200455123226
2.14144000000016	3.1195370544044
2.14094200000016	3.11894726316082
2.14044400000016	3.11827672359822
2.13994600000016	3.11752599919178
2.13944800000016	3.11669563130761
2.13895000000016	3.11578613867916
2.13845200000016	3.11479801693698
2.13795400000016	3.11373173819139
2.13745600000016	3.11258775066696
2.13695800000016	3.11136647838806
2.13646000000016	3.11006832091447
2.13596200000016	3.10869365312616
2.13546400000016	3.10724282505625
2.13496600000016	3.10571616177126
2.13446800000016	3.10411396329771
2.13397000000016	3.10243650459415
2.13347200000016	3.10068403556791
2.13297400000016	3.09885678113565
2.13247600000016	3.09695494132699
2.13197800000016	3.09497869143066
2.13148000000016	3.09292818218232
2.13098200000016	3.09080353999375
2.13048400000016	3.08860486722272
2.12998600000016	3.08633224248322
2.12948800000016	3.08398572099555
2.12899000000016	3.08156533497615
2.12849200000016	3.0790710940668
2.12799400000016	3.07650298580298
2.12749600000016	3.0738609761214
2.12699800000016	3.07114500990648
2.12650000000016	3.06835501157584
2.12600200000016	3.06549088570485
2.12550400000016	3.06255251769016
2.12500600000016	3.0595397744526
2.12450800000016	3.05645250517925
2.12401000000016	3.05329054210513
2.12351200000016	3.0500537013346
2.12301400000016	3.04674178370265
2.12251600000016	3.04335457567647
2.12201800000016	3.03989185029729
2.12152000000016	3.03635336816303
2.12102200000016	3.03273887845182
2.12052400000016	3.02904811998667
2.12002600000016	3.02528082234153
2.11952800000016	3.02143670698895
2.11903000000016	3.01751548848956
2.11853200000016	3.01351687572341
2.11803400000016	3.00944057316338
2.11753600000016	3.00528628219071
2.11703800000016	3.00105370245266
2.11654000000016	2.9967425332622
2.11604200000016	2.99235247503978
2.11554400000016	2.98788323079681
2.11504600000016	2.98333450766076
2.11454800000016	2.97870601844152
2.11405000000016	2.97399748323845
2.11355200000016	2.96920863108792
2.11305400000016	2.96433920165036
2.11255600000016	2.95938894693637
2.11205800000016	2.95435763307098
2.11156000000016	2.94924504209508
2.11106200000016	2.94405097380297
2.11056400000016	2.93877524761483
2.11006600000016	2.93341770448285
2.10956800000016	2.92797820882941
2.10907000000016	2.92245665051585
2.10857200000016	2.91685294684
2.10807400000016	2.91116704456057
2.10757600000015	2.90539892194636
2.10707800000015	2.89954859084812
2.10658000000015	2.89361609879061
2.10608200000015	2.8876015310824
2.10558400000015	2.88150501294071
2.10508600000015	2.8753267116284
2.10458800000015	2.86906683860019
2.10409000000015	2.86272565165477
2.10359200000015	2.85630345708965
2.10309400000015	2.8498006118551
2.10259600000015	2.84321752570354
2.10209800000015	2.8365546633306
2.10160000000015	2.82981254650387
2.10110200000015	2.82299175617504
2.10060400000015	2.81609293457144
2.10010600000015	2.80911678726222
2.09960800000015	2.80206408519482
2.09911000000015	2.79493566669687
2.09861200000015	2.7877324394388
2.09811400000015	2.78045538235208
2.09761600000015	2.77310554749809
2.09711800000015	2.76568406188231
2.09662000000015	2.75819212920878
2.09612200000015	2.75063103156907
2.09562400000015	2.74300213106078
2.09512600000015	2.73530687132951
2.09462800000015	2.72754677902921
2.09413000000015	2.719723465195
2.09363200000015	2.7118386265228
2.09313400000015	2.70389404655022
2.09263600000015	2.69589159673304
2.09213800000015	2.68783323741138
2.09164000000015	2.67972101866026
2.09114200000015	2.67155708101864
2.09064400000015	2.66334365609165
2.09014600000015	2.65508306702042
2.08964800000015	2.64677772881422
2.08915000000015	2.63843014853958
2.08865200000015	2.6300429253615
2.08815400000015	2.62161875043157
2.08765600000015	2.61316040661846
2.08715800000015	2.60467076807606
2.08666000000015	2.59615279964516
2.08616200000015	2.58760955608446
2.08566400000015	2.57904418112717
2.08516600000015	2.57045990635983
2.08466800000015	2.56186004992015
2.08417000000015	2.55324801501112
2.08367200000015	2.54462728822912
2.08317400000015	2.53600143770404
2.08267600000015	2.52737411104997
2.08217800000015	2.51874903312552
2.08168000000015	2.51013000360341
2.08118200000015	2.50152089434942
2.08068400000015	2.49292564661138
2.08018600000015	2.48434826801983
2.07968800000015	2.4757928294023
2.07919000000015	2.467263461414
2.07869200000015	2.4587643509887
2.07819400000015	2.45029973761403
2.07769600000015	2.44187390943655
2.07719800000015	2.43349119920289
2.07670000000015	2.42515598004377
2.07620200000015	2.41687266110942
2.07570400000015	2.40864568306524
2.07520600000015	2.40047951345813
2.07470800000015	2.39237864196481
2.07421000000015	2.38434757553472
2.07371200000015	2.37639083344127
2.07321400000015	2.36851294225648
2.07271600000015	2.36071843076549
2.07221800000015	2.3530118248385
2.07172000000015	2.34539764227948
2.07122200000015	2.33788038767205
2.07072400000015	2.33046454724472
2.07022600000015	2.32315458377897
2.06972800000015	2.31595493158537
2.06923000000015	2.30886999157433
2.06873200000015	2.30190412645006
2.06823400000015	2.2950616560573
2.06773600000015	2.28834685291289
2.06723800000015	2.28176393795519
2.06674000000015	2.2753170765464
2.06624200000015	2.26901037476474
2.06574400000015	2.26284787602468
2.06524600000015	2.2568335580655
2.06474800000015	2.25097133035029
2.06425000000015	2.24526503191879
2.06375200000015	2.23971842973967
2.06325400000015	2.23433521760928
2.06275600000015	2.22911901564568
2.06225800000015	2.2240733704284
2.06176000000015	2.21920175583599
2.06126200000015	2.21450757463505
2.06076400000015	2.20999416087562
2.06026600000015	2.20566478314971
2.05976800000015	2.20152264877042
2.05927000000015	2.19757090893046
2.05877200000015	2.19381266489994
2.05827400000015	2.19025097532345
2.05777600000015	2.18688886467703
2.05727800000015	2.18372933294552
2.05678000000015	2.18077536657998
2.05628200000015	2.17802995079346
2.05578400000015	2.17549608325174
2.05528600000014	2.17317678921202
2.05478800000014	2.17107513815874
2.05429000000014	2.16919426197969
2.05379200000014	2.16753737471832
2.05329400000014	2.16610779392841
2.05279600000014	2.16490896364522
2.05229800000014	2.16394447897216
2.05180000000014	2.1632181122632
2.05130200000014	2.16273384085855
2.05080400000014	2.16249587630331
2.05030600000014	2.16250869494537
2.04980800000014	2.16277706976935
2.04931000000014	2.16330610327599
2.04881200000014	2.16410126116163
2.04831400000014	2.16516840648834
2.04781600000014	2.16651383396213
2.04731800000014	2.16814430385357
2.04682000000014	2.17006707500257
2.04632200000014	2.1722899362479
2.04582400000014	2.17482123551307
2.04532600000014	2.17766990566785
2.04482800000014	2.18084548617251
2.04433000000014	2.18435813940695
2.04383200000014	2.18821866049961
2.04333400000014	2.19243847941389
2.04283600000014	2.1970296540402
2.04233800000014	2.20200485310214
2.04184000000014	2.20737732784111
2.04134200000014	2.21316087172772
2.04084400000014	2.219369767894
2.04034600000014	2.22601872462483
2.03984800000014	2.23312280012421
2.03935000000014	2.24069731890685
2.03885200000014	2.24875778356914
2.03835400000014	2.25731978734657
2.03785600000014	2.26639893471326
2.03735800000014	2.27601077920826
2.03686000000014	2.28617078951126
2.03636200000014	2.29689435628021
2.03586400000014	2.30819685308376
2.03536600000014	2.32009376452156
2.03486800000014	2.3326008929147
2.03437000000014	2.34573465137634
2.03387200000014	2.35951244534892
2.03337400000014	2.37395313670821
2.03287600000014	2.38907757442563
2.03237800000014	2.40490916398314
2.03188000000014	2.42147443495224
2.03138200000014	2.43880355324796
2.03088400000014	2.4569307123676
2.03038600000014	2.47589432689851
2.02988800000014	2.495736941501
2.02939000000014	2.51650475816923
2.02889200000014	2.53824667128015
2.02839400000014	2.56101267988212
2.02789600000014	2.58485151507597
2.02739800000014	2.60980727267752
2.02690000000014	2.63591477580348
2.02640200000014	2.66319331406765
2.02590400000014	2.69163833620097
2.02540600000014	2.72121065804145
2.02490800000014	2.75182287473994
2.02441000000014	2.78332306941079
2.02391200000014	2.8154767581122
2.02341400000014	2.8479494358542
2.02291600000014	2.88029403591174
2.02241800000014	2.91194961553171
2.02192000000014	2.94225856991384
2.02142200000014	2.97050814185753
2.02092400000014	2.99599676702699
2.02042600000014	3.01811736977898
2.01992800000014	3.03644116872574
2.01943000000014	3.05078157774579
2.01893200000014	3.06122173445895
2.01843400000014	3.06810004257861
2.01793600000014	3.07196061695781
2.01743800000014	3.07348373920194
2.01694000000014	3.0734126652121
2.01644200000014	3.07248883783673
2.01594400000014	3.07140130824967
2.01544600000014	3.07075099502481
2.01494800000014	3.0710276035995
2.01445000000014	3.07259640646382
2.01395200000014	3.07569280073866
2.01345400000014	3.08042373359678
2.01295600000014	3.08677605131088
2.01245800000014	3.09463216148623
2.01196000000014	3.10379290826867
2.01146200000014	3.1140063147878
2.01096400000014	3.12499920731314
2.01046600000014	3.13650730365695
2.00996800000014	3.14829876788865
2.00947000000014	3.16018689858747
2.00897200000014	3.17202945467429
2.00847400000014	3.18371460529086
2.00797600000014	3.19513590861307
2.00747800000014	3.20616054408672
2.00698000000014	3.2165961071116
2.00648200000014	3.22616185087384
2.00598400000014	3.23447065428869
2.00548600000014	3.24102828249577
2.00498800000014	3.24525621202393
2.00449000000014	3.24654231973864
2.00399200000014	3.24431874602919
2.00349400000014	3.23815770180209
2.00299600000014	3.22786564595695
2.00249800000013	3.21354894952257
2.00200000000013	3.19562613863514
2.00150200000013	3.1747761546873
2.00100400000014	3.15183426737194
2.00050600000014	3.12766611835909
2.00000800000013	3.10305546158867
1.99951000000013	3.0786307997694
1.99901200000014	3.05483795208564
1.99851400000014	3.03194994066114
1.99801600000014	3.01009836089165
1.99751800000014	2.98931126367951
1.99702000000014	2.96954769783958
1.99652200000014	2.9507246233747
1.99602400000014	2.93273584361031
1.99552600000014	2.91546453875406
1.99502800000014	2.89879143320833
1.99453000000014	2.88260030023369
1.99403200000014	2.8667819388069
1.99353400000014	2.85123724286421
1.99303600000014	2.83587962795248
1.99253800000014	2.8206368842664
1.99204000000014	2.80545244616851
1.99154200000014	2.79028605948333
1.99104400000014	2.77511385212557
1.99054600000014	2.75992784713427
1.99004800000014	2.74473498707419
1.98955000000014	2.72955575962871
1.98905200000014	2.71442252500026
1.98855400000014	2.69937764757428
1.98805600000014	2.68447152916322
1.98755800000014	2.66976063110797
1.98706000000014	2.65530555945923
1.98656200000014	2.64116927293096
1.98606400000014	2.62741545851134
1.98556600000013	2.61410710541212
1.98506800000013	2.6013052950346
1.98457000000013	2.58906821320689
1.98407200000013	2.57745038129021
1.98357400000013	2.56650209490961
1.98307600000013	2.55626905297919
1.98257800000013	2.5467921552315
1.98208000000013	2.53810744344946
1.98158200000013	2.53024615984466
1.98108400000013	2.52323489533043
1.98058600000013	2.51709580062282
1.98008800000013	2.51184683401678
1.97959000000013	2.50750202120903
1.97909200000013	2.50407170459602
1.97859400000013	2.50156276202598
1.97809600000013	2.49997877802379
1.97759800000013	2.49932015405942
1.97710000000013	2.49958414852979
1.97660200000013	2.50076484179627
1.97610400000013	2.5028530268632
1.97560600000013	2.50583603202779
1.97510800000013	2.50969748792855
1.97461000000013	2.51441705759461
1.97411200000013	2.51997015396098
1.97361400000013	2.5263276743456
1.97311600000013	2.53345578497515
1.97261800000013	2.54131579016169
1.97212000000013	2.54986411959096
1.97162200000013	2.5590524629781
1.97112400000013	2.56882807395294
1.97062600000013	2.57913425470578
1.97012800000013	2.58991102033419
1.96963000000013	2.60109592805566
1.96913200000013	2.61262504286794
1.96863400000013	2.62443399934156
1.96813600000013	2.63645911041346
1.96763800000013	2.64863846938328
1.96714000000013	2.66091299135122
1.96664200000013	2.67322734503269
1.96614400000013	2.68553073460075
1.96564600000013	2.69777750282826
1.96514800000013	2.70992753993286
1.96465000000013	2.72194649572032
1.96415200000013	2.73380580458083
1.96365400000013	2.74548254264265
1.96315600000013	2.75695914334906
1.96265800000013	2.76822300172537
1.96216000000013	2.77926599882071
1.96166200000013	2.79008397667615
1.96116400000013	2.80067619126207
1.96066600000013	2.81104476676318
1.96016800000013	2.82119416994528
1.95967000000013	2.83113071860333
1.95917200000013	2.84086213362851
1.95867400000013	2.85039714028988
1.95817600000013	2.85974512103387
1.95767800000013	2.86891581950688
1.95718000000013	2.87791909357671
1.95668200000013	2.88676471380224
1.95618400000013	2.89546220298547
1.95568600000013	2.90402071203846
1.95518800000013	2.91244892731197
1.95469000000013	2.92075500467768
1.95419200000013	2.9289465259554
1.95369400000013	2.93703047367169
1.95319600000013	2.94501322058003
1.95269800000013	2.95290053082854
1.95220000000013	2.96069757010766
1.95170200000013	2.96840892252783
1.95120400000013	2.97603861235945
1.95070600000013	2.98359012910675
1.95020800000013	2.99106645468498
1.94971000000013	2.99847009172545
1.94921200000013	3.00580309224964
1.94871400000013	3.0130670861347
1.94821600000013	3.02026330894182
1.94771800000013	3.02739262880126
1.94722000000013	3.03445557214576
1.94672200000013	3.04145234816204
1.94622400000013	3.04838287189172
1.94572600000013	3.05524678595976
1.94522800000013	3.06204348094447
1.94473000000013	3.06877211442943
1.94423200000013	3.0754316287965
1.94373400000013	3.08202076783184
1.94323600000013	3.088538092225
1.94273800000013	3.09498199404526
1.94224000000013	3.10135071028115
1.94174200000013	3.10764233552815
1.94124400000013	3.11385483390727
1.94074600000013	3.11998605029386
1.94024800000013	3.12603372093133
1.93975000000013	3.13199548349988
1.93925200000013	3.13786888670499
1.93875400000013	3.1436513994447
1.93825600000013	3.14934041960974
1.93775800000013	3.15493328256458
1.93726000000013	3.16042726935229
1.93676200000013	3.16581961466115
1.93626400000013	3.17110751458527
1.93576600000013	3.17628813420735
1.93526800000013	3.18135861502653
1.93477000000013	3.18631608225025
1.93427200000013	3.19115765196469
1.93377400000013	3.19588043819461
1.93327600000013	3.20048155985966
1.93277800000013	3.2049581476307
1.93228000000013	3.20930735068683
1.93178200000013	3.21352634337051
1.93128400000013	3.2176123317357
1.93078600000013	3.22156255998144
1.93028800000013	3.22537431676099
1.92979000000013	3.22904494135482
1.92929200000013	3.23257182969402
1.92879400000013	3.23595244021889
1.92829600000013	3.2391842995568
1.92779800000013	3.24226500800181
1.92730000000013	3.2451922447783
1.92680200000013	3.24796377306986
1.92630400000013	3.2505774447949
1.92580600000013	3.25303120510994
1.92530800000013	3.25532309662205
1.92481000000013	3.25745126329223
1.92431200000013	3.25941395401208
1.92381400000013	3.26120952583696
1.92331600000013	3.26283644686009
1.92281800000013	3.26429329871298
1.92232000000013	3.26557877867919
1.92182200000013	3.2666917014099
1.92132400000013	3.26763100023165
1.92082600000013	3.26839572803812
1.92032800000013	3.26898505776028
1.91983000000013	3.2693982824109
1.91933200000013	3.26963481470164
1.91883400000013	3.26969418623342
1.91833600000013	3.26957604626253
1.91783800000013	3.26928016004765
1.91734000000013	3.26880640678485
1.91684200000013	3.26815477714018
1.91634400000013	3.26732537039133
1.91584600000013	3.26631839119223
1.91534800000013	3.26513414597648
1.91485000000013	3.2637730390172
1.91435200000013	3.26223556816321
1.91385400000013	3.26052232027276
1.91335600000013	3.25863396636797
1.91285800000013	3.25657125653436
1.91236000000013	3.2543350145915
1.91186200000013	3.2519261325617
1.91136400000013	3.24934556496488
1.91086600000013	3.24659432296877
1.91036800000013	3.24367346842391
1.90987000000013	3.24058410781426
1.90937200000013	3.2373273861539
1.90887400000013	3.2339044808612
1.90837600000013	3.23031659564194
1.90787800000013	3.22656495441284
1.90738000000013	3.22265079529702
1.90688200000012	3.21857536472301
1.90638400000013	3.21433991165857
1.90588600000012	3.20994568201033
1.90538800000012	3.20539391322032
1.90489000000012	3.20068582908979
1.90439200000012	3.19582263486064
1.90389400000012	3.19080551258441
1.90339600000012	3.1856356168084
1.90289800000012	3.18031407060835
1.90240000000012	3.17484196199676
1.90190200000012	3.16922034073556
1.90140400000012	3.16345021558223
1.90090600000012	3.15753255199751
1.90040800000012	3.15146827034365
1.89991000000012	3.14525824460166
1.89941200000012	3.13890330163616
1.89891400000012	3.13240422103676
1.89841600000012	3.125761735565
1.89791800000012	3.11897653223598
1.89742000000012	3.11204925406427
1.89692200000012	3.10498050250386
1.89642400000012	3.09777084061215
1.89592600000012	3.09042079696808
1.89542800000012	3.08293087037489
1.89493000000012	3.07530153537747
1.89443200000012	3.06753324862456
1.89393400000012	3.05962645610519
1.89343600000012	3.05158160128816
1.89293800000012	3.04339913419206
1.89244000000012	3.03507952141177
1.89194200000012	3.02662325712497
1.89144400000012	3.01803087509948
1.89094600000012	3.00930296171815
1.89044800000012	3.00044017003363
1.88995000000012	2.99144323485938
1.88945200000012	2.98231298889621
1.88895400000012	2.97305037988528
1.88845600000012	2.96365648876833
1.88795800000012	2.95413254882409
1.88746000000012	2.94447996573616
1.88696200000012	2.93470033853139
1.88646400000012	2.92479548130994
1.88596600000012	2.91476744566697
1.88546800000012	2.90461854368282
1.88497000000012	2.89435137133183
1.88447200000012	2.88396883213136
1.88397400000012	2.87347416081955
1.88347600000012	2.86287094681614
1.88297800000012	2.85216315718185
1.88248000000012	2.84135515875146
1.88198200000012	2.83045173907237
1.88148400000012	2.81945812573491
1.88098600000012	2.80838000363431
1.88048800000012	2.79722352965593
1.87999000000012	2.78599534422832
1.87949200000012	2.77470257914208
1.87899400000012	2.76335286098847
1.87849600000012	2.75195430953219
1.87799800000012	2.74051553029815
1.87750000000012	2.72904560062582
1.87700200000012	2.7175540484283
1.87650400000012	2.70605082288814
1.87600600000012	2.6945462563325
1.87550800000012	2.68305101655626
1.87501000000012	2.67157604890813
1.87451200000012	2.66013250752153
1.87401400000012	2.6487316751623
1.87351600000012	2.63738487128017
1.87301800000012	2.6261033479906
1.87252000000012	2.61489817387908
1.87202200000012	2.60378010570968
1.87152400000012	2.59275944833201
1.87102600000012	2.58184590331257
1.87052800000012	2.57104840706402
1.87003000000012	2.56037495950336
1.86953200000012	2.54983244453104
1.86903400000012	2.53942644388036
1.86853600000012	2.52916104613228
1.86803800000012	2.51903865291582
1.86754000000012	2.50905978451045
1.86704200000012	2.49922288722745
1.86654400000012	2.48952414506284
1.86604600000012	2.47995729818314
1.86554800000012	2.47051347082113
1.86505000000012	2.46118101112396
1.86455200000012	2.45194534541163
1.86405400000012	2.44278884917776
1.86355600000012	2.43369073700573
1.86305800000012	2.42462697339541
1.86256000000012	2.41557020631624
1.86206200000012	2.40648972514014
1.86156400000012	2.39735144448494
1.86106600000012	2.38811791543974
1.86056800000012	2.37874836567077
1.86007000000012	2.36919877004361
1.85957200000012	2.3594219536675
1.85907400000012	2.34936772968702
1.85857600000012	2.33898307473009
1.85807800000012	2.32821234567824
1.85758000000012	2.31699754235143
1.85708200000012	2.30527862178962
1.85658400000012	2.29299387103817
1.85608600000012	2.28008034666986
1.85558800000012	2.26647439064092
1.85509000000012	2.25211223340488
1.85459200000012	2.23693069638882
1.85409400000012	2.2208680068391
1.85359600000012	2.20386473850336
1.85309800000012	2.18586489144177
1.85260000000012	2.16681712323323
1.85210200000012	2.14667614173258
1.85160400000012	2.12540426610439
1.85110600000012	2.10297315789905
1.85060800000012	2.07936571727835
1.85011000000012	2.05457813105827
1.84961200000012	2.02862204904508
1.84911400000012	2.0015268533627
1.84861600000012	1.97334197242698
1.84811800000012	1.94413917736794
1.84762000000012	1.91401478458488
1.84712200000012	1.88309167429095
1.84662400000012	1.8515210218217
1.84612600000012	1.81948362638987
1.84562800000012	1.78719071085189
1.84513000000012	1.75488405567714
1.84463200000012	1.72283532048471
1.84413400000012	1.69134439754148
1.84363600000012	1.66073663504057
1.84313800000012	1.63135876740134
1.84264000000012	1.60357340162665
1.84214200000012	1.57775194219568
1.84164400000012	1.55426590324745
1.84114600000012	1.53347666642436
1.84064800000012	1.51572390120292
1.84015000000012	1.5013130670391
1.83965200000012	1.49050264348568
1.83915400000012	1.48349194965465
1.83865600000012	1.48041057000499
1.83815800000012	1.48131044954925
1.83766000000012	1.48616161999831
1.83716200000012	1.49485225496259
1.83666400000012	1.50719334398261
1.83616600000012	1.52292777032752
1.83566800000012	1.5417430518926
1.83517000000012	1.56328655224756
1.83467200000012	1.58718168583362
1.83417400000012	1.6130435985312
1.83367600000012	1.64049301865028
1.83317800000012	1.669167389498
1.83268000000012	1.69872890160913
1.83218200000012	1.72886951304026
1.83168400000012	1.75931338351841
1.83118600000012	1.78981731525874
1.83068800000012	1.82016980900359
1.83019000000012	1.85018926005825
1.82969200000012	1.87972169244811
1.82919400000012	1.90863830270047
1.82869600000012	1.93683298144242
1.82819800000012	1.96421990779477
1.82770000000012	1.99073126529304
1.82720200000012	2.01631510170587
1.82670400000012	2.04093334145754
1.82620600000012	2.06455995280136
1.82570800000012	2.08717926877792
1.82521000000012	2.10878445926379
1.82471200000012	2.12937615009981
1.82421400000012	2.14896118404103
1.82371600000012	2.16755151705454
1.82321800000012	2.18516324238739
1.82272000000012	2.20181573391891
1.82222200000012	2.21753089966351
1.82172400000012	2.23233253592078
1.82122600000012	2.24624577246933
1.82072800000012	2.25929659933803
1.82023000000012	2.27151146601737
1.81973200000012	2.2829169444495
1.81923400000012	2.29353944771074
1.81873600000012	2.30340499693671
1.81823800000012	2.31253902970311
1.81774000000012	2.32096624373916
1.81724200000012	2.32871047049474
1.81674400000012	2.33579457369427
1.81624600000012	2.34224036857886
1.81574800000012	2.3480685580599
1.81525000000012	2.35329868247836
1.81475200000012	2.35794908008596
1.81425400000012	2.36203685573645
1.81375600000012	2.36557785560284
1.81325800000012	2.36858664602019
1.81276000000012	2.37107649479932
1.81226200000012	2.37305935356694
1.81176400000012	2.37454583986705
1.81126600000012	2.37554521791103
1.81076800000012	2.37606537699245
1.81027000000012	2.37611280669283
1.80977200000011	2.37569256809902
1.80927400000011	2.37480826033565
1.80877600000011	2.37346198179221
1.80827800000011	2.37165428549745
1.80778000000011	2.36938412816923
1.80728200000012	2.36664881255157
1.80678400000011	2.3634439227492
1.80628600000012	2.35976325239119
1.80578800000011	2.35559872560903
1.80529000000011	2.35094031101294
1.80479200000012	2.34577592910698
1.80429400000012	2.34009135391699
1.80379600000011	2.33387011003702
1.80329800000011	2.32709336685505
1.80280000000011	2.31973983243116
1.80230200000012	2.31178565040674
1.80180400000012	2.30320430446901
1.80130600000012	2.29396653633282
1.80080800000012	2.28404028499249
1.80031000000012	2.27339065720831
1.79981200000012	2.26197994189728
1.79931400000011	2.24976768437117
1.79881600000011	2.23671084027336
1.79831800000011	2.22276403366256
1.79782000000011	2.2078799489907
1.79732200000011	2.19200989268309
1.79682400000012	2.17510456650848
1.79632600000012	2.15711510164088
1.79582800000012	2.13799440876266
1.79533000000011	2.11769890494656
1.79483200000011	2.09619068119585
1.79433400000011	2.07344017373314
1.79383600000011	2.04942939513157
1.79333800000011	2.02415576524637
1.79284000000011	1.99763655307647
1.79234200000011	1.96991389516785
1.79184400000011	1.94106028997137
1.79134600000012	1.91118437749434
1.79084800000011	1.88043669855093
1.79035000000011	1.8490149907708
1.78985200000011	1.81716842841732
1.78935400000011	1.78520006802361
1.78885600000011	1.75346665091227
1.78835800000011	1.72237487736629
1.78786000000011	1.69237335463995
1.78736200000011	1.66393968120125
1.78686400000011	1.63756259586451
1.78636600000011	1.61371978805088
1.78586800000011	1.59285276802808
1.78537000000011	1.57534099265598
1.78487200000011	1.56147802987185
1.78437400000011	1.55145270855641
1.78387600000011	1.54533779292132
1.78337800000011	1.54308774559379
1.78288000000011	1.54454578938868
1.78238200000011	1.54945907189635
1.78188400000011	1.55749963034263
1.78138600000011	1.56828829022014
1.78088800000011	1.58141866812189
1.78039000000011	1.59647896813453
1.77989200000011	1.61307004230707
1.77939400000011	1.63081900280841
1.77889600000011	1.64938836134658
1.77839800000011	1.66848115015267
1.77790000000011	1.68784274144346
1.77740200000011	1.70726016697696
1.77690400000011	1.72655970150813
1.77640600000011	1.74560336691292
1.77590800000011	1.76428487905724
1.77541000000011	1.78252542476852
1.77491200000011	1.80026953696748
1.77441400000011	1.81748123867656
1.77391600000011	1.8341405521107
1.77341800000011	1.8502404151595
1.77292000000011	1.8657840107502
1.77242200000011	1.88078249105509
1.77192400000011	1.89525306482308
1.77142600000011	1.90921740938499
1.77092800000011	1.92270036683896
1.77043000000011	1.9357288848642
1.76993200000011	1.94833116531345
1.76943400000011	1.96053598734549
1.76893600000011	1.97237217581553
1.76843800000011	1.98386818958118
1.76794000000011	1.99505180809518
1.76744200000011	2.00594989802721
1.76694400000011	2.01658824464067
1.76644600000011	2.02699143523932
1.76594800000011	2.03718278421219
1.76545000000011	2.04718429107634
1.76495200000011	2.05701662448332
1.76445400000011	2.06669912645681
1.76395600000011	2.07624983220376
1.76345800000011	2.08568550172466
1.76296000000011	2.09502166017149
1.76246200000011	2.10427264449137
1.76196400000011	2.11345165437454
1.76146600000011	2.12257080591509
1.76096800000011	2.13164118671021
1.76047000000011	2.14067291138113
1.75997200000011	2.14967517670833
1.75947400000011	2.15865631574418
1.75897600000011	2.16762385040536
1.75847800000011	2.17658454216132
1.75798000000011	2.18554444052839
1.75748200000011	2.19450892915661
1.75698400000011	2.20348276935934
1.75648600000011	2.21247014098912
1.75598800000011	2.22147468060644
1.75549000000011	2.23049951692481
1.75499200000011	2.23954730354559
1.75449400000011	2.24862024902098
1.75399600000011	2.25772014430438
1.75349800000011	2.26684838766402
1.75300000000011	2.2760060071496
1.75250200000011	2.28519368071248
1.75200400000011	2.29441175408845
1.75150600000011	2.30366025655876
1.75100800000011	2.31293891470948
1.75051000000011	2.32224716431259
1.75001200000011	2.33158416045405
1.74951400000011	2.34094878603475
1.74901600000011	2.35033965877028
1.74851800000011	2.35975513681442
1.74802000000011	2.36919332313019
1.74752200000011	2.3786520687299
1.74702400000011	2.38812897490428
1.74652600000011	2.39762139455777
1.74602800000011	2.40712643276539
1.74553000000011	2.4166409466637
1.74503200000011	2.42616154478666
1.74453400000011	2.43568458595487
1.74403600000011	2.44520617782498
1.74353800000011	2.4547221752046
1.74304000000011	2.46422817823665
1.74254200000011	2.47371953055641
1.74204400000011	2.48319131752367
1.74154600000011	2.49263836463242
1.74104800000011	2.50205523620038
1.74055000000011	2.51143623444106
1.74005200000011	2.52077539902173
1.73955400000011	2.53006650721131
1.73905600000011	2.53930307472351
1.73855800000011	2.54847835736113
1.73806000000011	2.55758535356903
1.73756200000011	2.56661680800405
1.73706400000011	2.57556521623099
1.73656600000011	2.58442283065471
1.73606800000011	2.59318166779839
1.73557000000011	2.60183351703797
1.73507200000011	2.61036995090182
1.73457400000011	2.61878233704361
1.73407600000011	2.62706185199317
1.73357800000011	2.63519949678761
1.73308000000011	2.64318611457968
1.73258200000011	2.65101241031486
1.73208400000011	2.65866897256123
1.73158600000011	2.66614629756741
1.73108800000011	2.67343481561288
1.73059000000011	2.68052491970316
1.73009200000011	2.68740699664747
1.72959400000011	2.69407146054037
1.72909600000011	2.70050878865069
1.72859800000011	2.7067095597
1.72810000000011	2.71266449449131
1.72760200000011	2.71836449882318
1.72710400000011	2.72380070859872
1.72660600000011	2.72896453701048
1.72610800000011	2.7338477236524
1.72561000000011	2.73844238537917
1.72511200000011	2.74274106870083
1.72461400000011	2.74673680346818
1.72411600000011	2.7504231575708
1.72361800000011	2.75379429233725
1.72312000000011	2.75684501829436
1.72262200000011	2.75957085091154
1.72212400000011	2.76196806592697
1.72162600000011	2.76403375382519
1.72112800000011	2.76576587301191
1.72063000000011	2.76716330121085
1.72013200000011	2.76822588459097
1.71963400000011	2.76895448411993
1.71913600000011	2.76935101863241
1.71863800000011	2.76941850409915
1.71814000000011	2.76916108858592
1.71764200000011	2.76858408239952
1.71714400000011	2.76769398293171
1.71664600000011	2.76649849373049
1.71614800000011	2.76500653735111
1.71565000000011	2.76322826156636
1.71515200000011	2.7611750385461
1.71465400000011	2.75885945664768
1.71415600000011	2.75629530449252
1.71365800000011	2.75349754703655
1.71316000000011	2.75048229337234
1.71266200000011	2.74726675602767
1.71216400000011	2.74386920154624
1.71166600000011	2.74030889215016
1.71116800000011	2.73660601828879
1.71067000000011	2.73278162187439
1.71017200000011	2.72885750999053
1.70967400000011	2.72485615883531
1.70917600000011	2.72080060763224
1.70867800000011	2.71671434221034
1.70818000000011	2.71262116793279
1.70768200000011	2.70854507165332
1.70718400000011	2.7045100724241
1.70668600000011	2.70054006079812
1.70618800000011	2.69665862680633
1.70569000000011	2.6928888771029
1.70519200000011	2.6892532424342
1.70469400000011	2.68577327759297
1.70419600000011	2.68246945747785
1.70369800000011	2.67936097491355
1.70320000000011	2.67646554862319
1.70270200000011	2.673799253286
1.70220400000011	2.67137638801285
1.70170600000011	2.66920940477979
1.70120800000011	2.66730892415815
1.70071000000011	2.66568387161364
1.70021200000011	2.66434177294022
1.69971400000011	2.66328925090788
1.69921600000011	2.66253276543538
1.69871800000011	2.66207963479945
1.69822000000011	2.66193936381515
1.69772200000011	2.66212528524319
1.69722400000011	2.66265649254873
1.69672600000011	2.66356000674864
1.69622800000011	2.66487308059389
1.69573000000011	2.66664550482679
1.69523200000011	2.66894175009366
1.69473400000011	2.6718427605246
1.69423600000011	2.67544721522145
1.69373800000011	2.67987209211042
1.69324000000011	2.68525239964038
1.69274200000011	2.69173997495447
1.69224400000011	2.69950126760886
1.69174600000011	2.70871401933377
1.69124800000011	2.71956269831668
1.69075000000011	2.73223244221317
1.69025200000011	2.74690110842102
1.68975400000011	2.76372883917604
1.68925600000011	2.78284436295602
1.68875800000011	2.80432715105632
1.68826000000011	2.82818466517896
1.68776200000011	2.85432447978329
1.68726400000011	2.88252232324389
1.68676600000011	2.91238933531044
1.68626800000011	2.94334516460426
1.68577000000011	2.97460743223686
1.68527200000011	3.00521102887071
1.68477400000011	3.03406994861927
1.68427600000011	3.06008679662102
1.68377800000011	3.08229969324726
1.68328000000011	3.10003710863537
1.68278200000011	3.11303801002605
1.68228400000011	3.12149817321696
1.68178600000011	3.12602611302301
1.68128800000011	3.12752363248283
1.68079000000011	3.12702965207228
1.68029200000011	3.12557069135131
1.67979400000011	3.12404877755891
1.67929600000011	3.12317806848917
1.67879800000011	3.12346536231376
1.67830000000011	3.1252215129125
1.67780200000011	3.12858976128012
1.67730400000011	3.13357998664312
1.67680600000011	3.14010197531088
1.67630800000011	3.14799433142835
1.67581000000011	3.1570480471274
1.67531200000011	3.16702507282523
1.67481400000011	3.17767277097182
1.67431600000011	3.18873519663204
1.67381800000011	3.19996195534037
1.67332000000011	3.2111150978848
1.67282200000011	3.22197422289609
1.67232400000011	3.23233973511458
1.67182600000011	3.24203408933359
1.67132800000011	3.25090085616777
1.67083000000011	3.25880157410584
1.67033200000011	3.26561057969506
1.66983400000011	3.27120829230021
1.66933600000011	3.27547371743005
1.66883800000011	3.27827716577688
1.66834000000011	3.27947431310698
1.66784200000011	3.27890271245953
1.66734400000011	3.2763816970049
1.66684600000011	3.27171628226043
1.66634800000011	3.26470521444515
1.6658500000001	3.2551527639142
1.6653520000001	3.24288329700233
1.6648540000001	3.22775716239728
1.6643560000001	3.20968609289269
1.6638580000001	3.18864623219608
1.6633600000001	3.16468709639019
1.6628620000001	3.13793526153302
1.6623640000001	3.10859225925574
1.6618660000001	3.07692693477893
1.6613680000001	3.04326322794539
1.66087000000011	3.0079648467339
1.66037200000011	2.97141853562441
1.65987400000011	2.93401758845148
1.65937600000011	2.89614697039498
1.65887800000011	2.85817098933696
1.65838000000011	2.82042399476901
1.65788200000011	2.78320416751361
1.65738400000011	2.7467701486901
1.65688600000011	2.71134006049628
1.65638800000011	2.67709238615977
1.65589000000011	2.64416817729208
1.65539200000011	2.61267411379976
1.65489400000011	2.58268602672914
1.65439600000011	2.55425258669294
1.65389800000011	2.52739894617108
1.65340000000011	2.50213019598469
1.65290200000011	2.47843455248699
1.65240400000011	2.45628623336774
1.65190600000011	2.43564800876956
1.65140800000011	2.41647343341604
1.65091000000011	2.39870877723152
1.65041200000011	2.38229467861583
1.64991400000011	2.36716754775412
1.64941600000011	2.35326074827025
1.64891800000011	2.34050558499451
1.64842000000011	2.32883212417312
1.64792200000011	2.31816987047705
1.64742400000011	2.3084483229248
1.64692600000011	2.29959742949272
1.64642800000011	2.29154795786606
1.64593000000011	2.28423179756581
1.6454320000001	2.27758220662735
1.6449340000001	2.27153401414179
1.6444360000001	2.26602378831942
1.6439380000001	2.26098997830403
1.6434400000001	2.25637303675164
1.6429420000001	2.25211552917329
1.6424440000001	2.24816223520707
1.64194600000011	2.24446024629974
1.64144800000011	2.24095906371032
1.64095000000011	2.23761070025781
1.64045200000011	2.23436978878436
1.6399540000001	2.23119369985272
1.6394560000001	2.22804267070401
1.6389580000001	2.22487994693216
1.6384600000001	2.2216719376547
1.6379620000001	2.21838838415063
1.63746400000011	2.21500254098121
1.6369660000001	2.21149136750573
1.63646800000011	2.20783572646327
1.6359700000001	2.20402058494162
1.63547200000011	2.20003521164303
1.63497400000011	2.19587336294954
1.63447600000011	2.1915334489729
1.6339780000001	2.18701866964785
1.63348000000011	2.18233711010481
1.6329820000001	2.17750178415688
1.6324840000001	2.17253061486722
1.6319860000001	2.16744634192118
1.6314880000001	2.16227634697444
1.6309900000001	2.15705239030456
1.6304920000001	2.15181025492021
1.6299940000001	2.14658929768305
1.6294960000001	2.14143191080775
1.6289980000001	2.13638290110501
1.6285000000001	2.13148879825627
1.6280020000001	2.12679710696581
1.6275040000001	2.12235552074156
1.6270060000001	2.1182111170539
1.6265080000001	2.11440955451747
1.6260100000001	2.11099429242401
1.6255120000001	2.10800585141014
1.6250140000001	2.10548113136376
1.6245160000001	2.10345279904242
1.6240180000001	2.10194875356208
1.6235200000001	2.10099167323518
1.6230220000001	2.10059864253866
1.6225240000001	2.1007808536188
1.6220260000001	2.101543373006
1.6215280000001	2.10288496139193
1.6210300000001	2.1047979326311
1.6205320000001	2.10726803773697
1.6200340000001	2.11027436066599
1.6195360000001	2.11378921520567
1.6190380000001	2.11777803635621
1.6185400000001	2.12219926524893
1.6180420000001	2.12700423386864
1.6175440000001	2.13213706457315
1.6170460000001	2.13753460945159
1.6165480000001	2.14312646557606
1.6160500000001	2.14883511354742
1.6155520000001	2.15457623741159
1.6150540000001	2.16025929255609
1.6145560000001	2.16578839260179
1.6140580000001	2.17106358413351
1.6135600000001	2.17598256665577
1.6130620000001	2.18044289187744
1.6125640000001	2.18434463960803
1.6120660000001	2.18759351718214
1.6115680000001	2.19010426803213
1.6110700000001	2.19180420875343
1.6105720000001	2.19263665214631
1.6100740000001	2.19256392826589
1.6095760000001	2.19156969904489
1.6090780000001	2.18966028474019
1.6085800000001	2.18686478672303
1.6080820000001	2.18323389707793
1.6075840000001	2.17883741811115
1.6070860000001	2.17376065394921
1.6065880000001	2.16809995864971
1.6060900000001	2.16195780984443
1.6055920000001	2.15543781061934
1.6050940000001	2.14864000233762
1.6045960000001	2.14165680513687
1.6040980000001	2.13456980627558
1.6036000000001	2.12744750806849
1.6031020000001	2.12034404435634
1.6026040000001	2.11329879034349
1.6021060000001	2.10633673225981
1.6016080000001	2.09946943192696
1.6011100000001	2.09269641380435
1.6006120000001	2.08600681277514
1.6001140000001	2.07938114333542
1.5996160000001	2.07279307899243
1.5991180000001	2.06621115982581
1.5986200000001	2.05960037306824
1.5981220000001	2.05292357436717
1.5976240000001	2.04614273536285
1.5971260000001	2.03922001640698
1.5966280000001	2.03211867217619
1.5961300000001	2.02480380334933
1.5956320000001	2.01724297021725
1.5951340000001	2.00940668482264
1.5946360000001	2.00126879761954
1.5941380000001	1.9928067932064
1.5936400000001	1.98400200780938
1.5931420000001	1.97483977915322
1.5926440000001	1.96530953735231
1.5921460000001	1.95540484361556
1.5916480000001	1.94512338197563
1.5911500000001	1.93446690798543
1.5906520000001	1.9234411574221
1.5901540000001	1.91205571754314
1.5896560000001	1.90032386339954
1.5891580000001	1.88826236218321
1.5886600000001	1.87589124963708
1.5881620000001	1.86323358426368
1.5876640000001	1.85031518751414
1.5871660000001	1.83716438140045
1.5866680000001	1.82381173910648
1.5861700000001	1.81028986918381
1.5856720000001	1.79663325973057
1.5851740000001	1.78287821535004
1.5846760000001	1.7690629262509
1.5841780000001	1.75522771487586
1.5836800000001	1.74141550983757
1.5831820000001	1.72767259813362
1.5826840000001	1.71404970248868
1.5821860000001	1.70060341856784
1.5816880000001	1.68739802362472
1.5811900000001	1.67450763071312
1.5806920000001	1.6620186082856
1.5801940000001	1.65003211284736
1.5796960000001	1.63866649447686
1.5791980000001	1.62805923856473
1.5787000000001	1.61836801584562
1.5782020000001	1.60977034810019
1.5777040000001	1.60246138676275
1.5772060000001	1.59664937641207
1.5767080000001	1.59254855919427
1.5762100000001	1.59036957654789
1.5757120000001	1.5903078184601
1.5752140000001	1.59253059843235
1.5747160000001	1.59716440261825
1.5742180000001	1.60428367012796
1.5737200000001	1.61390252473309
1.5732220000001	1.62597056770174
1.5727240000001	1.64037330380707
1.5722260000001	1.65693712188701
1.5717280000001	1.67543813462799
1.5712300000001	1.69561373105665
1.5707320000001	1.71717548572085
1.5702340000001	1.73982210586807
1.5697360000001	1.76325132761172
1.5692380000001	1.78717000851806
1.5687400000001	1.81130202124796
1.5682420000001	1.83539386594804
1.5677440000001	1.85921815252336
1.5672460000001	1.88257524908792
1.5667480000001	1.90529345962235
1.5662500000001	1.92722810119927
1.5657520000001	1.94825981989961
1.5652540000001	1.96829243288309
1.5647560000001	1.98725052555362
1.5642580000001	2.00507697619157
1.5637600000001	2.02173053067832
1.5632620000001	2.03718350900805
1.5627640000001	2.05141969332755
1.5622660000001	2.06443242340996
1.5617680000001	2.0762229084475
1.5612700000001	2.08679875244872
1.5607720000001	2.096172683062
1.5602740000001	2.10436146922465
1.5597760000001	2.11138501077916
1.5592780000001	2.11726558242958
1.5587800000001	2.12202721462543
1.5582820000001	2.12569519479476
1.5577840000001	2.12829567353964
1.5572860000001	2.12985536178123
1.5567880000001	2.13040130627303
1.5562900000001	2.1299607323141
1.5557920000001	2.12856094383778
1.5552940000001	2.12622927229658
1.55479600000009	2.1229930668959
1.55429800000009	2.11887971974068
1.55380000000009	2.11391672035048
1.55330200000009	2.10813173477363
1.55280400000009	2.10155270519457
1.55230600000009	2.09420796648893
1.55180800000009	2.08612637664417
1.55131000000009	2.07733745833855
1.55081200000009	2.06787154926379
1.55031400000009	2.0577599589946
1.54981600000009	2.04703513035767
1.54931800000009	2.03573080333795
1.54882000000009	2.02388217958835
1.54832200000009	2.01152608558353
1.54782400000009	1.9987011323843
1.54732600000009	1.98544786986065
1.54682800000009	1.97180893306368
1.54633000000009	1.95782917824326
1.54583200000009	1.94355580578745
1.54533400000009	1.92903846711556
1.54483600000009	1.914329352301
1.54433800000009	1.89948325494147
1.54384000000009	1.88455761054735
1.54334200000009	1.8696125045014
1.54284400000009	1.85471064547353
1.54234600000009	1.83991730008016
1.54184800000009	1.8253001845845
1.54135000000009	1.81092930957736
1.54085200000009	1.79687677389022
1.54035400000009	1.78321650451247
1.53985600000009	1.77002394004594
1.53935800000009	1.75737565626561
1.53886000000009	1.74534893368631
1.53836200000009	1.73402126867097
1.53786400000009	1.72346983154692
1.53736600000009	1.71377087738636
1.53686800000009	1.70499911749376
1.53637000000009	1.69722706212891
1.53587200000009	1.69052434745461
1.53537400000009	1.68495706197653
1.53487600000009	1.68058708966657
1.53437800000009	1.67747148835278
1.53388000000009	1.67566192264804
1.53338200000009	1.67520417054284
1.53288400000009	1.67613772171403
1.53238600000009	1.6784954835826
1.53188800000009	1.68230360823905
1.53139000000009	1.68758144967709
1.53089200000009	1.69434165652744
1.53039400000009	1.70259040090956
1.52989600000009	1.71232773938612
1.52939800000009	1.72354809757133
1.52890000000009	1.73624086593509
1.52840200000009	1.75039109092156
1.52790400000009	1.76598024275047
1.52740600000009	1.78298703919605
1.52690800000009	1.80138830316713
1.52641000000009	1.82115983090502
1.52591200000009	1.8422772468905
1.52541400000009	1.86471682090869
1.52491600000009	1.88845622196964
1.52441800000009	1.91347518276988
1.52392000000009	1.93975604701468
1.52342200000009	1.96728417019564
1.52292400000009	1.99604814243611
1.52242600000009	2.02603979999621
1.52192800000009	2.05725399032917
1.52143000000009	2.08968805468523
1.52093200000009	2.12334099278407
1.52043400000009	2.15821227672446
1.51993600000009	2.19430028682179
1.51943800000009	2.23160035117038
1.51894000000009	2.27010238398513
1.51844200000009	2.30978813547915
1.51794400000009	2.35062808804578
1.51744600000009	2.39257805915411
1.51694800000009	2.43557559930106
1.51645000000009	2.47953630160844
1.51595200000009	2.52435016568322
1.51545400000009	2.56987817937532
1.51495600000009	2.61594929542894
1.51445800000009	2.6623579837823
1.51396000000009	2.70886253377534
1.51346200000009	2.75518426488844
1.51296400000009	2.80100778296174
1.51246600000009	2.84598239597048
1.51196800000009	2.88972478508434
1.51147000000009	2.93182301802052
1.51097200000009	2.97184199502375
1.51047400000009	3.00933043057269
1.50997600000009	3.04382948642441
1.50947800000009	3.07488316608019
1.50898000000009	3.10205053230046
1.50848200000009	3.12491969006951
1.50798400000009	3.14312326456959
1.50748600000009	3.15635479106551
1.50698800000009	3.16438504473315
1.50649000000009	3.16707693683143
1.50599200000009	3.16439729237571
1.50549400000009	3.1564237293406
1.50499600000009	3.14334509225398
1.50449800000009	3.12545450356252
1.50400000000009	3.10313503039606
1.50350200000009	3.07683905361079
1.50300400000009	3.0470634219771
1.50250600000009	3.01432312548371
1.50200800000009	2.97912636101979
1.50151000000009	2.94195346881483
1.50101200000009	2.90324141486899
1.50051400000009	2.86337450507872
1.50001600000009	2.82268107785034
1.49951800000009	2.78143521333767
1.49902000000009	2.73986210353224
1.49852200000009	2.6981456397287
1.49802400000009	2.65643692034872
1.49752600000009	2.61486266533959
1.49702800000009	2.57353285206907
1.49653000000009	2.53254719450303
1.49603200000009	2.49200033395847
1.49553400000009	2.45198578219818
1.49503600000009	2.4125987595239
1.49453800000009	2.37393811452843
1.49404000000009	2.33610751412074
1.49354200000009	2.29921606746968
1.49304400000009	2.2633785081706
1.49254600000009	2.22871501469882
1.49204800000009	2.19535070677806
1.49155000000009	2.16341481922897
1.49105200000009	2.13303952829314
1.49055400000009	2.10435839054569
1.49005600000009	2.07750435289857
1.48955800000009	2.05260730484123
1.48906000000009	2.02979117112884
1.48856200000009	2.00917058352489
1.48806400000009	1.99084722109782
1.48756600000009	1.97490596499714
1.48706800000009	1.96141106846544
1.48657000000009	1.95040258730217
1.48607200000009	1.94189334083626
1.48557400000009	1.9358666707265
1.48507600000009	1.93227522989567
1.48457800000009	1.93104096688207
1.48408000000009	1.93205637786947
1.48358200000009	1.93518699086799
1.48308400000009	1.94027493853095
1.48258600000009	1.94714338298618
1.48208800000009	1.95560149038972
1.48159000000009	1.965449622327
1.48109200000009	1.97648441728425
1.48059400000009	1.9885034740113
1.48009600000009	2.00130941121343
1.47959800000009	2.01471315397308
1.47910000000009	2.028536375908
1.47860200000009	2.04261309830093
1.47810400000009	2.05679050695986
1.47760600000009	2.07092909105293
1.47710800000009	2.0849022349774
1.47661000000009	2.09859540590665
1.47611200000009	2.11190507875302
1.47561400000009	2.12473753020522
1.47511600000009	2.13700761756297
1.47461800000009	2.14863763922359
1.47412000000009	2.15955635419957
1.47362200000009	2.16969821961644
1.47312400000009	2.17900288877474
1.47262600000009	2.18741499853032
1.47212800000009	2.19488426348004
1.47163000000009	2.20136588543576
1.47113200000009	2.20682127937678
1.47063400000009	2.21121911077035
1.47013600000009	2.21453663299469
1.46963800000009	2.21676130666234
1.46914000000009	2.21789267394847
1.46864200000009	2.21794444961122
1.46814400000009	2.21694677535476
1.46764600000009	2.21494856483038
1.46714800000009	2.21201984255092
1.46665000000009	2.20825395154868
1.46615200000009	2.20376947285128
1.46565400000009	2.19871166709124
1.46515600000009	2.1932532186225
1.46465800000009	2.18759404090829
1.46416000000009	2.1819598958349
1.46366200000009	2.17659959730743
1.46316400000008	2.17178061933892
1.46266600000008	2.167783017386
1.46216800000008	2.16489170113962
1.46167000000008	2.16338726253735
1.46117200000008	2.16353575037174
1.46067400000008	2.16557796865831
1.46017600000008	2.16971902835278
1.45967800000008	2.17611896723824
1.45918000000008	2.18488524277598
1.45868200000008	2.19606778385025
1.45818400000008	2.20965706694023
1.45768600000008	2.22558538967778
1.45718800000008	2.24373119605741
1.45669000000008	2.26392601480491
1.45619200000008	2.28596335099364
1.45569400000008	2.30960874939342
1.45519600000008	2.33461023298734
1.45469800000008	2.36070839818697
1.45420000000008	2.38764559236666
1.45370200000008	2.41517377693186
1.45320400000008	2.44306085998508
1.45270600000008	2.47109544374311
1.45220800000008	2.49909005937229
1.45171000000008	2.52688305069465
1.45121200000008	2.55433931978255
1.45071400000008	2.58135016746904
1.45021600000008	2.60783245778386
1.44971800000008	2.6337273149606
1.44922000000008	2.65899853169718
1.44872200000008	2.68363083310136
1.44822400000008	2.70762810597891
1.44772600000008	2.73101167017086
1.44722800000008	2.75381863870729
1.44673000000008	2.77610038693566
1.44623200000008	2.79792112723013
1.44573400000008	2.81935656479346
1.44523600000008	2.8404925907262
1.44473800000008	2.86142395039589
1.44424000000008	2.88225280798255
1.44374200000008	2.9030871123066
1.44324400000008	2.92403865592905
1.44274600000008	2.94522071145302
1.44224800000008	2.96674512970744
1.44175000000008	2.98871879923371
1.44125200000008	3.01123940156484
1.44075400000008	3.03439045887998
1.44025600000008	3.0582357651606
1.43975800000008	3.08281342051844
1.43926000000008	3.10812984511868
1.43876200000008	3.13415431727422
1.43826400000008	3.16081472954638
1.43776600000008	3.1879953441526
1.43726800000008	3.21553730562059
1.43677000000008	3.24324249247046
1.43627200000008	3.27088094408152
1.43577400000008	3.29820161003608
1.43527600000008	3.32494561442414
1.43477800000008	3.3508607255741
1.43428000000008	3.37571540283159
1.43378200000008	3.39931075615592
1.43328400000008	3.42148903271091
1.43278600000008	3.44213778422022
1.43228800000008	3.46118954749663
1.43179000000008	3.4786175372348
1.43129200000008	3.49442837200414
1.43079400000008	3.50865315073704
1.43029600000008	3.52133824974593
1.42979800000008	3.53253705230011
1.42930000000008	3.54230351550817
1.42880200000008	3.55068809148652
1.42830400000008	3.55773611479816
1.42780600000008	3.5634883993412
1.42730800000008	3.56798349880894
1.42681000000008	3.57126090835953
1.42631200000008	3.57336443932664
1.42581400000008	3.57434508155094
1.42531600000008	3.57426285405476
1.42481800000008	3.57318738972473
1.42432000000008	3.57119724985144
1.42382200000008	3.56837817121211
1.42332400000008	3.56482058017426
1.42282600000008	3.56061675573536
1.42232800000008	3.55585799747255
1.42183000000008	3.55063207876728
1.42133200000008	3.54502116765292
1.42083400000008	3.53910030059084
1.42033600000008	3.53293641395321
1.41983800000008	3.52658788109513
1.41934000000008	3.52010447000847
1.41884200000008	3.51352762385246
1.41834400000008	3.50689096856972
1.41784600000008	3.50022096271341
1.41734800000008	3.49353761987255
1.41685000000008	3.4868552503309
1.41635200000008	3.48018318372464
1.41585400000008	3.47352644738305
1.41535600000008	3.46688638536259
1.41485800000008	3.46026121098656
1.41436000000008	3.45364649128381
1.41386200000008	3.44703556547962
1.41336400000008	3.44041990203794
1.41286600000008	3.43378940005053
1.41236800000008	3.42713264132169
1.41187000000008	3.42043709954707
1.41137200000008	3.41368931271366
1.41087400000008	3.40687502438802
1.41037600000008	3.39997929900253
1.40987800000008	3.39298661565732
1.40938000000008	3.38588094436809
1.40888200000008	3.37864580813003
1.40838400000008	3.37126433364822
1.40788600000008	3.3637192931105
1.40738800000008	3.35599313894899
1.40689000000008	3.34806803315096
1.40639200000008	3.3399258723328
1.40589400000008	3.33154830948058
1.40539600000008	3.32291677298148
1.40489800000008	3.31401248332062
1.40440000000008	3.30481646759439
1.40390200000008	3.29530957179293
1.40340400000008	3.28547247063093
1.40290600000008	3.2752856745577
1.40240800000008	3.26472953345635
1.40191000000008	3.25378423645041
1.40141200000008	3.24242980717793
1.40091400000008	3.23064609387314
1.40041600000008	3.21841275361975
1.39991800000008	3.20570923021588
1.39942000000008	3.1925147252284
1.39892200000008	3.17880816202594
1.39842400000008	3.16456814288212
1.39792600000008	3.14977289965425
1.39742800000008	3.13440023909581
1.39693000000008	3.11842748458932
1.39643200000008	3.10183141703761
1.39593400000008	3.08458821888435
1.39543600000008	3.06667342682566
1.39493800000008	3.04806190081374
1.39444000000008	3.02872781954756
1.39394200000008	3.00864471591353
1.39344400000008	2.98778556989709
1.39294600000008	2.96612298143434
1.39244800000008	2.943629451553
1.39195000000008	2.92027780689666
1.39145200000008	2.89604181007725
1.39095400000008	2.87089700569476
1.39045600000008	2.84482185829942
1.38995800000008	2.8177992424567
1.38946000000008	2.78981834410118
1.38896200000008	2.76087702346577
1.38846400000008	2.7309846693808
1.38796600000008	2.70016553884154
1.38746800000008	2.66846252138879
1.38697000000008	2.63594119411088
1.38647200000008	2.60269394287238
1.38597400000008	2.5688438271118
1.38547600000008	2.53454777397668
1.38497800000008	2.49999862296751
1.38448000000008	2.46542552737108
1.38398200000008	2.43109227352062
1.38348400000008	2.39729321447115
1.38298600000008	2.36434672893079
1.38248800000008	2.33258639317137
1.38199000000008	2.30235036631645
1.38149200000008	2.27396980448057
1.38099400000008	2.2477573964459
1.38049600000008	2.22399729610685
1.37999800000008	2.20293772395675
1.37950000000008	2.18478718576858
1.37900200000008	2.16971445864181
1.37850400000008	2.15785116211212
1.37800600000008	2.14929410280392
1.37750800000008	2.14410340032744
1.37701000000008	2.14229285152632
1.37651200000008	2.14381199303233
1.37601400000008	2.14852433796672
1.37551600000008	2.15619065950618
1.37501800000008	2.16646658639129
1.37452000000008	2.17891894681225
1.37402200000008	2.19305783774411
1.37352400000008	2.20837581446651
1.37302600000008	2.22438464022273
1.37252800000008	2.24064303563038
1.37203000000008	2.25677317573919
1.37153200000008	2.27246703656727
1.37103400000008	2.28748529335252
1.37053600000008	2.30165164899653
1.37003800000008	2.31484491204815
1.36954000000008	2.32699039999779
1.36904200000008	2.3380516010294
1.36854400000008	2.34802257078566
1.36804600000008	2.35692125474553
1.36754800000008	2.36478376484412
1.36705000000008	2.3716595561174
1.36655200000008	2.37760741253766
1.36605400000008	2.38269213979987
1.36555600000008	2.38698186430811
1.36505800000008	2.3905458452064
1.36456000000008	2.39345271643105
1.36406200000008	2.39576908663081
1.36356400000008	2.39755843553808
1.36306600000007	2.3988802555849
1.36256800000007	2.39978939708277
1.36207000000007	2.40033558407311
1.36157200000007	2.40056307599018
1.36107400000007	2.40051045754016
1.36057600000007	2.4002105456427
1.36007800000007	2.39969040780978
1.35958000000007	2.39897149081053
1.35908200000007	2.39806986169913
1.35858400000007	2.39699656504338
1.35808600000007	2.39575810025058
1.35758800000007	2.39435702103897
1.35709000000007	2.39279265520728
1.35659200000007	2.39106193689116
1.35609400000007	2.38916033560034
1.35559600000007	2.38708285683734
1.35509800000007	2.38482507854069
1.35460000000007	2.38238417669102
1.35410200000007	2.3797598830037
1.35360400000007	2.37695530856922
1.35310600000007	2.37397756035015
1.35260800000007	2.37083807311404
1.35211000000007	2.36755257782183
1.35161200000007	2.36414062839697
1.35111400000007	2.36062461142319
1.35061600000007	2.35702816656655
1.35011800000007	2.35337394820847
1.34962000000007	2.34968066004294
1.34912200000007	2.34595929430757
1.34862400000007	2.3422085078023
1.34812600000007	2.33840907297025
1.34762800000007	2.33451736417114
1.34713000000007	2.3304578946025
1.34663200000007	2.32611503685232
1.34613400000007	2.32132428310592
1.34563600000007	2.31586378937352
1.34513800000008	2.30944757356161
1.34464000000007	2.30172266306848
1.34414200000007	2.29227371563904
1.34364400000007	2.28064000184182
1.34314600000008	2.2663506382878
1.34264800000008	2.24898358096075
1.34215000000008	2.22825057816505
1.34165200000007	2.20410246806972
1.34115400000008	2.17683670509153
1.34065600000008	2.14717515266571
1.34015800000008	2.11627301572982
1.33966000000008	2.08562924338079
1.33916200000007	2.05689872114928
1.33866400000007	2.03164694868145
1.33816600000007	2.01111637415591
1.33766800000007	1.99607102824429
1.33717000000007	1.98675310408634
1.33667200000007	1.98294211776413
1.33617400000007	1.98407781218522
1.33567600000007	1.9894020432241
1.33517800000007	1.99808671397313
1.33468000000007	2.00933214043684
1.33418200000007	2.02243375809251
1.33368400000007	2.03682168624224
1.33318600000007	2.05207869090506
1.33268800000007	2.06794050785575
1.33219000000007	2.08428099286369
1.33169200000007	2.1010846173811
1.33119400000007	2.11841038577447
1.33069600000007	2.13635309566278
1.33019800000007	2.15500849298941
1.32970000000007	2.17444753847556
1.32920200000007	2.19470216982998
1.32870400000007	2.21576187412221
1.32820600000007	2.23757824716221
1.32770800000007	2.26007398024781
1.32721000000007	2.28315313532802
1.32671200000007	2.30671056989286
1.32621400000007	2.3306394254591
1.32571600000007	2.35483640090676
1.32521800000007	2.37920501674159
1.32472000000007	2.40365729021206
1.32422200000007	2.42811427782884
1.32372400000007	2.45250588641295
1.32322600000007	2.47677026510461
1.32272800000007	2.50085300180353
1.32223000000007	2.52470627286865
1.32173200000007	2.54828803831768
1.32123400000007	2.57156133469171
1.32073600000007	2.59449369071476
1.32023800000007	2.61705667322537
1.31974000000007	2.63922555948273
1.31924200000007	2.66097912451523
1.31874400000007	2.68229952708362
1.31824600000007	2.70317227409583
1.31774800000007	2.7235862404508
1.31725000000007	2.74353371918323
1.31675200000007	2.76301047556602
1.31625400000007	2.78201577877303
1.31575600000007	2.8005523861208
1.31525800000007	2.81862645802384
1.31476000000007	2.83624738668129
1.31426200000007	2.85342752799278
1.31376400000007	2.87018183385374
1.31326600000007	2.88652739014785
1.31276800000007	2.90248287362787
1.31227000000007	2.91806794761875
1.31177200000007	2.93330262135257
1.31127400000007	2.94820660025198
1.31077600000007	2.96279865442411
1.31027800000007	2.97709603015673
1.30978000000007	2.99111392476686
1.30928200000007	3.00486503939097
1.30878400000007	3.01835921797231
1.30828600000007	3.03160317451329
1.30778800000007	3.044600305215
1.30729000000007	3.05735057783801
1.30679200000007	3.06985048769918
1.30629400000007	3.08209306819527
1.30579600000007	3.09406794349599
1.30529800000007	3.10576141186191
1.30480000000007	3.11715654965665
1.30430200000007	3.12823332827903
1.30380400000007	3.13896873870575
1.30330600000007	3.14933692092359
1.30280800000007	3.15930929810663
1.30231000000007	3.16885471787025
1.30181200000007	3.17793960526267
1.30131400000007	3.1865281343125
1.30081600000007	3.1945824269308
1.30031800000007	3.2020627897578
1.29982000000007	3.20892800112827
1.29932200000007	3.21513566165866
1.29882400000007	3.22064262295358
1.29832600000007	3.22540550946157
1.29782800000007	3.22938134840251
1.29733000000007	3.23252832170208
1.29683200000007	3.23480665170716
1.29633400000007	3.23617962877153
1.29583600000007	3.23661478321396
1.29533800000007	3.23608519628436
1.29484000000007	3.23457093431228
1.29434200000007	3.23206057698102
1.29384400000007	3.22855279474724
1.29334600000007	3.22405791226572
1.29284800000007	3.21859937525629
1.29235000000007	3.21221501917773
1.29185200000007	3.20495802166687
1.29135400000007	3.1968974099402
1.29085600000007	3.18811799267565
1.29035800000007	3.17871959678354
1.28986000000007	3.16881551585141
1.28936200000007	3.15853012044802
1.28886400000007	3.14799564022718
1.28836600000007	3.13734820031405
1.28786800000007	3.12672327305927
1.28737000000007	3.11625078141347
1.28687200000007	3.10605015081962
1.28637400000007	3.09622564184322
1.28587600000007	3.08686229750659
1.28537800000007	3.07802280383962
1.28488000000007	3.06974549181705
1.28438200000007	3.06204361191421
1.28388400000007	3.0549059019068
1.28338600000007	3.04829835935576
1.28288800000007	3.04216703677295
1.28239000000007	3.03644161065099
1.28189200000007	3.03103944114651
1.28139400000007	3.02586983750321
1.28089600000007	3.0208382708427
1.28039800000007	3.01585032320116
1.27990000000007	3.01081522091685
1.27940200000007	3.00564886347308
1.27890400000007	3.00027631917624
1.27840600000007	2.99463381238634
1.27790800000007	2.98867027146079
1.27741000000007	2.98234854197383
1.27691200000007	2.97564639704849
1.27641400000007	2.96855749686757
1.27591600000007	2.96109246289704
1.27541800000007	2.95328023760813
1.27492000000007	2.94516989359143
1.27442200000007	2.93683303028026
1.27392400000007	2.9283668434494
1.27342600000007	2.91989786402047
1.27292800000007	2.91158623480622
1.27243000000007	2.90363023290236
1.27193200000007	2.89627057208281
1.27143400000007	2.88979386848238
1.27093600000007	2.88453456391789
1.27043800000007	2.88087460041326
1.26994000000007	2.87924021464226
1.26944200000007	2.88009530324928
1.26894400000007	2.88393077518548
1.26844600000007	2.89124900551937
1.26794800000007	2.90254181907803
1.26745000000007	2.91825935910334
1.26695200000007	2.93876596243187
1.26645400000007	2.96427839044088
1.26595600000007	2.99478268910778
1.26545800000007	3.02993056497019
1.26496000000007	3.06892686552408
1.26446200000007	3.11043767100987
1.26396400000007	3.15256976189522
1.26346600000007	3.19298344659673
1.26296800000007	3.22917998415868
1.26247000000007	3.2589372769524
1.26197200000007	3.28077334003046
1.26147400000007	3.2942605189106
1.26097600000007	3.30005679470004
1.26047800000007	3.29965186385134
1.25998000000007	3.29495346581048
1.25948200000007	3.28787888663894
1.25898400000007	3.28006500857464
1.25848600000007	3.2727276815752
1.25798800000007	3.26664230154935
1.25749000000007	3.26219751518879
1.25699200000007	3.25948028985351
1.25649400000007	3.25836573085309
1.25599600000007	3.25859837265191
1.25549800000007	3.25985988732867
1.25500000000007	3.26182187650607
1.25450200000007	3.26418347577049
1.25400400000007	3.26669359472674
1.25350600000007	3.26915786038205
1.25300800000007	3.2714312260972
1.25251000000007	3.27339872098155
1.25201200000007	3.27494854249083
1.25151400000007	3.27594307769346
1.25101600000007	3.2761939795656
1.25051800000007	3.27544685642896
1.25002000000007	3.27337948345576
1.24952200000007	3.26961500732685
1.24902400000007	3.26374885303866
1.24852600000007	3.25538548192182
1.24802800000007	3.24417927760114
1.24753000000007	3.22987300751942
1.24703200000007	3.21232767636136
1.24653400000007	3.19153906674663
1.24603600000007	3.16763853140518
1.24553800000007	3.14087817764023
1.24504000000007	3.1116029478273
1.24454200000007	3.08021382345914
1.24404400000007	3.04712723518192
1.24354600000007	3.01273574443836
1.24304800000007	2.97737435566959
1.24255000000007	2.94129569937564
1.24205200000007	2.90465607170904
1.24155400000007	2.86751312586802
1.24105600000007	2.82983497513508
1.24055800000007	2.7915195764175
1.24006000000007	2.75242244652885
1.23956200000007	2.71238995489158
1.23906400000007	2.67129464125424
1.23856600000007	2.6290683513746
1.23806800000007	2.58572871357944
1.23757000000006	2.54139488735621
1.23707200000006	2.49628979897819
1.23657400000006	2.45072818373821
1.23607600000006	2.40509229264652
1.23557800000006	2.35979944997271
1.23508000000006	2.31526709725369
1.23458200000006	2.27188111362509
1.23408400000006	2.22997207577646
1.23358600000006	2.18980213233404
1.23308800000006	2.15156293894934
1.23259000000006	2.11538320152766
1.23209200000006	2.08134314475697
1.23159400000006	2.04949272777833
1.23109600000006	2.01987053417712
1.23059800000006	1.99252075206365
1.23010000000006	1.96750633174688
1.22960200000006	1.94491713203145
1.22910400000006	1.92487258036714
1.22860600000006	1.90751905446386
1.22810800000006	1.89302281755777
1.22761000000006	1.88155984587736
1.22711200000006	1.87330417769741
1.22661400000006	1.86841638774079
1.22611600000006	1.86703340404589
1.22561800000006	1.86926020733957
1.22512000000006	1.87516319026107
1.22462200000006	1.88476439602945
1.22412400000006	1.89803576757848
1.22362600000006	1.91489302433455
1.22312800000006	1.93518970518741
1.22263000000006	1.95871290504399
1.22213200000006	1.98518282676302
1.22163400000006	2.01425811910711
1.22113600000006	2.0455480135739
1.22063800000006	2.07863079068115
1.22014000000006	2.11307660956389
1.21964200000006	2.14847173279221
1.21914400000006	2.18444096116256
1.21864600000006	2.22066563777311
1.21814800000006	2.25689561196462
1.21765000000006	2.29295470115391
1.21715200000006	2.32874014127655
1.21665400000006	2.36421710885521
1.21615600000006	2.39940961325607
1.21565800000006	2.43438898111861
1.21516000000006	2.46926091099379
1.21466200000006	2.50415178326669
1.21416400000006	2.53919465693299
1.21366600000006	2.5745152243328
1.21316800000006	2.61021795099431
1.21267000000006	2.6463727002761
1.21217200000006	2.68300231214964
1.21167400000006	2.72007183435755
1.21117600000006	2.75748033539193
1.21067800000006	2.79505638814289
1.21018000000006	2.83255831791365
1.20968200000006	2.86968008557626
1.20918400000006	2.90606318895944
1.20868600000006	2.94131424034059
1.20818800000006	2.97502702279868
1.20769000000006	3.0068070215539
1.20719200000006	3.03629587493811
1.20669400000006	3.06319306178335
1.20619600000006	3.08727250268524
1.20569800000006	3.10839253003787
1.20520000000006	3.12649868653814
1.20470200000006	3.14161980255351
1.20420400000006	3.15385856865453
1.20370600000006	3.16337824387416
1.20320800000006	3.17038721898412
1.20271000000006	3.17512297135145
1.20221200000006	3.17783662617929
1.20171400000006	3.17877899020472
1.20121600000006	3.1781886203251
1.20071800000006	3.17628225770193
1.20022000000006	3.17324779075795
1.19972200000006	3.16923978652597
1.19922400000006	3.1643775283922
1.19872600000006	3.15874540770338
1.19822800000006	3.15239543466389
1.19773000000006	3.14535156356936
1.19723200000006	3.13761547255816
1.19673400000006	3.12917340010266
1.19623600000006	3.12000361751226
1.19573800000006	3.11008410466608
1.19524000000006	3.09939999075269
1.19474200000006	3.08795032064221
1.19424400000006	3.07575371182593
1.19374600000006	3.06285248187921
1.19324800000006	3.0493148608667
1.19275000000006	3.03523496745411
1.19225200000006	3.02073033106568
1.19175400000006	3.00593689013572
1.19125600000006	2.99100158563835
1.19075800000006	2.97607288733238
1.19026000000006	2.96128981571947
1.18976200000006	2.94677022702649
1.18926400000006	2.93259928141547
1.18876600000006	2.91881909067529
1.18826800000006	2.90542052591783
1.18777000000006	2.89233805696682
1.18727200000006	2.87944830482822
1.18677400000006	2.86657273712757
1.18627600000006	2.85348464625985
1.18577800000006	2.83992024041598
1.18528000000006	2.82559336202804
1.18478200000006	2.81021303629958
1.18428400000006	2.79350275666614
1.18378600000006	2.775220156362
1.18328800000006	2.75517553188507
1.18279000000006	2.73324762251533
1.18229200000006	2.70939515754913
1.18179400000006	2.68366298894013
1.18129600000006	2.65618212464517
1.18079800000006	2.62716361362874
1.18030000000006	2.59688691163845
1.17980200000006	2.5656839606139
1.17930400000006	2.53392063635435
1.17880600000006	2.50197739017831
1.17830800000006	2.47023081829773
1.17781000000006	2.43903758043222
1.17731200000006	2.40872163816386
1.17681400000006	2.37956528822345
1.17631600000006	2.35180401013604
1.17581800000006	2.32562478892496
1.17532000000006	2.30116733803746
1.17482200000006	2.27852753396158
1.17432400000006	2.25776236207301
1.17382600000006	2.23889573403318
1.17332800000006	2.22192464060305
1.17283000000006	2.20682522439768
1.17233200000006	2.19355847593717
1.17183400000006	2.18207536137649
1.17133600000006	2.17232127552878
1.17083800000006	2.16423977771183
1.17034000000006	2.15777561196266
1.16984200000006	2.15287704034182
1.16934400000006	2.14949753216747
1.16884600000006	2.14759685695429
1.16834800000006	2.14714162822695
1.16785000000006	2.14810534246658
1.16735200000006	2.15046795499624
1.16685400000006	2.1542150348582
1.16635600000006	2.15933654532618
1.16585800000006	2.16582530652929
1.16536000000006	2.17367521170306
1.16486200000006	2.18287928760964
1.16436400000006	2.19342771011154
1.16386600000006	2.20530590377335
1.16336800000006	2.21849286459181
1.16287000000006	2.23295984187488
1.16237200000006	2.24866949375107
1.16187400000006	2.26557558741423
1.16137600000006	2.28362324970575
1.16087800000006	2.30274968973663
1.16038000000006	2.32288522088176
1.15988200000006	2.34395431593977
1.15938400000006	2.36587634947702
1.15888600000006	2.38856562770519
1.15838800000006	2.41193028845839
1.15789000000006	2.43586967820364
1.15739200000006	2.46026988290823
1.15689400000006	2.484997207701
1.15639600000006	2.50988957195664
1.15589800000006	2.53474602303706
1.15540000000006	2.55931489253899
1.15490200000006	2.58328154856596
1.15440400000006	2.6062572592064
1.15390600000006	2.62777137948668
1.15340800000006	2.64726986095856
1.15291000000006	2.6641238238218
1.15241200000006	2.67765235568401
1.15191400000006	2.68716338215124
1.15141600000006	2.69201485642017
1.15091800000006	2.69169516476544
1.15042000000006	2.68591645714491
1.14992200000006	2.67470829313718
1.14942400000006	2.65849328555672
1.14892600000006	2.63812385248086
1.14842800000006	2.61486211199267
1.14793000000006	2.5902942026613
1.14743200000006	2.56618422169726
1.14693400000006	2.54428763979403
1.14643600000006	2.52615488835559
1.14593800000006	2.51295948699389
1.14544000000006	2.50538068832342
1.14494200000006	2.50355965988276
1.14444400000006	2.50713371208069
1.14394600000006	2.51533846518034
1.14344800000006	2.5271561440589
1.14295000000006	2.54148148506575
1.14245200000006	2.55727604107867
1.14195400000006	2.57368687099084
1.14145600000006	2.59011537772484
1.14095800000006	2.60623389382622
1.14046000000006	2.62195832332791
1.13996200000006	2.63739200232842
1.13946400000006	2.65275775044726
1.13896600000006	2.66833252717144
1.13846800000006	2.68439409954508
1.13797000000006	2.70118377364415
1.13747200000006	2.71888500879419
1.13697400000006	2.73761519093804
1.13647600000006	2.7574268578508
1.13597800000006	2.77831477032936
1.13548000000006	2.800225896299
1.13498200000006	2.8230702250046
1.13448400000006	2.8467311206034
1.13398600000006	2.87107455405523
1.13348800000006	2.89595699823645
1.13299000000006	2.92123205392771
1.13249200000006	2.94675602646254
1.13199400000006	2.97239272384304
1.13149600000006	2.99801771731614
1.13099800000006	3.02352220666595
1.13050000000006	3.04881647394278
1.13000200000006	3.07383270610719
1.12950400000005	3.0985267495964
1.12900600000005	3.12287817954098
1.12850800000005	3.14688799116754
1.12801000000005	3.17057331591999
1.12751200000005	3.19395886046241
1.12701400000005	3.2170652278774
1.12651600000005	3.23989479835264
1.12601800000005	3.26241627088364
1.12552000000005	3.28454917168958
1.12502200000005	3.30614958562194
1.12452400000005	3.32699815301959
1.12402600000005	3.34679117855445
1.12352800000005	3.36513572145948
1.12303000000005	3.38154991331138
1.12253200000005	3.39547048276571
1.12203400000006	3.40627037727095
1.12153600000005	3.41329005549953
1.12103800000006	3.41588582146833
1.12054000000005	3.41349661906603
1.12004200000005	3.40572620651025
1.11954400000005	3.39243046789165
1.11904600000005	3.37379123897221
1.11854800000005	3.35035201776652
1.11805000000005	3.32299229045672
1.11755200000005	3.29282954839236
1.11705400000005	3.26105986843775
1.11655600000005	3.22877091229779
1.11605800000005	3.19677392268822
1.11556000000005	3.16549650346125
1.11506200000005	3.13495795614601
1.11456400000005	3.10482390148354
1.11406600000005	3.07451780403644
1.11356800000005	3.04335922833313
1.11307000000005	3.01070090098366
1.11257200000005	2.97604420933919
1.11207400000005	2.93912126428239
1.11157600000005	2.8999388667814
1.11107800000005	2.85878526412521
1.11058000000005	2.81620477561269
1.11008200000005	2.7729483251309
1.10958400000005	2.72990936506737
1.10908600000005	2.68805431953635
1.10858800000005	2.6483547213588
1.10809000000005	2.61172557703283
1.10759200000005	2.57897241320888
1.10709400000005	2.55074873601291
1.10659600000005	2.52752603763484
1.10609800000005	2.50957900710854
1.10560000000005	2.49698852637261
1.10510200000005	2.4896648007412
1.10460400000005	2.48739364823664
1.10410600000005	2.48990978098019
1.10360800000005	2.49699589810621
1.10311000000005	2.50858545320175
1.10261200000005	2.52481191913022
1.10211400000005	2.5459366005296
1.10161600000005	2.57214748323235
1.10111800000005	2.60331592883379
1.10062000000005	2.63883471033345
1.10012200000005	2.67764445490978
1.09962400000005	2.71848838343692
1.09912600000005	2.76025549704126
1.09862800000005	2.80216543134127
1.09813000000005	2.84372039149257
1.09763200000005	2.88455665092007
1.09713400000005	2.92432757932986
1.09663600000005	2.9626522381469
1.09613800000005	2.9991093540415
1.09564000000005	3.03325223860049
1.09514200000005	3.06463072304876
1.09464400000005	3.09281431732654
1.09414600000005	3.11741451185582
1.09364800000005	3.13810525704917
1.09315000000005	3.15464074753939
1.09265200000005	3.16686950959563
1.09215400000005	3.17474377552301
1.09165600000005	3.17832333233285
1.09115800000005	3.17777344298905
1.09066000000005	3.17335698248736
1.09016200000005	3.1654215008875
1.08966400000005	3.15438241085648
1.08916600000005	3.14070381162953
1.08866800000005	3.1248785604802
1.08817000000005	3.10740909112222
1.08767200000005	3.0887902008493
1.08717400000005	3.06949465314145
1.08667600000005	3.049962042449
1.08617800000005	3.03059100354208
1.08568000000005	3.0117345589877
1.08518200000005	2.99369820232535
1.08468400000005	2.97674020992623
1.08418600000005	2.9610736474931
1.08368800000005	2.94686956795409
1.08319000000005	2.93426096576773
1.08269200000005	2.92334714079547
1.08219400000005	2.91419821973692
1.08169600000005	2.90685967627667
1.08119800000005	2.90135677858657
1.08070000000005	2.8976989744398
1.08020200000005	2.89588430278436
1.07970400000005	2.89590400157875
1.07920600000005	2.89774757226507
1.07870800000005	2.90140866902795
1.07821000000005	2.90689230923403
1.07771200000005	2.91422403548589
1.07721400000005	2.92346172920103
1.07671600000005	2.93471055548285
1.07621800000005	2.9481403837924
1.07572000000005	2.9640013945856
1.07522200000005	2.98262386491954
1.07472400000005	3.00436584409279
1.07422600000005	3.02943263042041
1.07372800000005	3.05746049799899
1.07323000000005	3.08687162782473
1.07273200000005	3.11451659586223
1.07223400000005	3.13670638751356
1.07173600000005	3.15166924129316
1.07123800000005	3.16089701883007
1.07074000000005	3.16770614715976
1.07024200000005	3.17505545200407
1.06974400000005	3.18467026148207
1.06924600000005	3.19721855649477
1.06874800000005	3.21264559787163
1.06825000000005	3.23027641496971
1.06775200000005	3.24873227228273
1.06725400000005	3.26595090520644
1.06675600000005	3.27965886188921
1.06625800000005	3.28827504758976
1.06576000000005	3.29159448279013
1.06526200000005	3.29063352027421
1.06476400000005	3.28686789765653
1.06426600000005	3.28156044001535
1.06376800000005	3.27550794901937
1.06327000000005	3.26909247486636
1.06277200000005	3.26243027709866
1.06227400000005	3.25550466823522
1.06177600000005	3.24825379453179
1.06127800000005	3.24061993573729
1.06078000000005	3.23257352929849
1.06028200000005	3.22412227505886
1.05978400000005	3.21531176346833
1.05928600000005	3.20622130490431
1.05878800000005	3.19695707006104
1.05829000000005	3.18764386994344
1.05779200000005	3.17841653774639
1.05729400000005	3.16941168066182
1.05679600000005	3.16076041424827
1.05629800000005	3.15258251980504
1.05580000000005	3.14498226972164
1.05530200000005	3.13804596637211
1.05480400000005	3.13184106373158
1.05430600000005	3.12641660952312
1.05380800000005	3.12180467015975
1.05331000000005	3.11802237986976
1.05281200000005	3.11507427904025
1.05231400000005	3.11295466035739
1.05181600000005	3.11164970984402
1.05131800000005	3.11113930103784
1.05082000000005	3.11139836579558
1.05032200000005	3.11239781986155
1.04982400000005	3.11410506378421
1.04932600000005	3.11648411040772
1.04882800000005	3.11949541045444
1.04833000000005	3.12309545939901
1.04783200000005	3.12723627351217
1.04733400000005	3.1318648218758
1.04683600000005	3.13692249524794
1.04633800000005	3.14234468257324
1.04584000000005	3.14806051231702
1.04534200000005	3.15399279938237
1.04484400000005	3.16005822008852
1.04434600000005	3.16616771872319
1.04384800000005	3.17222713089046
1.04335000000005	3.1781379926708
1.04285200000005	3.18379849178494
1.04235400000005	3.18910450850886
1.04185600000005	3.19395069058866
1.04135800000005	3.19823150790769
1.04086000000005	3.20184223871484
1.04036200000005	3.20467984896494
1.03986400000005	3.20664373859725
1.03936600000005	3.207636342126
1.03886800000005	3.20756358452605
1.03837000000005	3.20633520603758
1.03787200000005	3.20386498042151
1.03737400000005	3.20007085990012
1.03687600000005	3.19487508631134
1.03637800000005	3.18820431190731
1.03588000000005	3.17998977488826
1.03538200000005	3.17016757439603
1.03488400000005	3.15867908749551
1.03438600000005	3.145471566777
1.03388800000005	3.13049895164857
1.03339000000005	3.11372291907623
1.03289200000005	3.0951141903025
1.03239400000005	3.07465409872321
1.03189600000005	3.05233641044871
1.03139800000005	3.02816937307207
1.03090000000005	3.00217795002156
1.03040200000005	2.97440617818959
1.02990400000005	2.94491956644668
1.02940600000005	2.91380743398744
1.02890800000005	2.88118507281278
1.02841000000005	2.8471956114575
1.02791200000005	2.81201146155905
1.02741400000005	2.77583524997377
1.02691600000005	2.73890018235289
1.02641800000005	2.70146985515488
1.02592000000005	2.66383763769993
1.02542200000005	2.62632588909188
1.02492400000005	2.58928545954102
1.02442600000005	2.55309614908765
1.02392800000005	2.51816904261692
1.02343000000005	2.48495186177363
1.02293200000005	2.45393856408025
1.02243400000005	2.42568415847144
1.02193600000005	2.40082470450312
1.02143800000005	2.38010013401921
1.02094000000005	2.3643732434246
1.02044200000005	2.3546318347325
1.01994400000005	2.3519541542122
1.01944600000005	2.35741525359674
1.01894800000005	2.37192083517784
1.01845000000005	2.39597836310142
1.01795200000005	2.42944116667203
1.01745400000005	2.471274725667
1.01695600000005	2.51943705436039
1.01645800000005	2.57114404180444
1.01596000000005	2.62390505444335
1.01546200000005	2.67696979780189
1.01496400000005	2.73167034613174
1.01446600000005	2.7900365751371
1.01396800000005	2.85306472252903
1.01347000000005	2.9198403680583
1.01297200000005	2.98760321106621
1.01247400000005	3.0527297942781
1.01197600000005	3.11255662201659
1.01147800000005	3.1670178315969
1.01098000000005	3.21854596170433
1.01048200000005	3.26910453138456
1.00998400000005	3.30933550767457
1.00948600000005	3.31727868620677
1.00898800000005	3.3225487391962
1.00849000000005	3.3454766085524
1.00799200000005	3.37328220433618
1.00749400000005	3.39601048630962
1.00699600000005	3.40948762824217
1.00649800000005	3.41533633651132
1.00600000000005	3.41889990811071
1.00550200000005	3.4254822678922
1.00500400000005	3.43765954530457
1.00450600000005	3.45410237815256
1.00400800000005	3.46998611418873
1.00351000000005	3.47974872095018
1.00301200000005	3.4813187475169
1.00251400000005	3.47837009347452
1.00201600000005	3.47806959649341
1.00151800000005	3.48552297427215
1.00102000000005	3.49915846764833
1.00052200000005	3.51214567513765
1.00002400000005	3.51848526802856
0.999526000000046	3.51466500538557
0.999028000000045	3.50051975554737
0.998530000000045	3.47993820041538
0.998032000000045	3.45453076505191
0.997534000000045	3.42508233989117
0.997036000000045	3.39230408913552
0.996538000000045	3.35652513423084
0.996040000000045	3.31774192647253
0.995542000000045	3.27589777336999
0.995044000000045	3.23114905065262
0.994546000000045	3.18403286175914
0.994048000000045	3.13550162202888
0.993550000000045	3.08682640226271
0.993052000000045	3.03942717237633
0.992554000000045	2.99470861454703
0.992056000000045	2.9539482075287
0.991558000000045	2.91823771936326
0.991060000000045	2.88845406438146
0.990562000000045	2.86523364543542
0.990064000000045	2.84893566216331
0.989566000000045	2.83959772985498
0.989068000000045	2.83690620056142
0.988570000000045	2.84021246670451
0.988072000000044	2.84861268822636
0.987574000000045	2.86107452470385
0.987076000000044	2.87656342607112
0.986578000000044	2.89411478534057
0.986080000000044	2.91281591150955
0.985582000000044	2.93168892417444
0.985084000000044	2.94950755926803
0.984586000000045	2.96468136798062
0.984088000000045	2.97551076873997
0.983590000000044	2.98107749926042
0.983092000000044	2.98225750348848
0.982594000000044	2.98152316316736
0.982096000000044	2.9813842273454
0.981598000000044	2.98314858772461
0.981100000000044	2.9869310362965
0.980602000000044	2.9922555323054
0.980104000000045	2.99853455821546
0.979606000000045	3.00527839302348
0.979108000000045	3.0121399661076
0.978610000000045	3.01889668360862
0.978112000000045	3.02541866339097
0.977614000000044	3.03164037557218
0.977116000000044	3.03753922292248
0.976618000000044	3.04312035212037
0.976120000000044	3.04840616107293
0.975622000000044	3.05342914324571
0.975124000000044	3.05822706069708
0.974626000000044	3.06283973685027
0.974128000000044	3.06730697492935
0.973630000000044	3.07166725481624
0.973132000000044	3.07595696138913
0.972634000000044	3.08020996742287
0.972136000000044	3.08445744436131
0.971638000000044	3.08872781113529
0.971140000000044	3.09304675864028
0.970642000000044	3.0974373080207
0.970144000000044	3.10191987624827
0.969646000000044	3.10651233386045
0.969148000000044	3.11123004806894
0.968650000000044	3.11608591045947
0.968152000000043	3.12109035271338
0.967654000000043	3.12625135658545
0.967156000000043	3.13157446605573
0.966658000000043	3.13706281034474
0.966160000000043	3.14271714648774
0.965662000000043	3.14853592952132
0.965164000000043	3.15451541714171
0.964666000000043	3.16064981404827
0.964168000000043	3.16693145919637
0.963670000000043	3.17335105697897
0.963172000000043	3.17989795108193
0.962674000000043	3.18656043757988
0.962176000000043	3.19332611193186
0.961678000000043	3.20018224307815
0.961180000000043	3.20711616699799
0.960682000000043	3.2141156920051
0.960184000000043	3.22116950883415
0.959686000000043	3.22826760024265
0.959188000000043	3.23540164736703
0.958690000000043	3.24256543325494
0.958192000000043	3.24975524750694
0.957694000000043	3.25697029923507
0.957196000000043	3.26421314770374
0.956698000000043	3.27149015973339
0.956200000000043	3.27881199820967
0.955702000000043	3.28619413374506
0.955204000000043	3.29365734669371
0.954706000000043	3.30122814096853
0.954208000000043	3.30893890991732
0.953710000000043	3.31682755189788
0.953212000000043	3.32493598188927
0.952714000000043	3.33330653888903
0.952216000000043	3.34197448855853
0.951718000000043	3.35095338077682
0.951220000000042	3.36020744492832
0.950722000000042	3.36960069724516
0.950224000000042	3.3788049976598
0.949726000000042	3.38713875589451
0.949228000000042	3.39329948226992
0.948730000000042	3.39497198545726
0.948232000000042	3.38841892916065
0.947734000000042	3.36854840654383
0.947236000000042	3.33060113121586
0.946738000000042	3.27435401141477
0.946240000000042	3.20817551625985
0.945742000000042	3.1463866885653
0.945244000000042	3.10007178884051
0.944746000000042	3.07164181616873
0.944248000000042	3.05730464998123
0.943750000000042	3.0516631391173
0.943252000000042	3.05019909059676
0.942754000000042	3.0498242577456
0.942256000000041	3.04873022475903
0.941758000000041	3.04617268864639
0.941260000000041	3.04227212358443
0.940762000000041	3.03771937454917
0.940264000000041	3.03337074627751
0.939766000000041	3.02988737455049
0.939268000000041	3.02757544678377
0.938770000000041	3.02642768937307
0.938272000000041	3.02625396527251
0.937774000000041	3.02680101119038
0.937276000000041	3.02782422258593
0.936778000000041	3.02911694274897
0.936280000000041	3.03051458512657
0.935782000000041	3.03188766858306
0.935284000000041	3.03313177663313
0.934786000000041	3.03415802116723
0.934288000000041	3.03488519239976
0.933790000000041	3.03523372295745
0.933292000000041	3.03512124584556
0.932794000000041	3.03445949820641
0.932296000000041	3.03315242376949
0.931798000000041	3.03109547298964
0.931300000000041	3.02817625643978
0.930802000000041	3.02427685367472
0.930304000000041	3.01927818803303
0.929806000000041	3.01306689315362
0.929308000000041	3.00554492333841
0.928810000000041	2.99664165538372
0.928312000000041	2.98632724042353
0.927814000000041	2.97462445799803
0.927316000000041	2.96161471972547
0.926818000000041	2.94743364687917
0.926320000000041	2.93225602335679
0.925822000000041	2.91628326403191
0.925324000000041	2.89976867498552
0.924826000000041	2.88312694195776
0.924328000000041	2.86712375925963
0.923830000000041	2.8530010590231
0.923332000000041	2.84230039621592
0.92283400000004	2.83635521799729
0.92233600000004	2.83581075307613
0.92183800000004	2.84054890009805
0.92134000000004	2.84998213548634
0.92084200000004	2.86339050260216
0.92034400000004	2.88004609226442
0.91984600000004	2.89909148227681
0.91934800000004	2.919346902713
0.91885000000004	2.93931634295717
0.91835200000004	2.95749860879915
0.91785400000004	2.97277534166153
0.91735600000004	2.98455607614497
0.91685800000004	2.99262419325094
0.91636000000004	2.99687269021751
0.91586200000004	2.99711699304617
0.91536400000004	2.99305352968354
0.91486600000004	2.98434805719937
0.91436800000004	2.97080605227113
0.91387000000004	2.95256764377302
0.91337200000004	2.93026604586225
0.91287400000004	2.90509348856289
0.91237600000004	2.878736288614
0.91187800000004	2.85316911190385
0.91138000000004	2.83033227921063
0.91088200000004	2.81175082113819
0.91038400000004	2.79818584188212
0.909886000000039	2.78942717275987
0.909388000000039	2.78432090960373
0.908890000000039	2.78105851768587
0.908392000000039	2.77764857416841
0.90789400000004	2.77240437390877
0.907396000000039	2.76427519839902
0.906898000000039	2.7529359293982
0.906400000000039	2.73866727918798
0.905902000000039	2.72213117228609
0.905404000000039	2.70414643317477
0.904906000000039	2.6855262976151
0.904408000000039	2.6669918723728
0.903910000000039	2.64914662398645
0.903412000000039	2.63248749929916
0.902914000000039	2.61743043801005
0.902416000000039	2.60433431039739
0.901918000000039	2.59351372677999
0.901420000000039	2.58523659518501
0.900922000000039	2.57970682935257
0.900424000000039	2.577036232449
0.899926000000039	2.57721168025826
0.899428000000039	2.58006329524808
0.898930000000039	2.58523577750992
0.898432000000039	2.59215917065269
0.897934000000039	2.60000934882233
0.897436000000039	2.60764579180267
0.896938000000039	2.61351905453896
0.896440000000039	2.61555877598629
0.895942000000039	2.61109364336933
0.895444000000039	2.596923030933
0.894946000000039	2.56973480018365
0.894448000000039	2.52705047320595
0.893950000000039	2.4686044248444
0.893452000000039	2.39748404148636
0.892954000000039	2.31996139291293
0.892456000000039	2.24356409326617
0.891958000000039	2.17439668792511
0.891460000000039	2.11542961652048
0.890962000000039	2.06656127180452
0.890464000000039	2.02592968417369
0.889966000000039	1.99150626630163
0.889468000000039	1.96230878250356
0.888970000000039	1.93892147630126
0.888472000000039	1.92319742574643
0.887974000000039	1.91726783322665
0.887476000000038	1.92236737808186
0.886978000000038	1.93814917979729
0.886480000000039	1.96280423003931
0.885982000000039	1.99372851519297
0.885484000000039	2.02824699662736
0.884986000000039	2.06408408245249
0.884488000000038	2.0995437832994
0.883990000000039	2.13350211646115
0.883492000000039	2.16532161666918
0.882994000000038	2.1947547702838
0.882496000000038	2.22186238422697
0.881998000000038	2.24694847567724
0.881500000000038	2.27050271336548
0.881002000000038	2.29313993612761
0.880504000000038	2.31553062720794
0.880006000000038	2.33832402272051
0.879508000000038	2.36207364103904
0.879010000000038	2.38717953724639
0.878512000000038	2.41385970057353
0.878014000000038	2.4421551838779
0.877516000000038	2.47196368670792
0.877018000000038	2.50308924992232
0.876520000000038	2.53529411491334
0.876022000000038	2.56834198010384
0.875524000000038	2.6020271567204
0.875026000000038	2.63618887164511
0.874528000000038	2.67071287904046
0.874030000000038	2.70552361889928
0.873532000000038	2.74057008170231
0.873034000000038	2.77580808780251
0.872536000000038	2.81118143831254
0.872038000000038	2.84660458834894
0.871540000000038	2.88195002609328
0.871042000000038	2.91704396362235
0.870544000000038	2.95167361233525
0.870046000000038	2.98560774668519
0.869548000000038	3.01862958389464
0.869050000000038	3.05057806021386
0.868552000000038	3.08139133855264
0.868054000000038	3.11114512941515
0.867556000000038	3.14007770296174
0.867058000000037	3.16859317324383
0.866560000000037	3.19723583668991
0.866062000000037	3.22663264085931
0.865564000000037	3.25740819850031
0.865066000000037	3.29008420351281
0.864568000000037	3.32497844049523
0.864070000000037	3.36211587741771
0.863572000000037	3.40115803973796
0.863074000000037	3.4413522958239
0.862576000000037	3.48150421934687
0.862078000000037	3.51998423536919
0.861580000000037	3.55478987101584
0.861082000000037	3.58368864128219
0.860584000000037	3.60445372420983
0.860086000000037	3.61516908957125
0.859588000000037	3.6145308516259
0.859090000000037	3.60203632212972
0.858592000000037	3.57796861749986
0.858094000000036	3.54316324268042
0.857596000000036	3.498643452395
0.857098000000036	3.44526720290431
0.856600000000036	3.38350662979505
0.856102000000036	3.31340719341825
0.855604000000036	3.2347018981394
0.855106000000036	3.14702191096198
0.854608000000036	3.05015047646181
0.854110000000036	2.94429409196511
0.853612000000036	2.83037083980629
0.853114000000036	2.71031968616675
0.852616000000036	2.58740100006092
0.852118000000036	2.46638714909432
0.851620000000036	2.35346188245061
0.851122000000036	2.25562615612019
0.850624000000036	2.17953697054296
0.850126000000036	2.13002207692443
0.849628000000036	2.10886599841044
0.849130000000036	2.11450209346949
0.848632000000036	2.14277828883142
0.848134000000036	2.18833652062574
0.847636000000036	2.24591874413146
0.847138000000036	2.31117706661104
0.846640000000036	2.38095331169464
0.846142000000036	2.45320413828951
0.845644000000036	2.52676263231895
0.845146000000036	2.60105573230018
0.844648000000036	2.6758273754453
0.844150000000036	2.7508834584674
0.843652000000036	2.82587453959121
0.843154000000036	2.9001486536974
0.842656000000036	2.9727163917345
0.842158000000036	3.0423493829562
0.841660000000036	3.10777488380332
0.841162000000036	3.16786686389351
0.840664000000036	3.22172691720415
0.840166000000036	3.26861990399299
0.839668000000036	3.30783120512401
0.839170000000036	3.33857156453535
0.838672000000035	3.36004205885013
0.838174000000035	3.37170789750238
0.837676000000035	3.37375044502748
0.837178000000035	3.36758787446968
0.836680000000035	3.35627106551764
0.836182000000035	3.34448007303965
0.835684000000035	3.33781641811083
0.835186000000035	3.341163327586
0.834688000000035	3.35616663912949
0.834190000000035	3.37868644408072
0.833692000000035	3.39838838874138
0.833194000000035	3.40256438790332
0.832696000000035	3.38254808270889
0.832198000000035	3.33753360292742
0.831700000000035	3.27327147612711
0.831202000000035	3.19813865062511
0.830704000000035	3.11977127106625
0.830206000000035	3.04335659647532
0.829708000000035	2.9713296040151
0.829210000000035	2.90391317977999
0.828712000000035	2.83998010573662
0.828214000000034	2.77786069877412
0.827716000000034	2.71591192242672
0.827218000000034	2.65282410664853
0.826720000000034	2.58772602766027
0.826222000000034	2.52016835138998
0.825724000000034	2.45005078818209
0.825226000000034	2.37753476446717
0.824728000000034	2.30296321686718
0.824230000000034	2.22679562713463
0.823732000000034	2.14955900212928
0.823234000000034	2.07181241112407
0.822736000000034	1.99412226512552
0.822238000000034	1.91704647969637
0.821740000000034	1.84112702288716
0.821242000000034	1.76689130099914
0.820744000000034	1.69486273099836
0.820246000000034	1.62557939516225
0.819748000000034	1.55961718765238
0.819250000000034	1.49761132366709
0.818752000000034	1.44026874112742
0.818254000000033	1.38836460531125
0.817756000000033	1.34271874081469
0.817258000000033	1.30415153931682
0.816760000000033	1.27342280795942
0.816262000000033	1.25116054253649
0.815764000000033	1.23778926248023
0.815266000000033	1.2334685238373
0.814768000000033	1.23805050417734
0.814270000000033	1.25106085401944
0.813772000000033	1.27170081948343
0.813274000000033	1.29886404021701
0.812776000000033	1.33116156614799
0.812278000000033	1.36695504154804
0.811780000000033	1.40440974128891
0.811282000000033	1.4415924250787
0.810784000000033	1.47664623021991
0.810286000000033	1.50806428964905
0.809788000000033	1.53504422250529
0.809290000000033	1.55784062844292
0.808792000000033	1.57797629376262
0.808294000000033	1.5981800343406
0.807796000000033	1.62201355733392
0.807298000000033	1.65327151159678
0.806800000000033	1.69527378649276
0.806302000000033	1.75006355128311
0.805804000000033	1.81739852730098
0.805306000000033	1.89361160686906
0.804808000000033	1.97124611746337
0.804310000000033	2.04115771909048
0.803812000000033	2.09718912382839
0.803314000000033	2.13970807651504
0.802816000000033	2.17445015716946
0.802318000000033	2.20843137293198
0.801820000000033	2.24683588377982
0.801322000000033	2.29205063619495
0.800824000000033	2.34393620178601
0.800326000000033	2.40050942760871
0.799828000000033	2.45876286957432
0.799330000000032	2.51549024840035
0.798832000000032	2.56792260783083
0.798334000000032	2.61402488326759
0.797836000000032	2.65247021339662
0.797338000000032	2.68243606698003
0.796840000000032	2.70337294084808
0.796342000000032	2.71483285452284
0.795844000000032	2.71638333118974
0.795346000000032	2.70760201602321
0.794848000000032	2.68814125198204
0.794350000000032	2.65785374311588
0.793852000000032	2.61696395915294
0.793354000000032	2.56624689319685
0.792856000000032	2.50714883076368
0.792358000000032	2.44179348811693
0.791860000000032	2.37288451841077
0.791362000000032	2.3035810255749
0.790864000000032	2.23738900837089
0.790366000000032	2.1780007736171
0.789868000000032	2.12897050031107
0.789370000000032	2.09322630444296
0.788872000000032	2.07262635369598
0.788374000000031	2.06788498064383
0.787876000000032	2.07900033498209
0.787378000000031	2.1058005641168
0.786880000000031	2.14791438135696
0.786382000000031	2.20402426909308
0.785884000000031	2.2712334525235
0.785386000000031	2.34538038387836
0.784888000000031	2.4221078958722
0.784390000000031	2.49788100007459
0.783892000000031	2.57046319030789
0.783394000000031	2.63887431646686
0.782896000000031	2.70305334444091
0.782398000000031	2.76341114995364
0.781900000000031	2.82037868105324
0.781402000000031	2.87401796129807
0.780904000000031	2.92376185475543
0.780406000000031	2.96834638334128
0.779908000000031	3.0059636006098
0.779410000000031	3.03459031398525
0.778912000000031	3.05237498498818
0.778414000000031	3.05794317891575
0.777916000000031	3.05052978264274
0.777418000000031	3.02993092606784
0.776920000000031	2.99633683746928
0.776422000000031	2.95012988457736
0.775924000000031	2.8917178051172
0.775426000000031	2.82144538633158
0.77492800000003	2.73960726062405
0.774430000000031	2.6465750061909
0.77393200000003	2.54304923395997
0.77343400000003	2.43044309833129
0.77293600000003	2.31137927825777
0.77243800000003	2.1902030332141
0.77194000000003	2.07325131269284
0.77144200000003	1.96842607092323
0.77094400000003	1.88362751354666
0.77044600000003	1.82415391173946
0.76994800000003	1.7902228115928
0.76945000000003	1.77628990341392
0.76895200000003	1.77277447664408
0.76845400000003	1.76906374280312
0.76795600000003	1.75623652339063
0.76745800000003	1.72889245338511
0.76696000000003	1.68631834653947
0.76646200000003	1.63316650567812
0.76596400000003	1.57915386954777
0.76546600000003	1.53686639471029
0.76496800000003	1.51756303012138
0.76447000000003	1.52690586473168
0.76397200000003	1.56351602884904
0.76347400000003	1.62106409875741
0.76297600000003	1.69165189534464
0.76247800000003	1.76816629313092
0.76198000000003	1.84516810580825
0.76148200000003	1.91902161106005
0.76098400000003	1.98785414920278
0.76048600000003	2.05142304354146
0.75998800000003	2.11076483231486
0.75949000000003	2.16767476306545
0.75899200000003	2.22422802247017
0.75849400000003	2.28248262483741
0.75799600000003	2.34434052453044
0.75749800000003	2.41146229990595
0.75700000000003	2.48514031409601
0.75650200000003	2.56607573328676
0.75600400000003	2.65404813444117
0.755506000000029	2.74752293204468
0.755008000000029	2.84332404664249
0.754510000000029	2.93658063717916
0.754012000000029	3.02115848473255
0.753514000000029	3.09063519748458
0.753016000000029	3.13961132142385
0.752518000000029	3.16493846752142
0.752020000000029	3.16645421668576
0.751522000000029	3.14703129440041
0.751024000000029	3.11201009589307
0.750526000000029	3.06823929471592
0.750028000000029	3.02297285079607
0.749530000000029	2.98282446997779
0.749032000000029	2.95292481072791
0.748534000000029	2.93638272532022
0.748036000000029	2.93410664866787
0.747538000000029	2.94498107611277
0.747040000000029	2.96632265757013
0.746542000000029	2.99448639750798
0.746044000000029	3.02547696146238
0.745546000000029	3.05544617299155
0.745048000000029	3.08101262837451
0.744550000000029	3.09940421351429
0.744052000000029	3.10847942264748
0.743554000000029	3.10671124375775
0.743056000000029	3.09320855774477
0.742558000000029	3.06780801361999
0.742060000000029	3.03121092430647
0.741562000000029	2.98509044203086
0.741064000000029	2.93207857333671
0.740566000000029	2.87556968484358
0.740068000000029	2.8193343656662
0.739570000000029	2.76700218560687
0.739072000000029	2.72152784872169
0.738574000000029	2.68478784091917
0.738076000000029	2.65743626230445
0.737578000000028	2.63905960192495
0.737080000000028	2.62854641748553
0.736582000000029	2.62451207423045
0.736084000000028	2.62564064939306
0.735586000000028	2.6308905481145
0.735088000000028	2.63957782321977
0.734590000000028	2.65135493593615
0.734092000000028	2.66606823410676
0.733594000000028	2.68347657144536
0.733096000000028	2.70288216792112
0.732598000000028	2.72281171200067
0.732100000000028	2.74091567158999
0.731602000000028	2.75420544427171
0.731104000000028	2.75962895914485
0.730606000000028	2.75481484279699
0.730108000000028	2.73869465790717
0.729610000000028	2.71179575987799
0.729112000000028	2.6762622605995
0.728614000000028	2.63582402226761
0.728116000000028	2.59575508173173
0.727618000000028	2.56249064971016
0.727120000000028	2.54249114357344
0.726622000000028	2.54050753977444
0.726124000000028	2.55819770301117
0.725626000000028	2.59403654750495
0.725128000000027	2.64445462573613
0.724630000000027	2.7052885269644
0.724132000000027	2.77276154692309
0.723634000000028	2.84385046724547
0.723136000000028	2.91628892505284
0.722638000000028	2.98846107970852
0.722140000000027	3.05928199917739
0.721642000000027	3.12805805396788
0.721144000000027	3.19432214795623
0.720646000000027	3.25765539439176
0.720148000000027	3.31745721266701
0.719650000000027	3.37257493306688
0.719152000000027	3.42080605379102
0.718654000000027	3.45859742059204
0.718156000000027	3.48163127850316
0.717658000000027	3.48697174024739
0.717160000000027	3.47640974298677
0.716662000000027	3.45874030159827
0.716164000000027	3.44802136429807
0.715666000000027	3.4570055195281
0.715168000000027	3.48788465822499
0.714670000000027	3.52582892074294
0.714172000000027	3.54480394407735
0.713674000000027	3.52592936156205
0.713176000000027	3.46907864007851
0.712678000000027	3.38737116469177
0.712180000000027	3.29626322237093
0.711682000000027	3.20694568289075
0.711184000000027	3.12456617847624
0.710686000000027	3.04940030380248
0.710188000000027	2.97920074166818
0.709690000000027	2.91133945388743
0.709192000000027	2.84404521078908
0.708694000000027	2.77671317053826
0.708196000000027	2.70963996047117
0.707698000000027	2.64358956842293
0.707200000000027	2.57945101879915
0.706702000000027	2.51807083826437
0.706204000000027	2.46023045977531
0.705706000000026	2.40670303167238
0.705208000000026	2.35833330272257
0.704710000000026	2.31610622339979
0.704212000000026	2.28118847312067
0.703714000000026	2.25493820208826
0.703216000000026	2.23888156815157
0.702718000000026	2.23464728999847
0.702220000000026	2.24382350766437
0.701722000000026	2.26764365069877
0.701224000000026	2.30633849359605
0.700726000000026	2.35805647257323
0.700228000000026	2.41780789650393
0.699730000000026	2.47794465330266
0.699232000000026	2.53143770467224
0.698734000000026	2.57575295719538
0.698236000000026	2.6130602213155
0.697738000000026	2.64686661443706
0.697240000000026	2.67891515809808
0.696742000000026	2.70817437417544
0.696244000000026	2.73121878976009
0.695746000000026	2.74316711939097
0.695248000000026	2.73897675556897
0.694750000000026	2.71504298322467
0.694252000000026	2.67070136475652
0.693754000000026	2.60890008897333
0.693256000000026	2.53554994896725
0.692758000000026	2.45783952496149
0.692260000000026	2.38240745952921
0.691762000000026	2.3141677866405
0.691264000000026	2.25603931261581
0.690766000000025	2.20936155145371
0.690268000000025	2.17459036369145
0.689770000000025	2.15187855580897
0.689272000000025	2.14126835758636
0.688774000000025	2.14245739163534
0.688276000000025	2.154444507315
0.687778000000025	2.17546477802497
0.687280000000025	2.20317321413487
0.686782000000025	2.23476775953192
0.686284000000025	2.26706497532121
0.685786000000025	2.29666906602379
0.685288000000025	2.32018767470886
0.684790000000025	2.33440031331634
0.684292000000025	2.3363954633175
0.683794000000025	2.32377151873935
0.683296000000025	2.29498370177408
0.682798000000025	2.24985063871676
0.682300000000025	2.19015009040282
0.681802000000025	2.12014969886247
0.681304000000025	2.04683987759879
0.680806000000025	1.97957049040923
0.680308000000025	1.92879123323824
0.679810000000025	1.90381595977942
0.679312000000025	1.91015931535279
0.678814000000025	1.94776877499643
0.678316000000025	2.01142741361865
0.677818000000024	2.0932540258527
0.677320000000024	2.18579506992418
0.676822000000024	2.28408739090708
0.676324000000024	2.3860129007071
0.675826000000024	2.49117184100289
0.675328000000024	2.59889738717165
0.674830000000024	2.70621105071799
0.674332000000024	2.80679143852058
0.673834000000024	2.89206599846183
0.673336000000024	2.95465058616344
0.672838000000024	2.99263506194087
0.672340000000024	3.01192138780009
0.671842000000024	3.02446790763303
0.671344000000024	3.04272305677973
0.670846000000024	3.07285164843963
0.670348000000024	3.11113712804418
0.669850000000024	3.14801389599181
0.669352000000023	3.17666390075075
0.668854000000023	3.19525357771886
0.668356000000023	3.20105921857836
0.667858000000023	3.18743136477845
0.667360000000023	3.15094016441453
0.666862000000023	3.0990427971952
0.666364000000023	3.04402172142171
0.665866000000023	2.99233061559805
0.665368000000023	2.94311760682348
0.664870000000023	2.89248425696197
0.664372000000023	2.83706706597286
0.663874000000023	2.77558437197495
0.663376000000023	2.70907688830101
0.662878000000023	2.64054411879687
0.662380000000023	2.57433832908308
0.661882000000023	2.51547597352847
0.661384000000023	2.4689522411771
0.660886000000023	2.43910736651396
0.660388000000023	2.42905580806475
0.659890000000023	2.44018791124251
0.659392000000023	2.47182134193092
0.658894000000023	2.52115713708267
0.658396000000023	2.58366201065326
0.657898000000023	2.65382441980638
0.657400000000023	2.72604809353
0.656902000000023	2.79540606569201
0.656404000000023	2.85808913004457
0.655906000000023	2.911532710262
0.655408000000023	2.95430081403719
0.654910000000023	2.98583554204816
0.654412000000023	3.00618413526481
0.653914000000023	3.01581504121834
0.653416000000023	3.01560398927391
0.652918000000023	3.00696721091421
0.652420000000023	2.99197446156184
0.651922000000023	2.9732371223106
0.651424000000023	2.95353373530372
0.650926000000023	2.93537449606395
0.650428000000023	2.92080587432033
0.649930000000023	2.9116696116852
0.649432000000022	2.91029323181541
0.648934000000022	2.92012848798415
0.648436000000022	2.94513217970063
0.647938000000022	2.98672737220247
0.647440000000022	3.04050748390685
0.646942000000022	3.09799108639882
0.646444000000022	3.15205334091301
0.645946000000022	3.19892889987456
0.645448000000022	3.23625254315561
0.644950000000022	3.26059273000359
0.644452000000022	3.26587042597659
0.643954000000022	3.24343383073432
0.643456000000022	3.18563053589221
0.642958000000022	3.09254223752831
0.642460000000022	2.97483210922775
0.641962000000022	2.84722116067891
0.641464000000022	2.72015630296077
0.640966000000022	2.59841912439775
0.640468000000022	2.48483919619316
0.639970000000022	2.38391233180462
0.639472000000022	2.30279456097076
0.638974000000022	2.24927813875004
0.638476000000023	2.22811352792281
0.637978000000023	2.23853759673289
0.637480000000023	2.2749352334982
0.636982000000023	2.32963957576431
0.636484000000023	2.39554066298009
0.635986000000023	2.46733690927385
0.635488000000023	2.54168332373001
0.634990000000022	2.61687735592684
0.634492000000022	2.69245682960136
0.633994000000022	2.76872561355697
0.633496000000022	2.845987295032
0.632998000000022	2.92324072615964
0.632500000000022	2.99642596129416
0.632002000000022	3.05729489510602
0.631504000000022	3.09544307191156
0.631006000000022	3.10508085996125
0.630508000000022	3.09117935537937
0.630010000000022	3.0662976997128
0.629512000000022	3.04156341298878
0.629014000000022	3.02272393962127
0.628516000000022	3.01238788416056
0.628018000000022	3.01293857573389
0.627520000000021	3.02707121288762
0.627022000000021	3.05608375222648
0.626524000000021	3.09746251256381
0.626026000000021	3.14386805505391
0.625528000000021	3.18504995633138
0.625030000000021	3.21196958863322
0.624532000000021	3.2201959440831
0.624034000000021	3.21023633380666
0.623536000000021	3.18527829362045
0.623038000000021	3.14850095832696
0.622540000000021	3.10162199572917
0.622042000000021	3.04511905679201
0.621544000000021	2.97947728655008
0.621046000000021	2.9061147269423
0.620548000000021	2.82691797084241
0.620050000000021	2.74257446985997
0.619552000000021	2.65109270203934
0.619054000000021	2.54821306731277
0.618556000000021	2.43019531466588
0.618058000000021	2.29670494308958
0.617560000000021	2.15059284297976
0.61706200000002	1.99531673419318
0.61656400000002	1.8341538873974
0.61606600000002	1.67271660993175
0.61556800000002	1.52180550096235
0.615070000000021	1.3965866605197
0.61457200000002	1.31103880530467
0.61407400000002	1.27144455712969
0.61357600000002	1.27478801621379
0.61307800000002	1.31327513763443
0.61258000000002	1.37971001146484
0.61208200000002	1.46899211974159
0.61158400000002	1.57647035406874
0.61108600000002	1.69651477839976
0.61058800000002	1.82290162341933
0.61009000000002	1.95030617708577
0.60959200000002	2.07559012192783
0.60909400000002	2.19809130163972
0.60859600000002	2.31896356066942
0.60809800000002	2.44004777209601
0.60760000000002	2.56264446200067
0.60710200000002	2.68639161804324
0.60660400000002	2.80849054145055
0.60610600000002	2.92360012110459
0.60560800000002	3.02463499781746
0.605110000000019	3.10443131925983
0.604612000000019	3.15779300359037
0.60411400000002	3.18296854108082
0.60361600000002	3.1817229609798
0.603118000000019	3.1581195030841
0.602620000000019	3.11704802579267
0.602122000000019	3.06348434898055
0.60162400000002	3.00260442896291
0.60112600000002	2.94005533796698
0.600628000000019	2.88162350576927
0.600130000000019	2.83237125085216
0.599632000000019	2.79614537125222
0.599134000000019	2.77588541403881
0.598636000000019	2.77365087257588
0.598138000000019	2.78950257089277
0.597640000000019	2.8210925288406
0.597142000000019	2.86563186855487
0.596644000000019	2.9213993987872
0.596146000000019	2.98489113616406
0.595648000000019	3.04602072129528
0.595150000000019	3.09096580589939
0.594652000000019	3.11251765375369
0.594154000000019	3.11262843713399
0.593656000000019	3.09594990385279
0.593158000000019	3.06620735661261
0.592660000000019	3.02805727108789
0.592162000000019	2.98929243263772
0.591664000000018	2.95920506961521
0.591166000000018	2.94396394851719
0.590668000000018	2.94327619081471
0.590170000000018	2.95104695496427
0.589672000000018	2.95900460093375
0.589174000000018	2.9602903348633
0.588676000000018	2.95089948086889
0.588178000000018	2.92907433376259
0.587680000000018	2.89391408582326
0.587182000000018	2.84408150931166
0.586684000000018	2.77691457918385
0.586186000000018	2.68824117013032
0.585688000000018	2.57330832781963
0.585190000000018	2.42901692102416
0.584692000000018	2.25695530669546
0.584194000000018	2.06575302231326
0.583696000000018	1.87107277411163
0.583198000000018	1.6931105279748
0.582700000000018	1.55318882819813
0.582202000000018	1.46999640607464
0.581704000000017	1.45422735086509
0.581206000000017	1.50359523624709
0.580708000000017	1.60414160475595
0.580210000000017	1.737823685829
0.579712000000017	1.88940763942657
0.579214000000017	2.04887881393816
0.578716000000017	2.21065964989081
0.578218000000017	2.37162067095098
0.577720000000017	2.52903332221245
0.577222000000017	2.67932609890907
0.576724000000017	2.81809068111174
0.576226000000017	2.94086146785709
0.575728000000017	3.04312492547986
0.575230000000017	3.11738622361215
0.574732000000017	3.14859934041925
0.574234000000017	3.12334391741551
0.573736000000017	3.05788724644628
0.573238000000017	2.98875696855394
0.572740000000017	2.93328648825154
0.572242000000017	2.8895486495028
0.571744000000017	2.85356705083
0.571246000000017	2.82463253520009
0.570748000000017	2.80187500048111
0.570250000000017	2.7815884706859
0.569752000000017	2.75865255509985
0.569254000000017	2.72932926261424
0.568756000000017	2.69305045579023
0.568258000000017	2.65331706117242
0.567760000000017	2.61811812548632
0.567262000000016	2.59878786247841
0.566764000000016	2.60598662261359
0.566266000000016	2.64479071223512
0.565768000000016	2.71322282416817
0.565270000000016	2.80474863280176
0.564772000000016	2.91156872149493
0.564274000000016	3.02687806823744
0.563776000000016	3.14593201469184
0.563278000000016	3.26574859958761
0.562780000000016	3.38341531592172
0.562282000000016	3.49366770634352
0.561784000000016	3.58737160699219
0.561286000000016	3.65303592271374
0.560788000000016	3.68181204102898
0.560290000000016	3.67277590543315
0.559792000000016	3.63394408715372
0.559294000000016	3.57828335344192
0.558796000000016	3.51838234524217
0.558298000000016	3.46329194676787
0.557800000000016	3.4180016317242
0.557302000000016	3.38407990414846
0.556804000000016	3.36004812514165
0.556306000000016	3.34111964322673
0.555808000000016	3.31939051578825
0.555310000000016	3.28666276542471
0.554812000000016	3.24048873638347
0.554314000000016	3.18737349634093
0.553816000000016	3.13568778985932
0.553318000000016	3.08703246143967
0.552820000000016	3.03901734851952
0.552322000000016	2.9929595544722
0.551824000000016	2.95530048016376
0.551326000000016	2.93366875612434
0.550828000000016	2.93444798223581
0.550330000000016	2.96314726426249
0.549832000000015	3.02295671754544
0.549334000000015	3.10936238500539
0.548836000000015	3.20742935970854
0.548338000000015	3.29761508796546
0.547840000000015	3.36398854266842
0.547342000000015	3.39741122234937
0.546844000000015	3.39540035095145
0.546346000000015	3.36241715426334
0.545848000000015	3.30879270622104
0.545350000000015	3.2465755537831
0.544852000000015	3.18559629080145
0.544354000000015	3.13235532378258
0.543856000000015	3.09088811685527
0.543358000000015	3.06385450132597
0.542860000000015	3.05271794980707
0.542362000000015	3.0567844309814
0.541864000000015	3.07199275203172
0.541366000000015	3.09122354448244
0.540868000000014	3.10711244001798
0.540370000000014	3.11566859101067
0.539872000000014	3.11761397640753
0.539374000000014	3.11659211617436
0.538876000000014	3.11620775804832
0.538378000000014	3.11796472297095
0.537880000000014	3.12046028662298
0.537382000000014	3.11918916862796
0.536884000000014	3.10765399389376
0.536386000000014	3.08301709695686
0.535888000000014	3.05481595433007
0.535390000000014	3.04115579788924
0.534892000000014	3.05178360347033
0.534394000000014	3.08445941155254
0.533896000000014	3.13323128669218
0.533398000000014	3.19230880663815
0.532900000000014	3.25567530853668
0.532402000000014	3.31658590791145
0.531904000000014	3.36763778577953
0.531406000000014	3.4022192739963
0.530908000000014	3.41716975424769
0.530410000000014	3.41349475504109
0.529912000000013	3.39220945876632
0.529414000000013	3.34930300648634
0.528916000000013	3.27994924478689
0.528418000000013	3.19023574495632
0.527920000000013	3.09827769439501
0.527422000000013	3.02098608655335
0.526924000000013	2.96459070715181
0.526426000000013	2.92745127372896
0.525928000000013	2.90598827693557
0.525430000000013	2.89822536222317
0.524932000000013	2.9119604900142
0.524434000000013	2.95525787392555
0.523936000000013	3.01529969843671
0.523438000000013	3.08067581740303
0.522940000000013	3.14838687757942
0.522442000000013	3.21431243848854
0.521944000000013	3.27462223918362
0.521446000000013	3.3267308620562
0.520948000000013	3.36948537977208
0.520450000000013	3.40346790971283
0.519952000000012	3.42838878214679
0.519454000000012	3.43022710283698
0.518956000000012	3.36883806952253
0.518458000000012	3.25881864679016
0.517960000000012	3.18308089001605
0.517462000000012	3.14418694853105
0.516964000000012	3.11040036460619
0.516466000000012	3.06513202764192
0.515968000000012	3.01066787634176
0.515470000000012	2.95750457881666
0.514972000000012	2.90822385174706
0.514474000000012	2.85584586464355
0.513976000000012	2.79366510714335
0.513478000000012	2.72046166507532
0.512980000000012	2.63960650428727
0.512482000000012	2.5567571404298
0.511984000000012	2.47809961750966
0.511486000000012	2.40941499640757
0.510988000000012	2.35604411036058
0.510490000000012	2.32360837491859
0.509992000000012	2.31869375217723
0.509494000000012	2.34755046107705
0.508996000000011	2.411084953491
0.508498000000011	2.5003974849672
0.508000000000011	2.60276683308079
0.507502000000011	2.71597107423947
0.507004000000011	2.84653536538786
0.506506000000011	2.98567373918177
0.506008000000011	3.11105565644141
0.505510000000011	3.2187762657901
0.505012000000011	3.30259730389914
0.504514000000011	3.30883493706537
0.504016000000011	3.35208617125409
0.503518000000011	3.38959712736078
0.503020000000011	3.40173637126058
0.502522000000011	3.42416697820652
0.502024000000011	3.4583315484625
0.501526000000011	3.46913618552578
0.501028000000011	3.47255317421866
0.500530000000011	3.4978356722067
0.500032000000011	3.51448200703553
0.499534000000011	3.49622897016737
0.499036000000011	3.44650734852676
0.498538000000011	3.374679279975
0.498040000000011	3.28688848842253
0.497542000000011	3.18889101841123
0.497044000000011	3.08548681061102
0.496546000000011	2.98396318297735
0.496048000000011	2.89479929782494
0.495550000000011	2.82872862023748
0.495052000000011	2.79194392249873
0.494554000000011	2.78269704327184
0.49405600000001	2.79306798844263
0.49355800000001	2.81396412701061
0.49306000000001	2.83781248223937
0.49256200000001	2.85818061030935
0.49206400000001	2.87006116564907
0.49156600000001	2.87276298070937
0.49106800000001	2.87138291228442
0.49057000000001	2.87416400809325
0.49007200000001	2.88895746005996
0.48957400000001	2.92042045906784
0.48907600000001	2.96673122115533
0.48857800000001	3.01516034284495
0.48808000000001	3.04026406550199
0.48758200000001	3.0215789101961
0.48708400000001	2.98295179231329
0.48658600000001	2.97406119241447
0.48608800000001	3.00623773616138
0.48559000000001	3.06093311589103
0.48509200000001	3.12347176823317
0.48459400000001	3.19050381643893
0.48409600000001	3.26324419054905
0.48359800000001	3.34159804069503
0.48310000000001	3.41929064427223
0.48260200000001	3.47911454990895
0.48210400000001	3.49898182715596
0.48160600000001	3.46813863456389
0.48110800000001	3.3930903806232
0.48061000000001	3.28930182834327
0.48011200000001	3.17486904350607
0.47961400000001	3.06936322468869
0.479116000000009	2.99315001750311
0.478618000000009	2.96583532358355
0.478120000000009	3.00337067561974
0.477622000000009	3.10768564659458
0.477124000000009	3.25452013009241
0.476626000000009	3.40368763618882
0.476128000000009	3.52312584393608
0.475630000000009	3.59918064920241
0.475132000000009	3.63133615808877
0.474634000000009	3.62303273408616
0.474136000000009	3.57456209004956
0.473638000000009	3.48155975088001
0.473140000000009	3.35197265714656
0.472642000000009	3.22966945350369
0.472144000000009	3.15584305783304
0.471646000000009	3.12196095712839
0.471148000000009	3.10495287845508
0.470650000000009	3.09892579994635
0.470152000000009	3.10509512847308
0.469654000000009	3.1202600537329
0.469156000000009	3.14065839771306
0.468658000000009	3.16476218190155
0.468160000000009	3.19335984740161
0.467662000000009	3.23174900829931
0.467164000000009	3.28825338388316
0.466666000000009	3.36440909762399
0.466168000000009	3.44938884418196
0.465670000000009	3.52812621478979
0.465172000000009	3.58851771974517
0.464674000000009	3.6233001876968
0.464176000000009	3.63163884853104
0.463678000000009	3.61851107721491
0.463180000000008	3.59075773262542
0.462682000000008	3.5535520185706
0.462184000000008	3.51039749033333
0.461686000000008	3.46511814590886
0.461188000000008	3.4228412971898
0.460690000000008	3.38762133438263
0.460192000000008	3.35809785425821
0.459694000000008	3.32703417434897
0.459196000000008	3.29099636407343
0.458698000000008	3.25985091134762
0.458200000000008	3.24840528746305
0.457702000000008	3.26472029534154
0.457204000000008	3.30655348369354
0.456706000000008	3.35605664631157
0.456208000000008	3.38423769705469
0.455710000000008	3.38488629782174
0.455212000000008	3.38542612309377
0.454714000000008	3.38449499168553
0.454216000000008	3.33420413977979
0.453718000000008	3.225651900386
0.453220000000008	3.0941974496299
0.452722000000008	2.96759159815537
0.452224000000008	2.85335857215394
0.451726000000008	2.74734150119954
0.451228000000008	2.64248466318039
0.450730000000008	2.53474028511653
0.450232000000008	2.42553588994724
0.449734000000007	2.32002855011517
0.449236000000007	2.2236238790515
0.448738000000007	2.14241047707653
0.448240000000007	2.09356296479837
0.447742000000007	2.11441921441562
0.447244000000007	2.23115383674669
0.446746000000007	2.37988634985377
0.446248000000007	2.45413825377932
0.445750000000007	2.46008081430904
0.445252000000007	2.4313649098077
0.444754000000007	2.37372228092577
0.444256000000007	2.29975957801707
0.443758000000007	2.23831261524673
0.443260000000007	2.22078987097461
0.442762000000007	2.26195803021201
0.442264000000007	2.35184661751474
0.441766000000007	2.46711627200841
0.441268000000007	2.58596247509149
0.440770000000007	2.69714549658826
0.440272000000007	2.7969235691583
0.439774000000007	2.87576123059722
0.439276000000007	2.92068963114448
0.438778000000007	2.92513153990872
0.438280000000007	2.8865901081412
0.437782000000007	2.80348281919993
0.437284000000007	2.68135366589412
0.436786000000007	2.54422263602635
0.436288000000007	2.44077789387316
0.435790000000007	2.42094813469205
0.435292000000007	2.48551856525931
0.434794000000006	2.58466820392169
0.434296000000006	2.67319887614199
0.433798000000006	2.75241065859684
0.433300000000006	2.84128833530546
0.432802000000006	2.94744824159085
0.432304000000006	3.07415985273768
0.431806000000006	3.22281477239672
0.431308000000006	3.37597258045373
0.430810000000006	3.49887694646183
0.430312000000006	3.56927377315492
0.429814000000006	3.5892347538141
0.429316000000006	3.56980421735358
0.428818000000006	3.51714609551827
0.428320000000006	3.42835258314194
0.427822000000006	3.29170335633789
0.427324000000006	3.09287143591193
0.426826000000006	2.83541690846823
0.426328000000006	2.56422286991819
0.425830000000006	2.34777132500604
0.425332000000006	2.2286009308458
0.424834000000006	2.20945441856998
0.424336000000006	2.27416779919348
0.423838000000006	2.40164794193181
0.423340000000006	2.56548934939563
0.422842000000006	2.73405673095457
0.422344000000006	2.8827741421128
0.421846000000006	3.00317797441739
0.421348000000006	3.09308044281456
0.420850000000006	3.14609204624139
0.420352000000006	3.15839945937994
0.419854000000006	3.14308357185193
0.419356000000006	3.12878057468126
0.418858000000005	3.1386260548116
0.418360000000005	3.1657551188222
0.417862000000005	3.19153262393807
0.417364000000005	3.23374803543883
0.416866000000005	3.29157402023949
0.416368000000005	3.28700919754465
0.415870000000005	3.18919795592169
0.415372000000005	3.05479890827145
0.414874000000005	2.92797465249692
0.414376000000005	2.82073550405817
0.413878000000005	2.7436986421838
0.413380000000005	2.7052059681454
0.412882000000005	2.68567149955698
0.412384000000005	2.6201235413468
0.411886000000005	2.48142089896954
0.411388000000005	2.30466507241543
0.410890000000005	2.0891428381902
0.410392000000005	1.84603655056539
0.409894000000005	1.65411159938457
0.409396000000005	1.56452856498819
0.408898000000005	1.55582958219502
0.408400000000005	1.60948634901844
0.407902000000005	1.738030801803
0.407404000000005	1.92690354722062
0.406906000000004	2.12655731122042
0.406408000000004	2.3080613864871
0.405910000000004	2.4685280824152
0.405412000000004	2.60833085288339
0.404914000000004	2.72463195855435
0.404416000000004	2.81990222004504
0.403918000000004	2.9032802914802
0.403420000000004	2.9759819176916
0.402922000000004	3.04040302161509
0.402424000000004	3.11770808773019
0.401926000000004	3.19791466245016
0.401428000000004	3.23956183568296
0.400930000000004	3.25820092437489
0.400432000000004	3.28998701534242
0.399934000000004	3.34979036302363
0.399436000000004	3.41904841089689
0.398938000000004	3.46440957595265
0.398440000000004	3.47271854232281
0.397942000000004	3.45151338166009
0.397444000000004	3.40738182938024
0.396946000000004	3.32764967348426
0.396448000000004	3.18847333231102
0.395950000000004	3.01233405123425
0.395452000000004	2.86944851181121
0.394954000000004	2.78793593318479
0.394456000000004	2.7482678135835
0.393958000000004	2.73830764892502
0.393460000000004	2.77224569032555
0.392962000000004	2.84752783136593
0.392464000000004	2.93376723604398
0.391966000000004	3.00308379075254
0.391468000000004	3.06009133685054
0.390970000000004	3.12213478534247
0.390472000000003	3.19744280306404
0.389974000000003	3.28415906927036
0.389476000000003	3.36041028109165
0.388978000000003	3.40095893751318
0.388480000000003	3.39629606343774
0.387982000000003	3.35129430828237
0.387484000000003	3.28322981447114
0.386986000000003	3.21922533002608
0.386488000000003	3.18856961822935
0.385990000000003	3.21085077281107
0.385492000000003	3.27189727350101
0.384994000000003	3.32260246338259
0.384496000000003	3.32500346560415
0.383998000000003	3.27150534527858
0.383500000000003	3.15674927626782
0.383002000000003	2.97149516190873
0.382504000000003	2.75269500210071
0.382006000000003	2.5834625669639
0.381508000000003	2.51528561479011
0.381010000000003	2.53638665610465
0.380512000000003	2.60807534257096
0.380014000000003	2.70775887887814
0.379516000000003	2.82548044349343
0.379018000000003	2.94536227051046
0.378520000000003	3.04879687139423
0.378022000000003	3.11585367547679
0.377524000000003	3.14140192815476
0.377026000000003	3.15288627472886
0.376528000000003	3.1890916756969
0.376030000000003	3.25614161159758
0.375532000000002	3.31681320107001
0.375034000000002	3.3398906634159
0.374536000000002	3.33941033818979
0.374038000000002	3.32262783876608
0.373540000000002	3.25043033434464
0.373042000000002	3.15237248591566
0.372544000000002	3.08300967978704
0.372046000000002	3.08059879198211
0.371548000000002	3.14954931518863
0.371050000000002	3.22468913248164
0.370552000000002	3.24556410861563
0.370054000000002	3.18236269961992
0.369556000000002	3.06069360892108
0.369058000000002	2.98273721723207
0.368560000000002	2.9797919835806
0.368062000000002	3.01181710392475
0.367564000000002	3.05437455415485
0.367066000000002	3.12605217485719
0.366568000000002	3.2435285910186
0.366070000000002	3.39416020074265
0.365572000000002	3.49383947527393
0.365074000000002	3.45174819504143
0.364576000000002	3.32730846321941
0.364078000000002	3.22654045643892
0.363580000000002	3.20280760836404
0.363082000000001	3.26316221583274
0.362584000000001	3.38349460347203
0.362086000000001	3.52290515852154
0.361588000000001	3.63819067128376
0.361090000000001	3.6962450896687
0.360592000000001	3.69675274220228
0.360094000000001	3.66973201094237
0.359596000000001	3.6415441642023
0.359098000000001	3.62397122767488
0.358600000000001	3.62454313390275
0.358102000000001	3.65076193972654
0.357604000000001	3.69553715282111
0.357106000000001	3.71761588694686
0.356608000000001	3.69719721043382
0.356110000000001	3.63792674415792
0.355612000000001	3.57260390897527
0.355114000000001	3.57259957407647
0.354616000000001	3.61552625612094
0.354118000000001	3.62669148741199
0.353620000000001	3.57345952189323
0.353122000000001	3.44947164202409
0.352624000000001	3.26270262660742
0.352126000000001	3.06537939514067
0.351628000000001	2.93439550674815
0.351130000000001	2.9030836573263
0.350632000000001	2.95522396519807
0.350134000000001	3.08019095973422
0.349636000000001	3.25248132053557
0.349138000000001	3.38554184307062
0.348640000000001	3.45405894421897
0.348142	3.48707618237127
0.347644	3.49333064181451
0.347146	3.47089061334303
0.346648	3.38261843563003
0.34615	3.24732095111419
0.345652	3.1568092418208
0.345154	3.13393130762327
0.344656	3.15242722126641
0.344158	3.19133915089137
0.34366	3.22824831343224
0.343162	3.24184849023605
0.342664	3.2211940650331
0.342166	3.08455201600691
0.341668	2.84714546513942
0.34117	2.63836245879006
0.340672	2.45247230213167
0.340174	2.32154895880097
0.339676	2.31164700733758
0.339178	2.41202629653706
0.33868	2.5727562862406
0.338182	2.77613185748907
0.337684	2.99134292106829
0.337186	3.17063294463521
0.336688	3.28529672948844
0.33619	3.29666850281109
0.335692	3.35003945037351
0.335194	3.38566604743977
0.334696	3.439603817812
0.334197999999999	3.46230226195503
0.333699999999999	3.49872314402528
0.333201999999999	3.50007905684476
0.332703999999999	3.43199910408671
0.332205999999999	3.2911269619928
0.331707999999999	3.09075212265824
0.331209999999999	2.89114071993089
0.330711999999999	2.75765577694715
0.330213999999999	2.70557221547574
0.329715999999999	2.71018507418863
0.329217999999999	2.75598420235752
0.328719999999999	2.83282781533699
0.328221999999999	2.92168958253126
0.327723999999999	3.01900674121935
0.327225999999999	3.14151756425932
0.326727999999999	3.28824655588262
0.326229999999999	3.40813921916318
0.325731999999999	3.44066116459237
0.325233999999999	3.45690772796422
0.324735999999999	3.48225233755163
0.324237999999999	3.50399209073422
0.323739999999999	3.55642719251636
0.323241999999999	3.64673020025843
0.322743999999999	3.74138643830039
0.322245999999999	3.78644285463332
0.321747999999999	3.71130810725585
0.321249999999999	3.53958825102673
0.320751999999999	3.40571673610224
0.320253999999999	3.32332999437741
0.319755999999999	3.29457851576931
0.319257999999999	3.32908231579397
0.318759999999999	3.39680975744429
0.318261999999999	3.47757465452907
0.317763999999999	3.55504826317775
0.317265999999999	3.60825894777415
0.316767999999999	3.6266180418851
0.316269999999999	3.60095219294343
0.315771999999999	3.52992253365873
0.315273999999999	3.38167292718001
0.314775999999999	3.18182639197044
0.314277999999999	3.08542938047281
0.313779999999999	3.15396397226065
0.313281999999999	3.30566585777302
0.312783999999999	3.43077941394983
0.312285999999999	3.42602449994839
0.311787999999999	3.35380864067047
0.311289999999999	3.29110817551902
0.310791999999999	3.23574354017156
0.310293999999999	3.16520777889186
0.309795999999999	3.09107658727688
0.309297999999999	2.98838584556281
0.308799999999999	2.83560669599386
0.308301999999999	2.72571881795543
0.307803999999999	2.70250779886807
0.307305999999999	2.76398486800015
0.306807999999999	2.87256595574501
0.306309999999999	2.99364133742371
0.305811999999999	3.12040343826682
0.305313999999999	3.22732413341719
0.304815999999999	3.30618682083689
0.304317999999999	3.36056211906543
0.303819999999999	3.43001441779406
0.303321999999999	3.51265829556836
0.302823999999999	3.54300103276314
0.302325999999999	3.60585600903722
0.301827999999999	3.73719552696704
0.301329999999999	3.80500454440692
0.300831999999999	3.74637616031402
0.300333999999999	3.57838872163413
0.299835999999999	3.31597319497136
0.299337999999999	3.08628573601753
0.298839999999999	3.03548581403108
0.298341999999999	3.11474540145607
0.297843999999999	3.23761093621614
0.297345999999999	3.32817248087781
0.296847999999999	3.39589818815534
0.296349999999999	3.43576989850398
0.295851999999999	3.4418406973569
0.295353999999999	3.44173123110214
0.294855999999999	3.43876391874006
0.294357999999999	3.44403675530864
0.293859999999999	3.35889467492556
0.293361999999999	3.14797485013658
0.292863999999999	2.9133916055931
0.292365999999999	2.60191101062657
0.291867999999999	2.21861682495332
0.291369999999999	1.97605422218126
0.290871999999999	2.01002106340692
0.290373999999999	2.18238828253376
0.289875999999999	2.4253660074672
0.289377999999999	2.67932043859974
0.288879999999999	2.9244496254527
0.288381999999999	3.14358508900991
0.287883999999999	3.27817138670506
0.287385999999999	3.35680764744174
0.286887999999999	3.47726498889672
0.286389999999999	3.55352483427064
0.285891999999999	3.64306543311395
0.285393999999999	3.64185338422332
0.284895999999999	3.45418130450525
0.284397999999999	3.01448500062609
0.283899999999999	2.60575928410371
0.283401999999999	2.51265268218841
0.282903999999999	2.60365312542066
0.282405999999999	2.80561535442184
0.281907999999999	3.07037357653133
0.281409999999999	3.30548588298008
0.280911999999999	3.49935087247978
0.280413999999999	3.61806403791453
0.279915999999999	3.64698305218363
0.279417999999999	3.63419323962447
0.278919999999999	3.60476195073252
0.278421999999999	3.57896676418629
0.277923999999999	3.52161649626153
0.277425999999999	3.46099062866094
0.276927999999999	3.36160072130587
0.276429999999999	3.26672713946038
0.275931999999999	3.22488871646822
0.275433999999999	3.23082677874262
0.274935999999999	3.27778815725638
0.274437999999999	3.31983597335991
0.273939999999999	3.4162943394317
0.273441999999999	3.55468800247176
0.272943999999999	3.55901198537636
0.272445999999999	3.54972839082706
0.271947999999999	3.51634946944722
0.271449999999999	3.47564032059069
0.270951999999999	3.40826610813659
0.270453999999999	3.27024930521592
0.269955999999999	3.12641039003988
0.269457999999999	3.10251322184581
0.268959999999999	3.12107119589655
0.268461999999999	3.21212712095604
0.267963999999999	3.36281124369783
0.267465999999999	3.4532156337184
0.266967999999999	3.51897344225024
0.266469999999999	3.55942445693487
0.265971999999999	3.52963980328657
0.265473999999999	3.43914810305944
0.264975999999999	3.38985267130131
0.264477999999999	3.44749966424278
0.263979999999999	3.54191902418769
0.263481999999999	3.59044479918586
0.262983999999999	3.54177050659747
0.262485999999999	3.52253622924946
0.261987999999999	3.50131699268652
0.261489999999999	3.47178286118249
0.260991999999999	3.47393322895731
0.260493999999999	3.48150209560789
0.259995999999999	3.50530134199262
0.259497999999999	3.59899062269097
0.258999999999999	3.64040009556142
0.258501999999999	3.45939484452781
0.258003999999999	3.27350049267811
0.257505999999999	3.04041308023934
0.257007999999999	2.82998185211258
0.256509999999999	2.68109333730183
0.256011999999999	2.64328343873884
0.255513999999999	2.65526740831331
0.255015999999999	2.60176049191378
0.254517999999999	2.63324607539156
0.254019999999999	2.7585420879696
0.253521999999999	2.92299082939147
0.253023999999999	3.12912085843978
0.252525999999999	3.26247343717198
0.252027999999999	3.29496776384809
0.251529999999999	3.35226325047632
0.251031999999999	3.43940473171818
0.250533999999999	3.48437345392459
0.250035999999999	3.49653837768604
0.249537999999999	3.42904254798365
0.249039999999999	3.23333796153625
0.248541999999999	3.01564953481159
0.248043999999999	3.06494557294974
0.247545999999999	3.28246800103948
0.247047999999999	3.47024228535504
0.246549999999999	3.55767325809019
0.246051999999999	3.48684002988588
0.245553999999999	3.37098184223149
0.245055999999999	3.29548254996156
0.244557999999999	3.34354185754747
0.244059999999999	3.47881778656743
0.243561999999999	3.56307721689224
0.243063999999999	3.49426293391784
0.242565999999999	3.44330718863833
0.242067999999999	3.4815903331301
0.241569999999999	3.57355356100628
0.241071999999999	3.6588034764542
0.240573999999999	3.67646429403914
0.240075999999999	3.6218846120207
0.239577999999999	3.50804241107179
0.239079999999999	3.44697586019158
0.238581999999999	3.58584489452172
0.238083999999999	3.67193049803428
0.237585999999999	3.53655455624354
0.237087999999999	3.41627382939725
0.236589999999999	3.40820645936922
0.236091999999999	3.37055394211938
0.235593999999999	3.25850665119582
0.235095999999999	3.19478560570535
0.234597999999999	3.18299123639583
0.234099999999999	3.21914276093407
0.233601999999999	3.2993891200722
0.233103999999999	3.53800905611051
0.232605999999999	3.71938645523876
0.232107999999999	3.73767979281582
0.231609999999999	3.68279753123805
0.231111999999999	3.66349291624858
0.230613999999999	3.64279259722538
0.230115999999999	3.62383394430881
0.229617999999999	3.57067425243084
0.229119999999999	3.43561722254187
0.228621999999999	3.39000819654238
0.228123999999999	3.42923000656035
0.227625999999999	3.47089938116596
0.227127999999999	3.33732457000665
0.226629999999999	3.02179812074354
0.226131999999999	2.8671802849899
0.225633999999999	2.95233197297092
0.225135999999999	3.11961547555117
0.224637999999999	3.23939750607421
0.224139999999999	3.36590815203682
0.223641999999999	3.48599058594967
0.223143999999999	3.65028350252538
0.222645999999999	3.79312144649444
0.222147999999999	3.61697521747877
0.221649999999999	3.30066800711976
0.221151999999999	3.29599397730321
0.220653999999999	3.50031175554031
0.220155999999999	3.7225704701329
0.219657999999999	3.88170893152872
0.219159999999999	3.94253875269984
0.218661999999999	3.87242186556449
0.218163999999999	3.77267396812534
0.217665999999999	3.71872870240067
0.217167999999999	3.66574401686388
0.216669999999999	3.55219203224531
0.216171999999999	3.48143872926881
0.215673999999999	3.50842253278352
0.215175999999999	3.67683526255393
0.214677999999999	3.71048808982313
0.214179999999999	3.71966298353076
0.213681999999999	3.48066541282445
0.213183999999999	3.11567841035037
0.212685999999999	2.8780221766232
0.212187999999999	2.94639905423435
0.211689999999999	3.18564703701189
0.211191999999999	3.34653268554604
0.210693999999999	3.44071301669902
0.210195999999999	3.47961496440421
0.209697999999999	3.50327369587354
0.209199999999999	3.51518383247305
0.208701999999999	3.66778647336582
0.208203999999999	3.64343586137939
0.207705999999999	3.6179657699348
0.207207999999999	3.60687514319203
0.206709999999999	3.65209271182875
0.206211999999999	3.58516327687014
0.205713999999999	3.34710080578194
0.205215999999999	2.90889982846809
0.204717999999999	2.55382383716651
0.204219999999999	2.35229328732227
0.203721999999999	2.4811864536962
0.203223999999999	2.68341846564821
0.202725999999999	2.91605334504268
0.202227999999999	3.19535705999118
0.201729999999999	3.31765965627619
0.201231999999999	3.39745324611907
0.200733999999999	3.51495792664991
0.200235999999999	3.6238269575409
0.199737999999999	3.66662788247272
0.199239999999999	3.62496067385504
0.198741999999999	3.55077972367715
0.198243999999999	3.57715914875633
0.197745999999999	3.3308908156437
0.197247999999999	3.13376030335403
0.196749999999999	3.09908152301572
0.196251999999999	3.26800373557511
0.195753999999999	3.3942115422622
0.195255999999999	3.46917994216929
0.194757999999999	3.66071081640991
0.194259999999999	3.74683157233381
0.193761999999999	3.73218153466735
0.193263999999999	3.75141821632924
0.192765999999999	3.7918286317178
0.192267999999999	3.84392367954113
0.191769999999999	3.82218303284512
0.191271999999999	3.62368212432562
0.190773999999999	3.39374792007612
0.190275999999999	3.3592124669661
0.189777999999999	3.34065746644504
0.189279999999999	3.47447722072669
0.188781999999999	3.56479788637022
0.188283999999999	3.65284569667458
0.187785999999999	3.7119690166629
0.187287999999999	3.80842449807673
0.186789999999999	3.67494906302752
0.186291999999999	3.55234216585878
0.185793999999999	3.72570786386867
0.185295999999999	3.67160019490563
0.184797999999999	3.61848825218831
0.184299999999999	3.57178572373779
0.183801999999999	3.59645133622231
0.183303999999999	3.70895218387242
0.182805999999999	3.94674383820851
0.182307999999999	3.85801214685234
0.181809999999999	3.69197710989322
0.181311999999999	3.67280567405641
0.180813999999999	3.80238473329153
0.180315999999999	3.89145294293236
0.179817999999999	3.89208990448446
0.179319999999999	3.91782921709651
0.178821999999999	3.89894215280914
0.178323999999999	3.7638478376434
0.177825999999999	3.65937027177096
0.177327999999999	3.6426091945858
0.176829999999999	3.81361492210648
0.176331999999999	3.66504132973762
0.175833999999999	3.09741701214276
0.175335999999999	3.11626395085321
0.174837999999999	3.4029146684141
0.174339999999999	3.56176820012305
0.173841999999999	3.75966562275857
0.173343999999999	3.8860143077697
0.172845999999999	3.84505615961891
0.172347999999999	3.80835877121022
0.171849999999999	3.76720045946096
0.171351999999999	3.70466169383642
0.170853999999999	3.30673991159254
0.170355999999999	2.68628744669601
0.169857999999999	2.40493569355151
0.169359999999999	2.62330669002834
0.168861999999999	2.96013381249352
0.168363999999999	3.284405194236
0.167865999999999	3.58694996053298
0.167367999999999	3.72107504387965
0.166869999999999	3.82764157051657
0.166371999999999	3.87845235766066
0.165873999999999	3.71232670685148
0.165375999999999	3.26520602771916
0.164877999999999	3.01803348861793
0.164379999999999	3.0060383915499
0.163882	3.20070642642313
0.163384	3.45947299501773
0.162886	3.62313220359522
0.162388	3.80756533230649
0.16189	3.77410473568909
0.161392	3.92644496348093
0.160894	3.85984566697158
0.160395999999999	3.58780546858194
0.159897999999999	3.49983528819365
0.159399999999999	3.49696505992302
0.158901999999999	3.67863062438839
0.158403999999999	3.81492080078776
0.157905999999999	3.89031469071032
0.157407999999999	3.86070060296527
0.156909999999999	3.78128556221988
0.156411999999999	3.86910485405322
0.155914	3.86032884648236
0.155415999999999	3.84357666800723
0.154918	3.94827374948373
0.15442	3.95944524939976
0.153922	3.82381369816669
0.153424	3.85350911154852
0.152926	3.81056177522057
0.152428	3.84369063804411
0.15193	3.93137125189971
0.151432	3.9043700687011
0.150934	3.81978751651838
0.150436	3.87402582316623
0.149938	3.58736654079528
0.14944	3.38910661920042
0.148942	3.60272219083814
0.148444	3.80441831542587
0.147946	3.90816144554472
0.147448	3.98414234383331
0.14695	3.91536454058388
0.146452	3.6990070110454
0.145954	3.1986762901239
0.145456	2.66495206010595
0.144958	2.98237368911028
0.14446	3.42730974960473
0.143962	3.6994326706224
0.143464	3.83828234301038
0.142966	3.9070793847872
0.142468	3.78951227430998
0.14197	3.12949763082898
0.141472	2.98575772836903
0.140974	3.18021987387171
0.140476	3.66621627651253
0.139978	3.81337381746991
0.13948	3.87732320561222
0.138982	3.96448040207175
0.138484	3.86525379338796
0.137986	3.61025543541577
0.137488	3.6354874402907
0.13699	3.86909536660475
0.136492	3.91166133348648
0.135994	3.73828350940084
0.135496	3.79993328143091
0.134998	3.96381290208233
0.1345	3.90116408145314
0.134002	3.93157070553568
0.133504	3.90529767533916
0.133006	3.80843316851563
0.132508	3.66713691570093
0.13201	3.77832037751558
0.131512	3.940505864606
0.131014	3.84214421232582
0.130516	3.70713153329322
0.130018	3.6786705885238
0.12952	3.80056638541921
0.129022	3.84914777312833
0.128524	3.94424247967988
0.128026	3.88275787272119
0.127528	3.51592983708927
0.12703	3.13815058324826
0.126532	3.39489965714817
0.126034	3.72194238553368
0.125536	3.8154664030845
0.125038	3.88574374590419
0.12454	3.51164863076554
0.124042	3.27706291527628
0.123544	3.74109962118496
0.123046	3.93393993859734
0.122548	3.92600367094576
0.12205	3.94998095921937
0.121552	3.82420262550808
0.121054	3.73208837685111
0.120556	3.92000623192632
0.120058	3.89750119822013
0.11956	3.69064653661339
0.119062	3.95108145271661
0.118564	3.86162039201653
0.118066	3.97875629983756
0.117568	3.84531242869209
0.11707	3.60950542325861
0.116572	3.78072176549521
0.116074	3.85728821355566
0.115576	3.77927012112672
0.115078	3.7705983263815
0.11458	3.78959795383085
0.114082	3.86340900078383
0.113584	3.89401560556401
0.113086	3.64392081991147
0.112588	3.56289771258052
0.11209	3.75549270978225
0.111592	3.94482973328534
0.111094	3.85718712241514
0.110596	3.64081440576478
0.110098	3.93230902250863
0.1096	3.95769791006349
0.109102	3.8847972230347
0.108604	3.99749040292924
0.108106	3.86653746575066
0.107608	3.98753137570599
0.10711	3.86273376727919
0.106612	3.87876489895093
0.106114	3.94137248854481
0.105616	3.96725938348737
0.105118	3.74867190422591
0.10462	3.64884186211333
0.104122	3.84684847610708
0.103624	3.7450963717012
0.103126	3.82763019874534
0.102628	3.77319846357756
0.10213	3.93190667721072
0.101632	3.80610907153005
0.101134	3.91896427496128
0.100636	3.95210582133656
0.100138	3.89855989401273
0.0996399999999996	3.786769605661
0.0991419999999997	3.99852997437981
0.0986439999999996	3.92387271245865
0.0981459999999997	3.97733099527632
0.0976479999999997	3.9096420424721
0.0971499999999997	3.95637458091741
0.0966519999999997	3.88149335872589
0.0961539999999997	4.00060596324383
0.0956559999999997	3.96325635002222
0.0951579999999997	3.80115309930279
0.0946599999999997	3.83297290174322
0.0941619999999997	3.80165666453572
0.0936639999999997	3.87870794757497
0.0931659999999997	3.82606900760694
0.0926679999999997	3.95283986571244
0.0921699999999997	3.93962702196029
0.0916719999999997	3.96004075678147
0.0911739999999997	3.93810703999607
0.0906759999999997	3.91900192184856
0.0901779999999997	3.96679196879961
0.0896799999999997	3.9498932983445
0.0891819999999997	3.97756666896654
0.0886839999999997	3.88961094979483
0.0881859999999997	3.94800368598775
0.0876879999999997	3.9939157668515
0.0871899999999997	3.83087823992161
0.0866919999999997	3.9027877198657
0.0861939999999997	3.90446591280748
0.0856959999999997	3.93379164143808
0.0851979999999997	3.96948573170998
0.0846999999999997	3.96994878714645
0.0842019999999997	3.9564099435467
0.0837039999999997	3.98153176759191
0.0832059999999997	3.98961479255481
0.0827079999999997	3.89362609583027
0.0822099999999997	3.9347705117172
0.0817119999999997	3.91745601910327
0.0812139999999997	3.95539479032496
0.0807159999999997	4.00003046255027
0.0802179999999997	3.84998346312957
0.0797199999999997	3.94931166157304
0.0792219999999997	3.9119982131142
0.0787239999999998	3.98675064957339
0.0782259999999998	3.98078922932952
0.0777279999999998	3.99564423742132
0.0772299999999998	3.97078165524619
0.0767319999999998	3.99043325577278
0.0762339999999998	3.9072599538987
0.0757359999999998	3.95977769174714
0.0752379999999998	3.89656908556472
0.0747399999999998	4.01604203911064
0.0742419999999998	3.92191627042781
0.0737439999999998	4.0305247329726
0.0732459999999998	3.98132904971232
0.0727479999999998	3.95850221761923
0.0722499999999998	4.01402602542122
0.0717519999999998	3.95599246273403
0.0712539999999998	4.01094864263695
0.0707559999999998	3.92351981755506
0.0702579999999998	3.91487103835702
0.0697599999999998	4.02054248640012
0.0692619999999998	3.96949410521981
0.0687639999999998	4.00058228234433
0.0682659999999998	3.98544563476382
0.0677679999999998	3.93924304513734
0.0672699999999998	3.96170311385639
0.0667719999999998	4.01986049857624
0.0662739999999998	3.86225388913562
0.0657759999999998	3.97704481551029
0.0652779999999998	4.02371280239121
0.0647799999999998	4.00317065928326
0.0642819999999998	3.99555262058822
0.0637839999999998	3.98420205904782
0.0632859999999998	3.98845020978735
0.0627879999999998	3.94686431697625
0.0622899999999998	3.95258567535392
0.0617919999999998	4.01446822197517
0.0612939999999998	4.02381608814652
0.0607959999999998	4.02383467124989
0.0602979999999998	3.99049555424508
0.0597999999999998	3.94030819452595
0.0593019999999999	3.88981161969473
0.0588039999999999	4.00135065998671
0.0583059999999999	4.00762199009563
0.0578079999999999	4.02094484703804
0.0573099999999999	4.00521136060074
0.0568119999999999	3.97675507202518
0.0563139999999999	3.95557399484257
0.0558159999999999	4.01889668342307
0.0553179999999999	4.00191789156135
0.0548199999999999	3.98660323300301
0.0543219999999999	4.0202593445729
0.0538239999999999	3.98057313242188
0.0533259999999999	3.99071221705566
0.0528279999999999	4.01645503087542
0.0523299999999999	4.00200912910313
0.0518319999999999	3.97767388364517
0.0513339999999999	3.93604824470278
0.0508359999999999	3.98911012930257
0.0503379999999999	4.01862768856607
0.0498399999999999	4.00946748148034
0.0493419999999999	3.981953219128
0.0488439999999999	3.9350489501193
0.0483459999999999	3.97174262348731
0.0478479999999999	4.01249122087021
0.0473499999999999	3.99316020941055
0.0468519999999999	4.02138720560904
0.0463539999999999	4.01730967491229
0.0458559999999999	4.02968901440796
0.0453579999999999	3.99319178906374
0.0448599999999999	3.97878592287096
0.0443619999999999	3.99636017307678
0.0438639999999999	4.03029405222219
0.0433659999999999	3.98440791851305
0.0428679999999999	4.02830790070823
0.04237	4.01989131027164
0.041872	3.99819592623771
0.041374	4.01982347825679
0.040876	4.02603245044997
0.040378	4.02129168354642
0.03988	4.0065349584921
0.039382	4.00233665124666
0.038884	4.00575140403639
0.038386	4.02339343598283
0.037888	4.00695813000256
0.03739	4.02897611550922
0.036892	4.0359952951442
0.036394	4.01969032206704
0.035896	4.01162257830598
0.035398	4.03544099928535
0.0349	4.02225257638894
0.034402	4.02185440890645
0.033904	4.0209922586891
0.033406	4.02297398582923
0.032908	4.02811148740985
0.03241	4.01984782175126
0.031912	4.03451401925752
0.031414	4.02169433009702
0.030916	4.03131575454898
0.030418	4.02467322752426
0.02992	4.02470233347909
0.029422	4.01678275532912
0.028924	4.02016480653034
0.028426	4.00639664982557
0.027928	4.02586634560807
0.02743	4.00340296060275
0.026932	4.01974788502739
0.026434	4.02887773514913
0.025936	4.03646401151626
0.025438	4.01614999979381
0.02494	4.0132344303159
0.024442	4.01646120380272
0.023944	4.01427617399886
0.023446	4.03143155154656
0.022948	4.02057874235808
0.02245	4.01654753984164
0.021952	4.02412924545775
0.021454	4.03277006433474
0.020956	4.0254834215413
0.020458	4.02295979197342
0.01996	4.02947669130829
0.019462	4.03207615604194
0.018964	4.03625495688563
0.018466	4.03126845677645
0.017968	4.03235065624831
0.01747	4.03647949350523
0.016972	4.03415635297515
0.016474	4.03419423304213
0.015976	4.03109260287912
0.015478	4.03458916745757
0.01498	4.03100904966486
0.014482	4.03528072973528
0.013984	4.03267494203476
0.013486	4.0334447697696
0.012988	4.03254314257174
0.01249	4.03721374084068
0.011992	4.03283671729152
0.011494	4.03545428501906
0.010996	4.03509402650954
0.010498	4.03133498638826
0.01	4.03313210955559
