0.00999802439037974	1.95650046290985
0.00999999999999928	1.98114113021079
0.0100019763905341	2.17011385331494
0.0100039535624472	2.03717384914489
0.0100059315162021	1.91110783425614
0.0100079102522627	2.15272084005161
0.0100098897710931	2.04219924452403
0.010011870073158	1.88573458813243
0.0100138511589223	1.94490635044675
0.0100158330288513	1.9981074409386
0.0100178156834107	2.12743928105927
0.0100197991230665	2.22913244597072
0.0100217833482851	2.15865859089259
0.0100237683595334	2.06266194644137
0.0100257541572785	2.09818545165393
0.0100277407419879	2.01473031461536
0.0100297281141296	2.15586384948065
0.0100317162741717	1.96841172633922
0.010033705222583	2.0141062826449
0.0100356949598324	2.05668057720026
0.0100376854863894	2.18691605831424
0.0100396768027237	1.98107669523053
0.0100416689093053	1.98222485346999
0.010043661806605	2.0537313368656
0.0100456554950934	2.09090951963958
0.0100476499752419	2.07135289732644
0.0100496452475221	2.0429493259446
0.0100516413124059	1.99680304724871
0.0100536381703658	2.00123887934009
0.0100556358218746	2.11505707540528
0.0100576342674052	2.12449525424173
0.0100596335074313	2.2084129990045
0.0100616335424268	2.10940159875718
0.0100636343728658	2.04049630815483
0.010065635999223	2.13932036580285
0.0100676384219735	1.98524893116065
0.0100696416415926	1.98881743727057
0.010071645658556	1.99524580572293
0.01007365047334	2.24085981750193
0.010075656086421	2.03129153566662
0.010077662498276	2.02549594522695
0.0100796697093823	2.16413023504298
0.0100816777202174	2.16020001650966
0.0100836865312595	2.15210460511226
0.010085696142987	2.1964495761227
0.0100877065558787	1.95926816513571
0.0100897177704138	2.0569682716666
0.0100917297870719	2.08559329934453
0.0100937426063328	2.04677651091302
0.0100957562286771	2.28173304813879
0.0100977706545853	2.03630666466808
0.0100997858845385	2.16256606761925
0.0101018019190184	1.96787617956083
0.0101038187585067	2.00747812257652
0.0101058364034857	2.01528587603423
0.0101078548544381	2.1048035248943
0.0101098741118469	2.06642920773324
0.0101118941761954	2.21646294047313
0.0101139150479676	2.06297835346255
0.0101159367276475	1.9429237948354
0.0101179592157199	2.00473668404778
0.0101199825126695	2.07217523964976
0.0101220066189819	2.17057145877481
0.0101240315351426	2.14643453176786
0.010126057261638	2.04247790463558
0.0101280837989544	2.07314185700673
0.0101301111475788	2.09764529465865
0.0101321393079985	2.07518569656611
0.0101341682807012	2.06809812638684
0.0101361980661749	2.08572774423258
0.0101382286649081	1.98719595209136
0.0101402600773898	2.17865854069624
0.010142292304109	2.19340638840842
0.0101443253455556	1.8963919051817
0.0101463592022195	2.01423986196258
0.0101483938745911	2.1257818942422
0.0101504293631614	1.93901191526763
0.0101524656684214	2.08646851326383
0.0101545027908628	2.21459271045897
0.0101565407309777	2.06532524288821
0.0101585794892584	2.04913041568778
0.0101606190661978	1.82058257987263
0.0101626594622889	2.11760123568356
0.0101647006780255	2.03531643349618
0.0101667427139015	2.18457280275095
0.0101687855704112	2.11204436782596
0.0101708292480496	1.99789091799891
0.0101728737473116	2.00918740902087
0.010174919068693	2.04724656143903
0.0101769652126897	2.11758136000765
0.0101790121797981	2.11576758713207
0.010181059970515	2.05432476430803
0.0101831085853374	1.84889387065857
0.0101851580247631	2.07153626215174
0.0101872082892899	2.03995629667163
0.0101892593794163	2.05852773061295
0.0101913112956411	2.0868538321782
0.0101933640384634	2.14552719597005
0.0101954176083827	2.16031631668503
0.0101974720058992	2.26137484214118
0.0101995272315131	2.11528160443634
0.0102015832857253	2.15656171143681
0.0102036401690369	2.16210025070844
0.0102056978819496	2.10977532684612
0.0102077564249654	2.09128681041543
0.0102098157985866	2.05214766004114
0.0102118760033161	1.9873349967132
0.0102139370396572	2.13714447105801
0.0102159989081133	2.09801016599748
0.0102180616091887	1.96193487546506
0.0102201251433877	2.05766382025401
0.0102221895112151	1.93288202838461
0.0102242547131762	1.98301816933523
0.0102263207497768	2.0361628797253
0.0102283876215228	1.98287621465582
0.0102304553289207	2.09665339665437
0.0102325238724775	2.16685386121229
0.0102345932527004	2.09022051401429
0.0102366634700972	2.13630302544018
0.010238734525176	2.28449927065992
0.0102408064184452	2.01932316764666
0.0102428791504139	2.10619069994026
0.0102449527215915	2.03244252215114
0.0102470271324876	2.05424256637737
0.0102491023836126	1.99104612039297
0.0102511784754769	2.16388914847082
0.0102532554085915	2.11608049761885
0.010255333183468	2.08811547473734
0.0102574118006182	2.09576540582437
0.0102594912605543	2.0849563872129
0.0102615715637889	2.02601401579748
0.0102636527108353	2.10045250749574
0.0102657347022068	2.17937438034522
0.0102678175384174	2.13104335302427
0.0102699012199814	2.07376048006571
0.0102719857474137	2.11868275429653
0.0102740711212292	2.20937127209302
0.0102761573419438	2.19330895395053
0.0102782444100733	2.13676296141466
0.0102803323261342	2.08643328388303
0.0102824210906434	2.07706815251916
0.0102845107041181	1.98484330276555
0.0102866011670759	2.01370598057686
0.0102886924800351	2.05281521201239
0.0102907846435142	2.06689549428035
0.010292877658032	2.02126319159119
0.0102949715241081	2.18781243829426
0.0102970662422621	2.16401465010203
0.0102991618130143	2.06130079255793
0.0103012582368854	2.15902531630866
0.0103033555143964	2.07523469357182
0.0103054536460688	2.13730525555732
0.0103075526324246	1.93976841901393
0.010309652473986	2.06354760337701
0.0103117531712759	2.10015331815616
0.0103138547248174	2.0287987897919
0.0103159571351342	2.19084918702906
0.0103180604027504	2.10876535822884
0.0103201645281903	2.07162215855068
0.0103222695119789	2.16737894300141
0.0103243753546416	2.22141724884319
0.0103264820567041	2.20692278512537
0.0103285896186926	2.148817172321
0.0103306980411337	2.10263042156174
0.0103328073245545	2.05940446957361
0.0103349174694824	1.922199574542
0.0103370284764454	2.12127664873339
0.0103391403459718	2.07757686998639
0.0103412530785904	1.95777178092189
0.0103433666748304	2.02537396719804
0.0103454811352214	2.09058689237237
0.0103475964602935	2.09858133932178
0.0103497126505773	2.07996929387716
0.0103518297066036	2.06394961068115
0.0103539476289039	2.07623242300432
0.0103560664180099	2.20352094483295
0.010358186074454	2.15458472185817
0.0103603065987687	1.95840222895191
0.0103624279914872	2.05666080027559
0.0103645502531431	2.00790346426111
0.0103666733842703	1.96120834789409
0.0103687973854034	1.91858861467525
0.0103709222570771	1.80781682915048
0.0103730479998267	1.97367320719825
0.0103751746141881	1.9326148174143
0.0103773021006973	1.92973122484454
0.0103794304598911	2.05722129610799
0.0103815596923065	2.00942427634594
0.010383689798481	1.92359253857199
0.0103858207789525	1.97401434876016
0.0103879526342595	2.11444566741125
0.0103900853649407	1.95741730424892
0.0103922189715355	1.95229466003822
0.0103943534545835	1.83029337518021
0.0103964888146249	2.11909576703649
0.0103986250522004	1.93145816300132
0.010400762167851	1.81471698747508
0.0104029001621181	2.13612913836183
0.0104050390355438	1.76658681434391
0.0104071787886703	1.78788227001394
0.0104093194220406	1.93538983889872
0.0104114609361979	1.87965367921956
0.0104136033316859	2.04085853395902
0.0104157466090489	1.90497063206746
0.0104178907688313	1.93945500730645
0.0104200358115784	2.07774954879327
0.0104221817378356	1.75290783530003
0.0104243285481489	1.63565148950084
0.0104264762430647	1.95801883024604
0.0104286248231299	1.5480180417337
0.0104307742888917	1.85054636951156
0.0104329246408981	1.84909219416084
0.0104350758796971	1.67689037418808
0.0104372280058375	1.91953161960506
0.0104393810198684	2.16150368142386
0.0104415349223394	2.04315254002298
0.0104436897138005	1.92322604365991
0.0104458453948022	1.8853870667171
0.0104480019658954	1.87124746674699
0.0104501594276316	2.01166364757186
0.0104523177805625	1.83998725811668
0.0104544770252406	2.01902912432695
0.0104566371622186	1.96920236858121
0.0104587981920497	1.72463640775784
0.0104609601152875	2.02694661569436
0.0104631229324862	1.99477679931479
0.0104652866442005	1.97773586687855
0.0104674512509854	2.07348712489338
0.0104696167533963	1.98010777151613
0.0104717831519893	2.00903889184258
0.0104739504473208	1.92873712602848
0.0104761186399477	1.91801790847442
0.0104782877304274	1.99060017168245
0.0104804577193176	2.05810310898082
0.0104826286071767	1.96839454861867
0.0104848003945634	2.21698913150825
0.0104869730820368	2.01917424995394
0.0104891466701568	2.05600857610333
0.0104913211594834	2.1234674636265
0.0104934965505772	2.07004853510238
0.0104956728439992	2.09763187809325
0.0104978500403111	2.03274349919126
0.0105000281400748	2.11464020696557
0.0105022071438527	2.09234165372147
0.0105043870522078	2.0198579053033
0.0105065678657036	2.20064260234587
0.0105087495849037	2.03053134130176
0.0105109322103727	2.08788720690387
0.0105131157426753	2.07652909301614
0.0105153001823767	2.14621954282095
0.0105174855300428	1.99753055895507
0.0105196717862396	2.13153524533621
0.010521858951534	2.10834884014524
0.010524047026493	2.01963884605024
0.0105262360116843	1.99958608714765
0.010528425907676	2.08375363087346
0.0105306167150366	2.02525853853063
0.0105328084343353	1.98431709954804
0.0105350010661415	2.10847180654794
0.0105371946110251	2.08796534073086
0.0105393890695568	1.91457021161387
0.0105415844423074	1.97375895219779
0.0105437807298483	2.25397624272669
0.0105459779327514	2.11337808312433
0.0105481760515892	2.20352876133369
0.0105503750869344	2.12758247534347
0.0105525750393605	2.13644373563667
0.0105547759094411	2.07280264854547
0.0105569776977505	2.07128320859113
0.0105591804048637	1.99143392264743
0.0105613840313557	1.93890968079788
0.0105635885778023	2.03919976958739
0.0105657940447797	2.03809012579181
0.0105680004328647	1.97157673245758
0.0105702077426342	1.83994043846209
0.0105724159746662	1.97315763219547
0.0105746251295385	2.04320637226006
0.0105768352078299	2.17758056766676
0.0105790462101195	2.19351419291454
0.0105812581369869	2.01694763084831
0.010583470989012	2.01294465169942
0.0105856847667756	2.03530156456225
0.0105878994708585	2.08878234037508
0.0105901151018424	2.28306530035321
0.0105923316603092	2.09564257233698
0.0105945491468415	2.10257607846469
0.0105967675620222	2.12111173897842
0.0105989869064349	2.13999496317551
0.0106012071806634	2.22053989399579
0.0106034283852923	2.09585817343236
0.0106056505209065	1.996152166408
0.0106078735880914	1.98112821962741
0.0106100975874329	1.94193979066953
0.0106123225195175	1.97317811695704
0.0106145483849321	2.10481252951282
0.0106167751842641	2.0992693536488
0.0106190029181014	2.06702203816807
0.0106212315870323	2.12882463893291
0.0106234611916458	2.12597510397758
0.0106256917325312	2.03247625566871
0.0106279232102784	2.08316398072792
0.0106301556254777	2.07970271895041
0.0106323889787201	2.14336715388723
0.0106346232705969	1.86135988157785
0.0106368585017	1.93377931359424
0.0106390946726217	2.05938720711821
0.0106413317839548	1.93041694292939
0.0106435698362927	2.07403571467461
0.0106458088302294	2.09357453454365
0.010648048766359	2.11348703134792
0.0106502896452766	2.06393965548981
0.0106525314675773	1.87461553059201
0.0106547742338572	2.17135763924729
0.0106570179447125	2.0341744855116
0.0106592626007401	2.10683581335653
0.0106615082025373	1.96232505211403
0.0106637547507021	1.98979643357894
0.0106660022458328	2.09243171393148
0.0106682506885283	1.90610192761594
0.0106705000793879	2.05141136587641
0.0106727504190116	2.10219006651432
0.0106750017079996	1.97018336680833
0.0106772539469531	1.94268579324861
0.0106795071364732	1.89266565048902
0.010681761277162	1.95763230234238
0.0106840163696219	2.00140607923525
0.0106862724144558	2.01038513143591
0.0106885294122671	2.05761479876348
0.0106907873636598	2.08798756621708
0.0106930462692383	1.90085949028614
0.0106953061296077	2.0475235023887
0.0106975669453733	2.05068875477534
0.0106998287171413	2.12774885032647
0.010702091445518	1.95670279649209
0.0107043551311106	2.18134392042368
0.0107066197745265	2.01328114482784
0.0107088853763739	2.03395768380126
0.0107111519372612	2.00432053004459
0.0107134194577975	2.08715807592763
0.0107156879385925	2.0480205584351
0.0107179573802562	2.11250275612264
0.0107202277833993	1.93679360177806
0.0107224991486329	1.99689642118811
0.0107247714765688	2.0560225876205
0.0107270447678189	2.05756105327567
0.0107293190229962	2.08742760458059
0.0107315942427137	2.09016263941331
0.0107338704275853	2.04685528653941
0.0107361475782251	2.05786837566775
0.010738425695248	2.00083726815213
0.0107407047792693	1.9923729542485
0.0107429848309048	2.08471382185744
0.0107452658507708	2.11231377850515
0.0107475478394843	2.15389063168668
0.0107498307976626	1.99506194853177
0.0107521147259237	2.13677664482967
0.0107543996248859	2.02273055702287
0.0107566854951683	2.04881254502331
0.0107589723373904	1.90441647858337
0.0107612601521722	2.21504391133892
0.0107635489401342	1.98042525985165
0.0107658387018976	2.1059162325755
0.0107681294380839	1.9953195631681
0.0107704211493153	2.16784599112362
0.0107727138362145	2.11584526907578
0.0107750074994046	1.982811889422
0.0107773021395094	2.08999351759582
0.0107795977571532	2.14281191058591
0.0107818943529607	2.13262863093584
0.0107841919275572	1.97253421939025
0.0107864904815687	2.07101183664102
0.0107887900156216	2.18700812577418
0.0107910905303426	2.10820163561861
0.0107933920263594	2.023054519494
0.0107956945043	2.10898357369854
0.0107979979647927	1.90711852065183
0.0108003024084668	1.97018383085775
0.0108026078359518	2.0576441271713
0.010804914247878	2.18429468734368
0.0108072216448758	2.16723695757855
0.0108095300275767	2.03132879145208
0.0108118393966123	2.10528312333069
0.0108141497526149	2.09159620107641
0.0108164610962174	1.97484250388061
0.0108187734280532	2.11123094150989
0.0108210867487563	2.1856588809646
0.010823401058961	2.01939263168371
0.0108257163593023	2.17682710058016
0.0108280326504159	1.95791163187331
0.0108303499329379	2.08533362191145
0.0108326682075048	2.11301041367093
0.0108349874747539	1.97850348777584
0.0108373077353229	2.07397013001729
0.01083962898985	2.15464361721823
0.0108419512389742	2.16395282812862
0.0108442744833348	2.16397298283568
0.0108465987235717	2.07225912890793
0.0108489239603253	2.11565851472414
0.0108512501942368	2.03081861529411
0.0108535774259476	1.98638750767544
0.0108559056560999	2.0614303728623
0.0108582348853364	1.8726486823321
0.0108605651143003	2.0851314139655
0.0108628963436354	2.1432587703327
0.010865228573986	2.11210400179571
0.0108675618059969	2.09944497497309
0.0108698960403137	2.14897123874673
0.0108722312775822	2.25939042587635
0.0108745675184492	2.06132740612449
0.0108769047635616	1.9981821512751
0.0108792430135671	1.90320177871041
0.010881582269114	1.99783688037093
0.010883922530851	2.06705169504439
0.0108862637994274	2.10705014528504
0.0108886060754932	1.90187438295575
0.0108909493596987	2.03162426995203
0.0108932936526951	2.12916655473829
0.0108956389551338	1.97524665260678
0.010897985267667	1.97108108149941
0.0109003325909474	2.10626541792307
0.0109026809256283	2.10004893817378
0.0109050302723634	2.04367346265364
0.0109073806318072	2.0783163976392
0.0109097320046147	2.01302978145668
0.0109120843914412	1.91444366217608
0.0109144377929429	1.87345092586929
0.0109167922097765	2.14391510629331
0.0109191476425991	1.86779290703283
0.0109215040920686	1.82106467032293
0.0109238615588432	1.99293308779971
0.0109262200435819	1.76509295984133
0.0109285795469442	1.96929996465817
0.0109309400695901	1.9774276105198
0.0109333016121803	2.12598182879116
0.010935664175376	1.94382966026651
0.0109380277598388	2.13521646415896
0.0109403923662312	1.90473439240696
0.0109427579952161	1.85327572836325
0.0109451246474569	1.58676006589487
0.0109474923236178	2.09399843206953
0.0109498610243633	1.48875447160348
0.0109522307503586	1.69747874731056
0.0109546015022696	1.92272576282575
0.0109569732807626	1.73784498196235
0.0109593460865046	1.94854236608143
0.010961719920163	1.99565512711482
0.010964094782406	2.26056467267019
0.0109664706739022	2.08521819761238
0.0109688475953209	1.81735823904926
0.0109712255473319	2.1462217419063
0.0109736045306057	1.85594163093253
0.0109759845458132	1.75755824199874
0.010978365593626	2.02496084751337
0.0109807476747163	1.57707374506866
0.0109831307897568	1.9506215741076
0.0109855149394209	1.98713451497787
0.0109879001243824	2.09298628636177
0.010990286345316	1.97255517129204
0.0109926736028966	2.11696505129345
0.0109950618977999	1.99338659167729
0.0109974512307022	1.94878169536881
0.0109998416022803	1.85253115018444
0.0110022330132118	2.02001236634118
0.0110046254641745	2.01234169836838
0.0110070189558472	2.12659281530468
0.011009413488909	2.0895799659051
0.0110118090640397	2.07320620300926
0.0110142056819197	1.98632552889619
0.0110166033432301	2.07029642872599
0.0110190020486523	2.04133518829526
0.0110214017988685	2.00469614782295
0.0110238025945616	2.14369059921768
0.0110262044364148	2.03301041590601
0.0110286073251122	1.98809551821276
0.0110310112613382	2.1398412049217
0.011033416245778	2.15973615750949
0.0110358222791174	2.05451016131903
0.0110382293620428	2.13731806725576
0.0110406374952409	2.02441124661097
0.0110430466793995	2.06527086083695
0.0110454569152065	2.18051911322362
0.0110478682033509	2.15667676007104
0.0110502805445219	2.05897741649432
0.0110526939394094	2.01146211928039
0.0110551083887041	2.10625651870907
0.0110575238930971	2.05317941993673
0.01105994045328	2.02821353036829
0.0110623580699454	2.07822560664997
0.0110647767437861	2.12827069918765
0.0110671964754958	2.15667332900333
0.0110696172657685	2.15197108839799
0.0110720391152992	2.11064270983343
0.0110744620247832	2.1636834134178
0.0110768859949165	2.10167117205847
0.0110793110263957	2.1969273371666
0.011081737119918	2.08062375259037
0.0110841642761813	2.06538422213155
0.0110865924958841	2.13525632004932
0.0110890217797253	2.16668356196877
0.0110914521284047	1.9784035711708
0.0110938835426226	2.05258927651935
0.0110963160230798	2.02033441576721
0.0110987495704778	1.82200058074407
0.0111011841855189	1.86693501866917
0.0111036198689057	1.8719895951857
0.0111060566213415	1.92400737314853
0.0111084944435305	1.99840137803571
0.0111109333361772	1.83392008294675
0.0111133732999867	1.97100721796431
0.011115814335665	2.01225285186073
0.0111182564439185	1.93600827485973
0.0111206996254543	1.87479709836832
0.01112314388098	1.76303463488018
0.0111255892112041	1.96087085737319
0.0111280356168354	1.87248538225144
0.0111304830985835	1.89138959027179
0.0111329316571586	1.93620228528892
0.0111353812932715	1.87735211104265
0.0111378320076338	1.8283501873883
0.0111402838009573	1.99545893592939
0.0111427366739549	2.01430011090606
0.0111451906273399	2.04597944799366
0.0111476456618262	2.1364828739842
0.0111501017781285	1.99158020650629
0.0111525589769618	2.04640374403426
0.0111550172590421	2.04039301030983
0.0111574766250859	1.97347027029039
0.0111599370758102	1.98886963952208
0.0111623986119329	1.9011455564893
0.0111648612341721	2.01617608620599
0.0111673249432471	1.89873368252064
0.0111697897398774	1.98271812343828
0.0111722556247833	2.05154272191645
0.0111747225986857	2.06889559312642
0.0111771906623061	2.11833121961402
0.0111796598163668	2.11627049912
0.0111821300615906	2.09638871279758
0.011184601398701	2.14112592047264
0.011187073828422	2.04212357509937
0.0111895473514783	2.07841992821714
0.0111920219685955	2.16474104885243
0.0111944976804995	2.16585937059621
0.011196974487917	2.08764627179258
0.0111994523915753	2.12804052515549
0.0112019313922024	2.15089571055679
0.0112044114905268	2.12380491197149
0.0112068926872778	2.08513691063341
0.0112093749831854	2.23776157826756
0.01121185837898	2.15681794212998
0.0112143428753929	2.12299069259882
0.0112168284731558	2.13451492456894
0.0112193151730013	1.90812892210666
0.0112218029756625	2.10076775214772
0.0112242918818732	2.15905638184928
0.0112267818923678	1.9967743869296
0.0112292730078815	2.03171554462332
0.0112317652291499	2.19849084809848
0.0112342585569095	2.00971276169922
0.0112367529918973	2.28043997649572
0.011239248534851	2.09735598932391
0.011241745186509	2.06748866964628
0.0112442429476103	2.08036332799452
0.0112467418188945	2.14840669756995
0.0112492418011021	2.06295002801025
0.0112517428949739	2.07568971859719
0.0112542451012517	2.14181759727737
0.0112567484206777	2.10079829088349
0.0112592528539949	2.09353970861401
0.0112617584019469	1.96591621545957
0.0112642650652781	2.09495447287009
0.0112667728447334	2.11350525917374
0.0112692817410584	2.18640053137854
0.0112717917549994	2.19257029864744
0.0112743028873033	2.02400381124518
0.0112768151387178	1.99857774128128
0.0112793285099911	2.04915246217966
0.0112818430018722	2.07761267573382
0.0112843586151108	2.04077869281276
0.0112868753504569	2.13378542937518
0.0112893932086618	2.23848329709049
0.0112919121904769	2.07550297194437
0.0112944322966545	2.08754153682594
0.0112969535279477	1.92595162328003
0.01129947588511	2.12014891402276
0.0113019993688958	1.99568923704718
0.0113045239800601	2.0484883412193
0.0113070497193585	1.96429247857508
0.0113095765875474	2.10232691487084
0.0113121045853837	1.94963737892973
0.0113146337136252	2.02880250234414
0.0113171639730302	2.1821082759723
0.0113196953643578	2.15209053563873
0.0113222278883677	2.03284592208439
0.0113247615458204	2.12405663025226
0.0113272963374768	2.12530408093001
0.0113298322640988	2.10445722570846
0.0113323693264488	2.09356117473938
0.0113349075252899	2.08944322538248
0.011337446861386	2.02328085712361
0.0113399873355016	2.04717406367405
0.0113425289484019	2.10948276567344
0.0113450717008526	2.06176142785163
0.0113476155936205	2.02573875158714
0.0113501606274727	1.9848169449555
0.0113527068031771	2.02670520137749
0.0113552541215025	2.17303965065289
0.0113578025832181	2.04240690136087
0.0113603521890939	2.13040415119199
0.0113629029399006	2.12798294101541
0.0113654548364097	2.22394725558187
0.0113680078793931	2.02060669502931
0.0113705620696237	2.00306079744152
0.011373117407875	2.11405211512025
0.011375673894921	2.14836733113005
0.0113782315315367	2.2893662552156
0.0113807903184977	2.08595958999573
0.0113833502565802	2.03044444310373
0.0113859113465611	2.08581335572231
0.0113884735892181	2.16164440991003
0.0113910369853296	2.04491827789081
0.0113936015356747	1.98881974709689
0.011396167241033	2.10118257976354
0.011398734102185	2.12370186862673
0.011401302119912	1.83713403366037
0.0114038712949957	2.15734402053499
0.0114064416282188	1.98262375718284
0.0114090131203646	1.80992231761924
0.0114115857722169	2.18189111197423
0.0114141595845606	1.94956459603294
0.011416734558181	2.05929079507254
0.0114193106938642	1.96501650649756
0.0114218879923971	2.00657923259144
0.0114244664545671	2.09013467378738
0.0114270460811626	2.06164303788798
0.0114296268729724	2.01598266342757
0.0114322088307863	1.93269329856144
0.0114347919553947	1.80697490334948
0.0114373762475885	2.02686463730728
0.0114399617081597	1.64170383811844
0.0114425483379007	1.89286701142972
0.0114451361376048	1.6751954395818
0.011447725108066	1.68466751725341
0.011450315250079	1.99833776079303
0.011452906564439	1.99242167848276
0.0114554990519424	2.12930080973067
0.0114580927133858	2.02937651458376
0.011460687549567	1.9952301257991
0.011463283561284	1.84726844189324
0.0114658807493361	1.72894867289766
0.0114684791145228	2.18313527035751
0.0114710786576447	1.58754101905736
0.0114736793795029	1.81094746741395
0.0114762812808994	1.90234197616904
0.0114788843626367	1.65660710048601
0.0114814886255183	1.9684256784225
0.0114840940703483	1.99581620765991
0.0114867006979314	2.06317338387786
0.0114893085090733	1.99950247761005
0.0114919175045802	1.99644425911145
0.0114945276852591	1.99353515677054
0.0114971390519178	1.68904148865767
0.0114997516053648	1.97776232366878
0.0115023653464093	1.80010419252926
0.0115049802758613	1.90560946121962
0.0115075963945315	2.05358020213759
0.0115102137032312	2.03167867735972
0.0115128322027727	2.21418544710081
0.0115154518939689	2.23803346829905
0.0115180727776334	2.02085787315426
0.0115206948545807	1.87669711408477
0.0115233181256258	1.90239229401583
0.0115259425915846	2.09047436215064
0.0115285682532738	1.89186577518807
0.0115311951115108	1.96024004902385
0.0115338231671135	2.13420820265167
0.011536452420901	1.90405413992516
0.0115390828736927	2.05276418562929
0.0115417145263091	2.1352232409351
0.0115443473795712	1.907473795676
0.0115469814343009	1.93664675085211
0.0115496166913208	2.08741214161214
0.0115522531514542	2.00722609008783
0.0115548908155252	2.07461673133869
0.0115575296843588	2.05907299137675
0.0115601697587804	2.03680251555931
0.0115628110396165	1.97179609843993
0.0115654535276941	2.09730092505723
0.0115680972238413	2.02614483958599
0.0115707421288865	2.0626841643664
0.0115733882436591	2.21712916164403
0.0115760355689894	2.07984125157431
0.0115786841057083	2.13765210350523
0.0115813338546473	2.09282790665194
0.0115839848166389	1.96052545682337
0.0115866369925164	2.02282144837009
0.0115892903831136	2.05790941282553
0.0115919449892654	1.9179770686118
0.0115946008118071	1.95335720466361
0.011597257851575	2.12255687710758
0.0115999161094062	2.13768885298816
0.0116025755861384	1.95285293925395
0.0116052362826102	2.11822443760454
0.0116078981996609	2.1448330850669
0.0116105613381306	2.11868049735974
0.0116132256988602	2.09532129778693
0.0116158912826913	2.13884779049017
0.0116185580904663	1.9680457585458
0.0116212261230283	2.07117664796023
0.0116238953812214	2.132745844097
0.0116265658658903	1.99323205985799
0.0116292375778805	2.14188488930736
0.0116319105180383	2.06887694892383
0.0116345846872107	2.06662985115222
0.0116372600862456	2.23416292812279
0.0116399367159916	2.02131464955459
0.0116426145772981	2.04118248862504
0.0116452936710153	2.01616757248607
0.0116479739979942	2.04706815379513
0.0116506555590865	2.046299844743
0.0116533383551448	2.14686833873135
0.0116560223870224	2.21378687895478
0.0116587076555733	2.03282499294612
0.0116613941616526	2.15962397687828
0.0116640819061158	1.98805421147152
0.0116667708898195	2.14532601764679
0.0116694611136209	2.02755803196745
0.011672152578378	1.79967109463365
0.0116748452849498	2.03908618285124
0.0116775392341958	2.04877967022184
0.0116802344269766	2.08037390532256
0.0116829308641532	2.23592763423307
0.0116856285465878	2.09818915585104
0.0116883274751431	2.08819746919154
0.0116910276506828	2.12024046382256
0.0116937290740714	2.26723127992019
0.0116964317461739	2.17066675577754
0.0116991356678564	2.10251114749007
0.0117018408399858	2.09540935830313
0.0117045472634296	2.00778140252666
0.0117072549390562	2.12316814986519
0.011709963867735	2.20912888230629
0.0117126740503359	2.23663195792698
0.0117153854877298	2.07772003631169
0.0117180981807882	2.1535827147652
0.0117208121303837	2.06487327251434
0.0117235273373895	2.00263591022221
0.0117262438026797	2.07387754841721
0.0117289615271291	2.14502025405518
0.0117316805116134	2.13789750158202
0.0117344007570092	2.18412164215423
0.0117371222641937	1.97493876937901
0.0117398450340451	2.00448946418806
0.0117425690674423	2.09122502156131
0.011745294365265	2.09375653954568
0.0117480209283939	2.12309395558249
0.0117507487577104	2.13268143462239
0.0117534778540966	2.0774834649815
0.0117562082184355	2.26303123491038
0.0117589398516111	2.19337967503869
0.011761672754508	1.95419169334481
0.0117644069280117	2.13113576459403
0.0117671423730085	2.18987976409275
0.0117698790903856	2.1208667519117
0.0117726170810309	2.04643609088921
0.0117753563458333	2.06368418900189
0.0117780968856823	2.16751544381481
0.0117808387014684	2.0813765583477
0.0117835817940829	2.1505566158236
0.0117863261644179	2.07090161882592
0.0117890718133663	2.04631131942208
0.0117918187418219	2.02128303137203
0.0117945669506794	2.17317290782701
0.0117973164408341	2.04821007922346
0.0118000672131824	2.15552539370006
0.0118028192686213	2.11253760395472
0.0118055726080489	1.87010657349388
0.0118083272323638	2.06573351481918
0.0118110831424658	2.25783181120219
0.0118138403392552	2.08151043130967
0.0118165988236335	1.99670829138324
0.0118193585965027	1.98839536175308
0.0118221196587659	1.93214839097741
0.0118248820113268	2.06797311733648
0.0118276456550903	2.03562802837076
0.0118304105909617	2.04791206552636
0.0118331768198475	1.91094859288031
0.0118359443426549	2.00916080526399
0.0118387131602919	2.0583419570328
0.0118414832736676	2.09384878390167
0.0118442546836916	2.09125297779723
0.0118470273912747	1.92040461955654
0.0118498013973281	2.0751920520563
0.0118525767027644	2.09344567901671
0.0118553533084967	2.13434096323559
0.011858131215439	2.08374127852033
0.0118609104245063	2.12174839617392
0.0118636909366142	2.04697110143274
0.0118664727526795	2.0153437651547
0.0118692558736195	2.15837040847802
0.0118720403003527	2.03016471593318
0.0118748260337982	2.02306044223451
0.011877613074876	2.22601031442545
0.0118804014245072	2.19372210730921
0.0118831910836135	2.22768650523849
0.0118859820531175	2.06020541981255
0.0118887743339429	2.07343380026217
0.0118915679270139	2.03757432967753
0.0118943628332558	2.03828100372286
0.0118971590535948	2.19763084555247
0.0118999565889579	2.06247916923893
0.011902755440273	2.06974817924449
0.0119055556084687	2.11871667340555
0.0119083570944748	2.19023551382519
0.0119111598992216	1.98828106057904
0.0119139640236407	2.09225255718079
0.0119167694686642	2.1046004410139
0.0119195762352253	2.04204974214689
0.0119223843242579	2.17787943354324
0.011925193736697	1.8645246621523
0.0119280044734784	1.85358341553293
0.0119308165355386	2.0593959129914
0.0119336299238153	1.81572560426981
0.0119364446392468	2.09800607265628
0.0119392606827725	1.94628518950517
0.0119420780553325	1.99766371838691
0.0119448967578679	2.23411854979996
0.0119477167913208	1.94076545965783
0.0119505381566338	2.14619454967097
0.0119533608547509	1.82260468830993
0.0119561848866167	1.97554520655691
0.0119590102531766	1.8524740318348
0.0119618369553771	1.86073205143587
0.0119646649941656	1.92555081086027
0.0119674943704902	1.72376012292717
0.0119703250853001	2.08015960649075
0.0119731571395453	1.96847975307371
0.0119759905341767	1.92843282858186
0.0119788252701461	2.18793745301405
0.0119816613484062	1.98657379108945
0.0119844987699106	1.9948026492351
0.011987337535614	1.73443282487647
0.0119901776464716	2.14063140479658
0.0119930191034399	1.51636262879356
0.011995861907476	1.78728167541503
0.0119987060595381	1.70232870389224
0.0120015515605853	1.76169552460681
0.0120043984115776	1.95717497376878
0.0120072466134758	2.08373064287593
0.0120100961672416	2.04476124911132
0.0120129470738379	1.82791991071112
0.0120157993342282	2.01593486465763
0.012018652949377	1.885544785259
0.0120215079202499	1.92958248629663
0.0120243642478131	2.0111113015915
0.0120272219330339	1.70172254462969
0.0120300809768807	2.02615318284567
0.0120329413803224	1.99208885235882
0.0120358031443291	2.10808414098339
0.0120386662698718	2.12831160361837
0.0120415307579224	2.0512587268845
0.0120443966094538	1.80960312847653
0.0120472638254396	1.95197134533614
0.0120501324068545	1.92336694879284
0.0120530023546741	1.76769238124244
0.0120558736698751	2.09729776929185
0.0120587463534347	2.31370207752688
0.0120616204063315	2.12711350209113
0.0120644958295447	1.95020894822929
0.0120673726240546	2.04744647896325
0.0120702507908424	2.0696146906226
0.0120731303308903	1.97415060261973
0.0120760112451813	2.12474730464985
0.0120788935346994	2.11384460191065
0.0120817772004295	2.08393363042213
0.0120846622433576	1.92837505647834
0.0120875486644705	2.19066694011482
0.012090436464756	2.0355435884751
0.0120933256452027	2.2358365448688
0.0120962162068004	2.06914212996375
0.0120991081505396	2.1934832900417
0.0121020014774119	1.99284891506162
0.0121048961884099	2.0283008751775
0.0121077922845269	2.09645397105715
0.0121106897667574	2.0537006760538
0.0121135886360967	2.16959122580245
0.0121164888935412	2.17874010465568
0.0121193905400881	1.84742734564217
0.0121222935767357	2.05804744063778
0.012125198004483	2.06639508401428
0.0121281038243303	1.93250472901941
0.0121310110372787	2.00943361752426
0.0121339196443302	2.04535499776798
0.0121368296464878	2.06184267044675
0.0121397410447554	2.05557327914211
0.0121426538401382	1.96639236097324
0.0121455680336419	2.16351956177044
0.0121484836262734	2.05767668184653
0.0121514006190406	2.09720365381668
0.0121543190129522	2.11455131404703
0.0121572388090182	2.12085161472828
0.0121601600082491	2.02530529823573
0.0121630826116567	2.03582744128659
0.0121660066202538	2.06278418659896
0.0121689320350539	2.24274497938571
0.0121718588570718	2.21898516601696
0.012174787087323	1.98809161339246
0.0121777167268242	2.07251422242831
0.0121806477765929	2.11196296196297
0.0121835802376477	2.19956286669599
0.012186514111008	1.91336148558051
0.0121894493976946	1.97428962860353
0.0121923860987287	2.04157314050797
0.012195324215133	1.86353710294553
0.0121982637479308	1.99191607302799
0.0122012046981467	1.95906393421448
0.0122041470668061	2.18183610140001
0.0122070908549354	1.86209779323755
0.0122100360635621	1.92981738965834
0.0122129826937146	2.14149133121724
0.0122159307464223	2.11141647306644
0.0122188802227156	1.92712963569881
0.0122218311236259	1.97685129350619
0.0122247834501856	1.98356266543033
0.0122277372034281	2.03420314015709
0.0122306923843878	1.96886373042595
0.0122336489941001	2.11740639783052
0.0122366070336014	2.13342810602556
0.012239566503929	2.17862613430745
0.0122425274061215	1.96564527422624
0.0122454897412182	1.97793453361422
0.0122484535102594	1.93578109372124
0.0122514187142868	2.0889543563542
0.0122543853543425	2.12022364993118
0.0122573534314702	2.15336703086775
0.0122603229467143	2.13296187807126
0.0122632939011202	2.0869779280928
0.0122662662957344	2.09815339021231
0.0122692401316044	2.15569001018551
0.0122722154097787	2.06652787618954
0.0122751921313069	1.94827921524263
0.0122781702972394	2.06533583873084
0.0122811499086279	2.15026450613193
0.0122841309665249	2.0231010180654
0.012287113471984	2.08629877918262
0.01229009742606	2.06551764232266
0.0122930828298083	2.06242289843307
0.0122960696842858	2.16267432144749
0.01229905799055	2.09465584456866
0.0123020477496599	2.15677696636187
0.012305038962675	1.9736475197702
0.0123080316306563	2.26366164295547
0.0123110257546655	2.16424086219631
0.0123140213357656	2.04803129136023
0.0123170183750203	2.12392311890706
0.0123200168734948	2.14080686448657
0.0123230168322548	2.07922574330763
0.0123260182523675	1.94193198245385
0.0123290211349008	2.08087080023032
0.012332025480924	1.85171796706881
0.012335031291507	2.01267062342717
0.0123380385677212	1.97143407898444
0.0123410473106386	1.90386171648672
0.0123440575213327	1.93609289110704
0.0123470692008776	2.13230015532396
0.0123500823503488	2.16899312140777
0.0123530969708226	2.20875506373621
0.0123561130633766	2.01120372328798
0.0123591306290893	2.16311720258375
0.0123621496690402	2.12159290136082
0.0123651701843099	2.02808039382644
0.0123681921759802	2.21486139970919
0.0123712156451338	2.11545271059504
0.0123742405928545	2.02774250531754
0.0123772670202271	2.02620860919992
0.0123802949283376	2.11051053432205
0.0123833243182729	2.02972642294283
0.0123863551911211	2.01694500200746
0.0123893875479714	2.08867581633675
0.0123924213899138	2.03676373730028
0.0123954567180397	2.13290990489964
0.0123984935334414	2.11798431651313
0.0124015318372122	1.96997867573969
0.0124045716304466	2.08195137989323
0.0124076129142402	2.13607598015678
0.0124106556896896	2.0776696462003
0.0124136999578924	2.12239830242263
0.0124167457199474	2.12297560216316
0.0124197929769545	2.12746277645492
0.0124228417300146	2.17946591036991
0.0124258919802296	2.08560328563076
0.0124289437287027	2.12292177242851
0.012431996976538	2.07271909623498
0.0124350517248408	2.08987061966314
0.0124381079747175	2.0554255940658
0.0124411657272754	2.10516702345895
0.0124442249836231	1.94429192778601
0.0124472857448702	2.04235214697632
0.0124503480121273	2.00625542996733
0.0124534117865064	1.95851006247302
0.0124564770691202	2.04554242945527
0.0124595438610827	2.15684143584218
0.0124626121635092	2.12121507313919
0.0124656819775156	1.97891678558965
0.0124687533042193	1.9893454272443
0.0124718261447387	1.80933304401772
0.0124749005001933	1.86512697463329
0.0124779763717036	1.85443164170928
0.0124810537603914	1.78978972549547
0.0124841326673794	2.16570490307472
0.0124872130937916	1.82220004943388
0.012490295040753	1.92504987547688
0.0124933785093897	2.14998909196924
0.012496463500829	2.08238906490489
0.0124995500161991	2.00447910143713
0.0125026380566296	1.90037963622422
0.0125057276232511	1.88998371685681
0.0125088187171953	1.64763458757154
0.012511911339595	2.00392366329887
0.0125150054915841	1.50564730148728
0.0125181011742977	1.95340108108958
0.0125211983888721	1.69041096911681
0.0125242971364444	2.04109344312184
0.0125273974181532	2.01182274037703
0.012530499235138	1.98684276759602
0.0125336025885396	2.07219245243485
0.0125367074794997	1.87909491612665
0.0125398139091613	2.1204101003048
0.0125429218786685	1.76191010861587
0.0125460313891666	1.99065344335247
0.0125491424418018	1.63314896870774
0.0125522550377217	2.15867590815066
0.012555369178075	2.06339290403249
0.0125584848640114	2.0047062908784
0.0125616020966818	2.20822427874296
0.0125647208772384	2.1031022812653
0.0125678412068342	2.0063225074464
0.0125709630866237	1.83562980399852
0.0125740865177624	1.97258119310469
0.0125772115014068	1.98843321013734
0.0125803380387149	1.86739050337366
0.0125834661308456	1.98465975674594
0.0125865957789589	1.92975408236809
0.0125897269842162	2.00549666072029
0.0125928597477798	1.77661336786424
0.0125959940708134	2.06006709991769
0.0125991299544816	2.02470097196436
0.0126022673999503	1.99404676341197
0.0126054064083866	2.11105474540113
0.0126085469809588	2.17584571907602
0.0126116891188361	1.99379351560373
0.0126148328231892	1.98094474349846
0.0126179780951897	2.08316092531536
0.0126211249360106	2.01570961354805
0.0126242733468259	2.0700829578664
0.0126274233288107	2.21060313747637
0.0126305748831416	2.06671760878378
0.0126337280109961	2.12903309813112
0.0126368827135529	1.97611528388387
0.012640038991992	1.96965139650414
0.0126431968474944	2.10888861258091
0.0126463562812425	1.96905216032305
0.0126495172944198	2.20081979927274
0.0126526798882108	2.19367088871273
0.0126558440638014	2.11201754005611
0.0126590098223786	2.2420252086825
0.0126621771651307	2.16728044513644
0.0126653460932471	2.14221801942106
0.0126685166079183	2.06453662691952
0.0126716887103361	2.05577378497528
0.0126748624016935	1.95763175589341
0.0126780376831847	2.12934692532395
0.012681214556005	2.05317859824025
0.0126843930213511	1.97562934899362
0.0126875730804207	1.99805551619379
0.0126907547344127	2.1846658944049
0.0126939379845273	2.02608432598863
0.012697122831966	2.07641246684479
0.0127003092779313	2.15081053173748
0.0127034973236269	2.06412413967698
0.012706686970258	2.15087398379428
0.0127098782190306	2.13371565056179
0.0127130710711523	1.98217452603631
0.0127162655278316	2.08639048596097
0.0127194615902784	2.21627512521544
0.0127226592597038	2.16658486561038
0.0127258585373201	2.20935618569685
0.0127290594243408	2.04050252639386
0.0127322619219805	1.88446551421165
0.0127354660314553	1.91931864785475
0.0127386717539824	2.20209155051789
0.01274187909078	2.12846204708476
0.0127450880430679	1.98387435758794
0.012748298612067	1.9727818632196
0.0127515107989992	2.09875816750459
0.012754724605088	2.16187295080961
0.0127579400315578	1.8876904496634
0.0127611570796345	2.02877936657941
0.012764375750545	2.07082875026523
0.0127675960455178	2.11899624654573
0.0127708179657821	1.89410394385169
0.0127740415125689	2.09994179708886
0.01277726668711	2.10848801835228
0.0127804934906388	1.96608882519866
0.0127837219243897	2.01160908533547
0.0127869519895983	2.04180513432283
0.0127901836875018	2.08873642732524
0.0127934170193383	1.93121527118958
0.0127966519863473	2.15127573885158
0.0127998885897695	2.03600267270159
0.0128031268308469	2.05749017751572
0.0128063667108228	2.1416537535006
0.0128096082309416	2.07040126958043
0.0128128513924492	2.17683994824728
0.0128160961965925	2.2179731415451
0.0128193426446199	2.10014538898598
0.0128225907377809	2.12394333829646
0.0128258404773262	2.11942851727502
0.0128290918645081	2.10399862607972
0.0128323449005799	2.01723584169331
0.0128355995867961	2.14855490875959
0.0128388559244128	2.05832677535558
0.012842113914687	2.15393681012976
0.0128453735588773	2.11388120424174
0.0128486348582433	2.08001847577567
0.0128518978140462	1.91561272358449
0.0128551624275481	2.09201141608586
0.0128584287000126	2.04718120246897
0.0128616966327047	2.15829265360624
0.0128649662268904	2.18680009755844
0.0128682374838373	2.137698250097
0.0128715104048139	2.22165037813949
0.0128747849910904	2.03494595411766
0.0128780612439381	2.10658070847072
0.0128813391646295	2.20277600574577
0.0128846187544385	2.01726222183961
0.0128879000146404	2.18197823141208
0.0128911829465117	1.90571871787426
0.0128944675513301	2.12124483547185
0.0128977538303747	2.09573934659547
0.012901041784926	2.13056320612974
0.0129043314162656	2.07862395059832
0.0129076227256767	2.20443090280142
0.0129109157144434	2.13353002505367
0.0129142103838514	2.13122975603545
0.0129175067351878	1.97890271800432
0.0129208047697407	1.99908941702224
0.0129241044887998	2.07967811249037
0.0129274058936558	2.09017490985896
0.0129307089856012	2.10800778855197
0.0129340137659293	2.08468035579521
0.0129373202359351	1.97113692546715
0.0129406283969147	2.15554341231885
0.0129439382501657	2.00394774656344
0.0129472497969869	2.05053923654465
0.0129505630386785	1.92972277720973
0.0129538779765419	2.0728999164222
0.01295719461188	2.12941634384078
0.012960512945997	2.12309381066735
0.0129638329801983	1.75179434688451
0.0129671547157909	2.1254692402834
0.0129704781540828	1.87223050739567
0.0129738032963837	2.00475158883255
0.0129771301440044	2.04120516267501
0.0129804586982571	1.94871611975714
0.0129837889604553	2.02983045172662
0.012987120931914	2.0380804878397
0.0129904546139495	1.92053249873754
0.0129937900078792	2.02260896442963
0.0129971271150223	2.11432759029285
0.013000465936699	1.71242798564479
0.0130038064742309	2.18181763306428
0.0130071487289412	1.90215534794344
0.0130104927021542	2.17233496181381
0.0130138383951957	2.07109363275876
0.0130171858093928	2.05466816071994
0.013020534946074	2.15931664069171
0.0130238858065691	1.88573536671774
0.0130272383922093	1.8361457685849
0.0130305927043273	1.6286268927376
0.013033948744257	1.9434854237763
0.0130373065133338	1.7134915344681
0.0130406660128944	2.00509861610021
0.0130440272442769	1.70441825972048
0.0130473902088207	2.12525595241303
0.0130507549078667	2.11959688264076
0.0130541213427572	1.99868265187657
0.0130574895148357	1.87910310490496
0.0130608594254474	1.98380630933865
0.0130642310759385	1.68689741865048
0.013067604467657	1.96917371792801
0.0130709796019519	1.82914311730182
0.0130743564801739	1.86133468825732
0.0130777351036749	2.15725621525144
0.0130811154738083	2.03232514754689
0.0130844975919289	2.03841287480723
0.0130878814593928	2.10902281253073
0.0130912670775577	1.97215762113502
0.0130946544477825	1.92176804763849
0.0130980435714276	2.08767866629898
0.0131014344498549	1.99247486139466
0.0131048270844274	2.12189346556037
0.0131082214765099	2.09120632103997
0.0131116176274683	1.88138410786777
0.0131150155386702	2.06670559316843
0.0131184152114844	2.00113041885109
0.0131218166472812	2.06852000679995
0.0131252198474323	2.05012572106827
0.0131286248133108	1.9463259219564
0.0131320315462913	2.0788599005019
0.0131354400477498	2.05224978474065
0.0131388503190637	2.05786557385657
0.0131422623616118	2.06272513494964
0.0131456761767745	2.0421837023151
0.0131490917659334	2.14815556611016
0.0131525091304717	2.22345392927986
0.0131559282717739	2.04122351698489
0.0131593491912262	2.17454709503524
0.013162771890216	2.22025208777234
0.0131661963701322	2.11036912751973
0.0131696226323651	2.13127054716706
0.0131730506783066	2.09839182525056
0.0131764805093499	1.90384550547848
0.0131799121268897	2.10505145427752
0.0131833455323222	2.10671428078542
0.0131867807270451	2.20134942325796
0.0131902177124573	2.3165173275465
0.0131936564899595	2.16512027972762
0.0131970970609535	2.00817776715923
0.013200539426843	2.16355663333763
0.0132039835890327	2.07190063452996
0.0132074295489291	2.11911245385134
0.0132108773079401	1.84996506260203
0.0132143268674749	2.07644554754577
0.0132177782289445	1.95094067801726
0.0132212313937609	2.09534937373127
0.0132246863633381	2.07738376794689
0.0132281431390911	1.91014884461219
0.0132316017224368	2.03536160935656
0.0132350621147934	2.0244915972987
0.0132385243175804	2.03617067430333
0.0132419883322191	2.13867892485482
0.0132454541601321	2.1956158359024
0.0132489218027435	2.12682322146039
0.0132523912614791	2.18787229908656
0.0132558625377658	2.16608208552612
0.0132593356330324	2.21768350425629
0.0132628105487089	2.18478677490672
0.0132662872862269	2.09012446487383
0.0132697658470196	2.00912771911041
0.0132732462325217	2.07712266775545
0.0132767284441691	2.15653447783431
0.0132802124833996	2.21975025908077
0.0132836983516523	1.99871208587749
0.0132871860503679	1.98527627349457
0.0132906755809885	2.16237328217397
0.0132941669449578	2.06769839681129
0.013297660143721	2.07588030310216
0.0133011551787248	2.08581212268065
0.0133046520514176	2.18645217118579
0.0133081507632489	2.05032141951377
0.0133116513156702	2.03591211319066
0.0133151537101343	2.07261569981181
0.0133186579480955	1.95511053163632
0.0133221640310096	2.00564373279967
0.0133256719603341	2.00692910730324
0.013329181737528	1.9631226186589
0.0133326933640517	2.0147773034015
0.0133362068413673	1.96898725471851
0.0133397221709383	1.90036817133747
0.0133432393542298	2.04453254954344
0.0133467583927085	1.96744958098466
0.0133502792878426	2.00949192762817
0.0133538020411018	1.98989632207634
0.0133573266539575	1.88961557427531
0.0133608531278825	1.914012297629
0.0133643814643512	2.00581315195429
0.0133679116648396	2.13561932382154
0.0133714437308252	1.95974614854551
0.0133749776637872	1.9674020974681
0.0133785134652061	2.04111512470106
0.0133820511365643	2.04045094739419
0.0133855906793454	2.05782015606332
0.0133891320950349	2.01317655139773
0.0133926753851197	2.00583916897048
0.0133962205510883	2.04201135180387
0.0133997675944307	1.9327147507664
0.0134033165166388	2.12818601697934
0.0134068673192056	1.89297177941898
0.0134104200036261	2.00851784945829
0.0134139745713966	2.03258766669826
0.0134175310240151	1.96900997758781
0.0134210893629813	2.19734810728828
0.0134246495897963	2.07681764337645
0.0134282117059629	2.14755480016952
0.0134317757129854	2.23192667353635
0.0134353416123699	2.12288702862947
0.0134389094056238	2.06174048867321
0.0134424790942564	2.07482086460416
0.0134460506797784	2.02498789413207
0.0134496241637023	2.15351930405399
0.0134531995475419	1.84422783795335
0.0134567768328129	2.24014977613297
0.0134603560210325	2.21716635383003
0.0134639371137196	1.94774057091872
0.0134675201123944	2.18344174230445
0.0134711050185793	1.97896405490486
0.0134746918337977	1.93194555761992
0.013478280559575	2.23744709725661
0.0134818711974381	1.97104436476146
0.0134854637489157	2.19401498433667
0.0134890582155378	2.08115562497503
0.0134926545988363	2.09938102886536
0.0134962529003447	2.13715536469278
0.013499853121598	2.14513810090848
0.0135034552641329	2.22651472978687
0.0135070593294879	2.04571996187756
0.0135106653192029	1.7976756163032
0.0135142732348196	1.90687532441084
0.0135178830778813	1.99992604208774
0.013521494849933	1.68918574906829
0.0135251085525212	2.05578496071461
0.0135287241871942	1.74596759100166
0.0135323417555019	2.02174206251759
0.0135359612589959	2.00919306787322
0.0135395826992295	2.08595742113713
0.0135432060777574	2.11923379111823
0.0135468313961364	2.02323276195241
0.0135504586559245	1.56986930567419
0.0135540878586818	2.12584588601349
0.0135577190059697	1.54480878645204
0.0135613520993515	2.03159665766583
0.0135649871403921	1.59539152375886
0.0135686241306582	1.95154256378252
0.0135722630717179	1.98985188281579
0.0135759039651414	1.83859317216856
0.0135795468125001	1.88154063134504
0.0135831916153674	2.00220534280056
0.0135868383753184	1.77884909362974
0.0135904870939298	2.03009666271665
0.0135941377727799	1.74102416579601
0.0135977904134489	1.98938195152192
0.0136014450175186	2.02051220530533
0.0136051015865725	2.03614835476159
0.0136087601221957	2.09939458426146
0.0136124206259753	2.0988424029306
0.0136160830994997	2.01551416697176
0.0136197475443595	2.01028720794079
0.0136234139621465	2.00914706977232
0.0136270823544545	1.98029101034296
0.0136307527228791	2.14339482312619
0.0136344250690174	1.8316970804664
0.0136380993944683	2.1377901565981
0.0136417757008325	2.02154232181982
0.0136454539897124	2.0693175222543
0.0136491342627119	2.14035052999448
0.0136528165214371	2.04118301912589
0.0136565007674953	2.10150942087081
0.0136601870024959	2.123736443543
0.01366387522805	2.16666930005022
0.0136675654457703	2.04034350581184
0.0136712576572714	2.06883145944345
0.0136749518641694	2.04958801418318
0.0136786480680824	2.12505591559681
0.0136823462706302	2.00580449561828
0.0136860464734343	2.29785832022641
0.0136897486781178	2.07517254844418
0.013693452886306	2.03275388113072
0.0136971590996254	2.15294863973197
0.0137008673197048	2.12306847438904
0.0137045775481743	2.20383766553061
0.0137082897866661	1.92291130720257
0.013712004036814	2.0115823831772
0.0137157203002535	2.031467940199
0.0137194385786222	2.08026716410821
0.0137231588735592	2.01427561815166
0.0137268811867053	1.9627700260687
0.0137306055197034	1.93480724944831
0.0137343318741979	1.92218042029507
0.0137380602518351	1.81265791269225
0.0137417906542631	1.93741360715058
0.0137455230831318	2.07957875458923
0.0137492575400928	2.03296470942479
0.0137529940267996	2.08224376716032
0.0137567325449075	2.06099012636838
0.0137604730960734	2.10617040065577
0.0137642156819563	2.11185362547275
0.0137679603042168	2.07725639462363
0.0137717069645175	2.0354523753457
0.0137754556645225	2.02171567474287
0.0137792064058979	2.06849977029991
0.0137829591903118	2.04997560114707
0.0137867140194337	1.88260157521133
0.0137904708949354	2.03121146137321
0.01379422981849	2.31052577726041
0.0137979907917729	2.23485679619159
0.013801753816461	2.0659263955172
0.0138055188942332	1.94101281118112
0.0138092860267701	1.96721358778309
0.0138130552157544	2.06360967313244
0.0138168264628703	2.11989581095809
0.0138205997698041	2.17232213466691
0.0138243751382437	2.08006950658944
0.0138281525698792	2.05269403338667
0.0138319320664021	2.00650629833201
0.0138357136295062	2.14964723699894
0.0138394972608867	2.01510205607691
0.0138432829622411	2.08333767835273
0.0138470707352684	2.03529017859556
0.0138508605816697	2.08109209249614
0.0138546525031478	2.16638608563368
0.0138584465014075	2.15482882659457
0.0138622425781553	2.27136597473767
0.0138660407350998	2.15765670525741
0.0138698409739513	2.06001620676914
0.0138736432964221	2.13145047907189
0.0138774477042261	2.0373631491008
0.0138812541990794	2.03626228874011
0.0138850627826999	2.0413385467599
0.0138888734568073	2.09249178895675
0.0138926862231232	2.31078171971837
0.0138965010833712	2.09705976154033
0.0139003180392768	1.97846636346415
0.0139041370925671	2.11271935913154
0.0139079582449715	2.2912628671384
0.013911781498221	2.09936800919734
0.0139156068540487	1.8776583878123
0.0139194343141895	2.10147848219284
0.0139232638803803	1.86592715163029
0.0139270955543597	2.08025780481106
0.0139309293378685	2.05586799349885
0.0139347652326493	1.95324756727124
0.0139386032404465	2.1186026834279
0.0139424433630066	2.2518208867052
0.0139462856020779	2.04533484744472
0.0139501299594107	2.14277168875182
0.0139539764367573	1.90783128881798
0.0139578250358716	2.09804475620779
0.01396167575851	2.0523527196259
0.0139655286064302	2.08735478879533
0.0139693835813924	2.16914680472384
0.0139732406851583	2.17176907394952
0.0139770999194919	2.11273661410673
0.013980961286159	2.19466867845809
0.0139848247869272	2.12401275092991
0.0139886904235664	2.12239747190041
0.0139925581978481	1.95698736624041
0.013996428111546	2.09643826282202
0.0140003001664356	1.9554586315331
0.0140041743642946	2.2006459399262
0.0140080507069023	1.95664351739734
0.0140119291960404	2.09445348593412
0.0140158098334922	2.17909160743759
0.0140196926210433	2.08474308001421
0.0140235775604809	2.21617136034878
0.0140274646535946	2.18340342967648
0.0140313539021757	1.78005566310964
0.0140352453080175	2.20355254815781
0.0140391388729155	1.79595188745529
0.014043034598667	2.09528660634521
0.0140469324870713	1.77895902430719
0.0140508325399297	1.9161871301957
0.0140547347590457	1.95885992756868
0.0140586391462245	2.13126759898852
0.0140625457032736	1.96275556238525
0.0140664544320023	2.09283295439887
0.0140703653342219	1.72825705308087
0.0140742784117459	1.94323246397504
0.0140781936663897	1.57097586727974
0.0140821110999707	2.00123085242764
0.0140860307143083	1.7382412789504
0.0140899525112241	2.0768022065449
0.0140938764925416	2.07039216658079
0.0140978026600863	2.0493493919251
0.0141017310156857	1.82252597812308
0.0141056615611696	2.01407560541836
0.0141095942983695	1.74827155159879
0.0141135292291191	1.96294586409259
0.0141174663552543	1.72843138930873
0.0141214056786127	2.00938124216031
0.0141253472010343	1.96244656056622
0.0141292909243609	2.11407041653779
0.0141332368504365	2.13720063375239
0.0141371849811071	1.93191995876117
0.0141411353182209	1.90386966276492
0.0141450878636279	2.05309340126865
0.0141490426191803	1.85913153859225
0.0141529995867325	2.16340058899459
0.0141569587681408	2.04994930917251
0.0141609201652637	2.02380834199234
0.0141648837799617	2.22189350105578
0.0141688496140973	2.07783383615285
0.0141728176695353	2.17708637105028
0.0141767879481425	1.94489156076017
0.0141807604517878	2.01318800313219
0.014184735182342	2.13112014204615
0.0141887121416784	2.17421000879958
0.0141926913316719	2.1132453660463
0.0141966727542	2.12040311731443
0.014200656411142	1.97531596389107
0.0142046423043794	2.16314759517298
0.0142086304357958	1.96306776181171
0.014212620807277	2.14277375647661
0.0142166134207106	1.96873114249888
0.0142206082779868	2.13561564954599
0.0142246053809976	2.08641205680511
0.0142286047316372	2.00950260304381
0.014232606331802	2.15781484587124
0.0142366101833904	2.09721139711336
0.0142406162883031	2.18264381043843
0.0142446246484428	2.05811742674576
0.0142486352657144	2.08628571765391
0.0142526481420249	2.11635424635217
0.0142566632792836	2.01885617712116
0.0142606806794018	2.15108773282724
0.0142647003442929	2.14327651092132
0.0142687222758727	1.9597238008195
0.014272746476059	2.10683802117544
0.0142767729467717	2.13691512710545
0.0142808016899331	2.21399830839562
0.0142848327074673	2.15121049591665
0.014288866001301	2.00853415246709
0.0142929015733627	1.95332988143421
0.0142969394255834	2.04737635154347
0.0143009795598961	2.0947145648015
0.0143050219782359	2.14898971591745
0.0143090666825403	1.99965293498082
0.0143131136747489	2.08247676063166
0.0143171629568035	2.01823279202937
0.0143212145306481	2.03345377223065
0.0143252683982288	2.27683034166478
0.0143293245614941	2.04628104023064
0.0143333830223946	2.09565181902371
0.0143374437828831	2.1531886855213
0.0143415068449145	2.09496442429218
0.0143455722104462	2.11574119358161
0.0143496398814377	2.04303483252385
0.0143537098598505	2.12653235314141
0.0143577821476487	2.12295194496846
0.0143618567467983	2.20612361505647
0.0143659336592678	2.04726352355913
0.0143700128870277	2.02126658524547
0.0143740944320509	2.10986633121684
0.0143781782963125	2.17502581290342
0.0143822644817899	2.08817872361936
0.0143863529904626	2.19086528772546
0.0143904438243124	1.97464769760794
0.0143945369853235	2.03844072829733
0.0143986324754822	2.19440648225435
0.0144027302967771	2.08807134307546
0.014406830451199	2.11190641603925
0.0144109329407412	2.04271174400099
0.0144150377673991	1.99372010884092
0.0144191449331703	2.2552273252098
0.0144232544400548	2.21461963489257
0.0144273662900549	2.14875623626612
0.014431480485175	2.15207910879513
0.014435597027422	2.07121500285442
0.0144397159188051	2.22134417167921
0.0144438371613355	2.18041507044444
0.0144479607570271	2.11299049846295
0.0144520867078957	2.15836718081374
0.0144562150159598	2.08467667622389
0.0144603456832399	2.00485952788547
0.014464478711759	2.01190191070348
0.0144686141035422	1.93455743178589
0.0144727518606172	2.16241156425458
0.0144768919850137	2.04558545385536
0.014481034478764	2.08505952339003
0.0144851793439027	2.11837934677705
0.0144893265824665	2.06577235474236
0.0144934761964946	2.16120038309009
0.0144976281880286	2.0644488458449
0.0145017825591123	2.05443441669336
0.014505939311792	2.12246693087572
0.0145100984481161	1.85413611333603
0.0145142599701356	2.12811945444219
0.0145184238799038	1.9392282193703
0.0145225901794762	2.15894444975036
0.0145267588709108	1.85405257520171
0.0145309299562679	2.0501548219679
0.0145351034376103	2.11187594036895
0.014539279317003	2.07301043438101
0.0145434575965135	2.07930392429064
0.0145476382782116	2.16136107022238
0.0145518213641694	2.00996840338837
0.0145560068564617	2.15616546835866
0.0145601947571653	1.71644819335745
0.0145643850683596	2.21818980705752
0.0145685777921264	1.8880514870276
0.0145727729305499	2.25799255514479
0.0145769704857165	2.23667033297998
0.0145811704597153	2.07223640447262
0.0145853728546377	1.96512485162825
0.0145895776725774	1.84942956269975
0.0145937849156306	1.73458750662431
0.014597994585896	1.93381700069662
0.0146022066854745	1.75610075492876
0.0146064212164697	1.82465155924398
0.0146106381809874	1.83384146345486
0.0146148575811361	2.048024534634
0.0146190794190263	2.17425326475899
0.0146233036967714	2.06893976646191
0.014627530416487	2.0458905759209
0.0146317595802911	1.83525783544752
0.0146359911903044	2.03761567635419
0.0146402252486498	1.7192516940304
0.0146444617574528	1.96768922262728
0.0146487007188413	2.01368464136268
0.0146529421349456	1.90375593824461
0.0146571860078987	2.00682469509596
0.0146614323398358	1.86639430327225
0.0146656811328948	2.00459793593707
0.0146699323892158	2.08331314650306
0.0146741861109418	1.98345112241955
0.0146784423002178	2.16742511636475
0.0146827009591917	1.95767979428763
0.0146869620900137	2.13382669160637
0.0146912256948364	2.0551644589715
0.0146954917758152	2.0196501174988
0.0146997603351077	2.03157798696595
0.0147040313748742	1.94238413481341
0.0147083048972774	2.09150421246562
0.0147125809044826	2.10593155235196
0.0147168593986576	2.03159512870031
0.0147211403819726	2.08101062911287
0.0147254238566005	2.0470980642245
0.0147297098247167	2.04466932729403
0.014733998288499	2.03416127258531
0.0147382892501279	2.23403960236688
0.0147425827117863	2.15871089043419
0.0147468786756598	1.9808774676429
0.0147511771439363	2.09061930263066
0.0147554781188066	2.11850488582459
0.0147597816024638	2.16524662416452
0.0147640875971037	2.00866805793239
0.0147683961049244	2.03414280619824
0.0147727071281269	2.14163660250532
0.0147770206689146	2.16446482621055
0.0147813367294935	2.194382940655
0.0147856553120722	2.06550194330906
0.0147899764188619	2.03030179547305
0.0147943000520762	2.01667003524816
0.0147986262139316	1.95770581840936
0.0148029549066469	2.04629833447618
0.0148072861324437	2.21687659729111
0.0148116198935462	1.99733785451821
0.014815956192181	2.12327167217312
0.0148202950305775	2.05020131961369
0.0148246364109677	2.11004266107057
0.014828980335586	2.13487816215998
0.0148333268066698	2.10986720576263
0.0148376758264588	2.1490370728286
0.0148420273971955	2.1925910545667
0.0148463815211249	2.06759010977056
0.0148507382004948	2.05443380819533
0.0148550974375554	2.24467966542526
0.0148594592345598	2.09949454755011
0.0148638235937637	2.19045110156722
0.0148681905174252	2.0293287313624
0.0148725600078054	1.94405251458936
0.0148769320671679	2.07483897140446
0.0148813066977788	2.04511662606945
0.0148856839019072	2.1521007765644
0.0148900636818246	2.00697607505285
0.0148944460398054	2.18707907274062
0.0148988309781264	1.93639313954673
0.0149032184990674	2.03114075203255
0.0149076086049105	2.06393148087199
0.0149120012979409	2.05978863189832
0.0149163965804462	2.17385073533952
0.0149207944547169	2.11330427034606
0.014925194923046	2.12301484561024
0.0149295979877294	2.12381748933904
0.0149340036510655	2.17114757787541
0.0149384119153557	2.17881690972214
0.0149428227829038	2.09805535364715
0.0149472362560166	2.19051458803264
0.0149516523370034	2.11357803872203
0.0149560710281764	2.07344208556467
0.0149604923318504	1.97550626725963
0.014964916250343	2.13265311664497
0.0149693427859746	2.15030266265237
0.0149737719410683	2.13826738618504
0.01497820371795	2.22362116461181
0.0149826381189481	2.1009521416969
0.0149870751463941	2.00042703191522
0.014991514802622	2.08963334937127
0.0149959570899689	1.93468138614495
0.0150004020107742	2.04768604100955
0.0150048495673805	2.19354815791547
0.0150092997621329	2.10570788792433
0.0150137525973795	2.02516987333085
0.015018208075471	2.15128044058067
0.015022666198761	2.06168034812828
0.0150271269696059	2.08294621738874
0.0150315903903647	2.15776044871978
0.0150360564633996	1.91177182834167
0.0150405251910752	2.13029393817245
0.0150449965757591	1.85596786363539
0.0150494706198218	2.0121014422914
0.0150539473256365	2.03430855175015
0.0150584266955792	2.19073166834124
0.0150629087320288	2.21864532826129
0.015067393437367	2.17886490302287
0.0150718808139784	1.96098222346576
0.0150763708642503	2.07141922080126
0.015080863590573	1.74457568649428
0.0150853589953396	2.02390449489544
0.015089857080946	1.73160495901556
0.015094357849791	2.09819985222589
0.0150988613042762	2.18243296408574
0.0151033674468063	2.01923119677398
0.0151078762797886	2.00389780557872
0.0151123878056333	1.72415716318177
0.0151169020267537	2.10339107438941
0.0151214189455657	1.35517281482753
0.0151259385644883	2.08877970938631
0.0151304608859433	1.74732259336493
0.0151349859123555	2.24792587892244
0.0151395136461524	2.14160417794045
0.0151440440897646	2.01188941152958
0.0151485772456255	1.88581649257721
0.0151531131161714	1.87339070565413
0.0151576517038417	1.92130618755876
0.0151621930110785	1.82055782105259
0.0151667370403269	1.95080719128969
0.015171283794035	2.07683358962306
0.0151758332746538	1.9910278599012
0.0151803854846372	2.18494974821228
0.0151849404264421	2.04103397712527
0.0151894981025283	1.90758920501733
0.0151940585153585	1.90083321056706
0.0151986216673986	1.98853840112548
0.0152031875611172	2.2736952318146
0.015207756198986	1.90027215978484
0.0152123275834796	1.96830531585701
0.0152169017170756	2.06726183446736
0.0152214786022546	2.07248463353432
0.0152260582415003	2.11734787256215
0.0152306406372991	2.00942737468945
0.0152352257921407	2.13633428922984
0.0152398137085176	1.94487711176165
0.0152444043889254	1.94440248776454
0.0152489978358626	1.93539591559167
0.0152535940518309	2.02798114879757
0.0152581930393348	2.10515651093042
0.015262794800882	2.06620308370359
0.0152673993389831	2.07227589714431
0.0152720066561518	1.97207475152888
0.0152766167549048	1.9813131349177
0.0152812296377619	2.05449745495332
0.0152858453072459	2.19974178847783
0.0152904637658826	2.22819091580739
0.015295085016201	2.24861927355601
0.0152997090607329	2.15720922561896
0.0153043359020135	2.09351034525667
0.0153089655425808	2.1272101645578
0.0153135979849759	1.96083422515755
0.0153182332317432	2.11340542178755
0.01532287128543	2.02321557991847
0.0153275121485866	1.9884675646253
0.0153321558237665	2.01821689198426
0.0153368023135264	2.11058617874961
0.0153414516204259	2.1964848975552
0.0153461037470279	2.03986069810575
0.0153507586958982	2.02942531476496
0.0153554164696059	2.19279922874561
0.0153600770707231	2.14182999160515
0.0153647405018252	2.01477367522535
0.0153694067654903	2.02603291453086
0.0153740758643002	2.09444876531367
0.0153787478008395	2.11803600515923
0.015383422577696	2.14240228427498
0.0153881001974605	2.07515703570442
0.0153927806627274	1.98542596871646
0.0153974639760937	2.06919066433413
0.01540215014016	2.24568140479492
0.0154068391575298	2.1442884586453
0.01541153103081	2.07779994115125
0.0154162257626103	2.22692106344865
0.015420923355544	1.95784208494873
0.0154256238122274	2.02569034672495
0.01543032713528	1.91355690235189
0.0154350333273244	2.12626844915616
0.0154397423909866	2.21474280572793
0.0154444543288957	2.14779579447916
0.0154491691436839	2.16900895228053
0.0154538868379869	2.22315531921434
0.0154586074144433	2.06621631052601
0.0154633308756951	2.0527052855531
0.0154680572243875	2.09095099402645
0.0154727864631691	2.04851074586361
0.0154775185946913	2.00692948947192
0.0154822536216092	2.20242735063283
0.015486991546581	2.1206331061447
0.015491732372268	2.04807043121447
0.015496476101335	2.17373591128304
0.0155012227364499	2.12159032191302
0.015505972280284	2.04218643081362
0.0155107247355116	2.00605596846079
0.0155154801048107	2.06916207370074
0.0155202383908622	2.04748220708642
0.0155249995963505	2.1539248372412
0.0155297637239633	2.17066253103168
0.0155345307763915	2.23902760783178
0.0155393007563293	1.9660260596402
0.0155440736664744	2.00992683081391
0.0155488495095276	1.87905694783406
0.0155536282881931	1.99776491769232
0.0155584100051783	1.81550705048797
0.0155631946631943	1.70199949514851
0.0155679822649551	1.81566418111133
0.0155727728131783	1.98874687223322
0.0155775663105848	2.04547726761313
0.0155823627598987	2.06743322045131
0.0155871621638478	1.98116572532005
0.0155919645251628	1.76006665513183
0.0155967698465782	2.04785900540724
0.0156015781308316	1.7399001906111
0.0156063893806641	1.76676903695478
0.0156112035988201	1.72740379611372
0.0156160207880474	2.02468907725778
0.0156208409510973	2.09934089681861
0.0156256640907244	2.0645508661132
0.0156304902096867	2.09839385001305
0.0156353193107456	1.78765884285546
0.015640151396666	2.01276633282057
0.0156449864702162	1.60959877316657
0.0156498245341678	1.84603238872193
0.015654665591296	1.9283847861206
0.0156595096443793	2.11981402215517
0.0156643566961997	2.04756090989482
0.0156692067495427	2.08278481439369
0.015674059807197	2.16866304515069
0.0156789158719552	1.81585992808309
0.0156837749466129	2.10729436091609
0.0156886370339696	1.90047722095918
0.0156935021368278	2.07560231859486
0.0156983702579938	2.00719308717701
0.0157032414002774	2.22275904097352
0.0157081155664917	2.03515709185993
0.0157129927594535	2.00686981482996
0.0157178729819828	2.11438660419415
0.0157227562369035	1.97507865324178
0.0157276425270426	2.12363664526509
0.015732531855231	1.98398627574641
0.0157374242243029	2.12435535941253
0.015742319637096	1.98824431211737
0.0157472180964516	2.2310532148265
0.0157521196052146	2.24696669406423
0.0157570241662333	2.16462427384657
0.0157619317823598	2.05846572219532
0.0157668424564493	2.0137563166433
0.0157717561913611	2.18807085141071
0.0157766729899577	1.9434765088179
0.0157815928551053	2.16593516036879
0.0157865157896736	2.09539344083897
0.015791441796536	2.17576153396709
0.0157963708785694	1.9879657938494
0.0158013030386543	2.06268879621149
0.0158062382796748	2.03647050254131
0.0158111766045187	2.11975347725393
0.0158161180160773	2.17635805545891
0.0158210625172455	2.0568175361982
0.0158260101109219	2.14254918868409
0.0158309608000086	1.97929208321705
0.0158359145874116	2.17995422371356
0.0158408714760402	2.11519483409936
0.0158458314688077	2.12571233571494
0.0158507945686307	2.26938457694023
0.0158557607784296	2.03754035395121
0.0158607301011285	2.1923140508987
0.0158657025396553	2.08448018334709
0.0158706780969412	1.99552003716345
0.0158756567759213	2.02166237097409
0.0158806385795346	2.16853358601825
0.0158856235107233	2.0655348471457
0.0158906115724337	2.03448755307424
0.0158956027676157	2.21717108896549
0.0159005970992228	2.07292194545518
0.0159055945702123	2.21075353516721
0.0159105951835451	2.05981252879714
0.0159155989421861	1.93972712991246
0.0159206058491037	2.04424214488729
0.0159256159072701	2.09850515802697
0.0159306291196612	2.01439831536409
0.0159356454892567	2.14181530486142
0.01594066501904	2.21167852912932
0.0159456877119984	2.17203743611742
0.0159507135711228	2.07862931177769
0.015955742599408	2.07635901130149
0.0159607747998524	2.11926578741315
0.0159658101754584	2.14022809229351
0.015970848729232	2.06903292691077
0.0159758904641832	1.97672935632725
0.0159809353833256	2.07785661145461
0.0159859834896768	1.94189498462137
0.0159910347862579	2.17114060507414
0.0159960892760943	2.12874624708133
0.0160011469622148	2.17239538192173
0.0160062078476521	2.12923087650064
0.0160112719354431	2.14741273732494
0.016016339228628	2.00018029582355
0.0160214097302512	1.99451546109294
0.016026483443361	2.05509570957356
0.0160315603710093	1.98405518731407
0.016036640516252	2.10819361458475
0.016041723882149	2.10343048239702
0.0160468104717639	2.1529623018536
0.0160519002881642	2.21262879993734
0.0160569933344214	2.14095597123057
0.0160620896136109	2.10629894179424
0.0160671891288118	1.95032178647627
0.0160722918831074	2.03617225654736
0.0160773978795847	1.97144389295569
0.0160825071213347	2.03758532503178
0.0160876196114523	2.05738634127327
0.0160927353530365	2.18654651952668
0.01609785434919	1.99257617306483
0.0161029766030196	2.10295919264761
0.016108102117636	2.0236017837401
0.016113230896154	1.85194178828033
0.016118362941692	1.84323434192015
0.0161234982573728	1.96148715275938
0.016128636846323	1.76821071097716
0.0161337787116731	2.18161549573955
0.0161389238565577	1.98197262887274
0.0161440722841155	2.10115052969947
0.016149223997489	1.86287301014044
0.0161543789998247	1.79335259931918
0.0161595372942734	2.05978866828971
0.0161646988839897	1.50890652817264
0.0161698637721322	2.15025218991389
0.0161750319618637	1.81254254150347
0.0161802034563508	2.15924196921195
0.0161853782587646	2.12842277492185
0.0161905563722797	2.04639232748514
0.0161957378000751	2.06761843086434
0.0162009225453339	1.69908590475487
0.0162061106112431	2.0520029389154
0.0162113020009939	1.78205599207886
0.0162164967177816	2.00822864886556
0.0162216947648054	2.09896651713662
0.0162268961452689	2.14518288084418
0.0162321008623796	2.00440278885363
0.0162373089193491	2.03131060692151
0.0162425203193934	1.96781948104835
0.0162477350657323	1.98914273338769
0.01625295316159	2.15801078392257
0.0162581746101945	1.96642009627487
0.0162633994147783	2.2965592396802
0.016268627578578	2.00438953680746
0.0162738591048341	2.13830393464409
0.0162790939967916	1.93767452342942
0.0162843322576994	2.14937539504133
0.0162895738908108	2.03439447503028
0.0162948188993832	2.01119815380591
0.0163000672866783	2.10047449348104
0.0163053190559617	2.0615305732191
0.0163105742105035	2.17412402987987
0.0163158327535779	2.20824552098107
0.0163210946884634	2.14653029015218
0.0163263600184428	2.17391513459014
0.0163316287468028	2.18308376046128
0.0163369008768346	2.08890383767104
0.0163421764118338	2.11894781548689
0.0163474553550999	2.11705877547216
0.0163527377099369	2.12833839222476
0.0163580234796531	2.12702223972679
0.0163633126675608	2.010327477427
0.0163686052769769	1.88357918847977
0.0163739013112225	2.04170932107957
0.0163792007736229	2.1849500082169
0.0163845036675078	2.01818320962631
0.0163898099962112	2.05120520779867
0.0163951197630713	1.95489353082675
0.0164004329714309	1.97417453010664
0.0164057496246369	2.09718443044753
0.0164110697260407	1.93706535658166
0.0164163932789978	2.17770560320675
0.0164217202868682	2.15570143460982
0.0164270507530165	2.11062306520687
0.0164323846808113	2.09802826556031
0.0164377220736257	2.07796951459193
0.0164430629348373	2.15471158189628
0.0164484072678279	2.03627656406317
0.0164537550759839	1.93122666929637
0.016459106362696	2.05355949963368
0.0164644611313592	2.23684272362827
0.0164698193853732	2.05725934293687
0.0164751811281418	2.15640594184827
0.0164805463630735	2.08036532060658
0.0164859150935811	2.26400218352761
0.016491287323082	2.05542712564663
0.0164966630549977	2.1546446194609
0.0165020422927546	2.08094419370695
0.0165074250397834	2.19743419097013
0.0165128112995191	2.13500643283
0.0165182010754014	2.13269440910265
0.0165235943708745	1.991516334775
0.016528991189387	1.98780295037732
0.016534391534392	2.12104838705371
0.0165397954093472	2.05553022618903
0.0165452028177147	1.93427911497282
0.0165506137629613	2.06593881490431
0.0165560282485581	2.10088069996122
0.016561446277981	2.14015739648574
0.0165668678547104	2.03127327871902
0.016572292982231	2.08562730163107
0.0165777216640324	2.06420690444581
0.0165831539036086	1.90638710355732
0.0165885897044582	2.21442378368882
0.0165940290700844	1.99578203030583
0.016599472003995	2.25246431196219
0.0166049185097024	2.02121710382227
0.0166103685907237	2.06497736207927
0.0166158222505804	2.0985509921277
0.0166212794927988	2.08762675642905
0.0166267403209099	2.14602987609167
0.0166322047384491	1.90415557254533
0.0166376727489566	1.91392856065103
0.0166431443559774	2.03499544368081
0.0166486195630608	1.75395577248571
0.0166540983737611	2.21109540164429
0.0166595807916371	2.07364279054762
0.0166650668202524	2.05139880927044
0.0166705564631752	2.04428689362916
0.0166760497239785	1.67988874145684
0.0166815466062399	2.0476993556198
0.0166870471135418	1.43163195392339
0.0166925512494713	1.8864456922804
0.0166980590176203	1.88916752786099
0.0167035704215852	2.09617237800228
0.0167090854649675	2.02618048990267
0.0167146041513733	2.02024300784323
0.0167201264844133	1.97054727943026
0.0167256524677032	1.89890961525042
0.0167311821048635	1.69607548096933
0.0167367153995193	2.11140593418279
0.0167422523553005	1.94657685210579
0.0167477929758421	2.10348269353517
0.0167533372647836	2.03323502346405
0.0167588852257695	1.94772998350316
0.0167644368624489	1.86216551128551
0.0167699921784761	1.78416744555807
0.01677555117751	2.10171502405598
0.0167811138632143	1.89383071882306
0.0167866802392577	2.15539124051596
0.0167922503093137	1.95091246597486
0.0167978240770608	2.10150796899993
0.0168034015461823	1.98385124978069
0.0168089827203662	2.02244669654238
0.0168145676033058	2.00826335997146
0.016820156198699	2.17332993663661
0.0168257485102487	2.18510408976407
0.0168313445416628	2.12433168217583
0.016836944296654	2.13157958267866
0.01684254777894	1.97825953031563
0.0168481549922436	2.03219476731306
0.0168537659402923	2.05151075654409
0.0168593806268188	2.01065208972322
0.0168649990555605	2.08030107378256
0.0168706212302602	1.98473690195571
0.0168762471546652	2.20426128426805
0.0168818768325282	1.96942566476222
0.0168875102676067	1.97404670923533
0.0168931474636633	2.12465726981525
0.0168987884244656	2.01870529334761
0.0169044331537862	2.24504722984978
0.0169100816554028	2.02711623843201
0.0169157339330981	2.11434378818456
0.0169213899906599	2.17074612667863
0.016927049831881	2.10764031591073
0.0169327134605594	2.17784638773156
0.0169383808804982	2.18749360699972
0.0169440520955053	2.12252496831276
0.016949727109394	2.1040668605884
0.0169554059259827	2.17973325308983
0.0169610885490947	1.99421072377122
0.0169667749825586	2.15525188666965
0.0169724652302082	2.05046352997929
0.0169781592958822	2.07743715410987
0.0169838571834248	2.10897199735279
0.0169895588966849	2.11587179249952
0.016995264439517	2.0984167280819
0.0170009738157806	2.24160701865008
0.0170066870293404	2.0512578921639
0.0170124040840662	2.14357346977196
0.0170181249838332	1.95171918149886
0.0170238497325217	2.07454376348107
0.0170295783340173	2.13605330523524
0.0170353107922106	2.16369378622899
0.0170410471109977	2.1638001232846
0.0170467872942798	2.14592972888832
0.0170525313459636	2.0045045345949
0.0170582792699607	2.12787375226721
0.0170640310701882	2.08506984153688
0.0170697867505685	2.19238291254121
0.0170755463150293	2.15099009431323
0.0170813097675033	2.16546614169529
0.017087077111929	2.26062799526547
0.0170928483522499	2.15069472849704
0.0170986234924148	2.07592664219188
0.0171044025363781	2.07789995453144
0.0171101854880993	2.03525977173346
0.0171159723515434	2.12377917850918
0.0171217631306806	1.89263445305565
0.0171275578294867	2.07053584429088
0.0171333564519428	2.02638244111987
0.0171391590020352	2.18141495218966
0.0171449654837559	2.11833935794893
0.0171507759011022	1.959300268716
0.0171565902580768	2.07174073051127
0.0171624085586877	1.98057764548801
0.0171682308069485	1.88024402313162
0.0171740570068783	2.18934710642963
0.0171798871625016	2.12770408734888
0.0171857212778482	2.08015288530119
0.0171915593569536	2.05164299449713
0.0171974014038587	1.84316020195344
0.0172032474226099	2.21398122342821
0.0172090974172591	1.66363088500083
0.0172149513918637	1.83240196141697
0.0172208093504866	2.02165555616959
0.0172266712971964	2.20976363907575
0.0172325372360669	1.96160066012804
0.0172384071711778	2.01193189533113
0.0172442811066143	1.83440063625488
0.0172501590464669	2.18652760047469
0.0172560409948319	1.62052687698256
0.0172619269558113	2.04946991711049
0.0172678169335125	1.98622889794357
0.0172737109320484	2.14999859252244
0.0172796089555379	2.03618856495269
0.0172855110081053	1.94734589190586
0.0172914170938804	2.09558086516536
0.0172973272169989	2.25106608894442
0.017303241381602	2.00883994708089
0.0173091595918366	2.03454245898947
0.0173150818518554	2.06419708016707
0.0173210081658165	2.04418021745909
0.0173269385378841	2.04162506005928
0.0173328729722276	2.2671244188425
0.0173388114730226	2.01551928238335
0.0173447540444502	2.1076101324497
0.0173507006906971	2.12257367216247
0.0173566514159561	2.06313820769321
0.0173626062244253	2.08174003818799
0.017368565120309	2.13035663136697
0.017374528107817	2.10332379119508
0.017380495191165	2.10043917655065
0.0173864663745745	2.04291396781551
0.0173924416622726	2.19544588748813
0.0173984210584925	2.11596525044262
0.0174044045674731	2.23148537551763
0.0174103921934592	2.20739229559164
0.0174163839407011	2.22206420447293
0.0174223798134555	2.1779738509011
0.0174283798159846	2.0928285094624
0.0174343839525566	2.30699523238519
0.0174403922274455	2.15098419428331
0.0174464046449312	2.26669486291329
0.0174524212092997	2.14226609306722
0.0174584419248425	2.08980098804351
0.0174644667958576	2.1744356983452
0.0174704958266484	2.10879625188242
0.0174765290215245	1.99990668519947
0.0174825663848015	2.14012135219367
0.0174886079208008	2.1225671675774
0.0174946536338499	2.10079303880722
0.0175007035282823	2.11626635803129
0.0175067576084373	2.17819469968093
0.0175128158786604	2.10283491777901
0.0175188783433032	2.20361864183262
0.017524945006723	2.15348892413577
0.0175310158732835	1.99491946243401
0.0175370909473541	2.04340469883636
0.0175431702333106	2.08701995751023
0.0175492537355346	2.20105609749357
0.0175553414584139	2.07302641843437
0.0175614334063425	2.12343147346004
0.0175675295837203	1.86440831007289
0.0175736299949533	2.17038592999596
0.0175797346444538	2.07853018328824
0.0175858435366402	2.14827978306006
0.0175919566759369	2.08923168835862
0.0175980740667746	2.10878032805842
0.01760419571359	2.0352841993147
0.0176103216208263	2.14245573723243
0.0176164517929324	2.05540084223663
0.0176225862343639	2.04885113391336
0.0176287249495823	1.94394281740314
0.0176348679430553	2.18470810647334
0.0176410152192571	2.00773335506596
0.0176471667826678	2.04496716230653
0.017653322637774	2.15047098579891
0.0176594827890685	2.24098870638403
0.0176656472410503	2.09897964622805
0.0176718159982248	1.83730732013578
0.0176779890651035	1.92816122841436
0.0176841664462045	2.23319866210392
0.0176903481460519	1.9033248934773
0.0176965341691765	2.11662257320367
0.017702724520115	2.2233421652917
0.0177089192034107	2.08859673173036
0.0177151182236134	2.12366098276576
0.017721321585279	1.86340091442435
0.0177275292929698	1.76447132910139
0.0177337413512548	2.06221428226489
0.017739957764709	1.82016107431309
0.0177461785379141	1.97353092305258
0.0177524036754581	2.0143138665742
0.0177586331819355	1.83972109101094
0.0177648670619472	2.05506619088766
0.0177711053201007	1.63589221749172
0.0177773479610097	1.57397863972366
0.0177835949892947	1.93497599288411
0.0177898464095825	1.82275389190317
0.0177961022265064	2.04285186906619
0.0178023624447063	1.87627126041779
0.0178086270688286	1.88413825990748
0.0178148961035264	1.92379254254024
0.0178211695534589	2.07124867855795
0.0178274474232925	1.97504885209135
0.0178337297176996	1.92018557105611
0.0178400164413596	1.88191421994109
0.0178463075989582	2.00676984092359
0.0178526031951879	1.98502934608002
0.0178589032347478	2.01731110033397
0.0178652077223437	2.10314247851612
0.0178715166626877	2.09308684302243
0.017877830060499	2.06849838811811
0.0178841479205032	2.04681912438872
0.0178904702474328	2.14044141704181
0.0178967970460267	2.05768660102829
0.0179031283210307	2.01304894810479
0.0179094640771974	2.29387108415415
0.0179158043192859	1.96296209647608
0.0179221490520621	2.00983525741705
0.0179284982802989	1.98850050112973
0.0179348520087756	2.17663569820273
0.0179412102422785	2.08412849075419
0.0179475729856007	2.01784797225975
0.017953940243542	2.16709286710062
0.0179603120209091	2.27817045371891
0.0179666883225154	2.11353100586333
0.0179730691531813	2.04827867952215
0.0179794545177339	2.2291239801269
0.0179858444210073	2.01125922603034
0.0179922388678424	2.15238988595689
0.0179986378630869	1.94256937870623
0.0180050414115957	2.19546095283384
0.0180114495182302	2.18278231892714
0.018017862187859	2.07389247558362
0.0180242794253575	2.04031266732895
0.0180307012356083	2.18678536927508
0.0180371276235006	2.19993986681822
0.0180435585939308	2.19727267017332
0.0180499941518023	2.06589207487258
0.0180564343020253	2.05726221011404
0.0180628790495173	2.12679708944541
0.0180693283992025	2.16729558123867
0.0180757823560123	2.16703352532144
0.0180822409248853	2.25090094078559
0.018088704110767	2.06042997273611
0.0180951719186098	2.07159919304378
0.0181016443533735	2.06892785143058
0.0181081214200248	2.13467770998612
0.0181146031235377	2.4086503641939
0.018121089468893	2.23388967047845
0.018127580461079	2.22646718977541
0.018134076105091	2.03131688670701
0.0181405764059314	2.07260356167551
0.0181470813686097	1.99752599657897
0.0181535909981429	2.10885148006407
0.018160105299555	1.9740767474162
0.0181666242778771	2.15195330217518
0.0181731479381477	2.1000908704687
0.0181796762854126	1.99345596601975
0.0181862093247246	2.13129028489607
0.018192747061144	2.0017586095996
0.0181992894997383	1.76473396619945
0.0182058366455823	2.10092352486422
0.018212388503758	1.75443734200542
0.0182189450793548	2.12678843520154
0.0182255063774696	2.0904266215184
0.0182320724032063	1.96130485222076
0.0182386431616765	1.79951811907423
0.0182452186579989	2.31307733612242
0.0182517988972997	1.74723198282051
0.0182583838847126	1.8149060434996
0.0182649736253785	2.00703455641891
0.0182715681244459	2.16391249840486
0.0182781673870706	2.14653667996256
0.0182847714184159	2.08601862013983
0.0182913802236528	1.59568177982575
0.0182979938079593	2.07905002261432
0.0183046121765213	1.8319936653641
0.018311235334532	2.05292229973767
0.0183178632871923	2.13133335763926
0.0183244960397103	2.07508938578322
0.0183311335973021	1.96740242984786
0.0183377759651909	2.1181496048169
0.0183444231486078	1.83747250047774
0.0183510751527914	2.06209733802773
0.0183577319829879	2.02402098535282
0.018364393644451	1.98036401836262
0.0183710601424422	2.03940535926331
0.0183777314822306	1.97527061962252
0.0183844076690928	2.07195385337204
0.0183910887083133	1.97726008190846
0.0183977746051841	2.04647519046362
0.0184044653650051	2.04102703840818
0.0184111609930837	2.06374002867229
0.0184178614947351	2.04235189076588
0.0184245668752823	2.16120630330362
0.018431277140056	2.14761303337024
0.0184379922943947	2.09733007991855
0.0184447123436446	2.13100750231407
0.0184514372931598	2.06049583041201
0.0184581671483022	2.27625176757304
0.0184649019144414	2.12791288227103
0.0184716415969551	2.0859285387029
0.0184783862012285	2.06333964209039
0.018485135732655	1.96094086482163
0.0184918901966358	2.2023578362137
0.0184986495985797	1.87468934263017
0.0185054139439038	2.03177733565551
0.018512183238033	1.99063509060824
0.0185189574864001	1.92420023469109
0.0185257366944458	2.05903776280589
0.0185325208676189	2.27471999362822
0.0185393100113761	2.09935246809912
0.0185461041311822	2.21335911708185
0.0185529032325098	2.217862417657
0.0185597073208398	2.07522723265222
0.018566516401661	2.15064589094059
0.0185733304804702	2.07099745119211
0.0185801495627723	2.21177287614291
0.0185869736540804	2.23273070162368
0.0185938027599157	2.19697404482343
0.0186006368858074	2.12641562074109
0.0186074760372927	2.08161225032334
0.0186143202199174	1.97576705900542
0.018621169439235	2.14999236355081
0.0186280237008075	1.98329239915939
0.0186348830102048	2.20498357781252
0.0186417473730053	2.12487885241871
0.0186486167947955	2.14232133354858
0.01865549128117	1.99490299407685
0.0186623708377318	2.29880227181013
0.0186692554700922	1.82400742203819
0.0186761451838708	1.82263992138929
0.0186830399846952	2.17807496277531
0.0186899398782018	2.16261269699413
0.0186968448700349	2.16168861701473
0.0187037549658473	2.12202744914537
0.0187106701713003	1.99908871960648
0.0187175904920634	1.92866562894899
0.0187245159338145	2.11885074789726
0.0187314465022399	1.86481641339302
0.0187383822030345	2.08336486465093
0.0187453230419014	2.01378175881062
0.0187522690245523	2.22699221618374
0.0187592201567074	1.75680651452739
0.0187661764440952	2.23447336550459
0.0187731378924528	1.69635174343788
0.0187801045075259	1.8934741213285
0.0187870762950687	2.13220577678153
0.0187940532608438	2.27281230861119
0.0188010354106225	1.97409096041311
0.0188080227501847	2.13693431635001
0.0188150152853188	1.79000056772528
0.0188220130218219	2.02309107945921
0.0188290159654996	2.07774912280882
0.0188360241221663	2.08962276531337
0.018843037497645	2.150991064974
0.0188500560977673	1.96438843826834
0.0188570799283736	1.9361030244796
0.018864108995313	2.03895860030315
0.0188711433044432	2.07535057941745
0.0188781828616308	1.95921998078162
0.0188852276727511	2.09735298986557
0.0188922777436881	1.97956576810147
0.0188993330803346	2.02019236843056
0.0189063936885924	2.18354411961581
0.0189134595743719	2.01143666633038
0.0189205307435924	2.0243751146475
0.018927607202182	2.00304300082863
0.0189346889560779	1.95175799477635
0.018941776011226	2.07850015305363
0.0189488683735811	2.20109751718802
0.0189559660491069	2.29518805164516
0.0189630690437762	2.25072743905434
0.0189701773635706	2.12845221935982
0.0189772910144808	2.08924351321168
0.0189844100025063	2.23737180079123
0.0189915343336558	2.03929387218962
0.0189986640139469	1.981544266505
0.0190057990494063	2.1977609882939
0.0190129394460698	1.94449157497898
0.0190200852099821	2.06907609455918
0.0190272363471972	2.14158732861428
0.0190343928637781	2.10696922311763
0.0190415547657968	2.10823022624064
0.0190487220593348	2.10078140669037
0.0190558947504825	2.21013216269884
0.0190630728453394	2.20113172481823
0.0190702563500143	2.06044298095021
0.0190774452706254	2.08995584037675
0.0190846396132997	2.10902296098144
0.019091839384174	2.08541573277343
0.0190990445893938	2.25074227014534
0.0191062552351143	2.11669047538127
0.0191134713274997	2.06547153253729
0.0191206928727238	1.96927635930426
0.0191279198769696	2.14153989570431
0.0191351523464293	1.97691835180372
0.0191423902873047	2.16883664729241
0.0191496337058068	2.11915603225487
0.0191568826081563	2.12784466158111
0.0191641370005829	2.07466287725048
0.0191713968893262	2.13352317021261
0.0191786622806348	2.05606496835792
0.0191859331807671	1.89468176514797
0.019193209595991	2.02470112506087
0.0192004915325836	2.05066581327923
0.0192077789968318	2.07352692362753
0.0192150719950321	2.1257615034308
0.0192223705334903	2.03942536116101
0.0192296746185221	1.91271975435213
0.0192369842564524	2.08768877508336
0.0192442994536162	2.16239383934094
0.0192516202163577	1.82582445894489
0.0192589465510312	2.10213471802398
0.0192662784640001	2.07986090297976
0.0192736159616381	2.09586471436895
0.0192809590503283	1.81105226600955
0.0192883077364634	2.20028452608296
0.0192956620264462	1.7471887278305
0.019303021926689	1.87726510962501
0.019310387443614	2.09867933930839
0.0193177585836532	2.24302663876104
0.0193251353532483	2.05436085790554
0.0193325177588511	2.12446106840092
0.0193399058069231	1.85157693420236
0.0193472995039356	1.65905888343598
0.0193546988563699	2.02937971951333
0.0193621038707172	2.05537688612392
0.0193695145534788	2.12843223865295
0.0193769309111656	1.99469692119927
0.0193843529502989	2.18361147297067
0.0193917806774095	1.88153932639611
0.0193992140990388	2.10506558285973
0.0194066532217376	2.09297913816735
0.0194140980520674	2.0827990930074
0.0194215485965992	2.1584536973235
0.0194290048619145	2.00894406845788
0.0194364668546047	2.1561297655354
0.0194439345812713	2.08952438825537
0.0194514080485261	2.00541192995899
0.0194588872629911	1.95073668005398
0.0194663722312982	2.14153258375279
0.0194738629600898	2.22320995323578
0.0194813594560184	2.11709850421183
0.0194888617257468	2.10036086803758
0.019496369775948	2.3139941427821
0.0195038836133054	1.99149751396266
0.0195114032445125	2.16957159205523
0.0195189286762734	2.18697402619067
0.0195264599153023	2.25462018497576
0.019533996968324	2.11393507751221
0.0195415398420734	1.91598304167058
0.0195490885432961	2.10825515238489
0.0195566430787479	2.10839811228992
0.0195642034551952	2.13609141405855
0.0195717696794147	2.23817463244379
0.0195793417581939	2.29951587911007
0.0195869196983304	2.18630981924432
0.0195945035066327	1.99093349432172
0.0196020931899195	2.10104917569562
0.0196096887550204	2.01348675755943
0.0196172902087754	2.12625288955343
0.0196248975580351	2.09936502833106
0.0196325108096608	2.22256367800949
0.0196401299705244	2.07956190579283
0.0196477550475086	2.06068851713975
0.0196553860475066	2.17166842302754
0.0196630229774224	1.98868691245998
0.0196706658441709	2.0455900285365
0.0196783146546774	2.01031206771251
0.0196859694158782	2.06965380235395
0.0196936301347205	1.99243625076811
0.0197012968181621	2.07256682241284
0.0197089694731717	2.1154806324089
0.0197166481067289	1.92753411345802
0.0197243327258242	2.09226990936955
0.0197320233374589	1.87606957716449
0.0197397199486455	2.0922886102827
0.0197474225664069	1.96964078737077
0.0197551311977776	2.13951403812298
0.0197628458498027	1.94328030501359
0.0197705665295383	1.85533532499122
0.0197782932440518	2.11357454930796
0.0197860260004213	2.15400314833675
0.0197937648057364	2.13909724462477
0.0198015096670973	1.80876245664815
0.0198092605916158	2.20402122146112
0.0198170175864144	1.5895545564403
0.0198247806586271	1.73306964294685
0.0198325498153989	2.11289835617845
0.0198403250638861	2.00182632414246
0.0198481064112562	1.86320026066926
0.0198558938646879	1.96041539317274
0.0198636874313713	2.19370116979479
0.0198714871185075	1.78534697639718
0.0198792929333092	2.07458252679288
0.0198871048830005	2.19407960338455
0.0198949229748165	2.09378157708385
0.019902747216004	2.12115173179092
0.0199105776138211	1.99670430077172
0.0199184141755373	2.09631515476788
0.0199262569084336	2.08752673369735
0.0199341058198024	2.06547025279653
0.0199419609169476	1.9211576338504
0.0199498222071848	2.05250507471238
0.0199576896978409	2.09547629665094
0.0199655633962544	2.07364244642654
0.0199734433097756	2.00893958636775
0.0199813294457662	2.07295937421822
0.0199892218115995	2.1535527216524
0.0199971204146606	1.98713611268494
0.0200050252623462	2.14996802535453
0.0200129363620647	1.91158448526882
0.0200208537212363	2.11635923256898
0.0200287773472929	1.92722620416483
0.020036707247678	2.02501909255783
0.0200446434298472	2.09740476533358
0.0200525859012678	2.11971856414953
0.0200605346694187	2.08134924225006
0.0200684897417911	1.98036956283817
0.0200764511258877	1.94470832523801
0.0200844188292233	2.02888074650433
0.0200923928593246	2.10326936430137
0.0201003732237303	2.08530946000286
0.020108359929991	2.06526250991312
0.0201163529856694	2.14693660374558
0.0201243523983401	2.05996394343494
0.0201323581755899	2.085809850771
0.0201403703250175	2.14979013932149
0.0201483888542339	2.23802511720784
0.0201564137708622	2.00414251541636
0.0201644450825374	2.11428305852279
0.0201724827969069	2.1457209158396
0.0201805269216304	2.13390817306388
0.0201885774643795	2.1539629095917
0.0201966344328384	2.12771046791788
0.0202046978347032	2.16412124744212
0.0202127676776826	2.00031277259059
0.0202208439694975	2.07626585513249
0.0202289267178812	2.1642722303303
0.0202370159305792	2.06878254085023
0.0202451116153496	2.08270382811462
0.0202532137799629	2.1611549833928
0.0202613224322018	2.16531501955573
0.0202694375798619	1.99688553022726
0.0202775592307508	1.85920680082107
0.020285687392689	2.19262845635582
0.0202938220735094	1.88413799842884
0.0203019632810574	2.03642369898971
0.0203101110231912	2.21862637044718
0.0203182653077813	2.15374711959348
0.0203264261427113	1.89973775502456
0.020334593535877	1.73943277865084
0.0203427674951872	2.13293074869878
0.0203509480285632	1.93205507961667
0.0203591351439393	2.17523258677569
0.0203673288492625	2.03710794745115
0.0203755291524924	2.02683797457115
0.0203837360616015	2.00509607902917
0.0203919495845755	1.7823079512401
0.0204001697294124	2.29044038845918
0.0204083965041236	2.14141404684065
0.0204166299167331	2.16714571674176
0.020424869975278	2.12995586347541
0.0204331166878084	1.97147911397867
0.0204413700623873	2.05252049676967
0.0204496301070909	2.03595210561085
0.0204578968300082	2.00218144630192
0.0204661702392416	2.04938150238494
0.0204744503429063	2.22850456595217
0.020482737149131	2.16937811580273
0.0204910306660571	2.12188399648101
0.0204993309018396	2.02819308084623
0.0205076378646466	2.2020470818954
0.0205159515626592	2.15373568227028
0.0205242720040723	2.07738019133962
0.0205325991970935	2.01315222762447
0.0205409331499441	2.14453213602701
0.0205492738708587	1.94727698926964
0.0205576213680853	2.08391419362772
0.0205659756498851	2.13998113471524
0.0205743367245329	2.11301001737463
0.0205827046003171	1.88239658554609
0.0205910792855392	2.06799987935536
0.0205994607885146	2.08228183114158
0.0206078491175721	2.17825409850406
0.0206162442810541	2.01650160135201
0.0206246462873164	2.05611754733597
0.0206330551447287	2.12625780395722
0.0206414708616743	2.23713822484593
0.0206498934465501	2.26239422694075
0.0206583229077666	2.15022609516113
0.0206667592537484	2.13890097692002
0.0206752024929335	2.12707216993656
0.0206836526337738	2.01919091684893
0.0206921096847353	2.10001555600664
0.0207005736542973	2.03445189346694
0.0207090445509536	2.20665812261073
0.0207175223832114	2.09723725770934
0.0207260071595921	2.01339532968978
0.0207344988886311	2.15201497630552
0.0207429975788776	1.90433039728922
0.0207515032388949	1.99386477114647
0.0207600158772604	2.1433045923925
0.0207685355025656	2.04566683552369
0.020777062123416	2.1809750723939
0.0207855957484313	2.06175274430149
0.0207941363862455	2.1626195007195
0.0208026840455065	1.83166150258435
0.0208112387348767	1.86657420805262
0.0208198004630326	1.96741535424528
0.020828369238665	2.12177164996293
0.0208369450704791	2.0924999160947
0.0208455279671944	1.69206508063086
0.0208541179375446	2.04784962070551
0.0208627149902782	2.1822070182669
0.0208713191341577	1.86168876641087
0.0208799303779604	2.17155181841764
0.0208885487304778	2.13073633630043
0.0208971742005161	2.11835758050989
0.0209058067968961	1.90906798451829
0.0209144465284531	1.78287525372221
0.0209230934040369	2.1801578881025
0.0209317474325121	2.19224153282557
0.0209404086227579	2.0990265333808
0.0209490769836683	2.20592993552303
0.0209577525241519	1.83065062866154
0.0209664352531322	2.14709283151808
0.0209751251795473	1.93634378337231
0.0209838223123503	2.19947337679221
0.0209925266605091	2.05594160795593
0.0210012382330064	2.14880222113906
0.0210099570388401	2.05400050480127
0.0210186830870226	2.05134540552236
0.0210274163865817	2.13721519856838
0.02103615694656	2.04093895211756
0.0210449047760151	2.13168883097678
0.0210536598840198	1.95624023961219
0.021062422279662	2.09599491555034
0.0210711919720446	2.10154783262002
0.0210799689702859	2.02717970987003
0.0210887532835191	2.14077906782593
0.0210975449208928	2.17393121227858
0.021106343891571	2.14085081824793
0.0211151502047327	2.13008838780416
0.0211239638695724	2.06710213725139
0.0211327848952999	1.88053293448828
0.0211416132911405	2.0304630634488
0.0211504490663348	2.13149967284572
0.0211592922301388	2.16666168799248
0.0211681427918242	2.24393807149719
0.0211770007606781	2.12963466197693
0.021185866146003	1.8941113823563
0.0211947389571173	2.26569623725232
0.0212036192033548	2.06690831745924
0.0212125068940649	2.10048130821965
0.021221402038613	2.1270885422413
0.0212303046463797	1.9923280940555
0.0212392147267619	2.00692291690666
0.021248132289172	1.95219410577116
0.0212570573430381	2.02348796645054
0.0212659898978043	2.15491999872084
0.0212749299629308	1.89094932978518
0.0212838775478932	2.03258194703083
0.0212928326621834	2.13710476437406
0.0213017953153094	2.15479517768978
0.0213107655167948	1.91722893208788
0.0213197432761796	1.87949767728796
0.0213287286030197	1.88163395204095
0.0213377215068871	2.12014709175311
0.0213467219973703	2.12898080365076
0.0213557300840734	2.05836964965449
0.0213647457766172	1.89809353562248
0.0213737690846386	2.20822066961571
0.0213828000177907	1.86377698006236
0.0213918385857429	1.83320360540002
0.0214008847981813	2.21294983295944
0.0214099386648079	2.03880657490007
0.0214190001953415	2.2481391887642
0.0214280693995171	1.81173828641411
0.0214371462870864	1.88796420842292
0.0214462308678176	2.04548000117388
0.0214553231514954	2.08327708696873
0.021464423147921	2.11424604702156
0.0214735308669124	2.07696213536683
0.0214826463183042	1.98434437335318
0.0214917695119479	2.0499424130672
0.0215009004577113	2.02785658326206
0.0215100391654795	2.11675500264554
0.021519185645154	2.05728576345718
0.0215283399066533	1.90634897295743
0.0215375019599128	2.08491961496265
0.021546671814885	2.19100576009288
0.0215558494815389	2.13954979644385
0.0215650349698609	1.80835998274254
0.0215742282898542	2.02040848431092
0.0215834294515393	2.17662657652207
0.0215926384649536	2.05848067059502
0.0216018553401516	2.05934135582675
0.0216110800872052	2.10877353694801
0.0216203127162033	2.11882022139683
0.0216295532372521	2.04185680295839
0.0216388016604752	2.16012785406307
0.0216480579960135	2.12421945089872
0.021657322254025	2.13069824763395
0.0216665944446853	1.97004423195166
0.0216758745781876	2.0342839466717
0.0216851626647423	2.31709597916966
0.0216944587145774	2.12031868172468
0.0217037627379385	1.97339271552892
0.0217130747450887	2.16393580296046
0.0217223947463086	2.25741045065105
0.0217317227518969	1.98449046664167
0.0217410587721695	2.19854169389526
0.0217504028174603	2.1395103169247
0.021759754898121	2.21046666038831
0.0217691150245209	2.03605745807945
0.0217784832070473	1.94383997899296
0.0217878594561055	1.99990926809894
0.0217972437821184	2.05218282833604
0.0218066361955272	2.15713548185225
0.0218160367067909	2.12623528045599
0.0218254453263866	1.93436072886379
0.0218348620648095	2.23915458093778
0.0218442869325729	2.1143046886278
0.0218537199402084	1.93813423271325
0.0218631610982654	2.10555088527822
0.021872610417312	2.10559950618281
0.0218820679079344	2.19752879916706
0.021891533580737	1.88202136285924
0.0219010074463427	1.60252547144054
0.0219104895153927	1.89383867821489
0.0219199797985468	2.29505386178396
0.021929478306483	1.99149256963954
0.0219389850498982	2.10220479971715
0.0219485000395074	1.75677967195796
0.0219580232860447	2.04631015037275
0.0219675548002623	2.1361883247522
0.0219770945929316	2.0973573311839
0.0219866426748423	2.20543876566544
0.0219961990568031	2.13304496415255
0.0220057637496414	2.05711039117294
0.0220153367642035	2.17742883841867
0.0220249181113546	2.00877976873904
0.0220345078019786	2.32006676352328
0.0220441058469788	2.0760814529205
0.022053712257277	2.00050541417546
0.0220633270438144	2.11349363619117
0.0220729502175511	2.2620793496565
0.0220825817894666	2.22281748172843
0.0220922217705591	2.02424704594741
0.0221018701718466	2.03010571640729
0.0221115270043658	2.05156141832893
0.0221211922791731	2.0147348797116
0.022130866007344	1.96010378798957
0.0221405481999735	2.03000614194078
0.0221502388681761	2.14819268367809
0.0221599380230854	2.18634472985283
0.0221696456758551	2.00726049021003
0.0221793618376578	2.22518622216356
0.0221890865196863	2.19015035018826
0.0221988197331525	1.97850612875319
0.0222085614892885	2.03516702623439
0.0222183117993456	2.03964326202819
0.0222280706745954	2.11384155610516
0.0222378381263288	1.9413181398054
0.022247614165857	1.93042870742855
0.0222573988045107	2.12601818509769
0.0222671920536409	2.0337261629239
0.0222769939246183	1.94561495454358
0.0222868044288339	1.94336670227049
0.0222966235776985	1.91488278001268
0.0223064513826432	1.99454226314808
0.0223162878551192	2.09097239937869
0.0223261330065979	1.9611015897975
0.022335986848571	2.08155882815838
0.0223458493925505	1.86912375753238
0.0223557206500687	2.09803569440997
0.0223656006326782	2.28733553689429
0.0223754893519522	1.86808698682437
0.0223853868194843	2.14295702539706
0.0223952930468887	2.19483622086563
0.0224052080457999	2.0970732390526
0.0224151318278734	2.20699622058222
0.0224250644047851	1.8544634160507
0.0224350057882316	1.75831827334139
0.0224449559899304	2.31709804858618
0.0224549150216197	2.01736681552836
0.0224648828950585	2.04413366242074
0.0224748596220269	1.85991084897834
0.0224848452143256	1.80637328175398
0.0224948396837766	2.15330718274093
0.0225048430422228	2.10979675690222
0.022514855301528	2.07786519259779
0.0225248764735775	2.05531227503144
0.0225349065702774	1.92108957672743
0.0225449456035553	2.19493072875236
0.0225549935853599	2.11891087052858
0.0225650505276612	1.99846918118689
0.0225751164424507	2.0445769050064
0.0225851913417411	2.17606011245658
0.0225952752375668	2.24150284598839
0.0226053681419835	2.22939037223635
0.0226154700670685	2.05908899312597
0.0226255810249208	2.08344168843448
0.0226357010276609	2.07266333368605
0.0226458300874311	1.98693598131033
0.0226559682163954	2.07567641696409
0.0226661154267396	2.10587374977733
0.0226762717306713	2.04936123331709
0.02268643714042	2.11274351873548
0.0226966116682373	2.0901959832667
0.0227067953263966	2.10280315673548
0.0227169881271934	2.14618648308877
0.0227271900829452	2.06458238028532
0.0227374012059918	2.08889478629568
0.0227476215086951	2.11767487258971
0.0227578510034392	2.31128331679047
0.0227680897026306	2.27474349272793
0.022778337618698	2.08596119333825
0.0227885947640925	2.09674223243015
0.0227988611512878	2.08527406917697
0.02280913679278	2.30020680121648
0.0228194217010875	1.96484521116992
0.0228297158887518	1.95266836517783
0.0228400193683365	2.27531148367108
0.0228503321524282	2.05254623658202
0.0228606542536363	2.1496166111863
0.0228709856845927	1.95503805462743
0.0228813264579524	1.70347493797905
0.0228916765863932	1.8461511380601
0.0229020360826159	1.97815160892542
0.0229124049593443	2.14038149501323
0.0229227832293251	1.99123007879322
0.0229331709053282	1.87124942244782
0.0229435680001469	1.56319443743639
0.0229539745265973	1.88532473486826
0.022964390497519	2.2477944594505
0.0229748159257748	2.07318929932902
0.0229852508242511	2.19094619473738
0.0229956952058575	1.86651722724488
0.0230061490835271	1.84991235559235
0.0230166124702165	2.19849752916092
0.0230270853789061	2.14651318777315
0.0230375678225997	2.16017792344931
0.0230480598143249	1.98222863658957
0.0230585613671329	1.75077666550011
0.023069072494099	2.18546266476
0.023079593208322	2.12680404941202
0.0230901235229248	1.98293188205857
0.0231006634510543	2.01230955176733
0.0231112130058814	2.07246155183884
0.0231217722006008	2.14622634002997
0.0231323410484317	2.12027024751587
0.0231429195626174	2.14292626391512
0.0231535077564251	2.07375273328688
0.0231641056431468	2.25254385177933
0.0231747132360984	2.22482413346151
0.0231853305486206	2.11920442277989
0.0231959575940782	2.09181801203459
0.0232065943858607	2.02982772206751
0.0232172409373822	2.24705566126736
0.0232278972620813	2.17653640854807
0.0232385633734214	2.12121257986216
0.0232492392848906	1.96308676401257
0.0232599250100018	2.19482605506289
0.0232706205622927	2.1782723492884
0.0232813259553259	2.10700728668433
0.0232920412026892	2.26624486418067
0.0233027663179951	2.19640722036056
0.0233135013148815	2.25814970364797
0.0233242462070111	2.06637135097666
0.023335001008072	1.94589989551807
0.0233457657317777	1.86662117453845
0.0233565403918667	2.12068750683654
0.0233673250021031	2.23129955392339
0.0233781195762763	2.1432367966793
0.0233889241282012	1.99671605485367
0.0233997386717185	1.91585132885846
0.0234105632206942	1.92309894119572
0.02342139778902	2.11883736546904
0.0234322423906136	2.13233393183875
0.0234430970394181	2.21373801900436
0.0234539617494028	1.90453724181106
0.0234648365345628	1.50090712021863
0.0234757214089189	1.92322035689434
0.0234866163865183	2.09520130013795
0.0234975214814341	2.05636471875353
0.0235084367077657	1.94925511962682
0.0235193620796384	1.96358623064556
0.0235302976112042	1.77462648021832
0.023541243316641	2.09466515458451
0.0235521992101534	2.21757905686028
0.0235631653059724	2.07837610279706
0.0235741416183554	2.12234161108402
0.0235851281615864	2.10613625793593
0.0235961249499762	2.0847778314172
0.0236071319978621	2.07037976184695
0.0236181493196083	2.0838845438039
0.0236291769296058	2.00573335387319
0.0236402148422725	2.13355653591521
0.0236512630720531	1.95521974393879
0.0236623216334195	2.08992602929832
0.0236733905408707	2.10693712775468
0.0236844698089326	2.16946912123595
0.0236955594521586	2.16375786227853
0.0237066594851292	2.20756023952731
0.0237177699224523	2.04302319243715
0.0237288907787632	2.21395014498816
0.0237400220687245	2.16190503243533
0.0237511638070265	2.20541945466925
0.0237623160083871	2.08045442557103
0.0237734786875518	2.11579851265301
0.0237846518592938	2.08936766345126
0.023795835538414	2.09154667627937
0.0238070297397415	2.1205093839285
0.0238182344781329	2.26828956581398
0.023829449768473	2.15245129436238
0.0238406756256746	2.10016386677847
0.0238519120646787	1.84507050905006
0.0238631591004543	2.18544228510091
0.0238744167479988	2.17971208270344
0.0238856850223378	2.05268764885082
0.0238969639385255	2.14399505096712
0.0239082535116442	1.93601478924242
0.023919553756805	1.75844579711305
0.0239308646891476	1.86150863288103
0.02394218632384	2.09521988638508
0.0239535186760794	2.10798046097692
0.0239648617610914	2.23335585966055
0.0239762155941306	2.0023143444787
0.0239875801904805	1.59088753383372
0.0239989555654537	1.75610979515213
0.0240103417343918	2.16535540843948
0.0240217387126653	2.12900065985867
0.0240331465156743	2.23479715449165
0.0240445651588479	2.02119598210343
0.0240559946576446	1.87919542456162
0.0240674350275523	2.13584828945529
0.0240788862840884	2.24813338074807
0.0240903484427998	2.05486577873763
0.0241018215192631	1.98890073666975
0.0241133055290844	2.1028493188469
0.0241248004878999	1.88207396550539
0.0241363064113753	1.96572568053164
0.0241478233152063	2.30128632039853
0.0241593512151186	2.14322962989568
0.0241708901268681	1.98837837510959
0.0241824400662405	2.11646290696507
0.0241940010490518	2.04819468746131
0.0242055730911484	2.06810628003032
0.0242171562084069	2.17216090009897
0.0242287504167344	2.23026376877799
0.0242403557320683	2.00826951235668
0.0242519721703768	2.18995277364338
0.0242635997476585	2.18586347125032
0.0242752384799427	2.24619457372746
0.0242868883832897	1.98538100196334
0.0242985494737905	1.98727046358872
0.0243102217675669	2.14219004222146
0.024321905280772	2.02551464244959
0.0243336000295896	2.13348376818563
0.0243453060302348	2.26408223195559
0.0243570232989541	2.03467099789125
0.024368751852025	2.02726501582048
0.0243804917057566	2.01099336228092
0.0243922428764893	1.89951851161776
0.024404005380595	2.00322569378852
0.0244157792344773	1.98515213093397
0.0244275644545715	1.85601299189176
0.0244393610573444	1.51501345453064
0.0244511690592949	1.82660235075511
0.0244629884769538	2.01108734057452
0.0244748193268836	2.11846171127188
0.0244866616256791	2.01511679626229
0.0244985153899672	1.83653907946442
0.024510380636407	1.57013674557133
0.0245222573816898	1.73509078788758
0.0245341456425393	2.19459314805481
0.0245460454357118	2.16362395027838
0.0245579567779959	2.00213992713932
0.024569879686213	2.08007467299245
0.024581814177217	2.11670640203604
0.0245937602678948	2.12201945125378
0.0246057179751658	1.9995058801882
0.0246176873159826	2.13081030756503
0.0246296683073308	2.02530176095886
0.024641660966229	2.26597605824572
0.0246536653097288	2.03934066199985
0.0246656813549153	1.96493069159679
0.0246777091189069	1.99610257386843
0.0246897486188553	2.06153986936118
0.0247017998719457	2.32710676217751
0.0247138628953969	2.23600124304932
0.0247259377064614	2.13340733852888
0.0247380243224254	1.98113283961575
0.0247501227606087	1.95247291620082
0.0247622330383655	2.23615651658372
0.0247743551730834	2.14868040462088
0.0247864891821845	2.10886073357393
0.0247986350831249	2.21887085328584
0.0248107928933948	2.13933799171577
0.024822962630519	2.05119002244047
0.0248351443120564	2.02161232992332
0.0248473379556006	2.17561414069852
0.0248595435787797	2.12280379290345
0.0248717611992565	2.03189376024738
0.0248839908347283	2.19714276203902
0.0248962325029276	2.15341897905944
0.0249084862216216	2.0825892219691
0.0249207520086124	2.22784819876265
0.0249330298817375	2.2799155971652
0.0249453198588692	1.88639776544658
0.0249576219579153	1.94413705056617
0.0249699361968189	1.98557419499
0.0249822625935584	2.2057420546531
0.0249946011661479	2.20432469199145
0.0250069519326371	2.03907689239353
0.0250193149111112	1.99469755868434
0.0250316901196913	1.70868324519572
0.0250440775765345	1.91174361028529
0.0250564772998336	2.07517828104017
0.0250688893078177	2.0771744831394
0.0250813136187518	1.9342986548973
0.0250937502509373	2.2057777342275
0.0251061992227119	1.98865424735217
0.0251186605524496	2.13303272192995
0.025131134258561	2.21316043990564
0.0251436203594932	2.02574810001655
0.0251561188737302	2.16457971896393
0.0251686298197924	2.00013524147865
0.0251811532162374	2.26237873016237
0.0251936890816596	2.00691479676498
0.0252062374346904	2.0121946244525
0.0252187982939985	2.28296246838179
0.0252313716782897	2.0200727464052
0.0252439576063071	2.03089173461794
0.0252565560968314	2.13117784916069
0.0252691671686806	2.15213284797166
0.0252817908407103	2.03469624315677
0.0252944271318141	2.146647267062
0.025307076060923	2.2034309085127
0.0253197376470062	2.01422512810551
0.0253324119090706	1.92949278807783
0.0253450988661614	2.09617313869233
0.025357798537362	2.21048555146038
0.0253705109417937	2.13622028020342
0.0253832360986167	2.03989722695701
0.0253959740270292	2.02345288079185
0.0254087247462682	2.01856762733683
0.0254214882756094	1.94541445697001
0.025434264634367	2.07330401143939
0.0254470538418942	2.12919186482302
0.0254598559175832	2.18563822861902
0.0254726708808651	2.27417825008671
0.0254854987512103	2.15086177578762
0.0254983395481284	1.81892004679153
0.0255111932911682	2.16425405920702
0.0255240599999181	2.10919704869307
0.0255369396940059	1.80130461586776
0.0255498323930993	1.64773179050901
0.0255627381169053	1.96350832613701
0.0255756568851712	2.19594892664638
0.0255885887176839	2.13877321036886
0.0256015336342706	2.21028096738655
0.0256144916547984	2.10650261806505
0.0256274627991747	2.24175999009756
0.0256404470873475	2.0619079900618
0.0256534445393049	2.21193422354546
0.0256664551750758	2.04857790089199
0.0256794790147295	1.98885273066345
0.0256925160783763	2.04133678233731
0.0257055663861673	2.20463973913539
0.0257186299582944	2.14299790367629
0.0257317068149908	2.05769934490973
0.0257447969765308	2.20072220721364
0.0257579004632298	2.03861540555992
0.0257710172954449	1.98294095322501
0.0257841474935743	1.99336581163151
0.0257972910780582	2.26204480505009
0.0258104480693782	2.274614326713
0.0258236184880578	2.14641028663629
0.0258368023546625	1.99186442923511
0.0258499996897997	2.14902004825518
0.025863210514119	2.07264158009511
0.0258764348483121	2.06851458657534
0.0258896727131131	2.09858458843091
0.0259029241292988	1.96017574732378
0.0259161891176882	2.00115619197811
0.0259294676991432	1.84281642246074
0.0259427598945683	1.99525347438941
0.0259560657249111	2.10244570330815
0.025969385211162	2.05603585319282
0.0259827183743545	2.0972054762417
0.0259960652355656	2.08203533087687
0.0260094258159154	2.10376889544638
0.0260228001365674	2.11888393382918
0.0260361882187287	2.24205107548455
0.0260495900836501	2.13568568077069
0.0260630057526263	2.09770016395836
0.0260764352469957	1.87612948414349
0.0260898785881407	1.94737811997368
0.0261033357974879	2.34375411536527
0.0261168068965082	2.14179396788714
0.0261302919067166	1.93320409669468
0.0261437908496729	1.87522105081466
0.0261573037469811	2.17421646056762
0.0261708306202902	2.12844406102869
0.0261843714912939	2.09371565354501
0.0261979263817307	2.09074453596741
0.0262114953133843	2.11751893852072
0.0262250783080835	1.9019469064343
0.0262386753877023	1.95423320096818
0.0262522865741603	2.25245789847994
0.0262659118894223	2.1113037364702
0.0262795513554989	2.01041024935618
0.0262932049944465	2.08654688856963
0.0263068728283673	2.05400750806101
0.0263205548794094	2.13330200651066
0.0263342511697671	2.11117745769091
0.0263479617216809	2.22461090279667
0.0263616865574376	2.24605101889801
0.0263754256993704	2.03787890418619
0.0263891791698594	1.95078449522573
0.026402946991331	2.25071128924937
0.0264167291862587	2.21085635841831
0.0264305257771628	2.03562334865066
0.0264443367866108	1.86173202921938
0.0264581622372172	2.04505045229817
0.026472002151644	2.12324996265863
0.0264858565526005	2.22425109415445
0.0264997254628438	2.23537769022027
0.0265136089051785	2.16614635471138
0.0265275069024569	2.20807490671465
0.0265414194775796	2.27532938908435
0.0265553466534948	2.19048462616334
0.0265692884531994	2.16650451827549
0.0265832448997383	2.04559161962837
0.0265972160162048	1.86424839150921
0.026611201825741	1.87458674743151
0.0266252023515375	2.13781975998592
0.0266392176168339	1.97857508467453
0.0266532476449187	1.69447225770603
0.0266672924591293	1.69492607445057
0.0266813520828527	2.01767161014181
0.0266954265395249	1.97593724242311
0.0267095158526315	2.07928351382382
0.0267236200457077	1.948477408401
0.0267377391423385	2.20403029172299
0.0267518731661587	2.04291355459602
0.0267660221408531	2.00296610273867
0.0267801860901567	1.96507039859136
0.0267943650378547	2.16505180783954
0.0268085590077827	1.99947617204139
0.0268227680238268	2.01203892475307
0.0268369921099239	2.06096758144353
0.0268512312900616	2.23440657141619
0.0268654855882785	2.21964277298761
0.0268797550286642	2.22606886597106
0.0268940396353594	2.1421546938215
0.0269083394325565	2.24837717360597
0.0269226544444991	2.22085752339958
0.0269369846954824	2.09904618268737
0.0269513302098534	1.98797603873365
0.0269656910120112	1.89545566129719
0.0269800671264066	1.99159621360262
0.0269944585775428	2.30253540892042
0.0270088653899752	2.21477006142699
0.0270232875883117	1.95620135725842
0.0270377251972127	1.84703002132156
0.0270521782413916	1.96848581064349
0.0270666467456142	2.09286955582871
0.0270811307346998	2.13926336911448
0.0270956302335205	2.14067420446889
0.027110145267002	2.12214620678462
0.027124675860123	2.17129335694437
0.0271392220379163	2.18486554752828
0.0271537838254681	2.06411055396595
0.0271683612479184	2.1815154169418
0.0271829543304616	2.34347345475958
0.0271975630983459	2.00942377402932
0.027212187576874	2.18442547210319
0.0272268277914028	2.07518784221589
0.0272414837673442	2.08053472790611
0.0272561555301645	2.05192053758153
0.027270843105385	2.06474737488944
0.0272855465185821	2.02995983503649
0.0273002657953873	2.25259846713655
0.0273150009614876	2.16636022790623
0.0273297520426252	2.0598214907417
0.0273445190645982	2.08550850738627
0.0273593020532604	2.10550078955648
0.0273741010345215	2.28528242278731
0.0273889160343474	1.90294387908376
0.0274037470787601	2.07199205747275
0.027418594193838	1.99473400138357
0.0274334574057162	2.17311874455517
0.0274483367405864	2.08209677144039
0.0274632322246971	1.94933558076787
0.0274781438843539	2.17270829434582
0.0274930717459195	2.13548699758125
0.0275080158358141	2.17230997019531
0.027522976180515	2.22169421778793
0.0275379528065575	2.20584608575904
0.0275529457405345	2.18313035785626
0.0275679550090969	2.34584412402131
0.0275829806389537	2.29045105232092
0.0275980226568722	2.28456768218971
0.0276130810896779	2.23921993953238
0.0276281559642553	2.31208725170576
0.0276432473075472	2.10443578202491
0.0276583551465556	2.26942699559179
0.0276734795083414	2.08277251677385
0.0276886204200248	2.15847145775785
0.0277037779087853	2.12639435025379
0.0277189520018622	2.13750901140374
0.0277341427265541	2.13760301331062
0.0277493501102199	2.15596125758602
0.0277645741802782	2.06004861099009
0.0277798149642079	2.12813900726168
0.0277950724895485	2.00866153520994
0.0278103467838997	2.07657237236347
0.0278256378749221	2.16227808604392
0.0278409457903371	2.12189749897765
0.0278562705579271	2.13725636473929
0.0278716122055359	2.13303986464672
0.0278869707610683	2.12086559976987
0.0279023462524911	2.1296138281442
0.0279177387078325	2.1032029098866
0.0279331481551826	2.13019920959439
0.0279485746226937	2.11246996754684
0.0279640181385802	2.2158030212694
0.0279794787311189	2.17748400175434
0.0279949564286492	2.26250006809076
0.0280104512595734	2.23184266268003
0.0280259632523564	2.33982938339199
0.0280414924355264	2.35294493994437
0.0280570388376749	2.12992198511662
0.0280726024874566	2.1862790428242
0.0280881834135901	2.2590651064609
0.0281037816448575	2.11485538601733
0.0281193972101053	2.05929256470363
0.0281350301382437	2.24126047700812
0.0281506804582474	2.27401948921792
0.0281663481991558	2.28746052695674
0.0281820333900726	2.27079794494752
0.0281977360601666	1.95437989021031
0.0282134562386717	2.10911098218499
0.0282291939548869	2.11245212970294
0.0282449492381766	2.2913695439997
0.028260722117971	2.18033076312164
0.0282765126237657	2.06834702334951
0.0282923207851226	1.96956931206478
0.0283081466316696	2.38917548463447
0.028323990193101	2.19667579382663
0.0283398514991775	2.10394593243656
0.0283557305797266	2.10131999915393
0.0283716274646427	2.15208452922062
0.0283875421838871	2.2726711201965
0.0284034747674885	2.0931458238812
0.0284194252455432	1.99694007703976
0.0284353936482149	1.979384500336
0.0284513800057352	2.12473466124655
0.0284673843484037	2.18710395404461
0.0284834067065884	2.13540781122103
0.0284994471107254	1.95378059856348
0.0285155055913197	2.03852318819083
0.0285315821789449	2.13604081184055
0.0285476769042436	2.1633784477325
0.0285637897979277	2.30512124762254
0.0285799208907783	1.98153021918073
0.0285960702136463	2.01304563287825
0.0286122377974522	2.04606396928813
0.0286284236731864	2.07158665851227
0.0286446278719097	2.17682959678203
0.0286608504247531	1.99510210612021
0.0286770913629182	1.71412273114911
0.0286933507176774	1.90609437754759
0.028709628520374	2.20107629911558
0.0287259248024224	2.09846860523153
0.0287422395953086	1.93846380550253
0.0287585729305899	1.83853608694816
0.0287749248398956	2.08599281729458
0.0287912953549269	2.12989880914451
0.028807684507457	2.01492265806272
0.0288240923293319	1.99475002912341
0.0288405188524697	1.89819515679372
0.0288569641088616	2.15138485535675
0.0288734281305719	2.06900538111245
0.0288899109497378	2.01808465664714
0.0289064125985702	2.12439511160658
0.0289229331093534	2.02875649168357
0.0289394725144459	1.89608722788919
0.0289560308462798	2.02607529948756
0.0289726081373619	2.02009921887875
0.0289892044202732	2.05410820144656
0.0290058197276694	2.19700440001162
0.0290224540922814	1.91950778880844
0.0290391075469149	2.02358677410474
0.029055780124451	2.00800286031066
0.0290724718578465	2.12780644953665
0.0290891827801339	2.18797736470104
0.0291059129244217	1.95567468202157
0.0291226623238945	1.91490788117108
0.0291394310118136	1.98280286669905
0.0291562190215166	2.34478605917211
0.0291730263864182	2.17380603076678
0.0291898531400101	2.09468492429562
0.0292066993158615	2.16270396035408
0.0292235649476189	2.21488802467234
0.0292404500690067	2.15658766729445
0.0292573547138272	2.03643423163689
0.029274278915961	2.21694239572793
0.029291222709367	2.27561589420267
0.029308186128083	1.98979021668115
0.0293251692062256	2.02101684712406
0.0293421719779903	2.1358770241394
0.0293591944776522	2.1273835660887
0.029376236739566	2.12178808451933
0.029393298798166	1.92148134595634
0.0294103806879668	2.04402014158714
0.0294274824435632	2.14384433788371
0.0294446040996303	2.24234801233961
0.0294617456909243	2.09516936496471
0.0294789072522821	2.0208390706158
0.0294960888186219	2.08054844055636
0.0295132904249434	2.018582506209
0.0295305121063279	2.13983875359027
0.0295477538979389	2.26520833095503
0.0295650158350217	2.30523109515565
0.0295822979529042	2.20672936540564
0.0295996002869969	2.15120202445372
0.0296169228727933	2.20019642752836
0.0296342657458699	2.07379933666154
0.0296516289418867	2.14847583416998
0.0296690124965872	2.17572971857956
0.0296864164457989	2.17720835367772
0.0297038408254333	1.9544681044029
0.0297212856714862	1.7253986315744
0.0297387510200383	2.01244016188998
0.0297562369072549	2.2171735225146
0.0297737433693865	2.20289867880902
0.0297912704427689	2.0509926102426
0.0298088181638237	2.03943287169819
0.029826386569058	2.19788144488101
0.0298439756950653	2.19302655236894
0.0298615855785256	2.13476432824027
0.0298792162562051	2.20452933204815
0.0298968677649571	2.12480583526512
0.0299145401417223	1.98306525942275
0.0299322334235283	2.14198428817394
0.0299499476474906	2.01139054177666
0.0299676828508128	2.26068140970542
0.0299854390707864	2.06574902933683
0.0300032163447913	1.99808725074671
0.0300210147102963	2.09163943937453
0.0300388342048592	2.20194674827001
0.0300566748661267	2.04987111363034
0.0300745367318353	1.9480424921569
0.0300924198398111	1.92124447794697
0.0301103242279704	2.18721338572422
0.0301282499343195	2.24071830663553
0.0301461969969555	2.07972247223421
0.0301641654540663	2.01640642792506
0.0301821553439308	1.98690745167596
0.0302001667049193	2.29439233533696
0.0302181995754938	2.18608267751305
0.0302362539942082	2.25179001126259
0.0302543299997086	2.21513851059428
0.0302724276307336	2.13383308483323
0.0302905469261144	2.08010241055641
0.0303086879247753	1.97656977094137
0.0303268506657341	1.93747607721087
0.0303450351881019	1.9868095825905
0.0303632415310837	2.13435477147972
0.0303814697339789	2.07270862669559
0.0303997198361811	2.12413316233967
0.0304179918771785	2.1778045702175
0.0304362858965546	2.24721434098293
0.0304546019339881	2.14250733837995
0.0304729400292531	2.08960708483649
0.0304913002222196	2.08342094575335
0.030509682552854	1.93073021041718
0.0305280870612188	2.01016941474595
0.0305465137874735	2.12348965899033
0.0305649627718744	2.21732345915306
0.0305834340547752	2.23129775013007
0.0306019276766272	2.30544943328921
0.0306204436779797	2.26605722498682
0.0306389820994801	2.14107645406321
0.0306575429818743	2.19704358186267
0.0306761263660069	2.02401357724658
0.0306947322928219	1.91199272411272
0.0307133608033623	2.23220173989801
0.030732011938771	2.18453693263148
0.030750685740291	1.76678502086443
0.0307693822492655	1.80010451503522
0.0307881015071381	2.1275016385937
0.0308068435554538	2.30641259186594
0.0308256084358583	2.17454064356488
0.0308443961900992	2.20379792103904
0.0308632068600257	2.21759436154632
0.0308820404875893	2.29110438946852
0.030900897114844	2.11657940677569
0.0309197767839464	1.8497710924058
0.0309386795371563	1.93202628675163
0.0309576054168369	2.09065685784585
0.0309765544654552	2.18576166944014
0.0309955267255819	2.18070591616788
0.0310145222398926	2.266544575282
0.0310335410511671	2.21443415074964
0.0310525832022904	2.1500953177171
0.0310716487362529	2.08000495207056
0.0310907376961504	2.15155826904913
0.031109850125185	1.97513198465819
0.0311289860666648	2.03354814707143
0.0311481455640046	2.14216066994763
0.0311673286607264	2.15679685145865
0.031186535400459	2.00297456020065
0.0312057658269392	2.08650036908465
0.0312250199840117	2.17931763938013
0.0312442979156293	1.95807507281958
0.0312635996658536	2.16972824001223
0.0312829252788549	1.86803121810544
0.0313022747989131	1.93609506546728
0.0313216482704175	2.30166948202847
0.0313410457378674	2.14583767474455
0.0313604672458725	2.06598740413269
0.031379912839153	2.23570547506919
0.0313993825625402	2.23362779149636
0.0314188764609767	1.93372922710423
0.0314383945795167	1.99211683694292
0.0314579369633265	2.08176669281105
0.0314775036576848	2.23861475789353
0.0314970947079831	2.23551666676496
0.0315167101597256	2.16937182988706
0.0315363500585304	2.22034760954638
0.0315560144501291	2.12130248971153
0.0315757033803674	2.09278728336122
0.0315954168952058	2.1321348638606
0.0316151550407192	2.10805265512894
0.0316349178630982	1.97870893261372
0.0316547054086485	2.08047654998768
0.0316745177237921	2.23391333414249
0.031694354855067	2.29163899846665
0.0317142168491281	2.15559729967122
0.0317341037527471	1.81230069450766
0.0317540156128133	2.09448992650068
0.0317739524763337	2.24112162615062
0.0317939143904333	1.83801918210636
0.0318139014023557	2.02227507835646
0.0318339135594634	2.14437624723295
0.0318539509092381	2.24971264746989
0.0318740134992811	2.177270999243
0.0318941013773138	2.03657799499843
0.0319142145911778	2.0544216372466
0.0319343531888357	2.26457857293493
0.031954517218371	1.99965306829875
0.0319747067279888	2.14266696017232
0.0319949217660162	2.12354447265442
0.0320151623809025	2.0116284698802
0.0320354286212197	2.07092452644504
0.0320557205356628	2.03637690916064
0.0320760381730504	2.16124457515308
0.0320963815823249	2.15592657791981
0.0321167508125527	2.21382715647274
0.0321371459129253	2.18327429824766
0.0321575669327587	2.2575200311535
0.0321780139214949	2.20298367852039
0.0321984869287012	2.26851463316533
0.0322189860040714	2.04420765748868
0.032239511197426	1.75270248498771
0.0322600625587122	1.83755888943895
0.0322806401380051	2.23359838394652
0.0323012439855073	2.21494398272913
0.0323218741515497	2.18371997332185
0.032342530686592	1.9073888351576
0.0323632136412229	2.13106188873866
0.0323839230661606	2.15411168788249
0.0324046590122531	1.80534319283797
0.0324254215304788	2.05567282326027
0.032446210671947	2.05051507246729
0.0324670264878978	1.91611918985225
0.0324878690297032	2.08709241619058
0.0325087383488671	2.08242741711098
0.0325296344970257	2.02398423458681
0.0325505575259482	2.06931252672968
0.0325715074875371	2.27445477033458
0.0325924844338284	2.1936599003506
0.0326134884169924	2.13169547626316
0.032634519489334	2.25170047363034
0.032655577703293	2.08233002157763
0.0326766631114447	2.27987663361396
0.0326977757665002	2.32566067572147
0.0327189157213071	2.27608514994912
0.0327400830288495	1.83306734962132
0.0327612777422489	1.79694362099574
0.0327824999147644	1.89391760668262
0.0328037495997932	2.18319053720957
0.0328250268508709	2.36744845781085
0.0328463317216723	2.0048600302535
0.0328676642660114	1.95962712187622
0.0328890245378424	2.24133417199747
0.0329104125912595	2.16575094646481
0.032931828480498	2.28834113742227
0.0329532722599344	2.17844628348016
0.0329747439840867	2.13129635489646
0.0329962437076153	2.0500151319442
0.0330177714853232	2.06518146216124
0.0330393273721566	2.23224406819927
0.0330609114232051	2.05522001904061
0.0330825236937024	2.10261680434889
0.0331041642390269	2.24435923870987
0.0331258331147018	2.15043340969237
0.0331475303763958	2.24454860121833
0.0331692560799236	2.1634042532545
0.0331910102812463	2.05053229851469
0.0332127930364719	2.072810440166
0.0332346044018558	2.15354157396396
0.0332564444338013	2.13374327809705
0.03327831318886	1.82777089801219
0.0333002107237324	1.86319431297142
0.0333221370952683	2.09969518064084
0.0333440923604673	2.22397345318732
0.0333660765764793	2.00215654721223
0.0333880898006053	1.79916770511349
0.0334101320902972	2.05974163225985
0.033432203503159	2.14298141739001
0.0334543040969469	2.11335766217436
0.0334764339295699	2.12062891924982
0.0334985930590905	2.17668444204771
0.0335207815437248	2.0524666738035
0.0335429994418434	2.05396742230261
0.0335652468119718	1.98609798725878
0.0335875237127907	2.16348221224661
0.0336098302031368	1.92984090277611
0.0336321663420031	2.07249756665278
0.0336545321885397	2.16461191893783
0.0336769278020541	2.24773372445683
0.0336993532420115	2.25280318751196
0.0337218085680361	2.00324933176601
0.0337442938399106	2.25026032778348
0.0337668091175777	2.23511836143344
0.0337893544611398	2.28290606732217
0.0338119299308603	2.073138027446
0.0338345355871635	2.02698578403277
0.0338571714906354	2.21776096785863
0.0338798377020244	1.98165152114156
0.0339025342822416	2.23116694610806
0.0339252612923614	2.20292519816905
0.0339480187936222	2.06781487756465
0.0339708068474266	1.84744873386537
0.0339936255153423	2.16378951111886
0.0340164748591027	1.95226723328232
0.0340393549406071	1.87850835031037
0.0340622658219214	2.06244393329956
0.0340852075652789	1.91969230368886
0.0341081802330806	2.05268004309456
0.0341311838878958	2.05910161610731
0.0341542185924626	1.93238569561971
0.0341772844096889	2.16677858215906
0.0342003814026524	2.11606423256754
0.0342235096346014	2.05970961127574
0.0342466691689556	2.07834861946128
0.0342698600693063	2.18930564480013
0.0342930823994174	2.1650939731488
0.0343163362232254	1.990327168926
0.0343396216048406	1.94182495397695
0.0343629386085474	2.24675077440699
0.0343862872988048	2.19119490383413
0.0344096677402473	2.12817463908307
0.0344330799976851	1.91578783793258
0.034456524136105	2.19432260533702
0.034480000220671	2.203075361723
0.0345035083167246	2.27383206843216
0.0345270484897859	2.15399015102876
0.0345506208055536	2.23373814802258
0.0345742253299062	2.14945013337066
0.0345978621289023	2.25703894049856
0.0346215312687812	2.11397518061546
0.0346452328159635	2.15159057515531
0.0346689668370521	2.1676895936632
0.0346927333988322	2.10525030693886
0.0347165325682725	2.14778169357103
0.0347403644125255	2.07124178724413
0.0347642289989282	1.98597386773552
0.0347881263950028	2.15481813053311
0.0348120566684573	2.22755924221214
0.034836019887186	1.89985257681821
0.0348600161192704	1.87615213557506
0.0348840454329797	2.15931786418801
0.0349081078967715	2.15355018017357
0.0349322035792923	1.97738936213579
0.0349563325493783	1.88424301050182
0.0349804948760561	2.29394620828148
0.0350046906285432	2.20016921036357
0.0350289198762488	2.10839215251035
0.0350531826887744	2.08471732742813
0.0350774791359144	2.02172225784739
0.0351018092876569	2.15070425708773
0.0351261732141843	2.04463739547587
0.0351505709858741	2.21493703883567
0.0351750026732992	2.09758067028784
0.0351994683472291	2.00840702315754
0.0352239680786302	2.12946505318102
0.0352485019386666	2.18883472999423
0.0352730699987009	2.28151921953185
0.0352976723302948	2.10183975872359
0.0353223090052097	2.18992527095771
0.0353469800954076	2.12012487898129
0.0353716856730514	2.18433483950617
0.0353964258105063	2.15213964893234
0.0354212005803399	2.20829175233429
0.0354460100553231	2.08735628163177
0.0354708543084308	2.09044766950562
0.0354957334128428	2.09184402634315
0.035520647441944	2.02238715866276
0.035545596469326	2.19309274145247
0.0355705805687868	2.09313495310791
0.0355955998143323	2.1610958411232
0.0356206542801768	2.09719004771103
0.0356457440407435	2.24251676111417
0.0356708691706656	2.18824400113825
0.0356960297447867	2.16607513282336
0.0357212258381618	2.1953266863365
0.0357464575260582	2.23260423218494
0.0357717248839555	2.18183944454159
0.0357970279875474	2.02636600814423
0.0358223669127414	2.33484737066704
0.0358477417356606	2.11184152489383
0.0358731525326436	2.16268293802216
0.0358985993802456	1.85672721648094
0.0359240823552393	2.18074403502806
0.0359496015346156	2.30150205835323
0.0359751569955841	1.98835811916342
0.0360007488155744	1.8714700159073
0.0360263770722362	2.24336137199583
0.0360520418434408	2.12706327442451
0.0360777432072815	2.01490305797514
0.0361034812420743	2.05303243491997
0.0361292560263589	2.08214111402618
0.0361550676388995	2.03043436985378
0.0361809161586856	2.1015321502319
0.0362068016649326	2.04229819074419
0.0362327242370828	2.13827811491563
0.0362586839548062	2.13241535290823
0.0362846808980013	2.15424150165163
0.036310715146796	2.0701459971897
0.0363367867815481	2.25450039516336
0.0363628958828465	2.06878689669066
0.0363890425315119	2.37318091948484
0.0364152268085977	1.97682800525781
0.0364414487953905	2.2177833597734
0.0364677085734114	2.07673398837971
0.0364940062244167	2.15572950995338
0.0365203418303985	1.90505881548937
0.036546715473586	2.14240776934112
0.0365731272364457	2.15031266400901
0.0365995772016832	2.02818482249173
0.036626065452243	2.10610991427093
0.0366525920713103	2.0919775305566
0.0366791571423112	2.02503731928283
0.036705760748914	2.0813181167049
0.0367324029750298	2.05278055960392
0.0367590839048136	2.23719050392087
0.036785803622665	2.21809433555518
0.0368125622132292	2.08822167560081
0.0368393597613979	2.02582647753426
0.0368661963523101	2.10613121811899
0.0368930720713532	2.18590484074557
0.0369199870041636	1.81469227479959
0.0369469412366279	2.21958156835884
0.0369739348548837	2.19654204278617
0.0370009679453205	1.80797669717832
0.0370280405945805	1.97269266213487
0.0370551528895599	2.15766096340307
0.0370823049174093	2.14206825934503
0.0371094967655353	1.94261179399895
0.0371367285216007	2.22424404949286
0.0371640002735261	2.20070827258892
0.0371913121094903	2.12233765852987
0.0372186641179316	2.289565478261
0.0372460563875487	2.13623202948134
0.0372734890073017	2.29777589630847
0.0373009620664126	2.2284948648575
0.0373284756543672	2.23446008138307
0.0373560298609151	1.98365975553213
0.0373836247760711	2.30530817050334
0.0374112604901165	2.15571864879507
0.0374389370935994	1.89507940500773
0.0374666546773362	2.08249812527938
0.0374944133324125	2.23215562035432
0.0375222131501839	1.87274790971242
0.0375500542222773	1.89562882318267
0.0375779366405916	2.35236642478812
0.0376058604972989	2.1309395802557
0.0376338258848456	2.06477325214656
0.037661832895953	2.08721800993196
0.0376898816236188	2.37561934004291
0.0377179721611181	2.11952152367361
0.0377461046020041	2.20951025265126
0.0377742790401093	2.22356749783394
0.0378024955695466	2.11571660062626
0.0378307542847103	1.91162624561749
0.0378590552802772	2.00960592652028
0.0378873986512077	2.11602735374328
0.0379157844927465	2.21051274538409
0.0379442129004243	1.94810395266898
0.0379726839700583	2.32514424139795
0.0380011977977536	2.37640994049215
0.0380297544799041	2.01946851676777
0.0380583541131937	2.17177491101489
0.0380869967945974	1.9581549815186
0.0381156826213823	2.23642511842781
0.0381444116911087	2.12015011798216
0.0381731841016313	1.95582144815842
0.0382019999511005	2.25713178980386
0.0382308593379629	2.26105524833781
0.0382597623609631	2.0284584739457
0.0382887091191443	2.0763785032917
0.03831769971185	2.21526372941304
0.0383467342387244	1.91695522715785
0.0383758127997142	1.98893818541184
0.0384049354950694	2.27191583191811
0.0384341024253447	2.28828470804163
0.0384633136914002	1.99779277348296
0.0384925693944032	2.36225198489645
0.0385218696358287	2.26316700815004
0.0385512145174612	1.93204628860841
0.0385806041413954	2.01876112048996
0.0386100386100377	1.9493834409034
0.038639518026107	2.10561423144072
0.0386690424926365	1.97223774719975
0.0386986121129743	2.00700556791124
0.0387282269907849	2.16765852580876
0.0387578872300504	2.09655233570998
0.0387875929350717	2.07763074499661
0.0388173442104698	2.23780945621788
0.0388471411611867	2.38518869837229
0.0388769838924871	2.21405100317022
0.0389068725099592	2.05897496304051
0.0389368071195164	2.2086185739056
0.038966787827398	2.27902511319439
0.0389968147401711	1.92741576242873
0.0390268879647313	2.00898844946452
0.0390570076083042	2.18027480574704
0.0390871737784467	1.95852130631864
0.0391173865830484	2.10703513604704
0.0391476461303326	2.1458149074755
0.0391779525288576	2.22961100040212
0.0392083058875183	2.18674981888815
0.0392387063155474	2.14623778542917
0.0392691539225163	2.2731821572879
0.0392996488183373	2.10290415397601
0.0393301911132638	2.04380960110768
0.0393607809178925	2.14469944602505
0.0393914183431645	2.12698428712809
0.0394221035003665	2.21417274412998
0.0394528365011322	2.16571428716535
0.0394836174574437	2.09741401322999
0.0395144464816328	1.93777769833464
0.0395453236863825	1.94175640416527
0.0395762491847284	2.14603773750259
0.0396072230900596	1.93055879310741
0.0396382455161208	2.26265514333808
0.0396693165770131	2.2014371319225
0.0397004363871959	2.12033681261439
0.0397316050614877	2.44807803748925
0.0397628227150683	2.04602718268756
0.0397940894634793	2.05045837768289
0.0398254054226263	2.38376132578924
0.03985677070878	2.17515373034161
0.0398881854385777	2.1518612582437
0.0399196497290245	2.19721195560233
0.0399511636974953	2.07065955567537
0.0399827274617356	2.16725184258807
0.0400143411398636	2.03749520381148
0.0400460048503712	1.98909166986352
0.0400777187121257	2.12388448768314
0.0401094828443711	2.04270975256835
0.04014129736673	2.2112358151329
0.0401731623992047	1.77958097043039
0.0402050780621787	2.14107066679222
0.0402370444764186	1.9751737054034
0.0402690617630753	2.18885157461241
0.0403011300436856	2.33064328323282
0.0403332494401736	2.05959618749837
0.0403654200748528	2.36843072930555
0.0403976420704268	2.28712807287918
0.0404299155499915	2.04418322249099
0.0404622406370366	2.30559847197505
0.040494617455447	2.34993309330412
0.0405270461295041	2.22466098092873
0.0405595267838882	1.92779223846807
0.0405920595436794	2.28053917168957
0.0406246445343595	2.23011979525041
0.0406572818818133	2.11419502008822
0.0406899717123308	1.87746069038081
0.0407227141526083	2.15889842883718
0.0407555093297503	2.18642347147064
0.0407883573712711	1.97662285199394
0.0408212584050962	2.01000270092727
0.0408542125595646	2.00261644085913
0.0408872199634296	2.28417910374895
0.0409202807458613	2.33042297989518
0.0409533950364477	2.22947178063016
0.0409865629651966	2.17222000942042
0.0410197846625376	2.03462817398183
0.0410530602593231	2.08886431497332
0.0410863898868308	2.12150260137748
0.0411197736767648	2.16061729679269
0.0411532117612579	2.21643779619589
0.0411867042728726	2.12304216816013
0.0412202513446038	2.00585467138194
0.0412538531098796	1.94269571562989
0.0412875097025639	1.87267122551404
0.0413212212569577	2.20444254369877
0.0413549879078007	2.27488162655963
0.0413888097902738	2.02265950863765
0.0414226870400002	2.2079050984546
0.0414566197930477	1.99360071446177
0.0414906081859302	2.24625264038508
0.0415246523556096	2.1512386513181
0.0415587524394979	2.26790971600479
0.0415929085754587	2.21086018999732
0.0416271209018091	1.89677569933043
0.0416613895573219	2.21200477173531
0.0416957146812271	1.94723322822765
0.0417300964132139	2.10778649589837
0.0417645348934328	2.27127566582234
0.0417990302624971	2.18288607961767
0.0418335826614852	1.87368400502212
0.0418681922319423	2.16990143979868
0.0419028591158824	2.09513467413948
0.0419375834557903	2.37613382113615
0.0419723653946234	2.10869065236474
0.0420072050758138	2.08947404159924
0.0420421026432703	2.3458242510729
0.0420770582413801	2.17247089229061
0.0421120720150113	2.16567569227211
0.0421471441095143	1.97286229425202
0.0421822746707244	2.13833749016407
0.0422174638449632	1.81870018834616
0.0422527117790412	2.10834196552135
0.0422880186202596	2.25739574423476
0.0423233845164122	2.24172240517722
0.0423588096157879	1.93551573588923
0.0423942940671721	2.25040636232981
0.0424298380198496	2.29359676915539
0.0424654416236059	2.12702426723514
0.04250110502873	2.11695175484773
0.0425368283860158	2.1708104961637
0.0425726118467651	2.21569651061621
0.0426084555627887	2.18430201067931
0.0426443596864097	2.13386988168435
0.0426803243704644	2.12007852063511
0.0427163497683057	2.16988628896848
0.0427524360338044	1.94224063170084
0.0427885833213517	2.19590398560049
0.0428247917858616	2.22417808197117
0.0428610615827725	2.01154612653058
0.0428973928680503	2.06336122631
0.0429337857981898	2.20770589680864
0.0429702405302176	2.11781658174865
0.0430067572216939	2.14849767666886
0.043043336030715	2.190324274893
0.0430799771159154	2.12745047045409
0.0431166806364704	2.10095968145946
0.0431534467520982	2.08947158221663
0.0431902756230622	2.16695360954341
0.0432271674101732	2.25755254445903
0.0432641222747922	2.02664680455831
0.0433011403788323	1.94965311752895
0.0433382218847612	2.18039963185975
0.0433753669556037	1.90395568352791
0.0434125757549439	2.06273866598665
0.0434498484469279	2.11155976300032
0.0434871851962656	2.24606753460664
0.043524586168234	2.03982637608778
0.0435620515286788	2.02961979303115
0.0435995814440174	2.20550638905938
0.0436371760812412	2.15965888317607
0.043674835607918	1.94149768000249
0.0437125601921946	2.02027314205835
0.0437503500027993	2.30992239244065
0.0437882052090442	2.19361882012432
0.043826125980828	1.96328439283142
0.0438641124886385	2.07389061658587
0.043902164903555	1.89058519163158
0.0439402833972511	2.1660175436423
0.043978468141997	2.13817903034855
0.0440167193106622	2.25580367774898
0.0440550370767185	2.1100814024124
0.0440934216142418	2.1127288056512
0.0441318730979156	2.21758713644582
0.0441703917030329	1.958245861227
0.0442089776054996	2.12387062417393
0.0442476309818365	2.32133703170675
0.0442863520091825	2.31335419887265
0.044325140865297	1.76916283398642
0.0443639977285626	2.13003430050358
0.0444029227779882	2.08048204174138
0.0444419161932114	1.94253729816079
0.0444809781545013	2.13607306981004
0.0445201088427614	2.17382966283304
0.0445593084395323	2.32290136762997
0.0445985771269946	2.02462563796586
0.0446379150879717	2.1136309037146
0.0446773225059325	2.17176244067237
0.0447167995649943	1.95821799913479
0.0447563464499259	2.24138979439404
0.0447959633461503	2.21934701643156
0.0448356504397474	2.20922962402831
0.0448754079174573	1.99462054814324
0.044915235966683	2.00789893313273
0.0449551347754934	2.28688866156733
0.0449951045326262	2.187417027323
0.0450351454274909	2.13190787949497
0.0450752576501721	2.16194392430102
0.0451154413914317	2.11860742896414
0.045155696842713	2.15745302116643
0.0451960241961428	2.26051271821946
0.0452364236445351	2.01686224636158
0.0452768953813938	2.3256310257734
0.0453174396009158	2.06044368735519
0.0453580564979945	2.07954355675939
0.0453987462682224	2.21253046465706
0.0454395091078946	2.19697635599897
0.0454803452140117	2.18537719633963
0.0455212547842832	2.22374598411703
0.0455622380171308	2.27061882946987
0.0456032951116909	2.23103736467933
0.0456444262678189	2.360732855252
0.0456856316860916	2.30977877293538
0.0457269115678105	2.13986484917889
0.0457682661150059	2.09510587797221
0.045809695530439	2.07566769478126
0.0458512000176062	2.30649728390455
0.045892779780742	1.8501587512984
0.0459344350248223	2.29300182480502
0.045976165955568	2.08052321822867
0.0460179727794481	1.8244378942841
0.0460598557036834	2.30862908919541
0.0461018149362498	2.13639379005678
0.0461438506858816	2.11511897547781
0.0461859631620752	2.1452807430318
0.0462281525750924	2.29229745270886
0.0462704191359641	2.2266676456091
0.0463127630564936	2.03994510353883
0.0463551845492601	2.14819638421179
0.0463976838276227	2.17739806845812
0.0464402611057234	1.96557622037481
0.0464829165984911	2.0580978807028
0.046525650521645	2.25834583149059
0.0465684630916983	2.15423002671723
0.0466113545259619	2.16989928584925
0.0466543250425481	2.40701611876065
0.0466973748603743	1.88450147105126
0.0467405041991663	2.15007742102047
0.0467837132794629	2.12941521457413
0.0468270023226187	1.85676930355936
0.0468703715508088	2.12940965576304
0.0469138211870317	2.21533730162544
0.0469573514551138	2.05983534886848
0.0470009625797131	2.17705214154546
0.0470446547863226	2.30963447731977
0.047088428301275	2.04985881386888
0.0471322833517458	2.28265623639444
0.0471762201657578	2.2350038761413
0.0472202389721848	2.1296286147114
0.0472643400007557	2.15077279021623
0.0473085234820582	2.2512191454996
0.0473527896475432	2.08513073470198
0.0473971387295286	2.22223315115542
0.0474415709612036	2.23353667512136
0.0474860865766325	2.04350839862532
0.0475306858107589	2.23619698071415
0.0475753688994099	2.17658174191709
0.0476201360793003	2.14298414825226
0.0476649875880367	2.09671577161299
0.0477099236641216	2.039856221147
0.0477549445469579	2.07295603913785
0.0478000504768528	2.08915762842071
0.0478452416950224	2.16799303742946
0.0478905184435959	2.19728373183338
0.0479358809656199	2.25548968317539
0.0479813295050625	2.12006934777901
0.0480268643068181	2.26824222828
0.0480724856167118	2.1518419879908
0.0481181936815032	2.20569036338586
0.0481639887488917	2.44237070519908
0.0482098710675203	2.09360983701459
0.0482558408869805	2.17681138228862
0.0483018984578165	2.27959861960123
0.0483480440315302	2.24060879008994
0.0483942778605853	2.06311321495645
0.0484406001984122	2.11307938962348
0.0484870112994126	2.1057357990031
0.0485335114189641	2.23596562828486
0.0485801008134247	1.96699281768045
0.048626779740138	1.99686458606366
0.0486735484574374	2.34542455774178
0.0487204072246513	2.07893603434603
0.0487673563021074	2.07731259541619
0.0488143959511383	2.28272515104141
0.0488615264340853	2.23707166002041
0.0489087480143044	1.85629111542946
0.0489560609561702	2.19787004769121
0.0490034655250815	2.08374870855516
0.049050961987466	2.00154546162437
0.0490985506107855	1.97076736949346
0.0491462316635405	1.94385848664716
0.0491940054152757	2.22005627240021
0.0492418721365847	2.15954208676339
0.0492898320991155	2.03744324688199
0.0493378855755753	2.26253156620811
0.049386032839736	2.26472202696178
0.0494342741664388	1.90799466691937
0.0494826098316003	2.23844451295486
0.0495310401122171	1.8239252783071
0.0495795652863711	2.15873220738917
0.0496281856332354	1.94523898891011
0.0496769014330788	1.86938915974658
0.0497257129672721	2.15778870080772
0.0497746205182928	1.93374153802443
0.0498236243697307	2.24867370662968
0.0498727248062939	2.25722701348653
0.0499219221138136	1.82432863687109
0.04997121657925	2.11182544576335
0.0500206084906978	2.08151844110358
0.050070098137392	2.22208656049585
0.0501196858097132	2.16454028337825
0.0501693717991937	1.96665443432596
0.0502191563985228	2.22366942768109
0.0502690399015527	1.96851382660024
0.0503190226033046	2.17082489391697
0.0503691047999738	2.10625190465792
0.0504192867889364	2.17949972014046
0.0504695688687545	2.04879761045709
0.0505199513391825	2.19067956923563
0.0505704345011729	2.25979115415118
0.0506210186568823	2.30407146759681
0.0506717041096775	2.07227183049835
0.0507224911641417	1.96273427218668
0.0507733801260801	2.28811772789216
0.0508243713025266	2.12196242007041
0.0508754650017498	2.1501190542704
0.0509266615332588	2.09199300464912
0.0509779612078103	2.23485256170798
0.051029364337414	2.18009452250443
0.0510808712353395	1.97374064658327
0.0511324822161224	2.05106067298151
0.0511841975955708	2.18736630004065
0.0512360176907719	2.27556754791154
0.051287942820098	2.12069218304093
0.0513399733032136	2.11009902995238
0.0513921094610815	2.20142701895
0.0514443516159697	2.25424288401552
0.0514967000914578	2.30208037794137
0.0515491552124441	2.10781353026905
0.0516017173051516	2.01772702393604
0.0516543866971356	2.30682652681132
0.0517071637172898	2.17944217093306
0.0517600486958535	1.9977829426764
0.0518130419644187	2.22785359165521
0.0518661438559363	2.25592282951308
0.051919354704724	2.1123780972584
0.0519726748464725	2.14287752249384
0.052026104618253	1.96321806571976
0.0520796443585243	2.15186635542686
0.0521332944071399	2.16895306623366
0.052187055105355	2.20986983589005
0.0522409267958339	2.06470020041042
0.0522949098226573	2.07338649561626
0.0523490045313296	2.14225204747346
0.0524032112687863	1.92252815433826
0.0524575303834014	2.19817131436009
0.0525119622249946	1.88712309464131
0.0525665071448394	2.00954066471758
0.0526211654956701	2.01989559487069
0.0526759376316896	2.09254484638542
0.0527308239085772	2.28548356576349
0.052785824683496	1.89565132988161
0.0528409403151009	1.90725036238338
0.0528961711635463	2.00208545475684
0.0529515175904939	2.25233627858427
0.0530069799591208	1.98643444365744
0.0530625586341271	1.98202057201113
0.0531182539817441	2.12859840857606
0.0531740663697425	2.08741220738395
0.0532299961674401	2.07129218845502
0.0532860437457103	2.05262322686549
0.0533422094769901	2.02809545326304
0.0533984937352885	2.20473706110788
0.0534548968961947	2.21118214139351
0.0535114193368863	2.34656601996858
0.0535680614361381	2.08862450127232
0.0536248235743303	2.26453078111391
0.0536817061334569	1.91585721363064
0.0537387094971345	1.90177699494521
0.053795834050611	2.16945031499599
0.0538530801807739	2.1616648518372
0.0539104482761594	2.23643350023681
0.053967938726961	2.13580923913284
0.0540255519250383	2.18918226191756
0.0540832882639263	1.97170637617589
0.0541411481388438	2.27601053279691
0.0541991319467026	2.08466539388772
0.054257240086117	1.93295732009284
0.0543154729574122	2.2446708330329
0.0543738309626342	2.11641188025967
0.0544323145055585	2.32831759303883
0.0544909239916999	2.31157732642467
0.0545496598283212	2.20163827586445
0.0546085224244436	2.17831587391067
0.0546675121908551	2.30971270050186
0.0547266295401211	2.03209365444228
0.0547858748865932	2.09049728124534
0.0548452486464192	2.13577331280448
0.054904751237553	2.04567367765519
0.0549643830797643	2.31936035509781
0.0550241445946481	2.16273956196449
0.0550840362056353	2.2706682984585
0.0551440583380022	1.97225451814799
0.0552042114188807	2.27588437126924
0.0552644958772686	2.15747013657109
0.0553249121440395	2.26563533028703
0.0553854606519533	2.16892819872329
0.0554461418356665	2.3218574267321
0.0555069561317424	1.87635661332872
0.0555679039786619	2.345456255996
0.0556289858168338	1.97613204059381
0.0556902020886053	2.1629723618254
0.0557515532382732	2.23341326727553
0.055813039712094	2.13294045372766
0.0558746619582952	2.1599363842394
0.0559364204270858	2.29633480570301
0.0559983155706677	2.14545871328541
0.0560603478432463	2.03793728091846
0.0561225177010421	2.05996290611363
0.0561848256023014	1.89443370977801
0.0562472720073077	2.16769336032893
0.0563098573783933	1.89345844682168
0.0563725821799504	2.10755984628419
0.0564354468784426	2.01599087952771
0.0564984519424168	2.09872030214865
0.0565615978425145	2.09746142026812
0.0566248850514834	2.2375273674352
0.0566883140441898	1.93397667091247
0.0567518852976297	2.18607181600382
0.0568155992909414	2.02081785598436
0.0568794565054173	2.04208537065249
0.0569434574245159	2.20659040568568
0.057007602533874	2.13753760859188
0.0570718923213194	1.90795181649031
0.0571363272768828	2.31956442250724
0.0572009078928102	1.81719497303089
0.057265634663576	2.16591356835217
0.057330508085895	1.7911838041655
0.0573955286587355	2.02112277952039
0.0574606968833319	2.2383985657607
0.0575260132631978	2.10837724337487
0.0575914783041385	1.97383504427494
0.0576570925142645	2.34746715039107
0.0577228564040047	1.76520366537587
0.0577887704861193	2.29118519718469
0.0578548352757132	1.9985160151232
0.0579210512902495	2.0060789078077
0.0579874190495632	2.09109729377513
0.0580539390758744	2.43309970463097
0.0581206118938022	2.07099826659017
0.0581874380303787	2.34168591716299
0.0582544180150625	2.33335840165419
0.0583215523797528	2.27817315029056
0.0583888416588039	2.35249787852973
0.0584562863890385	2.13024866162213
0.058523887109763	2.1787810934439
0.058591644362781	2.08166929254899
0.0586595586924083	2.2842154926797
0.0587276306454874	1.98871303646851
0.058795860771402	2.10728455655846
0.0588642496220918	2.11590387311512
0.0589327977520676	2.17813535968589
0.0590015057184262	2.31644339817457
0.0590703740808653	2.37370546347958
0.0591394034016988	2.19766802652117
0.0592085942458723	2.32957954464716
0.0592779471809783	2.01432093233942
0.0593474627772717	2.2392451085586
0.0594171416076856	2.12434236242358
0.0594869842478469	2.2024227928242
0.0595569912760922	2.29874030301492
0.0596271632734839	2.19693539278983
0.0596975008238259	2.34930716617306
0.05976800451368	2.21262225872856
0.0598386749323827	2.0448491385665
0.0599095126720605	2.22860910908436
0.0599805183276475	2.17018734685295
0.0600516924969017	2.2437775585936
0.0601230357804214	2.29023020093079
0.0601945487816627	2.25904106625635
0.0602662321069561	2.05019193550054
0.0603380863655237	2.36074877178173
0.0604101121694967	2.23312959937973
0.0604823101339324	2.02745703746002
0.0605546808768322	2.32011655432023
0.0606272250191586	1.99160430745826
0.0606999431848536	2.16982293332653
0.0607728360008561	2.37799928593651
0.0608459040971202	1.91859020874155
0.0609191481066333	2.25629739351615
0.0609925686654343	2.33461521052961
0.0610661664126319	2.18925619556919
0.0611399419904235	2.13736564305738
0.0612138960441137	2.12174691787158
0.0612880292221328	2.23993339140427
0.0613623421760564	1.87583658159227
0.0614368355606239	2.16199089269049
0.061511510033758	2.21021991748123
0.0615863662565841	2.20934720856694
0.0616614048934496	1.86259113074916
0.0617366266119439	2.20335046025091
0.0618120320829177	2.202271611882
0.0618876219805035	1.99509799958556
0.0619633969821353	2.12804567536934
0.0620393577685689	2.1321947975903
0.0621155050239026	2.03212145591498
0.0621918394355972	1.88018253637717
0.0622683616944971	2.19211775594643
0.0623450724948509	2.19250574982665
0.0624219725343327	2.27115677398243
0.0624990625140629	2.1107072804959
0.0625763431386297	1.76110214789383
0.0626538151161107	2.29965942853421
0.062731479158094	2.15874962120835
0.0628093359797006	2.30615132966897
0.0628873862996062	1.98421697607986
0.0629656308400629	1.95732911404717
0.0630440703269219	2.23780035612366
0.0631227054896561	2.03975920082987
0.0632015370613819	2.05678147773999
0.0632805657788831	2.21483262960789
0.0633597923826329	2.05801416806048
0.0634392176168176	2.11713400751285
0.0635188422293595	2.42486717051593
0.0635986669719409	2.10200369562746
0.0636786926000271	2.1407553475979
0.0637589198728908	2.0813408960283
0.0638393495536359	2.32794749834619
0.0639199824092215	2.23381862919127
0.0640008192104865	2.21963575876774
0.0640818607321743	2.31339210046285
0.0641631077529573	2.26673526421305
0.0642445610554617	2.19845790205309
0.0643262214262931	2.29563183357289
0.0644080896560614	2.33063472414939
0.0644901665394067	2.24166011398696
0.0645724528750245	2.31898651033784
0.0646549494656921	2.05620339003755
0.0647376571182945	2.26686444287642
0.0648205766438505	2.148687284614
0.0649037088575396	2.26089412856201
0.0649870545787286	2.22695249612508
0.0650706146309982	2.07280958340358
0.0651543898421706	2.06175558050056
0.0652383810443366	2.38229803961521
0.0653225890738831	2.17337382245216
0.0654070147715208	2.13759315660153
0.0654916589823126	2.14548486682023
0.0655765225557013	2.20255460624958
0.0656616063455383	2.16904016942661
0.065746911210112	2.18118215584252
0.065832438012177	2.24677549313934
0.065918187618983	2.08516961025351
0.0660041609023039	2.01674460413378
0.0660903587384679	2.27337258903222
0.0661767820083866	2.16188178850737
0.0662634315975855	1.98060190490516
0.0663503083962341	2.19329074206891
0.0664374132991763	2.00699423047013
0.0665247472059613	2.17418489776583
0.0666123110208743	2.19434202076478
0.066700105652968	1.95013115550075
0.0667881320160939	1.9488409073409
0.066876391028934	2.0531405999878
0.0669648836150329	2.10530803070549
0.0670536107028298	2.17172360853318
0.067142573225691	2.12170182981444
0.067231772121943	1.84068201803937
0.0673212083349048	2.20954820862944
0.067410882812922	1.76492322245628
0.0675007965093995	2.09071043900529
0.0675909503828358	1.83457869049912
0.067681345396857	2.05537484014759
0.0677719825202509	2.23831957248732
0.0678628627270019	2.10411659178292
0.0679539869963257	2.06732323432444
0.0680453563127044	2.08460792786496
0.0681369716659224	2.00847752684585
0.0682288340511013	2.1477198892124
0.068320944468737	1.89074789734156
0.0684133039247351	1.86883563542235
0.068505913430448	2.07636422860286
0.0685987740027117	1.81841544320864
0.068691886663883	2.01650175759851
0.0687852524418771	2.02183293192709
0.0688788723702053	2.12068424575234
0.0689727474880132	2.03710054355965
0.0690668788401191	2.12513978297185
0.069161267477053	1.89129379127048
0.0692559144550951	2.23075957022907
0.0693508208363161	1.82538194407049
0.069445987688616	2.11626602293155
0.0695414160857647	2.16719045822959
0.0696371071074424	2.17912168951511
0.0697330618392799	2.20589148375689
0.0698292813729002	2.10051371535633
0.0699257668059595	2.36737556575427
0.070022519242189	2.38877626694266
0.0701195397914371	2.15673382885189
0.0702168295697119	2.34036619492481
0.0703143896992238	2.29909350680345
0.0704122213084287	2.31479860330749
0.0705103255320716	2.31372026714159
0.0706087035112303	2.30749802952272
0.0707073563933598	2.33112612811813
0.0708062853323371	2.3417993759429
0.0709054914885055	2.18646052749328
0.0710049760287208	2.17829964562821
0.0711047401263965	2.17857854108193
0.0712047849615501	2.10958056174765
0.0713051117208497	2.32154559662145
0.0714057215976609	2.08185147753467
0.0715066157920938	2.22440558720917
0.0716077955110512	2.08676549594965
0.0717092619682765	2.27243520382899
0.0718110163844022	2.32710271505397
0.0719130599869988	2.26856527919747
0.0720153940106244	1.97057674442335
0.0721180196968742	1.90447946231571
0.072220938294431	2.18636832676515
0.0723241510591156	2.03794562511754
0.0724276592539379	2.10339383424285
0.0725314641491486	1.94835608074599
0.0726355670222911	2.00833246911047
0.0727399691582538	2.26540077005507
0.0728446718493229	1.82662668314235
0.0729496763952362	1.97858250374841
0.0730549841032362	2.02853670366708
0.0731605962881247	1.79844261740045
0.0732665142723177	2.04528167713754
0.0733727393859002	1.88754205528076
0.0734792729666823	2.0288186939008
0.0735861163602548	1.96450370981798
0.0736932709200464	1.91984421105368
0.0738007380073808	1.85917714143803
0.0739085189915337	2.05375911971672
0.074016615249792	1.88447627603642
0.0741250281675114	2.10814070076464
0.0742337591381765	2.04631461676131
0.0743428095634597	2.11154274091058
0.0744521808532823	2.10051159177497
0.0745618744258743	1.70929255700485
0.0746718917078365	1.91718774227918
0.0747822341342019	1.91337620058804
0.0748929031484984	2.25251902630604
0.0750039002028113	2.02436701345646
0.0751152267578473	2.11398840502337
0.0752268842829982	2.14618868670585
0.075338874256406	2.23465567991116
0.0754511981650276	1.96464352182517
0.0755638575047008	1.9588835384769
0.0756768537802109	2.22335686461879
0.0757901885053576	2.18267448024555
0.0759038632030223	2.29901729079503
0.0760178794052368	2.32457355477727
0.0761322386532519	2.08582903811509
0.0762469424976066	2.47476064875642
0.0763619924981986	2.31976717744587
0.0764773902243548	2.14368982543902
0.0765931372549027	2.46657921936138
0.0767092351782423	2.22892829222514
0.076825685592419	2.1485034132555
0.0769424901051965	2.40024770310863
0.0770596503341314	2.36192089905268
0.0771771679066472	2.15761859909247
0.0772950444601103	2.28970696290076
0.0774132816419055	2.45174037751762
0.077531881109513	2.27709302289306
0.0776508445305859	2.19024547908096
0.0777701735830282	2.26409431474627
0.0778898699550739	2.3467361789025
0.0780099353453663	2.2581809446836
0.0781303714630388	2.24335804829272
0.0782511800277956	2.14148064340844
0.0783723627699935	2.25616378284621
0.0784939214307251	2.10997231524826
0.0786158577619016	2.23268083955213
0.0787381735263371	2.08171396370823
0.0788608704978336	2.13094195245716
0.078983950461267	2.26805534471646
0.0791074152126731	2.2630380183819
0.0792312665593355	2.19190919710931
0.0793555063198733	2.27215148958662
0.0794801363243306	2.1181867046749
0.079605158414266	1.93492029215932
0.0797305744428435	2.10411151029214
0.0798563862749239	2.17478206606581
0.0799825957871575	2.09713447124015
0.0801092048680769	2.06849230924928
0.0802362154181919	2.16457563719143
0.080363629350084	2.10387365742939
0.0804914485885027	1.9843018516802
0.0806196750704623	2.18205150015989
0.08074831074534	2.00543940176954
0.0808773575749741	2.06591189918137
0.0810068175337644	2.08663101588504
0.0811366926087726	2.16138932597078
0.0812669847998239	2.03773978795549
0.0813976961196098	1.89758316606858
0.0815288285937915	1.90136934449732
0.0816603842611049	2.09571696096436
0.081792365173466	2.19721757494905
0.0819247733960776	1.87664761190484
0.0820576110075369	2.06538191134901
0.0821908800999449	1.98152925546418
0.0823245827790152	2.17392126506393
0.082458721164186	2.33697418923134
0.0825932973887311	2.33978098698033
0.0827283135998737	1.8323405341248
0.0828637719589003	1.87118142495667
0.0829996746412762	2.3163519869669
0.0831360238367615	1.97658534531289
0.0832728217495294	2.27290925914408
0.0834100705982845	2.30580335140381
0.0835477726163828	2.05032723140108
0.083685930051953	2.10253204261475
0.0838245451680187	2.22129034148975
0.0839636202426221	2.05329617782009
0.0841031575689486	2.36460762587133
0.084243159455453	2.02061985799571
0.0843836282259869	2.35622718988141
0.0845245662199269	2.10637689379776
0.084665975792305	2.28470445611334
0.0848078593139391	2.10674510052775
0.0849502191715663	2.12652155339716
0.0850930577679758	2.24770906974474
0.0852363775221452	2.19078820930149
0.0853801808693759	2.4193509764846
0.085524470261432	2.29765211059721
0.0856692481666789	2.48055568775897
0.0858145170702245	2.16051561907806
0.0859602794740614	2.1889723142624
0.0861065378972102	2.2593006699652
0.0862532948758651	2.24726668568333
0.0864005529635398	2.21335639118553
0.0865483147312164	2.16009097472516
0.0866965827674944	2.28117945019538
0.0868453596787424	2.22107071051445
0.0869946480892504	2.23705687086687
0.087144450641384	2.33448657817568
0.0872947699957408	2.32068417493491
0.0874456088313077	2.22099079091592
0.0875969698456199	2.15085969932867
0.0877488557549218	2.35966394470656
0.0879012692943294	2.27950892112903
0.0880542132179949	2.30955892565793
0.0882076902992719	2.11464782795287
0.0883617033308836	2.12220198203894
0.088516255125092	2.38911017264674
0.088671348513869	2.43201590442265
0.0888269863490695	2.27704131988227
0.0889831715026062	2.35489819309566
0.0891399068666261	2.30701076276254
0.0892971953536891	2.1621934645628
0.0894550398969486	2.14265559676841
0.0896134434503335	2.2146475753121
0.0897724089887326	2.25543312140484
0.089931939508181	2.2936404338423
0.0900920380260482	2.26887889935031
0.0902527075812283	2.18264613641141
0.0904139512343321	2.12881636108225
0.0905757720678819	2.20443021574929
0.0907381731865077	2.04573553480671
0.0909011577171455	2.07418076756507
0.0910647288092384	2.18926814648813
0.0912288896349393	2.24873996459694
0.0913936433893158	2.46747138678302
0.0915589932905578	2.08120119554026
0.0917249425801868	2.02493972598268
0.0918914945232678	2.37308643947938
0.0920586524086234	2.19977286749176
0.0922264195490505	2.06169022471207
0.0923947992815389	2.21220299126893
0.0925637949674924	1.82769959147671
0.0927334099929531	2.02045388017932
0.0929036477688268	2.25949273096272
0.0930745117311123	1.72664277444653
0.093246005341132	2.18199030385564
0.0934181320857662	2.29214256296035
0.0935908954776888	2.06255962247783
0.0937642990556068	2.07219827925813
0.0939383463845018	2.26855252950067
0.0941130410558739	1.88252835569189
0.0942883866879893	2.12738537159891
0.0944643869261297	2.18793438092068
0.0946410454428452	1.99905932342609
0.0948183659382096	2.33100692413563
0.0949963521400787	2.08786412236506
0.0951750078043515	2.12314851488209
0.0953543367152347	2.25655675357152
0.0955343426855094	2.37133320910525
0.095715029556802	2.23904145232772
0.0958964011998566	2.10428371229315
0.0960784615148123	2.33824222341605
0.0962612144314821	2.33204024092335
0.0964446639096361	2.23002825696895
0.096628813939287	2.22794885258635
0.0968136685409802	2.35936299945149
0.0969992317660853	2.24815943444567
0.0971855076970931	2.35624624172924
0.0973725004479144	2.31294533010196
0.097560214164183	2.24322033014548
0.0977486530235622	2.33762845700313
0.0979378212360545	2.16375621935819
0.0981277230443154	2.32624857417877
0.0983183627239701	2.36503967013201
0.0985097445839351	2.22253965314904
0.0987018729667423	2.34703441397915
0.0988947522488676	2.35635756894103
0.0990883868410631	2.17403843747462
0.0992827811886938	2.25176919261741
0.099477939772077	2.32531481321376
0.0996738671068274	2.39981267736879
0.0998705677442044	2.1795190991796
0.100068046271465	2.22382183798768
0.100266307312222	2.26720207969335
0.100465355526801	2.31063725014929
0.100665195612609	2.41410880232362
0.100865832304503	2.21967767377629
0.101067270375163	2.27032072348285
0.101269514635471	2.42775085508644
0.101472569934896	2.43618058878254
0.101676441161878	2.0565883647563
0.101881133244222	2.41100419485578
0.102086651149497	2.34744149743661
0.102292999885433	2.38126452880535
0.102500184500333	2.01061406105725
0.102708210083482	2.01471867555006
0.102917081765564	2.28307922099208
0.103126804719083	2.32015850982754
0.103337384158793	2.2873774004805
0.103548825342126	2.0843252235716
0.103761133569633	2.0648735211041
0.103974314185425	2.25294717685627
0.104188372577621	2.08278346570721
0.104403314178806	1.9134570885238
0.104619144466485	2.26160383514181
0.104835868963552	2.08956978101215
0.105053493238758	1.81276411613141
0.105272022907193	1.95685627815707
0.105491463630764	2.00869732265517
0.105711821118686	2.05897713066064
0.105933101127977	1.94069295901021
0.106155309463959	1.68130509428587
0.106378451980768	1.88449022477328
0.106602534581863	1.93764986422956
0.106827563220553	1.83644570220317
0.107053543900518	1.993424731683
0.107280482676349	2.06456068006173
0.107508385654082	2.17609080919963
0.107737258991753	2.09834828557628
0.107967108899946	1.98558963345312
0.108197941642359	2.21005631349965
0.108429763536373	2.17261401025997
0.108662580953624	2.06002089734105
0.108896400320592	2.17077623751853
0.10913122811919	2.04372417988734
0.109367070887362	2.19680235987869
0.109603935219691	2.06952431073892
0.109841827768015	2.18307262071712
0.110080755242047	2.17919754656617
0.110320724410006	2.29933756657259
0.110561742099259	1.92968552685498
0.110803815196966	2.22111780260649
0.111046950650736	2.15126848259819
0.111291155469294	2.12938648650776
0.11153643672315	2.18504687175005
0.111782801545286	2.0568528437042
0.112030257131847	2.20917178439099
0.112278810742838	2.24429940464305
0.112528469702836	2.1737189681289
0.112779241401712	2.27202567111834
0.113031133295356	2.28674749506933
0.113284152906419	2.14451540861908
0.113538307825061	2.26449137886731
0.113793605709709	2.15795934477757
0.114050054287827	2.37146133468744
0.114307661356696	2.20209284610067
0.114566434784204	2.34658473382983
0.114826382509646	2.37133414994116
0.11508751254454	2.33624783368179
0.115349832973443	2.28337582101882
0.115613351954792	2.41232029936724
0.115878077721745	2.43011421803188
0.116144018583044	2.45489679077651
0.116411182923877	2.32461397527241
0.116679579206767	2.26079005540056
0.116949215972457	2.29776420126157
0.117220101840825	2.33470581277012
0.117492245511797	2.33639088498524
0.117765655766279	2.3642965162595
0.118040341467101	2.29452933506151
0.118316311559978	2.30592937774508
0.118593575074478	2.12216392377644
0.118872141125007	2.37504633156963
0.119152018911809	2.27377395228502
0.11943321772198	2.02343199961752
0.119715746930489	2.04298131520692
0.11999961600123	2.19841411884783
0.120284834488069	2.15886970941085
0.120571412035922	2.09446288185336
0.120859358381839	1.89690842197418
0.12114868335611	1.95276643517166
0.12143939688338	2.03609556095279
0.121731508983786	1.76802842259042
0.122025029774108	1.84179599265397
0.122319969468937	2.14901325346627
0.122616338381858	1.84237695037506
0.122914146926656	1.94624679516334
0.123213405618532	1.90489978955496
0.123514125075345	1.70819009167395
0.123816316018861	2.09891339211872
0.124119989276034	1.40425735504508
0.124425155780296	1.68335959348072
0.124731826572869	2.05453951900899
0.125040012804098	1.91220468396967
0.125349725734801	1.86893131840078
0.125660976737641	1.79312622487707
0.125973777298519	1.88698369259837
0.126288139017984	1.98552329440745
0.126604073612674	1.7630940186956
0.126921592916761	1.63783148933944
0.127240708883438	2.15272858420134
0.127561433586416	1.85611406708214
0.127883779221445	2.02536277674498
0.12820775810786	2.03030195924502
0.128533382690153	2.01614338779439
0.128860665539566	2.21564686911088
0.129189619355707	1.93082390229339
0.129520256968191	1.98400240497099
0.129852591338314	2.35222419967052
0.130186635560741	2.30531176333287
0.130522402865229	2.18407414541101
0.130859906618372	2.34886288533898
0.131199160325375	2.18249127409037
0.131540177631857	2.26562513506027
0.131882972325678	2.2357928176813
0.1322275583388	2.17504145068106
0.132573949749171	2.4430523125492
0.132922160782647	2.31998919486972
0.133272205814934	2.16315368327006
0.133624099373571	2.33274476852699
0.133977856139938	2.37415729330274
0.134333490951297	2.22074920752972
0.134691018802867	2.18138318530852
0.135050454849933	2.31377358918455
0.135411814409985	2.10847879901507
0.135775112964895	1.99903437059641
0.13614036616313	2.2151153661958
0.136507589821995	2.12683044058695
0.13687679992992	2.06917252882692
0.137248012648778	2.0586037129216
0.137621244316244	1.89486836125306
0.137996511448192	2.09197632337127
0.138373830741131	1.79338516063623
0.138753219074684	1.78825649234317
0.139134693514098	2.13340576491791
0.139518271312812	1.9736379714724
0.139903969915051	2.00650415699174
0.140291806958475	2.01454243507395
0.140681800276863	1.80772590040962
0.141073967902852	2.26714065368805
0.141468328070713	1.88414769981084
0.141864899219177	1.51663271558671
0.142263699994311	2.04917864901076
0.142664749252438	1.87835524613436
0.143068066063111	1.91157771000266
0.143473669712136	1.73051664382292
0.143881579704641	1.65049693890771
0.144291815768211	1.91778723558312
0.144704397856061	1.96140671246135
0.145119346150275	1.09898529936732
0.145536681065097	1.8266837671777
0.145956423250276	1.77384912657474
0.146378593594474	1.54509249690762
0.146803213228732	1.64516825541983
0.147230303529995	1.32423709425589
0.147659886124697	1.59320533235394
0.148091982892415	1.72367110184883
0.148526615969583	1.49232674002667
0.148963807753269	1.45056834263555
0.149403580905028	2.15165731169632
0.149845958354812	1.65134440397887
0.15029096330496	2.04037667697131
0.150738619234249	2.1043148597714
0.151188949902031	2.06522591770198
0.151641979352429	2.23713798337824
0.152097731918623	2.11500374559318
0.1525562322272	2.33063849377133
0.153017505202596	2.35032885233447
0.15348157607161	2.47181141704493
0.153948470368	2.25596371901833
0.154418213937172	2.57925806348105
0.154890832940944	2.2813257263759
0.155366353862409	2.3272612441907
0.155844803510873	2.27682259366455
0.156326209026902	2.23205339737952
0.156810597887449	2.34458865997875
0.157297997911084	2.29043047544114
0.157788437263319	2.13412659965568
0.158281944462033	2.15529954955098
0.158778548383	2.24361707572387
0.159278278265524	1.88125399465104
0.159781163718173	2.17571735085486
0.160287234724628	2.00952176757476
0.160796521649645	1.99155206258212
0.161309055245126	2.19135053060089
0.161824866656311	2.21655129957485
0.162343987428083	2.1453683185974
0.162866449511402	2.17896814361337
0.16339228526986	1.77960039928276
0.163921527486363	2.12347066454224
0.164454209369944	1.97451317241014
0.164990364562711	1.7881495850794
0.165530027146926	1.93991560881502
0.166073231652231	2.23177624005368
0.16662001306301	2.15775137715617
0.167170406825903	2.03881888860315
0.167724448857462	2.10163296703737
0.168282175551967	2.1380802950519
0.168843623789392	2.39749626828041
0.169408830943541	1.86134247187415
0.169977834890332	1.78663140590882
0.170550674016265	2.31516967097786
0.171127387227053	2.11077194738181
0.171708013956429	2.42616493983463
0.172292594175133	1.96783987602533
0.17288116840009	2.31073304472076
0.173473777703764	2.38990006160513
0.174070463723717	2.2915657488249
0.17467126867236	1.91618305374571
0.175276235346908	2.22386239792583
0.175885407139542	2.43878653460771
0.176498828047783	2.17182843203719
0.177116542685088	2.50106162654853
0.177738596291663	2.17011166925
0.17836503474551	2.54486356739023
0.178995904573705	2.32233606697314
0.179631252963917	2.42771707750839
0.180271127776177	2.1820315276378
0.180915577554891	2.3814075707738
0.181564651541122	2.02340333245734
0.182218399685128	2.16692532107772
0.182876872659177	2.36172300584389
0.183540121870642	1.80548992178159
0.184208199475376	2.18152937811618
0.184881158391387	2.10737119962423
0.185559052312809	1.97558557316683
0.186241935724184	1.87644459310975
0.18692986391506	2.23544112177854
0.187622892994913	1.9757270909774
0.188321079908402	2.18739178363025
0.189024482450968	2.08571441236278
0.189733159284783	2.26997824679175
0.190447169955056	2.26280149123409
0.191166574906712	2.19296081071864
0.191891435501452	2.29977342510026
0.192621814035197	2.39112381880262
0.193357773755937	2.38311059467636
0.194099378881989	2.54338968428676
0.194846694620674	2.31058374894296
0.195599787187433	2.43239257215621
0.196358723825383	2.44934699806649
0.197123572825334	2.09470441669737
0.197894403546269	2.41847922548715
0.198671286436315	2.32851300039296
0.199454293054205	2.33437298957488
0.200243496091248	2.39621211924024
0.201038969393829	2.53211640897585
0.201840787986438	2.33281602358827
0.202649028095263	2.47329832743861
0.203463767172343	1.98649725136558
0.204285083920314	2.09652449441344
0.205113058317746	1.8929785704551
0.205947771645112	2.17617518355785
0.206789306511383	2.07759042147716
0.207637746881282	2.32843495272569
0.208493178103214	2.17746235530559
0.209355686937881	2.28811857307943
0.210225361587623	2.06805270638029
0.21110229172648	2.23116260566047
0.211986568531019	1.93778864329534
0.212878284711934	2.04173351757383
0.213777534546451	1.89576106300517
0.214684413911551	1.95228837080922
0.215599020318053	2.22829247830203
0.216521452945559	1.84293646261831
0.217451812678312	2.0736554991071
0.218390202141972	2.02950392991169
0.21933672574136	1.97215634853082
0.220291489699171	1.81909808850333
0.221254602095725	1.93379935838516
0.222226172909742	1.89745735563508
0.223206314060214	2.16701499943084
0.224195139449378	2.00883676433654
0.225192765006847	1.85135877968073
0.226199308734914	1.98182428652222
0.227214890755082	2.19635726475717
0.228239633355854	2.40848066143182
0.229273661041821	2.41374424022325
0.230317100584086	2.48437367393997
0.231370081072078	2.4835552885745
0.232432733966791	2.47778636968262
0.233505193155497	2.39103728437777
0.234587595007977	2.32332878992559
0.235680078434332	2.22486702021476
0.236782784944405	2.44257927164344
0.237895858708893	2.4831972815527
0.239019446622179	2.05090120087632
0.240153698366956	2.25297574880852
0.241298766480707	2.19675102318281
0.242454806424084	2.17841344821583
0.243621976651271	1.69840840382084
0.244800438682388	1.85014526373165
0.245990357178	1.69542233132709
0.247191900015822	1.87260464191934
0.248405238369668	1.4983180613606
0.249630546790751	1.83041958197448
0.25086800329139	1.97301738461699
0.252117789431224	1.93647592488176
0.253380090406018	1.71073241679171
0.254655095139145	1.56858246187838
0.255942996375849	1.84429570248239
0.257243990780377	1.91994109451452
0.258558279036096	1.47469940628291
0.25988606594869	2.12886316894922
0.26122756055255	1.7456198142548
0.262582976220487	2.01214381469895
0.263952530776866	1.5151458207384
0.265336446614308	1.91806891834833
0.266734950814076	1.3001630151027
0.268148275270295	2.39173182997891
0.269576656818134	1.07457475809221
0.271020337366117	1.64606533488773
0.272479564032699	1.43387733976631
0.273954589287281	1.70472866356331
0.275445671095834	1.74325979474189
0.2769530730713	1.13177768118571
0.278477064628959	2.18462547195562
0.280017921146955	1.79372188282819
0.281575924132184	1.31121159329832
0.283151361391747	0.915828923194151
0.284744527210188	1.86797002702249
0.28635572253276	1.2584341613955
0.287985255154937	1.57057246965249
0.289633439918441	1.2916138747365
0.291300598914033	1.40197030678261
0.292987061691357	1.64406847070396
0.294693165476108	1.20458538950002
0.296419255394832	1.87980808554718
0.29816568470768	1.60849502291409
0.29993281504943	1.81294724698291
0.301721016679139	1.74105314147218
0.303530668738771	2.40017760351283
0.305362159521193	2.17324110659905
0.307215886747937	2.45899179573251
0.309092257857127	2.47816189415957
0.310991690302036	2.45555365963968
0.312914611860717	2.19884093159355
0.31486146095718	1.7708065427931
0.316832686994653	2.07875247854475
0.318828750701425	1.99894454529913
0.32085012448985	1.8509235267865
0.322897292829098	1.94883941105917
0.324970752632264	1.88437182133966
0.327071013658487	1.86818049102382
0.329198598930764	1.63052053051635
0.331354045170185	1.6651820968685
0.333537903247326	1.34624251255541
0.335750738651626	1.42975982050886
0.337993131979559	1.59374913468651
0.34026567944251	1.30968991533125
0.342568993395271	1.07977410469421
0.344903702886155	1.51318216782708
0.347270454229755	1.13428646851049
0.349669911603448	1.14801547943024
0.352102757668799	0.831138027920087
0.354569694219097	1.4155817799569
0.357071442854287	1.51624499549053
0.359608745684696	1.50465659082003
0.362182366064962	0.911471526620775
0.364793089359716	1.27021236039887
0.367441723742616	0.979212196812846
0.370129101030441	0.588229536685725
0.372856077554065	1.11782253009448
0.375623535068214	0.750141611668315
0.378432381702039	1.60605172537594
0.381283552952661	0.911899032026347
0.384178012723977	1.49084162714473
0.387116754413132	1.44349478628121
0.39010080204725	1.69692706700327
0.393131211473142	0.837265966231602
0.396209071602904	1.27778592827031
0.399335505718485	1.34500022725321
0.402511672838513	0.99793748953589
0.405738769150871	1.4911214497376
0.409018029514742	0.748111564635485
0.41235072903609	1.49321583636647
0.415738184720791	0.837288738257409
0.419181757209927	1.512205107407
0.422682852602036	1.00861775682238
0.426242924367456	0.971971914346671
0.429863475360226	1.14673416783908
0.433546059933408	1.36164772087026
0.437292286164073	1.38126541415864
0.441103818194651	0.974498734564753
0.444982378697804	1.49768962025356
0.44892975147249	1.59528946887702
0.45294778417944	1.59893479670809
0.457038391224863	2.52171530488345
0.46120355680183	2.55454898034354
0.465445338099494	2.35367248416429
0.469765868691045	1.95939819961425
0.474167362112131	2.00851165050471
0.478652115642351	1.76785262731211
0.483222514303387	1.79004051208778
0.487881035088404	1.80126817310092
0.49263025143848	1.90560615214334
0.497472837983046	1.29352652071959
0.502411575562701	1.55926172908102
0.507449356554216	1.15670277229317
0.51258919051915	1.44306640294828
0.517834210199263	0.811131794950917
0.52318767788381	1.20903187964069
0.528652992175936	0.810047859994629
0.534233695187623	0.592821334596712
0.53993348019524	0.574710424759745
0.54575619979043	0.788274420566234
0.551705874564152	1.08802172537791
0.557786702365016	1.2565996121679
0.564003068176691	1.09009699348654
0.57035955466326	0.982424738104366
0.576860953435784	1.51349847570813
0.58351227709831	0.414887753422119
0.590318772136954	1.048882314134
0.597285932721713	0.919724596871575
0.604419515497316	0.820500724703014
0.611725555446804	1.00155392618243
0.619210382919701	0.98484823224314
0.626880641925777	1.18615412777265
0.634743309805515	0.827889814912696
0.642805718399671	1.06006782062682
0.651075576852961	0.616519744868855
0.659560996200929	0.8002687828351
0.668270515904838	0.585472162451284
0.677213132517066	1.3881160584561
0.68639833067926	0.770751896747101
0.6958361166778	0.992968940160334
0.705537054806118	0.871017810015537
0.715512306811677	1.09184114110725
0.72577367473727	0.488857150179125
0.736333647502356	0.287772661477372
0.747205451610975	1.03533629546807
0.758403106419124	1.20665949507595
0.769941484447182	1.19981092627851
0.781836377282962	0.56448203408054
0.794104567689473	1.30134890471419
0.806763908609784	0.704810794415934
0.819833409851118	0.486670608638449
0.833333333333333	0.89483507271338
