0.00999800639752376	1.87151377223194
0.00999999999999943	1.69385599696488
0.0100019943976823	1.79900443952404
0.0100039895910483	1.61619532772187
0.0100059855805737	1.65710531076388
0.0100079823667351	1.95265176150415
0.0100099799500096	1.58563669182006
0.0100119783308745	1.78648797956009
0.0100139775098076	1.89125508314966
0.0100159774872872	1.84568936287691
0.0100179782637916	1.88079200482509
0.0100199798398	2.06808227389841
0.0100219822157916	1.7738039803612
0.010023985392246	1.76464761253842
0.0100259893696434	1.97101329709599
0.0100279941484643	1.95001222425468
0.0100299997291894	1.94164131041273
0.0100320061123001	1.92384585938443
0.0100340132982779	1.97059137856351
0.0100360212876049	1.82533084821293
0.0100380300807634	2.08809286737746
0.0100400396782362	2.06502506200699
0.0100420500805066	1.99113090270729
0.0100440612880579	1.84416503350255
0.0100460733013742	1.89646131202932
0.0100480861209398	2.16690542186485
0.0100500997472394	2.10974781862538
0.0100521141807582	2.11858680233698
0.0100541294219815	2.09624783541022
0.0100561454713953	1.69282665532397
0.0100581623294859	1.94022499843535
0.0100601799967399	2.02716475675375
0.0100621984736444	2.09794374242946
0.0100642177606868	1.96827474901854
0.010066237858355	1.75044846201281
0.0100682587671371	2.01370232618602
0.0100702804875219	2.0068067237539
0.0100723030199982	2.23976174997673
0.0100743263650556	2.08362372428986
0.0100763505231837	2.33223989512185
0.0100783754948729	1.93662339222393
0.0100804012806136	1.954673819981
0.0100824278808969	1.94891088499821
0.0100844552962142	2.22341352065652
0.0100864835270571	2.44846520318957
0.010088512573918	2.1281842508936
0.0100905424372892	2.0848429086705
0.0100925731176639	2.09308535609891
0.0100946046155353	1.90329651767
0.0100966369313972	1.8674743602819
0.0100986700657438	2.19294894657923
0.0101007040190696	2.21823381019449
0.0101027387918695	2.24502954267298
0.0101047743846389	2.11088528274195
0.0101068107978735	1.96475054636202
0.0101088480320696	1.92096089793885
0.0101108860877235	1.97890585488361
0.0101129249653323	2.22309617379929
0.0101149646653934	2.21661710736581
0.0101170051884044	2.25435239702066
0.0101190465348635	2.29827719907481
0.0101210887052693	2.30454689270072
0.0101231317001207	2.16716266772403
0.0101251755199171	2.25924296598725
0.0101272201651582	2.22233339590237
0.0101292656363442	2.08317252691034
0.0101313119339757	2.34806756635297
0.0101333590585536	2.16171498175218
0.0101354070105794	2.02971929080158
0.0101374557905548	2.03484160560313
0.0101395053989819	2.21313283189372
0.0101415558363634	2.09273978579687
0.0101436071032023	2.26678129578658
0.0101456592000021	2.15348934249581
0.0101477121272664	2.08684780464734
0.0101497658854995	1.81680465085167
0.0101518204752062	2.08894062536813
0.0101538758968913	2.12773851369088
0.0101559321510604	1.92865796132901
0.0101579892382193	2.0176824235188
0.0101600471588743	1.9629616447317
0.0101621059135321	1.98172695893317
0.0101641655026998	1.88429521529765
0.0101662259268848	1.94571335001019
0.0101682871865951	1.8320488682977
0.0101703492823389	2.22959778051464
0.0101724122146251	1.83920815071215
0.0101744759839629	2.01817654424851
0.0101765405908616	2.04099948815116
0.0101786060358314	2.04396823908348
0.0101806723193826	2.05435365878277
0.0101827394420261	1.91033164898427
0.010184807404273	1.89479389601459
0.0101868762066349	1.75749453357168
0.0101889458496241	2.35901842485735
0.0101910163337528	2.14470356965091
0.010193087659534	2.18792385089686
0.010195159827481	2.37652157683959
0.0101972328381076	2.42419044089589
0.0101993066919278	2.37233407838874
0.0102013813894562	2.17860598170982
0.0102034569312078	2.18790844626679
0.0102055333176979	2.09128172797556
0.0102076105494425	2.20087701936096
0.0102096886269577	1.94049344232051
0.0102117675507601	2.2584028801386
0.0102138473213669	1.88296225863205
0.0102159279392956	2.20943529543349
0.010218009405064	1.72553720558557
0.0102200917191906	2.08385381966964
0.010222174882194	1.83319379870886
0.0102242588945935	1.9909393170103
0.0102263437569086	1.96811209121594
0.0102284294696595	1.88261290199186
0.0102305160333665	1.99256110358241
0.0102326034485506	1.88801318608042
0.010234691715733	2.21633527353803
0.0102367808354354	2.30391033799866
0.0102388708081802	2.29762445969663
0.0102409616344897	2.26189044197013
0.0102430533148871	2.04120444360821
0.0102451458498958	1.97870416581398
0.0102472392400396	1.93719193363408
0.0102493334858429	2.22102593997991
0.0102514285878303	1.71513043828574
0.0102535245465271	2.23496401705522
0.0102556213624588	1.9039750117208
0.0102577190361514	2.19021133163289
0.0102598175681313	2.09834972180541
0.0102619169589255	1.98487577819338
0.0102640172090613	1.95793945085962
0.0102661183190663	2.1726403573191
0.0102682202894688	2.39511355182122
0.0102703231207974	2.30219238080163
0.010272426813581	2.31884267780786
0.0102745313683492	2.17810558610132
0.0102766367856319	2.03433077504322
0.0102787430659594	2.10053679509848
0.0102808502098625	2.28748933955126
0.0102829582178723	1.92801161127972
0.0102850670905206	1.86129344913525
0.0102871768283394	1.88096660048384
0.0102892874318612	2.3385893099195
0.0102913989016191	2.08894676465364
0.0102935112381462	2.28878329948164
0.0102956244419766	2.10641455992348
0.0102977385136445	2.01525689251279
0.0102998534536845	1.96937563226731
0.0103019692626319	2.21399383011353
0.0103040859410222	2.26924465058904
0.0103062034893914	1.92532879042329
0.010308321908276	1.89999873195147
0.010310441198213	1.95453396847116
0.0103125613597396	2.10406087794351
0.0103146823933936	2.17547658658997
0.0103168042997134	2.29224638504216
0.0103189270792375	2.27271348807884
0.0103210507325051	2.25300168365082
0.0103231752600558	2.1529619604447
0.0103253006624295	2.26026891166844
0.0103274269401667	2.26993014071702
0.0103295540938084	2.07220884770845
0.0103316821238958	2.0980774314081
0.0103338110309707	2.19157005701871
0.0103359408155755	2.11630738599826
0.0103380714782527	2.08479999305762
0.0103402030195456	2.07705886884351
0.0103423354399976	2.05087056711193
0.0103444687401528	1.9182507006328
0.0103466029205558	2.02060087003028
0.0103487379817514	2.26442820528851
0.0103508739242849	1.97864310473073
0.0103530107487023	1.8739201894609
0.0103551484555498	2.07134739133682
0.0103572870453741	2.15500641510003
0.0103594265187225	1.76495413306246
0.0103615668761425	1.86906551937554
0.0103637081181822	2.00234731022117
0.0103658502453903	1.94975615741662
0.0103679932583156	1.59460218103643
0.0103701371575076	1.59380389070893
0.0103722819435162	1.86952216873493
0.0103744276168918	1.57423033121304
0.0103765741781852	1.8422780761976
0.0103787216279476	1.9617837063801
0.0103808699667309	1.77815941068042
0.0103830191950871	1.87838057278369
0.0103851693135689	1.87819763340754
0.0103873203227294	1.87742039043682
0.0103894722231221	2.13370761827072
0.0103916250153012	2.12598448050842
0.0103937786998209	2.0981392315557
0.0103959332772364	1.94342268350469
0.0103980887481029	2.23587511868941
0.0104002451129763	2.08542531319227
0.010402402372413	2.05231942573079
0.0104045605269697	2.34765604079933
0.0104067195772036	1.87030047633283
0.0104088795236725	2.11604896752168
0.0104110403669345	1.86040728037843
0.0104132021075483	2.15473084593443
0.0104153647460729	1.87081098705001
0.0104175282830679	2.02637380043089
0.0104196927190933	2.28457969439774
0.0104218580547097	2.08213432433533
0.0104240242904779	1.92860408119468
0.0104261914269593	1.92298230990956
0.010428359464716	2.25453510060815
0.0104305284043101	2.14277664308705
0.0104326982463047	1.9259911318875
0.0104348689912628	1.76760517828902
0.0104370406397483	1.99856603048508
0.0104392131923255	2.22090024405868
0.010441386649559	2.22364867458649
0.010443561012014	2.08808057200308
0.0104457362802561	2.27979980680557
0.0104479124548515	2.23738832051085
0.0104500895363667	2.15615090596361
0.0104522675253687	2.3564028116796
0.0104544464224252	2.05039139258538
0.0104566262281041	2.11018637765934
0.0104588069429739	2.24438655401048
0.0104609885676035	2.23789712786599
0.0104631711025624	2.13139359645505
0.0104653545484205	2.09553342662328
0.0104675389057481	2.23491636380268
0.0104697241751161	2.02006132240353
0.0104719103570958	2.1966198930844
0.0104740974522591	2.01194822563544
0.0104762854611782	2.35004456546553
0.0104784743844258	2.04813167041442
0.0104806642225753	2.11773864715138
0.0104828549762003	2.21258998812172
0.010485046645875	2.33352592089376
0.0104872392321742	2.09861136620061
0.0104894327356729	2.12632747435826
0.0104916271569469	2.19945159331453
0.0104938224965722	1.92638773231392
0.0104960187551255	2.07689502830203
0.0104982159331838	2.03412068528758
0.0105004140313248	2.34678134623355
0.0105026130501264	2.00914750001125
0.0105048129901672	2.23112353322606
0.0105070138520263	2.2429669507207
0.0105092156362831	1.95738242751929
0.0105114183435177	2.24382149835245
0.0105136219743105	1.93184492585126
0.0105158265292426	2.21107797772818
0.0105180320088952	2.24976826531634
0.0105202384138505	1.99267669836393
0.0105224457446909	2.34770358109713
0.0105246540019992	2.1147813131845
0.0105268631863589	2.10582386865082
0.0105290732983539	2.28676365632806
0.0105312843385685	1.93404627928458
0.0105334963075877	2.09684276026712
0.0105357092059969	2.11966053377577
0.0105379230343818	1.79973320666498
0.0105401377933289	1.99580950816524
0.010542353483425	2.13975742807789
0.0105445701052575	2.44570296461949
0.0105467876594142	2.3476404075806
0.0105490061464834	2.30489773955239
0.010551225567054	2.2330164711353
0.0105534459217153	1.88254794840893
0.0105556672110571	2.14076166146005
0.0105578894356698	2.12641979919325
0.0105601125961441	1.75383999283362
0.0105623366930713	1.73778192757838
0.0105645617270434	1.98523672637366
0.0105667876986525	1.88393009034949
0.0105690146084915	1.97951534136379
0.0105712424571538	2.08150082997976
0.010573471245233	1.74368379592596
0.0105757009733236	2.05147164358877
0.0105779316420203	1.94145191944917
0.0105801632519185	1.8893648345979
0.010582395803614	2.19508012284349
0.010584629297703	1.74686448200691
0.0105868637347825	1.9497897648886
0.0105890991154497	2.07735432248309
0.0105913354403025	2.20136102758038
0.0105935727099392	1.70339612684386
0.0105958109249587	2.089748264087
0.0105980500859603	2.19177446276486
0.0106002901935439	2.1937896923159
0.0106025312483098	2.02665896407276
0.0106047732508588	1.88638016557468
0.0106070162017925	2.06579929769987
0.0106092601017126	1.85375381046104
0.0106115049512216	1.94379301554874
0.0106137507509224	1.81564443359708
0.0106159975014184	1.77015533275525
0.0106182452033134	2.17026274509356
0.0106204938572121	1.79404807315705
0.0106227434637193	1.74856003834926
0.0106249940234404	1.9779890915731
0.0106272455369815	2.09691973136069
0.0106294980049491	1.8387190906134
0.0106317514279501	1.98988128373754
0.0106340058065921	1.87592290342505
0.0106362611414831	1.84941526735523
0.0106385174332317	1.72316967428019
0.0106407746824469	1.92921804155259
0.0106430328897384	2.21427066006826
0.0106452920557161	1.7333702693242
0.0106475521809909	2.03367226690037
0.0106498132661737	1.84446250031187
0.0106520753118763	1.84294261125193
0.0106543383187109	1.8269399106364
0.01065660228729	1.70732790720617
0.0106588672182271	1.78597332805116
0.0106611331121357	1.69357691313735
0.0106633999696302	1.65036279358417
0.0106656677913253	1.83651319494442
0.0106679365778364	1.5782188260792
0.0106702063297793	1.86027865752997
0.0106724770477704	1.48775558779375
0.0106747487324265	1.86977323833188
0.0106770213843651	1.526534786333
0.010679295004204	1.65012248101925
0.0106815695925618	1.81500068162758
0.0106838451500574	1.86183761798382
0.0106861216773103	1.90247042015669
0.0106883991749406	1.55712076262209
0.0106906776435689	1.70848203942646
0.0106929570838163	1.63457972403958
0.0106952374963043	1.99598153282599
0.0106975188816553	1.76899916551098
0.0106998012404917	2.34301630559842
0.0107020845734369	1.77958176734489
0.0107043688811147	2.41060981274047
0.0107066541641493	1.7620123102894
0.0107089404231655	1.9533305349754
0.0107112276587887	1.78765594565134
0.0107135158716448	1.96695875043031
0.0107158050623602	1.79778806243746
0.0107180952315619	2.06300437814556
0.0107203863798773	1.97837139953036
0.0107226785079346	1.80388744888233
0.0107249716163622	1.91620162249665
0.0107272657057893	1.73222623935234
0.0107295607768455	1.96175717007675
0.0107318568301611	2.03498122256716
0.0107341538663666	1.89833362198856
0.0107364518860935	1.92289764068092
0.0107387508899735	2.05985203698401
0.010741050878639	1.7549415087653
0.0107433518527228	2.02453587406264
0.0107456538128584	1.96464234067664
0.0107479567596798	2.18337867890937
0.0107502606938214	2.00400265565803
0.0107525656159183	2.06026436523691
0.0107548715266063	1.94877823189423
0.0107571784265213	2.11453729641462
0.0107594863163001	1.93742107860983
0.0107617951965799	2.05032763202289
0.0107641050679986	2.06293612186408
0.0107664159311944	2.17338024950131
0.0107687277868063	2.17886362355058
0.0107710406354737	2.18499111848802
0.0107733544778366	2.05030121641201
0.0107756693145355	2.07230777483724
0.0107779851462116	2.06549350209551
0.0107803019735063	1.90951533425318
0.010782619797062	2.04797325251228
0.0107849386175214	2.01886136083085
0.0107872584355278	1.81106809047514
0.010789579251725	2.21760095362969
0.0107919010667574	1.97287263536584
0.01079422388127	2.10199111445924
0.0107965476959083	2.02374534611158
0.0107988725113184	2.14208719367495
0.0108011983281469	1.93130922471944
0.010803525147041	2.15223891842691
0.0108058529686483	2.32417974937985
0.0108081817936173	1.91828321739079
0.0108105116225968	2.13140801788075
0.0108128424562362	2.16765873067094
0.0108151742951855	1.86943078342933
0.0108175071400952	1.990379789923
0.0108198409916164	1.98828919231394
0.0108221758504007	2.32042261042178
0.0108245117171005	2.11828045958039
0.0108268485923685	1.92355033400338
0.010829186476858	2.27582169836919
0.010831525371223	2.09211333997422
0.010833865276118	1.97108363970944
0.0108362061921979	2.28810430108558
0.0108385481201184	1.98551080605657
0.0108408910605358	1.84131357101233
0.0108432350141066	1.78180119460601
0.0108455799814883	2.14092009981161
0.0108479259633388	2.26137910645088
0.0108502729603164	2.37446777402562
0.0108526209730803	2.16879312491218
0.01085497000229	2.02467053887016
0.0108573200486056	1.99589787954962
0.010859671112688	2.01749096232157
0.0108620231951984	2.06204845330191
0.0108643762967987	2.35205103140814
0.0108667304181514	1.95039154141081
0.0108690855599194	2.23619401367173
0.0108714417227665	2.2327080666291
0.0108737989073568	2.12341244838138
0.010876157114355	2.00594236208818
0.0108785163444265	2.19588312792532
0.0108808765982371	2.04957212976358
0.0108832378764535	1.81335387572729
0.0108856001797426	2.00617951267788
0.0108879635087721	2.2057255870349
0.0108903278642103	2.36365821939078
0.0108926932467258	2.45310315088456
0.0108950596569882	2.25956037803596
0.0108974270956674	2.35825085759984
0.010899795563434	2.09432981050423
0.010902165060959	2.0586972144525
0.0109045355889143	2.22022463623339
0.0109069071479721	2.13117120366086
0.0109092797388053	1.93523704576724
0.0109116533620873	1.93596179762955
0.0109140280184923	2.17867333533487
0.0109164037086949	2.11776544371648
0.0109187804333704	2.24649391061034
0.0109211581931944	2.25481695988077
0.0109235369888436	2.22070079920982
0.0109259168209948	2.11041449477096
0.0109282976903257	1.91055938268487
0.0109306795975145	2.11920911947887
0.0109330625432399	2.062396135319
0.0109354465281812	2.08766469413402
0.0109378315530185	2.11150118978907
0.0109402176184324	2.0434538267699
0.0109426047251039	2.16516882967025
0.0109449928737147	2.28730730561115
0.0109473820649474	2.04703299383925
0.0109497722994846	1.90287736131649
0.0109521635780101	1.94907889408413
0.0109545559012079	1.94770764572735
0.0109569492697628	1.98197165731024
0.01095934368436	2.07042804455418
0.0109617391456855	2.21295758473477
0.0109641356544258	2.27950073881145
0.0109665332112681	2.07006539558798
0.0109689318169001	2.1148991355036
0.01097133147201	2.01782251689692
0.0109737321772868	2.12441193127368
0.0109761339334201	2.14626748921591
0.0109785367411	2.01187979298164
0.0109809406010172	2.04867635941065
0.0109833455138631	2.12388072149295
0.0109857514803296	2.19753605905591
0.0109881585011093	2.10236314678217
0.0109905665768953	2.05212265784275
0.0109929757083815	2.14234939167199
0.0109953858962621	2.23216438283932
0.0109977971412322	1.9609893400482
0.0110002094439874	2.15988306310959
0.0110026228052239	2.11612126030973
0.0110050372256385	2.20279884495729
0.0110074527059287	2.10751120106123
0.0110098692467924	2.28444595613522
0.0110122868489284	2.23808030459632
0.011014705513036	2.1484664428564
0.0110171252398149	1.99170737449859
0.0110195460299657	2.00365798804021
0.0110219678841896	2.14423414195848
0.0110243908031882	2.34614707450761
0.011026814787664	2.19081120544928
0.0110292398383198	1.99588415682512
0.0110316659558593	2.11725649015271
0.0110340931409866	2.35584140178767
0.0110365213944067	2.41394944253801
0.0110389507168249	2.1379879538995
0.0110413811089474	1.97899882443356
0.0110438125714807	1.9487821040882
0.0110462451051323	2.10412920219035
0.01104867871061	2.14326567506118
0.0110511133886224	2.12436289210682
0.0110535491398787	1.99041236991485
0.0110559859650888	2.11705248189268
0.011058423864963	1.98057556649597
0.0110608628402124	2.20389536176862
0.0110633028915487	1.99761188149154
0.0110657440196843	2.21515317220848
0.011068186225332	1.93895374396951
0.0110706295092054	2.08655575356497
0.0110730738720188	1.78742952329431
0.011075519314487	1.75305895274174
0.0110779658373255	1.79947240927153
0.0110804134412503	1.58868087506595
0.0110828621269782	1.82748674057314
0.0110853118952266	1.71849141005008
0.0110877627467134	2.2436085560447
0.0110902146821574	2.04157474845145
0.0110926677022778	1.50280140089894
0.0110951218077944	1.82494996580639
0.0110975769994279	1.49130844194911
0.0111000332778994	1.50398127892289
0.0111024906439308	1.46582287063976
0.0111049490982445	1.48051868427627
0.0111074086415636	1.34787288437283
0.0111098692746118	1.42680955553886
0.0111123309981136	1.38956169009612
0.0111147938127941	1.51075324860483
0.0111172577193787	1.38849335790277
0.0111197227185939	1.43384178260378
0.0111221888111667	1.39159413480512
0.0111246559978245	1.72359218099623
0.0111271242792958	1.52695366046571
0.0111295936563093	1.76224701563994
0.0111320641295947	1.56357019022246
0.011134535699882	1.65335657544505
0.0111370083679022	1.6238167057442
0.0111394821343868	1.88940258185517
0.0111419570000678	1.65470413291822
0.0111444329656781	1.70163226899167
0.0111469100319511	1.67159704493806
0.011149388199621	1.54828005068925
0.0111518674694223	1.65361330789698
0.0111543478420907	1.71539642034967
0.011156829318362	1.84335979036435
0.0111593118989731	1.45938116094655
0.0111617955846612	1.6476465463559
0.0111642803761644	2.09705771798638
0.0111667662742215	2.11388926469374
0.0111692532795716	1.87733149076718
0.0111717413929549	1.89240971111496
0.011174230615112	1.79936339390921
0.0111767209467841	1.73833968667938
0.0111792123887134	1.64001205624008
0.0111817049416423	1.92139861583209
0.0111841986063143	1.8916964481941
0.0111866933834732	1.79809992754513
0.0111891892738638	1.90179584260705
0.0111916862782312	2.17381395287616
0.0111941843973216	1.97290169143529
0.0111966836318814	1.90237689270676
0.0111991839826579	1.87180645832319
0.0112016854503993	2.18519834884254
0.011204188035854	2.11973255956611
0.0112066917397713	2.30564417480349
0.0112091965629013	2.27858814757562
0.0112117025059946	2.13861052756413
0.0112142095698024	2.32673411408349
0.0112167177550768	2.25553119146326
0.0112192270625704	2.06178789157534
0.0112217374930366	2.0084585290444
0.0112242490472293	2.18252057480985
0.0112267617259032	2.18328410389123
0.0112292755298137	2.05148963337554
0.0112317904597168	2.22151881784009
0.0112343065163693	2.18025406009749
0.0112368237005284	2.18554448717947
0.0112393420129523	2.30603480460935
0.0112418614543997	2.16148968369873
0.0112443820256301	2.2023445330599
0.0112469037274035	2.04870885452198
0.0112494265604807	1.98372052794398
0.0112519505256233	2.12308613668831
0.0112544756235933	2.13052987654613
0.0112570018551536	2.02292766287419
0.0112595292210677	2.03108537318094
0.0112620577220998	2.10825334278222
0.0112645873590149	2.1963215316386
0.0112671181325785	2.22132321598749
0.0112696500435569	2.3209428276462
0.011272183092717	2.18717958432098
0.0112747172808265	2.29642493868702
0.0112772526086537	2.04024733139205
0.0112797890769678	1.96940631036063
0.0112823266865383	1.99598744234638
0.0112848654381357	1.95619565287744
0.0112874053325311	1.9520926375532
0.0112899463704964	2.03825187368817
0.011292488552804	2.00216761452427
0.0112950318802272	2.53288498300668
0.0112975763535397	2.01691528216672
0.0113001219735163	2.06408693268222
0.0113026687409321	1.92392813411973
0.0113052166565632	2.03712089484889
0.0113077657211864	2.04405669246585
0.0113103159355788	1.97840419148926
0.0113128673005188	1.98881701363909
0.0113154198167849	1.94973238236381
0.0113179734851568	2.13455643973726
0.0113205283064147	2.10170838761606
0.0113230842813394	2.29183934906978
0.0113256414107125	2.14741192321947
0.0113281996953164	2.02016855144876
0.0113307591359341	2.06647763064503
0.0113333197333493	2.05861140452941
0.0113358814883465	1.90958904214992
0.0113384444017108	1.68569342424305
0.011341008474228	1.77778107499993
0.0113435737066848	1.95498263613145
0.0113461400998684	2.07429772927709
0.0113487076545668	2.27385851942052
0.0113512763715687	2.07761454448004
0.0113538462516636	2.07071149016856
0.0113564172956415	2.00770517833004
0.0113589895042934	2.14047303215267
0.0113615628784107	2.00343523640437
0.0113641374187859	2.0364367819435
0.0113667131262118	2.1196792707729
0.0113692900014822	2.17684108044331
0.0113718680453916	2.08577596759076
0.0113744472587351	2.02702501446672
0.0113770276423087	2.23595181008462
0.0113796091969088	2.06798009413458
0.0113821919233329	2.20471642812641
0.011384775822379	2.15935829703163
0.0113873608948458	1.99399111793211
0.011389947141533	2.13294354279908
0.0113925345632407	2.08871036710236
0.0113951231607698	2.1279969809839
0.0113977129349222	1.76850502680786
0.0114003038865001	1.79295031155912
0.0114028960163067	2.08570417775375
0.011405489325146	2.04356677726037
0.0114080838138225	1.96934514149849
0.0114106794831416	2.06160003235021
0.0114132763339092	2.19153747868452
0.0114158743669324	1.94800817327843
0.0114184735830185	1.98184790425066
0.0114210739829759	2.04342896827483
0.0114236755676136	1.94995747809237
0.0114262783377413	1.94219141832897
0.0114288822941695	1.97677404579467
0.0114314874377095	1.79907400043061
0.0114340937691732	1.96190985919055
0.0114367012893734	2.02540561263426
0.0114393099991235	1.95444330065063
0.0114419198992376	1.90818694001906
0.0114445309905307	1.87320078011186
0.0114471432738186	1.79922366754897
0.0114497567499176	1.98015489805409
0.0114523714196448	1.87002100616237
0.0114549872838183	1.81041238657878
0.0114576043432567	1.84291890005239
0.0114602225987794	2.11133120175889
0.0114628420512065	2.18196248609099
0.011465462701359	1.96895315497493
0.0114680845500586	2.16011222227865
0.0114707075981276	2.14107764799837
0.0114733318463892	2.14454760221539
0.0114759572956674	2.03811149754725
0.0114785839467868	1.9889334840413
0.0114812118005729	1.75319025577921
0.0114838408578518	2.17985797487854
0.0114864711194505	2.04406144285415
0.0114891025861967	1.93086450525008
0.0114917352589189	2.09648542834803
0.0114943691384462	2.10026735906151
0.0114970042256086	2.0752537006709
0.011499640521237	2.2091820578459
0.0115022780261628	2.0680174231246
0.0115049167412182	1.88655769622152
0.0115075566672364	2.08599761825203
0.011510197805051	2.18754516819956
0.0115128401554967	2.15915797655685
0.0115154837194088	2.13661064292701
0.0115181284976234	1.99339312959153
0.0115207744909773	2.238400604328
0.0115234217003082	2.01082221401947
0.0115260701264545	1.8795869977719
0.0115287197702554	2.01200727194176
0.0115313706325508	2.11162487524489
0.0115340227141813	2.10725458892813
0.0115366760159886	2.09197493856102
0.0115393305388149	2.20861360447818
0.0115419862835032	2.40896556960804
0.0115446432508974	2.23358860942274
0.011547301441842	2.28178782832504
0.0115499608571824	2.10901777591032
0.0115526214977648	2.20995181646112
0.011555283364436	2.03157016278848
0.0115579464580439	1.98147072039355
0.0115606107794369	1.93821844528068
0.0115632763294643	1.89631277959933
0.0115659431089761	1.81088360220399
0.0115686111188232	2.16048519505558
0.0115712803598573	2.20715120015976
0.0115739508329307	2.46662078785152
0.0115766225388966	2.46017022923909
0.0115792954786091	2.03723080438673
0.0115819696529228	2.07948097515167
0.0115846450626935	2.13916839915289
0.0115873217087774	1.82843395399566
0.0115899995920318	2.02009568204868
0.0115926787133144	1.87991645992068
0.0115953590734842	2.16384474818506
0.0115980406734005	1.87904132215363
0.0116007235139239	2.00307670673662
0.0116034075959152	1.9345916736861
0.0116060929202366	2.12844000637129
0.0116087794877507	1.98734873367388
0.0116114672993211	2.37873638318802
0.011614156355812	2.43562582217389
0.0116168466580885	2.30437957540031
0.0116195382070167	2.24097133922676
0.0116222310034632	2.14024148568213
0.0116249250482955	2.03150377734144
0.011627620342382	2.00305056515231
0.0116303168865918	2.1368102861767
0.0116330146817949	2.03516425324572
0.011635713728862	2.30736609242911
0.0116384140286647	2.05674352178916
0.0116411155820753	1.90902264872793
0.0116438183899671	2.43487729559051
0.0116465224532139	1.93306865919285
0.0116492277726907	2.12660571682273
0.011651934349273	2.41272835511358
0.0116546421838373	2.27880969839773
0.0116573512772608	2.49121573019037
0.0116600616304215	2.38588692361641
0.0116627732441984	2.33220991988171
0.0116654861194711	2.21554531431553
0.0116682002571202	1.79390206989321
0.011670915658027	1.64753929004405
0.0116736323230736	1.95863536335037
0.011676350253143	2.15153044819887
0.0116790694491191	1.84853599012643
0.0116817899118864	2.03827110565385
0.0116845116423303	2.00715425126069
0.0116872346413372	1.82790579807851
0.0116899589097942	2.20203237052332
0.0116926844485891	2.0475903744126
0.0116954112586108	2.08205628249789
0.0116981393407488	1.91063846274643
0.0117008686958935	2.14270969111672
0.0117035993249362	2.07776658992952
0.0117063312287689	2.1643282421193
0.0117090644082845	2.0349521715697
0.0117117988643769	2.22338251409799
0.0117145345979405	2.29374015092563
0.0117172716098709	2.13633479981499
0.0117200099010641	2.16640174865598
0.0117227494724174	2.27162956092661
0.0117254903248287	2.34048333962097
0.0117282324591967	1.88420619512211
0.011730975876421	2.09074304504571
0.0117337205774021	2.10599872424715
0.0117364665630413	2.15289176373271
0.0117392138342407	1.85638962330872
0.0117419623919033	2.34185857977158
0.0117447122369329	2.23963784387291
0.0117474633702342	2.22442893852282
0.0117502157927128	1.98542389589609
0.011752969505275	2.03491504026091
0.011755724508828	2.05612677304859
0.0117584808042799	2.21252608589358
0.0117612383925396	2.05906866828035
0.0117639972745169	2.16919126013725
0.0117667574511224	2.07109914351886
0.0117695189232677	2.10516264982827
0.011772281691865	2.11956726833895
0.0117750457578276	1.91950309736931
0.0117778111220695	2.14437318381711
0.0117805777855056	2.15085845817972
0.0117833457490518	1.93376440543913
0.0117861150136245	1.99195580390139
0.0117888855801414	2.13417588883002
0.0117916574495209	2.21726929952033
0.011794430622682	2.27656332262152
0.011797205100545	2.13468309458855
0.0117999808840308	2.07723669823629
0.0118027579740611	2.09406832175939
0.0118055363715587	1.84328779484286
0.0118083160774472	2.14545520554202
0.011811097092651	2.24736784054818
0.0118138794180953	1.8423580348881
0.0118166630547064	2.02619673909573
0.0118194480034114	1.96784964049819
0.011822234265138	1.85529123392334
0.0118250218408151	1.96042132550412
0.0118278107313725	2.11281187051056
0.0118306009377405	1.65115799660349
0.0118333924608508	1.70527159499345
0.0118361853016355	2.0742591223378
0.0118389794610279	1.75795305690245
0.011841774939962	1.87409335556947
0.0118445717393728	1.99472161842249
0.0118473698601961	1.90810847326487
0.0118501693033686	1.77874362361479
0.011852970069828	2.07759457931897
0.0118557721605127	1.76566094964056
0.0118585755763621	1.88470504839401
0.0118613803183165	2.01333278581057
0.0118641863873171	1.92760549281947
0.0118669937843058	1.83871258615234
0.0118698025102256	2.10475298649239
0.0118726125660204	1.85338565428371
0.0118754239526349	2.09019192383373
0.0118782366710147	2.12306011561465
0.0118810507221063	2.11101367488825
0.0118838661068571	2.210912419243
0.0118866828262155	2.29509662965236
0.0118895008811307	1.97926976751103
0.0118923202725528	1.95947101686958
0.0118951410014327	1.84237955033756
0.0118979630687224	1.93673638803953
0.0119007864753748	2.20319198637809
0.0119036112223436	1.77723976806155
0.0119064373105833	2.13147237846966
0.0119092647410495	2.14590025251666
0.0119120935146987	1.99627610830696
0.0119149236324883	2.08739230477662
0.0119177550953764	2.36399684573837
0.0119205879043223	2.15924572429703
0.0119234220602861	1.90697132972116
0.0119262575642287	2.02742813548349
0.0119290944171121	2.26809920377861
0.011931932619899	2.13918077159937
0.0119347721735534	2.28273997104293
0.0119376130790397	2.24867657245444
0.0119404553373237	2.23631691794269
0.0119432989493717	2.00415299274774
0.0119461439161513	1.85173643428005
0.0119489902386307	1.8621649075181
0.0119518379177793	1.93572634705875
0.0119546869545672	2.13679928130097
0.0119575373499656	2.1028164382983
0.0119603891049465	2.14566297673908
0.0119632422204829	2.25917858028628
0.0119660966975486	2.23242782865887
0.0119689525371185	2.19449255675982
0.0119718097401685	2.23747587925304
0.011974668307675	2.11736268548637
0.0119775282406159	2.30169723351847
0.0119803895399696	2.1119785735688
0.0119832522067157	2.22164542466103
0.0119861162418346	2.20181896530147
0.0119889816463076	1.92867522556509
0.0119918484211171	2.15675186745742
0.0119947165672463	1.85092300853738
0.0119975860856794	2.22111010327588
0.0120004569774015	1.78215313044036
0.0120033292433988	2.31561443066703
0.0120062028846582	2.02540624302867
0.0120090779021676	2.30336090488934
0.0120119542969161	2.20121966741197
0.0120148320698935	2.40926160655356
0.0120177112220905	2.2539932589759
0.012020591754499	2.05090770170561
0.0120234736681116	2.05613007753069
0.012026356963922	2.09811657122651
0.0120292416429248	1.81014747633072
0.0120321277061156	2.06687362981685
0.0120350151544909	2.00377240364087
0.0120379039890482	2.25002694721253
0.012040794210786	2.0148974667815
0.0120436858207036	2.05570190705209
0.0120465788198013	2.02679114449308
0.0120494732090806	1.95402151084954
0.0120523689895437	2.04251057351301
0.0120552661621938	2.28419983853784
0.0120581647280352	2.14797791427402
0.012061064688073	1.99460180607745
0.0120639660433133	2.18324998509967
0.0120668687947634	2.16628927762689
0.0120697729434312	2.09333389792935
0.0120726784903259	2.1120162090484
0.0120755854364574	1.91851930368155
0.0120784937828367	2.22880723592093
0.0120814035304759	2.19913574322857
0.0120843146803879	2.03175211625134
0.0120872272335865	2.0390966415466
0.0120901411910867	1.9657693803783
0.0120930565539044	1.97729624798638
0.0120959733230564	2.07313534190552
0.0120988914995607	2.18816667546274
0.0121018110844359	2.05087112972425
0.0121047320787019	2.16100216615835
0.0121076544833796	2.22364992161605
0.0121105782994906	2.12237164300942
0.0121135035280578	2.18168456217356
0.0121164301701048	2.09594915260783
0.0121193582266566	1.90260920252187
0.0121222876987387	2.01566807413098
0.0121252185873779	2.12505158637637
0.012128150893602	2.280056681357
0.0121310846184396	1.82112836936163
0.0121340197629205	2.08545400499898
0.0121369563280754	1.89703411057915
0.0121398943149359	2.12424126444224
0.0121428337245348	1.92305206840443
0.0121457745579058	1.78926484082784
0.0121487168160836	2.08445121349821
0.0121516605001039	1.88166448968257
0.0121546056110034	2.1899119151412
0.0121575521498198	2.03739741133603
0.0121605001175919	1.7632490897293
0.0121634495153594	2.00083595433678
0.012166400344163	1.90703552207313
0.0121693526050445	2.06071213799849
0.0121723062990467	2.16578017693534
0.0121752614272132	1.87275779056825
0.012178217990589	1.92244130607285
0.0121811759902199	1.75947559098013
0.0121841354271525	2.15056319810466
0.0121870963024349	1.858180077284
0.0121900586171157	1.90792403113213
0.012193022372245	1.31038588427762
0.0121959875688737	1.59572388697744
0.0121989542080535	1.89604059254552
0.0122019222908376	1.54313748142368
0.0122048918182798	1.5701243981099
0.0122078627914351	1.55444770854128
0.0122108352113597	1.71974489218029
0.0122138090791104	1.75745367891567
0.0122167843957455	1.66927395178303
0.012219761162324	1.65669596412899
0.0122227393799061	1.5841120726007
0.0122257190495529	1.81661878632669
0.0122287001723267	1.71181160504922
0.0122316827492908	1.60658371657694
0.0122346667815093	1.75889933679316
0.0122376522700477	1.81653295389217
0.0122406392159723	1.86988588151747
0.0122436276203505	1.57652037418088
0.0122466174842507	1.69555970505935
0.0122496088087426	1.68140504089723
0.0122526015948965	1.6071862007046
0.0122555958437842	1.70829830602818
0.0122585915564782	1.70810570486217
0.0122615887340522	1.75575318625503
0.0122645873775809	1.91458058929493
0.0122675874881402	1.95288294723965
0.0122705890668069	1.85741650550013
0.0122735921146588	1.88076336101268
0.012276596632775	1.67305247262544
0.0122796026222354	1.83722218703043
0.012282610084121	1.93111656221898
0.0122856190195141	1.89349565564478
0.0122886294294978	1.72380225515704
0.0122916413151564	1.62122082232655
0.012294654677575	2.04484414513338
0.0122976695178403	2.11108249407808
0.0123006858370394	2.19076578688765
0.0123037036362611	1.79281329388406
0.0123067229165948	1.74469306688326
0.0123097436791312	2.11902384387534
0.012312765924962	2.14168969126885
0.01231578965518	2.21648794807185
0.012318814870879	1.88523351234387
0.0123218415731541	2.07167773621839
0.0123248697631011	1.91638697558668
0.0123278994418173	2.12808674101635
0.0123309306104007	2.1564437643416
0.0123339632699507	2.14186069483149
0.0123369974215675	2.2151492009392
0.0123400330663525	2.18071441791496
0.0123430702054084	2.03372510380443
0.0123461088398385	2.11265414559651
0.0123491489707477	2.2116114018127
0.0123521905992417	2.28970766638254
0.0123552337264274	2.21060921509484
0.0123582783534126	2.22666858556949
0.0123613244813064	1.99768453625723
0.0123643721112189	2.26578166177238
0.0123674212442614	2.10242661396672
0.0123704718815462	1.87852877393243
0.0123735240241867	2.07895281643148
0.0123765776732974	2.29008481098083
0.0123796328299939	2.18451016292328
0.0123826894953929	2.2594890774275
0.0123857476706124	2.11830622051483
0.0123888073567711	2.08011410892203
0.0123918685549891	2.3288638177186
0.0123949312663876	2.19370712147387
0.0123979954920888	1.89884937170332
0.012401061233216	2.17190741298841
0.0124041284908938	2.02567502112705
0.0124071972662477	1.84826094375086
0.0124102675604044	2.1490241154905
0.0124133393744918	2.31185172218912
0.0124164127096386	2.32524595367158
0.0124194875669751	2.3568985572499
0.0124225639476324	2.23367561886292
0.0124256418527427	1.93424006052811
0.0124287212834394	2.20071778211469
0.0124318022408572	2.19373757655074
0.0124348847261316	1.96170118115993
0.0124379687403994	1.86751526683854
0.0124410542847986	2.13727572493128
0.0124441413604681	2.2751571502504
0.0124472299685483	2.17874733455966
0.0124503201101803	1.99055311464407
0.0124534117865066	2.29039531295417
0.0124565049986708	2.14973338833295
0.0124595997478176	2.29155870920668
0.0124626960350929	2.21891617814927
0.0124657938616436	2.14521396845779
0.0124688932286179	2.24070172294122
0.0124719941371649	2.02038623100992
0.0124750965884353	2.13023986947563
0.0124782005835804	2.21660199733519
0.0124813061237531	2.18180595639397
0.0124844132101071	2.13019042859731
0.0124875218437975	2.17558628710182
0.0124906320259805	2.03757685954614
0.0124937437578132	2.37672604491242
0.0124968570404543	1.94823864461515
0.0124999718750632	2.30239710655573
0.0125030882628009	2.01379919234146
0.0125062062048291	2.24064029738305
0.012509325702311	1.79644943996048
0.0125124467564109	1.77738981756822
0.0125155693682941	2.08198590021456
0.0125186935391273	2.11234265056097
0.0125218192700781	2.07159599822455
0.0125249465623155	2.19785245192037
0.0125280754170095	2.26523858907041
0.0125312058353314	2.25874584177632
0.0125343378184536	2.0282857051656
0.0125374713675497	1.76206269594262
0.0125406064837945	2.21983155095078
0.0125437431683638	2.34716360371984
0.0125468814224349	2.03061080318262
0.0125500212471859	2.24618334755755
0.0125531626437964	2.01273499462411
0.0125563056134471	2.18349185852729
0.0125594501573196	2.05023358255487
0.0125625962765972	2.01564356654426
0.0125657439724639	2.24696816439005
0.0125688932461052	1.90855999417731
0.0125720440987076	1.76173046835591
0.012575196531459	2.08288734199012
0.0125783505455482	2.1124800061299
0.0125815061421655	1.64446326160876
0.0125846633225021	1.8834969207882
0.0125878220877507	1.67583161784605
0.012590982439105	1.7843838530581
0.0125941443777598	1.90500917782466
0.0125973079049115	1.68612264196154
0.0126004730217572	1.93079742720331
0.0126036397294956	1.87265202678835
0.0126068080293264	1.85152104605349
0.0126099779224506	2.13310620037602
0.0126131494100704	1.96825541369816
0.012616322493389	2.10773357638984
0.0126194971736112	1.95290192083599
0.0126226734519427	1.98850215212209
0.0126258513295905	2.3154489100803
0.0126290308077629	2.12644827512123
0.0126322118876693	2.00621605334799
0.0126353945705204	2.00256912884335
0.0126385788575281	1.98021716244219
0.0126417647499054	1.96785932066166
0.0126449522488668	2.04550849038033
0.0126481413556278	1.92698121940578
0.0126513320714051	2.07126451028443
0.0126545243974169	2.24085115025647
0.0126577183348822	2.08578914997358
0.0126609138850217	2.1410578640887
0.012664111049057	2.47109428227766
0.012667309828211	2.1469757585119
0.012670510223708	2.16620236412291
0.0126737122367733	2.30568966639019
0.0126769158686337	2.09863573360283
0.0126801211205169	2.08288850248942
0.0126833279936523	2.06120719710732
0.01268653648927	2.09125578202682
0.0126897466086018	2.09228466218338
0.0126929583528805	2.14892723390514
0.0126961717233403	2.02245942815775
0.0126993867212165	2.17423208215179
0.0127026033477457	2.20703315825802
0.0127058216041659	1.99527351944606
0.0127090414917161	2.12996740700555
0.0127122630116368	2.05212808677629
0.0127154861651696	2.0833457837928
0.0127187109535574	2.12424379716283
0.0127219373780443	2.25051554765211
0.0127251654398759	2.14607561874287
0.0127283951402988	1.98054976977111
0.0127316264805609	2.14550855548329
0.0127348594619115	1.96547830064964
0.012738094085601	2.08540663911893
0.0127413303528814	1.99855163916843
0.0127445682650055	2.23112858519012
0.0127478078232277	1.91704644374073
0.0127510490288036	2.055710303147
0.0127542918829901	2.0007785257605
0.0127575363870453	2.01382377955128
0.0127607825422286	2.00018410856851
0.0127640303498008	1.84849910913912
0.0127672798110239	2.02906290993183
0.012770530927161	2.1389642043366
0.0127737836994768	2.17153730401017
0.0127770381292372	2.11358404083438
0.0127802942177093	1.91617102349398
0.0127835519661615	1.74786587864063
0.0127868113758635	1.82589187814384
0.0127900724480864	1.81626970096769
0.0127933351841025	1.98106648196204
0.0127965995851855	2.22431101843867
0.0127998656526101	1.96775306450178
0.0128031333876528	2.30141681485807
0.0128064027915909	2.06226697583287
0.0128096738657034	2.09291595154151
0.0128129466112704	2.04430344857608
0.0128162210295732	2.05842112044862
0.0128194971218947	2.26558832305738
0.012822774889519	2.15948214614807
0.0128260543337314	2.22933808208388
0.0128293354558186	2.15917087987311
0.0128326182570687	2.1652063456532
0.0128359027387709	2.16583182082756
0.012839188902216	2.06961519266069
0.0128424767486959	2.24759990827479
0.0128457662795039	2.3600377869851
0.0128490574959346	2.16402418381083
0.012852350399284	2.04127611759869
0.0128556449908494	2.15934588995712
0.0128589412719294	2.14618219118557
0.0128622392438239	2.0897602216907
0.0128655389078342	1.94548805990131
0.0128688402652629	2.19707348494289
0.012872143317414	2.1976204286833
0.0128754480655927	2.30231932305123
0.0128787545111058	1.92779180263875
0.0128820626552611	2.27604692802719
0.012885372499368	2.16554897070367
0.0128886840447372	2.05649848729988
0.0128919972926806	2.35814582604128
0.0128953122445117	1.86125163006747
0.0128986289015451	2.12329232194203
0.0129019472650969	2.17198193668364
0.0129052673364845	2.43184292121061
0.0129085891170268	2.21749573635248
0.0129119126080437	2.23596338844496
0.0129152378108569	1.89168170193399
0.0129185647267892	2.01258993834849
0.0129218933571648	2.27566350001528
0.0129252237033093	1.93723091995276
0.0129285557665497	2.08047991759876
0.0129318895482142	1.77649896913637
0.0129352250496325	1.98837617589274
0.0129385622721358	1.85881798551347
0.0129419012170565	1.83482230296973
0.0129452418857283	1.98424157544341
0.0129485842794865	1.84604456148854
0.0129519283996676	2.12466637047106
0.0129552742476096	1.92803180553495
0.0129586218246518	2.11092125868784
0.0129619711321349	1.87158923138774
0.0129653221714011	1.81712335078126
0.0129686749437938	1.9821297297499
0.012972029450658	1.92412468216094
0.0129753856933398	1.84710079124268
0.012978743673187	1.94650357618696
0.0129821033915486	1.91142929636907
0.0129854648497751	1.6819509268294
0.0129888280492184	2.08105770819962
0.0129921929912317	2.34430876372494
0.0129955596771696	2.17236545625067
0.0129989281083883	2.27083453248194
0.0130022982862452	2.24960638004892
0.0130056702120992	2.04264337818341
0.0130090438873106	1.75803184394516
0.013012419313241	1.95922020122166
0.0130157964912537	2.25978485831134
0.0130191754227132	1.79225428846332
0.0130225561089854	1.94227591497088
0.0130259385514376	2.13426995012919
0.0130293227514387	2.07461122053933
0.0130327087103588	2.2128288382425
0.0130360964295697	2.13898378951682
0.0130394859104444	2.00124226715845
0.0130428771543573	1.9994131104505
0.0130462701626845	2.2961170280879
0.0130496649368032	2.14047239062557
0.0130530614780922	2.02538577101016
0.0130564597879319	1.95966776877707
0.0130598598677037	1.86705033223646
0.0130632617187909	1.99460882212107
0.013066665342578	2.09333920877814
0.013070070740451	2.41805684813241
0.0130734779137973	2.29743186658168
0.0130768868640057	2.18305392270935
0.0130802975924667	2.15912960069179
0.013083710100572	1.97661866785924
0.0130871243897148	1.93837690645974
0.0130905404612898	1.93350877505076
0.0130939583166932	2.01027512777035
0.0130973779573226	2.32509323647148
0.013100799384577	2.21483095001004
0.0131042225998569	2.41885345371761
0.0131076476045644	2.17428752982713
0.0131110744001029	2.06024782678137
0.0131145029878773	1.97773890351578
0.0131179333692941	2.03396417907932
0.013121365545761	2.06185945876493
0.0131247995186875	2.02860388276135
0.0131282352894843	2.22409106661038
0.0131316728595637	2.03964078083245
0.0131351122303396	2.02990291627589
0.0131385534032271	1.97125121678413
0.013141996379643	2.1515961920081
0.0131454411610055	1.93721172838935
0.0131488877487344	1.96518271770802
0.0131523361442508	2.00619396352362
0.0131557863489774	2.1497295083363
0.0131592383643384	2.22547504951525
0.0131626921917595	2.05073973294443
0.0131661478326679	2.09637832552115
0.0131696052884922	2.04709519120892
0.0131730645606626	2.00840921419961
0.0131765256506109	1.95855550975716
0.0131799885597701	2.04301019533316
0.013183453289575	2.20139943416262
0.0131869198414617	2.09025534727764
0.0131903882168681	2.20129178494697
0.0131938584172332	2.08661454813448
0.0131973304439979	1.99669121020877
0.0132008042986045	2.11011529197963
0.0132042799824966	2.20996577554907
0.0132077574971195	2.11066648401644
0.0132112368439202	1.99430024343649
0.013214718024347	2.03636591378264
0.0132182010398496	1.91603537390103
0.0132216858918796	1.89701294572797
0.0132251725818898	1.98568704253821
0.0132286611113347	2.09659838026492
0.0132321514816703	2.16811099393366
0.0132356436943542	1.99075259993738
0.0132391377508454	1.94446044153885
0.0132426336526046	2.28826150226756
0.0132461314010938	1.99213928916071
0.0132496309977769	2.08149752484687
0.013253132444119	1.98571172009542
0.013256635741587	2.16944415950698
0.0132601408916492	2.21824523050737
0.0132636478957755	2.22231976548896
0.0132671567554374	2.1005806785394
0.0132706674721079	2.06624997174955
0.0132741800472616	2.13625614336544
0.0132776944823746	2.19794651916863
0.0132812107789246	1.95547678425026
0.0132847289383909	1.9724488358038
0.0132882489622544	1.94997762667941
0.0132917708519974	2.01906281197383
0.0132952946091039	1.76381212527892
0.0132988202350595	1.82271374355699
0.0133023477313513	1.55878584855959
0.013305877099468	2.03535597320953
0.0133094083408999	1.66921156962143
0.0133129414571389	1.73295840086591
0.0133164764496784	1.67051363037103
0.0133200133200135	1.66278915083623
0.0133235520696408	1.68881915247418
0.0133270927000585	1.62960506439195
0.0133306352127665	1.44738676532542
0.0133341796092661	1.52823538105044
0.0133377258910603	1.51263960905248
0.0133412740596538	1.43458043765197
0.0133448241165528	1.52681523328167
0.0133483760632651	1.48301155265874
0.0133519299013001	1.53850976488963
0.0133554856321688	1.80969503921124
0.0133590432573838	1.59798894973285
0.0133626027784595	1.51653221972238
0.0133661641969116	1.44988184202621
0.0133697275142577	1.69797065332551
0.0133732927320168	1.85864580104497
0.0133768598517097	1.71025987593818
0.0133804288748587	1.55336883886768
0.0133839998029877	1.64843439652671
0.0133875726376224	1.72091851482599
0.01339114738029	1.5725554561957
0.0133947240325194	1.60777604337846
0.013398302595841	2.1880169540013
0.0134018830717869	1.81977621216438
0.0134054654618909	2.03811755345571
0.0134090497676884	1.69121554916456
0.0134126359907165	1.9469743272238
0.0134162241325139	1.81720096495592
0.0134198141946208	2.01306119772278
0.0134234061785793	1.71962117376828
0.013427000085933	1.93118228957642
0.0134305959182272	2.12287009051415
0.0134341936770089	2.08086285221446
0.0134377933638266	2.04526417578267
0.0134413949802306	2.04306003351773
0.0134449985277729	2.23920847808288
0.013448604008007	2.19854214885026
0.0134522114224882	2.26950168291611
0.0134558207727734	2.39512669507627
0.0134594320604212	2.31655525498299
0.013463045286992	2.2724205751426
0.0134666604540475	2.16703110121606
0.0134702775631516	2.33737233525917
0.0134738966158694	2.4210857148605
0.013477517613768	2.4279719157129
0.013481140558416	2.36318575984308
0.0134847654513839	2.15247631978336
0.0134883922942436	2.30200391338097
0.0134920210885689	2.32000945530144
0.0134956518359352	2.2544471353151
0.0134992845379197	2.28550208507252
0.0135029191961012	2.14182861046073
0.0135065558120603	2.31189505666717
0.0135101943873791	2.20377678085445
0.0135138349236417	2.09783014626608
0.0135174774224336	2.27098644278474
0.0135211218853422	1.95848214173974
0.0135247683139566	2.37138363399492
0.0135284167098677	2.22860161376326
0.0135320670746678	2.24830139611363
0.0135357194099512	2.04345051984404
0.0135393737173138	2.06051424548568
0.0135430299983534	1.98199237042531
0.0135466882546693	2.17361001335478
0.0135503484878627	2.20389921199335
0.0135540106995363	2.15060907894725
0.0135576748912948	2.2605480858213
0.0135613410647445	2.09630599676673
0.0135650092214935	2.06538818641276
0.0135686793631516	1.93068839358654
0.0135723514913302	1.82820105952566
0.0135760256076428	1.74155545655989
0.0135797017137043	1.91704245603064
0.0135833798111315	2.17112248776938
0.013587059901543	2.09393063402138
0.013590741986559	2.06180319749572
0.0135944260678017	2.0607301173062
0.0135981121468947	1.96417705892127
0.0136018002254637	2.04353830723772
0.013605490305136	1.95433654178371
0.0136091823875408	2.00560381514623
0.0136128764743088	1.89303155954515
0.0136165725670728	1.96959606589396
0.0136202706674671	1.88125293553718
0.0136239707771279	1.9755270176255
0.0136276728976933	2.1003365029395
0.0136313770308028	1.97552565871151
0.0136350831780982	2.15189164269796
0.0136387913412227	1.77666765476453
0.0136425015218213	1.9346935818749
0.0136462137215411	2.27155645020653
0.0136499279420307	2.2135470530728
0.0136536441849405	1.89141998603693
0.013657362451923	2.15687594348349
0.013661082744632	2.20543724841912
0.0136648050647236	2.07953729862173
0.0136685294138555	2.02362931779626
0.013672255793687	2.24818326963021
0.0136759842058797	2.15952865199923
0.0136797146520964	2.03786075709127
0.0136834471340023	2.28452953484508
0.013687181653264	1.98578515629175
0.0136909182115502	2.09595926121805
0.0136946568105312	1.82713989962943
0.0136983974518792	1.91430333279992
0.0137021401372683	1.84834602239803
0.0137058848683745	1.98129537945518
0.0137096316468753	1.84521783339455
0.0137133804744504	1.69394235691155
0.0137171313527811	1.87017146153204
0.0137208842835506	1.77196142009774
0.0137246392684441	1.90602936253707
0.0137283963091484	1.77893250208957
0.0137321554073523	1.68015918296294
0.0137359165647465	1.77110243175433
0.0137396797830233	1.98734327766232
0.0137434450638771	1.98353492501729
0.0137472124090041	1.88476675596934
0.0137509818201023	2.00630461504684
0.0137547532988716	2.41121505492488
0.0137585268470138	2.15241511342048
0.0137623024662325	2.08450113234488
0.0137660801582332	1.79531731059129
0.0137698599247233	2.01038093304156
0.013773641767412	1.67938208574059
0.0137774256880105	1.78883330194968
0.0137812116882318	2.17078667736414
0.0137849997697908	1.80172272406459
0.0137887899344043	1.95715899471859
0.0137925821837909	1.92921229196237
0.0137963765196712	2.32409429667022
0.0138001729437677	1.89208032998012
0.0138039714578046	2.26603109243654
0.0138077720635084	2.03022514853645
0.013811574762607	2.00375756604077
0.0138153795568306	1.70325606909517
0.0138191864479111	2.11269565103228
0.0138229954375825	1.75895106392593
0.0138268065275804	2.1404276075147
0.0138306197196426	1.82143871058453
0.0138344350155087	2.01606098914484
0.0138382524169203	2.36489935077402
0.0138420719256208	1.98060941663079
0.0138458935433556	2.19583258253686
0.013849717271872	1.85296994572787
0.0138535431129192	2.13236965531836
0.0138573710682485	1.88115498221201
0.0138612011396129	2.14204645656284
0.0138650333287675	1.81949646054561
0.0138688676374693	2.27538389290876
0.0138727040674772	2.20640863872938
0.0138765426205521	2.20431443779531
0.0138803832984569	2.30168690870865
0.0138842261029563	2.02061019837399
0.0138880710358171	2.1108506972232
0.013891918098808	2.16287881897033
0.0138957672936996	1.91420347989664
0.0138996186222646	2.04447130792324
0.0139034720862775	1.79946548879577
0.013907327687515	2.20109991344719
0.0139111854277554	1.90442122078299
0.0139150453087794	2.17786808547966
0.0139189073323694	1.91231985913422
0.0139227715003099	1.93083460901498
0.0139266378143873	1.97869806161898
0.01393050627639	1.98169214545408
0.0139343768881084	2.34861545439762
0.0139382496513351	2.25028585089892
0.0139421245678642	2.22961671520449
0.0139460016394923	2.18026954825678
0.0139498808680178	2.00234311820578
0.0139537622552409	2.25127556418838
0.0139576458029642	2.21040564378041
0.013961531512992	2.11253072007654
0.0139654193871308	2.25395508685892
0.0139693094271889	2.37014301181058
0.0139732016349768	2.37663769460063
0.0139770960123069	2.18415699657794
0.0139809925609939	2.23544713212956
0.0139848912828541	2.03262518786915
0.013988792179706	2.1686303920409
0.0139926952533703	2.11689630877096
0.0139966005056696	2.12053115258056
0.0140005079384284	2.35457115342926
0.0140044175534735	2.37573643983607
0.0140083293526335	2.31776500586056
0.0140122433377392	1.9692667288747
0.0140161595106234	2.41676803854415
0.0140200778731209	2.19746737733789
0.0140239984270687	2.33777660935309
0.0140279211743057	2.13774572612664
0.014031846116673	1.81352903474875
0.0140357732560135	1.91678504766911
0.0140397025941724	1.89012641886905
0.014043634132997	2.18705450788479
0.0140475678743365	2.07417081362671
0.0140515038200422	1.87423260995632
0.0140554419719677	2.01509635021253
0.0140593823319683	1.82215307183975
0.0140633249019017	1.82941365037041
0.0140672696836275	2.29066222991907
0.0140712166790075	1.65961773040318
0.0140751658899056	2.03855409097129
0.0140791173181876	1.56595614482081
0.0140830709657217	1.9221175978187
0.0140870268343778	1.99122030388453
0.0140909849260284	1.94802118556854
0.0140949452425477	1.99352355382968
0.0140989077858121	1.84065871238554
0.0141028725577002	1.97941856717193
0.0141068395600928	2.06823357496646
0.0141108087948725	2.10604339555659
0.0141147802639242	2.13672037854513
0.0141187539691352	2.08903107580865
0.0141227299123943	2.00735736607016
0.0141267080955931	1.84294601958507
0.0141306885206248	2.03016361855684
0.014134671189385	1.90195217276313
0.0141386561037714	2.02682301667416
0.0141426432656839	2.25820333239007
0.0141466326770243	2.07102354013649
0.0141506243396969	2.20317853178754
0.0141546182556079	1.94275738153163
0.0141586144266658	1.86519368576585
0.014162612854781	2.1159269735686
0.0141666135418663	2.21905134243599
0.0141706164898367	2.12936862421693
0.0141746217006092	2.22796041238453
0.014178629176103	2.22821830123807
0.0141826389182395	2.18626448113405
0.0141866509289424	2.07321351971135
0.0141906652101373	2.19670046902893
0.0141946817637521	2.23872412188328
0.0141987005917171	2.14785237366425
0.0142027216959645	2.11723951970187
0.0142067450784288	2.28237910343733
0.0142107707410467	2.01447267147045
0.014214798685757	2.06565220259362
0.014218828914501	1.98708568980393
0.0142228614292217	1.89553809914046
0.0142268962318647	2.2732574807961
0.0142309333243778	1.80293396117178
0.0142349727087108	1.83278169374968
0.0142390143868158	2.02750736340157
0.0142430583606473	2.16447933295673
0.0142471046321616	2.06376927915362
0.0142511532033177	2.00359567194623
0.0142552040760765	1.78908770312304
0.0142592572524013	2.08796081353479
0.0142633127342576	2.08001707986041
0.014267370523613	2.12360557593178
0.0142714306224375	2.23604379564047
0.0142754930327034	2.01439678554901
0.014279557756385	2.2500420243171
0.014283624795459	2.12734176415223
0.0142876941519044	2.16114151004855
0.0142917658277024	2.20990796867805
0.0142958398248364	2.13595516969126
0.0142999161452922	2.20888564269722
0.0143039947910578	1.93433666598007
0.0143080757641233	2.19442781081477
0.0143121590664813	2.19111719319438
0.0143162447001267	1.73370113887578
0.0143203326670565	2.11281100518316
0.01432442296927	2.14593510426355
0.014328515608769	2.3255281574383
0.0143326105875573	1.93848290587363
0.0143367079076411	2.10855084160071
0.0143408075710291	1.97407356058933
0.014344909579732	1.95858177821176
0.0143490139357629	2.13625448104854
0.0143531206411372	2.07533624608034
0.0143572296978727	1.85620746326193
0.0143613411079895	2.11425645281029
0.0143654548735098	2.42162330448091
0.0143695709964584	1.96015449225259
0.0143736894788623	2.17186712343916
0.0143778103227507	2.15820878616102
0.0143819335301554	2.33949260711965
0.0143860591031103	2.20165424927978
0.0143901870436517	1.96138635467951
0.0143943173538183	1.79086654310076
0.0143984500356511	2.16767303273779
0.0144025850911934	1.9840630417138
0.0144067225224909	2.25631155280283
0.0144108623315916	1.92374489473644
0.014415004520546	2.13181368024755
0.0144191490914067	2.00447527793772
0.0144232960462289	2.21696315389162
0.0144274453870702	1.93199542142741
0.0144315971159902	2.11174784642873
0.0144357512350512	1.87969098399165
0.0144399077463179	1.85464280806461
0.0144440666518572	1.67325930949993
0.0144482279537385	1.93570869918142
0.0144523916540334	1.87568477227835
0.0144565577548162	1.99767022249346
0.0144607262581633	1.65546204055388
0.0144648971661536	1.90747323808907
0.0144690704808685	1.68309065584242
0.0144732462043917	1.95934673582964
0.0144774243388094	1.65277354828464
0.0144816048862099	1.96730191133084
0.0144857878486843	1.86226177353506
0.014489973228326	1.93418360592052
0.0144941610272307	1.97684048596469
0.0144983512474967	1.94958854821529
0.0145025438912245	1.83785751447678
0.0145067389605173	1.77484611736776
0.0145109364574805	1.84871232238177
0.014515136384222	2.3311992547869
0.0145193387428523	2.19691932778341
0.0145235435354842	2.12646722918771
0.0145277507642329	1.78590874959254
0.0145319604312162	2.13971696122083
0.0145361725385541	2.118724480056
0.0145403870883695	1.83360086881265
0.0145446040827873	2.07965685155896
0.0145488235239351	1.99502527334114
0.014553045413943	2.0124024559363
0.0145572697549435	1.94076582164629
0.0145614965490715	1.93231414571219
0.0145657257984646	2.07069906773255
0.0145699575052625	2.02085284893582
0.0145741916716079	2.24383885210267
0.0145784282996456	2.29511024798014
0.0145826673915231	2.2097685776638
0.0145869089493902	2.18215433624045
0.0145911529753993	2.14498511493391
0.0145953994717055	2.06473618340273
0.0145996484404662	2.11200811890166
0.0146038998838412	2.26539595058345
0.0146081538039931	2.23195249862649
0.0146124102030868	2.1444061179035
0.0146166690832899	2.19830174408974
0.0146209304467724	2.18022674730704
0.0146251942957068	2.38740874349251
0.0146294606322683	2.32073025865833
0.0146337294586346	2.27528114408167
0.0146380007769857	2.13250556335372
0.0146422745895045	2.28007142635561
0.0146465508983761	2.12143751184873
0.0146508297057885	2.37000342616406
0.0146551110139321	1.89120492083999
0.0146593948249997	2.23468360588267
0.014663681141187	2.37240734790786
0.0146679699646919	1.91498939660961
0.0146722612977152	2.30316527299504
0.0146765551424601	2.01073712667587
0.0146808515011324	2.17357167239604
0.0146851503759405	2.05038058857487
0.0146894517690954	2.35346176143959
0.0146937556828106	2.23428717261549
0.0146980621193025	2.29805816244298
0.0147023710807896	2.07393216958108
0.0147066825694934	2.11211284019039
0.0147109965876379	2.1670805675721
0.0147153131374496	1.90297631297079
0.0147196322211578	1.99556710311082
0.0147239538409943	1.84611300974291
0.0147282779991935	1.76384371006263
0.0147326046979926	1.87837397657351
0.0147369339396311	1.95416816413787
0.0147412657263515	2.15237001199919
0.0147456000603986	2.26236124559538
0.0147499369440202	2.11323422677469
0.0147542763794665	2.06823413239563
0.0147586183689903	1.85266960876268
0.0147629629148473	1.96400844557264
0.0147673100192956	1.94469965067562
0.0147716596845962	1.97203477954224
0.0147760119130125	2.19385320795574
0.0147803667068108	1.92472874047371
0.01478472406826	2.21772376121588
0.0147890839996315	1.7553163157687
0.0147934465031998	2.14354500148486
0.0147978115812416	1.95738103152914
0.0148021792360365	1.76758948096909
0.014806549469867	2.06845841696339
0.0148109222850179	1.84960411579735
0.014815297683777	1.96044891661973
0.0148196756684347	1.86234789050007
0.0148240562412841	2.06420010751158
0.0148284394046211	2.1178831242627
0.014832825160744	1.94446327842268
0.0148372135119543	2.20080647836508
0.0148416044605559	2.21946363573123
0.0148459980088554	2.22976649711275
0.0148503941591625	2.18332627762597
0.0148547929137891	2.23706775800696
0.0148591942750503	2.17806125255695
0.0148635982452637	2.1875134140111
0.0148680048267498	1.73186688408125
0.0148724140218316	1.97686749644305
0.0148768258328352	1.95935940855118
0.0148812402620891	2.00704489603335
0.0148856573119249	2.17243980073181
0.0148900769846767	1.87962386362464
0.0148944992826816	1.84566401227823
0.0148989242082793	2.14381923398728
0.0149033517638124	1.9814439417704
0.0149077819516262	1.98459791135879
0.0149122147740687	2.1278681554159
0.014916650233491	2.03305991138475
0.0149210883322468	2.28902573817261
0.0149255290726925	2.19613385502268
0.0149299724571875	2.23155971667647
0.014934418488094	2.10688220556437
0.0149388671677768	2.08311168542442
0.0149433184986037	2.11195238090363
0.0149477724829453	2.06085422475645
0.0149522291231751	2.02672006147134
0.0149566884216693	1.80425799634267
0.0149611503808069	2.11327765613383
0.0149656150029699	1.77988997921886
0.0149700822905431	2.27540425155751
0.014974552245914	2.04382762201372
0.0149790248714732	2.45334322985231
0.014983500169614	2.28164261014608
0.0149879781427325	2.2929994266205
0.0149924587932278	2.22856863568874
0.0149969421235018	2.19283995311476
0.0150014281359593	2.12967153667348
0.015005916833008	1.81918820664964
0.0150104082170585	1.87079994824492
0.0150149022905241	2.02653571098051
0.0150193990558213	2.27918600503439
0.0150238985153692	2.19468125507201
0.0150284006715899	2.35536965451193
0.0150329055269086	2.06872267821882
0.0150374130837531	2.1437499510904
0.0150419233445544	2.04521463971492
0.0150464363117461	2.33334440360775
0.0150509519877649	2.32148396130006
0.0150554703750506	2.23551215390767
0.0150599914760456	2.2676019960884
0.0150645152931954	2.13847883518191
0.0150690418289485	2.15424497281644
0.0150735710857561	2.29397004934101
0.0150781030660727	2.07712986093355
0.0150826377723555	1.94137335776207
0.0150871752070647	1.95031233030695
0.0150917153726635	2.07240393445503
0.0150962582716181	2.16599022403101
0.0151008039063976	2.28343714301817
0.015105352279474	1.79211863675632
0.0151099033933225	1.95304302993488
0.0151144572504211	2.01419336526438
0.0151190138532508	1.99136003919185
0.0151235732042958	2.10959696003599
0.015128135306043	2.05475905964481
0.0151327001609825	2.32028890805492
0.0151372677716073	2.00725070273453
0.0151418381404135	2.23591352126804
0.0151464112699002	1.96186308161419
0.0151509871625694	2.26867247300602
0.0151555658209263	1.84586505728772
0.015160147247479	1.8831558197217
0.0151647314447387	2.08283047616749
0.0151693184152196	1.9495843015871
0.0151739081614391	1.86475188205759
0.0151785006859173	2.06150375861541
0.0151830959911776	2.01304592840414
0.0151876940797465	2.22518500025863
0.0151922949541535	2.05221096015574
0.0151968986169311	2.00609268471318
0.0152015050706149	2.18557923081708
0.0152061143177435	1.85191968451563
0.0152107263608589	1.79667621153811
0.0152153412025058	2.11063567967759
0.0152199588452321	1.99779854362568
0.015224579291589	1.90724261827897
0.0152292025441305	1.91489598890972
0.0152338286054139	1.94080541564045
0.0152384574779996	1.76190869044847
0.0152430891644509	1.91442961269884
0.0152477236673345	1.97886657456336
0.0152523609892202	1.75554510191084
0.0152570011326806	1.89929636772772
0.0152616441002918	1.81870711246379
0.0152662898946329	1.93179986596197
0.0152709385182861	1.69458750821139
0.0152755899738368	1.55528476449638
0.0152802442638736	1.87816237233714
0.015284901390988	2.03661665337252
0.0152895613577751	2.09561877201662
0.0152942241668327	1.93236631848701
0.0152988898207621	1.74663112738878
0.0153035583221677	1.61877465592477
0.015308229673657	1.75934687186653
0.0153129038778406	1.86765887719219
0.0153175809373327	1.97687714984661
0.0153222608547501	1.95851623647698
0.0153269436327134	1.69339832685797
0.0153316292738459	1.81596235393364
0.0153363177807744	1.83206705796792
0.0153410091561288	1.90049982747491
0.0153457034025423	1.81178970728219
0.0153504005226513	1.79248885652339
0.0153551005190954	1.96248843495102
0.0153598033945174	1.91741053093146
0.0153645091515635	1.79944019128436
0.0153692177928829	1.7299039494544
0.0153739293211281	1.79337682622375
0.0153786437389552	1.86331962954065
0.0153833610490231	2.03590529449515
0.0153880812539941	2.0302054224042
0.015392804356534	1.94726576421501
0.0153975303593115	2.04155957753495
0.0154022592649989	1.95208341081627
0.0154069910762717	2.13977691608306
0.0154117257958085	2.03936098121101
0.0154164634262914	2.17060891242748
0.0154212039704058	2.16474247143274
0.0154259474308402	1.87499132732479
0.0154306938102867	1.95921818962799
0.0154354431114405	2.11478305248019
0.0154401953370002	2.07392057098389
0.0154449504896676	2.01036911026773
0.0154497085721481	2.15188479165586
0.0154544695871502	1.99476773353706
0.0154592335373858	1.90055818446956
0.0154640004255702	2.11587008259737
0.015468770254422	2.07574371485642
0.0154735430266631	2.20318421089873
0.0154783187450189	2.22174341358432
0.015483097412218	2.06738946804189
0.0154878790309925	2.09331690717295
0.0154926636040779	2.12735831338642
0.0154974511342129	1.94415442050908
0.0155022416241398	1.9730607587044
0.0155070350766041	2.05274591841381
0.0155118314943549	1.80403125073278
0.0155166308801446	1.73426943564214
0.0155214332367289	1.74248527769391
0.015526238566867	1.92254267247819
0.0155310468733217	1.65609944687954
0.0155358581588588	1.67819047703354
0.015540672426248	1.6139086873319
0.0155454896782622	1.77156834777247
0.0155503099176776	1.37493027013491
0.0155551331472742	1.37706377394742
0.0155599593698351	1.75035541628491
0.015564788588147	1.40029149085695
0.0155696208050002	1.50735309700773
0.0155744560231882	1.69216147178388
0.0155792942455082	1.68433345236824
0.0155841354747608	1.59710182655686
0.0155889797137499	1.58816653924229
0.0155938269652832	1.53189370584758
0.0155986772321717	1.77366552818132
0.0156035305172299	1.8752385588674
0.015608386823276	1.4457742109344
0.0156132461531313	1.53165336109835
0.0156181085096211	1.79067099849367
0.0156229738955739	1.52851365536137
0.0156278423138218	1.5076951042727
0.0156327137672005	2.0393339392691
0.0156375882585491	2.08491342878147
0.0156424657907104	1.82046784697803
0.0156473463665307	1.74301903426979
0.0156522299888597	1.89570082516367
0.0156571166605509	1.97963905260656
0.0156620063844613	1.87344152115678
0.0156668991634512	2.00323777406025
0.015671795000385	2.34364776707826
0.0156766938981301	2.07761567492979
0.0156815958595579	2.20572560120417
0.0156865008875432	2.06618948485566
0.0156914089849645	2.21970918547256
0.0156963201547039	2.11086721513991
0.015701234399647	2.37592857817679
0.0157061517226831	2.06406882929099
0.0157110721267051	2.01438923352099
0.0157159956146096	2.38896810199781
0.0157209221892966	2.44097773046129
0.0157258518536701	2.16807337089476
0.0157307846106373	2.28882041101001
0.0157357204631095	2.09416939242639
0.0157406594140014	1.83456398175818
0.0157456014662314	2.23958671561824
0.0157505466227215	2.17460321985632
0.0157554948863976	2.06634559134899
0.0157604462601889	2.04414290007453
0.0157654007470287	1.96432889475397
0.0157703583498538	2.26786655935572
0.0157753190716045	2.13686458238397
0.0157802829152252	2.23420500736342
0.0157852498836637	2.08159173559815
0.0157902199798716	2.20512673061173
0.0157951932068043	2.13901603088698
0.0158001695674208	1.95366569924219
0.0158051490646839	2.03358443877809
0.0158101317015601	2.25103301811216
0.0158151174810197	2.29749331143154
0.0158201064060367	1.99920743551475
0.0158250984795888	1.88103982657066
0.0158300937046577	1.80072114426179
0.0158350920842285	1.85311553835116
0.0158400936212903	1.91352651330727
0.0158450983188361	1.99840735561906
0.0158501061798623	2.12984253867997
0.0158551172073694	2.25848567325814
0.0158601314043617	2.06083710872994
0.0158651487738471	1.96430235188012
0.0158701693188375	2.03857756354545
0.0158751930423484	1.97645546293872
0.0158802199473994	2.08239860857249
0.0158852500370136	2.32943378261696
0.0158902833142183	2.16954353361364
0.0158953197820444	2.17328149591856
0.0159003594435266	2.12352824485104
0.0159054023017036	2.11933510698603
0.0159104483596179	2.11052309520164
0.0159154976203158	2.09883745032515
0.0159205500868476	2.12354300856958
0.0159256057622674	1.97182402775805
0.0159306646496331	2.18392910159106
0.0159357267520067	2.26673027553293
0.0159407920724538	2.07561829007394
0.0159458606140442	2.03391453418795
0.0159509323798514	2.09837950807359
0.0159560073729529	2.2364047289317
0.0159610855964301	2.35823468321709
0.0159661670533682	2.36767847816395
0.0159712517468567	2.1208274426484
0.0159763396799885	2.20874789839303
0.015981430855861	2.22539096170601
0.015986525277575	1.76238543039258
0.0159916229482358	1.94987967351674
0.0159967238709522	2.15102235442659
0.0160018280488373	1.69997208146283
0.016006935485008	1.78486832322863
0.0160120461825851	2.22214645138432
0.0160171601446936	1.9182220524784
0.0160222773744625	2.18708816971391
0.0160273978750245	2.10658293281846
0.0160325216495166	2.02373646151394
0.0160376487010798	1.84800492616417
0.0160427790328589	2.15660570600034
0.0160479126480029	2.27977682926159
0.0160530495496648	2.0076231534745
0.0160581897410017	2.07759709224138
0.0160633332251746	2.18544706636284
0.0160684800053486	2.0475721420428
0.016073630084693	1.87048974783719
0.0160787834663809	2.21238245327189
0.0160839401535898	1.97352615334603
0.0160891001495009	2.26399625962817
0.0160942634572999	2.2873511723199
0.0160994300801762	2.18317993308947
0.0161046000213235	2.28360423372613
0.0161097732839396	2.02057726102688
0.0161149498712264	2.30024800241554
0.0161201297863899	2.03560716579559
0.0161253130326403	2.03786111765545
0.0161304996131916	2.0394027454122
0.0161356895312625	2.10869229795322
0.0161408827900753	2.0636981240489
0.0161460793928568	2.16174573790851
0.0161512793428378	2.19445057349498
0.0161564826432533	2.28219526657052
0.0161616892973425	2.08919417891116
0.0161668993083487	2.16350369168709
0.0161721126795196	2.21731734721637
0.0161773294141067	1.90291305069151
0.016182549515366	2.03282544621462
0.0161877729865577	2.28956702263151
0.0161929998309461	2.07052708631828
0.0161982300517997	2.31666301620917
0.0162034636523914	2.28761049247037
0.016208700635998	2.3217686050075
0.0162139410059009	2.31820597216703
0.0162191847653856	2.18909248900555
0.0162244319177418	2.30756882998138
0.0162296824662636	1.95401915269756
0.0162349364142491	2.15651771239765
0.0162401937650009	2.23876966994455
0.0162454545218258	2.10673776875464
0.016250718688035	2.07670629995718
0.0162559862669438	1.94043589127325
0.016261257261872	2.38892236376774
0.0162665316761435	1.73016743752889
0.0162718095130866	2.11776281966682
0.0162770907760341	2.07089987575226
0.0162823754683228	1.79029132937778
0.0162876635932941	2.07938928900329
0.0162929551542937	1.87208802739048
0.0162982501546714	2.09540146115295
0.0163035485977817	2.05718144088735
0.0163088504869833	2.08646013703142
0.0163141558256392	2.04933117821719
0.016319464617117	2.262757863702
0.0163247768647884	1.9508209829308
0.0163300925720298	2.13935828729523
0.0163354117422217	2.29798026502391
0.0163407343787492	2.27870436985366
0.0163460604850017	2.06146497624448
0.0163513900643732	2.22008050269451
0.0163567231202619	1.97822808990382
0.0163620596560705	2.20780567805219
0.0163673996752063	1.87966407033536
0.0163727431810809	2.08617449013343
0.0163780901771104	2.25862497745427
0.0163834406667153	2.16238469664909
0.0163887946533207	2.22288456404936
0.0163941521403559	1.96936368465714
0.0163995131312552	1.96462417050569
0.0164048776294568	2.02209445521103
0.0164102456384039	2.10141771458619
0.0164156171615438	2.24929647722938
0.0164209922023287	2.20171901076263
0.0164263707642149	2.18617613032891
0.0164317528506637	1.8282810389041
0.0164371384651405	1.96437998939898
0.0164425276111155	2.14996476415424
0.0164479202920635	2.07876208790948
0.0164533165114636	1.97910965685694
0.0164587162727996	1.86644901582053
0.0164641195795601	2.0497447037726
0.0164695264352379	2.24057018856669
0.0164749368433306	2.13270395641246
0.0164803508073404	2.10227642446712
0.0164857683307741	2.02287035354701
0.016491189417143	1.796772499045
0.0164966140699632	2.15761686667681
0.0165020422927552	2.49808895257016
0.0165074740890443	2.25580872930368
0.0165129094623605	2.29052453104764
0.0165183484162383	2.31221738431056
0.0165237909542169	2.1388483949101
0.0165292370798402	1.98203890280316
0.0165346867966568	2.04053404342497
0.0165401401082199	2.06585074632645
0.0165455970180874	1.90112872044139
0.0165510575298219	2.0565053788717
0.0165565216469908	2.46906206589529
0.0165619893731662	2.07758431650232
0.0165674607119247	2.08165527069343
0.0165729356668479	2.1835975373959
0.016578414241522	2.03438229028761
0.016583896439538	2.10312392075013
0.0165893822644915	2.18291690085045
0.0165948717199831	2.18863173458382
0.0166003648096181	2.20304907931
0.0166058615370064	1.88786735080518
0.0166113619057628	1.95293133245393
0.0166168659195069	2.08301745953915
0.0166223735818632	2.2343227061245
0.0166278848964609	1.75800301421742
0.0166333998669338	2.15351362175917
0.016638918496921	1.85759502543086
0.016644440790066	1.93355497796998
0.0166499667500174	2.11208330443137
0.0166554963804286	2.00921885938484
0.0166610296849576	1.95419722657353
0.0166665666672677	1.89107416556442
0.0166721073310267	1.61902237194897
0.0166776516799075	1.77636925500595
0.0166831997175878	1.78006037805541
0.0166887514477502	1.74155859955884
0.0166943068740822	1.68206013827741
0.0166998660002762	1.98585222439018
0.0167054288300296	1.80152126647624
0.0167109953670447	1.94630866977606
0.0167165656150286	1.83550760945255
0.0167221395776934	1.83330204746975
0.0167277172587564	1.95142982216608
0.0167332986619395	1.95595375883012
0.0167388837909699	1.68181322071582
0.0167444726495794	1.62662592152455
0.0167500652415052	1.84740656636822
0.0167556615704891	1.81972322167907
0.0167612616402782	1.52173643851909
0.0167668654546245	1.94960602146193
0.0167724730172851	1.81751819262202
0.0167780843320219	1.45572683993322
0.016783699402602	1.60750339860264
0.0167893182327977	1.8788614551476
0.016794940826386	1.96180979774904
0.0168005671871493	1.86363181249004
0.0168061973188748	2.03414964350344
0.0168118312253549	2.12826632831352
0.0168174689103871	2.09015638932637
0.0168231103777741	2.02418379334455
0.0168287556313234	1.94222082728756
0.0168344046748479	1.84144686686671
0.0168400575121655	2.21438870023427
0.0168457141470992	2.13583879433973
0.0168513745834772	1.92157409789067
0.0168570388251329	1.98840776496725
0.0168627068759047	2.08436928727327
0.0168683787396363	2.01419348791942
0.0168740544201765	1.80479724917263
0.0168797339213793	2.03487893816137
0.0168854172471039	2.23777382681059
0.0168911044012148	1.77887988129956
0.0168967953875814	1.75341377429231
0.0169024902100787	2.06587781266606
0.0169081888725867	2.05650063764894
0.0169138913789906	2.11628317393463
0.016919597733181	2.01971550242527
0.0169253079390537	2.30338490697609
0.0169310220005096	2.01870691792686
0.0169367399214552	1.90284076365718
0.016942461705802	1.91296364867227
0.0169481873574668	2.30223704674319
0.0169539168803718	2.24623968716298
0.0169596502784446	2.0302193546433
0.0169653875556178	2.27139595463261
0.0169711287158297	2.1353923162241
0.0169768737630236	2.20214280599861
0.0169826227011483	1.96836381551736
0.016988375534158	2.22917358324399
0.0169941322660122	1.95228480452986
0.0169998929006758	2.07616272938344
0.0170056574421189	1.87659964714278
0.0170114258943172	2.1804076371409
0.0170171982612518	2.07402106895247
0.017022974546909	1.92587852348415
0.0170287547552808	2.18711345707472
0.0170345388903644	1.96692767439354
0.0170403269561624	2.13609417961083
0.0170461189566831	1.95222299869644
0.01705191489594	2.02964967141511
0.0170577147779522	2.19318341497251
0.0170635186067443	2.31760066393603
0.0170693263863461	2.19778033502459
0.0170751381207933	2.312840454079
0.0170809538141268	2.26522250215296
0.0170867734703931	2.17499579920186
0.0170925970936442	2.0685761495029
0.0170984246879377	1.80447464134006
0.0171042562573366	2.03800367013032
0.0171100918059096	1.93370526292148
0.0171159313377309	2.21623356976299
0.0171217748568801	2.05946868855079
0.0171276223674427	1.90168395306372
0.0171334738735094	2.05942908053545
0.0171393293791768	1.92606961850677
0.017145188888547	2.10579912992784
0.0171510524057277	2.04042390509946
0.0171569199348322	2.22833151784637
0.0171627914799795	2.04864928762619
0.0171686670452941	2.23925642126808
0.0171745466349063	2.11625255490931
0.017180430252952	2.03962652616763
0.0171863179035727	2.24548084731817
0.0171922095909159	2.04853292105884
0.0171981053191343	2.23507732409335
0.0172040050923866	2.38241594741144
0.0172099089148371	2.21145593960094
0.017215816790656	2.20102947995041
0.0172217287240191	1.99702043061904
0.0172276447191078	2.16763842186028
0.0172335647801094	2.03768944663086
0.017239488911217	2.05720402585352
0.0172454171166294	2.21342573372763
0.0172513494005512	1.98919649177568
0.0172572857671927	2.29149311002703
0.0172632262207701	1.93153303230109
0.0172691707655054	2.18432737698378
0.0172751194056264	2.02026693986405
0.0172810721453667	2.11289521897397
0.0172870289889657	2.0272017373217
0.0172929899406688	2.1565356676604
0.0172989550047271	2.10223698676723
0.0173049241853977	2.18198314834899
0.0173108974869434	1.92181832061633
0.0173168749136331	2.04531861081996
0.0173228564697415	2.13917062867307
0.0173288421595491	2.07035493957893
0.0173348319873425	1.86433094680145
0.0173408259574141	1.85979953299004
0.0173468240740623	1.98634200013525
0.0173528263415914	2.14205058929476
0.0173588327643119	2.36269848004296
0.0173648433465398	2.21254558476182
0.0173708580925975	2.3044063603749
0.0173768770068131	2.01553830044181
0.0173829000935211	1.74618533368058
0.0173889273570615	1.92734917344989
0.0173949588017806	2.18528966416085
0.0174009944320309	2.11634885673587
0.0174070342521705	1.88356362377489
0.0174130782665639	1.95545269238898
0.0174191264795817	2.39795189792857
0.0174251788956002	2.33827896218564
0.0174312355190022	2.32559938078035
0.0174372963541763	2.10629070141996
0.0174433614055174	2.06292678156555
0.0174494306774264	1.96918318048877
0.0174555041743103	2.18444776461064
0.0174615819005825	2.19681433724925
0.0174676638606622	2.07871048967059
0.017473750058975	2.08792915687141
0.0174798404999525	2.213321644572
0.0174859351880326	2.20585830696538
0.0174920341276593	2.06456438710623
0.017498137323283	2.10214626550015
0.0175042447793601	2.05703813503659
0.0175103565003532	2.15530944050188
0.0175164724907313	1.86328865667571
0.0175225927549697	2.00663584115971
0.0175287172975496	1.74174900420334
0.0175348461229589	2.03059889841876
0.0175409792356915	1.85416046862401
0.0175471166402476	2.07499000866769
0.0175532583411339	2.04678257399741
0.0175594043428632	1.97518746227872
0.0175655546499547	1.96760722479739
0.017571709266934	2.07276516982985
0.0175778681983329	2.21593760356173
0.0175840314486896	2.26127835405649
0.0175901990225489	2.24740898962278
0.0175963709244616	1.92216473912143
0.0176025471589852	2.12397705349573
0.0176087277306833	2.2023104581212
0.0176149126441263	2.10671835295597
0.0176211019038906	2.03131168650731
0.0176272955145595	1.86397346754075
0.0176334934807222	1.77002065134037
0.0176396958069748	2.06945031712676
0.0176459024979197	2.2643083138967
0.0176521135581658	2.13816602186147
0.0176583289923285	2.22032364744574
0.0176645488050297	1.85219151830973
0.0176707730008977	1.95520558263837
0.0176770015845675	2.05216587649039
0.0176832345606806	2.07509042347637
0.0176894719338849	1.99699249101628
0.0176957137088351	2.00419126324102
0.0177019598901923	2.05311589912663
0.0177082104826242	1.95946622017963
0.0177144654908051	1.85417491181952
0.0177207249194161	1.94601295930926
0.0177269887731445	1.90467652915531
0.0177332570566847	2.00669132806297
0.0177395297747374	2.00190286246467
0.0177458069320101	1.71382821424112
0.017752088533217	1.98174633986847
0.0177583745830788	1.41070731656428
0.0177646650863231	1.70810427322146
0.0177709600476841	1.38333448128599
0.0177772594719027	1.56066642308049
0.0177835633637265	1.53513095706818
0.01778987172791	1.45856181627947
0.0177961845692142	1.68022519924547
0.017802501892407	1.63606697764344
0.0178088237022632	1.6709675412834
0.0178151500035641	1.64552047840661
0.017821480801098	1.57496129237803
0.01782781609966	1.87173031954102
0.0178341559040519	1.94398735167151
0.0178405002190824	1.73122345974451
0.0178468490495671	1.761225251698
0.0178532024003284	1.64047095160747
0.0178595602761956	1.64813145253258
0.0178659226820048	2.0361328706462
0.0178722896225991	1.96793771598877
0.0178786611028284	1.64254389042497
0.0178850371275497	1.84481946360874
0.0178914177016266	1.88414449390409
0.0178978028299301	1.77794034764269
0.0179041925173377	1.92335595775009
0.0179105867687342	2.33167959631315
0.0179169855890112	2.0140142086697
0.0179233889830674	2.11478070462981
0.0179297969558084	2.17326161674753
0.0179362095121469	2.04973827385935
0.0179426266570027	2.20318089785192
0.0179490483953023	2.27696308476281
0.0179554747319797	2.29885710385265
0.0179619056719757	2.21904997846695
0.0179683412202383	2.39828847859598
0.0179747813817225	2.471090825924
0.0179812261613905	2.21729776277992
0.0179876755642115	2.23645076486848
0.017994129595162	2.07282317586263
0.0180005882592254	2.16642922752141
0.0180070515613925	2.06308778120727
0.0180135195066612	1.99959544704179
0.0180199921000365	2.16729423493293
0.0180264693465308	2.16254524319101
0.0180329512511633	2.3602748379298
0.0180394378189609	2.38566802713538
0.0180459290549574	1.94691099949312
0.0180524249641941	1.87465217677459
0.0180589255517193	1.95271106931158
0.0180654308225888	2.17198976898325
0.0180719407818655	2.20878592869409
0.0180784554346198	2.13625171405046
0.0180849747859292	2.11675514925149
0.0180914988408788	1.9298722447823
0.0180980276045606	1.87440727925294
0.0181045610820745	1.84619579970952
0.0181110992785273	2.26835709626078
0.0181176421990335	2.35753744349151
0.0181241898487148	2.08802266770754
0.0181307422327005	1.85667187651168
0.018137299356127	1.9133740984328
0.0181438612241384	2.08673926353303
0.0181504278418862	2.10494241367856
0.0181569992145293	2.28571227840298
0.0181635753472342	2.04588892330056
0.0181701562451746	2.27975028590488
0.0181767419135321	2.10155558610102
0.0181833323574956	2.0706357036182
0.0181899275822614	2.23185045739605
0.0181965275930336	2.12978944214905
0.0182031323950236	2.10595316633246
0.0182097419934507	2.09941257712862
0.0182163563935414	1.78831061130777
0.0182229756005301	1.87301239214408
0.0182295996196587	2.05220245392051
0.0182362284561767	2.20350724884805
0.0182428621153412	2.05340333757752
0.0182495006024171	2.17763395024828
0.0182561439226768	1.94049061361622
0.0182627920814005	1.95792574225439
0.0182694450838761	1.99089805350068
0.0182761029353991	1.79412964011585
0.0182827656412728	1.55889163438473
0.0182894332068081	1.71843210681837
0.018296105637324	1.99603674896102
0.0183027829381468	1.59547768530449
0.018309465114611	1.85333183064267
0.0183161521720586	2.08413704709041
0.0183228441158396	2.09203929268787
0.0183295409513116	1.81828171139759
0.0183362426838403	2.01244273169553
0.018342949318799	2.25859599607287
0.018349660861569	2.04961700918881
0.0183563773175396	2.02898713034909
0.0183630986921078	1.83061505087485
0.0183698249906784	2.14313059577351
0.0183765562186645	1.84848964677911
0.0183832923814868	1.93758300347309
0.0183900334845741	1.89714935206364
0.0183967795333631	2.15892050489725
0.0184035305332986	2.08504382505281
0.0184102864898333	2.24292381839475
0.0184170474084279	2.12943752446774
0.0184238132945511	2.14860768949974
0.0184305841536797	2.13134351024382
0.0184373599912987	2.01460794849307
0.0184441408129008	2.14662928046821
0.0184509266239871	2.21325817869614
0.0184577174300667	2.0216031560024
0.0184645132366567	2.00775036605378
0.0184713140492826	2.03239127746301
0.0184781198734777	2.08871225997884
0.0184849307147838	1.66906935794507
0.0184917465787506	2.0931509459613
0.0184985674709361	1.9724039382694
0.0185053933969066	2.10457037593144
0.0185122243622365	1.70516941247287
0.0185190603725083	1.97912333552099
0.018525901433313	1.76129064838939
0.0185327475502499	2.20719752662799
0.0185395987289262	1.88796920344295
0.0185464549749578	2.2117866474524
0.0185533162939687	2.1486316910161
0.0185601826915914	2.36268207591917
0.0185670541734664	2.22592035962888
0.0185739307452429	1.98006548147686
0.0185808124125784	2.3243910555985
0.0185876991811386	2.11485014978876
0.0185945910565978	2.47419746537209
0.0186014880446387	2.13035223643883
0.0186083901509524	2.13754122999508
0.0186152973812383	2.13474301596393
0.0186222097412045	2.03048589919737
0.0186291272365675	2.21461959134436
0.0186360498730523	2.28776202945348
0.0186429776563924	2.11306283727793
0.0186499105923297	2.15409271354697
0.0186568486866149	2.15334277815551
0.0186637919450071	2.27315285263647
0.018670740373274	2.11286962146359
0.0186776939771919	1.80250602602899
0.0186846527625457	2.17471415991153
0.0186916167351289	2.24028222263224
0.0186985859007438	2.28593235561856
0.0187055602652011	2.01340595061523
0.0187125398343203	2.06052231425788
0.0187195246139296	1.97529823230117
0.018726514609866	2.13318070353207
0.018733509827975	2.17797164646054
0.0187405102741111	2.09632045506422
0.0187475159541372	2.1616213423668
0.0187545268739253	1.90815174785541
0.0187615430393561	2.01634916423179
0.018768564456319	1.95453200955389
0.0187755911307123	2.07985762605299
0.0187826230684431	2.03394706991334
0.0187896602754275	2.02733608169358
0.0187967027575902	1.79771760163662
0.018803750520865	2.27531099594607
0.0188108035711945	2.19207880262413
0.0188178619145304	1.95351683982348
0.018824925556833	2.04295270061424
0.0188319945040718	2.21376442655554
0.0188390687622253	2.26986037048783
0.0188461483372808	1.9240015097858
0.0188532332352348	2.13309682033752
0.0188603234620926	2.1819643305131
0.0188674190238688	2.10963191088692
0.0188745199265868	2.09487527296189
0.0188816261762792	1.87114455766189
0.0188887377789878	1.86810342646933
0.0188958547407632	1.61213372417235
0.0189029770676655	1.71538084487855
0.0189101047657635	1.8133700915585
0.0189172378411357	1.95463705929741
0.0189243762998692	1.85799423994813
0.0189315201480607	1.88881771298083
0.018938669391816	2.11852416932246
0.0189458240372501	2.24994037858203
0.0189529840904872	2.13873908291144
0.0189601495576608	2.40084451109156
0.0189673204449138	2.16388654350914
0.0189744967583981	1.75102747961661
0.0189816785042752	1.91463499560283
0.0189888656887159	2.04093195454689
0.0189960583179002	1.66952596457108
0.0190032563980175	2.11595454456589
0.0190104599352667	2.03419430091316
0.019017668935856	1.72267833333635
0.0190248834060032	2.0073344130015
0.0190321033519352	2.05386720697656
0.0190393287798886	1.99138826150935
0.0190465596961094	2.17722034649753
0.0190537961068533	2.31739584517573
0.0190610380183851	2.13748291970281
0.0190682854369795	2.1087564969749
0.0190755383689205	2.21611394995907
0.0190827968205018	2.26639513799031
0.0190900607980267	2.05660486782902
0.0190973303078081	2.15886506965969
0.0191046053561683	1.87199801958035
0.0191118859494395	2.0181872607585
0.0191191720939634	2.0169451665557
0.0191264637960916	2.16636810949947
0.0191337610621851	1.96908915197863
0.0191410638986147	2.2145182792656
0.0191483723117611	2.0091914239454
0.0191556863080146	2.10317608727367
0.0191630058937752	2.00991280893518
0.0191703310754529	2.27598391638017
0.0191776618594672	2.29313281701676
0.0191849982522478	1.95010649553566
0.0191923402602339	2.08715294145714
0.0191996878898748	2.05667292422626
0.0192070411476295	1.90981260429378
0.0192144000399671	1.9266048177965
0.0192217645733664	2.14437433209462
0.0192291347543162	1.85825661810939
0.0192365105893155	2.22222399131393
0.0192438920848728	2.06013474574512
0.0192512792475071	2.27878723840659
0.0192586720837471	1.90931028418644
0.0192660706001315	1.96318087640043
0.0192734748032093	2.11078341618981
0.0192808846995394	2.10806582418891
0.0192883002956908	2.23450330096151
0.0192957215982426	2.09518587588499
0.0193031486137841	2.20743044290717
0.0193105813489147	2.07147903878258
0.0193180198102441	1.95005573246196
0.0193254640043919	2.02379216437963
0.0193329139379881	2.13291285688031
0.019340369617673	1.95828571238521
0.0193478310500969	2.15907568278049
0.0193552982419207	2.05282508302904
0.0193627711998152	2.3472336009205
0.0193702499304619	2.2551374819346
0.0193777344405524	2.07578295228128
0.0193852247367885	2.12990793558593
0.0193927208258828	2.08402845805528
0.0194002227145579	1.91481977225073
0.0194077304095469	2.15074596843709
0.0194152439175935	2.28583450540717
0.0194227632454516	2.20356448653757
0.0194302883998858	2.303916662578
0.0194378193876709	2.36820021136496
0.0194453562155926	2.17074401422525
0.0194528988904467	1.92679018307753
0.0194604474190398	2.13862133083492
0.0194680018081891	2.09933697541674
0.0194755620647223	2.01551709715885
0.0194831281954777	2.40002307999915
0.0194907002073042	2.32550267890013
0.0194982781070615	2.27565454039682
0.0195058619016198	2.28141792545237
0.0195134515978601	2.16348229222435
0.0195210472026741	2.13884502054899
0.0195286487229642	1.86828276665448
0.0195362561656436	2.33317622959744
0.0195438695376362	2.05108172585994
0.0195514888458767	2.35860545927317
0.0195591140973109	2.1945581225505
0.0195667452988949	2.04915195081246
0.0195743824575962	2.20219795328265
0.0195820255803928	2.29544604748829
0.0195896746742738	2.20573872150683
0.0195973297462392	2.17101136284359
0.0196049908032999	2.17718257287397
0.0196126578524779	2.14441004185551
0.0196203309008058	1.8514212670409
0.0196280099553278	1.73395191822988
0.0196356950230986	1.94260520432576
0.0196433861111843	2.1820932932899
0.0196510832266618	2.1885043230391
0.0196587863766194	2.1460219173498
0.0196664955681564	2.13625105241122
0.019674210808383	2.1752593322638
0.0196819321044209	2.09806114961278
0.0196896594634028	2.05908887220717
0.0196973928924727	2.00985104190112
0.0197051323987857	2.1024876396764
0.0197128779895084	2.03332276182457
0.0197206296718183	1.69557230984756
0.0197283874529045	1.88251809999632
0.0197361513399674	2.03339005290837
0.0197439213402185	2.12924414497374
0.0197516974608809	1.91236449037326
0.019759479709189	1.95960002111629
0.0197672680923886	2.02771800317272
0.0197750626177369	1.9469904728941
0.0197828632925026	2.09135298694022
0.0197906701239659	1.93176781654171
0.0197984831194185	1.97150885779686
0.0198063022861634	2.03991568578242
0.0198141276315154	1.88740167071972
0.0198219591628009	1.92570099824496
0.0198297968873576	1.86623058328838
0.019837640812535	1.80215780415931
0.0198454909456944	1.87397153666213
0.0198533472942083	1.97379100416536
0.0198612098654613	2.06209390169397
0.0198690786668495	2.19667658854771
0.0198769537057809	1.91826146577905
0.0198848349896749	1.8938766890049
0.0198927225259631	2.18593193520583
0.0199006163220886	2.06455196239934
0.0199085163855065	1.9503994119003
0.0199164227236835	2.03569035733125
0.0199243353440984	1.87812007173129
0.0199322542542418	1.69435720440926
0.0199401794616163	1.80526768453365
0.0199481109737363	1.6518494326641
0.0199560487981281	1.60558553191088
0.0199639929423304	1.54708628389622
0.0199719434138933	1.75734492454725
0.0199799002203794	1.49389044456001
0.0199878633693633	1.57534468463463
0.0199958328684314	1.45743790594989
0.0200038087251824	1.4546590611207
0.0200117909472273	1.28599287012436
0.0200197795421888	1.41262559598452
0.0200277745177023	1.50467115973279
0.020035775881415	1.59590499356792
0.0200437836409865	1.68105477436251
0.0200517978040887	1.79601038222724
0.0200598183784055	1.52461899430748
0.0200678453716336	1.55660430966181
0.0200758787914814	1.55669209421722
0.0200839186456702	1.63961213913674
0.0200919649419334	1.53569685006706
0.0201000176880167	1.922589914511
0.0201080768916785	2.07613445876565
0.0201161425606895	1.81067800217483
0.0201242147028329	1.73634260185047
0.0201322933259043	1.96448991205873
0.020140378437712	1.86972908420938
0.0201484700460767	2.4802969354922
0.0201565681588317	2.04077069890294
0.0201646727838229	2.40646204964223
0.020172783928909	2.37174060904642
0.0201809016019611	2.33602451746093
0.0201890258108631	2.05291016738033
0.0201971565635115	2.1684051568285
0.0202052938678157	2.13538481208152
0.0202134377316977	2.12107795028491
0.0202215881630923	2.1375557761188
0.0202297451699472	2.21796626085718
0.0202379087602228	2.44340801792723
0.0202460789418925	2.16373641676454
0.0202542557229424	2.25676866109643
0.0202624391113716	2.30754530941299
0.0202706291151922	2.11172003221821
0.0202788257424292	2.09342257812741
0.0202870290011206	2.01962513474783
0.0202952388993173	2.18497445906491
0.0203034554450834	1.87810975272955
0.0203116786464959	1.91579694050823
0.0203199085116451	1.97566047811345
0.0203281450486342	2.15698986606302
0.0203363882655797	2.09814828440151
0.0203446381706113	1.85734283499924
0.0203528947718717	1.88814454653139
0.0203611580775169	1.80727104506356
0.0203694280957163	2.16623656898205
0.0203777048346524	2.15888151887428
0.0203859883025211	2.16102986741548
0.0203942785075315	2.17720873984784
0.0204025754579064	2.08498838204531
0.0204108791618815	2.1438592430276
0.0204191896277062	2.13086753186113
0.0204275068636435	2.13702163324977
0.0204358308779694	1.96716411201815
0.0204441616789738	2.06925576010132
0.0204524992749601	1.98191613156334
0.0204608436742449	2.25436564351505
0.0204691948851587	2.28994336356476
0.0204775529160456	2.38475667976476
0.0204859177752633	2.06328395095868
0.0204942894711829	2.00409986415728
0.0205026680121896	1.90592574301122
0.020511053406682	1.94146566713088
0.0205194456630727	1.86622742390926
0.0205278447897878	1.98512807688934
0.0205362507952675	2.34542963382492
0.0205446636879655	2.36874216908723
0.0205530834763497	2.16405826328926
0.0205615101689016	2.11886682619677
0.0205699437741168	1.93332609585932
0.0205783843005048	2.21811425346257
0.020586831756589	2.28309539278107
0.0205952861509069	1.98046251956695
0.02060374749201	1.97571767479729
0.0206122157884638	2.05114000889199
0.0206206910488479	2.16065345873734
0.0206291732817561	2.12962034436769
0.0206376624957962	2.29530178298552
0.0206461586995905	2.13756718503077
0.020654661901775	2.2680750269708
0.0206631721110004	1.8814482519788
0.0206716893359314	2.10956220625396
0.0206802135852471	1.98031306436831
0.0206887448676408	2.00098023749428
0.0206972831918203	2.22132759279758
0.0207058285665077	1.712699622907
0.0207143810004395	2.09429976545535
0.0207229405023667	1.72337905094442
0.0207315070810547	2.20811682819965
0.0207400807452835	1.80764419504331
0.0207486615038476	1.83592458764268
0.0207572493655558	2.19158121229137
0.020765844339232	2.18920916767157
0.0207744464337143	2.13884450531682
0.0207830556578555	2.3790960347547
0.0207916720205234	2.21133692915333
0.0208002955306001	2.17573419268591
0.0208089261969826	2.24619341081892
0.0208175640285828	2.07339553618571
0.0208262090343273	2.1780487910223
0.0208348612231575	1.83615553351738
0.0208435206040297	2.10095644318996
0.0208521871859151	2.01121947354479
0.0208608609777998	2.23658088806324
0.0208695419886849	1.93130176662235
0.0208782302275864	2.15967110774784
0.0208869257035355	2.28439036351728
0.0208956284255783	1.93571756311961
0.0209043384027759	2.30061920381521
0.0209130556442048	2.21148170646205
0.0209217801589565	2.10746037643708
0.0209305119561375	2.15495408547353
0.0209392510448698	2.04859414033495
0.0209479974342904	1.97073671743972
0.0209567511335518	1.66855979580811
0.0209655121518217	2.01890525462573
0.020974280498283	2.00941762066031
0.0209830561821341	2.03459561545694
0.0209918392125889	2.23509007065723
0.0210006295988765	2.33378395497085
0.0210094273502418	2.35789739362999
0.0210182324759448	2.19397422916947
0.0210270449852612	2.20511217116226
0.0210358648874824	2.21458464621344
0.0210446921919153	2.15439326278879
0.0210535269078823	2.01790568502312
0.0210623690447216	1.70990698648492
0.0210712186117871	2.17341094578538
0.0210800756184484	2.11156755152263
0.0210889400740908	2.17726424257544
0.0210978119881155	2.15430357499457
0.0211066913699394	2.18107034429776
0.0211155782289954	1.99644672958459
0.0211244725747322	1.72773009029056
0.0211333744166144	1.86945958159684
0.0211422837641226	2.0609054435362
0.0211512006267536	1.9819326636046
0.0211601250140198	1.89813054375875
0.0211690569354499	1.94664116569724
0.0211779964005889	2.17800421073908
0.0211869434189976	1.8155991262835
0.021195898000253	2.18937455393894
0.0212048601539485	1.85883635052444
0.0212138298896935	1.97718237364764
0.0212228072171139	2.01610043522267
0.0212317921458517	1.74624854718321
0.0212407846855653	2.09583383110796
0.0212497848459296	1.84260430455569
0.0212587926366357	1.78878919957968
0.0212678080673912	2.10445536791557
0.0212768311479203	1.86392184252089
0.0212858618879635	2.18762387134051
0.021294900297278	2.09424932954875
0.0213039463856375	2.09751186515686
0.0213130001628325	2.08145131064813
0.0213220616386698	1.86373167262972
0.0213311308229733	1.96693231489721
0.0213402077255832	2.19714961363906
0.0213492923563567	2.01978677217094
0.0213583847251679	1.84736059116685
0.0213674848419074	1.88328502960537
0.021376592716483	1.86075812037027
0.0213857083588192	1.70167976641077
0.0213948317788574	2.08286970249299
0.0214039629865561	1.93468921939413
0.0214131019918908	1.97114096769223
0.0214222488048539	1.98356133212762
0.0214314034354552	1.77039844610582
0.0214405658937212	1.76003300279065
0.0214497361896958	2.11714623096912
0.0214589143334401	1.77849319941554
0.0214681003350324	2.10152178815451
0.0214772942045681	1.71064681616775
0.0214864959521602	2.12859255686059
0.0214957055879388	2.02410723266727
0.0215049231220515	1.99058348880603
0.0215141485646632	2.14097148451877
0.0215233819259564	2.14244920547516
0.021532623216131	2.13977779650537
0.0215418724454044	2.14977542757022
0.0215511296240116	2.13360111191734
0.0215603947622051	1.9336584746244
0.0215696678702553	1.99252707479541
0.0215789489584501	1.93544769898818
0.021588238037095	2.18501353290961
0.0215975351165134	2.04940137114392
0.0216068402070466	1.999292309135
0.0216161533190534	1.89251097924832
0.0216254744629109	2.18600183849446
0.0216348036490137	2.20899727863968
0.0216441408877746	2.41968507536097
0.0216534861896242	2.18804848821253
0.0216628395650114	2.02908842854252
0.0216722010244028	2.42988182012704
0.0216815705782834	1.8512789615181
0.0216909482371561	2.02789830098042
0.0217003340115423	2.13655030387186
0.0217097279119813	2.2067081096862
0.0217191299490307	2.14681363190343
0.0217285401332667	2.02657614296555
0.0217379584752834	2.10875857579533
0.0217473849856936	2.14743515977379
0.0217568196751284	2.08161128054273
0.0217662625542373	2.07014304543566
0.0217757136336884	2.29782044784378
0.0217851729241683	2.41802843626534
0.0217946404363822	2.30018495643276
0.0218041161810539	2.09345466050083
0.0218136001689257	2.07631740625082
0.0218230924107589	1.91484095028543
0.0218325929173334	1.99689704107522
0.0218421016994478	2.01840246899021
0.0218516187679195	1.88375239042617
0.021861144133585	1.8219913193269
0.0218706778072995	1.87226753477527
0.0218802197999372	1.9328812464029
0.0218897701223913	2.0933488955785
0.0218993287855739	2.00805676601434
0.0219088958004164	1.9175137068205
0.0219184711778691	2.15636426780081
0.0219280549289017	2.27014637861597
0.0219376470645027	2.15619616635502
0.0219472475956802	1.92340646608042
0.0219568565334615	2.12704966659149
0.021966473888893	1.94957487977527
0.0219760996730408	2.25157925244833
0.0219857338969901	2.23501049016188
0.0219953765718458	2.18945617784889
0.0220050277087321	2.2832118168703
0.0220146873187928	2.15507539132701
0.0220243554131913	2.17997499384304
0.0220340320031106	2.14721891741411
0.0220437170997534	2.26724791088206
0.022053410714342	2.10397557246595
0.0220631128581186	2.08651655400517
0.022072823542345	2.15903751960753
0.0220825427783031	1.93923502354403
0.0220922705772943	2.00205348742779
0.0221020069506403	2.18254239515753
0.0221117519096827	2.09727165679258
0.0221215054657828	2.06039246057192
0.0221312676303223	2.04011487422723
0.0221410384147028	2.03421506129962
0.0221508178303463	1.91648644488693
0.0221606058886947	1.81121406984866
0.0221704026012102	1.77468139791703
0.0221802079793754	2.00445090871149
0.0221900220346931	2.08999970391254
0.0221998447786865	1.68119535588976
0.0222096762228993	1.61584985592669
0.0222195163788955	1.52683286969737
0.0222293652582597	1.89339770700806
0.0222392228725971	1.65536642858948
0.0222490892335334	1.71917300776435
0.022258964352715	1.78335518029449
0.0222688482418088	1.51082103278728
0.0222787409125028	1.73375394269816
0.0222886423765054	1.68474618775713
0.0222985526455461	1.67813372121195
0.0223084717313751	1.8301173335352
0.0223183996457636	1.63086385746996
0.0223283364005037	1.97818780521511
0.0223382820074086	1.95060187594771
0.0223482364783125	1.80694109041753
0.0223581998250706	1.95910021959692
0.0223681720595596	1.97857313051611
0.022378153193677	1.98621977504913
0.0223881432393417	2.18950292534746
0.0223981422084939	2.11467848013057
0.0224081501130951	2.36041404249399
0.0224181669651284	2.45045773404044
0.022428192776598	2.34351728200484
0.0224382275595298	2.26565109127498
0.0224482713259712	2.34460299114494
0.0224583240879911	2.3167326057235
0.0224683858576802	2.14229600521549
0.0224784566471506	2.43069935761713
0.0224885364685364	2.1880620896951
0.0224986253339933	2.28514654451062
0.022508723255699	1.85055645082148
0.0225188302458528	2.13769539968789
0.0225289463166762	2.32641863564593
0.0225390714804125	2.49596758247339
0.0225492057493271	2.40059188062856
0.0225593491357074	2.06095717135054
0.022569501651863	1.89451971093225
0.0225796633101257	2.11364316208484
0.0225898341228492	2.29355183854473
0.02260001410241	2.18138562538253
0.0226102032612065	1.97358520847835
0.0226204016116596	1.87355801823151
0.0226306091662126	1.77345548988211
0.0226408259373314	2.18113117690943
0.0226510519375042	2.08903547385936
0.022661287179242	1.86626108770551
0.0226715316750783	1.83587551328628
0.0226817854375691	1.79297407836355
0.0226920484792936	2.04900236407525
0.0227023208128533	2.06193296405885
0.0227126024508727	1.98798895597905
0.0227228934059993	1.86541273752432
0.0227331936909034	1.92227082153414
0.0227435033182783	1.92695074838905
0.0227538223008404	2.08265908764813
0.0227641506513291	2.00741218404944
0.0227744883825069	2.11783423993674
0.0227848355071598	2.40450068221242
0.0227951920380965	2.10007018857605
0.0228055579881496	2.19856766096606
0.0228159333701747	1.78858028064421
0.0228263181970508	2.08439040407398
0.0228367124816805	2.11677790391835
0.0228471162369898	2.08441476596872
0.0228575294759284	2.14384458099924
0.0228679522114694	2.03328894971433
0.0228783844566098	1.96673221471653
0.0228888262243703	1.83791910786239
0.0228992775277952	1.96308758867947
0.0229097383799528	1.57394780201464
0.0229202087939352	1.89043720165445
0.0229306887828586	2.27020526229522
0.022941178359863	1.66245527598728
0.0229516775381125	2.05900506734267
0.0229621863307954	1.6824857817478
0.0229727047511241	1.91838186937043
0.0229832328123353	1.91292700709978
0.0229937705276899	2.27871651724839
0.023004317910473	2.1541738334125
0.0230148749739944	2.14720123434559
0.0230254417315881	1.97611510304439
0.0230360181966127	2.06925494771376
0.0230466043824513	1.99640154684813
0.0230572003025117	1.99311485322826
0.0230678059702262	1.98599022238769
0.0230784213990521	2.07725154931809
0.0230890466024711	2.04019953701335
0.0230996815939901	1.95845764860349
0.0231103263871408	2.12115679969336
0.0231209809954797	2.01630277026647
0.0231316454325884	2.07531466027836
0.0231423197120737	2.19969471929159
0.0231530038475674	2.22241138563177
0.0231636978527264	2.05303011042539
0.0231744017412331	2.04273523415758
0.0231851155267949	2.00920578427421
0.0231958392231447	1.9129681066436
0.023206572844041	2.00862159954997
0.0232173164032674	2.16689354212941
0.0232280699146334	2.33632905914769
0.0232388333919739	2.07512816749756
0.0232496068491494	1.87151934961281
0.0232603903000463	2.26247340114355
0.0232711837585767	2.08694128856721
0.0232819872386784	1.80703318041012
0.0232928007543153	2.16336986793237
0.0233036243194771	2.13173848892646
0.0233144579481797	2.32897052723703
0.0233253016544649	2.25279345552593
0.0233361554524006	2.10795081629715
0.0233470193560811	1.94974476580931
0.0233578933796268	1.8813327457786
0.0233687775371845	2.10618521645201
0.0233796718429272	2.22364727065698
0.0233905763110547	2.13707193103377
0.023401490955793	2.1591388815462
0.0234124157913947	2.13882504816866
0.0234233508321392	2.25301776839493
0.0234342960923324	1.89774699561225
0.0234452515863069	2.22240931585268
0.0234562173284225	2.06777936358313
0.0234671933330655	1.78136309670001
0.0234781796146492	2.18910044151913
0.023489176187614	1.77875125438116
0.0235001830664273	2.08556790087005
0.0235112002655837	2.20453228987746
0.023522227799605	2.04747755676445
0.0235332656830401	2.10221460149535
0.0235443139304655	2.05230825141472
0.0235553725564847	1.93062489461807
0.0235664415757289	1.91903973708803
0.0235775210028569	2.09507050924197
0.023588610852555	2.24044733844148
0.0235997111395369	2.10224425131595
0.0236108218785443	1.91293289219707
0.0236219430843467	1.89720204044641
0.0236330747717412	1.74843381624356
0.0236442169555529	1.7938629076181
0.0236553696506351	2.0545586584676
0.0236665328718687	1.91839370886384
0.0236777066341631	1.76574994415267
0.0236888909524557	2.12406826329126
0.0237000858417122	1.89974650821671
0.0237112913169264	2.04772781732587
0.0237225073931207	2.18810369451225
0.0237337340853458	2.32059579032036
0.0237449714086812	2.02687182899664
0.0237562193782345	2.34007020668721
0.0237674780091422	2.04400214922936
0.0237787473165696	2.22941110717295
0.0237900273157106	1.85627689432347
0.023801318021788	2.31167009572223
0.0238126194500536	2.05208989143887
0.0238239316157879	2.06087664320949
0.0238352545343009	2.04139251378763
0.0238465882209313	1.88848175777172
0.0238579326910472	2.07219656071581
0.023869287960046	2.17299927073297
0.0238806540433542	2.43195332520361
0.0238920309564279	2.11694477661711
0.0239034187147527	1.95701478565901
0.0239148173338435	1.87667598447988
0.023926226829245	2.23575382117581
0.0239376472165316	2.29193427850564
0.0239490785113074	2.25563008132147
0.0239605207292061	2.1867602812733
0.0239719738858918	2.41659011182292
0.023983437997058	2.0834284733722
0.0239949130784286	2.29744512242224
0.0240063991457575	2.25893125586825
0.0240178962148288	2.312641973309
0.0240294043014568	2.32749536421611
0.0240409234214862	2.08773154627106
0.024052453590792	1.98959370956059
0.0240639948252798	2.24918694541313
0.0240755471408856	2.39722125336213
0.024087110553576	2.166888795134
0.0240986850793486	1.88607007371057
0.0241102707342313	2.01175130138793
0.0241218675342832	2.13598105137592
0.0241334754955942	2.26596608384767
0.0241450946342851	2.20132300549756
0.0241567249665079	2.08725999494079
0.0241683665084457	1.7800742415767
0.0241800192763126	2.14205802593134
0.0241916832863543	2.21075505490751
0.0242033585548477	2.08260671339826
0.0242150450981012	2.17174454469751
0.0242267429324547	2.07115205538816
0.0242384520742795	1.75554025971022
0.0242501725399789	2.07546010596896
0.0242619043459876	2.18024858614674
0.0242736475087725	2.09778183850867
0.0242854020448321	1.99241832367653
0.0242971679706969	2.02677252870225
0.0243089453029296	2.11886519845126
0.0243207340581249	2.09272008964521
0.0243325342529097	2.0470836396809
0.0243443459039433	2.28838845474666
0.0243561690279173	1.9523147175964
0.0243680036415557	1.83615509036924
0.0243798497616151	1.75754550104746
0.0243917074048846	1.84716242634982
0.024403576588186	1.50504060676631
0.024415457328374	1.48241512588476
0.024427349642336	1.56180452193014
0.0244392535469923	1.32783382784925
0.0244511690592963	1.93509587795647
0.0244630961962344	1.65447948422397
0.0244750349748262	1.81620552147434
0.0244869854121246	1.67875921936748
0.0244989475252156	1.55847421187682
0.0245109213312188	1.5138443463938
0.0245229068472873	1.64541293081881
0.0245349040906077	1.4711238697495
0.0245469130784002	1.65487937837257
0.0245589338279188	1.73433808695739
0.0245709663564513	1.90535440586947
0.0245830106813194	1.74369938799747
0.0245950668198788	1.94349714940587
0.0246071347895192	1.76059164623445
0.0246192146076645	2.22511204237442
0.0246313062917729	2.15235044517643
0.0246434098593367	2.04978435647124
0.0246555253278828	2.19345389106645
0.0246676527149724	2.02340342039833
0.0246797920382016	2.27077004135151
0.0246919433152008	2.18600413189091
0.0247041065636353	2.24241045534537
0.0247162818012052	2.18725800834701
0.0247284690456455	2.19658032283753
0.0247406683147263	1.91825720658076
0.0247528796262526	2.21429574067081
0.0247651029980646	2.05942953234848
0.024777338448038	2.12483126930965
0.0247895859940835	1.93035576450852
0.0248018456541474	2.09534997420344
0.0248141174462117	1.72674115510522
0.0248264013882936	2.10105839499407
0.0248386974984463	2.30216163356634
0.0248510057947588	2.32633727866432
0.0248633262953557	2.18242588579524
0.0248756590183978	1.95700687581643
0.0248880039820819	2.09299667177417
0.0249003612046409	1.96722799578289
0.0249127307043439	1.99156967214268
0.0249251124994965	2.03458374754941
0.0249375066084405	2.09598653225483
0.0249499130495543	2.06627451340126
0.0249623318412528	2.24996981622552
0.0249747630019877	2.24958626551531
0.0249872065502475	2.2584964518002
0.0249996625045574	2.25144156417542
0.0250121308834797	2.13037293879274
0.0250246117056137	2.11503941768764
0.0250371049895958	2.07245212893161
0.0250496107540997	2.09100408166547
0.0250621290178365	2.0800393228763
0.0250746597995544	1.92065320837135
0.0250872031180396	2.29253625956664
0.0250997589921154	2.08445357602134
0.0251123274406432	2.19880534116194
0.0251249084825221	2.00530463888973
0.0251375021366889	2.01567456480844
0.0251501084221187	2.00477344014026
0.0251627273578243	1.80007283151708
0.025175358962857	2.08848603403165
0.0251880032563063	2.16967272627414
0.0252006602573	2.18092296934268
0.0252133299850044	2.39237854612988
0.0252260124586243	2.08910184042034
0.0252387076974033	2.14874405863252
0.0252514157206236	2.33493728750747
0.0252641365476065	2.21734568794418
0.0252768701977119	2.00783332747825
0.025289616690339	2.18162714180557
0.0253023760449261	2.00116124516018
0.0253151482809508	2.01898895081963
0.0253279334179299	2.20505657955645
0.0253407314754197	2.01257424255223
0.0253535424730162	2.13796802230623
0.0253663664303549	2.01791984583885
0.0253792033671109	2.15768611189927
0.0253920533029996	2.02562388011779
0.0254049162577758	1.86689890884468
0.0254177922512348	1.83783324276588
0.0254306813032118	1.80994987669994
0.0254435834335823	2.1602804005629
0.0254564986622623	2.13957493744493
0.0254694270092079	1.92026201386499
0.0254823684944163	2.06550904247937
0.0254953231379248	2.03883627033865
0.0255082909598119	2.28865900332429
0.0255212719801968	2.06473111737472
0.0255342662192395	2.24375784052699
0.0255472736971414	2.15330354848336
0.0255602944341449	2.09560635004333
0.0255733284505337	1.82029826714219
0.025586375766633	2.25352784283157
0.0255994364028094	2.02594564321259
0.0256125103794711	2.07806355763251
0.025625597717068	2.18333481519918
0.0256386984360919	2.08294696958987
0.0256518125570765	2.23723963005485
0.0256649401005976	1.93578396226462
0.0256780810872728	2.03792058491732
0.0256912355377625	1.99326796398116
0.025704403472769	1.93563997562839
0.0257175849130372	2.16745102792563
0.0257307798793548	1.94462752589589
0.0257439883925518	2.17362175208026
0.0257572104735012	1.83691004122977
0.025770446143119	2.04595957621901
0.025783695422364	2.15842083549376
0.0257969583322382	2.10303376519277
0.025810234893787	2.41707063610118
0.0258235251280989	2.16338819779521
0.0258368290563059	1.76962068477157
0.0258501466995838	1.86926734443644
0.0258634780791518	1.57548177034368
0.025876823216273	1.82883057072272
0.0258901821322545	2.10080308945551
0.0259035548484473	1.64382479112709
0.0259169413862466	1.59122234251354
0.0259303417670918	1.88842378639741
0.0259437560124667	2.07338491281356
0.0259571841438996	2.00918429464322
0.0259706261829633	1.6349920756009
0.0259840821512754	2.37775112336866
0.0259975520704983	2.15187789170014
0.0260110359623394	2.16623050176013
0.026024533848551	1.95354193372033
0.0260380457509307	1.70409878958684
0.0260515716913214	2.04955848453577
0.0260651116916114	2.02404198132722
0.0260786657737344	2.00108070775545
0.02609223395967	2.1565298834699
0.0261058162714433	2.04999395889733
0.0261194127311254	2.20370896310872
0.0261330233608335	2.33529253398503
0.0261466481827308	2.16815544516912
0.0261602872190267	2.13286922297571
0.0261739404919771	1.92442744509355
0.0261876080238844	1.94360244064053
0.0262012898370974	2.01043156772176
0.0262149859540118	1.9496376841065
0.0262286963970702	2.10282825347153
0.026242421188762	2.05978812375562
0.0262561603516238	2.34220374087441
0.0262699139082394	1.93653365024682
0.02628368188124	1.95001238300638
0.0262974642933043	1.70479739371567
0.0263112611671583	2.01878283825453
0.0263250725255761	2.20777219006559
0.0263388983913794	2.02906939609944
0.026352738787438	1.88277736380646
0.0263665937366697	2.42534084024343
0.0263804632620405	2.21189658355818
0.026394347386565	1.9567305549468
0.0264082461333059	2.0470357897995
0.0264221595253747	2.01033273430657
0.0264360875859318	2.0626316154775
0.0264500303381861	2.14433783220991
0.0264639878053957	2.30082021176176
0.0264779600108678	2.3078981374249
0.0264919469779589	2.33397535374819
0.0265059487300748	2.05942330937935
0.0265199652906707	2.28338782099473
0.0265339966832517	2.13606898706248
0.0265480429313725	2.17817454593662
0.0265621040586376	2.07500016665495
0.0265761800887019	1.85768464198095
0.0265902710452701	1.87826956085153
0.0266043769520974	1.59128830690772
0.0266184978329894	1.72433350709054
0.0266326337118021	1.70039635577773
0.0266467846124424	1.90875258006274
0.0266609505588681	1.52347828912786
0.0266751315750878	1.86394495048554
0.0266893276851612	1.74324443546461
0.0267035389131993	1.89966804342
0.0267177652833645	1.75233848020667
0.0267320068198709	1.48224131146377
0.0267462635469838	1.95194309446074
0.0267605354890206	1.84780187573841
0.0267748226703507	2.01890303775197
0.0267891251153954	1.68222209354579
0.0268034428486283	1.94450395724703
0.0268177758945752	1.78013553441004
0.0268321242778146	1.91319968417128
0.0268464880229776	2.00101197317028
0.0268608671547478	2.21384358907172
0.0268752616978621	1.98429757395791
0.0268896716771101	2.34581915882036
0.0269040971173349	2.12749300712723
0.0269185380434327	2.23256638184788
0.0269329944803534	2.19037316770256
0.0269474664531003	2.2958948541965
0.0269619539867306	2.13381195548235
0.0269764571063554	2.15925787734695
0.0269909758371399	2.25290681144125
0.0270055102043034	2.35116978924734
0.0270200602331195	1.92744032404335
0.0270346259489166	2.1181277116404
0.0270492073770775	2.21871070091835
0.0270638045430398	2.01809612807537
0.027078417472296	2.06944970945645
0.0270930461903939	2.07172547778264
0.0271076907229363	2.29898545253192
0.0271223510955815	2.19937949735414
0.0271370273340434	2.0437012595131
0.0271517194640915	2.01314980576073
0.0271664275115511	2.10401126433231
0.0271811515023035	2.24473578114964
0.0271958914622863	2.18443972774322
0.0272106474174932	1.98361077808326
0.0272254193939743	2.00594211985537
0.0272402074178366	2.0583589508675
0.0272550115152436	2.09138859537612
0.0272698317124158	1.78288690004736
0.0272846680356307	1.91722429310702
0.027299520511223	2.26628404897831
0.0273143891655849	2.26096791107719
0.0273292740251661	2.20656642265241
0.0273441751164738	2.05994417444095
0.0273590924660733	1.80888727548973
0.0273740261005877	1.96258203341112
0.0273889760466984	1.90373608248999
0.027403942331145	1.90574069262424
0.0274189249807258	1.77471849482058
0.0274339240222974	1.88841579174369
0.0274489394827754	2.08193192311381
0.0274639713891344	2.04349107781077
0.0274790197684081	2.11925483780775
0.0274940846476893	2.00207432549159
0.0275091660541305	2.13598463123178
0.0275242640149437	2.16480438662368
0.0275393785574005	2.26974142692075
0.0275545097088328	2.05902224062645
0.0275696574966323	1.92771765131993
0.0275848219482511	1.89404493885819
0.0276000030912016	2.16245758759383
0.0276152009530571	2.12998073686011
0.0276304155614513	2.05461216077676
0.0276456469440791	1.82995894122823
0.0276608951286964	2.13370720265873
0.0276761601431202	2.16393318754667
0.0276914420152294	2.29600213112119
0.0277067407729639	2.05647345016268
0.027722056444326	2.16472958935935
0.0277373890573794	2.16264814769811
0.0277527386402503	2.08147410188372
0.027768105221127	2.09623837774688
0.0277834888282604	2.1928628839473
0.0277988894899639	1.97335126185492
0.0278143072346138	2.17232669206239
0.0278297420906494	2.15717002500316
0.0278451940865731	1.97222466995565
0.0278606632509506	2.18334124850106
0.0278761496124113	2.1726529019479
0.0278916531996481	2.17567372692033
0.0279071740414178	1.8590497919788
0.0279227121665413	2.22079160290715
0.0279382676039037	2.01922108036972
0.0279538403824545	2.14880400713608
0.0279694305312079	1.90824971126878
0.0279850380792426	2.24524396343578
0.0280006630557024	2.08731682828649
0.0280163054897963	2.05931747203096
0.0280319654107985	2.3994370783506
0.0280476428480487	2.43086553282761
0.0280633378309522	2.16350970632815
0.0280790503889804	1.8305641535993
0.0280947805516704	1.93965663603577
0.0281105283486258	2.21785120546502
0.0281262938095165	1.86334387948751
0.028142076964079	1.90773198279024
0.0281578778421167	1.90940511151281
0.0281736964734997	2.23095531916017
0.0281895328881655	2.16407793996952
0.0282053871161189	2.19437045066666
0.0282212591874322	2.15131253391401
0.0282371491322455	2.08218317740682
0.0282530569807666	1.8436978033933
0.0282689827632717	1.92128219474388
0.0282849265101052	2.17999657807612
0.02830088825168	2.00201484401465
0.0283168680184775	2.26425069897012
0.0283328658410482	2.26248946352339
0.0283488817500118	2.12411226242329
0.0283649157760569	1.86024289046266
0.0283809679499418	1.99643700518101
0.0283970383024945	2.16371010988342
0.0284131268646127	2.03140428198764
0.0284292336672644	2.11613294373992
0.0284453587414876	2.19189262649071
0.0284615021183909	2.12737720986444
0.0284776638291535	1.97073416156008
0.0284938439050256	2.22133039660436
0.0285100423773283	2.18502889214032
0.028526259277454	2.07517543057747
0.0285424946368665	2.11942961754049
0.0285587484871016	2.21520886628383
0.0285750208597665	2.32385753316382
0.0285913117865408	2.17683836406765
0.0286076212991764	2.02809523079225
0.0286239494294974	2.19278355231926
0.0286402962094008	2.11926544022224
0.0286566616708566	2.11912776621243
0.0286730458459078	2.24593361998162
0.0286894487666706	2.16893783783035
0.0287058704653349	1.90994409090109
0.0287223109741644	2.11852861327713
0.0287387703254966	2.15379306330385
0.0287552485517432	2.1739159642433
0.0287717456853903	2.2545081804217
0.0287882617589986	1.88119219057994
0.0288047968052037	2.01797695210912
0.0288213508567159	1.60789635658517
0.0288379239463212	1.64878895368201
0.0288545161068807	1.60336225042565
0.0288711273713313	1.65210418555181
0.0288877577726858	1.69388297357106
0.0289044073440331	1.53237546958147
0.0289210761185384	1.56732640971956
0.0289377641294434	1.51781961508932
0.0289544714100667	1.61243639577076
0.0289711979938038	1.48514896156546
0.0289879439141274	1.62530889582192
0.0290047092045877	1.7400237264632
0.0290214938988126	1.58421462564943
0.0290382980305078	2.27069570513685
0.029055121633457	1.70395432969582
0.0290719647415225	1.89313827527794
0.0290888273886449	1.91225798492813
0.0291057096088438	2.20811517917234
0.0291226114362178	2.22931889608408
0.0291395329049446	2.29715612060865
0.0291564740492816	2.28578034777491
0.0291734349035656	2.21190922131837
0.0291904155022136	2.22262217174189
0.0292074158797228	2.25778060222776
0.0292244360706706	2.18594493390524
0.0292414761097153	2.09198226512122
0.0292585360315958	1.99272179394156
0.0292756158711324	2.26021047867134
0.0292927156632265	2.16732512009684
0.0293098354428612	1.95957520840559
0.0293269752451015	2.09749141752809
0.0293441351050944	1.91893058028514
0.0293613150580692	1.89017098102325
0.0293785151393377	2.03399394120801
0.0293957353842947	2.03069513014065
0.0294129758284178	1.95900668775225
0.0294302365072679	1.99040400467287
0.0294475174564896	1.99424055672601
0.0294648187118112	1.91015989995234
0.0294821403090449	1.93346536087743
0.0294994822840872	2.0630904393037
0.0295168446729192	2.08078494557373
0.0295342275116068	2.33178183274444
0.0295516308363006	2.26471406918408
0.0295690546832369	2.46259319666333
0.0295864990887371	2.38622722621375
0.0296039640892087	1.98037859320956
0.029621449721145	2.02204086373601
0.0296389560211256	2.15213574990593
0.0296564830258167	2.34317255046318
0.0296740307719712	2.25685471353291
0.0296915992964292	2.3741267813892
0.0297091886361178	2.28009637874016
0.029726798828052	2.12383161423889
0.0297444299093343	2.08045427731037
0.0297620819171556	2.0590019169369
0.0297797548887948	1.82348171112242
0.0297974488616196	2.4386887565653
0.0298151638730865	1.99475456756604
0.0298328999607412	2.34971405045819
0.0298506571622187	2.07252566581189
0.0298684355152437	2.2713647257178
0.0298862350576309	2.17396325106319
0.029904055827285	2.26784978354269
0.0299218978622014	2.0794792045547
0.029939761200466	2.24765786538915
0.0299576458802558	2.15660007429977
0.0299755519398392	2.07226516019896
0.0299934794175759	2.10312251988809
0.0300114283519177	1.87549439418551
0.0300293987814083	2.15001995040944
0.0300473907446838	2.25017622138707
0.030065404280473	2.39202335519869
0.0300834394275977	2.23424226363425
0.0301014962249726	2.12317938839384
0.0301195747116064	2.17417568901614
0.030137674926601	1.93246295002899
0.0301557969091527	2.15140991165019
0.0301739406985522	1.78013179380199
0.0301921063341844	2.24161070900279
0.0302102938555296	1.67601451987547
0.030228503302163	2.16532832928184
0.0302467347137553	2.15572350808106
0.0302649881300729	2.26073616535022
0.0302832635909786	2.19056091809379
0.030301561136431	2.0763498081506
0.0303198808064859	1.79111955150989
0.0303382226412955	1.94013894323857
0.0303565866811096	2.07193548476957
0.0303749729662753	2.19788170937852
0.0303933815372377	2.17580191203357
0.0304118124345399	2.29673376804745
0.0304302656988232	2.30467199713939
0.030448741370828	1.87533328997517
0.0304672394913934	1.88662929332068
0.0304857601014579	1.85163635609745
0.0305043032420596	1.87621364749892
0.0305228689543366	1.98391251426996
0.0305414572795271	1.93622341684172
0.0305600682589698	2.1951502531149
0.0305787019341042	2.51385645051242
0.0305973583464711	2.14953989175116
0.0306160375377126	1.98113149233878
0.0306347395495726	2.23068644510697
0.030653464423897	1.94242169257667
0.0306722122026342	1.7897134542759
0.0306909829278351	2.07867798880397
0.0307097766416538	2.07445238480457
0.0307285933863476	1.87932636577276
0.0307474332042774	2.05762676732143
0.0307662961379081	1.80440029258869
0.030785182229809	2.08919027549954
0.0308040915226537	2.13435806321269
0.0308230240592209	2.14420525114077
0.0308419798823946	2.12821467396951
0.0308609590351643	1.98649509950774
0.0308799615606251	2.13920603080091
0.0308989875019788	2.15876871412772
0.0309180369025334	1.98938642641469
0.0309371098057039	2.16933196608319
0.0309562062550123	2.19172158738093
0.0309753262940885	2.23035507191549
0.0309944699666698	1.82499489576343
0.0310136373166021	2.03977980660111
0.0310328283878396	1.90851458065583
0.0310520432244455	2.06450137402426
0.0310712818705919	1.92952451912178
0.0310905443705608	2.14282193282472
0.0311098307687439	1.77365739413765
0.0311291411096431	1.56066028661564
0.031148475437871	1.79467782259815
0.0311678337981509	1.83250488286274
0.0311872162353176	1.66011656288991
0.0312066227943172	1.99752002627489
0.031226053520208	1.72000857387083
0.0312455084581604	1.63534527707663
0.0312649876534577	2.02755600779466
0.0312844911514958	1.92640700366092
0.0313040189977843	1.92138254411345
0.0313235712379464	2.00846496566273
0.0313431479177193	2.32129376304855
0.0313627490829545	2.27163516938017
0.0313823747796186	2.35001675556282
0.031402025053793	2.1060362199389
0.0314216999516747	2.20541446225396
0.0314413995195767	2.20739669592695
0.031461123803928	2.25162625985501
0.0314808728512743	1.88289348172473
0.0315006467082782	2.10006530651733
0.0315204454217196	1.91656353799668
0.0315402690384962	2.20529994176097
0.0315601176056235	2.12993984606528
0.0315799911702358	2.15325561761741
0.0315998897795857	2.25343336156328
0.0316198134810455	2.25262006983062
0.0316397623221067	2.18005391387887
0.0316597363503809	1.76263165620366
0.0316797356135998	1.90097419710132
0.0316997601596159	2.15835628249188
0.0317198100364029	1.90666217690585
0.0317398852920558	1.93772364272575
0.0317599859747915	2.13086673085051
0.0317801121329489	2.08178876585134
0.0318002638149899	1.79521883323978
0.031820441069499	1.79278673239314
0.0318406439451844	1.87030449852234
0.0318608724908779	2.09685159184787
0.0318811267555355	2.08693047563467
0.0319014067882378	2.06254250664027
0.0319217126381904	2.2551611836547
0.0319420443547241	2.04864946557377
0.0319624019872956	2.05691101338734
0.0319827855854878	1.9683835271995
0.03200319519901	2.0286722295347
0.0320236308776986	1.89593172007292
0.0320440926715173	2.16145435476952
0.0320645806305577	2.12180180329722
0.0320850948050394	2.3289679776853
0.0321056352453108	2.23581933055416
0.0321262020018492	2.34880915646347
0.0321467951252613	1.72680032990277
0.0321674146662837	2.15897615064915
0.0321880606757832	2.10143124938586
0.0322087332047574	2.14613435017147
0.0322294323043348	2.26122302538717
0.0322501580257756	2.09545148033309
0.0322709104204719	2.13655317220392
0.032291689539948	2.14864881403848
0.0323124954358613	2.1636593163312
0.0323333281600021	1.97963639096865
0.0323541877642946	2.02218450885276
0.0323750743007968	2.02691611424193
0.0323959878217015	2.13611959886943
0.0324169283793364	2.13632263970022
0.0324378960261644	1.84805776959682
0.0324588908147844	2.18331368524836
0.0324799127979314	1.90248145314075
0.0325009620284773	1.99614230764199
0.0325220385594311	1.98043216001316
0.0325431424439392	1.99067985688989
0.0325642737352863	1.89401841207483
0.0325854324868954	2.05810011603601
0.0326066187523286	2.1973553371271
0.0326278325852872	2.3593730348211
0.0326490740396124	1.84220493793266
0.0326703431692859	2.10055684936082
0.0326916400284299	2.13835312430048
0.032712964671308	1.99706066548192
0.0327343171523252	1.8544695725605
0.032755697526029	2.13483049325878
0.0327771058471092	2.15088078617372
0.0327985421703989	1.92171541752771
0.0328200065508746	2.25177739972169
0.0328414990436568	2.3067360095996
0.0328630197040106	1.94229445030217
0.032884568587346	2.34680146048779
0.0329061457492183	2.19368311722577
0.0329277512453288	2.23019545386518
0.0329493851315253	2.00328969147613
0.0329710474638024	2.07553438987629
0.0329927382983018	2.05377520678493
0.0330144576913135	2.09025330213602
0.0330362056992753	2.20309890981595
0.0330579823787744	1.81069702146055
0.0330797877865467	2.24769911903156
0.0331016219794783	2.41351689780798
0.0331234850146054	2.17973100529483
0.0331453769491152	2.2379227299861
0.0331672978403458	2.10144466527727
0.0331892477457876	2.25871398154164
0.0332112267230828	2.01358329334223
0.0332332348300266	2.06750009348094
0.0332552721245675	1.70206364562833
0.033277338664808	1.72124874193022
0.0332994345090044	1.67843328094047
0.0333215597155684	1.59783272289078
0.0333437143430668	1.86312685088781
0.033365898450222	1.74331373319708
0.0333881120959133	1.70415578342489
0.0334103553391765	1.57399099584014
0.033432628239205	1.82776955581029
0.0334549308553502	1.62785688711062
0.0334772632471217	1.55037596201583
0.0334996254741885	2.04340411872585
0.0335220175963788	1.68041011506849
0.033544439673681	1.82232389806051
0.0335668917662441	1.88482618237247
0.0335893739343784	2.06278528848391
0.0336118862385556	2.33461151725136
0.0336344287394098	2.15620212413389
0.0336570014977378	2.17585618201507
0.0336796045744999	2.22509806037308
0.0337022380308199	2.05792650768904
0.0337249019279865	2.29625187808854
0.0337475963274529	1.92790280774969
0.033770321290838	1.92260114882924
0.033793076879927	1.93338832196534
0.0338158631566715	2.32139685810771
0.0338386801831904	1.90491993181079
0.0338615280217702	2.01423021168095
0.033884406734866	2.11150464111476
0.0339073163851016	2.06550099126197
0.0339302570352704	1.96472264284839
0.0339532287483359	2.05541190637254
0.033976231587432	2.20064830418839
0.033999265615864	2.00333255195511
0.0340223308971089	2.02914990476687
0.0340454274948161	2.01715903521319
0.0340685554728081	1.87005414840009
0.0340917148950806	2.09062427329874
0.0341149058258037	2.37276155244704
0.0341381283293222	2.42607473623685
0.0341613824701562	2.2635333087917
0.0341846683130016	2.2906751654222
0.0342079859227309	2.1182661037021
0.0342313353643938	2.02855032187934
0.0342547167032177	2.16015472257703
0.0342781300046082	2.00393087088176
0.0343015753341501	2.18539057970562
0.0343250527576074	1.91147811326632
0.0343485623409245	2.05462166050694
0.0343721041502266	2.15495818206068
0.0343956782518203	2.31035863018819
0.0344192847121941	2.1345320901222
0.0344429235980193	2.11650338602683
0.0344665949761504	2.19074690659679
0.0344902989136258	2.30318815305163
0.0345140354776686	2.21083140535037
0.0345378047356869	2.16892031477641
0.0345616067552747	1.90718174754307
0.0345854416042124	2.17827602591432
0.0346093093504676	1.91713674223993
0.0346332100621956	2.09127924267921
0.0346571438077401	2.12281507605544
0.0346811106556338	1.92889117665205
0.0347051106745992	2.2675736321013
0.0347291439335491	2.07226743465697
0.0347532105015874	2.01713556790185
0.0347773104480095	1.9015372284671
0.0348014438423034	2.0385640745748
0.0348256107541499	2.24454662853573
0.0348498112534235	1.97005370714701
0.0348740454101933	2.03636456416546
0.0348983132947231	1.79195213305636
0.0349226149774727	2.07676412680209
0.0349469505290981	2.06813302986411
0.0349713200204525	1.96349661700946
0.0349957235225868	2.03426458955576
0.0350201611067504	2.23217049362426
0.0350446328443919	1.95949492811651
0.0350691388071596	1.92453734125268
0.0350936790669024	2.27757006100302
0.0351182536956707	2.04536935602167
0.0351428627657164	2.15379508640617
0.0351675063494945	2.41083395319182
0.0351921845196631	2.00311925082459
0.0352168973490845	2.16886080499733
0.0352416449108258	2.05770464212721
0.0352664272781596	1.91382085507735
0.0352912445245647	2.11778101657302
0.035316096723727	2.21578577892233
0.03534098394954	1.91330497980699
0.0353659062761057	2.23493736645792
0.0353908637777353	2.04306251181263
0.0354158565289498	2.00055064916286
0.035440884604481	2.1066203057314
0.0354659480792719	1.88782678604867
0.0354910470284779	1.80774080641288
0.035516181527467	1.54167425732304
0.0355413516518211	1.73564207945392
0.0355665574773365	1.97366901283218
0.0355917990800244	1.87429940489506
0.0356170765361123	1.79846762256588
0.0356423899220442	1.87604987052894
0.0356677393144816	2.08036425823567
0.0356931247903041	1.87895867167585
0.0357185464266107	1.84138182676094
0.0357440043007198	2.07232214742728
0.0357694984901707	2.00242310066715
0.0357950290727239	1.95610028464986
0.035820596126362	2.34371073743571
0.0358461997292907	2.10910717811498
0.0358718399599396	2.30210516441324
0.0358975168969624	2.45223094752764
0.0359232306192387	2.29562768654597
0.0359489812058739	2.26715176540008
0.0359747687362004	2.01499832447196
0.0360005932897787	2.01842514512589
0.0360264549463975	1.97672697479596
0.0360523537860752	2.11275652627637
0.0360782898890605	2.35334229682611
0.036104263335833	1.89395849856072
0.0361302742071043	1.98679842814762
0.0361563225838188	2.22161701617548
0.0361824085471545	2.0065294422215
0.0362085321785238	2.06995453965181
0.0362346935595743	1.97451764517801
0.03626089277219	1.87924158095555
0.0362871298984916	1.97553915356235
0.0363134050208379	2.10450843772775
0.0363397182218261	2.16956995215098
0.0363660695842934	2.05289667584525
0.0363924591913171	2.06185868114853
0.036418887126216	2.21493524940166
0.036445353472551	1.8686546191853
0.0364718583141261	2.25789324329335
0.0364984017349893	2.1664140759129
0.0365249838194334	1.96325204241324
0.0365516046519971	1.9272945798955
0.0365782643174655	1.8517140451782
0.0366049629008713	2.02396335359983
0.0366317004874959	2.18642528853171
0.0366584771628697	2.28922230466642
0.0366852930127736	2.30207075685529
0.0367121481232395	2.27955438461139
0.0367390425805516	2.19427309267034
0.0367659764712469	2.04649337934436
0.0367929498821166	2.26719772133576
0.0368199629002066	2.2391298895486
0.0368470156128187	2.36893448265776
0.0368741081075114	1.62482318062352
0.0369012404721009	2.38142754921068
0.0369284127946623	2.13996690689822
0.0369556251635299	2.16508690307205
0.0369828776672988	2.06048106230625
0.0370101703948257	2.04935675198467
0.0370375034352297	2.23472740235378
0.0370648768778932	2.25044335810399
0.0370922908124633	2.10288539757717
0.0371197453288525	2.14677435662924
0.0371472405172394	2.20337147445035
0.0371747764680703	2.16098185626187
0.0372023532720598	1.96265729732936
0.0372299710201918	1.99321478502042
0.0372576298037206	1.88907601886715
0.0372853297141719	1.9158557303468
0.0373130708433438	2.0805504562405
0.0373408532833078	1.98536797644313
0.0373686771264097	2.22490549625781
0.037396542465271	2.20872466956849
0.0374244493927895	2.25734402896535
0.0374523980021405	2.25899164202407
0.0374803883867778	2.42939851315154
0.037508420640435	2.17836971354038
0.0375364948571261	1.87506864704296
0.0375646111311468	2.17174296994219
0.0375927695570757	2.22939386721495
0.0376209702297751	2.19425445362205
0.037649213244392	2.04312368985502
0.0376774986963598	1.93623122493232
0.0377058266813983	2.02866053800246
0.0377341972955158	1.91448604183036
0.0377626106350097	1.73801398964242
0.0377910667964676	1.71023585286875
0.0378195658767684	1.77776000280538
0.0378481079730836	1.81414776119642
0.0378766931828782	1.961613531171
0.0379053216039118	1.96555265138273
0.0379339933342399	1.87325098803856
0.0379627084722148	2.24775602605088
0.0379914671164868	1.73332707333828
0.0380202693660056	1.99471098936432
0.0380491153200209	1.95687588466333
0.038078005078084	2.20296917910293
0.0381069387400486	2.27269135397973
0.0381359164060724	2.18576306263103
0.0381649381766178	2.30579365586483
0.0381940041524533	2.1116173264731
0.0382231144346546	1.98841613722359
0.0382522691246057	2.0932099063288
0.0382814683240002	2.20926691698964
0.0383107121348426	2.2712763524565
0.0383400006594492	2.08115186873315
0.0383693340004494	1.81714075512442
0.0383987122607868	2.06312312007159
0.0384281355437209	2.1707999361337
0.0384576039528276	1.97755215311115
0.0384871175920008	1.97911836966521
0.0385166765654537	1.90096096780607
0.0385462809777199	1.99487688725758
0.0385759309336544	2.19195695697017
0.0386056265384354	2.12787359994756
0.0386353678975649	1.87905611209685
0.0386651551168705	2.15238113983446
0.0386949883025062	1.94508785582842
0.0387248675609541	2.24144174379804
0.0387547929990253	1.92813608162524
0.0387847647238614	2.06389191362864
0.0388147828429356	2.14347859804231
0.0388448474640542	2.04187622803808
0.0388749586953576	2.2082086883417
0.0389051166453219	1.978055641092
0.0389353214227601	2.28778679856619
0.0389655731368233	2.39011864546438
0.0389958718970022	2.28141336047348
0.039026217813128	2.19480788261772
0.0390566109953745	1.91839385946956
0.0390870515542587	2.23481987165931
0.0391175396006424	1.87260918423555
0.0391480752457336	1.98323194912269
0.039178658601088	2.20553059132634
0.0392092897786098	2.28912437797746
0.0392399688905538	2.1437905550175
0.0392706960495262	2.0806631774046
0.0393014713684863	2.47472364568271
0.0393322949607475	2.07244219107401
0.0393631669399794	2.19598402834807
0.0393940874202084	2.04460527145324
0.0394250565158197	2.12924132090261
0.0394560743415582	2.03616851950424
0.0394871410125304	2.1776654340377
0.0395182566442057	1.91451980457685
0.0395494213524174	2.07650594791133
0.0395806352533647	2.16308801014892
0.0396118984636141	2.2800752621239
0.0396432111001003	1.99227706605743
0.0396745732801283	1.97601830074764
0.0397059851213744	2.0257986372091
0.0397374467418882	2.11482669818424
0.0397689582600933	2.16557602956337
0.0398005197947897	2.23685803466961
0.0398321314651544	2.251841212163
0.0398637933907437	1.78285273237501
0.039895505691494	1.90593386761532
0.0399272684877239	1.91326794140407
0.0399590819001354	1.72047704695028
0.0399909460498155	1.62683716618711
0.0400228610582376	1.66598465795757
0.0400548270472634	1.82978391762029
0.0400868441391442	1.94221564959016
0.0401189124565223	1.79551804666065
0.0401510321224329	1.76724758731817
0.0401832032603055	1.77511620824899
0.0402154259939656	2.05498151694629
0.0402477004476361	2.12130206697829
0.0402800267459389	2.03039451934924
0.0403124050138968	2.05098802862065
0.0403448353769349	2.35111922637506
0.040377317960882	2.24973001465004
0.0404098528919727	2.22800530859417
0.0404424402968487	2.20699312009204
0.0404750803025605	2.53918901669787
0.0405077730365691	2.41471464355738
0.0405405186267478	2.35005333252968
0.0405733172013836	2.31679633632189
0.0406061688891788	1.86580722216498
0.0406390738192532	2.06645478755364
0.0406720321211452	1.94115967678342
0.040705043924814	2.00327653284885
0.0407381093606409	1.96695822496013
0.0407712285594313	2.27326330831242
0.0408044016524162	1.93608959368569
0.0408376287712541	2.15510443475064
0.0408709100480326	2.02730262707412
0.0409042456152705	1.99022562450384
0.0409376356059191	2.49431433191467
0.0409710801533641	1.89223737578456
0.0410045793914276	2.10452633308888
0.0410381334543696	2.20626992772038
0.0410717424768901	1.99719092357528
0.0411054065941305	2.23454837588723
0.0411391259416757	1.99432934202175
0.041172900655556	2.15889462805016
0.0412067308722487	2.11236310787446
0.0412406167286799	2.14286140257668
0.0412745583622266	2.15171183023894
0.0413085559107185	2.08754398647871
0.0413426095124395	1.86957263161861
0.0413767193061301	2.11083067905935
0.041410885430989	1.88059547923353
0.0414451080266752	1.71068375514831
0.0414793872333094	2.14008172709549
0.0415137231914765	2.46976316381278
0.0415481160422273	1.96680434853826
0.0415825659270803	2.1854650018552
0.0416170729880237	2.25166539314642
0.0416516373675177	2.2617343392051
0.0416862592084958	2.23230733837919
0.0417209386543673	1.96112004162162
0.0417556758490193	2.01973566984508
0.0417904709368181	2.07129285961496
0.0418253240626119	2.1419218458695
0.0418602353717325	2.18627627160888
0.0418952050099973	2.08545492054834
0.0419302331237112	2.17572255777449
0.0419653198596691	1.97287741044944
0.0420004653651573	2.47692471713244
0.0420356697879564	2.27515685320556
0.0420709332763423	2.08567156365415
0.0421062559790894	1.99704891526937
0.0421416380454719	2.20598480521342
0.0421770796252662	1.83443995995449
0.0422125808687529	1.83510332136841
0.0422481419267191	1.85909378471011
0.0422837629504606	1.82705571994137
0.0423194440917835	1.77781352272115
0.042355185503007	1.90371580649869
0.0423909873369653	2.05001782550198
0.0424268497470098	2.12147464774089
0.042462772887011	1.89444377759252
0.0424987569113614	1.84571649431851
0.042534801974977	2.24174249410979
0.0425709082332999	2.36991612479107
0.0426070758423004	2.06932766162114
0.0426433049584793	2.39937013359283
0.0426795957388702	2.11160117761833
0.0427159483410418	2.36224009420657
0.0427523629230998	2.20061258174341
0.0427888396436898	2.16688274438831
0.0428253786619992	2.10664830687684
0.0428619801377595	1.94916042540462
0.0428986442312488	2.06613267592499
0.0429353711032941	2.12630463464127
0.0429721609152737	2.02768945762216
0.0430090138291194	2.2777792762014
0.0430459300073189	2.10035926479087
0.0430829096129183	1.9868917190392
0.0431199528095247	1.9360366831652
0.043157059761308	2.06382871283969
0.0431942306330039	2.04977751632131
0.043231465589916	1.77285023056145
0.0432687647979186	2.05921447780121
0.0433061284234588	2.22942113967639
0.043343556633559	2.28321085057038
0.0433810495958198	2.17645091856048
0.043418607478422	2.41466879176113
0.0434562304501294	2.0990977817977
0.0434939186802912	2.49479495720952
0.0435316723388446	1.96891460544062
0.0435694915963175	2.16407335961542
0.0436073766238307	2.05611308388653
0.0436453275931009	2.1779261679748
0.0436833446764429	2.02755569386669
0.0437214280467725	2.02599728832199
0.043759577877609	2.20791830739894
0.0437977943430779	2.1819417884118
0.0438360776179135	2.14272742504167
0.0438744278774615	2.31573294773961
0.0439128452976818	2.0160393055604
0.0439513300551512	2.10497619187201
0.0439898823270658	2.11760029436508
0.0440285022912443	2.06381272534423
0.0440671901261301	2.14125281594836
0.0441059460107946	2.10163188400949
0.0441447701249395	1.97153972306399
0.0441836626489	2.03123656823128
0.044222623763647	2.15168017878537
0.0442616536507907	2.09369786875836
0.0443007524925828	2.00534875716813
0.0443399204719196	1.80379825798184
0.0443791577723448	2.07393351568136
0.0444184645780522	1.90477222764797
0.044457841073889	2.19611198208244
0.0444972874453583	1.88853903387089
0.0445368038786222	1.82682388711697
0.0445763905605045	2.00008701878315
0.0446160476784942	1.873605165991
0.0446557754207477	2.01166182496156
0.0446955739760924	1.68292157831117
0.0447354435340295	2.03349576956385
0.0447753842847366	2.2325612026966
0.0448153964190716	2.17783591932943
0.0448554801285747	2.17105813286063
0.0448956356054725	1.88681919824657
0.0449358630426802	2.21487152110628
0.0449761626338051	2.36242590423591
0.0450165345731497	2.05973905449855
0.0450569790557148	2.36901517960785
0.0450974962772027	2.29964072331618
0.0451380864340199	1.88616929147169
0.0451787497232811	2.05473143711981
0.0452194863428117	2.08630601878342
0.0452602964911512	1.98488699870793
0.0453011803675566	2.23952207535384
0.0453421381720055	2.01142934549582
0.0453831701051992	2.04409676878332
0.0454242763685663	2.0148369889911
0.0454654571642658	2.09358089346653
0.0455067126951906	2.01980076375126
0.0455480431649705	2.33723826696182
0.0455894487779758	2.10130045535718
0.0456309297393206	2.08163292983413
0.0456724862548662	2.25631417924169
0.0457141185312246	2.10539247543895
0.0457558267757617	1.8928720049337
0.0457976111966009	1.99627716092272
0.0458394720026266	2.1290775040814
0.0458814094034876	1.95942939826942
0.0459234236096004	1.9078800221767
0.0459655148321533	2.25529190852857
0.0460076832831092	1.64415840040692
0.0460499291752099	2.1677752604476
0.0460922527219789	1.86169708631038
0.0461346541377258	1.87364835067128
0.0461771336375492	2.21834474934808
0.0462196914373409	2.17548658182358
0.0462623277537891	2.23728240689713
0.0463050428043825	2.22467249171749
0.0463478368074136	2.18530173020105
0.0463907099819828	1.96842769604615
0.0464336625480017	2.18011163996523
0.0464766947261974	2.23008091433376
0.0465198067381158	2.12531879494181
0.0465629988061256	2.00129829788069
0.0466062711534222	2.0981613138649
0.0466496240040314	1.83414973024077
0.0466930575828134	1.84713606978015
0.0467365721154664	2.06514308166788
0.046780167828531	1.84949574780127
0.0468238449493937	1.9778216770135
0.046867603706291	1.75280261770731
0.0469114443283134	2.05936947430383
0.0469553670454095	2.05282748521627
0.0469993720883898	2.16952272539621
0.0470434596889307	2.23754688431716
0.047087630079579	2.05159566495611
0.0471318834937554	2.06886668803931
0.0471762201657593	2.13384001208973
0.047220640330772	2.06846722823154
0.047265144224862	2.06819631653099
0.0473097320849881	2.18535348780422
0.0473544041490043	1.94310946915422
0.047399160655664	2.01462968610046
0.0474440018446237	2.37668128613608
0.0474889279564478	1.9303130224332
0.0475339392326129	2.13836230669268
0.0475790359155119	2.10603486098866
0.0476242182484583	2.07961744257768
0.0476694864756909	1.90726103329745
0.0477148408423777	2.03331829897897
0.0477602815946211	2.24490658332002
0.0478058089794616	1.98972457329232
0.0478514232448824	2.24231503535299
0.0478971246398145	2.07767184057654
0.0479429134141404	2.02503645030361
0.0479887898186992	1.92077408150322
0.0480347541052911	2.17249209728704
0.0480808065266818	2.26298200399384
0.0481269473366074	2.302474821036
0.0481731767897789	2.21677486552283
0.0482194951418867	2.04596746828504
0.0482659026496058	2.1520826472514
0.0483123995706002	2.23389641281736
0.0483589861635277	2.0224058952521
0.0484056626880447	1.97372878393157
0.0484524294048112	2.0701453074291
0.0484992865754953	2.20104257420351
0.0485462344627785	2.16008981001959
0.0485932733303602	2.10888498226155
0.0486404034429631	2.14195645204075
0.0486876250663377	2.41730702342023
0.0487349384672675	2.16887315082083
0.0487823439135741	1.986747856684
0.0488298416741222	1.85389908311123
0.0488774320188245	1.89627256519728
0.0489251152186471	2.05621646930907
0.0489728915456146	1.88753237446023
0.0490207612728151	2.07815552908775
0.0490687246744053	1.89265017702147
0.0491167820256162	1.95086943856242
0.0491649336027579	1.91271037392446
0.0492131796832254	1.96957481733443
0.0492615205455031	2.19049013441413
0.0493099564691712	2.05954543118602
0.0493584877349102	1.95472549184222
0.0494071146245067	2.38374958140515
0.0494558374208591	2.18405189058389
0.0495046564079825	1.95019757119294
0.0495535718710148	2.09819507235634
0.0496025840962218	2.29751179340846
0.0496516933710032	2.02129707217347
0.0497008999838977	2.31532940831346
0.0497502042245891	1.94464785308071
0.0497996063839119	2.34610586839183
0.0498491067538568	2.24134167866348
0.0498987056275768	2.08867303092668
0.0499484032993925	2.1846506118652
0.0499982000647984	2.29093772905009
0.0500480962204686	2.30010634677012
0.0500980920642626	2.19949339768572
0.0501481878952311	2.10987922314323
0.0501983840136226	2.14803983533065
0.0502486807208884	2.13810742644019
0.0502990783196896	1.93738083935723
0.0503495771139025	2.03317692045603
0.0504001774086252	1.90707567341511
0.0504508795101832	2.20354810230655
0.0505016837261361	2.05188343678332
0.0505525903652836	2.0440159771815
0.0506035997376716	2.05576876588902
0.0506547121545989	2.09972637927619
0.050705927928623	2.08252436991597
0.0507572473735669	1.92620186255524
0.0508086708045255	1.90593962776239
0.0508601985378717	2.23602612448683
0.0509118308912632	2.08145274610051
0.0509635681836489	2.08084453510988
0.0510154107352756	2.21119416595254
0.0510673588676943	1.95072814230555
0.0511194129037674	2.00678750290584
0.0511715731676746	2.24731044003796
0.0512238399849204	2.10667610881343
0.0512762136823404	1.99394426303067
0.0513286945881084	1.85346914491421
0.051381283031743	2.178512311977
0.0514339793441145	2.16142355865426
0.0514867838574523	2.25845362534225
0.0515396969053511	2.22218500822114
0.0515927188227786	2.2986624468622
0.0516458499460824	2.38498955928542
0.0516990906129968	2.23921905722336
0.0517524411626503	1.92825192417486
0.0518059019355727	2.01864409833668
0.0518594732737025	2.10760283943221
0.0519131555203937	2.09802567994834
0.0519669490204236	2.31921013388804
0.0520208541200002	1.96807441627023
0.0520748711667693	2.19291497847706
0.0521290005098222	2.00486921225739
0.0521832424997032	2.21696811922082
0.0522375974884169	2.08966154400453
0.0522920658294364	2.33822319040625
0.0523466478777104	2.23181112029364
0.0524013439896712	2.14864025971578
0.0524561545232423	1.7921240924968
0.0525110798378464	2.02630522303219
0.0525661202944129	1.92512194862432
0.0526212762553864	2.05532428319318
0.052676548084734	1.9553661029978
0.0527319361479537	2.33277318173439
0.0527874408120826	1.88699615475109
0.0528430624457043	2.10582899098349
0.052898801418958	1.87792282888741
0.052954658103546	2.19838408547365
0.0530106328727422	2.01328994606182
0.0530667261014004	2.08981616622586
0.053122938165963	2.1860702250233
0.0531792694444686	2.05690377658809
0.0532357203165614	2.17417911239418
0.0532922911634992	1.97102426974977
0.0533489823681619	2.26799208617684
0.0534057943150605	2.03592203457593
0.0534627273903458	1.98472911565507
0.0535197819818166	2.02470197368205
0.0535769584789292	1.80934673457956
0.0536342572728058	1.97908903513131
0.0536916787562435	2.12279466536106
0.0537492233237235	2.15297770021021
0.0538068913714198	2.13466998231859
0.0538646832972086	2.3202460894327
0.0539225995006772	2.23838330381703
0.0539806403831335	1.6914246985114
0.0540388063476148	2.10513512863243
0.0540970977988978	2.05951671402954
0.0541555151435072	2.02298941648332
0.0542140587897258	2.25170206174129
0.0542727291476038	2.01582011583658
0.0543315266289683	2.15164299909773
0.0543904516474329	2.01919766470453
0.0544495046184074	2.1253273267147
0.054508685959108	2.11108850956441
0.0545679960885665	2.22571673049751
0.0546274354276404	2.07424727064958
0.0546870043990231	1.93044159777744
0.0547467034272536	1.91584949950498
0.0548065329387267	1.94503581777397
0.0548664933617034	1.97846533747822
0.0549265851263206	2.16811777248128
0.0549868086646018	2.37713742563528
0.0550471644104673	2.20387351173541
0.0551076527997447	2.17291025611825
0.0551682742701793	2.29740206705027
0.0552290292614447	2.0950041358447
0.0552899182151534	2.08263412101368
0.0553509415748675	2.1788944680629
0.0554120997861097	1.95279351417856
0.0554733932963736	2.09011911873141
0.0555348225551354	1.87688315727201
0.0555963880138639	2.08067086040376
0.0556580901260326	1.98682500216491
0.05571992934713	2.19360975847286
0.0557819061346713	2.20985266073902
0.0558440209482095	2.39445106294643
0.0559062742493468	2.08509959525176
0.055968666501746	2.36990522855535
0.056031198171142	2.31730937462762
0.0560938697253535	2.12218368663974
0.0561566816342945	2.19415405665625
0.0562196343699862	2.30467353243367
0.0562827284065687	1.9777143071959
0.056345964220313	2.07971232841406
0.056409342289633	1.96912464669031
0.0564728630950972	1.97629127797944
0.0565365271194416	2.11639714174215
0.0566003348475813	1.92602678459917
0.0566642867666228	2.02878598426197
0.0567283833658768	2.18206724980179
0.0567926251368705	2.27214268022697
0.05685701257336	2.11963211396561
0.0569215461713432	2.0349066576774
0.0569862264290724	1.73871465647963
0.0570510538470669	1.95634930296918
0.0571160289281266	2.09132582762219
0.0571811521773442	2.10538226252786
0.0572464241021187	2.27379923872838
0.0573118452121687	2.11672835104545
0.0573774160195453	2.23033596691539
0.0574431370386457	2.16643852107527
0.0575090087862266	2.24930208911104
0.0575750317814178	2.07264710856648
0.0576412065457356	1.77151889253492
0.057707533603097	1.98987022764452
0.057774013479833	2.05158462311086
0.0578406467047029	1.93025069924122
0.057907433808908	1.97000071283165
0.0579743753261061	2.00911343335901
0.0580414717924253	1.96134910976661
0.0581087237464788	2.08785277503641
0.0581761317293788	1.97706063778437
0.0582436962847513	2.36721902445327
0.0583114179587507	2.50156858408774
0.0583792973000744	2.33229186237485
0.0584473348599779	2.14290038000145
0.0585155311922892	1.99820997119873
0.0585838868534244	2.21301676880403
0.0586524024024025	1.88655107035448
0.0587210784008608	2.0521137530545
0.0587899154130698	1.93002177184694
0.0588589140059496	2.2454971834514
0.0589280747490844	1.9467122222229
0.0589973982147388	2.02252342747904
0.0590668849778737	2.21212550207972
0.0591365356161614	2.08847423644764
0.0592063507100027	1.93433134638439
0.059276330842542	1.77807904657597
0.0593464765996844	2.12501077382916
0.0594167885701113	2.25812742520362
0.0594872673452975	2.23121118045392
0.0595579135195273	2.13321584948442
0.0596287276899116	1.84796107994807
0.0596997104564043	2.10972694572248
0.0597708624218198	2.20813106002547
0.0598421841918493	2.06022614514417
0.0599136763750788	2.13283964893384
0.0599853395830059	2.03410878240934
0.0600571744300574	2.14766259317615
0.0601291815336068	2.04377492937578
0.060201361513992	2.10993810829023
0.0602737149945332	1.9993515214747
0.0603462426015507	1.94922944198623
0.060418944964383	1.85581985642268
0.0604918227154053	2.29633730905455
0.0605648764900474	2.48031429076521
0.0606381069268122	2.29116167838423
0.0607115146672948	2.2694234123236
0.0607851003562006	2.16401949039277
0.0608588646413648	2.33298189425662
0.0609328081737706	1.88746952554495
0.0610069316075692	2.28844454349329
0.0610812356000986	1.9363123893461
0.0611557208119033	2.38854761705927
0.0612303879067534	2.21993028910251
0.0613052375516649	2.13885262443236
0.0613802704169193	1.92847547447079
0.0614554871760834	1.93135737669785
0.0615308885060299	1.9198190905115
0.0616064750869574	2.15018266501098
0.0616822476024109	2.20514459145288
0.0617582067393024	2.11800887721207
0.0618343531879318	2.00472823328449
0.0619106876420075	2.33030766822855
0.0619872107986679	2.06781045152862
0.0620639233585022	2.15241795082109
0.062140826025572	2.02252009292736
0.062217919507433	1.97182199245478
0.0622952045151563	2.01380642709251
0.0623726817633504	1.99386215044076
0.0624503519701835	1.94136062825902
0.0625282158574055	2.20100625206611
0.0626062741503701	2.23763471472414
0.0626845275780577	2.54828125202084
0.0627629768730981	2.48340825998228
0.062841622771793	2.03598248238206
0.0629204660141393	2.31703849652898
0.0629995073438524	2.1395509539829
0.0630787475083893	2.23055101219042
0.0631581872589724	1.99601443524118
0.0632378273506131	2.03019395025565
0.0633176685421358	1.94633534283888
0.063397711596202	2.1455889928782
0.0634779572793346	2.08411430003754
0.063558406361942	1.88802257218481
0.0636390596183436	1.94713399680779
0.0637199178267938	2.29475570713366
0.0638009817695073	2.22789506920194
0.0638822522326845	2.16880058423789
0.0639637300065369	2.25894332855886
0.0640454158853124	2.0024243468948
0.0641273106673214	2.35056543240278
0.0642094151549628	2.16148736112143
0.06429173015475	2.03266581514741
0.0643742564773375	1.97258538748707
0.0644569949375474	2.28401474800943
0.0645399463543964	2.02014427521642
0.0646231115511225	2.39291103604556
0.0647064913552126	2.04287884218688
0.0647900865984296	2.12562710838229
0.0648738981168403	1.88074493261192
0.0649579267508433	2.0435823044756
0.0650421733451968	2.31244315895936
0.0651266387490473	2.07622364196257
0.0652113238159578	2.00205781077133
0.0652962294039366	2.23154423687103
0.0653813563754666	2.12108774186676
0.0654667055975341	2.05202350313619
0.0655522779416583	2.06926308224867
0.0656380742839212	2.28569530679428
0.0657240955049975	1.96557777273891
0.0658103424901842	2.19755261844487
0.0658968161294317	2.19389527899267
0.0659835173173739	2.3230802827155
0.0660704469533593	2.19120849057091
0.0661576059414821	2.28567263418501
0.0662449951906132	1.87813377705957
0.0663326156144322	2.15033323692798
0.0664204681314592	1.9510445342531
0.0665085536650867	1.95794788617562
0.066596873143612	1.92168004728743
0.0666854275002699	2.30949445174098
0.0667742176732655	1.95829870724103
0.0668632446058075	2.18941022834729
0.0669525092461413	1.72276371648875
0.0670420125475829	2.03249188227728
0.0671317554685526	2.15163627934596
0.0672217389726096	2.42886966461815
0.0673119640284862	2.54354966162486
0.0674024316101226	2.32903753785301
0.0674931426967018	2.34895496388083
0.0675840982726854	2.13556623240756
0.0676752993278487	1.99920651343839
0.0677667468573169	1.90874781937625
0.0678584418616011	2.11743757454996
0.0679503853466351	2.14654697618592
0.0680425783238117	2.10962342155112
0.0681350218100203	2.17210620796383
0.0682277168276839	2.14999969304415
0.068320664404797	2.10449873416262
0.0684138655749636	2.21132158824082
0.0685073213774354	2.16076439348587
0.0686010328571505	2.32551266401494
0.0686950010647723	2.20721378471312
0.0687892270567289	2.34911388168004
0.0688837118952525	2.39662484243644
0.0689784566484194	2.24405188634261
0.0690734623901903	2.40000887662601
0.0691687302004508	2.0082691218317
0.0692642611650524	2.0694183246797
0.0693600563758536	1.92573674126992
0.0694561169307618	2.27192626531131
0.0695524439337747	2.08544652465753
0.0696490384950234	2.12669818786417
0.0697459017308141	2.05255878241874
0.0698430347636719	2.06062751217671
0.0699404387223838	1.92612828009706
0.0700381147420424	2.2669882799129
0.0701360639640901	1.91101866732394
0.0702342875363636	2.14323638699622
0.0703327866131385	2.13241083140096
0.0704315623551749	2.1314669720727
0.0705306159297626	2.25227204430545
0.0706299485107673	1.97233028243723
0.0707295612786771	2.32482002241689
0.0708294554206488	2.39521714703018
0.0709296321305557	2.18847738493069
0.0710300926090345	1.92004163802581
0.0711308380635338	2.26450489604759
0.0712318697083623	1.95428176200731
0.0713331887647372	2.16918698235949
0.0714347964608342	1.84676267587753
0.0715366940318365	1.97495032551551
0.0716388827199849	2.36292832388332
0.0717413637746286	2.28840606433304
0.0718441384522759	2.21755380332214
0.0719472080166455	2.47355342702539
0.0720505737387185	2.04892980533121
0.0721542368967904	2.12701728280605
0.072258198776524	2.10636798585859
0.0723624606710024	2.03506549430423
0.0724670238807828	2.00745502802277
0.0725718897139504	2.1083559396502
0.072677059486173	2.08159308534762
0.0727825345207559	2.30624154148902
0.0728883161486978	2.04132758084148
0.0729944057087463	2.36498312247943
0.0731008045474546	2.24963035983985
0.0732075140192387	2.28735308174305
0.0733145354864344	2.13357615581542
0.0734218703193555	2.21314954267997
0.0735295198963526	2.36897689652845
0.0736374856038713	2.12882938858353
0.0737457688365128	2.05074757088611
0.0738543709970929	2.14779739966146
0.0739632934967032	2.26362103215689
0.0740725377547723	2.22256848696426
0.0741821051991268	2.25759058901721
0.0742919972660543	2.13025570086342
0.0744022154003655	2.09746760908997
0.0745127610554581	2.13041998402031
0.0746236356933802	1.99024028030365
0.074734840784895	2.30041280803368
0.0748463778095457	2.25612645175001
0.0749582482557213	2.2054731725907
0.0750704536207228	2.19429388754288
0.0751829954108297	2.28148588262683
0.0752958751413678	2.04862295618187
0.0754090943367768	2.10958313008217
0.0755226545306793	1.94778946453509
0.07563655726595	2.09562163051059
0.0757508040947852	2.37145210248122
0.0758653965787739	2.04073151907313
0.0759803362889682	1.94013422477921
0.0760956248059559	2.14042584645444
0.0762112637199325	2.06088466930832
0.0763272546307743	2.27921145553015
0.0764435991481123	2.51477003457158
0.0765602988914066	2.01735744485543
0.0766773554900217	2.05651273771986
0.0767947705833021	1.99429729325518
0.0769125458206489	1.92232424313673
0.0770306828615972	1.97246953155171
0.0771491833758937	2.05635392513556
0.0772680490435759	1.92056123997486
0.0773872815550508	2.03499941885581
0.0775068826111756	1.87603677905736
0.0776268539233386	2.19031137177911
0.0777471972135402	1.89136922985048
0.077867914214476	2.19633063970592
0.0779890066696196	2.33550737158571
0.0781104763333065	1.95144268859954
0.0782323249708191	2.07968821213494
0.0783545543584719	2.46426108170625
0.0784771662836979	2.18983639451691
0.0786001625451359	2.16521199865104
0.0787235449527184	2.22877676063247
0.0788473153277602	2.13957412919497
0.0789714755030481	2.03466202098211
0.0790960273229314	2.24701567629778
0.0792209726434135	2.00084604572138
0.0793463133322434	2.12211974541082
0.0794720512690095	2.2767384743978
0.079598188345233	2.35499678385447
0.0797247264644633	1.88525003022616
0.0798516675423731	2.07511191961339
0.0799790135068556	2.08183593909146
0.0801067662981219	2.13436473734997
0.0802349278687996	2.18786471574951
0.0803635001840322	1.9296013175817
0.0804924852215795	2.21016389759806
0.0806218849719192	2.23760395993035
0.0807517014383491	2.32184859854326
0.0808819366370906	2.01046976805315
0.0810125925973931	2.19062629101068
0.0811436713616392	2.28785643325346
0.0812751749854515	2.01556638440378
0.0814071055377995	1.83432584025911
0.0815394651011087	2.16339259339834
0.0816722557713697	2.20654753555203
0.0818054796582492	2.23366048015389
0.0819391388852014	2.03401052145415
0.082073235589581	2.25285617685334
0.0822077719227573	2.06894655896245
0.0823427500502288	2.25203474390876
0.0824781721517398	2.30785758111474
0.0826140404213974	2.31983191685347
0.0827503570677905	2.04756172091068
0.0828871243141088	2.03007956030145
0.0830243443982642	2.38725389301236
0.0831620195730127	2.26088962596236
0.0833001521060775	2.03864476241772
0.0834387442802738	2.00756960116811
0.0835777983936345	2.08632821084036
0.0837173167595368	2.01735380213326
0.0838573017068313	2.18912837503041
0.0839977555799706	2.25675835602694
0.0841386807391412	2.37205446743223
0.0842800795603948	2.36099845612565
0.0844219544357825	2.01906148124392
0.0845643077734892	1.89918516083667
0.0847071419979702	2.23082893723573
0.0848504595500887	2.1809555784564
0.0849942628872549	2.02531997843689
0.0851385544835663	2.17045658794485
0.0852833368299499	2.3796781881394
0.0854286124343051	2.21870333318095
0.085574383821649	2.33688786768829
0.0857206535342623	2.22827411531153
0.0858674241318372	2.18825698767662
0.0860146981916267	2.13434964555362
0.0861624783085958	2.0299743316218
0.0863107670955734	2.00427110036458
0.0864595671834064	1.95316190649896
0.0866088812211157	1.97189451840765
0.0867587118760528	2.13741483369913
0.0869090618340591	2.44771629134336
0.0870599337996261	2.08411684701594
0.0872113304960578	2.24189936370052
0.0873632546656344	2.20595428009518
0.0875157090697778	2.46604034493814
0.0876686964892191	2.31624881279257
0.0878222197241677	1.98246412759958
0.0879762815944819	1.94163238684525
0.0881308849398416	2.01887716618225
0.0882860326199231	2.05340275105733
0.0884417275145749	2.1323583614737
0.0885979725239965	2.18926737196382
0.0887547705689178	2.29730434978347
0.0889121245907817	2.32155498156196
0.0890700375519276	2.06423724052895
0.0892285124357775	2.00825640303266
0.089387552247024	2.04693840443496
0.08954716001182	2.22751354743236
0.0897073387779705	2.228162333584
0.0898680916151271	2.08867345196643
0.0900294216149835	2.16574612509358
0.0901913318914743	2.43290804589993
0.0903538255809748	2.03909298652065
0.0905169058425039	2.05301700385342
0.0906805758579287	2.1552251576639
0.0908448388321712	2.14708341190632
0.0910096979934179	2.08236146234781
0.0911751565933312	2.30893724431703
0.0913412179072628	2.31115750121755
0.0915078852344704	1.94927562375192
0.0916751618983356	2.2364699294624
0.0918430512465855	2.20667398911832
0.0920115566515152	1.79892230088991
0.0921806815102143	2.17668461752869
0.0923504292447949	2.35498340684985
0.0925208033026223	2.02852107654362
0.0926918071565488	2.11535626536515
0.092863444305149	2.15205296215643
0.0930357182729591	2.11362247184219
0.0932086326107176	2.08792563539535
0.0933821908956096	2.1996356878044
0.0935563967315134	2.32991815038273
0.0937312537492499	1.9480812909249
0.0939067656068346	2.1200721011186
0.0940829359897334	2.14966256467931
0.0942597686111197	2.48985757803904
0.0944372672121361	2.42128420287955
0.0946154355621573	2.28811794590644
0.0947942774590581	2.05558935935219
0.0949737967294821	1.87921081984145
0.0951539972291153	2.27181366874699
0.0953348828429622	2.19029053442046
0.0955164574856245	2.15473199301004
0.0956987251015839	2.20888613779427
0.0958816896654877	2.05884650531343
0.0960653551824374	2.37483167109606
0.0962497256882815	2.59614400143199
0.0964348052499105	2.04012041521177
0.0966205979655564	2.27436954464135
0.096807107965095	2.10383893690367
0.0969943394103517	2.16383140276762
0.0971822964954117	2.23972517174402
0.0973709834469325	2.23448214032279
0.097560404524461	2.1048326868817
0.0977505640207541	2.15315465729564
0.0979414662621028	2.12010017202735
0.0981331156086605	2.07828276202037
0.0983255164547749	2.09946947135119
0.0985186732293236	2.35730818257757
0.0987125903960544	2.30420338342504
0.0989072724539287	2.30995702372738
0.0991027239374699	2.24495387752608
0.0992989494171149	2.23566850141473
0.0994959534995709	2.3548078968977
0.0996937408281756	2.00865491347531
0.099892316083262	1.96672833708625
0.100091683982528	2.36944458516402
0.100291849281409	2.30737294809529
0.100492816773457	2.20144464419604
0.100694591290723	2.05286720146922
0.100897177704145	2.37984617583471
0.101100580923938	2.19403055251544
0.101304805899992	2.31641674919405
0.101509857622273	2.05405807308106
0.101715741121233	2.14124007071715
0.101922461468213	2.14438010902069
0.102130023775869	2.15905445769717
0.102338433198587	2.07194324010014
0.102547694932913	2.10329800358121
0.102757814217982	2.031110493862
0.102968796335958	2.05250549129886
0.103180646612476	2.3060256321872
0.103393370417089	2.26388771610619
0.103606973163722	2.25683999799598
0.103821460311132	2.15577860276596
0.104036837363373	2.20289722387943
0.104253109870267	2.07617996900059
0.104470283427879	2.01988796699684
0.104688363679	1.73310822320313
0.104907356313639	1.74692606876948
0.105127267069514	2.07937983073261
0.105348101732555	2.44341844537602
0.105569866137409	2.27028768395129
0.10579256616796	2.09373209063059
0.106016207757842	1.94477663044866
0.106240796890969	2.10305124860807
0.106466339602071	2.16736740863941
0.106692841977231	2.11039580672075
0.106920310154435	2.16394910109197
0.107148750324125	1.88392022288034
0.107378168729759	1.91485704940966
0.107608571668385	2.15070975195148
0.107839965491211	2.32105219488325
0.108072356604193	2.15284299382938
0.108305751468626	2.17015892147142
0.108540156601738	2.03242223151711
0.108775578577302	1.90185112138148
0.10901202402625	2.18065560051126
0.109249499637291	2.18720295212323
0.109488012157549	2.1845840551815
0.109727568393193	2.11244640805269
0.109968175210094	2.30364171311935
0.110209839534473	2.08539636898064
0.110452568353572	2.18640608219906
0.11069636871632	2.06725357004562
0.110941247734025	2.15092799918996
0.111187212581055	2.38896223931514
0.111434270495548	2.34214350742616
0.111682428780115	2.28783946261695
0.111931694802563	2.29472220960365
0.112182075996625	2.01012334757537
0.112433579862696	2.12515422130224
0.112686213968583	2.22954444937106
0.112939985950265	2.08694918132517
0.113194903512664	2.21471496480774
0.113450974430419	2.09810665351319
0.113708206548683	2.12783472541681
0.113966607783919	2.00298916559785
0.114226186124716	2.0915853173428
0.114486949632611	2.05681956504033
0.114748906442921	2.15340616516009
0.115012064765594	2.20760737528444
0.11527643288606	2.20902264593967
0.11554201916611	2.32594310287833
0.115808832044767	2.01686382924831
0.116076880039187	1.93552869277116
0.116346171745565	1.94817299245234
0.116616715840048	2.16796723871527
0.116888521079676	2.06753199987695
0.117161596303317	2.20534500285089
0.117435950432634	2.36608180170121
0.11771159247305	2.25022084918207
0.117988531514736	1.99466168436654
0.118266776733613	2.08441395594888
0.11854633739236	1.95463194455115
0.118827222841444	2.15776422649058
0.119109442520165	2.35555426881623
0.119393005957711	2.20537575782203
0.11967792277423	1.95948251851453
0.119964202681919	2.10821471892135
0.12025185548613	2.13181522226939
0.120540891086483	1.98942505110195
0.120831319478008	2.08870297613736
0.121123150752296	2.26885766538393
0.121416395098663	2.25897019330493
0.121711062805342	2.30902212073813
0.122007164260685	2.20172679179973
0.12230470995438	2.52739651468097
0.122603710478694	2.37893616529307
0.122904176529726	2.13641284658633
0.123206118908689	2.22790419288767
0.123509548523196	2.3471634538981
0.123814476388579	2.08606619621316
0.124120913629221	1.72197575026882
0.124428871479907	1.86158481032541
0.1247383612872	2.15326134128412
0.125049394510831	2.38197539724015
0.125361982725118	2.41348009221787
0.125676137620397	2.38010394374299
0.125991871004482	2.39716988061664
0.126309194804145	2.08334352199975
0.126628121066614	1.74830254463639
0.126948661961103	1.79685074705571
0.127270829780356	1.95017566593958
0.12759463694222	2.29488881126185
0.12792009599124	2.47191214852215
0.128247219600279	2.24156038935715
0.128576020572163	2.07582009475939
0.128906511841352	2.04212317887475
0.129238706475634	2.00519526842116
0.129572617677851	1.97845686799646
0.129908258787644	1.99227085444511
0.130245643283232	2.19858503291337
0.130584784783216	2.3218524021109
0.130925697048411	2.20039265516196
0.131268393983707	1.94208578887788
0.131612889639959	1.91436458173463
0.131959198215911	1.92840931838223
0.132307334060141	2.12574819206509
0.132657311673047	2.35039274244456
0.133009145708859	2.0617850013883
0.133362850977683	2.23360214168179
0.133718442447582	2.20402079539322
0.134075935246686	2.34225541935268
0.134435344665336	2.2239093808729
0.134796686158267	2.07394368226959
0.13515997534682	1.9581724765099
0.135525228021196	1.80803049209421
0.135892460142741	2.21119325824891
0.136261687846275	2.57030982071223
0.13663292744245	2.51885502545476
0.137006195420157	2.45242965887712
0.137381508448962	2.19270550727801
0.137758883381594	1.86006609003106
0.138138337256462	1.96101747974857
0.138519887300219	2.21613137105424
0.138903550930376	2.40661748361917
0.139289345757943	2.49315133671675
0.139677289590131	2.26164571804903
0.140067400433088	2.47919313245205
0.140459696494687	2.16568599986683
0.140854196187358	2.03759156008197
0.141250918130967	1.92055351234403
0.141649881155749	1.8914784312917
0.142051104305284	1.75466130482567
0.14245460683953	1.99431998861016
0.142860408237902	2.04027651142326
0.143268528202409	2.3509650196491
0.143678986660842	2.44908272193192
0.144091803770018	2.2183286078463
0.144506999919076	1.99285383960837
0.14492459573284	1.70539414522294
0.14534461207523	1.57217582566656
0.145767070052738	1.7805812179035
0.146191991017964	2.02583433162749
0.146619396573211	2.18592003574261
0.147049308574151	2.22204294144179
0.147481749133544	2.48017817080882
0.147916740625037	2.42291754660725
0.148354305687014	2.29169464748716
0.14879446722653	1.83444936975903
0.149237248423308	1.60447045996591
0.149682672733804	1.79401579838287
0.150130763895352	2.27312278555344
0.150581545930383	2.06137379740844
0.151035043150711	1.81342052458256
0.151491280161913	1.91535714301098
0.151950281867772	2.10871616915973
0.152412073474812	2.10865115545688
0.15287668049691	2.1929163661581
0.153344128759998	1.95833608207582
0.153814444406845	2.1121587805951
0.154287653901934	2.36714829594498
0.154763784036425	2.23881161050799
0.155242861933208	2.01642749170278
0.155724915052058	1.68616680438119
0.156209971194881	1.83226667605965
0.156698058511055	2.30018017824589
0.157189205502879	2.30317658433191
0.157683441031123	2.32578015508436
0.158180794320676	2.40323649385978
0.158681294966312	2.25144998574438
0.159184972938554	2.43213976064105
0.159691858589665	2.06776633134732
0.160201982659737	1.79466082235857
0.16071537628291	1.8030764207505
0.161232070993705	1.9570206350467
0.161752098733481	2.1976021035572
0.162275491857015	2.61470301457434
0.162802283139218	2.19505565763364
0.16333250578197	2.3178792665679
0.1638661934211	2.09375680460382
0.164403380133495	1.50459987874208
0.164944100444359	1.74670812913995
0.165488389334604	2.01965533521514
0.166036282248396	2.30669212564507
0.166587815100852	2.38541013371007
0.167143024285881	2.37207374707604
0.167701946684197	2.39767544295471
0.16826461967148	2.11906895855377
0.168831081126711	1.83134649086409
0.16940136944067	1.50537897219811
0.169975523524612	1.36190385910773
0.170553582819114	1.57350289294133
0.171135587303108	2.21826249333038
0.171721577503099	2.17394609990047
0.17231159450257	2.12282684483327
0.172905679951586	2.4291965614542
0.173503876076591	2.51519515952642
0.174106225690418	1.82655019862241
0.174712772202499	1.63428910199648
0.175323559629295	1.35336186536854
0.175938632604947	1.41766854766407
0.176558036392142	2.15480440424426
0.177181816893223	1.80787045077073
0.177810020661524	1.56035911998108
0.178442694912955	1.830357519479
0.17907988753783	2.23482645989753
0.179721647112951	2.34271254734379
0.180368022913953	2.07835727790472
0.181019064927918	1.80068190090259
0.181674823866258	1.98147077201893
0.182335351177886	2.06248640427804
0.18300069906267	1.88634558246364
0.183670920485185	1.60885488093825
0.184346069188766	1.41016256481577
0.185026199709878	1.75412287298998
0.185711367392798	2.35965893767907
0.186401628404625	2.3852826619965
0.187097039750637	2.43545162243242
0.187797659289974	2.31316477994943
0.188503545751695	2.61086785756074
0.189214758751182	2.1152389332028
0.189931358806927	1.91762085183039
0.190653407357696	1.85092409614411
0.191380966780091	1.89752657745144
0.192114100406513	2.12390439879989
0.192852872543536	2.34847970116075
0.193597348490715	2.47008691011872
0.194347594559822	2.59702984355191
0.195103678094539	2.34951202460138
0.195865667490608	1.97860702227617
0.196633632216454	1.92525657071405
0.197407642834299	1.95812275691036
0.198187771021776	2.10459764434516
0.198974089594053	2.4064353140682
0.199766672526489	2.28718887981959
0.200565594977837	2.23943614703892
0.201370933314001	2.20134594483163
0.202182765132369	2.26004745356229
0.203001169286735	1.55669254575697
0.203826225912835	1.22726721197121
0.204658016454504	1.26766425362252
0.205496623690472	1.63784730278341
0.206342131761831	2.22294664523975
0.207194626200174	2.38368943585703
0.208054193956441	2.20696270335042
0.208920923430481	2.33289971742155
0.209794904501359	2.18147226212625
0.210676228558426	1.82236430946583
0.211564988533177	1.26221736895409
0.212461278931914	0.97496152414021
0.213365195869249	1.27407233464639
0.214276837102462	1.83715528446327
0.215196302066745	1.65338739711897
0.216123691911354	1.49807850937483
0.217059109536709	1.65964523351746
0.218002659632447	2.48739726086229
0.218954448716489	2.61681341105761
0.219914585175117	1.86717468570863
0.220883179304129	1.57964298172143
0.221860343351067	1.5843619681829
0.222846191558586	1.83484904461719
0.223840840208977	1.63511514181778
0.224844407669892	1.38105432582067
0.225857014441297	1.17756456532081
0.226878783203709	1.60754254697632
0.227909838867743	2.06655638383149
0.228950308625015	2.28701508227345
0.23000032200045	2.30184358657975
0.231060010906032	2.40330628105014
0.232129509696049	2.40266996550023
0.23320895522388	1.9786805477693
0.234298486900371	1.88471200763546
0.235398246753858	1.61408122121847
0.236508379491885	1.81943695319174
0.237629032564682	2.13589349817964
0.238760356230451	2.1426835274663
0.239902503622527	2.43488616853804
0.24105563081848	2.41755983597367
0.242219896911211	2.29464020552994
0.243395464082131	2.21149984862966
0.244582497676466	1.93427463423608
0.24578116628079	2.2595201270674
0.246991641802841	2.23717638294306
0.24821409955371	1.99959372488423
0.249448718332485	2.12754705935906
0.250695680513424	2.15111132997324
0.251955172135773	2.0240718854666
0.253227382996287	1.92075516552465
0.254512506744581	1.33283877558262
0.255810740981392	1.19542253847875
0.257122287359868	1.49222716467318
0.258447351689987	1.69261022968513
0.259786144046221	1.73740017942306
0.261138878878565	2.22131083130392
0.262505775127052	2.08004186780506
0.263887056339886	1.98145324234613
0.265282950795318	2.09547637767724
0.266693691627418	1.72833059124702
0.268119516955878	1.34042003001289
0.269560670020001	0.917995643724612
0.271017399317036	1.23099177770723
0.27248995874502	1.63508211141793
0.273978607750306	1.65520603881054
0.275483611479952	1.50891857936048
0.277005240939158	1.88896364354656
0.278543773153951	2.49108364004673
0.280099491339323	2.62392910254507
0.281672685073037	1.83865729214661
0.283263650475316	1.16866613055619
0.284872690394662	1.47004982998025
0.286500114600045	1.73193435513994
0.288146239979714	1.71296891696335
0.289811390746901	1.13482910394412
0.291495898652705	0.88939543198403
0.293200103206436	1.70219881075232
0.294924351903736	2.19262774065896
0.296669000462803	2.27331959623611
0.298434413069039	1.59573809914917
0.300220962628494	2.07067784645953
0.302029031030462	1.58115381223709
0.303859009419629	1.74974433448025
0.305711298478169	1.94364930085301
0.307586308718226	1.28958418014866
0.309484460785223	1.66091801270879
0.311406185772474	1.88943301574602
0.313351925547582	2.18677895978132
0.315322133091165	2.32061841981551
0.31731727284843	2.49107984937823
0.319337821094178	2.30532489766458
0.321384266311858	2.06689053305884
0.323457109587268	2.38994353817463
0.325556865017612	2.33936923469819
0.327684060136578	2.19056256695577
0.329839236356199	1.79342877492632
0.332022949426264	2.23109364473827
0.334235769912095	2.1724730496363
0.33647828369157	2.28335393689071
0.338751092472273	1.43967579066283
0.341054814329758	1.27308774421547
0.343390084267926	1.45434809577961
0.345757554802572	1.79447121331512
0.348157896569251	1.91867191397747
0.350591798956638	1.13724460510759
0.353059970766634	2.03088010493029
0.355563140902561	1.69571312222939
0.358102059086839	2.13252843994299
0.360677496609631	2.12552936449093
0.363290247110025	1.36132437816091
0.365941127391425	1.12167072460024
0.368630978272889	0.833189513630355
0.371360665478312	1.56508769472071
0.374131080565386	1.62384518483955
0.376943141896476	1.92461590896566
0.379797795653593	1.36753184851367
0.382696016899855	1.42142951110902
0.385638810689907	1.89646758621108
0.388627213231979	2.02047209753329
0.391662293104393	1.61688355553885
0.394745152529526	1.13682807382012
0.397876928708411	1.78412182313985
0.401058795219378	1.41134457396774
0.404291963484349	1.52323935197091
0.407577684306628	0.811434999461529
0.410917249484298	0.92959249980117
0.414311993503587	1.42822185126191
0.417763295316873	2.18635498392699
0.421272580210299	1.95908986016425
0.42484132176632	0.680101725921411
0.428471043926851	1.81002116765254
0.432163323163089	1.04661968251843
0.4359197907585	1.22168907896581
0.439742135211911	1.60563194978213
0.443632104768157	1.1205890554642
0.447591510084236	0.655679863251907
0.451622227039525	1.01197263108062
0.45572619969922	2.00974072854715
0.459905443440828	1.99545286869328
0.464162048254286	2.29470117582822
0.468498182227052	1.69581628886297
0.472916095226384	1.99806260352642
0.477418122791941	2.3671798503667
0.48200669025286	2.17612238973909
0.486684317084566	2.52037455087184
0.491453621521736	2.21325262410132
0.496317325445196	1.91675766746074
0.501278259561882	2.1750906804804
0.50633936889861	1.8577938532257
0.511503718632034	1.13467992117336
0.516774500279058	1.52706005266615
0.522155038273964	1.66287043956225
0.527648796960742	0.985827152798264
0.533259388031526	1.01830781984554
0.538990578444688	0.913551072904216
0.544846298859091	1.33155884458887
0.550830652624157	1.00344027226253
0.556947925368977	2.21366163168352
0.563202595237558	1.61781621190397
0.569599343821555	1.00441909118909
0.576143067846607	0.997115451477904
0.582838891673563	0.358376914740556
0.589692180681684	1.23157733807542
0.59670855560727	1.03483141386966
0.603893907918256	1.04647085842113
0.611254416313157	0.606073216790912
0.618796564441474	0.874146765738866
0.626527159952383	1.75516575586228
0.634453354989341	1.17278725207854
0.642582668260271	0.92877028987961
0.650923008826515	0.757377938639742
0.659482701768732	0.972563208085836
0.668270515904838	1.40974861975883
0.677295693753979	0.957284991082954
0.686567983961771	0.888571435488811
0.696097676425956	1.46555709770778
0.705895640388525	0.669747663916491
0.715973365790792	1.97531339459784
0.726343008222203	0.949585751533968
0.737017437832579	0.669781234145842
0.748010292621626	0.901156263156918
0.759336036569623	0.637682605445307
0.7710100231303	0.695049506929256
0.783048564671981	0.99899769948141
0.795469008527428	1.42460805789237
0.808289820398002	0.153019964291279
0.82153067595544	0.643927968307071
0.835212561596926	1.94711755116702
0.849357885438608	0.626789766172045
0.863990599782274	1.12692802641192
0.879136336463059	0.272351829489584
0.894822556687009	0.463287860114373
0.911078717201166	1.11101821634435
0.927936454911568	1.62993175265514
0.945429792383618	2.07068709940861
0.963595367033476	2.32154890073027
0.982472687259295	2.0839348865959
1.00210441928049	2.2330100653894
1.02253670906786	1.20327052940112
1.04381954447715	1.35822048494548
1.06600716356814	0.729754647874216
1.08915851613044	0.588390800574232
1.11333778668448	1.044876869024
1.13861498872771	0.23254683536778
1.16506664181191	0.15723624042734
1.19277654524201	0.355411122753494
1.22183666487464	0.631553713517245
1.25234815278647	1.68491730523
1.28442252363337	0.364364344728099
1.31818301653002	0.700774096192835
1.35376617750582	0.0990647719002802
1.39132370537329	1.45400960946483
1.43102461362335	0.528842451616413
1.47305777332587	0.435350668234813
1.51763491774419	0.686970005140711
1.56499420952142	0.516880834972449
1.61540449728612	0.0811217152824911
1.66917042230012	1.72773400490624
1.72663858001243	0.322744704234571
1.78820499982118	0.129445034623069
1.85432428423082	0.7044606108348
1.92552085339084	0.232768290960875
2.00240288346015	1.5313488039066
2.08567972302173	0.850151038118593
2.17618384401114	0.145164681447583
2.27489876700487	0.0624360172092022
2.38299494805071	0.0677647595907408
2.50187640730548	1.73234221080259
2.63324204760901	0.0698425853400117
2.7791673614585	0.62964093878741
2.94221489937625	0.371032517410531
3.12558604738388	0.121417336096343
3.33333333333333	0.449217823728603
