0.00999800639752376	0.533436907540854
0.00999999999999943	0.252523935824276
0.0100019943976823	0.571871122713138
0.0100039895910483	0.432975289692942
0.0100059855805737	0.184166275446824
0.0100079823667351	0.238405846880796
0.0100099799500096	0.379991372489955
0.0100119783308745	0.300568950512849
0.0100139775098076	0.0802364629013902
0.0100159774872872	0.181072992485318
0.0100179782637916	0.119624777222339
0.0100199798398	0.24940036562023
0.0100219822157916	0.0263316851245779
0.010023985392246	0.0896420213787619
0.0100259893696434	0.0846122720134024
0.0100279941484643	0.076006933357587
0.0100299997291894	0.0839160776084901
0.0100320061123001	0.0116645940469934
0.0100340132982779	0.0561914403857999
0.0100360212876049	0.107145358114365
0.0100380300807634	0.269159123882086
0.0100400396782362	0.0318146639004264
0.0100420500805066	0.228349734064285
0.0100440612880579	0.317759609757766
0.0100460733013742	0.1697309186722
0.0100480861209398	0.413659816622196
0.0100500997472394	0.151804293604275
0.0100521141807582	0.443749403422672
0.0100541294219815	0.707295192469195
0.0100561454713953	0.32370635770802
0.0100581623294859	0.45475418910775
0.0100601799967399	0.813359440714772
0.0100621984736444	0.608157724079224
0.0100642177606868	0.704775430776005
0.010066237858355	0.691343275850305
0.0100682587671371	0.701840456554805
0.0100702804875219	1.15834132912615
0.0100723030199982	0.884810906684608
0.0100743263650556	0.588693014123603
0.0100763505231837	1.35232542073364
0.0100783754948729	0.935822493238403
0.0100804012806136	0.934582077779865
0.0100824278808969	0.930627247758602
0.0100844552962142	0.986488332329239
0.0100864835270571	1.10426450853184
0.010088512573918	1.14223428081617
0.0100905424372892	0.594835644245404
0.0100925731176639	1.27963279260969
0.0100946046155353	1.08545770169077
0.0100966369313972	0.736810278041203
0.0100986700657438	0.926345028296869
0.0101007040190696	0.648987006196403
0.0101027387918695	1.15266901802514
0.0101047743846389	0.514351607653725
0.0101068107978735	0.687929934753279
0.0101088480320696	0.518668423510452
0.0101108860877235	0.778143366063805
0.0101129249653323	0.425539505695814
0.0101149646653934	0.438239996062387
0.0101170051884044	0.328808396491291
0.0101190465348635	0.502655973410219
0.0101210887052693	0.415128927606859
0.0101231317001207	0.110630311143239
0.0101251755199171	0.409941258307948
0.0101272201651582	0.146627279912341
0.0101292656363442	0.279255945540669
0.0101313119339757	0.132747094173374
0.0101333590585536	0.139619465003274
0.0101354070105794	0.144602429759361
0.0101374557905548	0.291324726304251
0.0101395053989819	0.205630164968646
0.0101415558363634	0.0807607746649782
0.0101436071032023	0.476469046543332
0.0101456592000021	0.183490859106302
0.0101477121272664	0.334017589572974
0.0101497658854995	0.406856653657722
0.0101518204752062	0.205722894198482
0.0101538758968913	0.630568879448504
0.0101559321510604	0.583893077977567
0.0101579892382193	0.300168337563428
0.0101600471588743	0.708107316130698
0.0101621059135321	0.721075584807055
0.0101641655026998	0.594329097768464
0.0101662259268848	0.801472147994006
0.0101682871865951	0.714579381351883
0.0101703492823389	0.807566417291805
0.0101724122146251	1.20673278992482
0.0101744759839629	0.647930940306218
0.0101765405908616	1.02396989133716
0.0101786060358314	1.1548466951319
0.0101806723193826	0.943854524422876
0.0101827394420261	1.03202103922194
0.010184807404273	0.939947906961238
0.0101868762066349	1.13943398349471
0.0101889458496241	1.01533177174361
0.0101910163337528	1.16391165527171
0.010193087659534	0.675849398319795
0.010195159827481	1.5166839724271
0.0101972328381076	0.695226069204554
0.0101993066919278	1.19116346203067
0.0102013813894562	0.752608504801358
0.0102034569312078	0.949588116597715
0.0102055333176979	1.12531601418277
0.0102076105494425	0.481587674364437
0.0102096886269577	0.941168925264586
0.0102117675507601	0.540092752763881
0.0102138473213669	0.796445914951503
0.0102159279392956	0.416647483623567
0.010218009405064	0.686024718456899
0.0102200917191906	0.253551627126588
0.010222174882194	0.827214640707166
0.0102242588945935	0.298917141865534
0.0102263437569086	0.363398460205115
0.0102284294696595	0.577420918975559
0.0102305160333665	0.123461018974814
0.0102326034485506	0.422521554854781
0.010234691715733	0.161970089327716
0.0102367808354354	0.241533290137511
0.0102388708081802	0.164267891908544
0.0102409616344897	0.383178534911758
0.0102430533148871	0.0820156280403574
0.0102451458498958	0.294172471055088
0.0102472392400396	0.42716442548339
0.0102493334858429	0.0545898181152698
0.0102514285878303	0.4448363373416
0.0102535245465271	0.223582971650792
0.0102556213624588	0.207186520970703
0.0102577190361514	0.476513815172082
0.0102598175681313	0.254175603032998
0.0102619169589255	0.267838963680184
0.0102640172090613	0.530852352568878
0.0102661183190663	0.31306980122346
0.0102682202894688	0.368575815900369
0.0102703231207974	0.546607089773925
0.010272426813581	0.330288874559114
0.0102745313683492	0.5384362950361
0.0102766367856319	0.612378269782659
0.0102787430659594	0.275984143617218
0.0102808502098625	0.817085961361283
0.0102829582178723	0.373803968993863
0.0102850670905206	0.624991638094219
0.0102871768283394	0.510757076481016
0.0102892874318612	0.523134156932088
0.0102913989016191	0.566052055736753
0.0102935112381462	0.484590480603596
0.0102956244419766	0.543869803725355
0.0102977385136445	0.407964494805168
0.0102998534536845	0.778241518141306
0.0103019692626319	0.164250686953309
0.0103040859410222	0.933445594281017
0.0103062034893914	0.173710348285292
0.010308321908276	0.705868227142605
0.010310441198213	0.446870021558997
0.0103125613597396	0.269208376258729
0.0103146823933936	0.543275669050561
0.0103168042997134	0.21210425136026
0.0103189270792375	0.303357513815434
0.0103210507325051	0.249565594883471
0.0103231752600558	0.434280783781846
0.0103253006624295	0.0590975426256795
0.0103274269401667	0.649641613750933
0.0103295540938084	0.0617659566882812
0.0103316821238958	0.432458524884748
0.0103338110309707	0.372585956795442
0.0103359408155755	0.0528102518123576
0.0103380714782527	0.309294344895872
0.0103402030195456	0.110957524144854
0.0103423354399976	0.150195718325166
0.0103444687401528	0.108413582972353
0.0103466029205558	0.301899964733484
0.0103487379817514	0.0124060509903633
0.0103508739242849	0.40317317561376
0.0103530107487023	0.195563185708755
0.0103551484555498	0.107683042466479
0.0103572870453741	0.407100017342389
0.0103594265187225	0.0597808330192735
0.0103615668761425	0.182577029586588
0.0103637081181822	0.230283384911445
0.0103658502453903	0.0709807782776806
0.0103679932583156	0.241264157933608
0.0103701371575076	0.223215286720972
0.0103722819435162	0.0578359924350116
0.0103744276168918	0.268984025185104
0.0103765741781852	0.198269777680356
0.0103787216279476	0.0716737943153971
0.0103808699667309	0.266128218140302
0.0103830191950871	0.0864837508903467
0.0103851693135689	0.199038743237049
0.0103873203227294	0.275238851527771
0.0103894722231221	0.0247144976338763
0.0103916250153012	0.331449423058213
0.0103937786998209	0.0474125077427033
0.0103959332772364	0.156646699518095
0.0103980887481029	0.0559989941829866
0.0104002451129763	0.120571535101595
0.010402402372413	0.0456686934956132
0.0104045605269697	0.152096066284851
0.0104067195772036	0.0362286252054363
0.0104088795236725	0.216717234756221
0.0104110403669345	0.253749296364605
0.0104132021075483	0.0766899486068789
0.0104153647460729	0.24369406192381
0.0104175282830679	0.0297677728242564
0.0104196927190933	0.160952232770567
0.0104218580547097	0.0397134327103984
0.0104240242904779	0.0112034074288322
0.0104261914269593	0.00830537271612379
0.010428359464716	0.0751402608621451
0.0104305284043101	0.0937992767640242
0.0104326982463047	0.148554149150104
0.0104348689912628	0.144248661170522
0.0104370406397483	0.169166799555282
0.0104392131923255	0.163466977827451
0.010441386649559	0.2175238317287
0.010443561012014	0.0684014320085836
0.0104457362802561	0.0574322085330703
0.0104479124548515	0.0187701889404356
0.0104500895363667	0.0311801530503247
0.0104522675253687	0.0135391598916478
0.0104544464224252	0.114742689526483
0.0104566262281041	0.00984084550873381
0.0104588069429739	0.226699390922082
0.0104609885676035	0.102401912095386
0.0104631711025624	0.139885486035206
0.0104653545484205	0.233590747479246
0.0104675389057481	0.00236886184983497
0.0104697241751161	0.0957935990688178
0.0104719103570958	0.0746870613103599
0.0104740974522591	0.0396750041163378
0.0104762854611782	0.189426041415406
0.0104784743844258	0.0348491581816063
0.0104806642225753	0.136173070715296
0.0104828549762003	0.279786060147635
0.010485046645875	0.0317154653492472
0.0104872392321742	0.17196053261284
0.0104894327356729	0.190495776291448
0.0104916271569469	0.0912193123212775
0.0104938224965722	0.377039703594265
0.0104960187551255	0.0343050495419601
0.0104982159331838	0.436508792923659
0.0105004140313248	0.386975368057243
0.0105026130501264	0.102548701660782
0.0105048129901672	0.35028115680444
0.0105070138520263	0.201069878902264
0.0105092156362831	0.355217688007699
0.0105114183435177	0.272862254976042
0.0105136219743105	0.265698079171743
0.0105158265292426	0.291528034501256
0.0105180320088952	0.901052451789902
0.0105202384138505	0.0243825287554125
0.0105224457446909	0.846642971993865
0.0105246540019992	0.32349735262652
0.0105268631863589	0.453938084273794
0.0105290732983539	0.590569634289127
0.0105312843385685	0.148101430897761
0.0105334963075877	0.525400293682365
0.0105357092059969	0.542708293302157
0.0105379230343818	0.198657495481404
0.0105401377933289	0.450465870899898
0.010542353483425	0.760053575515468
0.0105445701052575	0.07125396708635
0.0105467876594142	0.830990894119816
0.0105490061464834	0.058536292583339
0.010551225567054	0.626593322644745
0.0105534459217153	0.49367119391448
0.0105556672110571	0.0572763748038675
0.0105578894356698	0.220933064597804
0.0105601125961441	0.290166658041457
0.0105623366930713	0.0865825452845599
0.0105645617270434	0.160354651522756
0.0105667876986525	0.126950359281216
0.0105690146084915	0.075279754698454
0.0105712424571538	0.348679472581855
0.010573471245233	0.066674866766158
0.0105757009733236	0.120411217937177
0.0105779316420203	0.102959743836258
0.0105801632519185	0.0105544426355037
0.010582395803614	0.00570866485024137
0.010584629297703	0.0323863938799532
0.0105868637347825	0.0379296735916389
0.0105890991154497	0.0314024210996356
0.0105913354403025	0.212220667930657
0.0105935727099392	0.115846885162972
0.0105958109249587	0.024223014815136
0.0105980500859603	0.2398039342877
0.0106002901935439	0.131265125771748
0.0106025312483098	0.218233901876908
0.0106047732508588	0.370857399934156
0.0106070162017925	0.0577489674463279
0.0106092601017126	0.889554886474909
0.0106115049512216	0.390069682190504
0.0106137507509224	0.309200768622637
0.0106159975014184	0.668186041653492
0.0106182452033134	0.446522691585829
0.0106204938572121	0.716066150169947
0.0106227434637193	0.579140402807348
0.0106249940234404	0.4923533370209
0.0106272455369815	0.941498590546197
0.0106294980049491	1.35473880119897
0.0106317514279501	0.198630444242633
0.0106340058065921	1.63272226401035
0.0106362611414831	0.705932178723673
0.0106385174332317	1.03141692888488
0.0106407746824469	1.14344207018635
0.0106430328897384	0.525042891693114
0.0106452920557161	1.34068437040201
0.0106475521809909	1.16730386056831
0.0106498132661737	0.489994987808267
0.0106520753118763	1.11402472234639
0.0106543383187109	1.37777284274082
0.01065660228729	0.433796057084201
0.0106588672182271	1.43962717699116
0.0106611331121357	0.322980412999668
0.0106633999696302	1.22584560746727
0.0106656677913253	1.16113137856076
0.0106679365778364	0.25763410336604
0.0106702063297793	0.758026150170388
0.0106724770477704	0.745046500483385
0.0106747487324265	0.417786148790846
0.0106770213843651	0.461987699075147
0.010679295004204	0.37968010652061
0.0106815695925618	0.270579476921034
0.0106838451500574	0.75936346360693
0.0106861216773103	0.163376040846431
0.0106883991749406	0.226592008526132
0.0106906776435689	0.494612558976395
0.0106929570838163	0.0896468214674883
0.0106952374963043	0.179022260125766
0.0106975188816553	0.141729760608192
0.0106998012404917	0.0416996138103402
0.0107020845734369	0.329747847332112
0.0107043688811147	0.210198972706731
0.0107066541641493	0.00645308109270847
0.0107089404231655	0.179267213625412
0.0107112276587887	0.274846974324046
0.0107135158716448	0.0930622725340461
0.0107158050623602	0.292000833799522
0.0107180952315619	0.198626300754193
0.0107203863798773	0.241909119407973
0.0107226785079346	0.991677806404661
0.0107249716163622	0.136110404040931
0.0107272657057893	0.489048257550756
0.0107295607768455	0.612327657420477
0.0107318568301611	0.415511132276888
0.0107341538663666	0.673984507798795
0.0107364518860935	0.43925933240416
0.0107387508899735	0.474653922248942
0.010741050878639	1.01599168346251
0.0107433518527228	1.02069729207739
0.0107456538128584	0.229315450537018
0.0107479567596798	1.59253224258019
0.0107502606938214	0.58333194350091
0.0107525656159183	0.988223462976276
0.0107548715266063	0.961997609064126
0.0107571784265213	0.48837329486401
0.0107594863163001	1.39172708478052
0.0107617951965799	0.895853216712007
0.0107641050679986	0.43457651802579
0.0107664159311944	1.02045995220454
0.0107687277868063	1.20314636302872
0.0107710406354737	0.411923293118026
0.0107733544778366	1.17438005791459
0.0107756693145355	0.339715900971255
0.0107779851462116	1.12461851631686
0.0107803019735063	1.19108665840093
0.010782619797062	0.177298258647367
0.0107849386175214	0.890414967493819
0.0107872584355278	0.632385970645981
0.010789579251725	0.528069433803736
0.0107919010667574	0.435817334567121
0.01079422388127	0.40642776579059
0.0107965476959083	0.376861802705674
0.0107988725113184	0.758241398219818
0.0108011983281469	0.321079303106342
0.010803525147041	0.250414720523571
0.0108058529686483	0.811900177777859
0.0108081817936173	0.176027636637103
0.0108105116225968	0.452120038018288
0.0108128424562362	0.285855743872568
0.0108151742951855	0.235133548476239
0.0108175071400952	0.707138085811479
0.0108198409916164	0.254798942657406
0.0108221758504007	0.150378923748868
0.0108245117171005	0.408937721279419
0.0108268485923685	0.515388421549601
0.010829186476858	0.176070691460475
0.010831525371223	0.537725699409965
0.010833865276118	0.158218131312052
0.0108362061921979	0.663639025137229
0.0108385481201184	0.983585563835197
0.0108408910605358	0.0315311184942368
0.0108432350141066	0.780548199319406
0.0108455799814883	0.410755556566926
0.0108479259633388	0.465936929702856
0.0108502729603164	0.428753086226793
0.0108526209730803	0.324680217385303
0.01085497000229	0.378155406126801
0.0108573200486056	0.768826485292039
0.010859671112688	0.409438649782438
0.0108620231951984	0.279102094507234
0.0108643762967987	1.05165227283196
0.0108667304181514	0.139144840066998
0.0108690855599194	0.618157013345552
0.0108714417227665	0.286037789593016
0.0108737989073568	0.327838843867104
0.010876157114355	0.661875741348804
0.0108785163444265	0.190041414675185
0.0108808765982371	0.117855775306874
0.0108832378764535	0.365935439442644
0.0108856001797426	0.416399977835231
0.0108879635087721	0.0405119601010094
0.0108903278642103	0.368439184771951
0.0108926932467258	0.0405225159974826
0.0108950596569882	0.433235931877343
0.0108974270956674	0.499626899118116
0.010899795563434	0.00847472679352243
0.010902165060959	0.326223550496479
0.0109045355889143	0.111366441437357
0.0109069071479721	0.188121402786064
0.0109092797388053	0.133784255146946
0.0109116533620873	0.0971455000960343
0.0109140280184923	0.154498377380403
0.0109164037086949	0.291950354856017
0.0109187804333704	0.373265394314316
0.0109211581931944	0.037417707922498
0.0109235369888436	0.671000393228162
0.0109259168209948	0.17634426458118
0.0109282976903257	0.441126342278092
0.0109306795975145	0.377409317416456
0.0109330625432399	0.237137662995267
0.0109354465281812	0.821591521857847
0.0109378315530185	0.277601548633484
0.0109402176184324	0.302208399704289
0.0109426047251039	0.419707026955951
0.0109449928737147	0.748544463800503
0.0109473820649474	0.219535221131878
0.0109497722994846	0.772960256045286
0.0109521635780101	0.189295794951251
0.0109545559012079	0.96087744369595
0.0109569492697628	0.929225580466603
0.01095934368436	0.140821695765255
0.0109617391456855	0.924554631486199
0.0109641356544258	0.311599371517485
0.0109665332112681	0.587651448908525
0.0109689318169001	0.280063714869706
0.01097133147201	0.431385646036176
0.0109737321772868	0.316183146788681
0.0109761339334201	0.664883566493679
0.0109785367411	0.106349573485446
0.0109809406010172	0.525716990910625
0.0109833455138631	0.582515342817042
0.0109857514803296	0.0591072251053365
0.0109881585011093	0.434297794015665
0.0109905665768953	0.0158395052067619
0.0109929757083815	0.439032221275187
0.0109953858962621	0.110132123566734
0.0109977971412322	0.0655948020572232
0.0110002094439874	0.0888634345735115
0.0110026228052239	0.193665683264838
0.0110050372256385	0.00711994801635234
0.0110074527059287	0.169036613840312
0.0110098692467924	0.0374160841975466
0.0110122868489284	0.219708666494218
0.011014705513036	0.12322267356652
0.0110171252398149	0.267611914692535
0.0110195460299657	0.372465922233883
0.0110219678841896	0.0235639333070213
0.0110243908031882	0.26602923699528
0.011026814787664	0.068964066006297
0.0110292398383198	0.470605100158175
0.0110316659558593	0.0883446401589846
0.0110340931409866	0.336383161723615
0.0110365213944067	0.170883953398489
0.0110389507168249	0.766163185183987
0.0110413811089474	0.113937078211715
0.0110438125714807	0.644286505859162
0.0110462451051323	0.494508242332909
0.01104867871061	0.436606008631392
0.0110511133886224	0.821455226518745
0.0110535491398787	0.152710324368546
0.0110559859650888	1.02772624111801
0.011058423864963	0.364348020738182
0.0110608628402124	0.515956698934144
0.0110633028915487	0.33323456255508
0.0110657440196843	0.882740652304868
0.011068186225332	0.243165757480195
0.0110706295092054	0.802355921918775
0.0110730738720188	0.255713459620279
0.011075519314487	0.812115615128016
0.0110779658373255	0.858023707693661
0.0110804134412503	0.136985695165235
0.0110828621269782	0.715208457732946
0.0110853118952266	0.2035813369217
0.0110877627467134	0.481204413521001
0.0110902146821574	0.140717689590896
0.0110926677022778	0.372443617451025
0.0110951218077944	0.156587322884304
0.0110975769994279	0.487234202602051
0.0111000332778994	0.0182312524151306
0.0111024906439308	0.523634953410977
0.0111049490982445	0.226859640269848
0.0111074086415636	0.175295711148608
0.0111098692746118	0.253975973937066
0.0111123309981136	0.152225843948832
0.0111147938127941	0.436854890022743
0.0111172577193787	0.0774954488498785
0.0111197227185939	0.292909369017901
0.0111221888111667	0.287520680105645
0.0111246559978245	0.413955333223216
0.0111271242792958	0.161614824337784
0.0111295936563093	0.596918176846221
0.0111320641295947	0.269925991327497
0.011134535699882	0.780568343370979
0.0111370083679022	0.292612460761959
0.0111394821343868	0.805274850717503
0.0111419570000678	0.88611768376161
0.0111444329656781	0.434166852208981
0.0111469100319511	0.984128294222795
0.011149388199621	0.456210646307514
0.0111518674694223	1.29351626578654
0.0111543478420907	0.587436912015783
0.011156829318362	0.992482929483213
0.0111593118989731	0.681191735065891
0.0111617955846612	1.42711090973311
0.0111642803761644	0.595016373050685
0.0111667662742215	1.14177468064295
0.0111692532795716	1.06466282885684
0.0111717413929549	0.792059354668464
0.011174230615112	1.51049946823041
0.0111767209467841	0.347998852790616
0.0111792123887134	1.47685788844963
0.0111817049416423	0.633178186423306
0.0111841986063143	0.921334421572723
0.0111866933834732	0.4902160819933
0.0111891892738638	1.05025584507667
0.0111916862782312	0.434975377663081
0.0111941843973216	0.832792377061275
0.0111966836318814	0.486941377308487
0.0111991839826579	0.537341608423445
0.0112016854503993	0.900073720579446
0.011204188035854	0.0832355383777679
0.0112066917397713	0.547280786390173
0.0112091965629013	0.117525237411791
0.0112117025059946	0.318782837711767
0.0112142095698024	0.0664944215789977
0.0112167177550768	0.171176305055115
0.0112192270625704	0.023334930171277
0.0112217374930366	0.181650043479416
0.0112242490472293	0.0172996460852222
0.0112267617259032	0.162815778366174
0.0112292755298137	0.0175864424174888
0.0112317904597168	0.0937737576091168
0.0112343065163693	0.0216936176546262
0.0112368237005284	0.17251269012437
0.0112393420129523	0.129228052863629
0.0112418614543997	0.140747640373968
0.0112443820256301	0.214489508989956
0.0112469037274035	0.275970280312445
0.0112494265604807	0.308734625579652
0.0112519505256233	0.295187490377354
0.0112544756235933	0.505062458101841
0.0112570018551536	0.395610514554813
0.0112595292210677	0.78022020365072
0.0112620577220998	0.317851346506259
0.0112645873590149	1.02980428550634
0.0112671181325785	0.716924719150294
0.0112696500435569	0.714400307499389
0.011272183092717	1.08927978418148
0.0112747172808265	0.604523475804797
0.0112772526086537	1.33276128902097
0.0112797890769678	0.799150168471498
0.0112823266865383	1.02807053954947
0.0112848654381357	0.939817392519142
0.0112874053325311	1.34547698020912
0.0112899463704964	0.717125732922895
0.011292488552804	1.30139640811758
0.0112950318802272	1.0167331038792
0.0112975763535397	0.869033176601683
0.0113001219735163	1.48326474567093
0.0113026687409321	0.460972062293781
0.0113052166565632	1.38956814388039
0.0113077657211864	0.681904106431188
0.0113103159355788	0.903453682895115
0.0113128673005188	0.613658183857362
0.0113154198167849	0.889257958701045
0.0113179734851568	0.500716195839492
0.0113205283064147	0.705819756713257
0.0113230842813394	0.595412702898219
0.0113256414107125	0.351429767990679
0.0113281996953164	0.812368635745189
0.0113307591359341	0.108138877784317
0.0113333197333493	0.510096879324615
0.0113358814883465	0.159039850353211
0.0113384444017108	0.260208075052206
0.011341008474228	0.162928552797007
0.0113435737066848	0.122145510111251
0.0113461400998684	0.113348994461241
0.0113487076545668	0.0806603892442208
0.0113512763715687	0.134379505849525
0.0113538462516636	0.0104849774783568
0.0113564172956415	0.133057427466084
0.0113589895042934	0.0189913156799468
0.0113615628784107	0.0793772242828717
0.0113641374187859	0.13318046707176
0.0113667131262118	0.0135481698171468
0.0113692900014822	0.210147565004735
0.0113718680453916	0.0731542433279938
0.0113744472587351	0.169052420384345
0.0113770276423087	0.145301270863534
0.0113796091969088	0.239234665077817
0.0113821919233329	0.16279901195949
0.011384775822379	0.315948777475169
0.0113873608948458	0.30165709709102
0.011389947141533	0.197825766370221
0.0113925345632407	0.588008175216327
0.0113951231607698	0.200886856199657
0.0113977129349222	0.444558434379202
0.0114003038865001	0.512769338179836
0.0114028960163067	0.244247822730346
0.011405489325146	0.587070481990058
0.0114080838138225	0.403377608823676
0.0114106794831416	0.365830681516813
0.0114132763339092	0.514985049288822
0.0114158743669324	0.448550671882037
0.0114184735830185	0.297306718039176
0.0114210739829759	0.603444561909722
0.0114236755676136	0.341274439730922
0.0114262783377413	0.323629035061608
0.0114288822941695	0.610083226762262
0.0114314874377095	0.165802834054398
0.0114340937691732	0.535861875447254
0.0114367012893734	0.283360122324492
0.0114393099991235	0.279747733146041
0.0114419198992376	0.324167519769662
0.0114445309905307	0.308513224216686
0.0114471432738186	0.213930409196191
0.0114497567499176	0.26130022200095
0.0114523714196448	0.331273121745151
0.0114549872838183	0.123312150939613
0.0114576043432567	0.421033450482463
0.0114602225987794	0.0879981310115554
0.0114628420512065	0.320337335040909
0.011465462701359	0.23113350987595
0.0114680845500586	0.157825576380253
0.0114707075981276	0.268908006551191
0.0114733318463892	0.166054203920945
0.0114759572956674	0.260106265917277
0.0114785839467868	0.209010765574199
0.0114812118005729	0.243077181107418
0.0114838408578518	0.174737805842465
0.0114864711194505	0.406453563915888
0.0114891025861967	0.123439553958623
0.0114917352589189	0.318184316298049
0.0114943691384462	0.262470285615589
0.0114970042256086	0.182080534459519
0.011499640521237	0.391020610474567
0.0115022780261628	0.163444570616019
0.0115049167412182	0.212951192923491
0.0115075566672364	0.3488288808899
0.011510197805051	0.201726195673998
0.0115128401554967	0.199754746415698
0.0115154837194088	0.309614856498042
0.0115181284976234	0.110668261681795
0.0115207744909773	0.249209578935365
0.0115234217003082	0.20284269096331
0.0115260701264545	0.0718022877443852
0.0115287197702554	0.213789103555394
0.0115313706325508	0.160589688383944
0.0115340227141813	0.0141247744808227
0.0115366760159886	0.216831387644422
0.0115393305388149	0.046357579881688
0.0115419862835032	0.0690006705232755
0.0115446432508974	0.0916301270322919
0.011547301441842	0.00165231335480316
0.0115499608571824	0.0577516428929875
0.0115526214977648	0.0376740888418664
0.011555283364436	0.00359891646957076
0.0115579464580439	0.00167730474830957
0.0115606107794369	0.0278237183157377
0.0115632763294643	0.0507525524005591
0.0115659431089761	0.00977667159543843
0.0115686111188232	0.111516349934028
0.0115712803598573	0.0350830829119984
0.0115739508329307	0.0769884746828625
0.0115766225388966	0.203712717306854
0.0115792954786091	0.0731567834820272
0.0115819696529228	0.163090502982508
0.0115846450626935	0.177619061678926
0.0115873217087774	0.216341537268856
0.0115899995920318	0.278592730415479
0.0115926787133144	0.249487955691039
0.0115953590734842	0.241870724929732
0.0115980406734005	0.46890682891574
0.0116007235139239	0.307732084737965
0.0116034075959152	0.382656729400333
0.0116060929202366	0.438872625886528
0.0116087794877507	0.370978752361427
0.0116114672993211	0.583483269429896
0.011614156355812	0.352856092568806
0.0116168466580885	0.421579936289354
0.0116195382070167	0.670504088708165
0.0116222310034632	0.339149361122304
0.0116249250482955	0.455268755117926
0.011627620342382	0.498922785992863
0.0116303168865918	0.342627640260183
0.0116330146817949	0.57133310167141
0.011635713728862	0.355276698486418
0.0116384140286647	0.261708762816649
0.0116411155820753	0.66731523607081
0.0116438183899671	0.209594546946487
0.0116465224532139	0.369506678897474
0.0116492277726907	0.317251113131832
0.011651934349273	0.20131073624205
0.0116546421838373	0.27371683160336
0.0116573512772608	0.153654644512387
0.0116600616304215	0.117889072752419
0.0116627732441984	0.221907835828573
0.0116654861194711	0.147816955242719
0.0116682002571202	0.0633197297069466
0.011670915658027	0.296189837978941
0.0116736323230736	0.00400765147861428
0.011676350253143	0.210059593980241
0.0116790694491191	0.0082850067212345
0.0116817899118864	0.175920057248038
0.0116845116423303	0.113692836835349
0.0116872346413372	0.0715531759029301
0.0116899589097942	0.116174899345368
0.0116926844485891	0.271347931059016
0.0116954112586108	0.0653820125848345
0.0116981393407488	0.370265864424945
0.0117008686958935	0.161065298519579
0.0117035993249362	0.426397603630471
0.0117063312287689	0.418864333228724
0.0117090644082845	0.214259165186227
0.0117117988643769	0.755950470823565
0.0117145345979405	0.308206208079557
0.0117172716098709	0.706732853202203
0.0117200099010641	0.378014656631278
0.0117227494724174	0.814280136848086
0.0117254903248287	0.607045305369541
0.0117282324591967	0.76357298997185
0.011730975876421	0.563147623764487
0.0117337205774021	0.954371111341703
0.0117364665630413	0.915530141107793
0.0117392138342407	0.630379159236891
0.0117419623919033	1.10001032565085
0.0117447122369329	0.563449060293628
0.0117474633702342	1.26009150969857
0.0117502157927128	0.602243154693968
0.011752969505275	0.790774132743594
0.011755724508828	0.973332602052986
0.0117584808042799	0.741261092340449
0.0117612383925396	0.634632913628938
0.0117639972745169	0.802177152947711
0.0117667574511224	0.604369726972858
0.0117695189232677	0.710781515178431
0.011772281691865	0.721257137893281
0.0117750457578276	0.250498888027378
0.0117778111220695	0.946658934649796
0.0117805777855056	0.303327115709881
0.0117833457490518	0.440292828387345
0.0117861150136245	0.313815810271603
0.0117888855801414	0.311804525169007
0.0117916574495209	0.222667533570494
0.011794430622682	0.208840969505215
0.011797205100545	0.0800514343463268
0.0117999808840308	0.191573844747406
0.0118027579740611	0.215454388796523
0.0118055363715587	0.0344799725598915
0.0118083160774472	0.262399432591615
0.011811097092651	0.00472438301279129
0.0118138794180953	0.147079257832512
0.0118166630547064	0.00156020560220152
0.0118194480034114	0.136311879227717
0.011822234265138	0.051053791496475
0.0118250218408151	0.0872430373904221
0.0118278107313725	0.0749066083338908
0.0118306009377405	0.356159695247744
0.0118333924608508	0.0517887468528978
0.0118361853016355	0.444190453938382
0.0118389794610279	0.169457978517724
0.011841774939962	0.513279020658239
0.0118445717393728	0.451934594225071
0.0118473698601961	0.281145939357279
0.0118501693033686	0.827906935529958
0.011852970069828	0.351163876928976
0.0118557721605127	0.892036058364808
0.0118585755763621	0.362993342434643
0.0118613803183165	1.0456928037659
0.0118641863873171	0.629595068138197
0.0118669937843058	0.953358126908788
0.0118698025102256	0.638499709133845
0.0118726125660204	1.03949937339082
0.0118754239526349	1.14002350688418
0.0118782366710147	0.66386301836861
0.0118810507221063	1.34669249502783
0.0118838661068571	0.574546101701475
0.0118866828262155	1.52755449947263
0.0118895008811307	0.658133121004656
0.0118923202725528	0.99891395827046
0.0118951410014327	0.938692092315276
0.0118979630687224	1.02295556734593
0.0119007864753748	0.738495514716434
0.0119036112223436	0.932874071970453
0.0119064373105833	0.876966264790298
0.0119092647410495	0.711903857686062
0.0119120935146987	1.10754515554558
0.0119149236324883	0.259388925517135
0.0119177550953764	1.11769937335774
0.0119205879043223	0.442787729391266
0.0119234220602861	0.601406262071842
0.0119262575642287	0.379499732447509
0.0119290944171121	0.534188010270547
0.011931932619899	0.335999131411202
0.0119347721735534	0.361467858071183
0.0119376130790397	0.274783366849785
0.0119404553373237	0.162892962307522
0.0119432989493717	0.497649066902872
0.0119461439161513	0.0144374030219861
0.0119489902386307	0.293921672128724
0.0119518379177793	0.0542244950823355
0.0119546869545672	0.130611869673145
0.0119575373499656	0.0536617832847366
0.0119603891049465	0.0184147047387557
0.0119632422204829	0.0154501978850429
0.0119660966975486	0.00356243627200387
0.0119689525371185	0.0454727699780525
0.0119718097401685	0.0834991016098668
0.011974668307675	0.0233873833552176
0.0119775282406159	0.140465923143029
0.0119803895399696	0.000532888092592644
0.0119832522067157	0.186789813037037
0.0119861162418346	0.0633662685866809
0.0119889816463076	0.105598918955169
0.0119918484211171	0.216107047676515
0.0119947165672463	0.103509767926537
0.0119975860856794	0.338239393427101
0.0120004569774015	0.0714657676839852
0.0120033292433988	0.466628789087193
0.0120062028846582	0.161314420388857
0.0120090779021676	0.432036837147392
0.0120119542969161	0.213282475448566
0.0120148320698935	0.441166279009179
0.0120177112220905	0.531869964591992
0.012020591754499	0.26538043441428
0.0120234736681116	0.680120195758348
0.012026356963922	0.220259633556965
0.0120292416429248	0.816126030756767
0.0120321277061156	0.279316810959364
0.0120350151544909	0.575361044910259
0.0120379039890482	0.402299562733421
0.012040794210786	0.640609953294875
0.0120436858207036	0.467198082335864
0.0120465788198013	0.525184633877896
0.0120494732090806	0.691512534284147
0.0120523689895437	0.361253580256975
0.0120552661621938	0.900731500438445
0.0120581647280352	0.171282617334383
0.012061064688073	0.793567774937625
0.0120639660433133	0.343234661898116
0.0120668687947634	0.593595239291407
0.0120697729434312	0.323843807628944
0.0120726784903259	0.578316373795737
0.0120755854364574	0.435411546782146
0.0120784937828367	0.39975697189301
0.0120814035304759	0.546646064605467
0.0120843146803879	0.159548191044559
0.0120872272335865	0.675934434750559
0.0120901411910867	0.129247334909356
0.0120930565539044	0.451003874781441
0.0120959733230564	0.158550894633424
0.0120988914995607	0.401075017071586
0.0121018110844359	0.158806085506753
0.0121047320787019	0.277982013277266
0.0121076544833796	0.179895633539573
0.0121105782994906	0.145374301766374
0.0121135035280578	0.302507841731904
0.0121164301701048	0.0130949636117878
0.0121193582266566	0.266525173445928
0.0121222876987387	0.0281188495065267
0.0121252185873779	0.168050818321012
0.012128150893602	0.0290606804627636
0.0121310846184396	0.0789275418868508
0.0121340197629205	0.0369300505822108
0.0121369563280754	0.0242817222611501
0.0121398943149359	0.0524863977243625
0.0121428337245348	0.00645784440908309
0.0121457745579058	0.0663317943240169
0.0121487168160836	0.0130498404605155
0.0121516605001039	0.0200225425816496
0.0121546056110034	0.0105530938215114
0.0121575521498198	0.0111753147969097
0.0121605001175919	0.00350942073150218
0.0121634495153594	0.039178873740044
0.012166400344163	0.000157805570662083
0.0121693526050445	0.0812851789290595
0.0121723062990467	0.000387485847746672
0.0121752614272132	0.108990300195516
0.012178217990589	0.0193405176435879
0.0121811759902199	0.10163607611256
0.0121841354271525	0.065326548942787
0.0121870963024349	0.0864285795355617
0.0121900586171157	0.213423344314604
0.012193022372245	0.0388656963517675
0.0121959875688737	0.316517688130266
0.0121989542080535	0.0219848685451339
0.0122019222908376	0.32983471153419
0.0122048918182798	0.0778020001281693
0.0122078627914351	0.240896650096059
0.0122108352113597	0.128562809739087
0.0122138090791104	0.275828356104028
0.0122167843957455	0.227840086672279
0.012219761162324	0.229875687701903
0.0122227393799061	0.377982928733176
0.0122257190495529	0.133996035986449
0.0122287001723267	0.476831622625715
0.0122316827492908	0.0759625357243002
0.0122346667815093	0.34264288701057
0.0122376522700477	0.157139445524314
0.0122406392159723	0.319271944001515
0.0122436276203505	0.11373082813386
0.0122466174842507	0.387004278565427
0.0122496088087426	0.114077710033782
0.0122526015948965	0.382541578147043
0.0122555958437842	0.22203062496359
0.0122585915564782	0.158741132712062
0.0122615887340522	0.336394160788151
0.0122645873775809	0.0726475083631673
0.0122675874881402	0.267847202589754
0.0122705890668069	0.0736841197591408
0.0122735921146588	0.248870505375762
0.012276596632775	0.0745587459364578
0.0122796026222354	0.246361113975475
0.012282610084121	0.0417674192021895
0.0122856190195141	0.256628388805773
0.0122886294294978	0.106074958262029
0.0122916413151564	0.116821553911187
0.012294654677575	0.181463978147699
0.0122976695178403	0.0968701627580343
0.0123006858370394	0.192578297619261
0.0123037036362611	0.102830724402536
0.0123067229165948	0.119490864688194
0.0123097436791312	0.226407415671462
0.012312765924962	0.115473314353093
0.01231578965518	0.162062866640523
0.012318814870879	0.204936369117463
0.0123218415731541	0.16176124376055
0.0123248697631011	0.265367795523898
0.0123278994418173	0.146867883643739
0.0123309306104007	0.245078586352803
0.0123339632699507	0.334810516225107
0.0123369974215675	0.146010028394767
0.0123400330663525	0.331286642699095
0.0123430702054084	0.216521678578412
0.0123461088398385	0.346477878757796
0.0123491489707477	0.269571697583087
0.0123521905992417	0.245914707394245
0.0123552337264274	0.265162062074497
0.0123582783534126	0.393952809713086
0.0123613244813064	0.225609354724428
0.0123643721112189	0.230991439507782
0.0123674212442614	0.448713273327618
0.0123704718815462	0.125206160866772
0.0123735240241867	0.496083961391443
0.0123765776732974	0.0880937058844861
0.0123796328299939	0.358843918678971
0.0123826894953929	0.278113228963218
0.0123857476706124	0.154665162522638
0.0123888073567711	0.163253309392287
0.0123918685549891	0.262030640147328
0.0123949312663876	0.123498218696769
0.0123979954920888	0.195220493481073
0.012401061233216	0.143684096066144
0.0124041284908938	0.141471426651055
0.0124071972662477	0.267949335390884
0.0124102675604044	0.00813870954773311
0.0124133393744918	0.0872733421101446
0.0124164127096386	0.0647967376132412
0.0124194875669751	0.0354804475135827
0.0124225639476324	0.0117704970613974
0.0124256418527427	0.0335699018423739
0.0124287212834394	0.0157466532374724
0.0124318022408572	0.101216837468576
0.0124348847261316	0.036696903150586
0.0124379687403994	0.119436861891666
0.0124410542847986	0.00678925295763235
0.0124441413604681	0.0393193432643395
0.0124472299685483	0.0397551572950394
0.0124503201101803	0.0908072936268745
0.0124534117865066	0.0891280337281408
0.0124565049986708	0.101168157923328
0.0124595997478176	0.0585474583018605
0.0124626960350929	0.424243802778365
0.0124657938616436	0.0715116582456309
0.0124688932286179	0.272796752760311
0.0124719941371649	0.240461412904503
0.0124750965884353	0.248076908695232
0.0124782005835804	0.459939104454589
0.0124813061237531	0.147209167590836
0.0124844132101071	0.431955473011345
0.0124875218437975	0.496827358295414
0.0124906320259805	0.396250122664965
0.0124937437578132	0.332579462286176
0.0124968570404543	0.633514493532663
0.0124999718750632	0.385687589846516
0.0125030882628009	0.685735872710243
0.0125062062048291	0.397076488624888
0.012509325702311	0.489429487253553
0.0125124467564109	0.942505409306201
0.0125155693682941	0.388705603502089
0.0125186935391273	0.490467716141459
0.0125218192700781	0.681587546794923
0.0125249465623155	0.530295431219142
0.0125280754170095	0.654560215229072
0.0125312058353314	0.504089353409182
0.0125343378184536	0.38770590248235
0.0125374713675497	0.893441694957778
0.0125406064837945	0.574023226386977
0.0125437431683638	0.318125709381921
0.0125468814224349	0.72471053985154
0.0125500212471859	0.391998893422779
0.0125531626437964	0.519584267150785
0.0125563056134471	0.432557984846733
0.0125594501573196	0.255140935525845
0.0125625962765972	0.623208025233192
0.0125657439724639	0.408125741009508
0.0125688932461052	0.149363351144368
0.0125720440987076	0.41359144205748
0.012575196531459	0.373153185315957
0.0125783505455482	0.188749159729148
0.0125815061421655	0.334817843491995
0.0125846633225021	0.0608611841458603
0.0125878220877507	0.407702938670722
0.012590982439105	0.371870325915863
0.0125941443777598	0.0456184265591026
0.0125973079049115	0.146996007172131
0.0126004730217572	0.161284141752893
0.0126036397294956	0.165058073096478
0.0126068080293264	0.0817208202845112
0.0126099779224506	0.0987936301935934
0.0126131494100704	0.0260386555174014
0.012616322493389	0.351638606402333
0.0126194971736112	0.25454281914141
0.0126226734519427	0.0647181681479245
0.0126258513295905	0.277804034919793
0.0126290308077629	0.0381810354053042
0.0126322118876693	0.241010306972714
0.0126353945705204	0.132506148321561
0.0126385788575281	0.0655483071624345
0.0126417647499054	0.231719437968266
0.0126449522488668	0.277760464291428
0.0126481413556278	0.160230750772973
0.0126513320714051	0.181251077466774
0.0126545243974169	0.468910592253922
0.0126577183348822	0.0925575706974374
0.0126609138850217	0.536249173019187
0.012664111049057	0.125199804960502
0.012667309828211	0.430322731487419
0.012670510223708	0.723974760288713
0.0126737122367733	0.166953864781542
0.0126769158686337	0.316614332799741
0.0126801211205169	0.394488083724934
0.0126833279936523	0.597150739956798
0.01268653648927	0.317597876147466
0.0126897466086018	0.59991733485285
0.0126929583528805	0.163140086703184
0.0126961717233403	1.11159563792175
0.0126993867212165	0.765549449418352
0.0127026033477457	0.308847062032652
0.0127058216041659	0.901483773185298
0.0127090414917161	0.446770210296306
0.0127122630116368	0.882225170200683
0.0127154861651696	0.44542079478131
0.0127187109535574	0.583889388445754
0.0127219373780443	0.72796454356308
0.0127251654398759	1.0937081322202
0.0127283951402988	0.325604452356645
0.0127316264805609	0.964371300527298
0.0127348594619115	0.951927070292651
0.012738094085601	0.606974064589415
0.0127413303528814	1.03270287702718
0.0127445682650055	0.266008565658903
0.0127478078232277	1.29969882079141
0.0127510490288036	0.82295068438665
0.0127542918829901	0.57453723856756
0.0127575363870453	0.516401778075715
0.0127607825422286	1.00009472743317
0.0127640303498008	0.693089860509043
0.0127672798110239	0.602278220496858
0.012770530927161	0.573659941543376
0.0127737836994768	0.481984534580046
0.0127770381292372	1.36425532043725
0.0127802942177093	0.192641187656272
0.0127835519661615	0.765894255760343
0.0127868113758635	0.572922326803222
0.0127900724480864	0.473260278817236
0.0127933351841025	0.519261481628154
0.0127965995851855	0.157158643321676
0.0127998656526101	0.471663522894563
0.0128031333876528	0.410094896888062
0.0128064027915909	0.351008018233272
0.0128096738657034	0.0269177500422755
0.0128129466112704	0.683245624735536
0.0128162210295732	0.141040826493024
0.0128194971218947	0.226509011182469
0.012822774889519	0.185349026079784
0.0128260543337314	0.0955190863349678
0.0128293354558186	0.502874356407593
0.0128326182570687	0.0950571997145181
0.0128359027387709	0.0438307483589688
0.012839188902216	0.00165360470190536
0.0128424767486959	0.16547699268323
0.0128457662795039	0.155272765400021
0.0128490574959346	0.0100656952983517
0.012852350399284	0.159077849958828
0.0128556449908494	0.0197976438048824
0.0128589412719294	0.597100900249103
0.0128622392438239	0.455835685814927
0.0128655389078342	0.117637086805291
0.0128688402652629	0.366382453470994
0.012872143317414	0.142854395945979
0.0128754480655927	0.574973508051262
0.0128787545111058	0.0802834452128183
0.0128820626552611	0.403960922368411
0.012885372499368	0.263888937064206
0.0128886840447372	1.02289556503256
0.0128919972926806	0.195087336977851
0.0128953122445117	0.907645832098093
0.0128986289015451	0.780661672465893
0.0129019472650969	0.614497049645432
0.0129052673364845	0.988117125671309
0.0129085891170268	0.239536416091165
0.0129119126080437	1.46418128797315
0.0129152378108569	0.663952212073477
0.0129185647267892	0.832659140624548
0.0129218933571648	0.437412550142769
0.0129252237033093	1.52322577258533
0.0129285557665497	0.722929698075051
0.0129318895482142	1.01453271158826
0.0129352250496325	0.65866996148305
0.0129385622721358	1.04066672956364
0.0129419012170565	1.7801961601499
0.0129452418857283	0.269627238184971
0.0129485842794865	1.30345323566928
0.0129519283996676	0.816070153922056
0.0129552742476096	1.10922060305037
0.0129586218246518	0.693248081826727
0.0129619711321349	0.646813496508685
0.0129653221714011	0.921978094269498
0.0129686749437938	1.0221178021897
0.012972029450658	0.581122801507477
0.0129753856933398	0.453600811862222
0.012978743673187	1.41242223366819
0.0129821033915486	0.267676704051168
0.0129854648497751	0.8057594352224
0.0129888280492184	0.234155508545737
0.0129921929912317	0.730807565524647
0.0129955596771696	0.853964720512543
0.0129989281083883	0.080467038763771
0.0130022982862452	0.415454590650733
0.0130056702120992	0.314545676202941
0.0130090438873106	0.527965454061858
0.013012419313241	0.0274059921270943
0.0130157964912537	0.381663897402495
0.0130191754227132	0.0296785500743447
0.0130225561089854	0.499163397651952
0.0130259385514376	0.121918777891915
0.0130293227514387	0.468058691081767
0.0130327087103588	0.211344164674772
0.0130360964295697	0.0853572798971469
0.0130394859104444	0.0430780858412798
0.0130428771543573	0.230370191495244
0.0130462701626845	0.0978445910136911
0.0130496649368032	0.0522516665586613
0.0130530614780922	0.00227181929132152
0.0130564597879319	0.379746019212573
0.0130598598677037	0.260600879357246
0.0130632617187909	0.316235336577677
0.013066665342578	0.282341429033509
0.013070070740451	0.210900389429786
0.0130734779137973	0.441786944469067
0.0130768868640057	0.0771137080217993
0.0130802975924667	0.660371052523975
0.013083710100572	0.142312089096419
0.0130871243897148	0.374395844842354
0.0130905404612898	0.0592084964823544
0.0130939583166932	0.900901074535314
0.0130973779573226	0.2023395221019
0.013100799384577	0.586963694333563
0.0131042225998569	0.154567587654872
0.0131076476045644	0.816855834810001
0.0131110744001029	0.876457280017972
0.0131145029878773	0.143466454978205
0.0131179333692941	0.712530931272855
0.013121365545761	0.49226797754581
0.0131247995186875	0.786584575728565
0.0131282352894843	0.325733245607265
0.0131316728595637	0.550728568281618
0.0131351122303396	0.653246189175488
0.0131385534032271	0.909649413640479
0.013141996379643	0.305046270085033
0.0131454411610055	0.619950017665318
0.0131488877487344	1.06199808354797
0.0131523361442508	0.362217855078566
0.0131557863489774	0.690298956048435
0.0131592383643384	0.318633080504314
0.0131626921917595	0.910952933152408
0.0131661478326679	0.742926746163199
0.0131696052884922	0.258624551934655
0.0131730645606626	0.590201483573601
0.0131765256506109	0.634337085334086
0.0131799885597701	0.685144986307219
0.013183453289575	0.193264954870548
0.0131869198414617	0.670467313585098
0.0131903882168681	0.298852654167512
0.0131938584172332	0.78757940817816
0.0131973304439979	0.0664942634184541
0.0132008042986045	0.738990057682786
0.0132042799824966	0.403509516707932
0.0132077574971195	0.363447045291669
0.0132112368439202	0.178696561857959
0.013214718024347	0.385293022996022
0.0132182010398496	0.477065681215738
0.0132216858918796	0.103825638856839
0.0132251725818898	0.201170437663812
0.0132286611113347	0.135042168158175
0.0132321514816703	0.644467999481998
0.0132356436943542	0.00928638937077239
0.0132391377508454	0.304846899102535
0.0132426336526046	0.00171923214425377
0.0132461314010938	0.457271495140104
0.0132496309977769	0.126858696078212
0.013253132444119	0.12759101203409
0.013256635741587	0.0529984610475893
0.0132601408916492	0.0787120712359375
0.0132636478957755	0.0840209122574818
0.0132671567554374	0.121957761044818
0.0132706674721079	0.0561111117925122
0.0132741800472616	0.0466760103063571
0.0132776944823746	0.0662257666947642
0.0132812107789246	0.190111910352494
0.0132847289383909	0.102351449204757
0.0132882489622544	0.021295499983248
0.0132917708519974	0.023030926260255
0.0132952946091039	0.084594327735816
0.0132988202350595	0.0804252535124822
0.0133023477313513	0.028223744633728
0.013305877099468	0.0500674146855649
0.0133094083408999	0.164217309043801
0.0133129414571389	0.148595203699544
0.0133164764496784	0.0189971521013418
0.0133200133200135	0.212455669037908
0.0133235520696408	0.176057881842969
0.0133270927000585	0.101892719350127
0.0133306352127665	0.081687655741273
0.0133341796092661	0.173692930134503
0.0133377258910603	0.298082335212894
0.0133412740596538	0.172623849308879
0.0133448241165528	0.110862222089324
0.0133483760632651	0.279161840648213
0.0133519299013001	0.285391172343406
0.0133554856321688	0.255874433105623
0.0133590432573838	0.113966822733098
0.0133626027784595	0.376548406346873
0.0133661641969116	0.265534140852801
0.0133697275142577	0.303847060038586
0.0133732927320168	0.0821971575115915
0.0133768598517097	0.510855504289622
0.0133804288748587	0.233128756466042
0.0133839998029877	0.37508212764567
0.0133875726376224	0.0993570831790952
0.01339114738029	0.477293197986964
0.0133947240325194	0.44203011737412
0.013398302595841	0.164692000064441
0.0134018830717869	0.234594707279805
0.0134054654618909	0.24131076593299
0.0134090497676884	0.543813176436804
0.0134126359907165	0.0770329554940732
0.0134162241325139	0.391685905607077
0.0134198141946208	0.0642942139348302
0.0134234061785793	0.703941501769318
0.013427000085933	0.163735411924715
0.0134305959182272	0.2245541721849
0.0134341936770089	0.258717809682007
0.0134377933638266	0.258646975505027
0.0134413949802306	0.28994718516126
0.0134449985277729	0.10050150749401
0.013448604008007	0.264518418483632
0.0134522114224882	0.208915540579346
0.0134558207727734	0.454286239785858
0.0134594320604212	0.0198301715590079
0.013463045286992	0.383646737755049
0.0134666604540475	0.180594028269968
0.0134702775631516	0.291613240684275
0.0134738966158694	0.136973727676599
0.013477517613768	0.207769814650828
0.013481140558416	0.299958043444245
0.0134847654513839	0.260329042384953
0.0134883922942436	0.202061915811517
0.0134920210885689	0.182474323115343
0.0134956518359352	0.408122391055715
0.0134992845379197	0.196479819679267
0.0135029191961012	0.284387932975053
0.0135065558120603	0.119682596413199
0.0135101943873791	0.387050058409079
0.0135138349236417	0.300338938542322
0.0135174774224336	0.225790099969879
0.0135211218853422	0.147957178119714
0.0135247683139566	0.42844608507136
0.0135284167098677	0.223016138152839
0.0135320670746678	0.335230521305034
0.0135357194099512	0.167686785537283
0.0135393737173138	0.290251591725863
0.0135430299983534	0.495614634956883
0.0135466882546693	0.126482129648509
0.0135503484878627	0.255000831575065
0.0135540106995363	0.240030494447954
0.0135576748912948	0.30722823706369
0.0135613410647445	0.185771897941924
0.0135650092214935	0.270630486830407
0.0135686793631516	0.0947561908206543
0.0135723514913302	0.465359666001592
0.0135760256076428	0.214285872422986
0.0135797017137043	0.114814182903625
0.0135833798111315	0.275289991097757
0.013587059901543	0.213365477277104
0.013590741986559	0.19947196410937
0.0135944260678017	0.201451254051285
0.0135981121468947	0.165958744166447
0.0136018002254637	0.211122502189964
0.013605490305136	0.473932354231466
0.0136091823875408	0.0730208544115234
0.0136128764743088	0.284499091458521
0.0136165725670728	0.308053698239945
0.0136202706674671	0.24780455356112
0.0136239707771279	0.29122427892378
0.0136276728976933	0.317104428701476
0.0136313770308028	0.217209463254146
0.0136350831780982	0.619389029817241
0.0136387913412227	0.397897178175193
0.0136425015218213	0.335691466996655
0.0136462137215411	0.684837135577229
0.0136499279420307	0.365063036784866
0.0136536441849405	0.692867065289316
0.013657362451923	0.420090711284722
0.013661082744632	0.64330914660135
0.0136648050647236	0.631557792875984
0.0136685294138555	0.883441927307542
0.013672255793687	0.398435585228415
0.0136759842058797	1.09240958671378
0.0136797146520964	0.704271657043807
0.0136834471340023	0.872508999824762
0.013687181653264	0.972858234965471
0.0136909182115502	0.604180202544629
0.0136946568105312	1.21815820972788
0.0136983974518792	0.768241361564709
0.0137021401372683	0.900659981012485
0.0137058848683745	0.799986705341146
0.0137096316468753	1.24791117650332
0.0137133804744504	0.545810759188521
0.0137171313527811	1.39268477189989
0.0137208842835506	0.581461093183547
0.0137246392684441	1.09780807509656
0.0137283963091484	1.19450279518531
0.0137321554073523	0.451720290944594
0.0137359165647465	1.1753842931019
0.0137396797830233	0.672985131577487
0.0137434450638771	0.727067847838492
0.0137472124090041	0.742567176574259
0.0137509818201023	0.712705608377428
0.0137547532988716	0.461726719523524
0.0137585268470138	0.922739243686933
0.0137623024662325	0.393810344876518
0.0137660801582332	0.48678690596327
0.0137698599247233	0.788477779060621
0.013773641767412	0.188683878767059
0.0137774256880105	0.582310402265239
0.0137812116882318	0.385744309886963
0.0137849997697908	0.205840660521564
0.0137887899344043	0.45259218894323
0.0137925821837909	0.249270937424418
0.0137963765196712	0.183359834049979
0.0138001729437677	0.295577703731972
0.0138039714578046	0.311818309196125
0.0138077720635084	0.0756031743937449
0.013811574762607	0.480903151337959
0.0138153795568306	0.219259623027386
0.0138191864479111	0.219925942984215
0.0138229954375825	0.607885411817488
0.0138268065275804	0.0658260405428383
0.0138306197196426	0.608901025757217
0.0138344350155087	0.354974768799369
0.0138382524169203	0.35165163534859
0.0138420719256208	0.466143276661728
0.0138458935433556	0.546580504070612
0.013849717271872	0.411114134806216
0.0138535431129192	0.656253173011223
0.0138573710682485	0.789288068183809
0.0138612011396129	0.383326536206251
0.0138650333287675	1.41941237309098
0.0138688676374693	0.310030575721992
0.0138727040674772	1.28243521067988
0.0138765426205521	0.88409979330017
0.0138803832984569	0.809587075067899
0.0138842261029563	1.04664409442757
0.0138880710358171	0.930292577128078
0.013891918098808	0.929542994380805
0.0138957672936996	1.15194362827355
0.0138996186222646	1.26083053657488
0.0139034720862775	0.611585125464947
0.013907327687515	2.04603958771144
0.0139111854277554	0.533224441396643
0.0139150453087794	1.47437539100842
0.0139189073323694	1.18689719408125
0.0139227715003099	0.752600896099927
0.0139266378143873	1.53527390213321
0.01393050627639	0.803157035682767
0.0139343768881084	0.857316367150278
0.0139382496513351	1.20135567243743
0.0139421245678642	0.99720892803131
0.0139460016394923	0.591001060826712
0.0139498808680178	1.28621249862565
0.0139537622552409	0.508426250703755
0.0139576458029642	0.945980611146161
0.013961531512992	1.01047528926916
0.0139654193871308	0.242342593452831
0.0139693094271889	1.16421737026093
0.0139732016349768	0.483663994768152
0.0139770960123069	0.424546411031224
0.0139809925609939	0.550344493412839
0.0139848912828541	0.392657853106045
0.013988792179706	0.359739780344102
0.0139926952533703	0.451510715390472
0.0139966005056696	0.268991760772108
0.0140005079384284	0.249135531409363
0.0140044175534735	0.837362915944638
0.0140083293526335	0.0286231887467452
0.0140122433377392	0.520975839488371
0.0140161595106234	0.277082771245513
0.0140200778731209	0.163408852322854
0.0140239984270687	0.519351173722103
0.0140279211743057	0.0362115828436702
0.014031846116673	0.223875316677743
0.0140357732560135	0.190193108672279
0.0140397025941724	0.428127495842058
0.014043634132997	0.0150582239898146
0.0140475678743365	0.560465311237414
0.0140515038200422	0.181722715860928
0.0140554419719677	0.428772310278515
0.0140593823319683	0.738261595000012
0.0140633249019017	0.0270560007723043
0.0140672696836275	0.846739706794993
0.0140712166790075	0.237483416974457
0.0140751658899056	0.391957998487028
0.0140791173181876	0.218296556778229
0.0140830709657217	0.578787554455595
0.0140870268343778	0.216892922560254
0.0140909849260284	0.778211666898128
0.0140949452425477	0.377579543164267
0.0140989077858121	0.481241163684036
0.0141028725577002	1.30501800857482
0.0141068395600928	0.071224578568849
0.0141108087948725	0.780568210066882
0.0141147802639242	0.367459793748145
0.0141187539691352	0.463835458864021
0.0141227299123943	0.656015661148428
0.0141267080955931	0.343532694713551
0.0141306885206248	0.272221118120391
0.014134671189385	0.892672705632192
0.0141386561037714	0.474409130475542
0.0141426432656839	0.25872130965419
0.0141466326770243	0.761612548790204
0.0141506243396969	0.17193193884113
0.0141546182556079	0.68712549064267
0.0141586144266658	0.411099825481189
0.014162612854781	0.168665042654326
0.0141666135418663	0.837857595845322
0.0141706164898367	0.261112654545185
0.0141746217006092	0.199455379940932
0.014178629176103	0.298715828193221
0.0141826389182395	0.311213559610419
0.0141866509289424	0.210615838902232
0.0141906652101373	0.342731201884125
0.0141946817637521	0.0460646424474399
0.0141987005917171	0.51974929583431
0.0142027216959645	0.679923784920346
0.0142067450784288	0.0284783616357276
0.0142107707410467	0.514444701452247
0.014214798685757	0.0290656806827682
0.014218828914501	0.3465234581137
0.0142228614292217	0.168407576798776
0.0142268962318647	0.051754607067877
0.0142309333243778	0.113614381918292
0.0142349727087108	0.275825148641858
0.0142390143868158	0.134712017466319
0.0142430583606473	0.24599196906412
0.0142471046321616	0.348094536677946
0.0142511532033177	0.0581027171298359
0.0142552040760765	0.431318350443036
0.0142592572524013	0.141176869357
0.0142633127342576	0.381269426908185
0.014267370523613	0.185043492696578
0.0142714306224375	0.00751038539462884
0.0142754930327034	0.00499931643886017
0.014279557756385	0.152649460983212
0.014283624795459	0.109787392221402
0.0142876941519044	0.0733122000069364
0.0142917658277024	0.195664763113668
0.0142958398248364	0.237026001607917
0.0142999161452922	0.501713533459147
0.0143039947910578	0.28293634729292
0.0143080757641233	0.120055324005349
0.0143121590664813	0.0348012298853937
0.0143162447001267	0.0161714665175444
0.0143203326670565	0.0289035851112086
0.01432442296927	0.00291044635808648
0.014328515608769	0.0205991945095343
0.0143326105875573	0.134235173251276
0.0143367079076411	0.286411459444467
0.0143408075710291	0.196134557601712
0.014344909579732	0.165361379167804
0.0143490139357629	0.0674105008607616
0.0143531206411372	0.031500406868496
0.0143572296978727	0.100061241666965
0.0143613411079895	0.0464907291990109
0.0143654548735098	0.116759734374783
0.0143695709964584	0.151958181837323
0.0143736894788623	0.0348990800959013
0.0143778103227507	0.0266472974119921
0.0143819335301554	0.101256027637724
0.0143860591031103	0.030088434648468
0.0143901870436517	0.0359228448346297
0.0143943173538183	0.0381716126744336
0.0143984500356511	0.0932406069938916
0.0144025850911934	0.4646644665651
0.0144067225224909	0.176845099806148
0.0144108623315916	0.222103179490537
0.014415004520546	0.17937871306357
0.0144191490914067	0.0664205436111905
0.0144232960462289	0.182439437043486
0.0144274453870702	0.00564540879508477
0.0144315971159902	0.153123328742983
0.0144357512350512	0.263217983301371
0.0144399077463179	0.298922063570128
0.0144440666518572	0.0980192701602509
0.0144482279537385	0.838887821268845
0.0144523916540334	0.0642999333151391
0.0144565577548162	0.522815931308138
0.0144607262581633	0.168383003288198
0.0144648971661536	0.47138234826744
0.0144690704808685	0.760847562763207
0.0144732462043917	0.0723183126646477
0.0144774243388094	0.169536879802478
0.0144816048862099	0.414839340155732
0.0144857878486843	0.809984187239415
0.014489973228326	0.0412833542624118
0.0144941610272307	0.721151874248946
0.0144983512474967	0.0182367071243258
0.0145025438912245	1.33680572428118
0.0145067389605173	0.506349597241233
0.0145109364574805	0.309580334030838
0.014515136384222	0.658117728527016
0.0145193387428523	0.365996620860734
0.0145235435354842	0.396708950107404
0.0145277507642329	0.196083665068029
0.0145319604312162	0.40829389985246
0.0145361725385541	0.383385258927033
0.0145403870883695	0.865341518746536
0.0145446040827873	0.00281309364517819
0.0145488235239351	0.96295215564995
0.014553045413943	0.473600155922687
0.0145572697549435	0.204401316671767
0.0145614965490715	0.275392090082275
0.0145657257984646	0.13287198034529
0.0145699575052625	0.530300320263342
0.0145741916716079	0.267801328661701
0.0145784282996456	0.0518483758620632
0.0145826673915231	0.151012684729995
0.0145869089493902	0.516279103309462
0.0145911529753993	0.169369518157556
0.0145953994717055	0.0811825847842756
0.0145996484404662	0.126522079129788
0.0146038998838412	0.10219227425905
0.0146081538039931	0.550528310106009
0.0146124102030868	0.22402015171833
0.0146166690832899	0.0847546022335223
0.0146209304467724	0.434245715164964
0.0146251942957068	0.180942740830194
0.0146294606322683	0.229356046744588
0.0146337294586346	0.0731890145477272
0.0146380007769857	0.222216242213528
0.0146422745895045	0.337140776403411
0.0146465508983761	0.70032219335761
0.0146508297057885	0.131326918014326
0.0146551110139321	0.607950497334311
0.0146593948249997	1.15545536964828
0.014663681141187	0.148701624807387
0.0146679699646919	0.872028695726329
0.0146722612977152	0.114620584262069
0.0146765551424601	1.25255793334544
0.0146808515011324	0.856294699644032
0.0146851503759405	0.503307201710246
0.0146894517690954	0.377456550912819
0.0146937556828106	1.48640420741193
0.0146980621193025	1.19000907039189
0.0147023710807896	0.491121511705976
0.0147066825694934	1.23039564798966
0.0147109965876379	0.539999422629402
0.0147153131374496	2.25840849862501
0.0147196322211578	0.406155910535105
0.0147239538409943	1.00415615452198
0.0147282779991935	1.10878661999254
0.0147326046979926	1.34334319759232
0.0147369339396311	0.627922114910926
0.0147412657263515	0.901333751324828
0.0147456000603986	1.01018929723089
0.0147499369440202	1.07946833212513
0.0147542763794665	1.2772930881313
0.0147586183689903	0.181393487783405
0.0147629629148473	1.80572127959709
0.0147673100192956	0.650678674082821
0.0147716596845962	0.719469845766761
0.0147760119130125	0.356707880914537
0.0147803667068108	0.724123651442981
0.01478472406826	0.950877652583036
0.0147890839996315	0.376737286835399
0.0147934465031998	0.225328818165395
0.0147978115812416	0.409366483551534
0.0148021792360365	0.97777664618617
0.014806549469867	0.170329682845301
0.0148109222850179	0.287609529782395
0.014815297683777	0.168955143731114
0.0148196756684347	0.428042164282686
0.0148240562412841	0.6838947658653
0.0148284394046211	0.0387783521522899
0.014832825160744	0.237704303036233
0.0148372135119543	0.402112153934294
0.0148416044605559	0.425188397626427
0.0148459980088554	0.196072040023114
0.0148503941591625	0.200726128569907
0.0148547929137891	0.386348642624103
0.0148591942750503	0.507950449180552
0.0148635982452637	0.894379803141435
0.0148680048267498	0.031665540418575
0.0148724140218316	1.04344316068001
0.0148768258328352	0.989156935697508
0.0148812402620891	0.500886748412748
0.0148856573119249	0.684946305388827
0.0148900769846767	0.545216171989669
0.0148944992826816	1.49198852497686
0.0148989242082793	0.858209175408109
0.0149033517638124	0.799071815271033
0.0149077819516262	0.610217279588279
0.0149122147740687	2.1712228777401
0.014916650233491	1.02431166054571
0.0149210883322468	0.930852840535658
0.0149255290726925	1.15454094455111
0.0149299724571875	1.36745965210473
0.014934418488094	1.95251746623001
0.0149388671677768	0.564780161090197
0.0149433184986037	1.30453188607542
0.0149477724829453	1.42173428911487
0.0149522291231751	1.74696584130695
0.0149566884216693	0.518264664646801
0.0149611503808069	1.42074629239204
0.0149656150029699	1.19212286511584
0.0149700822905431	1.39254127070357
0.014974552245914	0.901876488452403
0.0149790248714732	0.621573851019814
0.014983500169614	1.74635047156919
0.0149879781427325	0.673391924201987
0.0149924587932278	0.774519823571257
0.0149969421235018	0.2923541884018
0.0150014281359593	1.17227175419954
0.015005916833008	0.745123552261012
0.0150104082170585	0.317759815645721
0.0150149022905241	0.248277504701851
0.0150193990558213	0.537970870415947
0.0150238985153692	0.778710802116921
0.0150284006715899	0.0484245727584506
0.0150329055269086	0.270737944557094
0.0150374130837531	0.0933362913114675
0.0150419233445544	0.477364257286938
0.0150464363117461	0.301292377416549
0.0150509519877649	0.0146009391183834
0.0150554703750506	0.170011595031232
0.0150599914760456	0.177303887745329
0.0150645152931954	0.371779032327499
0.0150690418289485	0.0590322956973341
0.0150735710857561	0.228622765206652
0.0150781030660727	0.245987296316043
0.0150826377723555	0.407845929058931
0.0150871752070647	0.590276544191667
0.0150917153726635	0.0405398062288279
0.0150962582716181	0.848590577780401
0.0151008039063976	0.54031340388588
0.015105352279474	0.573083698434374
0.0151099033933225	0.241255078413358
0.0151144572504211	0.867368409131449
0.0151190138532508	0.953386362909605
0.0151235732042958	0.730809988832501
0.015128135306043	0.568982560378509
0.0151327001609825	0.742510681458739
0.0151372677716073	1.70969596106559
0.0151418381404135	0.673668951464387
0.0151464112699002	0.749850949954055
0.0151509871625694	0.854066245127062
0.0151555658209263	1.55333296441933
0.015160147247479	0.880406389651653
0.0151647314447387	0.78434314271649
0.0151693184152196	0.846710183179871
0.0151739081614391	1.41808201862283
0.0151785006859173	1.18362711951933
0.0151830959911776	0.394699738319954
0.0151876940797465	1.19047819781117
0.0151922949541535	1.0448814791256
0.0151968986169311	0.884414244492375
0.0152015050706149	0.438082209059609
0.0152061143177435	0.754100034391032
0.0152107263608589	1.0202561443656
0.0152153412025058	0.552526929508456
0.0152199588452321	0.390225120835807
0.015224579291589	0.346133882566423
0.0152292025441305	0.980807310745311
0.0152338286054139	0.317212682454903
0.0152384574779996	0.204395179508346
0.0152430891644509	0.251946603377721
0.0152477236673345	0.374782866028261
0.0152523609892202	0.322532200391506
0.0152570011326806	0.00712227015941662
0.0152616441002918	0.186324214774791
0.0152662898946329	0.0866553067916416
0.0152709385182861	0.212883332208357
0.0152755899738368	0.0518945896902766
0.0152802442638736	0.102899298114306
0.015284901390988	0.026181448586266
0.0152895613577751	0.0314632166934183
0.0152942241668327	0.171901492990576
0.0152988898207621	0.101063660272849
0.0153035583221677	0.124278229075683
0.015308229673657	0.100640883810188
0.0153129038778406	0.162241162086139
0.0153175809373327	0.253924102599233
0.0153222608547501	0.0506245075594105
0.0153269436327134	0.3638444880198
0.0153316292738459	0.205420896353694
0.0153363177807744	0.35214252825933
0.0153410091561288	0.0202716122933949
0.0153457034025423	0.755177704274069
0.0153504005226513	0.309170878336583
0.0153551005190954	0.415713638220589
0.0153598033945174	0.165915212123361
0.0153645091515635	0.567647913927151
0.0153692177928829	0.644434468749859
0.0153739293211281	0.355540050194791
0.0153786437389552	0.197409272819699
0.0153833610490231	0.683374497703156
0.0153880812539941	0.855092037905606
0.015392804356534	0.15125098009734
0.0153975303593115	0.600027450975693
0.0154022592649989	0.270637432875026
0.0154069910762717	0.865700018563444
0.0154117257958085	0.297023363712114
0.0154164634262914	0.231763765494167
0.0154212039704058	0.558671702347358
0.0154259474308402	0.641945816921966
0.0154306938102867	0.121102884336949
0.0154354431114405	0.377222248328718
0.0154401953370002	0.309183315176433
0.0154449504896676	0.406728582553502
0.0154497085721481	0.195252683404544
0.0154544695871502	0.144272641703145
0.0154592335373858	0.279020749547815
0.0154640004255702	0.408745386799273
0.015468770254422	0.017881312497746
0.0154735430266631	0.260918841944112
0.0154783187450189	0.18584689800553
0.015483097412218	0.0997443986836149
0.0154878790309925	0.0759739441913617
0.0154926636040779	0.0897958584089965
0.0154974511342129	0.208131927011927
0.0155022416241398	0.0415845132189351
0.0155070350766041	0.00116712348045582
0.0155118314943549	0.200115929559415
0.0155166308801446	0.109301211472562
0.0155214332367289	0.0306243796643702
0.015526238566867	0.018788441725697
0.0155310468733217	0.156953560839843
0.0155358581588588	0.234236677145415
0.015540672426248	0.0338114874945389
0.0155454896782622	0.152190789771312
0.0155503099176776	0.073492161568923
0.0155551331472742	0.146645134454004
0.0155599593698351	0.0413688780819312
0.015564788588147	0.148580991706255
0.0155696208050002	0.11109690715106
0.0155744560231882	0.231937365192957
0.0155792942455082	0.0437569768857338
0.0155841354747608	0.520513564693743
0.0155889797137499	0.0555379018840719
0.0155938269652832	0.179973287116622
0.0155986772321717	0.0249268945337669
0.0156035305172299	0.29704063769448
0.015608386823276	0.0833838208063617
0.0156132461531313	0.200385285954023
0.0156181085096211	0.0237927092362598
0.0156229738955739	0.679922801085768
0.0156278423138218	0.180881269589057
0.0156327137672005	0.282653610668361
0.0156375882585491	0.255634224498767
0.0156424657907104	0.207697955224838
0.0156473463665307	0.271622805089925
0.0156522299888597	0.107122869688597
0.0156571166605509	0.145679906420167
0.0156620063844613	0.514482203936875
0.0156668991634512	0.212691237944749
0.015671795000385	0.283130328613521
0.0156766938981301	0.644091113667844
0.0156815958595579	0.0810971987274982
0.0156865008875432	0.514642155309548
0.0156914089849645	0.0774737758549501
0.0156963201547039	0.540000941428931
0.015701234399647	0.329676086021306
0.0157061517226831	0.319402026624591
0.0157110721267051	0.232882260289062
0.0157159956146096	0.938739822911251
0.0157209221892966	0.123951080016691
0.0157258518536701	0.59780318636743
0.0157307846106373	0.223668483976982
0.0157357204631095	0.660765449545087
0.0157406594140014	0.478872390432512
0.0157456014662314	0.254986463536079
0.0157505466227215	0.342281403610764
0.0157554948863976	0.705218724582205
0.0157604462601889	0.199291397346602
0.0157654007470287	0.444545201716538
0.0157703583498538	0.301641182301459
0.0157753190716045	0.441536383832411
0.0157802829152252	0.500782690954828
0.0157852498836637	0.102700272196412
0.0157902199798716	0.523768158768716
0.0157951932068043	0.231240859134773
0.0158001695674208	0.182224901381341
0.0158051490646839	0.204179309527005
0.0158101317015601	0.215753548864438
0.0158151174810197	0.189330865480753
0.0158201064060367	0.262168203098166
0.0158250984795888	0.0552005078172357
0.0158300937046577	0.474572705239023
0.0158350920842285	0.0258803608936921
0.0158400936212903	0.128700849320225
0.0158450983188361	0.075952876698447
0.0158501061798623	0.13922968595977
0.0158551172073694	0.102561591072503
0.0158601314043617	0.180693163199407
0.0158651487738471	0.204715819195605
0.0158701693188375	0.713536739781769
0.0158751930423484	0.0071924873352716
0.0158802199473994	0.765280888548195
0.0158852500370136	0.181606745076799
0.0158902833142183	0.459224692619249
0.0158953197820444	0.252374358716147
0.0159003594435266	0.595926106671943
0.0159054023017036	0.323493873209178
0.0159104483596179	1.22447273499066
0.0159154976203158	0.132277012654901
0.0159205500868476	1.51265684669133
0.0159256057622674	1.03398837740147
0.0159306646496331	0.670596965858496
0.0159357267520067	1.2707444185612
0.0159407920724538	0.785131927166799
0.0159458606140442	1.35676669546778
0.0159509323798514	1.08082249897354
0.0159560073729529	1.06024616362952
0.0159610855964301	1.25842362064121
0.0159661670533682	2.16325968009569
0.0159712517468567	0.525770676280166
0.0159763396799885	2.16239576444691
0.015981430855861	0.904245627364294
0.015986525277575	1.85437230952736
0.0159916229482358	1.18212384632982
0.0159967238709522	1.2476528798541
0.0160018280488373	1.3494847877135
0.016006935485008	1.6566914229533
0.0160120461825851	0.730426018137802
0.0160171601446936	1.55273969770129
0.0160222773744625	1.08296134220175
0.0160273978750245	1.06153887703091
0.0160325216495166	1.1921522469589
0.0160376487010798	0.546868841453374
0.0160427790328589	1.34188233954077
0.0160479126480029	0.627414517562087
0.0160530495496648	0.481102365123567
0.0160581897410017	0.778353829351442
0.0160633332251746	0.493965569869259
0.0160684800053486	0.430612295708043
0.016073630084693	0.458306173414933
0.0160787834663809	0.147904870503327
0.0160839401535898	0.614121596464712
0.0160891001495009	0.091115767093455
0.0160942634572999	0.170887595759732
0.0160994300801762	0.254300716933563
0.0161046000213235	0.108848065040435
0.0161097732839396	0.229564101001784
0.0161149498712264	0.231706084826383
0.0161201297863899	0.264300542204911
0.0161253130326403	0.603804060886188
0.0161304996131916	0.0417970618781386
0.0161356895312625	0.891643755226604
0.0161408827900753	0.295795933067625
0.0161460793928568	0.45670205247429
0.0161512793428378	0.579789961109257
0.0161564826432533	0.949135728808005
0.0161616892973425	0.514914473257328
0.0161668993083487	1.69514668984126
0.0161721126795196	0.300635479831612
0.0161773294141067	2.3446072006618
0.016182549515366	1.15177472168296
0.0161877729865577	1.24940109866881
0.0161929998309461	1.80308142840661
0.0161982300517997	1.69398814576389
0.0162034636523914	1.62623928650174
0.016208700635998	2.00522484690401
0.0162139410059009	1.66717512441922
0.0162191847653856	2.29795050380831
0.0162244319177418	2.77432313573965
0.0162296824662636	1.11212360960864
0.0162349364142491	3.3104493204268
0.0162401937650009	1.61979689504422
0.0162454545218258	2.55221167109649
0.016250718688035	1.73212101146123
0.0162559862669438	2.26161495042502
0.016261257261872	2.03835514585476
0.0162665316761435	2.3659093092931
0.0162718095130866	1.16176211719849
0.0162770907760341	2.53699141880896
0.0162823754683228	1.70158398701555
0.0162876635932941	1.46838024508716
0.0162929551542937	1.71443059505403
0.0162982501546714	1.02242922358904
0.0163035485977817	1.88807836236319
0.0163088504869833	0.891037691427897
0.0163141558256392	0.777911713966548
0.016319464617117	1.26481441879327
0.0163247768647884	0.743904200328533
0.0163300925720298	0.564051216883854
0.0163354117422217	0.636931371891609
0.0163407343787492	0.331927780280544
0.0163460604850017	0.646143015865995
0.0163513900643732	0.204291550594062
0.0163567231202619	0.188988324185512
0.0163620596560705	0.467793159933963
0.0163673996752063	0.116442635902696
0.0163727431810809	0.250807697810541
0.0163780901771104	0.244039135331841
0.0163834406667153	0.170035119846018
0.0163887946533207	0.331433284227726
0.0163941521403559	0.0610544604835096
0.0163995131312552	0.582445525479571
0.0164048776294568	0.358269809328665
0.0164102456384039	0.176848210698345
0.0164156171615438	0.739636095388499
0.0164209922023287	0.807063414084439
0.0164263707642149	0.45115920638167
0.0164317528506637	1.25899324817038
0.0164371384651405	0.380155245625166
0.0164425276111155	1.9300092546613
0.0164479202920635	0.822989903456823
0.0164533165114636	1.04137459419544
0.0164587162727996	1.44756917388899
0.0164641195795601	1.74794295129417
0.0164695264352379	0.961343080669788
0.0164749368433306	1.96563167234833
0.0164803508073404	1.26131144607869
0.0164857683307741	2.16355212073243
0.016491189417143	1.8857376618275
0.0164966140699632	1.09358166969885
0.0165020422927552	2.56298232277563
0.0165074740890443	1.50683270806821
0.0165129094623605	1.71277256570871
0.0165183484162383	1.34614452389698
0.0165237909542169	1.92568016322418
0.0165292370798402	1.4447589506993
0.0165346867966568	1.81946986692563
0.0165401401082199	0.732173659154736
0.0165455970180874	2.13151070865599
0.0165510575298219	1.2184237043644
0.0165565216469908	0.952970541271846
0.0165619893731662	1.13958739552329
0.0165674607119247	0.819858517232727
0.0165729356668479	1.25308469750727
0.016578414241522	0.525112057559032
0.016583896439538	0.460541616190832
0.0165893822644915	0.933085811575025
0.0165948717199831	0.499572565068101
0.0166003648096181	0.237746211580003
0.0166058615370064	0.372204938484698
0.0166113619057628	0.224306973472475
0.0166168659195069	0.270800005312775
0.0166223735818632	0.117439888688046
0.0166278848964609	0.0838499384763413
0.0166333998669338	0.34144358572571
0.016638918496921	0.0659443868701001
0.016644440790066	0.169438821460251
0.0166499667500174	0.0880169958304705
0.0166554963804286	0.0761812795703097
0.0166610296849576	0.0475370068032234
0.0166665666672677	0.0839558486702116
0.0166721073310267	0.253134256418123
0.0166776516799075	0.288137719093743
0.0166831997175878	0.0245038302698286
0.0166887514477502	0.756259378840531
0.0166943068740822	0.401254957443145
0.0166998660002762	0.313630160899547
0.0167054288300296	0.515638816495445
0.0167109953670447	0.378378033210539
0.0167165656150286	0.918895329804065
0.0167221395776934	0.340059401085129
0.0167277172587564	0.408167566435289
0.0167332986619395	0.7671685355261
0.0167388837909699	1.08061829811091
0.0167444726495794	0.176792530634998
0.0167500652415052	1.10137654669254
0.0167556615704891	0.39176618641793
0.0167612616402782	1.16624087303487
0.0167668654546245	0.500451505866038
0.0167724730172851	0.527975968617472
0.0167780843320219	0.836293533676521
0.016783699402602	0.676525295977533
0.0167893182327977	0.359946097181157
0.016794940826386	0.450553189610647
0.0168005671871493	0.724508954714454
0.0168061973188748	0.332226309761701
0.0168118312253549	0.548546476605787
0.0168174689103871	0.0837562910767324
0.0168231103777741	0.781379171126829
0.0168287556313234	0.239335592084282
0.0168344046748479	0.121178672143136
0.0168400575121655	0.139814271860123
0.0168457141470992	0.166189767044364
0.0168513745834772	0.19051370121034
0.0168570388251329	0.0269649544696424
0.0168627068759047	0.00846382402931368
0.0168683787396363	0.144922359072509
0.0168740544201765	0.108287373405006
0.0168797339213793	0.0215917336978362
0.0168854172471039	0.0132142552262119
0.0168911044012148	0.00907495358652599
0.0168967953875814	0.0102044569046316
0.0169024902100787	0.0564472916191127
0.0169081888725867	0.199015913578211
0.0169138913789906	0.023829564722947
0.016919597733181	0.182869184931929
0.0169253079390537	0.310269375147668
0.0169310220005096	0.0731853845833183
0.0169367399214552	0.0813949945439894
0.016942461705802	0.206906963081695
0.0169481873574668	0.226726831928897
0.0169539168803718	0.31712240541768
0.0169596502784446	0.247570182786435
0.0169653875556178	0.210397883704583
0.0169711287158297	0.943882647813219
0.0169768737630236	0.101273359055501
0.0169826227011483	0.374064099376025
0.016988375534158	0.133868481835611
0.0169941322660122	0.574955050517625
0.0169998929006758	0.22081355459725
0.0170056574421189	0.265625349853809
0.0170114258943172	0.0787853816857686
0.0170171982612518	0.63084663315385
0.017022974546909	0.422386654969414
0.0170287547552808	0.11836773587347
0.0170345388903644	0.454062532572533
0.0170403269561624	0.0566415717195002
0.0170461189566831	0.350274019087575
0.01705191489594	0.00634040769185602
0.0170577147779522	0.226602586688573
0.0170635186067443	0.0526668779318554
0.0170693263863461	0.13301520672394
0.0170751381207933	0.057833627458932
0.0170809538141268	0.293818040653618
0.0170867734703931	0.0281026524854277
0.0170925970936442	0.0881542187102483
0.0170984246879377	0.0205586977614595
0.0171042562573366	0.334760584373806
0.0171100918059096	0.0295626637041011
0.0171159313377309	0.127200728982178
0.0171217748568801	0.15487566688474
0.0171276223674427	0.226910031249265
0.0171334738735094	0.0621556545293699
0.0171393293791768	0.228034823680289
0.017145188888547	0.327783280907024
0.0171510524057277	0.42081251947846
0.0171569199348322	0.184731007004227
0.0171627914799795	0.377140135178856
0.0171686670452941	0.758038309439933
0.0171745466349063	0.465811418357946
0.017180430252952	0.314839987616848
0.0171863179035727	0.657544530789703
0.0171922095909159	0.598666306300171
0.0171981053191343	0.905384106224345
0.0172040050923866	0.307730990809879
0.0172099089148371	0.755624049821716
0.017215816790656	0.990873158067155
0.0172217287240191	0.716909591848162
0.0172276447191078	0.340316408737039
0.0172335647801094	1.14615271878816
0.017239488911217	0.653607305913448
0.0172454171166294	0.91699037908957
0.0172513494005512	0.553616455736983
0.0172572857671927	0.715795882277087
0.0172632262207701	1.44420803887239
0.0172691707655054	0.233971090581151
0.0172751194056264	0.697622081262524
0.0172810721453667	0.423728793979449
0.0172870289889657	1.10649351638849
0.0172929899406688	0.126076563856831
0.0172989550047271	0.820430239651362
0.0173049241853977	0.138124149915592
0.0173108974869434	1.23249857770367
0.0173168749136331	0.169673142496261
0.0173228564697415	0.657828015510732
0.0173288421595491	0.485905914815418
0.0173348319873425	0.422444104800492
0.0173408259574141	0.217889703198177
0.0173468240740623	0.517112972500804
0.0173528263415914	0.415134989983689
0.0173588327643119	0.494157756748129
0.0173648433465398	0.24983370652345
0.0173708580925975	0.621025303667776
0.0173768770068131	1.01950252856365
0.0173829000935211	0.139727012411656
0.0173889273570615	0.771882380053475
0.0173949588017806	0.354527333677199
0.0174009944320309	1.21316906218157
0.0174070342521705	0.346494150033143
0.0174130782665639	0.753344648793157
0.0174191264795817	0.863731945707277
0.0174251788956002	1.24318860412023
0.0174312355190022	0.533844058333355
0.0174372963541763	1.09222125126297
0.0174433614055174	1.16385845967767
0.0174494306774264	1.21238055895277
0.0174555041743103	1.03769394002466
0.0174615819005825	0.934184862240876
0.0174676638606622	1.71689328074472
0.017473750058975	1.40215638588301
0.0174798404999525	0.84219334367195
0.0174859351880326	1.59910655935453
0.0174920341276593	1.30622407379179
0.017498137323283	1.56192734205775
0.0175042447793601	1.00114875105663
0.0175103565003532	1.2645781814545
0.0175164724907313	1.55840485285558
0.0175225927549697	1.56453257235417
0.0175287172975496	0.573831925349204
0.0175348461229589	1.99828270891289
0.0175409792356915	1.05256290923734
0.0175471166402476	1.34866543353034
0.0175532583411339	1.01023296938594
0.0175594043428632	1.00981687172625
0.0175655546499547	1.68493377916952
0.017571709266934	0.616164737588572
0.0175778681983329	0.873936234416719
0.0175840314486896	0.894387427818642
0.0175901990225489	1.48863136624284
0.0175963709244616	0.288706463224523
0.0176025471589852	1.41145602267075
0.0176087277306833	0.285286516285906
0.0176149126441263	1.70097579663143
0.0176211019038906	0.28334031747019
0.0176272955145595	0.993519686533075
0.0176334934807222	0.803143068954473
0.0176396958069748	0.84196928422789
0.0176459024979197	0.396656531063734
0.0176521135581658	1.11551982923244
0.0176583289923285	0.658199543039185
0.0176645488050297	1.10270263642403
0.0176707730008977	0.659827120069692
0.0176770015845675	0.947520379069092
0.0176832345606806	1.69143446909978
0.0176894719338849	0.417209038446525
0.0176957137088351	1.30949783498791
0.0177019598901923	0.781133768749567
0.0177082104826242	1.55622966478135
0.0177144654908051	0.883548035170368
0.0177207249194161	1.12051498751122
0.0177269887731445	1.1813545424143
0.0177332570566847	1.79038682865484
0.0177395297747374	0.85958978748255
0.0177458069320101	1.39721212164489
0.017752088533217	1.5869179080783
0.0177583745830788	1.24920864088366
0.0177646650863231	1.58405616588953
0.0177709600476841	0.963867766455451
0.0177772594719027	1.74633932015854
0.0177835633637265	1.73857354850349
0.01778987172791	0.821434551828271
0.0177961845692142	1.62624354127724
0.017802501892407	1.30705608995106
0.0178088237022632	1.2940629815431
0.0178151500035641	1.13260608636283
0.017821480801098	1.06959811287151
0.01782781609966	1.13097817607881
0.0178341559040519	1.64913806118766
0.0178405002190824	0.373211836266233
0.0178468490495671	1.64710120514065
0.0178532024003284	0.910477092669635
0.0178595602761956	0.882817872213269
0.0178659226820048	0.873337074159125
0.0178722896225991	0.578924481725381
0.0178786611028284	0.981106164636954
0.0178850371275497	0.590386030866711
0.0178914177016266	0.453361204111006
0.0178978028299301	0.666912188715555
0.0179041925173377	1.01758462486321
0.0179105867687342	0.166359019012419
0.0179169855890112	1.06701913895987
0.0179233889830674	0.145219769947369
0.0179297969558084	1.05133720678667
0.0179362095121469	0.279068670506707
0.0179426266570027	0.549294523947287
0.0179490483953023	0.614616172818885
0.0179554747319797	0.586151431826773
0.0179619056719757	0.292646248208513
0.0179683412202383	0.901304818061751
0.0179747813817225	0.428577641295196
0.0179812261613905	0.890936779306148
0.0179876755642115	0.613243406029444
0.017994129595162	0.612335813137462
0.0180005882592254	1.30773174602851
0.0180070515613925	0.384898000875339
0.0180135195066612	0.991734956727625
0.0180199921000365	0.762061794842062
0.0180264693465308	0.922562114888245
0.0180329512511633	0.885205006231449
0.0180394378189609	0.794647239083368
0.0180459290549574	0.852637831025803
0.0180524249641941	1.27324838653418
0.0180589255517193	0.736472800682479
0.0180654308225888	0.863795048119042
0.0180719407818655	1.30688302673623
0.0180784554346198	0.623610221270047
0.0180849747859292	1.27229227772165
0.0180914988408788	0.687631191297787
0.0180980276045606	0.891752501650962
0.0181045610820745	1.31326131303446
0.0181110992785273	0.455340776036948
0.0181176421990335	0.93181820544138
0.0181241898487148	0.817158635508339
0.0181307422327005	0.638756212966563
0.018137299356127	0.654803357398477
0.0181438612241384	0.745536919093932
0.0181504278418862	0.311567641469867
0.0181569992145293	1.0632197409931
0.0181635753472342	0.238448037370013
0.0181701562451746	0.584200947449836
0.0181767419135321	0.616328479090436
0.0181833323574956	0.163740649113721
0.0181899275822614	0.413420950045376
0.0181965275930336	0.169563588735009
0.0182031323950236	0.156703183819095
0.0182097419934507	0.239606046689311
0.0182163563935414	0.137965447827927
0.0182229756005301	0.0667441906518521
0.0182295996196587	0.307697509699663
0.0182362284561767	0.00865744783897308
0.0182428621153412	0.180715421707588
0.0182495006024171	0.0287557601442566
0.0182561439226768	0.0524656180589572
0.0182627920814005	0.0406735611527772
0.0182694450838761	0.00161838953034915
0.0182761029353991	0.0645277491926964
0.0182827656412728	0.0287116063421768
0.0182894332068081	0.0266700061822094
0.018296105637324	0.133187038065876
0.0183027829381468	0.00531566758491632
0.018309465114611	0.171389198353501
0.0183161521720586	0.0849667277347952
0.0183228441158396	0.0721194373792994
0.0183295409513116	0.260804160552824
0.0183362426838403	0.0698620080766111
0.018342949318799	0.229934260529294
0.018349660861569	0.281652509621101
0.0183563773175396	0.0850974599133977
0.0183630986921078	0.375264733773175
0.0183698249906784	0.161865415062334
0.0183765562186645	0.249665320947956
0.0183832923814868	0.304914261735198
0.0183900334845741	0.265884594155297
0.0183967795333631	0.186214492743244
0.0184035305332986	0.566333761330535
0.0184102864898333	0.124796978238205
0.0184170474084279	0.513427829350169
0.0184238132945511	0.481693235862041
0.0184305841536797	0.16075874242846
0.0184373599912987	0.652558660989385
0.0184441408129008	0.205183369725734
0.0184509266239871	0.414562190087058
0.0184577174300667	0.429111882729704
0.0184645132366567	0.383076360479291
0.0184713140492826	0.242548420097723
0.0184781198734777	0.841663820081773
0.0184849307147838	0.150667168131926
0.0184917465787506	0.630835687250415
0.0184985674709361	0.568530698459779
0.0185053933969066	0.248418857168529
0.0185122243622365	0.740208507154012
0.0185190603725083	0.309755823514709
0.018525901433313	0.364301002629657
0.0185327475502499	0.642960455679609
0.0185395987289262	0.450159151347074
0.0185464549749578	0.342297369899806
0.0185533162939687	0.739028377807346
0.0185601826915914	0.25641131593358
0.0185670541734664	0.653852327367075
0.0185739307452429	0.434289955746353
0.0185808124125784	0.357731538011927
0.0185876991811386	0.534897511813939
0.0185945910565978	0.596217083298093
0.0186014880446387	0.187963808145851
0.0186083901509524	0.737088311542962
0.0186152973812383	0.278130133059607
0.0186222097412045	0.54251178541845
0.0186291272365675	0.45026014234472
0.0186360498730523	0.232863861224165
0.0186429776563924	0.540758270213577
0.0186499105923297	0.263086136148663
0.0186568486866149	0.268158648245932
0.0186637919450071	0.232934820917995
0.018670740373274	0.399571494201208
0.0186776939771919	0.109980731852575
0.0186846527625457	0.4409549844988
0.0186916167351289	0.00558154502295946
0.0186985859007438	0.49645746470741
0.0187055602652011	0.10253674478499
0.0187125398343203	0.131081679948652
0.0187195246139296	0.0691189660705848
0.018726514609866	0.085719335490332
0.018733509827975	0.0357234248794844
0.0187405102741111	0.0443437914926243
0.0187475159541372	0.00836200235207998
0.0187545268739253	0.166095635431257
0.0187615430393561	0.0817342214726916
0.018768564456319	0.210551616957429
0.0187755911307123	0.0554346830558571
0.0187826230684431	0.0898673410177804
0.0187896602754275	0.0640511768786801
0.0187967027575902	0.106873023058492
0.018803750520865	0.155676363694493
0.0188108035711945	0.262499428268343
0.0188178619145304	0.0310105953973174
0.018824925556833	0.64378550225873
0.0188319945040718	0.36254759177134
0.0188390687622253	0.264314014781255
0.0188461483372808	0.54968023245965
0.0188532332352348	0.395066641918907
0.0188603234620926	0.68151817105875
0.0188674190238688	0.658464572421604
0.0188745199265868	0.39377980701406
0.0188816261762792	1.12050094556147
0.0188887377789878	1.10694984911101
0.0188958547407632	0.555350538543554
0.0189029770676655	1.2113243826468
0.0189101047657635	0.850233963406972
0.0189172378411357	1.44576405028855
0.0189243762998692	0.79172118371448
0.0189315201480607	1.30740427568036
0.018938669391816	0.969258125779181
0.0189458240372501	2.16467445262993
0.0189529840904872	0.510392358180446
0.0189601495576608	2.04448514628915
0.0189673204449138	1.05028398014814
0.0189744967583981	1.85847200709053
0.0189816785042752	1.16961978364458
0.0189888656887159	1.31483012730024
0.0189960583179002	1.74600342363666
0.0190032563980175	1.24279968982201
0.0190104599352667	1.44790396181258
0.019017668935856	0.932518001087754
0.0190248834060032	2.12580676140759
0.0190321033519352	0.672205756145402
0.0190393287798886	1.82287996033251
0.0190465596961094	0.355721823814113
0.0190537961068533	2.31991219177695
0.0190610380183851	0.610984155127368
0.0190682854369795	1.12040850826811
0.0190755383689205	0.608873790924284
0.0190827968205018	1.19988546063046
0.0190900607980267	0.736348281253113
0.0190973303078081	0.601608933514279
0.0191046053561683	0.472770672146813
0.0191118859494395	0.822942400468795
0.0191191720939634	0.779244469432769
0.0191264637960916	0.151716700735569
0.0191337610621851	0.727260217559949
0.0191410638986147	0.219701241132119
0.0191483723117611	0.380499558656004
0.0191556863080146	0.0982118563055254
0.0191630058937752	0.278585896454869
0.0191703310754529	0.29501974202824
0.0191776618594672	0.195868459649601
0.0191849982522478	0.120468473253332
0.0191923402602339	0.450111751861411
0.0191996878898748	0.147590677014597
0.0192070411476295	0.10525456019839
0.0192144000399671	0.275650355848728
0.0192217645733664	0.273124636897115
0.0192291347543162	0.378873508265278
0.0192365105893155	0.162879595557476
0.0192438920848728	0.565025847951368
0.0192512792475071	0.880940068817765
0.0192586720837471	0.221206983274963
0.0192660706001315	0.528400788761162
0.0192734748032093	0.610865065901281
0.0192808846995394	1.23244052220552
0.0192883002956908	0.258055487741153
0.0192957215982426	1.18136431724408
0.0193031486137841	0.395798257408778
0.0193105813489147	2.22123030098943
0.0193180198102441	0.27506069664189
0.0193254640043919	1.68015116343855
0.0193329139379881	0.809742811036305
0.019340369617673	1.89427837710271
0.0193478310500969	0.801541293028645
0.0193552982419207	1.50508334199808
0.0193627711998152	1.66894647787037
0.0193702499304619	1.29358245063717
0.0193777344405524	1.73957824795272
0.0193852247367885	0.8107458879302
0.0193927208258828	2.86321856718193
0.0194002227145579	0.671214798615058
0.0194077304095469	2.13299902184313
0.0194152439175935	0.427194059057945
0.0194227632454516	3.09292938899306
0.0194302883998858	0.830749940048608
0.0194378193876709	1.68169202720817
0.0194453562155926	0.792343871627803
0.0194528988904467	2.09779332317228
0.0194604474190398	1.46058608808756
0.0194680018081891	0.882614635422691
0.0194755620647223	1.20245373266016
0.0194831281954777	1.23766861030939
0.0194907002073042	1.72028159732269
0.0194982781070615	0.322456911605491
0.0195058619016198	1.36557943837169
0.0195134515978601	0.879704812018488
0.0195210472026741	1.07606754761047
0.0195286487229642	0.368698832790652
0.0195362561656436	0.848277913053817
0.0195438695376362	0.787820943545787
0.0195514888458767	0.765425610148908
0.0195591140973109	0.254790794045904
0.0195667452988949	0.522552484867151
0.0195743824575962	0.899739192546143
0.0195820255803928	0.332067656041512
0.0195896746742738	0.232260646604852
0.0195973297462392	0.487177612027901
0.0196049908032999	0.265541390875903
0.0196126578524779	0.509729688520862
0.0196203309008058	0.0113850972052931
0.0196280099553278	0.553755798165799
0.0196356950230986	0.136098462047222
0.0196433861111843	0.283582837018655
0.0196510832266618	0.050966009558162
0.0196587863766194	0.849591218642007
0.0196664955681564	0.110858052397575
0.019674210808383	0.34886945422492
0.0196819321044209	0.0519879680122379
0.0196896594634028	0.757854780693999
0.0196973928924727	0.387082852876274
0.0197051323987857	0.209396340625392
0.0197128779895084	0.0757762941130921
0.0197206296718183	0.550621465484725
0.0197283874529045	0.387401851431884
0.0197361513399674	0.467345676899207
0.0197439213402185	0.519330867849843
0.0197516974608809	0.278933207611522
0.019759479709189	0.835394772603341
0.0197672680923886	0.228311256713212
0.0197750626177369	1.2143982836326
0.0197828632925026	0.04607299724975
0.0197906701239659	0.614927605413411
0.0197984831194185	0.0223663662054651
0.0198063022861634	1.36246580282448
0.0198141276315154	0.241248420484421
0.0198219591628009	0.646802100437219
0.0198297968873576	0.127749436745838
0.019837640812535	1.19410033058656
0.0198454909456944	0.948320395169883
0.0198533472942083	0.222319342393377
0.0198612098654613	0.653849654049868
0.0198690786668495	0.537275045309514
0.0198769537057809	1.16679094316889
0.0198848349896749	0.1335501803043
0.0198927225259631	0.744532196351649
0.0199006163220886	0.744118966753401
0.0199085163855065	0.978855297444742
0.0199164227236835	0.225620163120031
0.0199243353440984	0.82323794801406
0.0199322542542418	0.887352552510089
0.0199401794616163	0.744178186553877
0.0199481109737363	0.619953522418852
0.0199560487981281	0.339581395039073
0.0199639929423304	1.55278584552348
0.0199719434138933	1.01240562830739
0.0199799002203794	0.293383914464486
0.0199878633693633	1.07103746293717
0.0199958328684314	0.665069909779634
0.0200038087251824	1.25249048031049
0.0200117909472273	0.291447020860024
0.0200197795421888	0.884401012481639
0.0200277745177023	0.689822514176679
0.020035775881415	1.63125957289928
0.0200437836409865	0.154871372423717
0.0200517978040887	1.54753614521223
0.0200598183784055	1.30378492868211
0.0200678453716336	0.519008886659658
0.0200758787914814	1.15656624112229
0.0200839186456702	0.257845562963184
0.0200919649419334	1.752418442588
0.0201000176880167	0.391701159950655
0.0201080768916785	0.679757155419269
0.0201161425606895	0.227323893159778
0.0201242147028329	2.09111284567341
0.0201322933259043	0.24170154956922
0.020140378437712	0.997120353704341
0.0201484700460767	0.3034045104333
0.0201565681588317	1.13496354984782
0.0201646727838229	1.25671347814841
0.020172783928909	0.0879834342161248
0.0201809016019611	0.605943458133015
0.0201890258108631	0.373746681463651
0.0201971565635115	0.761287199303918
0.0202052938678157	0.0197531050876299
0.0202134377316977	0.641001468971688
0.0202215881630923	0.0479573254619553
0.0202297451699472	0.711394426377491
0.0202379087602228	0.136288072106466
0.0202460789418925	0.611223169544011
0.0202542557229424	0.345773184054838
0.0202624391113716	0.0238294373019605
0.0202706291151922	0.0258221204544557
0.0202788257424292	0.11484812099027
0.0202870290011206	0.187134872097232
0.0202952388993173	0.0123092396444424
0.0203034554450834	0.0390641870455344
0.0203116786464959	0.267336988763877
0.0203199085116451	0.116046679185736
0.0203281450486342	0.0973824526903734
0.0203363882655797	0.232485176451596
0.0203446381706113	0.0833709461219537
0.0203528947718717	0.295764634840174
0.0203611580775169	0.00441840204711298
0.0203694280957163	0.78332222850575
0.0203777048346524	0.897551300163965
0.0203859883025211	0.0242391617757615
0.0203942785075315	0.627379037830239
0.0204025754579064	0.484715748272736
0.0204108791618815	0.858452224569481
0.0204191896277062	0.348208490890727
0.0204275068636435	0.704943197447991
0.0204358308779694	0.63589569074
0.0204441616789738	2.36476877268367
0.0204524992749601	0.280507337961682
0.0204608436742449	1.89418471358398
0.0204691948851587	1.87901947427185
0.0204775529160456	0.954972518070322
0.0204859177752633	1.79933516300393
0.0204942894711829	0.700281571966863
0.0205026680121896	2.32201918968855
0.020511053406682	1.73581018845422
0.0205194456630727	1.55949368901728
0.0205278447897878	1.04016307384275
0.0205362507952675	4.10358157564637
0.0205446636879655	0.894686344648659
0.0205530834763497	2.6053436837938
0.0205615101689016	1.26787446770352
0.0205699437741168	2.65113697729294
0.0205783843005048	3.06960429364273
0.020586831756589	1.04396319516542
0.0205952861509069	1.8965789402511
0.02060374749201	2.57274408392962
0.0206122157884638	2.27458167097521
0.0206206910488479	1.14269010665269
0.0206291732817561	2.32158265893273
0.0206376624957962	1.38888797060565
0.0206461586995905	3.07312335761192
0.020654661901775	0.755173337499087
0.0206631721110004	1.81666985802472
0.0206716893359314	2.29929728073263
0.0206802135852471	1.18435176688993
0.0206887448676408	1.1025840710899
0.0206972831918203	1.01273503564888
0.0207058285665077	1.31470002308265
0.0207143810004395	1.52901409269904
0.0207229405023667	0.423454531095263
0.0207315070810547	0.818505093252984
0.0207400807452835	1.45169967133579
0.0207486615038476	0.416551559211743
0.0207572493655558	0.403384130780568
0.020765844339232	0.538829468083805
0.0207744464337143	0.29129217499374
0.0207830556578555	0.89600172626586
0.0207916720205234	0.0444725128368907
0.0208002955306001	0.724037369730407
0.0208089261969826	0.476051524135658
0.0208175640285828	0.00710008248611222
0.0208262090343273	0.0859071408894348
0.0208348612231575	0.155822262651145
0.0208435206040297	0.0505191090710715
0.0208521871859151	0.157462047225702
0.0208608609777998	0.0567756110502821
0.0208695419886849	1.195364306583
0.0208782302275864	0.338327691066878
0.0208869257035355	0.668764259662584
0.0208956284255783	0.831510270308439
0.0209043384027759	0.303322284906592
0.0209130556442048	0.699282148804851
0.0209217801589565	0.359181942936743
0.0209305119561375	0.837197417622652
0.0209392510448698	1.51193265938134
0.0209479974342904	0.86094959420699
0.0209567511335518	0.927652627646754
0.0209655121518217	2.86319564703457
0.020974280498283	0.611135081383792
0.0209830561821341	2.04786997050675
0.0209918392125889	0.958078087334912
0.0210006295988765	2.28798413091561
0.0210094273502418	2.39622882592881
0.0210182324759448	1.47391409963967
0.0210270449852612	1.45214750068918
0.0210358648874824	3.65450716075065
0.0210446921919153	1.79715304088193
0.0210535269078823	2.26816771028414
0.0210623690447216	2.21803854642173
0.0210712186117871	2.39678515983421
0.0210800756184484	3.74039392222692
0.0210889400740908	1.42404451186163
0.0210978119881155	2.42804686339448
0.0211066913699394	3.32018775994166
0.0211155782289954	2.37416868410616
0.0211244725747322	2.00755708815991
0.0211333744166144	2.63172813746424
0.0211422837641226	1.97459503985417
0.0211512006267536	3.7710824030975
0.0211601250140198	1.16212371244083
0.0211690569354499	2.29154545387865
0.0211779964005889	2.95509521218274
0.0211869434189976	1.67472701885518
0.021195898000253	1.43697052311184
0.0212048601539485	2.04059395235446
0.0212138298896935	1.140707940585
0.0212228072171139	2.69444098534929
0.0212317921458517	0.810333878440658
0.0212407846855653	1.29718996467605
0.0212497848459296	2.25259927650919
0.0212587926366357	0.575163232185885
0.0212678080673912	0.798614098883538
0.0212768311479203	0.821893242101644
0.0212858618879635	0.573869991017225
0.021294900297278	0.870204101224794
0.0213039463856375	0.537954187761375
0.0213130001628325	0.334590583196899
0.0213220616386698	1.33099501330981
0.0213311308229733	0.116498070403669
0.0213402077255832	0.214482428629953
0.0213492923563567	0.153016843116433
0.0213583847251679	0.0774669802308926
0.0213674848419074	0.061301238331913
0.021376592716483	0.0469334831462382
0.0213857083588192	0.249435263227543
0.0213948317788574	0.466605429663431
0.0214039629865561	0.346031639595848
0.0214131019918908	0.440556776884122
0.0214222488048539	0.00429242059350013
0.0214314034354552	0.234922371686182
0.0214405658937212	0.039949235881234
0.0214497361896958	0.36432326857159
0.0214589143334401	0.414565243143392
0.0214681003350324	0.396634828447874
0.0214772942045681	0.285386996629443
0.0214864959521602	1.70707882909918
0.0214957055879388	0.118831689186859
0.0215049231220515	1.26893968233308
0.0215141485646632	0.333685306683623
0.0215233819259564	1.38378002496017
0.021532623216131	1.29638519137952
0.0215418724454044	0.642553075744432
0.0215511296240116	0.858070265505507
0.0215603947622051	1.84494446815719
0.0215696678702553	1.27018808589646
0.0215789489584501	1.16490440492281
0.021588238037095	1.85890935083823
0.0215975351165134	0.939991560093775
0.0216068402070466	3.23182084020627
0.0216161533190534	0.485757629090495
0.0216254744629109	2.12485146626822
0.0216348036490137	1.8794137083101
0.0216441408877746	1.62204019375877
0.0216534861896242	1.1589593533469
0.0216628395650114	2.06557332999531
0.0216722010244028	1.07590884905407
0.0216815705782834	2.70322074748499
0.0216909482371561	1.35021462517195
0.0217003340115423	1.3037441167021
0.0217097279119813	2.95345345118454
0.0217191299490307	0.936238604488593
0.0217285401332667	1.57301363672861
0.0217379584752834	1.43877614767231
0.0217473849856936	1.22290758764197
0.0217568196751284	1.80042490971429
0.0217662625542373	1.39283331615072
0.0217757136336884	0.687105667577052
0.0217851729241683	2.21744172094324
0.0217946404363822	1.04798234210943
0.0218041161810539	0.7328088751669
0.0218136001689257	1.2464365494804
0.0218230924107589	0.860467691218646
0.0218325929173334	0.907083342678604
0.0218421016994478	1.34439832543854
0.0218516187679195	0.106747391548372
0.021861144133585	1.82611103890435
0.0218706778072995	0.686760867467895
0.0218802197999372	0.516576205395983
0.0218897701223913	0.551764275147302
0.0218993287855739	0.484631034919063
0.0219088958004164	0.561127619719762
0.0219184711778691	0.355203154666391
0.0219280549289017	0.333397392988073
0.0219376470645027	0.308984948608583
0.0219472475956802	1.27507191107567
0.0219568565334615	0.0495475610271217
0.021966473888893	0.860990501838832
0.0219760996730408	0.14620903651876
0.0219857338969901	0.557092988820286
0.0219953765718458	0.493287480564235
0.0220050277087321	0.0430538980521515
0.0220146873187928	0.223092053948565
0.0220243554131913	0.0938535479793514
0.0220340320031106	0.59355793573642
0.0220437170997534	0.0651428858135749
0.022053410714342	0.720992971806703
0.0220631128581186	0.175356228364641
0.022072823542345	0.680150441861547
0.0220825427783031	0.791297793933179
0.0220922705772943	0.0978501945117603
0.0221020069506403	0.722567965160894
0.0221117519096827	0.0886624747044562
0.0221215054657828	0.430955479499445
0.0221312676303223	0.0637215511582895
0.0221410384147028	0.644026707720714
0.0221508178303463	0.0732852422207828
0.0221606058886947	1.04220663303355
0.0221704026012102	0.433352597879931
0.0221802079793754	0.476444951405648
0.0221900220346931	1.27955658919664
0.0221998447786865	0.15333409358892
0.0222096762228993	0.852776755398584
0.0222195163788955	0.472298925262263
0.0222293652582597	0.622463642060148
0.0222392228725971	0.916052163497039
0.0222490892335334	0.770842605128865
0.022258964352715	0.471768491460593
0.0222688482418088	1.1622456995092
0.0222787409125028	1.05974729024276
0.0222886423765054	0.55699163160183
0.0222985526455461	1.32783880968912
0.0223084717313751	0.81477913812455
0.0223183996457636	1.20562715877784
0.0223283364005037	1.68433679962813
0.0223382820074086	0.38859998347874
0.0223482364783125	2.26886999383914
0.0223581998250706	0.78299307797071
0.0223681720595596	1.63192635254415
0.022378153193677	0.876992540135919
0.0223881432393417	1.65450623224076
0.0223981422084939	1.1483391138414
0.0224081501130951	1.62035585162815
0.0224181669651284	1.16227963516596
0.022428192776598	1.32902789286323
0.0224382275595298	2.56405736898005
0.0224482713259712	0.415276052609408
0.0224583240879911	2.81524417197069
0.0224683858576802	0.280004209068693
0.0224784566471506	2.67541105427845
0.0224885364685364	0.7612813160305
0.0224986253339933	1.5337940093414
0.022508723255699	0.89902027002568
0.0225188302458528	1.59841777026102
0.0225289463166762	1.12979380287937
0.0225390714804125	1.07105642099237
0.0225492057493271	1.64298467922105
0.0225593491357074	0.56558290502948
0.022569501651863	2.34531784133274
0.0225796633101257	0.0634133795565651
0.0225898341228492	1.68013660859418
0.02260001410241	0.400139616372904
0.0226102032612065	0.929389880427869
0.0226204016116596	0.363361452213248
0.0226306091662126	0.735106674323533
0.0226408259373314	0.332964946551446
0.0226510519375042	0.650964034077819
0.022661287179242	0.46364032922457
0.0226715316750783	0.269996759047277
0.0226817854375691	0.747698171267272
0.0226920484792936	0.00189941577661235
0.0227023208128533	0.397631415825737
0.0227126024508727	0.0444454942517643
0.0227228934059993	0.180981262974897
0.0227331936909034	0.0856707975843821
0.0227435033182783	0.00671065117742028
0.0227538223008404	0.0027415310152805
0.0227641506513291	0.00927685927025977
0.0227744883825069	0.00907079629639542
0.0227848355071598	0.0716268302664753
0.0227951920380965	0.00775570268926089
0.0228055579881496	0.153682940488769
0.0228159333701747	0.0503600987043974
0.0228263181970508	0.24440026722531
0.0228367124816805	0.376634173790392
0.0228471162369898	0.0474214421586605
0.0228575294759284	0.589947336684956
0.0228679522114694	0.0539417985504488
0.0228783844566098	0.884065987030083
0.0228888262243703	0.146219888646842
0.0228992775277952	0.820112213426958
0.0229097383799528	0.324387062466568
0.0229202087939352	1.05755941420525
0.0229306887828586	0.544366863600031
0.022941178359863	0.94856045070158
0.0229516775381125	1.28575331097126
0.0229621863307954	0.660002167522951
0.0229727047511241	2.07501898727713
0.0229832328123353	0.244061845251988
0.0229937705276899	2.51863522319935
0.023004317910473	0.483639067955021
0.0230148749739944	2.02263311067168
0.0230254417315881	0.730658258438268
0.0230360181966127	2.05304927715847
0.0230466043824513	1.1284376779159
0.0230572003025117	1.92192743765884
0.0230678059702262	1.45540111873753
0.0230784213990521	1.71311705702303
0.0230890466024711	2.57846470868665
0.0230996815939901	0.845053505157157
0.0231103263871408	2.59173297626719
0.0231209809954797	0.896001406049329
0.0231316454325884	2.63011423983297
0.0231423197120737	1.07487235648731
0.0231530038475674	2.08572385461497
0.0231636978527264	1.21982613080775
0.0231744017412331	2.32918084978543
0.0231851155267949	1.27067079898294
0.0231958392231447	1.69393263492134
0.023206572844041	1.7562058166934
0.0232173164032674	1.25098315109643
0.0232280699146334	2.0761336902452
0.0232388333919739	0.740900683264097
0.0232496068491494	2.04830393798849
0.0232603903000463	1.11495802534901
0.0232711837585767	1.27539915198207
0.0232819872386784	1.16883527740036
0.0232928007543153	0.948265033820392
0.0233036243194771	1.39761462927392
0.0233144579481797	0.687982539498139
0.0233253016544649	0.973762988468089
0.0233361554524006	0.597675543635396
0.0233470193560811	1.24561519040309
0.0233578933796268	0.267496569699416
0.0233687775371845	0.941573049745744
0.0233796718429272	0.380779283559509
0.0233905763110547	0.634087717930284
0.023401490955793	0.704739833546286
0.0234124157913947	0.159545255566252
0.0234233508321392	0.733916823674595
0.0234342960923324	0.0516804974964731
0.0234452515863069	0.333825691482801
0.0234562173284225	0.0401146468624632
0.0234671933330655	0.326926100553055
0.0234781796146492	0.0107310017869781
0.023489176187614	0.297635396114609
0.0235001830664273	0.129884983546717
0.0235112002655837	0.634719690669192
0.023522227799605	0.157918042775688
0.0235332656830401	0.50265829137085
0.0235443139304655	0.00376024170576128
0.0235553725564847	0.475409413411609
0.0235664415757289	0.0207465286982067
0.0235775210028569	0.436951063592661
0.023588610852555	0.168804917642486
0.0235997111395369	0.751108184998597
0.0236108218785443	0.115875818512135
0.0236219430843467	1.16633125356014
0.0236330747717412	0.651032981875316
0.0236442169555529	0.887494403301998
0.0236553696506351	1.02706045289792
0.0236665328718687	0.654243927274684
0.0236777066341631	1.81021576987064
0.0236888909524557	0.810949709980934
0.0237000858417122	1.36129126998481
0.0237112913169264	1.26068279060283
0.0237225073931207	1.9993710433432
0.0237337340853458	1.21390245553252
0.0237449714086812	2.15988329386216
0.0237562193782345	1.29399366367941
0.0237674780091422	2.64720686070012
0.0237787473165696	2.23073952017755
0.0237900273157106	1.40351038404522
0.023801318021788	3.09390307693198
0.0238126194500536	2.03489171794901
0.0238239316157879	2.40551246480306
0.0238352545343009	2.62443304366785
0.0238465882209313	1.76737397277114
0.0238579326910472	3.47452051655399
0.023869287960046	2.29242965892657
0.0238806540433542	2.1096769467366
0.0238920309564279	2.58128885838487
0.0239034187147527	3.08731377184423
0.0239148173338435	1.62623707554433
0.023926226829245	3.26145792006731
0.0239376472165316	1.49928094969473
0.0239490785113074	2.97196549214639
0.0239605207292061	2.87879523015086
0.0239719738858918	1.07076604550133
0.023983437997058	3.00541791404388
0.0239949130784286	1.46687175529874
0.0240063991457575	1.99936114290909
0.0240178962148288	1.19557648400974
0.0240294043014568	1.83426852216959
0.0240409234214862	0.889298182221822
0.024052453590792	2.42143258074629
0.0240639948252798	0.29584272125278
0.0240755471408856	1.89590089143409
0.024087110553576	1.18289138135158
0.0240986850793486	0.600409754647956
0.0241102707342313	0.862774761902478
0.0241218675342832	0.289830994912824
0.0241334754955942	0.583060810517119
0.0241450946342851	0.318938521200614
0.0241567249665079	0.22798311115968
0.0241683665084457	0.143917506378066
0.0241800192763126	0.66809959734308
0.0241916832863543	0.116368018673603
0.0242033585548477	0.272345947339615
0.0242150450981012	0.275762351800507
0.0242267429324547	0.115466207534865
0.0242384520742795	0.295248877360353
0.0242501725399789	0.19289330614297
0.0242619043459876	0.116880652327651
0.0242736475087725	0.0582274248892475
0.0242854020448321	0.616876041733912
0.0242971679706969	0.333039751715411
0.0243089453029296	0.625193516974392
0.0243207340581249	0.938304134892481
0.0243325342529097	0.34895266616289
0.0243443459039433	1.99158563552801
0.0243561690279173	0.685943538286235
0.0243680036415557	0.815194986059087
0.0243798497616151	1.71735331470197
0.0243917074048846	1.34619473206629
0.024403576588186	1.36713801443286
0.024415457328374	2.31003504377991
0.024427349642336	0.770874979569682
0.0244392535469923	3.47384385537197
0.0244511690592963	2.13627261001697
0.0244630961962344	1.47475062192068
0.0244750349748262	2.89833112208863
0.0244869854121246	2.49009165158192
0.0244989475252156	1.91144255318447
0.0245109213312188	3.31260259142392
0.0245229068472873	1.46567984107592
0.0245349040906077	3.59471161705729
0.0245469130784002	3.54339266990922
0.0245589338279188	1.29160344716856
0.0245709663564513	3.6801702192298
0.0245830106813194	2.42635333030811
0.0245950668198788	2.38573205067479
0.0246071347895192	2.58317796688221
0.0246192146076645	2.15430733182798
0.0246313062917729	2.25344501462662
0.0246434098593367	3.85587148642839
0.0246555253278828	0.675084336027846
0.0246676527149724	3.33079043353035
0.0246797920382016	1.87394269509772
0.0246919433152008	1.84344959820695
0.0247041065636353	1.7066068959512
0.0247162818012052	1.37767717666447
0.0247284690456455	1.25180188877209
0.0247406683147263	2.15820830258951
0.0247528796262526	0.688323872110522
0.0247651029980646	1.32039019802532
0.024777338448038	2.09505096988638
0.0247895859940835	0.143652547830085
0.0248018456541474	1.80597939205445
0.0248141174462117	0.0708851539832231
0.0248264013882936	1.14607642776699
0.0248386974984463	0.510029195915029
0.0248510057947588	0.243373655835228
0.0248633262953557	0.0301560270345347
0.0248756590183978	0.778835134897346
0.0248880039820819	0.326687383669579
0.0249003612046409	0.272509478111067
0.0249127307043439	0.768963818068842
0.0249251124994965	0.248892321996276
0.0249375066084405	0.9871507809571
0.0249499130495543	0.628822706241697
0.0249623318412528	0.00601946243444547
0.0249747630019877	0.133109824230801
0.0249872065502475	0.436120256153865
0.0249996625045574	0.282152391656006
0.0250121308834797	0.349753434363919
0.0250246117056137	1.02524488796231
0.0250371049895958	0.0458232557897374
0.0250496107540997	2.27734944173477
0.0250621290178365	0.735488821564659
0.0250746597995544	0.624919691429931
0.0250872031180396	1.26049353749232
0.0250997589921154	0.606652970799739
0.0251123274406432	0.836161496072613
0.0251249084825221	1.23583501714489
0.0251375021366889	0.389015017243821
0.0251501084221187	1.74078485521431
0.0251627273578243	1.91031986159527
0.025175358962857	0.255822550024583
0.0251880032563063	2.20957373382406
0.0252006602573	1.04821734778706
0.0252133299850044	1.02247947641227
0.0252260124586243	1.68029112593944
0.0252387076974033	0.542612001702653
0.0252514157206236	1.89416454526938
0.0252641365476065	2.01560401966847
0.0252768701977119	0.318186377985563
0.025289616690339	1.95337027186708
0.0253023760449261	1.01396673164835
0.0253151482809508	1.10082081437001
0.0253279334179299	1.00657266236679
0.0253407314754197	0.864287721426143
0.0253535424730162	0.731221500968045
0.0253663664303549	2.30865248641261
0.0253792033671109	0.133666663024437
0.0253920533029996	1.91980225965348
0.0254049162577758	1.24785320969282
0.0254177922512348	0.493391489513337
0.0254306813032118	1.59445480400318
0.0254435834335823	0.0311727906674604
0.0254564986622623	1.19023494324559
0.0254694270092079	0.46624035792455
0.0254823684944163	0.46946354877073
0.0254953231379248	0.218055037420441
0.0255082909598119	1.64293336919071
0.0255212719801968	0.113622898693067
0.0255342662192395	1.22229106722339
0.0255472736971414	0.78514625584095
0.0255602944341449	0.750009716138663
0.0255733284505337	1.63597085086211
0.025586375766633	0.0650792064539623
0.0255994364028094	0.247901357700116
0.0256125103794711	0.149213091690706
0.025625597717068	0.48987520257482
0.0256386984360919	0.0186760470241975
0.0256518125570765	0.808172810869202
0.0256649401005976	0.303696915191937
0.0256780810872728	1.13220839601272
0.0256912355377625	1.64691673412886
0.025704403472769	0.305179653563605
0.0257175849130372	0.979362164899222
0.0257307798793548	0.132961947783526
0.0257439883925518	0.211491303716325
0.0257572104735012	0.213179448709259
0.025770446143119	0.187836581263227
0.025783695422364	0.0920015999694094
0.0257969583322382	1.00543696017869
0.025810234893787	0.408346493296661
0.0258235251280989	0.589242983029003
0.0258368290563059	1.11607919971044
0.0258501466995838	0.00544223749680617
0.0258634780791518	0.720128574723158
0.025876823216273	0.208890132800687
0.0258901821322545	0.342333970622314
0.0259035548484473	0.968243219564779
0.0259169413862466	0.091794804693916
0.0259303417670918	0.257867514499687
0.0259437560124667	0.540486566394689
0.0259571841438996	0.193706870544239
0.0259706261829633	0.240723312799104
0.0259840821512754	0.348938256777188
0.0259975520704983	0.0275593263655567
0.0260110359623394	1.03602239160327
0.026024533848551	0.611136464935926
0.0260380457509307	0.573753515400038
0.0260515716913214	1.0923934884262
0.0260651116916114	0.0140021539893457
0.0260786657737344	0.646499204784618
0.02609223395967	0.110296021922566
0.0261058162714433	0.266420189139036
0.0261194127311254	0.236663394589043
0.0261330233608335	0.222832976680291
0.0261466481827308	0.101979186870091
0.0261602872190267	0.92430667111819
0.0261739404919771	0.723465783864511
0.0261876080238844	0.480624058651339
0.0262012898370974	0.942204011834326
0.0262149859540118	0.509997053495164
0.0262286963970702	0.981922391738361
0.026242421188762	0.663133014278406
0.0262561603516238	0.0424520221297153
0.0262699139082394	0.0353863644870651
0.02628368188124	0.248981497511203
0.0262974642933043	0.425909424110317
0.0263112611671583	0.188119224003021
0.0263250725255761	1.02473514071847
0.0263388983913794	0.241767794131522
0.026352738787438	1.90810602607525
0.0263665937366697	1.19044896018448
0.0263804632620405	0.526608589786104
0.026394347386565	1.05661387536157
0.0264082461333059	0.128021555369818
0.0264221595253747	0.623028862018909
0.0264360875859318	0.362104131564784
0.0264500303381861	0.447919923998811
0.0264639878053957	0.580274139400956
0.0264779600108678	1.89462970061692
0.0264919469779589	0.0329883142375754
0.0265059487300748	2.25164800477819
0.0265199652906707	1.07678667639098
0.0265339966832517	0.926442239556342
0.0265480429313725	1.67388353626144
0.0265621040586376	0.268142504716887
0.0265761800887019	2.17708653736162
0.0265902710452701	1.03241890759127
0.0266043769520974	0.846087803001665
0.0266184978329894	1.00363543651591
0.0266326337118021	1.95493163989767
0.0266467846124424	0.622570781578166
0.0266609505588681	1.84177761408974
0.0266751315750878	0.829923327059928
0.0266893276851612	1.62419274238117
0.0267035389131993	2.94260862022343
0.0267177652833645	0.0781274007215851
0.0267320068198709	3.02757641629734
0.0267462635469838	0.716218547608345
0.0267605354890206	1.53024364138971
0.0267748226703507	1.05248604181488
0.0267891251153954	0.753605572367212
0.0268034428486283	1.04831912330939
0.0268177758945752	1.42536203893601
0.0268321242778146	0.430860111017245
0.0268464880229776	1.24313721810992
0.0268608671547478	2.14744347363481
0.0268752616978621	0.109714921297007
0.0268896716771101	2.00197570306563
0.0269040971173349	0.0634739613298012
0.0269185380434327	1.41399810915376
0.0269329944803534	0.705432648552426
0.0269474664531003	0.0852713215314362
0.0269619539867306	0.184447726559879
0.0269764571063554	0.374288144954767
0.0269909758371399	0.161860396630366
0.0270055102043034	0.419601947945621
0.0270200602331195	0.304597765248891
0.0270346259489166	0.605654084993827
0.0270492073770775	0.58465698103768
0.0270638045430398	1.00255267218179
0.027078417472296	0.717902686702429
0.0270930461903939	0.222817181561586
0.0271076907229363	0.401093685575024
0.0271223510955815	0.19148216825557
0.0271370273340434	0.43398333724884
0.0271517194640915	0.356891392476443
0.0271664275115511	0.386592416677693
0.0271811515023035	0.706300660433898
0.0271958914622863	2.04042079091706
0.0272106474174932	0.0297523406596946
0.0272254193939743	2.48363751521023
0.0272402074178366	0.867107309367777
0.0272550115152436	1.78433388883381
0.0272698317124158	1.7811448623377
0.0272846680356307	0.852345404401359
0.027299520511223	2.91561008151519
0.0273143891655849	1.27095402215563
0.0273292740251661	1.91014158136698
0.0273441751164738	1.31836662310817
0.0273590924660733	3.51563268698554
0.0273740261005877	1.08242435059739
0.0273889760466984	3.56328454053543
0.027403942331145	0.991281748465111
0.0274189249807258	4.00851132271105
0.0274339240222974	3.53337927806054
0.0274489394827754	1.16090643080974
0.0274639713891344	4.19692225386077
0.0274790197684081	1.23056294120128
0.0274940846476893	3.6453938664101
0.0275091660541305	1.28688687067104
0.0275242640149437	2.57015472573904
0.0275393785574005	1.60960336647812
0.0275545097088328	3.83587878017834
0.0275696574966323	0.485230544686558
0.0275848219482511	3.62026761988201
0.0276000030912016	2.23538320763445
0.0276152009530571	1.49398133020134
0.0276304155614513	2.68535833407828
0.0276456469440791	0.416762506171226
0.0276608951286964	2.55723886804226
0.0276761601431202	0.729315708060097
0.0276914420152294	0.756108043650711
0.0277067407729639	0.5329917807588
0.027722056444326	1.67552296639354
0.0277373890573794	0.0609833088982755
0.0277527386402503	1.21725730885409
0.027768105221127	0.147252165120979
0.0277834888282604	1.03196833466395
0.0277988894899639	0.689678303041108
0.0278143072346138	0.189093559231366
0.0278297420906494	0.50502606965981
0.0278451940865731	0.0230032652349431
0.0278606632509506	0.0838737372367869
0.0278761496124113	0.125168763115718
0.0278916531996481	0.184379732994333
0.0279071740414178	0.215382400289877
0.0279227121665413	0.131098453923239
0.0279382676039037	0.43857729840438
0.0279538403824545	1.13183641224685
0.0279694305312079	0.0283921565468112
0.0279850380792426	1.20625338024048
0.0280006630557024	0.373447853999642
0.0280163054897963	1.44388634113888
0.0280319654107985	0.885229804429529
0.0280476428480487	0.818857919781462
0.0280633378309522	1.93612456916842
0.0280790503889804	0.959218717607898
0.0280947805516704	1.57785812462957
0.0281105283486258	0.873306292897715
0.0281262938095165	2.86398474815853
0.028142076964079	0.898724638005492
0.0281578778421167	3.02473190344343
0.0281736964734997	0.477361489013283
0.0281895328881655	4.25927971055746
0.0282053871161189	1.99869280197016
0.0282212591874322	1.94210673571437
0.0282371491322455	2.66136389619289
0.0282530569807666	1.82130517257976
0.0282689827632717	3.32240673759444
0.0282849265101052	1.16641874678278
0.02830088825168	2.48856166257487
0.0283168680184775	1.65535748728022
0.0283328658410482	4.07661023532141
0.0283488817500118	0.264082329841291
0.0283649157760569	4.28241112971119
0.0283809679499418	0.901665405022366
0.0283970383024945	3.06088696144647
0.0284131268646127	1.32412943394865
0.0284292336672644	1.80432727609658
0.0284453587414876	1.93103573839235
0.0284615021183909	1.32484321563324
0.0284776638291535	0.91398868951584
0.0284938439050256	1.24908518319807
0.0285100423773283	2.00611665571529
0.028526259277454	0.289291773465367
0.0285424946368665	1.58917154951231
0.0285587484871016	0.114066416143182
0.0285750208597665	1.87326979849284
0.0285913117865408	0.20176008796392
0.0286076212991764	0.526644347298604
0.0286239494294974	0.269739216330238
0.0286402962094008	0.673279120181979
0.0286566616708566	0.107818924115375
0.0286730458459078	0.322616960258515
0.0286894487666706	0.183408965759067
0.0287058704653349	0.403713687012154
0.0287223109741644	0.0827685339089044
0.0287387703254966	0.348311224210837
0.0287552485517432	0.420934590504281
0.0287717456853903	0.149666479270792
0.0287882617589986	0.255846927778354
0.0288047968052037	0.236405983402213
0.0288213508567159	0.835458366067337
0.0288379239463212	0.304302979240946
0.0288545161068807	0.468361383091938
0.0288711273713313	0.932299212490541
0.0288877577726858	0.537173110942571
0.0289044073440331	0.8421828428146
0.0289210761185384	0.389364793296185
0.0289377641294434	1.54380175618735
0.0289544714100667	0.660537046495418
0.0289711979938038	1.37109108561084
0.0289879439141274	0.367559339412936
0.0290047092045877	2.80682463665682
0.0290214938988126	0.590291362877252
0.0290382980305078	1.76856210629361
0.029055121633457	0.823362108706069
0.0290719647415225	2.17527782047297
0.0290888273886449	1.71449753337313
0.0291057096088438	1.16608631343265
0.0291226114362178	1.35052268685965
0.0291395329049446	1.99074771766726
0.0291564740492816	2.32667740085899
0.0291734349035656	0.707981413278635
0.0291904155022136	2.81484933150167
0.0292074158797228	0.566206519128435
0.0292244360706706	3.21413331132195
0.0292414761097153	0.167763703281351
0.0292585360315958	2.89567370572333
0.0292756158711324	0.761627897813299
0.0292927156632265	2.16628308508307
0.0293098354428612	0.36306376798222
0.0293269752451015	2.21549978456888
0.0293441351050944	1.14095060036972
0.0293613150580692	1.21047954871105
0.0293785151393377	0.790225768889323
0.0293957353842947	1.27487385078922
0.0294129758284178	1.7611944763292
0.0294302365072679	0.386233147827819
0.0294475174564896	1.01532391111202
0.0294648187118112	0.51317852291215
0.0294821403090449	1.57537585085397
0.0294994822840872	0.0874247335160655
0.0295168446729192	0.723779262299109
0.0295342275116068	0.342144824530238
0.0295516308363006	0.941073328139739
0.0295690546832369	0.0321202897834951
0.0295864990887371	0.769656602812861
0.0296039640892087	0.167164776506687
0.029621449721145	0.76547990865317
0.0296389560211256	0.051878449349136
0.0296564830258167	0.55535394388476
0.0296740307719712	0.597161483150751
0.0296915992964292	0.236957459002917
0.0297091886361178	0.262023163391581
0.029726798828052	0.679303005188806
0.0297444299093343	0.325619412962973
0.0297620819171556	0.673164413884109
0.0297797548887948	0.137146307419422
0.0297974488616196	1.12522351130445
0.0298151638730865	0.673850672273784
0.0298328999607412	0.458208199438761
0.0298506571622187	0.618548472633909
0.0298684355152437	1.45495459358347
0.0298862350576309	0.43861084849809
0.029904055827285	1.23817001375914
0.0299218978622014	0.353310961655963
0.029939761200466	2.1691397287447
0.0299576458802558	0.925037984415227
0.0299755519398392	1.08799304239128
0.0299934794175759	0.90992354303346
0.0300114283519177	2.01763483787193
0.0300293987814083	1.04329797994865
0.0300473907446838	1.32054433150866
0.030065404280473	1.27249353408171
0.0300834394275977	1.69548602439284
0.0301014962249726	2.14635458803036
0.0301195747116064	0.565513705822767
0.030137674926601	2.8217640118009
0.0301557969091527	0.676650468009749
0.0301739406985522	2.37215778906263
0.0301921063341844	0.374237460729868
0.0302102938555296	2.36278334594393
0.030228503302163	0.897733213886707
0.0302467347137553	1.89127822184416
0.0302649881300729	0.254169991069316
0.0302832635909786	2.90875554938328
0.030301561136431	0.836859032938662
0.0303198808064859	1.69976259974945
0.0303382226412955	0.860786823686937
0.0303565866811096	1.50879887870616
0.0303749729662753	1.78653531294902
0.0303933815372377	0.429170000830188
0.0304118124345399	0.785333603876103
0.0304302656988232	1.0919553828431
0.030448741370828	1.19961757625129
0.0304672394913934	0.363221354786943
0.0304857601014579	1.29650316310503
0.0305043032420596	0.294124950312781
0.0305228689543366	1.85288237299142
0.0305414572795271	0.0113349970145988
0.0305600682589698	1.11650840232577
0.0305787019341042	0.558582951597426
0.0305973583464711	0.492120360714919
0.0306160375377126	0.221614008725219
0.0306347395495726	0.884042261739273
0.030653464423897	0.229077858120638
0.0306722122026342	1.02432353998137
0.0306909829278351	0.0360988214646296
0.0307097766416538	1.4311239698171
0.0307285933863476	0.768450410770038
0.0307474332042774	0.296582667692495
0.0307662961379081	0.678406644162295
0.030785182229809	0.715870069980193
0.0308040915226537	0.692426404821919
0.0308230240592209	0.715215302547449
0.0308419798823946	0.351877096537607
0.0308609590351643	1.63407194724632
0.0308799615606251	0.839778904583914
0.0308989875019788	0.60021826002699
0.0309180369025334	1.02710687280404
0.0309371098057039	1.16058372758407
0.0309562062550123	0.806339020701748
0.0309753262940885	1.0438736425555
0.0309944699666698	0.561237413399225
0.0310136373166021	2.16201130127003
0.0310328283878396	0.958685559467987
0.0310520432244455	0.893712554980482
0.0310712818705919	1.7258597724437
0.0310905443705608	0.84362055366044
0.0311098307687439	1.48473328882296
0.0311291411096431	0.628848277411652
0.031148475437871	1.12769241265273
0.0311678337981509	1.4624859405257
0.0311872162353176	1.35461859668765
0.0312066227943172	0.547107271297326
0.031226053520208	2.66405741908379
0.0312455084581604	0.216075502182463
0.0312649876534577	2.01985608807146
0.0312844911514958	0.292212778060609
0.0313040189977843	1.72981095947737
0.0313235712379464	1.08491352494513
0.0313431479177193	0.657391507379811
0.0313627490829545	0.323066784776099
0.0313823747796186	1.7661864447567
0.031402025053793	0.547765969377799
0.0314216999516747	0.983239713108439
0.0314413995195767	0.886134306419786
0.031461123803928	0.790863534889733
0.0314808728512743	1.90180189193327
0.0315006467082782	0.0325827517809445
0.0315204454217196	1.06725445704574
0.0315402690384962	0.445677046598721
0.0315601176056235	0.54726911522718
0.0315799911702358	0.224892111767024
0.0315998897795857	0.81600736128135
0.0316198134810455	0.154577602535775
0.0316397623221067	1.31225271237542
0.0316597363503809	0.0258682115111609
0.0316797356135998	1.667749416515
0.0316997601596159	0.559493659466436
0.0317198100364029	0.371131926408132
0.0317398852920558	0.438259665042713
0.0317599859747915	0.398277438009786
0.0317801121329489	0.63898705799839
0.0318002638149899	0.335426607525509
0.031820441069499	0.184248846796361
0.0318406439451844	1.05416976779457
0.0318608724908779	0.719911207114638
0.0318811267555355	0.253971401418936
0.0319014067882378	0.922353274137093
0.0319217126381904	0.257521759875321
0.0319420443547241	0.898036938775097
0.0319624019872956	0.367964559291013
0.0319827855854878	0.49582141351218
0.03200319519901	1.35347733060473
0.0320236308776986	0.23184095073258
0.0320440926715173	0.455902121081273
0.0320645806305577	0.671400882985308
0.0320850948050394	0.447339922137207
0.0321056352453108	0.513666089657285
0.0321262020018492	0.439962607973564
0.0321467951252613	0.217596337331972
0.0321674146662837	1.66386743775853
0.0321880606757832	0.311394204512343
0.0322087332047574	0.947263153095641
0.0322294323043348	0.936130685936948
0.0322501580257756	0.201210422369394
0.0322709104204719	0.877230153723707
0.032291689539948	0.027856688885689
0.0323124954358613	0.758429345081483
0.0323333281600021	0.417359520547928
0.0323541877642946	0.262505887240763
0.0323750743007968	0.391229104253616
0.0323959878217015	1.28351124173486
0.0324169283793364	0.00495732470876471
0.0324378960261644	0.979508877674133
0.0324588908147844	0.0435004972380395
0.0324799127979314	1.20290419090977
0.0325009620284773	0.581182056228206
0.0325220385594311	0.25769380739994
0.0325431424439392	0.322301245650977
0.0325642737352863	0.497258393541932
0.0325854324868954	0.0991571907308061
0.0326066187523286	0.526313545962202
0.0326278325852872	0.237707510641634
0.0326490740396124	0.607412854517496
0.0326703431692859	0.862691638966852
0.0326916400284299	0.34889115541278
0.032712964671308	1.6256771301349
0.0327343171523252	0.0325634229565768
0.032755697526029	0.614579246190356
0.0327771058471092	0.122464944122258
0.0327985421703989	0.562760033252747
0.0328200065508746	0.427207567104269
0.0328414990436568	0.257664718116944
0.0328630197040106	0.152388853438824
0.032884568587346	1.26132629101153
0.0329061457492183	0.331358356550571
0.0329277512453288	0.652892374436828
0.0329493851315253	0.666405434335569
0.0329710474638024	0.307341634912198
0.0329927382983018	1.0919285125375
0.0330144576913135	0.0104353367509105
0.0330362056992753	0.991340921669031
0.0330579823787744	0.61635355140451
0.0330797877865467	0.192617524191156
0.0331016219794783	0.217368449273779
0.0331234850146054	0.715625743371593
0.0331453769491152	0.132973361470477
0.0331672978403458	0.682917355984642
0.0331892477457876	0.150356222043279
0.0332112267230828	0.89305808668699
0.0332332348300266	1.47027836348983
0.0332552721245675	0.0980802214278031
0.033277338664808	1.05713324034276
0.0332994345090044	0.0801882928296377
0.0333215597155684	0.569857723840541
0.0333437143430668	0.144392856745521
0.033365898450222	0.264570265163282
0.0333881120959133	0.383603086960702
0.0334103553391765	0.766064311147448
0.033432628239205	0.0109402309722131
0.0334549308553502	1.59957751802903
0.0334772632471217	0.427909897247677
0.0334996254741885	0.806581339983429
0.0335220175963788	0.535747850481768
0.033544439673681	0.593288517129337
0.0335668917662441	1.37179442905254
0.0335893739343784	0.0967788237362037
0.0336118862385556	0.614861061561372
0.0336344287394098	0.715021549334112
0.0336570014977378	1.15965173565768
0.0336796045744999	0.210332630854185
0.0337022380308199	1.36227647623331
0.0337249019279865	0.264871830690364
0.0337475963274529	2.11415523041138
0.033770321290838	0.315044003598379
0.033793076879927	1.52554821215512
0.0338158631566715	1.60262626586831
0.0338386801831904	0.64236342667455
0.0338615280217702	1.08036771842063
0.033884406734866	0.756349719303393
0.0339073163851016	1.40955351018392
0.0339302570352704	1.13411238947546
0.0339532287483359	0.741071374662891
0.033976231587432	0.958395161590328
0.033999265615864	2.57945521610265
0.0340223308971089	0.297816886053985
0.0340454274948161	1.95516367470079
0.0340685554728081	0.71422604013769
0.0340917148950806	1.70231705679103
0.0341149058258037	1.66801082107777
0.0341381283293222	0.339561300232123
0.0341613824701562	1.85521953997242
0.0341846683130016	1.15256101661434
0.0342079859227309	0.919213999675638
0.0342313353643938	0.654554784158361
0.0342547167032177	1.77649201509681
0.0342781300046082	0.434236093170838
0.0343015753341501	1.9162645802247
0.0343250527576074	0.118331857023278
0.0343485623409245	2.18879849644186
0.0343721041502266	1.6110243593482
0.0343956782518203	0.38280615993737
0.0344192847121941	1.09249912451062
0.0344429235980193	0.696641921299823
0.0344665949761504	1.02482567730111
0.0344902989136258	0.485148857833391
0.0345140354776686	0.60499998529318
0.0345378047356869	0.974809568348889
0.0345616067552747	1.65893084864943
0.0345854416042124	0.063303792095861
0.0346093093504676	2.36373410733817
0.0346332100621956	0.269614884245161
0.0346571438077401	1.61699246278301
0.0346811106556338	0.252825392564292
0.0347051106745992	1.6133727240442
0.0347291439335491	1.12403000869067
0.0347532105015874	0.913760522078346
0.0347773104480095	0.556973071699492
0.0348014438423034	1.81528151344834
0.0348256107541499	1.73156438571892
0.0348498112534235	0.826376216325221
0.0348740454101933	1.64837386546026
0.0348983132947231	1.16077777573931
0.0349226149774727	3.03053385942814
0.0349469505290981	0.425813782799657
0.0349713200204525	2.33893090708817
0.0349957235225868	1.61287699832842
0.0350201611067504	2.20268379668219
0.0350446328443919	1.19375765789109
0.0350691388071596	2.14545071600521
0.0350936790669024	1.97732851010149
0.0351182536956707	2.78999693380545
0.0351428627657164	1.23664628338679
0.0351675063494945	2.34657176281167
0.0351921845196631	3.6377616613543
0.0352168973490845	1.13756863826008
0.0352416449108258	2.96147562449339
0.0352664272781596	1.213739859958
0.0352912445245647	3.60172388188873
0.035316096723727	2.29197827491507
0.03534098394954	1.45627708945056
0.0353659062761057	2.34466686097004
0.0353908637777353	2.8933066953046
0.0354158565289498	1.93282623411861
0.035440884604481	1.50149307633902
0.0354659480792719	2.87110592279735
0.0354910470284779	1.40696833739619
0.035516181527467	3.27047967610253
0.0355413516518211	0.52872138345089
0.0355665574773365	2.91449019971578
0.0355917990800244	2.23462965164475
0.0356170765361123	1.19487742254228
0.0356423899220442	1.11962848823708
0.0356677393144816	2.01264437193149
0.0356931247903041	1.60032963344423
0.0357185464266107	1.17314853964717
0.0357440043007198	1.0053484469595
0.0357694984901707	1.29641350484927
0.0357950290727239	2.55929798748427
0.035820596126362	0.132372893730813
0.0358461997292907	1.62920533652232
0.0358718399599396	0.551215430937005
0.0358975168969624	1.78640832695741
0.0359232306192387	0.146590840613587
0.0359489812058739	1.40376176863685
0.0359747687362004	0.570039564387131
0.0360005932897787	1.23445498230283
0.0360264549463975	0.279473726467442
0.0360523537860752	1.16743359498261
0.0360782898890605	1.32873936250504
0.036104263335833	0.462644873219648
0.0361302742071043	0.636925345406725
0.0361563225838188	0.93299320095186
0.0361824085471545	1.73255339970317
0.0362085321785238	0.277628092311769
0.0362346935595743	0.992279656460895
0.03626089277219	0.735383816950762
0.0362871298984916	1.9843214648814
0.0363134050208379	0.354247414023819
0.0363397182218261	1.43629536136455
0.0363660695842934	0.939441903900225
0.0363924591913171	2.28139514773745
0.036418887126216	0.532930563171874
0.036445353472551	1.74756876980894
0.0364718583141261	2.05027164220927
0.0364984017349893	1.27444260098925
0.0365249838194334	1.6434365629907
0.0365516046519971	0.905887990203621
0.0365782643174655	3.04305457029664
0.0366049629008713	1.34696885835346
0.0366317004874959	1.62382017009311
0.0366584771628697	1.22391678505956
0.0366852930127736	3.27341489381839
0.0367121481232395	1.70392701513658
0.0367390425805516	1.40137251115652
0.0367659764712469	2.18513316106206
0.0367929498821166	2.05163493069601
0.0368199629002066	2.82189746318238
0.0368470156128187	0.932202098319202
0.0368741081075114	2.18114669042491
0.0369012404721009	2.37702878508525
0.0369284127946623	2.3503372659072
0.0369556251635299	0.671552238670415
0.0369828776672988	2.97035531645049
0.0370101703948257	1.89908373187245
0.0370375034352297	1.75853773153064
0.0370648768778932	1.32076583455033
0.0370922908124633	1.44712247239503
0.0371197453288525	2.5784284289597
0.0371472405172394	1.13413898503068
0.0371747764680703	0.964230431497824
0.0372023532720598	1.11832325227021
0.0372299710201918	2.75529131508946
0.0372576298037206	0.404714228908391
0.0372853297141719	1.46230947813665
0.0373130708433438	0.580741367524404
0.0373408532833078	1.58340174945772
0.0373686771264097	1.10467978052902
0.037396542465271	0.184147623583583
0.0374244493927895	1.00184125149031
0.0374523980021405	0.785384625471967
0.0374803883867778	0.638813747829736
0.037508420640435	0.104725186550457
0.0375364948571261	1.02444664623912
0.0375646111311468	0.117108302726613
0.0375927695570757	0.588049548880672
0.0376209702297751	0.0347089224223871
0.037649213244392	0.587579121330535
0.0376774986963598	0.554258659132901
0.0377058266813983	6.64803227877348E-05
0.0377341972955158	0.0245231270278023
0.0377626106350097	0.244543673211666
0.0377910667964676	0.364043164676026
0.0378195658767684	0.0738403465172103
0.0378481079730836	0.0122137910924044
0.0378766931828782	0.120374853915426
0.0379053216039118	0.179528272125626
0.0379339933342399	0.312814996127645
0.0379627084722148	0.45707104009554
0.0379914671164868	0.0106035534843146
0.0380202693660056	0.223673702758989
0.0380491153200209	0.180539984232742
0.038078005078084	0.931344315805235
0.0381069387400486	0.197171724449446
0.0381359164060724	0.121643999398863
0.0381649381766178	0.189133342139344
0.0381940041524533	0.846293241314787
0.0382231144346546	0.424112259134395
0.0382522691246057	0.417192037807681
0.0382814683240002	0.276311531213829
0.0383107121348426	1.2022678125016
0.0383400006594492	1.79588173893354
0.0383693340004494	0.0156406869885008
0.0383987122607868	1.64589247233877
0.0384281355437209	0.761823767921603
0.0384576039528276	1.08970865107911
0.0384871175920008	0.491215784844696
0.0385166765654537	1.06117184343091
0.0385462809777199	0.919368165748707
0.0385759309336544	2.15494230520884
0.0386056265384354	0.694417254510753
0.0386353678975649	1.33235841776173
0.0386651551168705	3.34593196046331
0.0386949883025062	0.523890030116448
0.0387248675609541	1.90638283527026
0.0387547929990253	0.824809184635982
0.0387847647238614	2.19721396344457
0.0388147828429356	2.09606960689792
0.0388448474640542	1.40473443039797
0.0388749586953576	0.855446147803514
0.0389051166453219	3.62542078665993
0.0389353214227601	2.24342742793646
0.0389655731368233	0.944587673741663
0.0389958718970022	2.83335798215306
0.039026217813128	1.21698446974231
0.0390566109953745	3.72942152877618
0.0390870515542587	1.38834387927648
0.0391175396006424	1.4881468223378
0.0391480752457336	3.37113314993511
0.039178658601088	2.18118330987396
0.0392092897786098	1.59111663703694
0.0392399688905538	1.58738859745111
0.0392706960495262	2.90408332303127
0.0393014713684863	2.0112786468148
0.0393322949607475	2.21049973817355
0.0393631669399794	0.813684096536461
0.0393940874202084	3.27369437935041
0.0394250565158197	2.48994953512091
0.0394560743415582	0.865847230385102
0.0394871410125304	2.10188236526069
0.0395182566442057	1.04391345969423
0.0395494213524174	3.14323767481712
0.0395806352533647	0.586390672898485
0.0396118984636141	1.01881460463494
0.0396432111001003	1.46719383879069
0.0396745732801283	1.74033588020618
0.0397059851213744	0.23393260602428
0.0397374467418882	1.39196400426023
0.0397689582600933	0.584084142239747
0.0398005197947897	1.39263273133435
0.0398321314651544	1.6029295065152
0.0398637933907437	0.560490563461614
0.039895505691494	1.79572165325414
0.0399272684877239	0.181135504166648
0.0399590819001354	0.105807855610092
0.0399909460498155	0.0119778398082613
0.0400228610582376	0.28344390475088
0.0400548270472634	0.0405081011397091
0.0400868441391442	0.252872644351665
0.0401189124565223	1.08638043893248
0.0401510321224329	1.43245607653275
0.0401832032603055	0.97090370918784
0.0402154259939656	1.43082861879966
0.0402477004476361	0.0333920605138252
0.0402800267459389	0.723790622475394
0.0403124050138968	0.128600051604608
0.0403448353769349	0.995950770581301
0.040377317960882	0.850180601369478
0.0404098528919727	2.19922201707342
0.0404424402968487	0.0507708130695597
0.0404750803025605	4.60497334360528
0.0405077730365691	1.88023085619983
0.0405405186267478	1.52135485427113
0.0405733172013836	2.86681515489022
0.0406061688891788	1.51377069553101
0.0406390738192532	4.92231189727407
0.0406720321211452	2.13498975777219
0.040705043924814	2.12747238351204
0.0407381093606409	4.54862584570622
0.0407712285594313	4.87737525070486
0.0408044016524162	2.4741725790131
0.0408376287712541	4.42997014436526
0.0408709100480326	3.96501013024352
0.0409042456152705	5.72843711282134
0.0409376356059191	5.14388872418926
0.0409710801533641	2.85716711963788
0.0410045793914276	6.99237680297986
0.0410381334543696	5.76864078929105
0.0410717424768901	3.81854505792981
0.0411054065941305	5.93604060084986
0.0411391259416757	3.93887680858044
0.041172900655556	7.78873585005411
0.0412067308722487	4.33733450873425
0.0412406167286799	3.68615112887393
0.0412745583622266	6.5600766379125
0.0413085559107185	6.43324035407773
0.0413426095124395	2.63715522876353
0.0413767193061301	6.62463459491857
0.041410885430989	2.99756869555415
0.0414451080266752	6.85211261662047
0.0414793872333094	5.64474647215268
0.0415137231914765	1.96497736374364
0.0415481160422273	6.89007281988489
0.0415825659270803	2.83650946032765
0.0416170729880237	2.66108400761791
0.0416516373675177	2.31022305321015
0.0416862592084958	3.67413916815782
0.0417209386543673	1.16584959795366
0.0417556758490193	5.1493037239756
0.0417904709368181	0.0795653508802994
0.0418253240626119	5.73070264551121
0.0418602353717325	2.42249497675134
0.0418952050099973	0.670268352347135
0.0419302331237112	1.3041333204441
0.0419653198596691	0.47174023607404
0.0420004653651573	0.804735624017954
0.0420356697879564	0.277760700077986
0.0420709332763423	0.291610282850521
0.0421062559790894	1.28433903713663
0.0421416380454719	2.07273691988614
0.0421770796252662	1.38553730856285
0.0422125808687529	1.03610090292494
0.0422481419267191	0.299185568573377
0.0422837629504606	0.568277883449827
0.0423194440917835	0.24061395804731
0.042355185503007	1.14554115685236
0.0423909873369653	0.363747240756191
0.0424268497470098	0.24184814694861
0.042462772887011	1.70108586853694
0.0424987569113614	2.36216887942945
0.042534801974977	0.481432234769795
0.0425709082332999	2.34191847948412
0.0426070758423004	0.70668527939737
0.0426433049584793	3.93423629522902
0.0426795957388702	2.20130991673033
0.0427159483410418	1.6886940266375
0.0427523629230998	3.66813778301466
0.0427888396436898	3.83843914873439
0.0428253786619992	2.19587572545369
0.0428619801377595	4.45438068025969
0.0428986442312488	2.43234969548052
0.0429353711032941	6.20290083964484
0.0429721609152737	4.60545192930347
0.0430090138291194	2.43495697333932
0.0430459300073189	7.06585158194
0.0430829096129183	5.63676355393652
0.0431199528095247	3.3897636442383
0.043157059761308	6.95518346842426
0.0431942306330039	3.37413512716548
0.043231465589916	8.05350214750773
0.0432687647979186	7.53799722472584
0.0433061284234588	2.71469098309667
0.043343556633559	8.61484456796451
0.0433810495958198	5.77071876354412
0.043418607478422	4.5410646703397
0.0434562304501294	5.30080334929313
0.0434939186802912	5.97722369872968
0.0435316723388446	3.58290324919605
0.0435694915963175	10.7658874047793
0.0436073766238307	0.90844692461367
0.0436453275931009	9.81935963867151
0.0436833446764429	5.57186659800562
0.0437214280467725	3.30495078828564
0.043759577877609	4.40347831496052
0.0437977943430779	3.53787441848356
0.0438360776179135	3.98986300353331
0.0438744278774615	3.86698269515365
0.0439128452976818	3.62667261816339
0.0439513300551512	2.17325303973169
0.0439898823270658	8.81441241077858
0.0440285022912443	0.214349414604228
0.0440671901261301	4.74416749480591
0.0441059460107946	1.25939281728455
0.0441447701249395	2.63244778807592
0.0441836626489	2.3121857484636
0.044222623763647	0.801424522205106
0.0442616536507907	0.894955572619888
0.0443007524925828	2.29103707836157
0.0443399204719196	1.730363585409
0.0443791577723448	0.7187501242224
0.0444184645780522	1.86291060352616
0.044457841073889	0.103319528641376
0.0444972874453583	1.87806572758102
0.0445368038786222	0.394681561454591
0.0445763905605045	0.512222646848126
0.0446160476784942	0.629154478220038
0.0446557754207477	0.221901945170913
0.0446955739760924	0.162600022452986
0.0447354435340295	0.211626661684502
0.0447753842847366	0.35847586244487
0.0448153964190716	0.186708392767868
0.0448554801285747	1.34855616611264
0.0448956356054725	0.41698530468975
0.0449358630426802	0.402774420193341
0.0449761626338051	1.37394435558143
0.0450165345731497	0.290304719530301
0.0450569790557148	0.459387020436393
0.0450974962772027	0.940148022297547
0.0451380864340199	0.214609309252281
0.0451787497232811	2.22605220309109
0.0452194863428117	2.33662337234631
0.0452602964911512	0.230073603379238
0.0453011803675566	2.53893859858137
0.0453421381720055	1.89263321141671
0.0453831701051992	1.02078670050716
0.0454242763685663	2.2103792775551
0.0454654571642658	1.76247553525407
0.0455067126951906	1.70804886511794
0.0455480431649705	5.80286870935183
0.0455894487779758	0.536808265740695
0.0456309297393206	5.13310693908251
0.0456724862548662	3.80366368013045
0.0457141185312246	2.65199148939989
0.0457558267757617	3.34461907540497
0.0457976111966009	3.36878783742664
0.0458394720026266	3.47614824190437
0.0458814094034876	5.22446443727603
0.0459234236096004	4.64799160883104
0.0459655148321533	2.58708006850673
0.0460076832831092	10.1739158625078
0.0460499291752099	1.95038855539637
0.0460922527219789	7.25568967135965
0.0461346541377258	3.43480187814688
0.0461771336375492	6.19172004535673
0.0462196914373409	6.27407712059183
0.0462623277537891	4.99291398749515
0.0463050428043825	4.1593071082805
0.0463478368074136	8.01002480842951
0.0463907099819828	6.42731088113515
0.0464336625480017	5.14328319568418
0.0464766947261974	7.56164837926475
0.0465198067381158	4.41330513642695
0.0465629988061256	10.3853444185666
0.0466062711534222	3.36782552265427
0.0466496240040314	6.58937945140262
0.0466930575828134	5.75504647794099
0.0467365721154664	7.01594094927659
0.046780167828531	3.82216767207944
0.0468238449493937	6.9515568967145
0.046867603706291	3.44312495474423
0.0469114443283134	8.13213408155471
0.0469553670454095	4.4854430971595
0.0469993720883898	3.40020499052897
0.0470434596889307	7.31842547085513
0.047087630079579	2.99302430312912
0.0471318834937554	4.44291994910344
0.0471762201657593	2.86787462159314
0.047220640330772	3.30072136495408
0.047265144224862	3.49994303870696
0.0473097320849881	3.7446156586751
0.0473544041490043	0.86994715163321
0.047399160655664	4.48648364486807
0.0474440018446237	1.75440176720607
0.0474889279564478	1.20570100482422
0.0475339392326129	1.7462619765366
0.0475790359155119	0.675928050019567
0.0476242182484583	1.56254485210389
0.0476694864756909	0.737338606675905
0.0477148408423777	0.0814144955929034
0.0477602815946211	1.61060051419939
0.0478058089794616	0.272824622766962
0.0478514232448824	0.191516146811679
0.0478971246398145	0.226081620333753
0.0479429134141404	0.135408125190242
0.0479887898186992	0.310180366364039
0.0480347541052911	0.062783305463789
0.0480808065266818	0.849667837200594
0.0481269473366074	1.26518565424584
0.0481731767897789	0.0856758488698525
0.0482194951418867	2.39843402971864
0.0482659026496058	0.990592253151642
0.0483123995706002	2.46676067129773
0.0483589861635277	1.34500674763456
0.0484056626880447	2.66616756434181
0.0484524294048112	4.1184726123935
0.0484992865754953	3.63506946009519
0.0485462344627785	2.86743266782619
0.0485932733303602	5.80437960287175
0.0486404034429631	5.72973938515969
0.0486876250663377	6.22966722152209
0.0487349384672675	5.9676565883759
0.0487823439135741	6.8048330167984
0.0488298416741222	11.1597135926786
0.0488774320188245	6.60715162941299
0.0489251152186471	8.95077097692986
0.0489728915456146	9.13213677606842
0.0490207612728151	13.0975977369674
0.0490687246744053	9.01138731292988
0.0491167820256162	12.5917401519022
0.0491649336027579	8.88716855178222
0.0492131796832254	17.9573398028496
0.0492615205455031	11.0214257166486
0.0493099564691712	12.1064304358864
0.0493584877349102	16.2116781539883
0.0494071146245067	13.0889224837855
0.0494558374208591	15.9854477482739
0.0495046564079825	11.2479369756451
0.0495535718710148	15.9066535017947
0.0496025840962218	15.2633548924441
0.0496516933710032	16.7180275410286
0.0497008999838977	9.55619118668608
0.0497502042245891	18.6495954429185
0.0497996063839119	13.8434888677414
0.0498491067538568	13.7660251003999
0.0498987056275768	12.5025232989012
0.0499484032993925	11.982341059131
0.0499982000647984	16.2100383159982
0.0500480962204686	10.3004604314732
0.0500980920642626	9.58280455760736
0.0501481878952311	11.1396710969254
0.0501983840136226	12.1128688346888
0.0502486807208884	7.36416368562206
0.0502990783196896	8.10996900797597
0.0503495771139025	7.02843765135293
0.0504001774086252	9.15095238964068
0.0504508795101832	5.19209422463532
0.0505016837261361	4.80842186640172
0.0505525903652836	4.90521707518574
0.0506035997376716	5.07064802182664
0.0506547121545989	2.9806639450529
0.050705927928623	1.75017516332758
0.0507572473735669	3.51777940016462
0.0508086708045255	1.7862614137978
0.0508601985378717	1.2784915744057
0.0509118308912632	0.503724508589024
0.0509635681836489	1.76786637847025
0.0510154107352756	0.443743218473347
0.0510673588676943	0.341030734951931
0.0511194129037674	0.535230138488305
0.0511715731676746	1.52095328545152
0.0512238399849204	0.503382657886177
0.0512762136823404	1.52871724223986
0.0513286945881084	2.29798606949224
0.051381283031743	2.29093660395621
0.0514339793441145	1.90386353066942
0.0514867838574523	3.06774022547175
0.0515396969053511	5.56324449502666
0.0515927188227786	4.99099197064791
0.0516458499460824	4.87834802586764
0.0516990906129968	5.65228988263174
0.0517524411626503	11.7424428698011
0.0518059019355727	7.11163761911076
0.0518594732737025	9.30640985045494
0.0519131555203937	10.7347391934752
0.0519669490204236	13.8486433554189
0.0520208541200002	14.9057852771916
0.0520748711667693	10.3651150083316
0.0521290005098222	18.0023129548109
0.0521832424997032	17.4682986375914
0.0522375974884169	19.7158247909083
0.0522920658294364	13.9863547995154
0.0523466478777104	21.4382191606553
0.0524013439896712	21.2236825133827
0.0524561545232423	22.0533340044051
0.0525110798378464	17.5220540556553
0.0525661202944129	22.3907117787313
0.0526212762553864	26.5228427925648
0.052676548084734	19.1103589523683
0.0527319361479537	22.0218854298301
0.0527874408120826	18.8197131159321
0.0528430624457043	27.8264105301665
0.052898801418958	19.3202746525228
0.052954658103546	18.8767659290357
0.0530106328727422	18.721146804736
0.0530667261014004	26.0883655742958
0.053122938165963	15.627929528949
0.0531792694444686	19.3060310413096
0.0532357203165614	15.1348521516763
0.0532922911634992	19.1381053003116
0.0533489823681619	18.079367750304
0.0534057943150605	8.52542439300911
0.0534627273903458	16.9282335392013
0.0535197819818166	11.7783673894774
0.0535769584789292	11.9864152227519
0.0536342572728058	5.71019151465091
0.0536916787562435	11.2677914934596
0.0537492233237235	6.30376388089793
0.0538068913714198	8.9207696771415
0.0538646832972086	2.79901277911263
0.0539225995006772	4.81857457157644
0.0539806403831335	7.04527819621911
0.0540388063476148	1.29070960399523
0.0540970977988978	2.16908562980699
0.0541555151435072	0.840414842364883
0.0542140587897258	1.94655565493235
0.0542727291476038	0.711261745831931
0.0543315266289683	0.307141771893364
0.0543904516474329	0.163958670282579
0.0544495046184074	0.562802812674521
0.054508685959108	1.0106094833855
0.0545679960885665	0.600260309894047
0.0546274354276404	0.50174680485747
0.0546870043990231	0.626385779180325
0.0547467034272536	1.51067930913349
0.0548065329387267	3.80728900253435
0.0548664933617034	2.99141333377602
0.0549265851263206	1.41272710974354
0.0549868086646018	6.34352264356836
0.0550471644104673	5.22343084861064
0.0551076527997447	6.14409659691475
0.0551682742701793	5.07390351617959
0.0552290292614447	6.8459801408343
0.0552899182151534	11.5000083403832
0.0553509415748675	10.2305862977585
0.0554120997861097	5.7824998776888
0.0554733932963736	14.1480124356984
0.0555348225551354	14.4617859743656
0.0555963880138639	10.4478113935672
0.0556580901260326	14.590974602237
0.05571992934713	9.98045535599254
0.0557819061346713	21.2408486262237
0.0558440209482095	14.663002622024
0.0559062742493468	11.4426021087648
0.055968666501746	15.2881512652454
0.056031198171142	23.135160726142
0.0560938697253535	10.9251240084329
0.0561566816342945	19.2136366870631
0.0562196343699862	11.5164044037822
0.0562827284065687	20.079433207165
0.056345964220313	21.310778674245
0.056409342289633	7.88695280339838
0.0564728630950972	18.7968252106112
0.0565365271194416	15.6776245726642
0.0566003348475813	16.186685177781
0.0566642867666228	9.18485687338155
0.0567283833658768	16.3813170948123
0.0567926251368705	9.53684702190901
0.05685701257336	20.438098977822
0.0569215461713432	6.50600292178071
0.0569862264290724	11.1502667036807
0.0570510538470669	16.7459206490346
0.0571160289281266	7.39358619035587
0.0571811521773442	10.1127861520991
0.0572464241021187	6.02243345364543
0.0573118452121687	10.6495106654181
0.0573774160195453	9.23996857811659
0.0574431370386457	7.10473293847841
0.0575090087862266	3.44452210342104
0.0575750317814178	12.5264225139053
0.0576412065457356	5.16954179764673
0.057707533603097	4.5993751865021
0.057774013479833	4.84603567474036
0.0578406467047029	3.71439672591808
0.057907433808908	7.99343361531533
0.0579743753261061	3.47333236273786
0.0580414717924253	1.20890677051629
0.0581087237464788	6.60915889958485
0.0581761317293788	4.91377571950741
0.0582436962847513	1.82944189658995
0.0583114179587507	3.15815696650868
0.0583792973000744	1.43181257418012
0.0584473348599779	4.72723071772989
0.0585155311922892	4.81118332579345
0.0585838868534244	0.53578363807523
0.0586524024024025	2.44754683926051
0.0587210784008608	6.84578958380182
0.0587899154130698	0.988826512424573
0.0588589140059496	3.36815333048717
0.0589280747490844	1.52736921926388
0.0589973982147388	2.42677407831351
0.0590668849778737	5.94255708746581
0.0591365356161614	1.41837731213068
0.0592063507100027	1.12848145630854
0.059276330842542	4.23667703940753
0.0593464765996844	3.96814870722537
0.0594167885701113	0.36810378439938
0.0594872673452975	4.38589683241576
0.0595579135195273	0.184191259326309
0.0596287276899116	6.6955231489531
0.0596997104564043	4.67905925315148
0.0597708624218198	0.197660881316821
0.0598421841918493	4.16964874940869
0.0599136763750788	3.75534198679206
0.0599853395830059	2.78727328100574
0.0600571744300574	1.53837182341823
0.0601291815336068	3.7545133981123
0.060201361513992	1.90363265309217
0.0602737149945332	10.5895900326847
0.0603462426015507	1.44620790371132
0.060418944964383	4.7265544317665
0.0604918227154053	8.23953041590533
0.0605648764900474	3.81336629728219
0.0606381069268122	5.29289171722118
0.0607115146672948	3.70588771776673
0.0607851003562006	6.20107141153002
0.0608588646413648	9.43464925987468
0.0609328081737706	7.87913086468874
0.0610069316075692	3.44950884911982
0.0610812356000986	16.0795169966134
0.0611557208119033	6.06586823061353
0.0612303879067534	9.49826601742848
0.0613052375516649	7.66691241519047
0.0613802704169193	8.95154771279932
0.0614554871760834	15.9342865816844
0.0615308885060299	9.84036308988131
0.0616064750869574	4.89103237505495
0.0616822476024109	20.1917985420589
0.0617582067393024	11.7035851528415
0.0618343531879318	10.1247968643792
0.0619106876420075	13.6597182091534
0.0619872107986679	8.40459464290454
0.0620639233585022	21.7144299821092
0.062140826025572	12.8246105558916
0.062217919507433	7.51051904695857
0.0622952045151563	18.8552204694201
0.0623726817633504	18.6300374440665
0.0624503519701835	7.21841343081088
0.0625282158574055	18.405696983909
0.0626062741503701	7.88463643821461
0.0626845275780577	19.9155723818275
0.0627629768730981	15.8371617197916
0.062841622771793	5.08615983030486
0.0629204660141393	19.3638631413478
0.0629995073438524	16.0709039674585
0.0630787475083893	6.35427269453126
0.0631581872589724	14.5099661279477
0.0632378273506131	7.98838676242952
0.0633176685421358	14.1765068959733
0.063397711596202	13.2813575744457
0.0634779572793346	3.43706113842228
0.063558406361942	13.7104287506723
0.0636390596183436	11.5619033847969
0.0637199178267938	3.80885790847123
0.0638009817695073	6.83359514439879
0.0638822522326845	6.77518777157425
0.0639637300065369	5.05863565322891
0.0640454158853124	8.8797915971254
0.0641273106673214	0.333128399287837
0.0642094151549628	9.57914204159933
0.06429173015475	3.69698138846046
0.0643742564773375	0.894099651036637
0.0644569949375474	1.874710032105
0.0645399463543964	1.74806812145417
0.0646231115511225	1.21301142893608
0.0647064913552126	1.07212710318643
0.0647900865984296	0.605069761874152
0.0648738981168403	6.03792796872733
0.0649579267508433	1.13115928756044
0.0650421733451968	3.15338641014608
0.0651266387490473	0.74714085674823
0.0652113238159578	2.01631592802189
0.0652962294039366	1.59090533249021
0.0653813563754666	1.40139353347464
0.0654667055975341	6.09671376439364
0.0655522779416583	6.41386257493114
0.0656380742839212	0.472263148111735
0.0657240955049975	14.527020012647
0.0658103424901842	6.97265482498145
0.0658968161294317	8.62198495138341
0.0659835173173739	10.8255972575631
0.0660704469533593	6.75011325449046
0.0661576059414821	22.0885040728573
0.0662449951906132	14.7730407448453
0.0663326156144322	8.58845303339602
0.0664204681314592	24.7235221060887
0.0665085536650867	25.0135872324209
0.066596873143612	13.8144208686415
0.0666854275002699	29.6349165053948
0.0667742176732655	15.530989208573
0.0668632446058075	37.250042067806
0.0669525092461413	32.2207987604164
0.0670420125475829	15.7500247790657
0.0671317554685526	42.995693274159
0.0672217389726096	36.9280173741564
0.0673119640284862	24.0529731365137
0.0674024316101226	40.1032255886467
0.0674931426967018	27.4223976764984
0.0675840982726854	46.5162008704508
0.0676752993278487	38.8862554840023
0.0677667468573169	24.8766672103764
0.0678584418616011	43.6599832954053
0.0679503853466351	47.7289035224184
0.0680425783238117	25.9498142735205
0.0681350218100203	40.3378141730097
0.0682277168276839	34.0715730177647
0.068320664404797	39.6336390943481
0.0684138655749636	42.6292698092959
0.0685073213774354	19.3802869170875
0.0686010328571505	42.726480692829
0.0686950010647723	33.6580261800981
0.0687892270567289	25.4111297082945
0.0688837118952525	23.5214306017785
0.0689784566484194	27.3479951816386
0.0690734623901903	22.7826838088128
0.0691687302004508	28.9569054550403
0.0692642611650524	6.84923804936226
0.0693600563758536	30.402526125572
0.0694561169307618	18.0612739645324
0.0695524439337747	9.93895526077714
0.0696490384950234	10.9743640016808
0.0697459017308141	8.26702050550192
0.0698430347636719	10.1106057953414
0.0699404387223838	6.30270525823484
0.0700381147420424	1.20056110362939
0.0701360639640901	7.34777018582578
0.0702342875363636	8.00186169993716
0.0703327866131385	0.782179278823897
0.0704315623551749	4.27449381760695
0.0705306159297626	0.221962852387069
0.0706299485107673	2.51128558449867
0.0707295612786771	0.0662613742298753
0.0708294554206488	3.71312536696594
0.0709296321305557	4.63001134028558
0.0710300926090345	0.168832345171485
0.0711308380635338	8.23024368540805
0.0712318697083623	9.98396652375794
0.0713331887647372	4.07012871972817
0.0714347964608342	13.1508828048342
0.0715366940318365	5.53998299298674
0.0716388827199849	21.6864651726184
0.0717413637746286	20.0163486597595
0.0718441384522759	7.96478580015983
0.0719472080166455	29.0156691181707
0.0720505737387185	30.4567691382879
0.0721542368967904	18.6864768546373
0.072258198776524	33.3402040223545
0.0723624606710024	22.4669202709616
0.0724670238807828	46.8648724534245
0.0725718897139504	36.8084857516485
0.072677059486173	29.0597585885042
0.0727825345207559	41.9932840100605
0.0728883161486978	58.4899151137009
0.0729944057087463	31.9167566940603
0.0731008045474546	49.6337545568729
0.0732075140192387	39.6858448080865
0.0733145354864344	56.559755148343
0.0734218703193555	53.7491393855321
0.0735295198963526	33.8448528395371
0.0736374856038713	56.3760975492899
0.0737457688365128	54.3461641262128
0.0738543709970929	48.0553009486036
0.0739632934967032	39.9481138376169
0.0740725377547723	51.637905950356
0.0741821051991268	45.7076593322811
0.0742919972660543	60.5909758792477
0.0744022154003655	20.4510247739212
0.0745127610554581	58.8779061606742
0.0746236356933802	40.0420601473302
0.074734840784895	38.4985354194599
0.0748463778095457	29.9368298434452
0.0749582482557213	34.0355665189112
0.0750704536207228	32.418882247188
0.0751829954108297	32.2276142917599
0.0752958751413678	15.2705581858578
0.0754090943367768	26.9261554230095
0.0755226545306793	36.8805095908548
0.07563655726595	7.29699917081169
0.0757508040947852	22.9704735808548
0.0758653965787739	7.17634282903283
0.0759803362889682	18.4342049961584
0.0760956248059559	10.2083840878308
0.0762112637199325	4.23751996262122
0.0763272546307743	5.22496241887294
0.0764435991481123	13.3191432515635
0.0765602988914066	1.87762045210825
0.0766773554900217	3.10255945889135
0.0767947705833021	1.96358619627792
0.0769125458206489	1.07017891191706
0.0770306828615972	1.87451512728842
0.0771491833758937	0.779800499590139
0.0772680490435759	1.09178160107905
0.0773872815550508	0.51275179777576
0.0775068826111756	5.00223705030247
0.0776268539233386	5.51715620247043
0.0777471972135402	0.901464287569685
0.077867914214476	5.62407031623081
0.0779890066696196	2.28635412920861
0.0781104763333065	14.6735674748803
0.0782323249708191	7.24999629794326
0.0783545543584719	7.13574234834523
0.0784771662836979	10.0336110420107
0.0786001625451359	26.1975095039873
0.0787235449527184	8.7211075815453
0.0788473153277602	18.6903257148541
0.0789714755030481	13.6661090084864
0.0790960273229314	30.1282599961737
0.0792209726434135	23.2911447877866
0.0793463133322434	17.0287689107509
0.0794720512690095	26.055490744459
0.079598188345233	33.1891841815217
0.0797247264644633	30.1116288177613
0.0798516675423731	21.263317868234
0.0799790135068556	33.16610848513
0.0801067662981219	32.2562082346431
0.0802349278687996	43.529057780536
0.0803635001840322	13.9755515201001
0.0804924852215795	48.0417125401869
0.0806218849719192	29.9847761486297
0.0807517014383491	40.3292070087608
0.0808819366370906	21.0873425762089
0.0810125925973931	36.6734562751877
0.0811436713616392	33.1833336286106
0.0812751749854515	40.3882699413188
0.0814071055377995	18.0253359292015
0.0815394651011087	33.9456867357543
0.0816722557713697	44.3821647646756
0.0818054796582492	18.3787743485101
0.0819391388852014	31.1655701202931
0.082073235589581	16.6726033873136
0.0822077719227573	35.5205512127404
0.0823427500502288	22.1801115233067
0.0824781721517398	19.3284278538185
0.0826140404213974	12.5426937200666
0.0827503570677905	38.5901567616926
0.0828871243141088	12.861624716494
0.0830243443982642	15.2226533285146
0.0831620195730127	12.694025153842
0.0833001521060775	16.4305939019127
0.0834387442802738	15.8319229351773
0.0835777983936345	8.68204769500235
0.0837173167595368	4.94337969061863
0.0838573017068313	16.6565338231568
0.0839977555799706	16.6637587269976
0.0841386807391412	1.37970720518938
0.0842800795603948	9.54389833893567
0.0844219544357825	4.06343322528345
0.0845643077734892	11.9213313911951
0.0847071419979702	2.93537077421978
0.0848504595500887	4.21070890998393
0.0849942628872549	2.09137717270604
0.0851385544835663	12.2319037958594
0.0852833368299499	6.19413998208104
0.0854286124343051	1.82198652270877
0.085574383821649	5.71469486116968
0.0857206535342623	4.20348333775275
0.0858674241318372	9.201933882681
0.0860146981916267	0.372416298336566
0.0861624783085958	6.65610300174848
0.0863107670955734	3.03307483257658
0.0864595671834064	12.792939796156
0.0866088812211157	2.84089987118782
0.0867587118760528	6.09978814496217
0.0869090618340591	7.60033959808621
0.0870599337996261	9.29024338608723
0.0872113304960578	7.69124908675082
0.0873632546656344	2.71734907403935
0.0875157090697778	13.8576196015069
0.0876686964892191	6.35667039773967
0.0878222197241677	11.9069268394675
0.0879762815944819	1.33162521980758
0.0881308849398416	13.5518799684046
0.0882860326199231	8.62450988372976
0.0884417275145749	14.1055518893953
0.0885979725239965	2.09023065292264
0.0887547705689178	14.7721347534128
0.0889121245907817	14.9384933456156
0.0890700375519276	8.406950674166
0.0892285124357775	7.72480911760172
0.089387552247024	8.92010213758646
0.08954716001182	17.7977434302107
0.0897073387779705	10.1580244241301
0.0898680916151271	10.9201835519571
0.0900294216149835	5.67951472585257
0.0901913318914743	27.4984888389482
0.0903538255809748	10.149096232749
0.0905169058425039	10.2660673157836
0.0906805758579287	6.9955854759184
0.0908448388321712	21.1165692099535
0.0910096979934179	13.7292078868043
0.0911751565933312	15.4085494276764
0.0913412179072628	7.40879519623828
0.0915078852344704	24.2169666996112
0.0916751618983356	30.9216147354359
0.0918430512465855	5.84298409933317
0.0920115566515152	17.6568566438181
0.0921806815102143	16.9436675301311
0.0923504292447949	29.9942975432578
0.0925208033026223	9.03375852564462
0.0926918071565488	22.3148896294765
0.092863444305149	10.0946274960854
0.0930357182729591	44.7187577744456
0.0932086326107176	16.8290346230404
0.0933821908956096	15.5915035937236
0.0935563967315134	27.1702439417795
0.0937312537492499	26.5838968815028
0.0939067656068346	21.7023294009969
0.0940829359897334	14.8109360679914
0.0942597686111197	26.8404245194804
0.0944372672121361	23.9831149141657
0.0946154355621573	35.6440363315689
0.0947942774590581	5.24563355122933
0.0949737967294821	38.2768363105805
0.0951539972291153	23.9106170133703
0.0953348828429622	20.7237274658718
0.0955164574856245	11.4391030829122
0.0956987251015839	23.3491897877332
0.0958816896654877	22.9534873568084
0.0960653551824374	20.9543809813179
0.0962497256882815	7.05924553657892
0.0964348052499105	21.4388018104044
0.0966205979655564	22.7765152917454
0.096807107965095	10.9644467372412
0.0969943394103517	6.97982717789258
0.0971822964954117	11.622779249257
0.0973709834469325	17.6701158144395
0.097560404524461	7.64363827528734
0.0977505640207541	3.05104317038395
0.0979414662621028	7.56550384161909
0.0981331156086605	14.537858989501
0.0983255164547749	1.23729477537319
0.0985186732293236	3.34662940179709
0.0987125903960544	1.22629803618599
0.0989072724539287	9.6714896074816
0.0991027239374699	2.29797642063958
0.0992989494171149	0.250191980187129
0.0994959534995709	1.44363984465477
0.0996937408281756	3.08183037701338
0.099892316083262	2.94554273784531
0.100091683982528	1.71859073834577
0.100291849281409	1.54148237400197
0.100492816773457	3.49602055451891
0.100694591290723	5.60110782302818
0.100897177704145	14.6870029402059
0.101100580923938	2.25477553789886
0.101304805899992	1.64051827415227
0.101509857622273	7.82525650404784
0.101715741121233	16.2107501443193
0.101922461468213	2.84936367531552
0.102130023775869	15.4133289452556
0.102338433198587	2.32350398327036
0.102547694932913	40.2257549810314
0.102757814217982	19.2958095412331
0.102968796335958	8.83219366067606
0.103180646612476	28.4188961132733
0.103393370417089	28.672478922873
0.103606973163722	20.0777159314283
0.103821460311132	20.7095606461754
0.104036837363373	26.6074442130742
0.104253109870267	35.7318206825229
0.104470283427879	49.4043332930684
0.104688363679	8.93016932443214
0.104907356313639	57.5771854246837
0.105127267069514	39.8363095868129
0.105348101732555	32.1491960013937
0.105569866137409	29.977891076722
0.10579256616796	40.9791377095465
0.106016207757842	52.5924972927866
0.106240796890969	46.5803882065708
0.106466339602071	20.8397717775744
0.106692841977231	61.8148265185285
0.106920310154435	55.4260304175605
0.107148750324125	35.0141805771485
0.107378168729759	37.2282268731441
0.107608571668385	46.6257322598738
0.107839965491211	56.2933966896783
0.108072356604193	43.5330630866923
0.108305751468626	23.0166527239658
0.108540156601738	62.5151998411696
0.108775578577302	54.3618517793564
0.10901202402625	29.4385171707852
0.109249499637291	37.2496231903726
0.109488012157549	36.70333698348
0.109727568393193	53.3395807927793
0.109968175210094	32.7847405985888
0.110209839534473	17.4153137467093
0.110452568353572	50.4438167888725
0.11069636871632	48.4398436355809
0.110941247734025	10.7116959288769
0.111187212581055	37.3661345065724
0.111434270495548	14.0736895219911
0.111682428780115	44.5588495969752
0.111931694802563	17.3580816541624
0.112182075996625	9.75013323643563
0.112433579862696	30.5584589481415
0.112686213968583	25.8250272726311
0.112939985950265	1.62067270593224
0.113194903512664	19.2372306412733
0.113450974430419	9.16651247643822
0.113708206548683	11.255467615392
0.113966607783919	11.2015050994083
0.114226186124716	6.44976641814212
0.114486949632611	22.2302357097701
0.114748906442921	3.48122322061648
0.115012064765594	2.79869197951588
0.11527643288606	10.7503231115328
0.11554201916611	3.01845712311518
0.115808832044767	3.75572183888008
0.116076880039187	2.08304228329251
0.116346171745565	15.1580921102829
0.116616715840048	25.0505385431698
0.116888521079676	0.130263220612312
0.117161596303317	28.6376736109943
0.117435950432634	21.5495633555488
0.11771159247305	9.8024947978603
0.117988531514736	18.1189666035012
0.118266776733613	19.8765877782879
0.11854633739236	41.5084468089587
0.118827222841444	37.0972777101806
0.119109442520165	11.4248116547353
0.119393005957711	59.3938028280288
0.11967792277423	55.3610135244137
0.119964202681919	30.8181333009143
0.12025185548613	45.9990473285257
0.120540891086483	49.857146616569
0.120831319478008	73.4707219128898
0.121123150752296	61.3870194862536
0.121416395098663	31.9807405279872
0.121711062805342	96.7862539989736
0.122007164260685	74.1121640195547
0.12230470995438	49.6844058997813
0.122603710478694	71.9865978923692
0.122904176529726	77.5149716788824
0.123206118908689	85.185881952995
0.123509548523196	92.6708831753534
0.123814476388579	39.4650015714513
0.124120913629221	119.731571000891
0.124428871479907	104.879606191159
0.1247383612872	52.593502488405
0.125049394510831	95.8644692849626
0.125361982725118	62.6615093414914
0.125676137620397	100.286146911423
0.125991871004482	74.5897172886201
0.126309194804145	40.4588279225086
0.126628121066614	99.4993270545875
0.126948661961103	111.756212117291
0.127270829780356	23.843540075425
0.12759463694222	83.0756085295717
0.12792009599124	47.3195389600458
0.128247219600279	65.0681238803024
0.128576020572163	64.1740716085236
0.128906511841352	16.0862470641204
0.129238706475634	60.5724267333883
0.129572617677851	63.5367699651305
0.129908258787644	9.85684376717798
0.130245643283232	29.6916296780281
0.130584784783216	34.6137935531371
0.130925697048411	12.0943573937557
0.131268393983707	25.5606372477261
0.131612889639959	0.410619713943399
0.131959198215911	18.2249591674829
0.132307334060141	19.6475393918198
0.132657311673047	2.50370358690315
0.133009145708859	2.38680732094478
0.133362850977683	4.90977347850528
0.133718442447582	1.67809674668209
0.134075935246686	0.698035133430306
0.134435344665336	12.9224059593174
0.134796686158267	7.3157232370774
0.13515997534682	6.00292343848304
0.135525228021196	30.7265840794991
0.135892460142741	16.0080124759932
0.136261687846275	7.44562681006989
0.13663292744245	20.7588285424851
0.137006195420157	19.4286694544465
0.137381508448962	49.4825224357862
0.137758883381594	35.3794469011546
0.138138337256462	18.3349826093371
0.138519887300219	86.1835410968837
0.138903550930376	54.0594967727869
0.139289345757943	36.5465642723193
0.139677289590131	55.0024846397587
0.140067400433088	60.4193794905761
0.140459696494687	85.0823597535763
0.140854196187358	90.5337483981646
0.141250918130967	26.6465990352106
0.141649881155749	151.417630882084
0.142051104305284	89.4309882852511
0.14245460683953	61.1694968188504
0.142860408237902	88.1363741668084
0.143268528202409	81.4560004622129
0.143678986660842	105.598188678458
0.144091803770018	104.300450942866
0.144506999919076	41.4978621766776
0.14492459573284	128.492968824397
0.14534461207523	155.624896232413
0.145767070052738	28.7052906217015
0.146191991017964	128.276420576033
0.146619396573211	56.9331372389166
0.147049308574151	104.840873581519
0.147481749133544	77.3749064429838
0.147916740625037	43.0131203748546
0.148354305687014	63.249950987359
0.14879446722653	128.263496660557
0.149237248423308	27.4588784858673
0.149682672733804	67.8689243896932
0.150130763895352	73.3825694864805
0.150581545930383	28.9043207260853
0.151035043150711	80.3653892904325
0.151491280161913	6.12508738870964
0.151950281867772	44.4646138516648
0.152412073474812	43.9245838808428
0.15287668049691	24.7094569950719
0.153344128759998	3.93712499308339
0.153814444406845	43.0400479002448
0.154287653901934	10.7234792154564
0.154763784036425	23.7605920478352
0.155242861933208	21.6522095102593
0.155724915052058	5.55083813078253
0.156209971194881	41.923034163354
0.156698058511055	17.0852623130604
0.157189205502879	2.27429110300644
0.157683441031123	6.8300784387929
0.158180794320676	14.8004197206269
0.158681294966312	8.79147387436964
0.159184972938554	27.1168254743876
0.159691858589665	5.98875292225005
0.160201982659737	20.7898271168603
0.16071537628291	47.288082953519
0.161232070993705	13.0141918878361
0.161752098733481	11.5248235586205
0.162275491857015	26.6721455279156
0.162802283139218	18.0073841696827
0.16333250578197	41.8747956628827
0.1638661934211	37.3689222490778
0.164403380133495	11.5411171322565
0.164944100444359	89.5232320542845
0.165488389334604	26.2519123169556
0.166036282248396	21.8240812274235
0.166587815100852	32.9586625076857
0.167143024285881	44.0319691546145
0.167701946684197	34.8752618209939
0.16826461967148	53.6722549535178
0.168831081126711	4.52500671890203
0.16940136944067	96.2726685742769
0.169975523524612	98.0674615681866
0.170553582819114	5.94404638569823
0.171135587303108	69.8242268453523
0.171721577503099	12.8549567335424
0.17231159450257	59.3456109339397
0.172905679951586	23.1689760888026
0.173503876076591	22.1489137508954
0.174106225690418	15.7412517747978
0.174712772202499	97.5878703049802
0.175323559629295	21.4234802600069
0.175938632604947	49.6440045848004
0.176558036392142	47.4707980718131
0.177181816893223	15.461017533576
0.177810020661524	63.7124599419523
0.178442694912955	0.682591540561222
0.17907988753783	33.6386966951043
0.179721647112951	23.3946775424242
0.180368022913953	32.9135395331022
0.181019064927918	0.0111971531778311
0.181674823866258	47.4981702100435
0.182335351177886	17.8448005185501
0.18300069906267	34.5673073477497
0.183670920485185	37.6139858670695
0.184346069188766	12.7494831231471
0.185026199709878	71.7754712579511
0.185711367392798	14.8474585022184
0.186401628404625	10.6862984079477
0.187097039750637	10.3829001719096
0.187797659289974	26.0755463081714
0.188503545751695	10.4016780959292
0.189214758751182	31.1006177483294
0.189931358806927	0.362123492731743
0.190653407357696	43.6542354400287
0.191380966780091	38.5419156534822
0.192114100406513	0.453315063714648
0.192852872543536	20.7000363200384
0.193597348490715	14.9505634286895
0.194347594559822	10.4494503863989
0.195103678094539	24.4908626167967
0.195865667490608	0.778248168937951
0.196633632216454	38.8764711353071
0.197407642834299	31.4009446099926
0.198187771021776	0.241683848269197
0.198974089594053	10.8017107103211
0.199766672526489	11.073685287922
0.200565594977837	5.12254251760157
0.201370933314001	9.58786463103186
0.202182765132369	4.8493511683916
0.203001169286735	27.5999373382655
0.203826225912835	47.7094098168569
0.204658016454504	17.3152106125622
0.205496623690472	40.7146103691569
0.206342131761831	1.68727470962362
0.207194626200174	17.6900352305217
0.208054193956441	1.52591058682252
0.208920923430481	9.25615499036215
0.209794904501359	1.73459568517233
0.210676228558426	31.3165125907222
0.211564988533177	16.5386957550156
0.212461278931914	71.4155578205122
0.213365195869249	25.1232065912505
0.214276837102462	29.4666167057116
0.215196302066745	19.7609319352117
0.216123691911354	24.5376664073733
0.217059109536709	38.9571694784975
0.218002659632447	0.368902142864263
0.218954448716489	3.69872268105835
0.219914585175117	19.4663203003111
0.220883179304129	35.3086154261986
0.221860343351067	11.9940090361264
0.222846191558586	33.0570591083316
0.223840840208977	6.60099261744265
0.224844407669892	55.9160725197746
0.225857014441297	15.2973009773865
0.226878783203709	33.3029392746257
0.227909838867743	9.23333661503334
0.228950308625015	4.88474706845124
0.23000032200045	0.0951257956329844
0.231060010906032	14.1483033298708
0.232129509696049	1.23773892854866
0.23320895522388	17.2275618070632
0.234298486900371	2.64850837572662
0.235398246753858	34.9963609109048
0.236508379491885	26.0789448038405
0.237629032564682	3.43411330713945
0.238760356230451	20.2588362761637
0.239902503622527	7.52828980218829
0.24105563081848	18.2643526047073
0.242219896911211	16.5783089456687
0.243395464082131	6.46281348776399
0.244582497676466	63.3888224992518
0.24578116628079	23.094195884914
0.246991641802841	17.6228836995479
0.24821409955371	41.5356450762691
0.249448718332485	42.9971454881499
0.250695680513424	23.1258907429289
0.251955172135773	65.7226990355613
0.253227382996287	13.5439945441564
0.254512506744581	137.803601803683
0.255810740981392	73.2559273556053
0.257122287359868	47.2702450648477
0.258447351689987	124.334886164845
0.259786144046221	38.7842263082187
0.261138878878565	113.960518434587
0.262505775127052	38.4752731966833
0.263887056339886	116.760681428876
0.265282950795318	64.2328610258131
0.266693691627418	166.465473781855
0.268119516955878	9.79918622744222
0.269560670020001	216.413907751873
0.271017399317036	87.2455059049414
0.27248995874502	118.560253971992
0.273978607750306	116.867179683609
0.275483611479952	64.2256057840882
0.277005240939158	184.552227126641
0.278543773153951	49.6615708645967
0.280099491339323	89.9562892327304
0.281672685073037	54.3195116054553
0.283263650475316	169.066158194206
0.284872690394662	8.47822414306636
0.286500114600045	132.259675611835
0.288146239979714	13.8415355271762
0.289811390746901	132.875984498919
0.291495898652705	77.6431524727475
0.293200103206436	29.9853381746328
0.294924351903736	54.6766683526393
0.296669000462803	24.8848920268655
0.298434413069039	32.3505876659903
0.300220962628494	11.3058134726838
0.302029031030462	23.3612713372165
0.303859009419629	5.38125262486309
0.305711298478169	36.6495495914176
0.307586308718226	10.8327541740836
0.309484460785223	22.6306792955546
0.311406185772474	10.5923257395401
0.313351925547582	3.61580107820633
0.315322133091165	1.00076057350411
0.31731727284843	8.67070732506286
0.319337821094178	4.28829876946623
0.321384266311858	10.4981699182475
0.323457109587268	54.8408409459705
0.325556865017612	18.4570652508783
0.327684060136578	22.7728252445828
0.329839236356199	62.6674951901507
0.332022949426264	69.8294323941137
0.334235769912095	43.3199467718039
0.33647828369157	96.516787684318
0.338751092472273	38.6733399687425
0.341054814329758	213.520335768656
0.343390084267926	91.6851457235007
0.345757554802572	87.8173918983973
0.348157896569251	175.681910044696
0.350591798956638	101.031995915139
0.353059970766634	146.910466572915
0.355563140902561	107.464356395273
0.358102059086839	166.065917001012
0.360677496609631	113.027376651
0.363290247110025	275.192511038266
0.365941127391425	59.6591441494262
0.368630978272889	299.35602761613
0.371360665478312	138.243941679635
0.374131080565386	165.806298710961
0.376943141896476	163.735156765989
0.379797795653593	159.718820700542
0.382696016899855	265.131107324256
0.385638810689907	127.406660004383
0.388627213231979	199.254843158426
0.391662293104393	128.435103200059
0.394745152529526	256.568525070124
0.397876928708411	48.6598623102221
0.401058795219378	256.872229735309
0.404291963484349	64.4906733184337
0.407577684306628	213.517563089979
0.410917249484298	140.16326233936
0.414311993503587	83.0246099200004
0.417763295316873	120.396638211283
0.421272580210299	85.0715356098588
0.42484132176632	93.9428333360228
0.428471043926851	42.2580607843278
0.432163323163089	75.5434364634243
0.4359197907585	23.3271055007932
0.439742135211911	96.3011056477833
0.443632104768157	6.0866080630012
0.447591510084236	55.3784536753404
0.451622227039525	23.5525054992247
0.45572619969922	4.74435862076426
0.459905443440828	9.97955032998375
0.464162048254286	2.11373597898437
0.468498182227052	2.73719861550607
0.472916095226384	7.34315712961986
0.477418122791941	16.7881275206095
0.48200669025286	4.97235906311291
0.486684317084566	11.8716030619777
0.491453621521736	33.0917555455405
0.496317325445196	26.2656249568723
0.501278259561882	26.7150266923455
0.50633936889861	49.3835859869154
0.511503718632034	26.1696183261163
0.516774500279058	121.762766938372
0.522155038273964	52.585580194494
0.527648796960742	64.4229866649844
0.533259388031526	97.4866554386424
0.538990578444688	73.4813790624925
0.544846298859091	102.932522655027
0.550830652624157	87.6856347668627
0.556947925368977	112.025912683523
0.563202595237558	90.2081963206826
0.569599343821555	200.527832451976
0.576143067846607	54.006251594543
0.582838891673563	199.758862140386
0.589692180681684	94.2188456454121
0.59670855560727	180.424056330265
0.603893907918256	130.166624266217
0.611254416313157	118.299231337632
0.618796564441474	179.853013521421
0.626527159952383	101.556397227424
0.634453354989341	150.212769960439
0.642582668260271	92.4776143984512
0.650923008826515	185.422851520925
0.659482701768732	56.123337354884
0.668270515904838	200.985741739571
0.677295693753979	62.7152065652858
0.686567983961771	158.524082859437
0.696097676425956	97.5790873659887
0.705895640388525	78.9533145090989
0.715973365790792	77.2455523957378
0.726343008222203	77.0877006246186
0.737017437832579	84.5646761621758
0.748010292621626	45.0374172872708
0.759336036569623	72.5427896771473
0.7710100231303	33.2856553794947
0.783048564671981	71.8105416828173
0.795469008527428	13.823026637463
0.808289820398002	42.4818693702129
0.82153067595544	30.5697804397058
0.835212561596926	14.9436597540287
0.849357885438608	15.6622324427667
0.863990599782274	7.09770883267368
0.879136336463059	9.04998281546714
0.894822556687009	7.52300356499469
0.911078717201166	4.97752539410935
0.927936454911568	0.364417629661887
0.945429792383618	6.33813181013529
0.963595367033476	6.09906060416231
0.982472687259295	2.10310622175316
1.00210441928049	5.54875255307577
1.02253670906786	5.50084622019466
1.04381954447715	4.26017920114248
1.06600716356814	21.2303803419091
1.08915851613044	6.78294051295742
1.11333778668448	13.2452617621664
1.13861498872771	17.9893608438039
1.16506664181191	17.287784463102
1.19277654524201	20.6125435888169
1.22183666487464	20.9275036854029
1.25234815278647	21.1956312236498
1.28442252363337	23.9061968861948
1.31818301653002	40.3881734271172
1.35376617750582	14.4160336780139
1.39132370537329	50.536732683129
1.43102461362335	26.5921194214557
1.47305777332587	37.1194512879556
1.51763491774419	27.0206698317617
1.56499420952142	30.1618988535227
1.61540449728612	32.0816659219192
1.66917042230012	25.7445600418936
1.72663858001243	41.8242717345854
1.78820499982118	27.7255895059566
1.85432428423082	35.5443123483186
1.92552085339084	13.5289589068529
2.00240288346015	38.8744245688057
2.08567972302173	17.420639889472
2.17618384401114	31.814137108848
2.27489876700487	14.2706133536215
2.38299494805071	21.5907766428513
2.50187640730548	11.5472880206251
2.63324204760901	14.3320165459029
2.7791673614585	10.4682684434281
2.94221489937625	7.93303714281235
3.12558604738388	8.86815484035762
3.33333333333333	3.71572945556842
