0.00999800999609142	0.0186580315251949
0.010000000000001	0.049981989872942
0.0100019907962491	0.121259089554335
0.010003982385309	0.131396106336065
0.0100059747676543	0.0512845285130278
0.0100079679437591	0.00565485890609524
0.0100099619140979	0.0880149655858816
0.0100119566791455	0.156525322737722
0.0100139522393771	0.0881761138288892
0.0100159485952683	0.00548815502772062
0.0100179457472949	0.0313308682014243
0.0100199436959334	0.114025397278609
0.0100219424416605	0.155085604383255
0.0100239419849533	0.101405295170856
0.0100259423262892	0.0142344017528476
0.0100279434661461	0.0148451103015202
0.0100299454050022	0.0684803959230387
0.0100319481433362	0.0476725884655722
0.0100339516816271	0.00288282144271142
0.0100359560203543	0.0491532991608895
0.0100379611599975	0.147773723561779
0.0100399671010368	0.206763994162756
0.0100419738439529	0.183191931544254
0.0100439813892267	0.0915183576201439
0.0100459897373394	0.0329322476065781
0.0100479988887727	0.0604364468684932
0.0100500088440088	0.0923994294281233
0.0100520196035301	0.0933727158527581
0.0100540311678194	0.116045430659801
0.01005604353736	0.130890011006178
0.0100580567126354	0.097854163165327
0.0100600706941298	0.054386399868102
0.0100620854823275	0.0234196214422329
0.0100641010777133	0.00334740822021373
0.0100661174807723	0.015008894633255
0.0100681346919902	0.043005909946974
0.0100701527118529	0.074585966018649
0.0100721715408467	0.136332201140114
0.0100741911794583	0.176795173605116
0.010076211628175	0.121968580216286
0.0100782328874841	0.0351500169862874
0.0100802549578736	0.00232699129286341
0.0100822778398319	0.00320758153365978
0.0100843015338475	0.00366327452542612
0.0100863260404096	0.0106668106721404
0.0100883513600077	0.0439944637774762
0.0100903774931315	0.128799765280693
0.0100924044402714	0.206801590582896
0.0100944322019181	0.174036358028589
0.0100964607785626	0.0648521433872465
0.0100984901706962	0.0332143594353768
0.010100520378811	0.0892540581868595
0.010102551403399	0.124424220646249
0.010104583244953	0.0896479700668302
0.0101066159039659	0.0225950156804542
0.0101086493809312	0.00641504273681654
0.0101106836763427	0.0614724545380756
0.0101127187906946	0.0848586331757498
0.0101147547244816	0.0307002336655108
0.0101167914781986	0.00850902828038864
0.0101188290523411	0.0789938098326346
0.0101208674474049	0.152383132251399
0.0101229066638862	0.15180393747962
0.0101249467022816	0.0870856596618727
0.0101269875630881	0.0270914160368214
0.0101290292468032	0.0312340696764169
0.0101310717539246	0.0558623135256712
0.0101331150849506	0.0289471852228807
0.0101351592403798	0.000846296252362529
0.0101372042207112	0.0508035783807592
0.0101392500264442	0.135969201517427
0.0101412966580787	0.177612051329483
0.0101433441161149	0.158489863060017
0.0101453924010534	0.104310436562723
0.0101474415133953	0.0686646209470154
0.0101494914536421	0.0789514495171972
0.0101515422222955	0.0936331123704377
0.0101535938198578	0.0924114056045795
0.0101556462468317	0.0977459832094509
0.0101576995037202	0.0936329720622459
0.0101597535910269	0.0586311995624879
0.0101618085092556	0.0246957163160785
0.0101638642589106	0.0118382078488018
0.0101659208404966	0.00713465399783935
0.0101679782545187	0.0159703208715376
0.0101700365014825	0.043016983801184
0.0101720955818937	0.0795499724295848
0.0101741554962589	0.114077539899949
0.0101762162450847	0.115688549871425
0.0101782778288783	0.061631281422331
0.0101803402481472	0.0119227193919307
0.0101824035033995	0.0131558920622683
0.0101844675951435	0.0264692686814726
0.0101865325238881	0.0141254490307348
0.0101885982901423	0.00487580162142922
0.010190664894416	0.0373960668035101
0.010192732337219	0.109333866323658
0.010194800619062	0.164859081754918
0.0101968697404556	0.149699541344146
0.0101989397019113	0.109784658775421
0.0102010105039408	0.129266323874409
0.010203082147056	0.187769703602891
0.0102051546317697	0.196494736812812
0.0102072279585947	0.132088257460486
0.0102093021280443	0.0545710844675229
0.0102113771406325	0.0214676388875513
0.0102134529968733	0.0306666846649973
0.0102155296972814	0.035247862158586
0.0102176072423718	0.031814171381583
0.0102196856326601	0.0816058252285345
0.010221764868662	0.189934832006256
0.0102238449508939	0.271761725604253
0.0102259258798724	0.260570032534657
0.0102280076561148	0.188224919708014
0.0102300902801386	0.111739517127335
0.0102321737524617	0.0674609261992093
0.0102342580736026	0.0385942136031596
0.01023634324408	0.00800691244397588
0.0102384292644133	0.00815035715858251
0.0102405161351221	0.0693091361009965
0.0102426038567265	0.152865227725118
0.010244692429747	0.198642409263415
0.0102467818547046	0.194981538843062
0.0102488721321207	0.165676518414086
0.0102509632625169	0.133651706484578
0.0102530552464156	0.108896594170416
0.0102551480843394	0.0865460199639579
0.0102572417768113	0.0706768250512419
0.010259336324355	0.0699725447836245
0.0102614317274942	0.0721676385024697
0.0102635279867534	0.0571380226374452
0.0102656251026573	0.0333595852277652
0.0102677230757312	0.0208116289104329
0.0102698219065006	0.0221035979816053
0.0102719215954918	0.0323463421485181
0.0102740221432311	0.0502963635879271
0.0102761235502455	0.0750810324289185
0.0102782258170624	0.102543875959182
0.0102803289442096	0.116953733062017
0.0102824329322153	0.104286813046922
0.0102845377816082	0.0760621190372108
0.0102866434929173	0.0543795472402567
0.0102887500666722	0.0437707372945966
0.0102908575034028	0.0320868556218128
0.0102929658036396	0.0217446157998852
0.0102950749679134	0.0308560526587652
0.0102971849967554	0.0734763050585626
0.0102992958906973	0.144747473973426
0.0103014076502714	0.215554047721758
0.0103035202760101	0.267203596738775
0.0103056337684465	0.29422008640135
0.010307748128114	0.300143804366615
0.0103098633555465	0.279667806633175
0.0103119794512784	0.215333319746031
0.0103140964158443	0.124788783974904
0.0103162142497795	0.0405618149690524
0.0103183329536197	0.00542413470621103
0.010320452527901	0.0406354218560226
0.0103225729731597	0.129489811861309
0.010324694289933	0.235091120103263
0.0103268164787582	0.331952966929875
0.0103289395401732	0.406242329480966
0.0103310634747162	0.427292928059197
0.0103331882829261	0.371205323475752
0.0103353139653419	0.252943814278914
0.0103374405225033	0.115884779829279
0.0103395679549503	0.0220173261539642
0.0103416962632235	0.00266108603155299
0.0103438254478639	0.0380181776291471
0.0103459555094127	0.0975269296491185
0.010348086448412	0.170020641171911
0.0103502182654038	0.244149807255887
0.0103523509609311	0.289315864404778
0.010354484535537	0.282742020019856
0.0103566189897651	0.225952682532474
0.0103587543241595	0.141115623547806
0.0103608905392647	0.0737817583190854
0.0103630276356257	0.0427285070546956
0.010365165613788	0.0425925539749742
0.0103673044742974	0.059824909112471
0.0103694442177003	0.0784348488294438
0.0103715848445434	0.0813871239995289
0.010373726355374	0.0727372004473949
0.0103758687507398	0.06617200406188
0.0103780120311889	0.0604917958932727
0.0103801561972699	0.0551912341841692
0.0103823012495318	0.0625192590564762
0.0103844471885241	0.0973668632964726
0.0103865940147969	0.160465766917037
0.0103887417289004	0.208058563184212
0.0103908903313857	0.190500764788173
0.0103930398228039	0.11293546716711
0.0103951902037069	0.0452498230783638
0.0103973414746468	0.0269003259384545
0.0103994936361765	0.0263981614240339
0.010401646688849	0.016007064939804
0.010403800633218	0.0332589574546617
0.0104059554698374	0.141895447362539
0.0104081111992619	0.322688237316878
0.0104102678220464	0.4543083460688
0.0104124253387464	0.452958789562447
0.0104145837499177	0.363319720746682
0.0104167430561168	0.299952378763167
0.0104189032579004	0.261277853889491
0.0104210643558259	0.186396651688864
0.0104232263504509	0.0659297796590825
0.0104253892423338	0.00348913395887119
0.0104275530320332	0.0913620827682576
0.0104297177201082	0.266184821921055
0.0104318833071184	0.387180002433352
0.0104340497936239	0.419069051767583
0.0104362171801853	0.454573999245503
0.0104383854673635	0.517872146235096
0.01044055465572	0.522484525776343
0.0104427247458168	0.390183792133623
0.0104448957382162	0.174471429226415
0.0104470676334812	0.023046324078279
0.010449240432175	0.0154564039452541
0.0104514141348614	0.0723417228513402
0.0104535887421048	0.107566045458133
0.0104557642544699	0.14901605917329
0.0104579406725219	0.248509210871475
0.0104601179968265	0.364120937955923
0.0104622962279499	0.40347943683972
0.0104644753664586	0.317899078597587
0.0104666554129198	0.174655694092544
0.0104688363679011	0.0696674847000341
0.0104710182319705	0.027620729483322
0.0104732010056965	0.0263139657926041
0.0104753846896481	0.0574436610917175
0.0104775692843948	0.110056292840698
0.0104797547905066	0.151457841811842
0.0104819412085538	0.158203316311009
0.0104841285391074	0.132990478299646
0.0104863167827387	0.0918360953146113
0.0104885059400196	0.0552656803807336
0.0104906960115224	0.0460511162068273
0.0104928869978199	0.0942608269584403
0.0104950788994854	0.20920938682018
0.0104972717170927	0.319650830710875
0.010499465451216	0.322202247609345
0.0105016601024301	0.194351583213287
0.01050385567131	0.0625110350502476
0.0105060521584317	0.0151357630622482
0.0105082495643711	0.0193351126817465
0.0105104478897049	0.00780398878780419
0.0105126471350104	0.0103578904919743
0.010514847300865	0.137928173286929
0.0105170483878469	0.388960824134382
0.0105192503965347	0.577102305735264
0.0105214533275075	0.5451722350406
0.0105236571813447	0.370337098992031
0.0105258619586265	0.258333715558454
0.0105280676599334	0.247610978895259
0.0105302742858463	0.225168468207014
0.0105324818369468	0.118094189310763
0.0105346903138168	0.0430665514552133
0.0105368997170389	0.142293691435805
0.010539110047196	0.343837573095976
0.0105413213048716	0.440609744675854
0.0105435334906495	0.393092621601933
0.0105457466051143	0.368536587942759
0.0105479606488508	0.459245791749117
0.0105501756224445	0.555732677447196
0.0105523915264813	0.486821710289794
0.0105546083615476	0.260403131769023
0.0105568261282302	0.0711043428865735
0.0105590448271166	0.0377928413497381
0.0105612644587946	0.074603321297638
0.0105634850238526	0.0748764079035624
0.0105657065228795	0.0804157315775325
0.0105679289564646	0.174857949538907
0.0105701523251978	0.332073925942869
0.0105723766296695	0.427649887924653
0.0105746018704705	0.373086384193513
0.0105768280481921	0.220699960024715
0.0105790551634263	0.0925752953795487
0.0105812832167653	0.0326592315939916
0.0105835122088021	0.026833717151673
0.0105857421401299	0.0731442853364798
0.0105879730113426	0.150457351265816
0.0105902048230345	0.207405486966063
0.0105924375758005	0.215353962200876
0.010594671270236	0.176476612206846
0.0105969059069368	0.110064139741625
0.0105991414864993	0.0531660806230461
0.0106013780095203	0.0327155374140891
0.0106036154765971	0.0864433978100082
0.0106058538883277	0.243792214049117
0.0106080932453104	0.42322751223191
0.0106103335481441	0.458260765896859
0.0106125747974282	0.313336463412573
0.0106148169937626	0.120305186517118
0.0106170601377477	0.0226689269394411
0.0106193042299843	0.0191990079762921
0.0106215492710739	0.0193466990934012
0.0106237952616184	0.0104983707987251
0.0106260422022203	0.117606971367893
0.0106282900934824	0.37624184151572
0.0106305389360083	0.597861571398845
0.0106327887304019	0.583412644495535
0.0106350394772676	0.378180293741704
0.0106372911772105	0.222282036406235
0.0106395438308361	0.217178942556762
0.0106417974387503	0.25884639558036
0.0106440520015597	0.206122608045659
0.0106463075198713	0.11886494784213
0.0106485639942928	0.157693817213278
0.010650821425432	0.304689632338894
0.0106530798138977	0.37351750968727
0.010655339160299	0.295144259474177
0.0106575994652454	0.226425473947573
0.010659860729347	0.307822202469355
0.0106621229532146	0.482097162879424
0.0106643861374594	0.540384516280629
0.0106666502826929	0.394155261194104
0.0106689153895274	0.180619753791589
0.0106711814585757	0.0684779941314752
0.010673448490451	0.0405310997052712
0.010675716485767	0.0205989989920861
0.0106779854451381	0.0105109210420307
0.010680255369179	0.061183472146704
0.0106825262585052	0.198567300523674
0.0106847981137325	0.351150286989029
0.0106870709354772	0.392592085865149
0.0106893447243562	0.294285776869821
0.0106916194809871	0.157955763819988
0.0106938952059877	0.0619857739295221
0.0106961718999766	0.0495406836379904
0.0106984495635728	0.124427995237468
0.0107007281973958	0.206075829895972
0.0107030078020656	0.226455810723956
0.010705288378203	0.197689316310796
0.0107075699264289	0.154260267136823
0.0107098524473651	0.105670679777348
0.0107121359416338	0.0598709030727509
0.0107144204098577	0.032219082967583
0.0107167058526599	0.0806766988399267
0.0107189922706644	0.27959729112616
0.0107212796644953	0.525478264974034
0.0107235680347777	0.593234738139966
0.0107258573821368	0.434214615677158
0.0107281477071985	0.19007212610209
0.0107304390105894	0.0436499479118754
0.0107327312929363	0.0287416247435674
0.0107350245548668	0.0420533638210731
0.0107373187970091	0.0178453855062061
0.0107396140199915	0.0771730368644013
0.0107419102244434	0.314102913346976
0.0107442074109943	0.56342411764149
0.0107465055802745	0.587743370585669
0.0107488047329148	0.414267117149922
0.0107511048695463	0.226532139206666
0.010753405990801	0.203959129534616
0.0107557080973111	0.293227725441229
0.0107580111897097	0.295754311989704
0.0107603152686302	0.187461564214099
0.0107626203347065	0.129558136009877
0.0107649263885732	0.19756949210099
0.0107672334308654	0.254367692850552
0.0107695414622188	0.215471087128588
0.0107718504832694	0.14430506766265
0.010774160494654	0.18210794513626
0.0107764714970099	0.389165796261227
0.0107787834909748	0.580188796217376
0.0107810964771872	0.543858928076883
0.010783410456286	0.31932639305273
0.0107857254289105	0.109214747902554
0.0107880413957009	0.0115846585894306
0.0107903583572976	0.00376492867399689
0.0107926763143418	0.0135666078122627
0.0107949952674751	0.00467363566717235
0.0107973152173398	0.0622136647881164
0.0107996361645785	0.240703082028482
0.0108019581098347	0.396979814484478
0.0108042810537521	0.388769236283737
0.0108066049969752	0.255490223145606
0.010808929940149	0.118947754620396
0.010811255883919	0.104797549365965
0.0108135828289312	0.220944900369334
0.0108159107758324	0.292634278918813
0.0108182397252697	0.224497931386868
0.0108205696778909	0.115885224480493
0.0108229006343443	0.0862192811005129
0.0108252325952787	0.0983003322150715
0.0108275655613437	0.0932839987325941
0.0108298995331891	0.0611055526088473
0.0108322345114656	0.0985970352541507
0.0108345704968242	0.327709032547482
0.0108369074899167	0.622941442817445
0.0108392454913952	0.699024464027248
0.0108415845019127	0.50191205864077
0.0108439245221223	0.218048816142905
0.0108462655526782	0.0516875734220888
0.0108486075942347	0.0381964298181244
0.0108509506474469	0.0592394858029018
0.0108532947129705	0.0182762780176453
0.0108556397914616	0.0376451950223815
0.0108579858835771	0.256137451654695
0.0108603329899741	0.514123656269734
0.0108626811113107	0.574342096602973
0.0108650302482453	0.428121961393108
0.0108673804014369	0.242530053868627
0.0108697315715451	0.197158400340865
0.0108720837592302	0.295615532492514
0.0108744369651528	0.326695633287348
0.0108767911899742	0.197748723849593
0.0108791464343565	0.0746716978471337
0.010881502698962	0.0924154313352163
0.0108838599844537	0.168813523827461
0.0108862182914953	0.18889688613614
0.010888577620751	0.138111912874741
0.0108909379728856	0.133785497199044
0.0108932993485643	0.315974007550619
0.0108956617484532	0.569679299752993
0.0108980251732186	0.612943177588328
0.0109003896235278	0.406678088333967
0.0109027551000482	0.146121184845808
0.0109051216034483	0.0220808503443649
0.0109074891343967	0.0502454739395964
0.0109098576935629	0.0969834037314069
0.0109122272816169	0.0436413235377728
0.0109145978992291	0.00539395970238315
0.0109169695470709	0.155637998231121
0.0109193422258138	0.376540101134613
0.0109217159361302	0.447601954673863
0.010924090678693	0.330470687103515
0.0109264664541757	0.183504086412629
0.0109288432632523	0.184578056096576
0.0109312211065974	0.338934502495717
0.0109335999848865	0.398831885753726
0.0109359798987951	0.2367737857795
0.0109383608489999	0.0504332040216261
0.0109407428361777	0.0291481522583436
0.0109431258610062	0.104705756426702
0.0109455099241636	0.144199148013608
0.0109478950263286	0.11730777205403
0.0109502811681806	0.147653387953341
0.0109526683503995	0.3848221795896
0.010955056573666	0.689493916886249
0.0109574458386612	0.74489670945373
0.0109598361460668	0.492512018327178
0.0109622274965651	0.192428189283749
0.0109646198908391	0.0447506837534854
0.0109670133295723	0.047646977390659
0.0109694078134488	0.0705388736691502
0.0109718033431534	0.0203306677899328
0.0109741999193714	0.0214149124749726
0.0109765975427887	0.215924500527202
0.0109789962140919	0.45330824196362
0.0109813959339679	0.495382332951873
0.0109837967031047	0.363389893115673
0.0109861985221904	0.199132170701057
0.010988601391914	0.156648435063796
0.0109910053129651	0.245609613697521
0.0109934102860338	0.274547250365239
0.0109958163118108	0.14782700398677
0.0109982233909874	0.0232606631285432
0.0110006315242556	0.0386758925515026
0.011003040712308	0.122815587097092
0.0110054509558377	0.165715386839952
0.0110078622555385	0.136090604191818
0.0110102746121047	0.109735936103273
0.0110126880262314	0.239705658076817
0.0110151024986141	0.472895767170268
0.011017518029949	0.544164333767822
0.011019934620933	0.375350307066935
0.0110223522722634	0.154292062426726
0.0110247709846384	0.0592212436823976
0.0110271907587565	0.11350698842758
0.011029611595317	0.178939325683102
0.0110320334950199	0.111568324291141
0.0110344564585655	0.0143828985832049
0.0110368804866551	0.100446864734674
0.0110393055799903	0.308238323176964
0.0110417317392735	0.392517959027162
0.0110441589652076	0.318429382511608
0.0110465872584962	0.211585469826364
0.0110490166198435	0.244848756132745
0.0110514470499543	0.411472443859233
0.0110538785495341	0.4530556994545
0.0110563111192889	0.26009694580451
0.0110587447599255	0.0399368511842177
0.011061179472151	0.0149808080002804
0.0110636152566734	0.109213196411893
0.0110660521142013	0.168195023644558
0.0110684900454439	0.155047722499789
0.0110709290511109	0.191393149249542
0.0110733691319127	0.39813012599704
0.0110758102885605	0.663232029295966
0.0110782525217659	0.677824805153285
0.0110806958322411	0.420124565693461
0.0110831402206992	0.152074654671021
0.0110855856878537	0.0443321058668198
0.0110880322344188	0.059869373602902
0.0110904798611092	0.0785745795024593
0.0110929285686406	0.034413355013931
0.0110953783577289	0.0328719135914135
0.0110978292290908	0.183611480407247
0.0111002811834438	0.353822282717351
0.0111027342215058	0.357215920365161
0.0111051883439954	0.231791777611664
0.0111076435516319	0.116723034945295
0.0111100998451352	0.100046297742313
0.0111125572252258	0.167151305336508
0.0111150156926248	0.191147087588542
0.0111174752480542	0.0925350986260441
0.0111199358922363	0.00497023979368011
0.0111223976258942	0.0254871699038203
0.0111248604497516	0.0835996088368713
0.0111273243645329	0.102687790430582
0.0111297893709632	0.0789024066251619
0.011132255469768	0.0611250884322866
0.0111347226616737	0.142366992740955
0.0111371909474072	0.303638854039625
0.011139660327696	0.36504130738245
0.0111421308032685	0.25992848139653
0.0111446023748534	0.128423105667325
0.0111470750431804	0.0814935855306119
0.0111495488089795	0.126821940461652
0.0111520236729816	0.175969271666811
0.0111544996359182	0.123490580307422
0.0111569766985214	0.024294554323775
0.0111594548615239	0.0478592093432765
0.0111619341256591	0.174797653983273
0.0111644144916612	0.24467298626477
0.0111668959602648	0.214886787331485
0.0111693785322054	0.179960222872262
0.0111718622082189	0.233557838725566
0.011174346989042	0.362413214644207
0.0111768328754121	0.401401948547807
0.0111793198680672	0.245019187809795
0.011181807967746	0.0591083768736322
0.0111842971751876	0.0181814201079822
0.0111867874911322	0.0774911946187769
0.0111892789163203	0.122436443072312
0.0111917714514933	0.131930228414973
0.011194265097393	0.176243541987602
0.0111967598547621	0.325123640344179
0.0111992557243439	0.503477611090117
0.0112017527068822	0.50328182991598
0.0112042508031218	0.315463307317659
0.0112067500138078	0.125732930389703
0.0112092503396862	0.0538381141560329
0.0112117517815036	0.0607500558324909
0.0112142543400072	0.0690404404904481
0.011216758015945	0.0444970142465157
0.0112192628100656	0.0434902646122444
0.0112217687231182	0.13022799179051
0.0112242757558528	0.220616109890972
0.01122678390902	0.202650662544589
0.011229293183371	0.113526301760628
0.0112318035796578	0.0601007703215634
0.011234315098633	0.0673637332565489
0.0112368277410499	0.112224178884397
0.0112393415076625	0.128593645875322
0.0112418563992255	0.0740980960497607
0.0112443724164941	0.0197991653846579
0.0112468895602243	0.020756799803419
0.0112494078311729	0.0337117758692264
0.0112519272300971	0.0254853551741648
0.011254447757755	0.0131798892867183
0.0112569694149052	0.0150859670003945
0.0112594922023073	0.0628993713485328
0.0112620161207213	0.152224797023086
0.0112645411709078	0.19283153359803
0.0112670673536284	0.150859024877729
0.0112695946696451	0.093074784587267
0.0112721231197208	0.0709602915188281
0.0112746527046189	0.0863918225721127
0.0112771834251036	0.106949509974581
0.0112797152819398	0.0798226727566246
0.011282248275893	0.0172678344344707
0.0112847824077295	0.00626525747105861
0.0112873176782161	0.0576093630633798
0.0112898540881205	0.0959114152276008
0.0112923916382109	0.10108161591273
0.0112949303292564	0.109714551706493
0.0112974701620267	0.153887232474325
0.0113000111372921	0.224480599690615
0.0113025532558236	0.25041752727105
0.0113050965183931	0.174002209996887
0.011307640925773	0.0619360417910688
0.0113101864787365	0.0110856101328874
0.0113127331780574	0.019678769113305
0.0113152810245102	0.0385043677713043
0.0113178300188702	0.0580523756221197
0.0113203801619133	0.0998976477974922
0.0113229314544162	0.180164125113042
0.0113254838971563	0.270004925460498
0.0113280374909115	0.280379374454318
0.0113305922364606	0.200382227910151
0.011333148134583	0.102345339298343
0.011335705186059	0.0508944429683469
0.0113382633916693	0.0367237092672271
0.0113408227521956	0.0345977534360056
0.01134338326842	0.0287538931127738
0.0113459449411256	0.0273190787365495
0.0113485077710961	0.0517995721152986
0.0113510717591157	0.0877869506082642
0.0113536369059697	0.091824641667611
0.0113562032124439	0.0715532419206002
0.0113587706793246	0.0557885625530943
0.0113613393073993	0.0572003341360584
0.0113639090974558	0.0746250281603985
0.0113664800502828	0.0882559763957192
0.0113690521666696	0.0728471356915634
0.0113716254474063	0.0357811198824552
0.0113741998932838	0.00783623333577674
0.0113767755050935	0.00225454405536816
0.0113793522836277	0.00781354292963459
0.0113819302296793	0.0131207315240298
0.0113845093440421	0.0171078255918952
0.0113870896275103	0.0335537326853818
0.0113896710808791	0.071686869759809
0.0113922537049443	0.105054195838167
0.0113948375005025	0.098507726706194
0.0113974224683509	0.0667650261000781
0.0114000086092876	0.0463154256182891
0.0114025959241113	0.055992506831281
0.0114051844136213	0.0702002827923469
0.011407774078618	0.0621011364255589
0.0114103649199022	0.0311444136097915
0.0114129569382754	0.0141034244193226
0.0114155501345402	0.029796370243197
0.0114181445094995	0.0537764896606238
0.0114207400639572	0.0562036484165678
0.0114233367987179	0.0499931487711511
0.0114259347145867	0.0639194093876197
0.0114285338123698	0.0926097274945735
0.0114311340928738	0.108629197134128
0.0114337355569063	0.0896682864820598
0.0114363382052755	0.0479240435296977
0.0114389420387903	0.0132466398851961
0.0114415470582604	0.00402063022412678
0.0114441532644962	0.00677310760839077
0.0114467606583089	0.00855293732782055
0.0114493692405104	0.021405375885404
0.0114519790119134	0.047522074039066
0.0114545899733311	0.0740547786946336
0.0114572021255779	0.0931229512634543
0.0114598154694685	0.0920294343120629
0.0114624300058185	0.0662967876821807
0.0114650457354443	0.0331708981237119
0.0114676626591631	0.0168836408860232
0.0114702807777926	0.0106337148517374
0.0114729000921514	0.00841935159341525
0.011475520603059	0.00656491739376345
0.0114781423113353	0.00129541874134073
0.0114807652178013	0.0146042561813143
0.0114833893232785	0.0556338606215348
0.0114860146285893	0.0791138145790391
0.0114886411345568	0.0608004904627938
0.0114912688420048	0.0357549007590745
0.0114938977517579	0.0300156722876757
0.0114965278646415	0.0416097341865341
0.0114991591814817	0.0523151198641167
0.0115017917031054	0.0363676332592254
0.0115044254303402	0.0113025234705841
0.0115070603640145	0.030988919652673
0.0115096965049574	0.0756977067315181
0.0115123338539989	0.0811742967344602
0.0115149724119696	0.053498168717053
0.0115176121797009	0.0330349721211564
0.0115202531580251	0.0383849250445894
0.011522895347775	0.0615977236710898
0.0115255387497844	0.0700923798465597
0.0115281833648878	0.0441289620365324
0.0115308291939205	0.0417264932564692
0.0115334762377184	0.0920999978363876
0.0115361244971184	0.125688139859273
0.0115387739729579	0.109673184391029
0.0115414246660754	0.0811705845168983
0.0115440765773098	0.0663199416999556
0.0115467297075012	0.0755047150891529
0.0115493840574901	0.0909072841888055
0.0115520396281178	0.0650191098478565
0.0115546964202267	0.0182779655071929
0.0115573544346597	0.0189941807469775
0.0115600136722605	0.0490381296357559
0.0115626741338736	0.0554008856842404
0.0115653358203442	0.0517010897210609
0.0115679987325186	0.0521616761433116
0.0115706628712435	0.0548831445023017
0.0115733282373665	0.0694789537783426
0.0115759948317361	0.0684844157711519
0.0115786626552015	0.0295370645883623
0.0115813317086126	0.00182952122201786
0.0115840019928201	0.00680857103618447
0.0115866735086757	0.00607519362685779
0.0115893462570317	0.00566125079961813
0.0115920202387411	0.0219824202905132
0.0115946954546579	0.0289430124615022
0.0115973719056367	0.0342845603578184
0.0116000495925331	0.0543957475067604
0.0116027285162033	0.0534583157441609
0.0116054086775044	0.0365831529510322
0.0116080900772943	0.0344967107266009
0.0116107727164315	0.0353365359703945
0.0116134565957755	0.0409932720211864
0.0116161417161866	0.0730133198599106
0.0116188280785258	0.08125203222037
0.0116215156836549	0.0378959439608886
0.0116242045324365	0.00475112884789092
0.0116268946257342	0.00379893249534302
0.011629585964412	0.0117848901551263
0.011632278549335	0.0345859918410554
0.0116349723813691	0.0579384020279806
0.0116376674613808	0.0758883620729745
0.0116403637902376	0.128218095522562
0.0116430613688078	0.182389081399843
0.0116457601979604	0.148416185775352
0.0116484602785652	0.0725045986157881
0.0116511616114928	0.0289895196656967
0.0116538641976148	0.0147179745009283
0.0116565680378034	0.0176225779712518
0.0116592731329317	0.0287479845518028
0.0116619794838736	0.0336028660441157
0.0116646870915038	0.0836572016187853
0.0116673959566977	0.188776242555023
0.0116701060803318	0.231959751267972
0.0116728174632831	0.181993355493402
0.0116755301064296	0.126390599416724
0.0116782440106502	0.106596994845739
0.0116809591768243	0.10584687968308
0.0116836756058324	0.100695092372412
0.0116863932985557	0.0547724472535945
0.0116891122558763	0.00231840725473403
0.0116918324786771	0.0315550667577158
0.0116945539678416	0.0949981367738934
0.0116972767242546	0.0921723126725291
0.0117000007488012	0.0694623740993655
0.0117027260423676	0.0814973522343678
0.0117054526058409	0.115049629095609
0.0117081804401088	0.153063705997075
0.01171090954606	0.149755970617006
0.011713639924584	0.080672413312396
0.0117163715765711	0.0348429744357153
0.0117191045029123	0.0542419505005253
0.0117218387044997	0.0540231312806205
0.0117245741822261	0.015232330680559
0.0117273109369851	0.00168508726649775
0.0117300489696711	0.0213581728535462
0.0117327882811795	0.0746648157868868
0.0117355288724064	0.1450180710588
0.0117382707442488	0.155180997232321
0.0117410138976044	0.116690865079513
0.011743758333372	0.117615282985769
0.011746504052451	0.135517897361981
0.0117492510557418	0.124488284205494
0.0117519993441455	0.10026606653804
0.0117547489185642	0.0585728359134829
0.0117574997799007	0.00745316352959095
0.0117602519290587	0.0115582732726714
0.0117630053669429	0.0490338364188477
0.0117657600944585	0.0564651365167883
0.0117685161125119	0.0785691116479857
0.0117712734220101	0.139169491461582
0.0117740320238611	0.196162031003592
0.0117767919189738	0.243807608693151
0.0117795531082576	0.246098749073143
0.0117823155926233	0.161530610764646
0.0117850793729821	0.0665228860405876
0.0117878444502462	0.0396188429412043
0.0117906108253288	0.0263008477392504
0.0117933784991437	0.00356826027109286
0.0117961474726057	0.0171735676533242
0.0117989177466306	0.069642815275541
0.0118016893221347	0.165617627937737
0.0118044622000356	0.281562021875411
0.0118072363812513	0.296183124829704
0.011810011866701	0.202348581694766
0.0118127886573047	0.131187418589828
0.0118155667539832	0.109501757510948
0.0118183461576582	0.081762366270462
0.0118211268692523	0.0472537531852254
0.0118239088896888	0.0120057939119938
0.0118266922198921	0.00583293414463699
0.0118294768607873	0.082783009106701
0.0118322628133005	0.166646622647067
0.0118350500783586	0.149087516470545
0.0118378386568894	0.0996122081971952
0.0118406285498215	0.107842095109558
0.0118434197580846	0.140370586190511
0.0118462122826089	0.163213245899986
0.0118490061243258	0.146820526633161
0.0118518012841675	0.0852097224306354
0.011854597763067	0.0663922024131779
0.0118573955619582	0.115635472749218
0.011860194681776	0.122479971945052
0.011862995123456	0.0563132302134252
0.0118657968879348	0.0159606600501496
0.01186859997615	0.0389526638170014
0.0118714043890398	0.111181106352634
0.0118742101275434	0.199526561007697
0.0118770171926011	0.215100672104126
0.0118798255851538	0.175660080266183
0.0118826353061434	0.181715410575244
0.0118854463565128	0.207841034278358
0.0118882587372055	0.172169114108661
0.0118910724491663	0.0972562750058825
0.0118938874933405	0.032193532354709
0.0118967038706746	0.0107045147442513
0.0118995215821158	0.0699437937398357
0.0119023406286123	0.149612310146889
0.0119051610111131	0.161505971204269
0.0119079827305682	0.173118332783087
0.0119108057879285	0.23660731030464
0.0119136301841458	0.287414101222761
0.0119164559201727	0.283601401853376
0.0119192829969627	0.224536250367199
0.0119221114154705	0.125414030354338
0.0119249411766513	0.0730543691539174
0.0119277722814614	0.0988931258165212
0.0119306047308581	0.108518115819235
0.0119334385257995	0.0750635083478374
0.0119362736672445	0.0852505986543571
0.0119391101561532	0.151136450718353
0.0119419479934863	0.233437025338036
0.0119447871802057	0.290332314349157
0.011947627717274	0.25696623578036
0.0119504696056547	0.161288057523383
0.0119533128463125	0.115135701849959
0.0119561574402127	0.10703958197067
0.0119590033883216	0.0648964370923606
0.0119618506916066	0.01682358928506
0.0119646993510358	0.0100015655971093
0.0119675493675784	0.0494925029385164
0.0119704007422043	0.135214831757587
0.0119732534758845	0.193379219052689
0.0119761075695909	0.160032575200842
0.0119789630242964	0.106468353379993
0.0119818198409746	0.10514691113789
0.0119846780206002	0.108398167993218
0.0119875375641488	0.0893316568480378
0.011990398472597	0.0643037442805653
0.0119932607469222	0.0442622492365253
0.0119961243881028	0.0677330306476586
0.0119989893971181	0.130085026400172
0.0120018557749485	0.136282175447213
0.012004723522575	0.0728949024242175
0.0120075926409799	0.0340232827807605
0.0120104631311461	0.0472229203557065
0.0120133349940579	0.0890722528793514
0.0120162082307	0.141605551455537
0.0120190828420584	0.154976037591501
0.01202195882912	0.138708909701938
0.0120248361928726	0.15610717558923
0.0120277149343048	0.174530419350535
0.0120305950544064	0.1291495719666
0.0120334765541679	0.0598024228540001
0.0120363594345811	0.023587525528875
0.0120392436966384	0.0411228317409043
0.0120421293413332	0.117633669266825
0.0120450163696602	0.196057866530426
0.0120479047826145	0.215870507611158
0.0120507945811926	0.221122013801695
0.0120536857663918	0.246814682879077
0.0120565783392103	0.243149655797187
0.0120594723006474	0.192547910570956
0.0120623676517032	0.130046664411805
0.0120652643933789	0.0842195974184342
0.0120681625266766	0.102712235984328
0.0120710620525993	0.16931708757196
0.012073962972151	0.204243788544683
0.0120768652863368	0.188868728167179
0.0120797689961626	0.185088489432364
0.0120826741026354	0.201344347459203
0.012085580606763	0.204684103484557
0.0120884885095543	0.185943325109958
0.0120913978120192	0.138927472321544
0.0120943085151683	0.0974530812158941
0.0120972206200137	0.106044780819579
0.0121001341275679	0.12424315129972
0.0121030490388447	0.10890646711512
0.0121059653548589	0.0868456496418254
0.0121088830766261	0.0903712039832581
0.012111802205163	0.112196103186463
0.0121147227414873	0.141813606076592
0.0121176446866175	0.145427294015277
0.0121205680415733	0.110520967522116
0.0121234928073753	0.0835402464121872
0.0121264189850451	0.0760964612379706
0.0121293465756052	0.0572434461388685
0.0121322755800792	0.0278668554018962
0.0121352059994916	0.0151770513806144
0.0121381378348681	0.0241335813814718
0.012141071087235	0.0586607902743415
0.01214400575762	0.0950660331665956
0.0121469418470515	0.0910312156370803
0.0121498793565591	0.0588195695217354
0.0121528182871732	0.0367122044924557
0.0121557586399254	0.0272522569880098
0.0121587004158481	0.0239633080733149
0.0121616436159749	0.0296893625964897
0.0121645882413403	0.0344590345862005
0.0121675342929798	0.0440493313154033
0.0121704817719298	0.0660138505124738
0.0121734306792279	0.0702392290389994
0.0121763810159126	0.0477778432971479
0.0121793327830235	0.0292848687603013
0.012182285981601	0.0306870701959303
0.0121852406126867	0.0538767519411808
0.0121881966773232	0.0954131936512478
0.012191154176554	0.130247028348869
0.0121941131114237	0.147197829430551
0.0121970734829779	0.152891118062495
0.0122000352922632	0.139755945625589
0.0122029985403272	0.091528160032916
0.0122059632282186	0.0458939144453607
0.0122089293569871	0.0319128202875019
0.0122118969276832	0.0532961803186969
0.0122148659413588	0.109497384823111
0.0122178363990665	0.165725014383915
0.0122208083018602	0.202144838164577
0.0122237816507945	0.216622215597199
0.0122267564469253	0.206232593299665
0.0122297326913094	0.149692994323638
0.0122327103850046	0.0826052908344863
0.01223568952907	0.0391850588284161
0.0122386701245653	0.0259503978308321
0.0122416521725516	0.0480111972963087
0.0122446356740908	0.089829258231667
0.012247620630246	0.12808630989469
0.0122506070420813	0.168056975702899
0.0122535949106616	0.199214164454735
0.0122565842370533	0.180067195784761
0.0122595750223234	0.125987740161162
0.0122625672675401	0.0795550573047008
0.0122655609737728	0.0496968877917274
0.0122685561420918	0.0395462000587369
0.0122715527735684	0.0429869646818006
0.012274550869275	0.0362786401202674
0.0122775504302851	0.038003116423264
0.0122805514576731	0.067111872409548
0.0122835539525147	0.0816638159928641
0.0122865579158864	0.06363178649623
0.0122895633488658	0.0487996049576702
0.0122925702525318	0.0416250623372299
0.0122955786279641	0.0346768440854151
0.0122985884762434	0.0356984838953125
0.0123015997984517	0.0242183071458794
0.0123046125956719	0.00269513997896718
0.0123076268689881	0.0104603546728975
0.0123106426194853	0.0261327280638484
0.0123136598482495	0.0127942517693873
0.0123166785563682	0.00149777580613049
0.0123196987449293	0.00593371568332379
0.0123227204150225	0.00784506352378763
0.0123257435677379	0.0246297735002487
0.0123287682041671	0.0468314232072239
0.0123317943254026	0.041517618828825
0.0123348219325381	0.0374887562303628
0.0123378510266682	0.0495522193413281
0.0123408816088888	0.0432879135794623
0.0123439136802965	0.0368270508874191
0.0123469472419894	0.0453451344439029
0.0123499822950665	0.0283243639630912
0.0123530188406278	0.00237296529134353
0.0123560568797745	0.0134016473902437
0.0123590964136089	0.0315959893392274
0.0123621374432342	0.0424442559062665
0.0123651799697549	0.0681655794980032
0.0123682239942765	0.0816312245076333
0.0123712695179056	0.0892980457549222
0.0123743165417499	0.12327342097679
0.0123773650669181	0.121350613087893
0.0123804150945201	0.0600982228936696
0.012383466625667	0.0207839791842114
0.0123865196614706	0.0219302344089366
0.0123895742030442	0.021771512787134
0.0123926302515021	0.0313345689288496
0.0123956878079596	0.0486360520088491
0.0123987468735331	0.0762892876259526
0.0124018074493402	0.157836252699184
0.0124048695364996	0.227223299539451
0.012407933136131	0.174942108964596
0.0124109982493554	0.0713366948646006
0.0124140648772945	0.0213619874088997
0.0124171330210717	0.00482040635957434
0.012420202681811	0.00179723872362874
0.0124232738606378	0.00789332486819561
0.0124263465586785	0.0100141235262866
0.0124294207770607	0.0709765198499973
0.0124324965169129	0.185227663336311
0.012435573779365	0.206042371095932
0.0124386525655478	0.106253580349068
0.0124417328765935	0.0250436408392863
0.012444814713635	0.00285630114486375
0.0124478980778067	0.00347784530436847
0.0124509829702439	0.0158176182920936
0.0124540693920831	0.00623688348618755
0.0124571573444621	0.0166728473765199
0.0124602468285194	0.123758049607093
0.0124633378453951	0.211648191119729
0.0124664303962302	0.153597104628964
0.0124695244821667	0.0515174743590904
0.0124726201043481	0.0160348703226911
0.0124757172639186	0.0324687927120517
0.012478815962024	0.0825546831950151
0.0124819161998108	0.0993309572701277
0.012485017978427	0.0418704341376967
0.0124881212990215	0.0281790739186624
0.0124912261627444	0.0917004187809593
0.012494332570747	0.0954168898629021
0.0124974405241818	0.0382382987997427
0.0125005500242022	0.0223361792321492
0.012503661071963	0.0477300363432205
0.01250677366862	0.11479932558624
0.0125098878153304	0.189139091645293
0.0125130035132521	0.156976381071594
0.0125161207635446	0.0502943619464473
0.0125192395673683	0.0167580348787232
0.0125223599258848	0.0234870385373748
0.0125254818402569	0.00767866352058881
0.0125286053116487	0.0171884862117678
0.0125317303412251	0.0408440191037099
0.0125348569301525	0.0812503662152552
0.0125379850795983	0.194348597412978
0.0125411147907311	0.26589475946876
0.0125442460647206	0.176956407266601
0.0125473789027379	0.0558066827035839
0.0125505133059549	0.0126528535955436
0.0125536492755451	0.0259196833786804
0.0125567868126828	0.094418425146046
0.0125599259185437	0.141997765173779
0.0125630665943045	0.0825722375857419
0.0125662088411433	0.0499993966154207
0.0125693526602393	0.117894296720788
0.0125724980527726	0.130902781743834
0.012575645019925	0.0596985229162874
0.012578793562879	0.017423315815532
0.0125819436828186	0.0462367621652632
0.0125850953809288	0.167013706548831
0.0125882486583959	0.306718854321639
0.0125914035164074	0.269665272238438
0.0125945599561519	0.0842840536464718
0.0125977179788192	0.00149975321805839
0.0126008775856004	0.0258790094522673
0.0126040387776877	0.0239091834113384
0.0126072015562744	0.00462629216215561
0.0126103659225553	0.00502185253565075
0.0126135318777262	0.0971663560465306
0.0126166994229839	0.334577960299451
0.0126198685595269	0.479412320973217
0.0126230392885545	0.336423786983438
0.0126262116112673	0.114789192792413
0.0126293855288673	0.0461474045102428
0.0126325610425573	0.0872953833535291
0.0126357381535417	0.141553914911164
0.012638916863026	0.12374731131471
0.0126420971722168	0.0304821350947418
0.0126452790823221	0.0652750449438805
0.0126484625945509	0.254477858568577
0.0126516477101136	0.309587722793489
0.0126548344302218	0.173317039887849
0.0126580227560881	0.0950272061239258
0.0126612126889267	0.177001420244532
0.0126644042299527	0.354618329749477
0.0126675973803825	0.469369176841777
0.0126707921414339	0.320757317815936
0.0126739885143258	0.0636736392767888
0.0126771865002782	0.0115742936465057
0.0126803861005126	0.0982100576647944
0.0126835873162515	0.0857618034437963
0.0126867901487187	0.0237944039263713
0.0126899945991394	0.0572850894523693
0.0126932006687399	0.259622741803773
0.0126964083587476	0.576399612713627
0.0126996176703914	0.686763054288003
0.0127028286049013	0.424611743605255
0.0127060411635086	0.112145219506049
0.0127092553474457	0.0425348275375056
0.0127124711579466	0.083581704176292
0.0127156885962461	0.0894975223437373
0.0127189076635805	0.0473462274766099
0.0127221283611874	0.0192672209828125
0.0127253506903056	0.172907682597822
0.012728574652175	0.430084946272541
0.012731800248037	0.444614674415351
0.012735027479134	0.21453206960187
0.01273825634671	0.0993320790076264
0.0127414868520099	0.184513462241147
0.0127447189962801	0.334891651363879
0.0127479527807682	0.392624189050325
0.012751188206723	0.234974532835822
0.0127544252753947	0.0249643658791887
0.0127576639880346	0.0416411358046142
0.0127609043458955	0.154796488201246
0.0127641463502313	0.110595231442837
0.0127673900022972	0.0186092321184332
0.0127706353033497	0.0500604662327178
0.0127738822546465	0.2387818808902
0.0127771308574468	0.524323449626261
0.0127803811130108	0.634659284643318
0.0127836330226001	0.392479929937258
0.0127868865874778	0.102126754622013
0.0127901418089078	0.0466682577585452
0.0127933986881558	0.105052208708118
0.0127966572264884	0.130665697951906
0.0127999174251738	0.0944088848285297
0.0128031792854813	0.0299245193250605
0.0128064428086815	0.141653248684385
0.0128097079960463	0.423773169068041
0.012812974848849	0.501599107938055
0.0128162433683642	0.291739587511917
0.0128195135558675	0.147016350713036
0.0128227854126363	0.256176987609523
0.0128260589399489	0.495783319344043
0.0128293341390851	0.613427968404849
0.0128326110113259	0.395109521193939
0.0128358895579536	0.0609312834344551
0.0128391697802521	0.0483812936463123
0.0128424516795061	0.254577785093022
0.0128457352570022	0.264985890363429
0.0128490205140277	0.114812054056914
0.0128523074518718	0.117359172928452
0.0128555960718246	0.423523694221037
0.0128588863751778	0.877975298305791
0.0128621783632241	0.98801019476969
0.0128654720372579	0.580311453981435
0.0128687673985747	0.152998051108783
0.0128720644484713	0.137045536084451
0.0128753631882459	0.257829882118055
0.0128786636191982	0.195623527162015
0.0128819657426289	0.0380732855255765
0.0128852695598403	0.0412132334762982
0.0128885750721359	0.377089233861064
0.0128918822808206	0.785298135970685
0.0128951911872005	0.751600082767195
0.0128985017925833	0.371384347568868
0.0129018140982779	0.21106098189336
0.0129051281055944	0.389558730915922
0.0129084438158445	0.528334730899996
0.0129117612303412	0.434269176250965
0.0129150803503986	0.162595704796315
0.0129184011773325	0.00142238482684754
0.0129217237124599	0.166696261165774
0.0129250479570991	0.347035685545428
0.0129283739125697	0.227618024228062
0.012931701580193	0.0583881120409881
0.0129350309612912	0.140330420158059
0.0129383620571883	0.38562340248995
0.0129416948692093	0.594593332537267
0.0129450293986807	0.571033012192185
0.0129483656469305	0.276443760713323
0.0129517036152879	0.0324130709921612
0.0129550433050835	0.0450919832969804
0.0129583847176493	0.0948529336773811
0.0129617278543188	0.0660465997532715
0.0129650727164266	0.0473512286899015
0.0129684193053088	0.067234662875605
0.0129717676223031	0.211381485947575
0.0129751176687482	0.453278544695848
0.0129784694459845	0.488266395923312
0.0129818229553536	0.248480262502182
0.0129851781981986	0.0964686767455624
0.0129885351758638	0.19971967526862
0.0129918938896952	0.411416044939001
0.0129952543410399	0.514835263945057
0.0129986165312465	0.332325730148605
0.0130019804616651	0.0412619124056667
0.013005346133647	0.0705569409746465
0.0130087135485451	0.331653493606352
0.0130120827077135	0.361541471117293
0.013015453612508	0.15835252512759
0.0130188262642854	0.107809070642278
0.0130222006644042	0.389093751804327
0.0130255768142243	0.828376962210364
0.0130289547151069	0.929221913881698
0.0130323343684146	0.521102430180255
0.0130357157755115	0.130240656571565
0.0130390989377631	0.215879273176514
0.0130424838565363	0.417274232677478
0.0130458705331994	0.315418487699447
0.0130492589691222	0.0773811487835422
0.0130526491656758	0.0763669525039687
0.0130560411242328	0.458668882439783
0.0130594348461673	0.880631973973693
0.0130628303328546	0.80141646967548
0.0130662275856717	0.381432693359381
0.0130696266059968	0.2664763738506
0.0130730273952098	0.528942419068805
0.0130764299546918	0.648255808776187
0.0130798342858254	0.429258999509531
0.0130832403899947	0.107192699800886
0.0130866482685852	0.0273768809084339
0.0130900579229838	0.279860706949114
0.013093469354579	0.457744387427287
0.0130968825647605	0.271408486211788
0.0131002975549197	0.0827056010889091
0.0131037143264493	0.221156002518858
0.0131071328807434	0.456860240612554
0.0131105532191978	0.511471739541661
0.0131139753432096	0.348917258962275
0.0131173992541773	0.103593607666815
0.0131208249535009	0.00206917441031652
0.013124252442582	0.0884036346346134
0.0131276817228235	0.100323961959301
0.0131311127956298	0.016942241140477
0.0131345456624067	0.0374613027300643
0.0131379803245618	0.134618507584378
0.0131414167835038	0.220088905461494
0.0131448550406429	0.308171426369576
0.0131482950973911	0.277371307614007
0.0131517369551615	0.104501339868518
0.0131551806153689	0.0151256023205121
0.0131586260794295	0.0844369452297236
0.0131620733487611	0.201210817413477
0.0131655224247828	0.280819468069157
0.0131689733089153	0.209777735307308
0.0131724260025808	0.0320595815957362
0.013175880507203	0.0465533915608854
0.0131793368242069	0.252316733671283
0.0131827949550193	0.286057533309112
0.0131862549010684	0.111765678946778
0.0131897166637836	0.0280781551688242
0.0131931802445964	0.183284996678589
0.0131966456449392	0.471304787043248
0.0132001128662462	0.560397669118908
0.0132035819099531	0.306055970966615
0.0132070527774972	0.0688158846489075
0.013210525470317	0.212971681483821
0.0132139999898528	0.425885886549495
0.0132174763375463	0.32908864189962
0.0132209545148408	0.0887447225566214
0.0132244345231809	0.0481767023656952
0.0132279163640131	0.309973157318192
0.013231400038785	0.605945619722331
0.0132348855489461	0.534693273847174
0.0132383728959471	0.237603376872303
0.0132418620812405	0.222857409640714
0.0132453531062802	0.507127777726978
0.0132488459725215	0.597436084672988
0.0132523406814216	0.347540903241683
0.013255837234439	0.0723795865385204
0.0132593356330336	0.0407195534705391
0.0132628358786672	0.24745748294655
0.0132663379728028	0.352573075848832
0.0132698419169052	0.182817685414319
0.0132733477124405	0.0595338339395703
0.0132768553608767	0.230534199063095
0.013280364863683	0.407088005384386
0.0132838762223303	0.33410805608189
0.0132873894382911	0.13976459061466
0.0132909045130394	0.00873533603966954
0.0132944214480508	0.0378636480060776
0.0132979402448024	0.137476204035521
0.0133014609047729	0.104144303946522
0.0133049834294426	0.00475120714644478
0.0133085078202933	0.0590848255006062
0.0133120340788084	0.177854001545354
0.0133155622064729	0.17066929729406
0.0133190922047733	0.10836952508038
0.0133226240751979	0.0603511968697059
0.0133261578192362	0.0154471556141319
0.0133296934383796	0.0145600174223478
0.0133332309341209	0.0399855699856499
0.0133367703079546	0.0502435568843191
0.0133403115613768	0.0952307291111752
0.0133438546958851	0.121517912287422
0.0133473997129787	0.0447712552204258
0.0133509466141584	0.00571868940061195
0.0133544954009266	0.101698662166357
0.0133580460747874	0.153744464754958
0.0133615986372463	0.079564323326925
0.0133651530898107	0.00929355369035395
0.0133687094339892	0.0202579741665122
0.0133722676712924	0.112734917763718
0.0133758278032322	0.182543587423779
0.0133793898313224	0.104748837539563
0.013382953757078	0.0202329708989633
0.0133865195820162	0.139657103968987
0.0133900873076552	0.296010500243642
0.0133936569355153	0.239369247462773
0.0133972284671181	0.0713490871653747
0.0134008019039871	0.00176571784676284
0.0134043772476471	0.0789340601753002
0.0134079544996249	0.192505591176669
0.0134115336614485	0.171154400528629
0.013415114734648	0.0633554908978897
0.0134186977207548	0.129224674899613
0.0134222826213021	0.346263267958839
0.0134258694378245	0.391425827404633
0.0134294581718587	0.21233538791521
0.0134330488249425	0.0408167109756692
0.0134366413986158	0.0129313642950308
0.0134402358944198	0.0871899685985259
0.0134438323138976	0.115445466535965
0.0134474306585939	0.03577080998913
0.0134510309300549	0.0316740067742554
0.0134546331298287	0.196216691953646
0.0134582372594648	0.290057075639403
0.0134618433205145	0.179737731542617
0.0134654513145308	0.0374206660180266
0.0134690612430683	0.0095425620746103
0.0134726731076834	0.067623033320621
0.0134762869099338	0.109300476021622
0.0134799026513794	0.0583797501726292
0.0134835203335813	0.00113663883416332
0.0134871399581025	0.0753163265157913
0.0134907615265078	0.169246864951801
0.0134943850403634	0.119590141155322
0.0134980105012373	0.0204515001746175
0.0135016379106994	0.00945177043407978
0.0135052672703208	0.0535446365631329
0.0135088985816749	0.0850069922985017
0.0135125318463362	0.0623516612337261
0.0135161670658813	0.0109549352050397
0.0135198042418884	0.0221257310857928
0.0135234433759373	0.0800274323024067
0.0135270844696096	0.0646790478266758
0.0135307275244885	0.0185709752263957
0.0135343725421591	0.0584670552341007
0.013538019524208	0.133156518830498
0.0135416684722236	0.1510153713905
0.013545319387796	0.112715158999969
0.0135489722725171	0.0469240434917568
0.0135526271279804	0.0021202302198865
0.0135562839557812	0.0106940568186721
0.0135599427575164	0.0130397548125336
0.0135636035347847	0.00552673078404863
0.0135672662891867	0.0662571378979072
0.0135709310223243	0.147406632404991
0.0135745977358017	0.144927106308412
0.0135782664312243	0.0867659521571214
0.0135819371101995	0.0380394024686276
0.0135856097743366	0.00841614406275868
0.0135892844252462	0.000856017131720405
0.013592961064541	0.00111720700730542
0.0135966396938353	0.00822885607184224
0.0136003203147452	0.075008216712122
0.0136040029288886	0.171111814159472
0.0136076875378849	0.171528971719796
0.0136113741433557	0.0857065888435371
0.0136150627469239	0.0226209565885739
0.0136187533502145	0.00517199609359372
0.013622445954854	0.000794723491923129
0.0136261405624708	0.00183162741370721
0.0136298371746951	0.0188757227709734
0.0136335357931588	0.0886004817372287
0.0136372364194956	0.195876700590108
0.013640939055341	0.220837281973503
0.0136446437023322	0.135167513758029
0.0136483503621083	0.0510489080226288
0.0136520590363099	0.0347446168119972
0.0136557697265799	0.0369173305313128
0.0136594824345624	0.0216564565526792
0.0136631971619037	0.00127946088773404
0.0136669139102517	0.0187203789772584
0.0136706326812562	0.10042388947426
0.0136743534765688	0.17613969877145
0.0136780762978427	0.170674836461543
0.0136818011467331	0.130103081283361
0.013685528024897	0.125701933788071
0.0136892569339931	0.13178095463512
0.013692987875682	0.105559927816646
0.013696720851626	0.0531342629692904
0.0137004558634894	0.00664289587653132
0.0137041929129381	0.00974538693731186
0.0137079320016399	0.0638614143987471
0.0137116731312646	0.115869824010426
0.0137154163034836	0.151518406197309
0.0137191615199701	0.201922621313142
0.0137229087823993	0.250184114703507
0.0137266580924481	0.258062438680022
0.0137304094517953	0.222660978476905
0.0137341628621216	0.156314383603819
0.0137379183251093	0.0770515088398361
0.0137416758424428	0.0208526366565662
0.0137454354158083	0.00155155444249824
0.0137491970468936	0.0137507961635298
0.0137529607373887	0.0535051017478355
0.0137567264889852	0.0980971954006924
0.0137604943033767	0.12301356656341
0.0137642641822585	0.136813926658727
0.0137680361273279	0.153097211709334
0.0137718101402841	0.153084680291715
0.013775586222828	0.125908880438564
0.0137793643766624	0.0895227934881126
0.013783144603492	0.0634630200074397
0.0137869269050236	0.0571948290065038
0.0137907112829654	0.0561977932669894
0.0137944977390278	0.0392849357185512
0.0137982862749231	0.0200228270494538
0.0138020768923653	0.0330343235954373
0.0138058695930704	0.0857482190267923
0.0138096643787563	0.146494179373797
0.0138134612511427	0.191347585208293
0.0138172602119513	0.21283274792243
0.0138210612629056	0.228390389239936
0.013824864405731	0.248127374983029
0.013828669642155	0.245143197153645
0.0138324769739067	0.195251032439722
0.0138362864027172	0.106663517767927
0.0138400979303197	0.0275203444475492
0.013843911558449	0.00206028750283245
0.0138477272888421	0.0255419990686529
0.0138515451232378	0.0685506847283909
0.0138553650633767	0.118873955329682
0.0138591871110015	0.193315987067948
0.0138630112678567	0.297733919261256
0.0138668375356888	0.391198468301309
0.0138706659162463	0.379149001295506
0.0138744964112794	0.269855310214322
0.0138783290225404	0.131171954410002
0.0138821637517836	0.0425564660937195
0.0138860006007651	0.00818648043367351
0.0138898395712429	0.00196541848592615
0.0138936806649771	0.0273999269205909
0.0138975238837298	0.119584845723083
0.0139013692292647	0.288209886994085
0.0139052167033479	0.439147161874618
0.0139090663077471	0.471495524658871
0.0139129180442322	0.374915199420686
0.0139167719145749	0.264004278822018
0.0139206279205489	0.197896483124991
0.0139244860639299	0.165339188911926
0.0139283463464956	0.125532037043701
0.0139322087700256	0.0672319125562747
0.0139360733363016	0.0406924842419979
0.013939940047107	0.0865455538301418
0.0139438089042275	0.146626350668931
0.0139476799094506	0.155076939368224
0.0139515530645658	0.143438364425845
0.0139554283713647	0.16055852561084
0.0139593058316407	0.232895033213931
0.0139631854471895	0.328463621776251
0.0139670672198084	0.351327514762712
0.0139709511512969	0.250386423270462
0.0139748372434567	0.113286087333472
0.0139787254980911	0.0311628523990953
0.0139826159170057	0.00540592253139021
0.013986508502008	0.00092278039287015
0.0139904032549076	0.00526469623327618
0.013994300177516	0.0594072706928279
0.0139981992716468	0.230678438083679
0.0140021005391156	0.461273239591569
0.01400600398174	0.566918259506995
0.0140099096013396	0.47437445875082
0.0140138173997362	0.327171083769529
0.0140177273787534	0.271813566541459
0.014021639540217	0.293312115340718
0.0140255538859548	0.267985522150806
0.0140294704177965	0.125755074916035
0.0140333891375742	0.0043412829002195
0.0140373100471216	0.07329738185387
0.0140412331482748	0.24639281092373
0.0140451584428717	0.320802686037703
0.0140490859327525	0.300185133391196
0.0140530156197594	0.35325867297671
0.0140569475057364	0.532388738882585
0.0140608815925298	0.694139402183179
0.0140648178819881	0.617772365348975
0.0140687563759615	0.308761674919184
0.0140726970763026	0.0515050280576513
0.0140766399848659	0.0155565903011914
0.0140805851035081	0.0635629222646228
0.0140845324340878	0.0671408822217666
0.0140884819784658	0.110114810975248
0.0140924337385051	0.312448163202832
0.0140963877160706	0.635040586876323
0.0141003439130293	0.828230314585574
0.0141043023312505	0.709678210253282
0.0141082629726054	0.380007922636225
0.0141122258389673	0.144619490020338
0.0141161909322118	0.0772500817339834
0.0141201582542164	0.0689160029040528
0.0141241278068608	0.0707852287846969
0.0141280995920268	0.100362365642962
0.0141320736115984	0.18806966747771
0.0141360498674615	0.31957477417566
0.0141400283615044	0.366161592646882
0.0141440090956174	0.264590181148499
0.0141479920716928	0.145875213544182
0.0141519772916252	0.134332659521646
0.0141559647573113	0.223267506266059
0.0141599544706499	0.355160598753505
0.0141639464335421	0.414607312431833
0.0141679406478909	0.299413260943433
0.0141719371156015	0.116828658521497
0.0141759358385815	0.0252545006767645
0.0141799368187403	0.0135988384181667
0.0141839400579896	0.00688429644763494
0.0141879455582435	0.00642783510309283
0.0141919533214178	0.0914946132723374
0.0141959633494308	0.361182210756605
0.0141999756442029	0.709869891527052
0.0142039902076567	0.817537178668552
0.0142080070417168	0.574069514883472
0.0142120261483101	0.265318144459629
0.0142160475293658	0.189074505653904
0.0142200711868151	0.261288436848329
0.0142240971225915	0.251648542061669
0.0142281253386305	0.0905280240945146
0.0142321558368701	0.0302307694003089
0.0142361886192503	0.283456306793263
0.0142402236877133	0.608786318257624
0.0142442610442035	0.634656333650001
0.0142483006906676	0.436596158984819
0.0142523426290544	0.439560242869592
0.014256386861315	0.703433984002562
0.0142604333894027	0.886506441192534
0.0142644822152729	0.678688159294389
0.0142685333408835	0.22130731181996
0.0142725867681942	3.68433357698154E-05
0.0142766424991674	0.156725815935609
0.0142807005357673	0.30583157506246
0.0142847608799607	0.234881525824817
0.0142888235337164	0.239197773600918
0.0142928884990054	0.575649333599468
0.0142969557778013	1.01269626019771
0.0143010253720795	1.13599372485267
0.0143050972838179	0.772724804258946
0.0143091715149967	0.258772507943471
0.0143132480675981	0.0274704682525267
0.0143173269436069	0.0487085011756736
0.0143214081450099	0.0332332478720054
0.0143254916737962	0.00771668726656458
0.0143295775319572	0.164435966882449
0.0143336657214868	0.474263713523797
0.0143377562443807	0.712464786945556
0.0143418491026374	0.660803387853796
0.0143459442982572	0.35784908337849
0.0143500418332431	0.114437888359479
0.0143541417096001	0.114588687872532
0.0143582439293356	0.207470952315145
0.0143623484944593	0.267845388812346
0.0143664554069833	0.289216196754292
0.0143705646689217	0.238916952134284
0.0143746762822913	0.15688495216965
0.0143787902491108	0.130022508909974
0.0143829065714016	0.100360833562605
0.0143870252511871	0.0295251130888679
0.0143911462904932	0.0170646905710727
0.0143952696913481	0.152134631722304
0.0143993954557823	0.43606798554222
0.0144035235858286	0.743953923318565
0.0144076540835222	0.780926732872914
0.0144117869509005	0.439566495711396
0.0144159221900035	0.100831398573759
0.0144200598028732	0.0622683362876574
0.0144241997915541	0.156877796673093
0.0144283421580933	0.140648379722561
0.0144324869045398	0.0550574418025976
0.0144366340329453	0.152527798519459
0.0144407835453637	0.553124780057701
0.0144449354438512	0.896959525054009
0.0144490897304667	0.761570347971587
0.014453246407271	0.395685957600796
0.0144574054763275	0.368065297448055
0.0144615669397022	0.678927933662261
0.0144657307994631	0.816866178624342
0.0144698970576807	0.519570927683926
0.014474065716428	0.0941660787501169
0.0144782367777804	0.0635497345350971
0.0144824102438154	0.431855178146545
0.0144865861166133	0.608954138975651
0.0144907643982565	0.392426631522947
0.0144949450908299	0.295012942344989
0.0144991281964209	0.684702063760818
0.0145033137171192	1.16767621129956
0.0145075016550169	1.15177308335066
0.0145116920122086	0.635417297462987
0.0145158847907912	0.101963965181357
0.0145200799928642	0.0316579236309723
0.0145242776205294	0.202723505768558
0.014528477675891	0.152480106529454
0.0145326801610558	0.0183523851759806
0.0145368850781328	0.237114682857668
0.0145410924292337	0.736709507704709
0.0145453022164725	1.03503725802862
0.0145495144419656	0.852428941992347
0.0145537291078319	0.363941169553962
0.0145579462161929	0.070436746850949
0.0145621657691724	0.158499948656376
0.0145663877688967	0.290208348197598
0.0145706122174945	0.211805179038044
0.014574839117097	0.124973268089459
0.0145790684698381	0.169347936519218
0.0145833002778538	0.275967565951415
0.0145875345432829	0.343146454161668
0.0145917712682665	0.246954465867541
0.0145960104549483	0.0615993537503669
0.0146002521054743	0.0402089604809447
0.0146044962219932	0.250949431229972
0.0146087428066562	0.490941510364682
0.0146129918616168	0.612430510771529
0.0146172433890312	0.513535090521792
0.0146214973910581	0.218681169609331
0.0146257538698586	0.0142982886560389
0.0146300128275964	0.0475449729365998
0.0146342742664377	0.0918795975212193
0.0146385381885511	0.0364562821206249
0.0146428045961081	0.0743847897160442
0.0146470734912823	0.343020448504892
0.01465134487625	0.736870408016685
0.0146556187531902	0.925133687064252
0.0146598951242842	0.627699186063951
0.014664173991716	0.205095895686425
0.0146684553576721	0.196706072156344
0.0146727392243415	0.489858561956105
0.0146770255939158	0.541732304575668
0.0146813144685892	0.25828094734493
0.0146856058505585	0.0359518945430269
0.014689899742023	0.217628241820131
0.0146941961451845	0.647645103321083
0.0146984950622475	0.738029709812132
0.014702796495419	0.377148633225798
0.0147071004469087	0.188561439354926
0.0147114069189288	0.539435047060178
0.0147157159136941	0.924983754941755
0.0147200274334219	0.828107613577663
0.0147243414803322	0.352470116845972
0.0147286580566478	0.0164419305040549
0.0147329771645937	0.141975176079327
0.0147372988063978	0.403072800870438
0.0147416229842906	0.309786127602533
0.014745949700505	0.0540679533528688
0.0147502789572768	0.215693724432044
0.0147546107568442	0.72520913391805
0.0147589451014482	0.996047060530766
0.0147632819933324	0.775535388937559
0.0147676214347429	0.269055516551201
0.0147719634279286	0.025432322782452
0.014776307975141	0.22107207870668
0.0147806550786342	0.418327302799878
0.0147850047406651	0.253336346227807
0.014789356963493	0.0436957830494521
0.01479371174938	0.120500697846012
0.0147980691005911	0.359778861489254
0.0148024290193935	0.495532475425275
0.0148067915080575	0.357504890785943
0.0148111565688557	0.0824135618835903
0.0148155242040638	0.0522864598074849
0.0148198944159598	0.333711150554596
0.0148242672068246	0.527990552620445
0.0148286425789417	0.444954715797217
0.0148330205345974	0.233999915296449
0.0148374010760807	0.0789969858261292
0.0148417842056831	0.0940246392929035
0.014846169925699	0.197676985534575
0.0148505582384255	0.146793142937333
0.0148549491461624	0.00454184370136628
0.0148593426512122	0.128538466534391
0.01486373875588	0.500450862746533
0.014868137462474	0.759014496844185
0.0148725387733046	0.701531461067836
0.0148769426906855	0.341130348140598
0.0148813492169326	0.0313310327092594
0.0148857583543651	0.110697827451369
0.0148901701053044	0.339389872081163
0.0148945844720751	0.278448844760253
0.0148990014570043	0.0621944194273442
0.0149034210624219	0.0774677589851794
0.0149078432906607	0.358081560202082
0.014912268144056	0.635236124519512
0.0149166956249462	0.576974070751102
0.0149211257356723	0.210221517786043
0.0149255584785781	0.0345918470062815
0.0149299938560101	0.272749391754524
0.0149344318703177	0.491376473324657
0.0149388725238531	0.361127809740959
0.0149433158189714	0.108050918573198
0.0149477617580301	0.0498463085409084
0.01495221034339	0.250774940361443
0.0149566615774144	0.461255520134013
0.0149611154624696	0.340816710114511
0.0149655720009245	0.0507852562148373
0.0149700311951509	0.0908482520953371
0.0149744930475237	0.431051419081215
0.0149789575604203	0.614244882736039
0.0149834247362209	0.445502463252799
0.0149878945773089	0.134626516545812
0.0149923670860703	0.0036678731159325
0.0149968422648938	0.219621109088982
0.0150013201161714	0.445587692755465
0.0150058006422974	0.316557560388689
0.0150102838456695	0.0496353763107099
0.0150147697286879	0.0539856332427504
0.0150192582937557	0.274453161194015
0.0150237495432792	0.436826121019947
0.0150282434796671	0.352118817028041
0.0150327401053313	0.0849356472148798
0.0150372394226866	0.0308184672432447
0.0150417414341506	0.318721149786637
0.0150462461421436	0.506515130277444
0.0150507535490892	0.3316977338376
0.0150552636574137	0.0795454841386752
0.0150597764695462	0.0442225048739841
0.0150642919879189	0.227018697840067
0.0150688102149668	0.393647836088858
0.0150733311531279	0.270033302030484
0.015077854804843	0.0302649489950731
0.0150823811725561	0.136546930480389
0.0150869102587139	0.503229543620645
0.015091442065766	0.635328443057825
0.0150959765961652	0.400811906264926
0.0151005138523669	0.0982760824564285
0.0151050538368298	0.0137538371472946
0.0151095965520154	0.204682936258604
0.0151141420003881	0.345363010062555
0.0151186901844153	0.174041019932892
0.0151232411065675	0.000581110561901036
0.015127794769318	0.145989201591092
0.0151323511751432	0.384258771658682
0.0151369103265225	0.421415015951656
0.0151414722259381	0.260228582842471
0.0151460368758754	0.0654229198942133
0.0151506042788227	0.0403305588268576
0.0151551744372713	0.189873927115803
0.0151597473537156	0.209648794246142
0.015164323030653	0.0604360566284625
0.0151689014705837	0.0274790364778429
0.0151734826760111	0.154597173487869
0.0151780666494417	0.270449570847104
0.0151826533933849	0.316555437063114
0.0151872429103531	0.234152362214361
0.015191835202862	0.0655581748539969
0.0151964302734299	0.0315427863602664
0.0152010281245785	0.129451382788919
0.0152056287588326	0.162237575371451
0.0152102321787197	0.128934367467851
0.0152148383867706	0.0791398351162936
0.0152194473855192	0.0359711275204202
0.0152240591775025	0.14129679748098
0.0152286737652603	0.337327889124325
0.0152332911513357	0.324246989878273
0.015237911338275	0.117649998002085
0.0152425343286272	0.00891431443581023
0.0152471601249449	0.0801026537255931
0.0152517887297834	0.21719986088938
0.0152564201457012	0.259013717392288
0.01526105437526	0.108277605412668
0.0152656914210245	0.0069636664416781
0.0152703312855627	0.202759511929003
0.0152749739714455	0.39880589949546
0.0152796194812471	0.270509079603499
0.0152842678175446	0.0392679870721423
0.0152889189829186	0.0348124893645647
0.0152935729799526	0.257707778956357
0.0152982298112332	0.460528299281696
0.0153028894793503	0.356920377419443
0.0153075519868969	0.0719146948729519
0.0153122173364691	0.0740854351769673
0.0153168855306663	0.350468373585056
0.0153215565720909	0.412602359596311
0.0153262304633486	0.173408240266712
0.0153309072070483	0.0033475623742502
0.0153355868058021	0.113951885397009
0.015340269262225	0.379432485411835
0.0153449545789356	0.464341593900019
0.0153496427585554	0.223094384380982
0.0153543338037094	0.0239356678376602
0.0153590277170254	0.143760290151647
0.0153637245011349	0.285904589045401
0.0153684241586721	0.175344083541701
0.0153731266922749	0.0407153661523479
0.0153778321045842	0.0956191673944626
0.015382540398244	0.277140293734417
0.0153872515759019	0.394287501622588
0.0153919656402084	0.267175149728121
0.0153966825938174	0.0556217080591583
0.0154014024393861	0.0760366509406253
0.0154061251795749	0.221804938988692
0.0154108508170475	0.199644166566934
0.0154155793544707	0.108116860693928
0.0154203107945148	0.131715721025459
0.0154250451398532	0.199742541724169
0.0154297823931628	0.206667451637656
0.0154345225571237	0.127883723180625
0.0154392656344191	0.0166260868824996
0.0154440116277357	0.0297454666586815
0.0154487605397635	0.134462520223251
0.0154535123731958	0.111985607235397
0.0154582671307291	0.0548793786628425
0.0154630248150634	0.167457405239718
0.0154677854289018	0.303835399010352
0.015472548974951	0.249276558876771
0.0154773154559207	0.0928660700886373
0.0154820848745244	0.00374377808257971
0.0154868572334785	0.065979134703007
0.015491632535503	0.201652554350513
0.0154964107833211	0.180882487075015
0.0155011919796596	0.0362791441010142
0.0155059761272484	0.0754780405777126
0.0155107632288209	0.240825978169867
0.0155155532871138	0.225862717376139
0.0155203463048674	0.0622284066404396
0.0155251422848251	0.0199281387975218
0.0155299412297339	0.171918781799033
0.0155347431423441	0.374732210161066
0.0155395480254094	0.365980734125696
0.0155443558816869	0.125870897399633
0.0155491667139373	0.00803791076597077
0.0155539805249243	0.142383392020005
0.0155587973174155	0.208617563794974
0.0155636170941817	0.0709482731193984
0.015568439857997	0.0169763799436574
0.0155732656116393	0.192043703239847
0.0155780943578895	0.447227854009124
0.0155829260995324	0.518196295395124
0.0155877608393559	0.29686784506444
0.0155925985801516	0.055257939343753
0.0155974393247144	0.0648561035134945
0.0156022830758427	0.134192770421837
0.0156071298363385	0.0473257112260192
0.0156119796090072	0.0225330324050114
0.0156168323966577	0.252078228623205
0.0156216882021023	0.572824878847349
0.0156265470281569	0.687795353403226
0.015631408877641	0.508009204386785
0.0156362737533773	0.213423597385414
0.0156411416581924	0.121298471996759
0.0156460125949161	0.168223035196689
0.0156508865663819	0.0969521642392475
0.0156557635754268	0.00289720734003775
0.0156606436248914	0.149535523733541
0.0156655267176196	0.429142661792375
0.0156704128564591	0.542999214099306
0.0156753020442612	0.424821977121106
0.0156801942838804	0.20322881891805
0.0156850895781751	0.125565045327505
0.0156899879300072	0.189897044547449
0.0156948893422421	0.15796920775693
0.0156997938177489	0.0187870691702633
0.0157047013594001	0.0641804794439736
0.0157096119700719	0.295030230245163
0.0157145256526442	0.420087858127234
0.0157194424100004	0.330088303258164
0.0157243622450274	0.162776759538017
0.015729285160616	0.113642482167749
0.0157342111596603	0.212213167022483
0.0157391402450583	0.251747713713806
0.0157440724197114	0.107074635728182
0.0157490076865248	0.0154502610074377
0.0157539460484073	0.113911906331485
0.0157588875082714	0.189437187346593
0.0157638320690331	0.119392542746977
0.0157687797336122	0.0444213719595481
0.0157737305049321	0.0880548315736634
0.01577868438592	0.234174259572132
0.0157836413795065	0.321672096590115
0.0157886014886263	0.19722931819632
0.0157935647162173	0.0241550574803442
0.0157985310652215	0.023619005854563
0.0158035005385844	0.0902804810350118
0.0158084731392553	0.0654568231840217
0.0158134488701871	0.0556545985449893
0.0158184277343366	0.170850383070199
0.0158234097346641	0.345513779986176
0.0158283948741337	0.426302406704917
0.0158333831557135	0.303203666418019
0.0158383745823749	0.0839375574344841
0.0158433691570933	0.00141352604537369
0.015848366882848	0.0543613297827453
0.0158533677626217	0.0789398204668093
0.0158583717994011	0.141686330429746
0.0158633789961767	0.376025156117953
0.0158683893559426	0.659531816531537
0.0158734028816968	0.785720642634694
0.0158784195764411	0.625832580390134
0.0158834394431811	0.313213458814872
0.0158884624849262	0.09208284695922
0.0158934887046894	0.0487382012363356
0.0158985181054879	0.0408693666995748
0.0159035506903425	0.0507430414915605
0.0159085864622777	0.24668481710143
0.015913625424322	0.584071624978179
0.0159186675795079	0.779603022324113
0.0159237129308713	0.70377164788183
0.0159287614814524	0.437849551246809
0.015933813234295	0.213248639676959
0.0159388681924468	0.139468503263744
0.0159439263589594	0.116245911324821
0.0159489877368883	0.0343976340518884
0.0159540523292928	0.0610163326183034
0.0159591201392361	0.297183260704961
0.0159641911697855	0.539786942432785
0.0159692654240119	0.566772563680831
0.0159743429049903	0.411908722064655
0.0159794236157995	0.250883587753216
0.0159845075595223	0.2046329993066
0.0159895947392454	0.222412428277151
0.0159946851580593	0.138651643836734
0.0159997788190587	0.0145051485998531
0.0160048757253421	0.0456751454456952
0.0160099758800119	0.173532099681726
0.0160150792861744	0.202819557991142
0.0160201859469402	0.137774021321289
0.0160252958654235	0.0917293034347396
0.0160304090447426	0.136723746754243
0.0160355254880199	0.24155157775293
0.0160406451983816	0.242389839199139
0.0160457681789579	0.108516561187457
0.0160508944328832	0.0281259094242075
0.0160560239632958	0.0761907442236385
0.0160611567733379	0.108084878224254
0.0160662928661558	0.0831099809444651
0.0160714322448999	0.0928135053264359
0.0160765749127246	0.16040149427044
0.0160817208727883	0.238758028372473
0.0160868701282534	0.242548168011046
0.0160920226822864	0.128663108873764
0.0160971785380579	0.0442326831869175
0.0161023376987426	0.107175760325622
0.0161075001675191	0.208748832246008
0.0161126659475702	0.256994948893336
0.0161178350420829	0.340396300559957
0.0161230074542479	0.48515688010656
0.0161281831872604	0.574611915702783
0.0161333622443196	0.50791615859558
0.0161385446286287	0.284203815322009
0.0161437303433951	0.0585332869144405
0.0161489193918302	0.01142726171274
0.0161541117771499	0.103716342506472
0.0161593075025737	0.185594764099052
0.0161645065713256	0.30726321935558
0.0161697089866338	0.538930896854706
0.0161749147517304	0.737549201415018
0.0161801238698518	0.700325806763952
0.0161853363442386	0.460771371013916
0.0161905521781355	0.166329007095762
0.0161957713747915	0.0255023768188891
0.0162009939374596	0.0590015590063547
0.0162062198693971	0.091118836919441
0.0162114491738657	0.107842956765308
0.0162166818541309	0.271419247769903
0.0162219179134628	0.525555534519817
0.0162271573551354	0.631937284511913
0.0162324001824273	0.51759226593056
0.016237646398621	0.284769739784771
0.0162428960070035	0.113824062469277
0.0162481490108658	0.092744679798129
0.0162534054135034	0.0951834310463632
0.0162586652182158	0.0193858477217374
0.0162639284283071	0.0250282997784823
0.0162691950470855	0.183800573144002
0.0162744650778634	0.302414715527719
0.0162797385239576	0.256205759778854
0.0162850153886893	0.14622712020169
0.0162902956753837	0.0868948588935776
0.0162955793873708	0.131121982951075
0.0163008665279844	0.208576540551586
0.0163061571005629	0.166455884664054
0.016311451108449	0.0783465843289011
0.0163167485549899	0.108520949791823
0.0163220494435367	0.162963781888269
0.0163273537774454	0.110487227306013
0.016332661560076	0.03924646455149
0.016337972794793	0.031000121068536
0.0163432874849653	0.0779480165364695
0.016348605633966	0.149939621114046
0.0163539272451729	0.178425358036317
0.016359252321968	0.169029640440599
0.0163645808677376	0.244625538631582
0.0163699128858727	0.333594113250947
0.0163752483797685	0.284686549963256
0.0163805873528248	0.192445671455659
0.0163859298084457	0.202303747709109
0.0163912757500397	0.249010327625697
0.0163966251810199	0.242121789984018
0.0164019781048037	0.186447053218525
0.0164073345248132	0.126618372798539
0.0164126944444747	0.165616197265583
0.0164180578672192	0.286904604608197
0.016423424796482	0.313777404976779
0.0164287952357031	0.271885853052731
0.0164341691883267	0.341967376093291
0.0164395466578018	0.477199051657367
0.0164449276475818	0.439756452106053
0.0164503121611247	0.254054394268978
0.0164557002018928	0.0722314417006739
0.0164610917733532	0.0246379516870743
0.0164664868789774	0.133592379623323
0.0164718855222416	0.201734333062818
0.0164772877066263	0.154781961804724
0.0164826934356168	0.213836408139417
0.0164881027127029	0.429948477147934
0.016493515541379	0.523828701185339
0.016498931925144	0.388897235830269
0.0165043518675015	0.169415385163437
0.0165097753719597	0.0186276280283146
0.0165152024420314	0.0183046616441389
0.016520633081234	0.0703110785363453
0.0165260672930895	0.0256680327042646
0.0165315050811245	0.0279365170934053
0.0165369464488705	0.223253882081344
0.0165423913998633	0.390586217121494
0.0165478399376436	0.33250190565293
0.0165532920657566	0.166253584825477
0.0165587477877524	0.0449102371618519
0.0165642071071856	0.0337535468392554
0.0165696700276155	0.116989335084752
0.0165751365526061	0.137936551251432
0.0165806066857262	0.0868230019120651
0.0165860804305492	0.129278067929153
0.0165915577906533	0.209205902088743
0.0165970387696215	0.151916942480099
0.0166025233710412	0.0457909885919209
0.016608011598505	0.00580162370133904
0.0166135034556098	0.00375855186309958
0.0166189989459577	0.0632322698252832
0.0166244980731553	0.177811688949143
0.0166300008408139	0.267549033800206
0.0166355072525499	0.344905286515447
0.0166410173119842	0.368484679926399
0.0166465310227427	0.231364370330156
0.0166520483884558	0.0557499914795973
0.0166575694127592	0.0266480886551759
0.0166630940992929	0.0461350082332164
0.0166686224517021	0.0382574272141791
0.0166741544736367	0.117827972463766
0.0166796901687515	0.283166842874436
0.0166852295407061	0.447199336009652
0.016690772593165	0.510283420380822
0.0166963193297975	0.365114151457294
0.0167018697542779	0.164493814029769
0.0167074238702852	0.162037126106668
0.0167129816815036	0.264926887869372
0.0167185431916218	0.187973990511763
0.0167241084043339	0.0472197595218466
0.0167296773233384	0.0705892462620159
0.0167352499523391	0.23897681898336
0.0167408262950446	0.392398984559304
0.0167464063551685	0.362483128443886
0.0167519901364293	0.176187701128891
0.0167575776425504	0.154391041306611
0.0167631688772604	0.339993349347642
0.0167687638442925	0.385962310741822
0.0167743625473853	0.189761949132043
0.0167799649902821	0.0373927770165228
0.0167855711767314	0.0550557916759404
0.0167911811104865	0.148793903145252
0.016796794795306	0.179200907262485
0.0168024122349531	0.0728343267225842
0.0168080334331966	0.0450333263997936
0.0168136583938098	0.264808002918184
0.0168192871205714	0.448695105231437
0.0168249196172651	0.338540769998384
0.0168305558876796	0.12252988121168
0.0168361959356087	0.0170574070710289
0.0168418397648513	0.00957056409979972
0.0168474873792114	0.0626056228880912
0.016853138782498	0.0793056906357661
0.0168587939785254	0.0460139702915478
0.016864452971113	0.113262107853829
0.0168701157640851	0.226858473387205
0.0168757823612714	0.18959897299605
0.0168814527665066	0.087227756824344
0.0168871269836306	0.0559774683511487
0.0168928050164885	0.0194225259498662
0.0168984868689305	0.00955192019673895
0.016904172544812	0.120589579374549
0.0169098620479937	0.253296493093799
0.0169155553823414	0.32936576790737
0.016921252551726	0.302690285512753
0.0169269535600238	0.146116465627753
0.0169326584111163	0.0138766926996201
0.0169383671088901	0.0525028715856246
0.0169440796572373	0.0791404872554841
0.0169497960600549	0.0121194896213246
0.0169555163212455	0.110578568384267
0.0169612404447167	0.416847750799147
0.0169669684343816	0.664379537006773
0.0169727002941584	0.611468197377506
0.0169784360279707	0.324837316203253
0.0169841756397474	0.0620734048694488
0.0169899191334228	0.110041741218496
0.0169956665129363	0.257017732402187
0.0170014177822328	0.150099747055091
0.0170071729452625	0.0116146854962499
0.0170129320059809	0.1919570107148
0.017018694968349	0.554344845091716
0.0170244618363331	0.695460081105171
0.0170302326139047	0.500448263637537
0.017036007305041	0.173207855056937
0.0170417859137244	0.11047115745163
0.0170475684439427	0.320160042249785
0.0170533548996892	0.327511258665564
0.0170591452849625	0.0822780349748239
0.0170649396037669	0.0167730797476431
0.0170707378601117	0.234628027008494
0.0170765400580122	0.443832696937147
0.0170823462014886	0.400684021214978
0.017088156294567	0.172582400007092
0.0170939703412788	0.0639353027875801
0.0170997883456609	0.258753017020332
0.0171056103117556	0.430241877144006
0.017111436243611	0.282907670971512
0.0171172661452804	0.0593123633488253
0.0171231000208228	0.0252189380335121
0.0171289378743026	0.0770665838870538
0.01713477970979	0.101362473846325
0.0171406255313605	0.0692116337653339
0.0171464753430952	0.00927867673694929
0.0171523291490809	0.0665618352013402
0.0171581869534099	0.191343811437271
0.0171640487601801	0.18629889987708
0.0171699145734949	0.124465885617968
0.0171757843974636	0.130804867578445
0.0171816582362008	0.0884024036027722
0.0171875360938269	0.00567346689331165
0.0171934179744679	0.045652374016515
0.0171993038822555	0.157273011427594
0.0172051938213269	0.208019696618153
0.0172110877958253	0.173737675351365
0.0172169858098991	0.0769737498835253
0.0172228878677029	0.0699711167336368
0.0172287939733965	0.220805259733929
0.0172347041311459	0.277068266292541
0.0172406183451224	0.134622294987135
0.0172465366195033	0.145496106688116
0.0172524589584715	0.431435034231589
0.0172583853662157	0.645894429232446
0.0172643158469304	0.542139573456346
0.0172702504048158	0.213848738851081
0.0172761890440778	0.00810927796759927
0.0172821317689282	0.163088969670278
0.0172880785835847	0.394198558968424
0.0172940294922705	0.30471854240559
0.017299984499215	0.141487329436035
0.0173059436086531	0.335542078358412
0.0173119068248256	0.721504856590182
0.0173178741519794	0.81961524534478
0.017323845594367	0.51256795358975
0.0173298211562468	0.135590791025992
0.017335800841883	0.0706357823761555
0.0173417846555461	0.293070861780877
0.0173477726015119	0.330968023000888
0.0173537646840626	0.111711656435849
0.0173597609074861	0.103930691896149
0.0173657612760761	0.408844835267244
0.0173717657941326	0.656470085798174
0.0173777744659612	0.5712522191692
0.0173837872958737	0.267254895194392
0.0173898042881877	0.0707384621427101
0.0173958254472269	0.175289014410416
0.0174018507773209	0.30577767530175
0.0174078802828053	0.181522183859271
0.0174139139680219	0.0156087704996641
0.0174199518373182	0.056724659084132
0.0174259938950481	0.161339024326004
0.0174320401455712	0.1779288053404
0.0174380905932533	0.114911604671258
0.0174441452424663	0.0179828826732732
0.0174502040975882	0.0199377131000257
0.017456267163003	0.114351865788682
0.0174623344431007	0.148380404245078
0.0174684059422776	0.142490720927473
0.0174744816649361	0.189956150002993
0.0174805616154847	0.158979950521152
0.0174866457983378	0.0388786095444138
0.0174927342179163	0.00485907448356291
0.0174988268786471	0.0557848388549071
0.0175049237849633	0.0678547937824502
0.0175110249413041	0.0451813901607768
0.017517130352115	0.0522695032230813
0.0175232400218477	0.171802146305944
0.0175293539549599	0.401154681737479
0.0175354721559158	0.475756402075941
0.0175415946291858	0.291467024334618
0.0175477213792464	0.1856593475134
0.0175538524105803	0.319929926370538
0.0175599877276769	0.443751283879885
0.0175661273350313	0.319350377897226
0.0175722712371452	0.0853178163514337
0.0175784194385267	0.00935857384233474
0.0175845719436899	0.23420697825286
0.0175907287571556	0.506762795125752
0.0175968898834505	0.459706991024509
0.0176030553271081	0.293136076144846
0.0176092250926679	0.379701471877545
0.0176153991846758	0.616833351139487
0.0176215776076844	0.629188828903778
0.0176277603662523	0.372209154173949
0.0176339474649448	0.0735047043183847
0.0176401389083333	0.0307126718871735
0.0176463347009959	0.217934678082666
0.0176525348475171	0.287480571771602
0.0176587393524876	0.167142376387533
0.0176649482205049	0.185061787674868
0.0176711614561726	0.423292741499852
0.0176773790641012	0.610514144906278
0.0176836010489074	0.531664345847656
0.0176898274152144	0.278159722706536
0.0176960581676521	0.0692827814510587
0.0177022933108567	0.062102644643819
0.0177085328494712	0.12282969726052
0.0177147767881448	0.0651630740653542
0.0177210251315336	0.00225952951841598
0.0177272778843001	0.0725962102576481
0.0177335350511134	0.166474038815294
0.0177397966366492	0.184528972777726
0.0177460626455898	0.143935164315758
0.0177523330826241	0.0662703684963702
0.0177586079524478	0.0205045832761193
0.0177648872597629	0.056070840717005
0.0177711710092785	0.106212746478575
0.0177774592057099	0.152279251504463
0.0177837518537794	0.215315307609653
0.0177900489582158	0.188448281150197
0.0177963505237548	0.0678763631653842
0.0178026565551386	0.00159578705141254
0.0178089670571163	0.00934018802710611
0.0178152820344436	0.00376846519120944
0.017821601491883	0.00928037484953128
0.0178279254342038	0.0886307346841165
0.017834253866182	0.264098020116698
0.0178405867926004	0.469428070693672
0.0178469242182487	0.527206354188573
0.0178532661479232	0.360382595352165
0.0178596125864273	0.191733890626256
0.017865963538571	0.169873474022761
0.0178723190091711	0.167393370135052
0.0178786790030516	0.0896573460863751
0.017885043525043	0.00869963849038968
0.0178914125799828	0.0493024291044711
0.0178977861727156	0.246490236234281
0.0179041643080925	0.452448728547804
0.0179105469909719	0.443111179250977
0.0179169342262188	0.317657719450726
0.0179233260187056	0.289634216587294
0.0179297223733111	0.326167152454133
0.0179361232949214	0.289923516162569
0.0179425287884297	0.156314565230252
0.0179489388587357	0.0303213553288089
0.0179553535107467	0.0142397322061298
0.0179617727493766	0.106364690369131
0.0179681965795464	0.172017517776229
0.0179746250061843	0.150684232023468
0.0179810580342255	0.17408117003557
0.0179874956686121	0.269930595711114
0.0179939379142935	0.332088288729576
0.018000384776226	0.298389628857586
0.0180068362593733	0.200458754088295
0.0180132923687058	0.0828091691017684
0.0180197531092013	0.0182075596379868
0.0180262184858449	0.0101132126236995
0.0180326885036284	0.00447777694484704
0.0180391631675511	0.0152984591535324
0.0180456424826195	0.0597933714401497
0.0180521264538471	0.0867983563706155
0.0180586150862548	0.0941888045465217
0.0180651083848705	0.113485375196394
0.0180716063547296	0.111510444628339
0.0180781090008746	0.0887356767660294
0.0180846163283552	0.0899612533490045
0.0180911283422285	0.122608630660966
0.0180976450475588	0.17041475311711
0.0181041664494177	0.201685923479178
0.0181106925528843	0.160853348223294
0.0181172233630447	0.0629188605340778
0.0181237588849926	0.00785193959621636
0.018130299123829	0.0176060802390245
0.0181368440846621	0.0448485581049444
0.0181433937726077	0.0926901103395789
0.0181499481927889	0.179330262190621
0.0181565073503362	0.289429734152918
0.0181630712503876	0.397146091386362
0.0181696398980883	0.409752793175687
0.0181762132985912	0.289548370048568
0.0181827914570565	0.145888271620871
0.018189374378652	0.057143523699853
0.018195962068553	0.013183074410124
0.018202554531942	0.00405160407398091
0.0182091517740095	0.0351855786176358
0.018215753799953	0.0992239639929358
0.018222360614978	0.18256375113502
0.0182289722242973	0.249974157927387
0.0182355886331314	0.253183301390438
0.0182422098467081	0.197143163003083
0.0182488358702632	0.129737587319852
0.0182554667090399	0.0762033473759294
0.0182621023682889	0.0438802685780742
0.0182687428532688	0.0405051180560927
0.0182753881692458	0.0474379157766287
0.0182820383214935	0.0504378236665814
0.0182886933152934	0.0588154069784598
0.0182953531559348	0.0752109806591418
0.0183020178487145	0.0851236629966698
0.0183086873989371	0.0847189837765198
0.0183153618119149	0.070494320386975
0.018322041092968	0.0593763840240404
0.0183287252474242	0.074754585825298
0.0183354142806191	0.109341073524025
0.0183421081978963	0.126489862223128
0.0183488070046067	0.114311845259807
0.0183555107061096	0.0921980518830219
0.0183622193077718	0.0761388787218989
0.018368932814968	0.0634886643461754
0.0183756512330807	0.0418757344813669
0.0183823745675005	0.0142018475713162
0.0183891028236257	0.0048197472640865
0.0183958360068625	0.0393970735456561
0.0184025741226252	0.113055500246061
0.0184093171763358	0.190602223730806
0.0184160651734244	0.229037416490407
0.018422818119329	0.225323778657434
0.0184295760194957	0.19589796683083
0.0184363388793784	0.154573915772134
0.0184431067044392	0.101711388181263
0.0184498795001481	0.0431113127526842
0.0184566572719831	0.00642917729933973
0.0184634400254304	0.0382585296034721
0.0184702277659841	0.139378766233931
0.0184770204991467	0.239900748637558
0.0184838182304283	0.271828917482383
0.0184906209653475	0.248567408450893
0.018497428709431	0.207818276117514
0.0185042414682134	0.181038480711868
0.0185110592472377	0.140467619332051
0.018517882052055	0.0747306848518404
0.0185247098882244	0.0290640886237121
0.0185315427613136	0.0592617256118768
0.0185383806768981	0.130610073158716
0.018545223640562	0.153436765887755
0.0185520716578973	0.121103618857097
0.0185589247345045	0.0872081253970073
0.0185657828759923	0.07797665897592
0.0185726460879777	0.0722237330662218
0.0185795143760861	0.0460841714240065
0.018586387745951	0.0210235238490064
0.0185932662032144	0.0554551189024743
0.0186001497535267	0.132498095161242
0.0186070384025466	0.16451526496443
0.0186139321559411	0.138613176551949
0.0186208310193858	0.132016382758167
0.0186277349985645	0.153317876521271
0.0186346440991695	0.14487341232451
0.0186415583269018	0.08955310916679
0.0186484776874704	0.0165113560742502
0.0186554021865933	0.00781118484615314
0.0186623318299964	0.0711905006023323
0.0186692666234147	0.114234209882557
0.0186762065725914	0.120828933127133
0.0186831516832783	0.1936232874105
0.0186901019612357	0.328953263387596
0.0186970574122326	0.393774128605603
0.0187040180420465	0.317028782696145
0.0187109838564635	0.160015188686701
0.0187179548612785	0.0545124643936483
0.0187249310622948	0.0552825112865849
0.0187319124653245	0.0644313154793151
0.0187388990761883	0.0305054002877548
0.0187458909007156	0.0732822059573261
0.0187528879447445	0.250861135761356
0.0187598902141219	0.404944717777178
0.0187668977147033	0.390785480847593
0.0187739104523531	0.23824514743783
0.0187809284329444	0.094470391584722
0.018787951662359	0.0500403727368238
0.0187949801464876	0.0440025364044647
0.0188020138912297	0.00993751034029605
0.0188090529024937	0.0329781885579927
0.0188160971861967	0.18729664976967
0.0188231467482648	0.329408566311851
0.0188302015946329	0.298851989121443
0.0188372617312448	0.148380635922025
0.0188443271640534	0.0420665067776459
0.0188513978990203	0.0185775609311112
0.0188584739421161	0.0237856493109802
0.0188655552993204	0.0186020763450906
0.0188726419766219	0.0770338489788666
0.0188797339800181	0.246688177008561
0.0188868313155157	0.367972076195212
0.0188939339891302	0.26669663837813
0.0189010420068864	0.0858110249578262
0.0189081553748181	0.043664643243858
0.0189152740989682	0.103543914055998
0.0189223981853884	0.10065111645166
0.0189295276401401	0.023421918361766
0.0189366624692933	0.0572494465471098
0.0189438026789275	0.313145158877062
0.0189509482751312	0.558867843840866
0.0189580992640021	0.502789358918327
0.0189652556516472	0.249758837190217
0.0189724174441826	0.211416637051801
0.0189795846477339	0.394112301052629
0.0189867572684355	0.458525763196557
0.0189939353124315	0.269627116536389
0.0190011187858751	0.0730414741175317
0.0190083076949289	0.182614772755445
0.0190155020457648	0.467425759915422
0.0190227018445639	0.518496727493933
0.019029907097517	0.297182848699518
0.0190371178108238	0.244855894159414
0.019044333990694	0.536960562179245
0.0190515556433461	0.797986268951401
0.0190587827750086	0.661520287416359
0.019066015391919	0.290721070341937
0.0190732535003245	0.108540567299244
0.0190804971064818	0.24920446777415
0.019087746216657	0.357917803041212
0.0190950008371258	0.194734293602454
0.0191022609741735	0.0494124642993371
0.0191095266340948	0.231297634013707
0.0191167978231942	0.516789120119777
0.0191240745477855	0.544386757993837
0.0191313568141924	0.293460884286601
0.019138644628748	0.0540006732516305
0.0191459379977954	0.0271434266549806
0.019153236927687	0.0899014379602852
0.019160541424785	0.0518933285296004
0.0191678514954614	0.0133826892571537
0.019175167146098	0.138549113064497
0.019182488383086	0.283361165659018
0.0191898152128268	0.236234818243991
0.0191971476417312	0.100527263280212
0.0192044856762201	0.0388685193575899
0.0192118293227241	0.0452293042055178
0.0192191785876835	0.0267289361531768
0.0192265334775487	0.00269911421052768
0.0192338939987799	0.136588700344681
0.0192412601578471	0.423606484920721
0.0192486319612303	0.523369930274673
0.0192560094154194	0.268076322044312
0.0192633925269143	0.0191544969112209
0.0192707813022248	0.149140166097165
0.0192781757478708	0.423204471332537
0.0192855758703822	0.419807375498497
0.0192929816762987	0.189140659565991
0.0193003931721704	0.218587198020354
0.0193078103645572	0.695501819442878
0.0193152332600292	1.06083055575831
0.0193226618651665	0.795994425775159
0.0193300961865596	0.271580480220114
0.0193375362308089	0.240454494777291
0.0193449820045249	0.701086728754937
0.0193524335143286	0.918056336871218
0.0193598907668509	0.586973049155771
0.0193673537687331	0.256608315157414
0.0193748225266266	0.532880984794087
0.0193822970471933	1.08548379336496
0.0193897773371051	1.11611076679088
0.0193972634030445	0.544787136706595
0.019404755251704	0.234557073851852
0.0194122528897866	0.621406076953879
0.0194197563240058	1.07996936594958
0.0194272655610853	0.929382011972458
0.0194347806077592	0.381742208432297
0.0194423014707722	0.182186383528821
0.0194498281568793	0.547368790166608
0.0194573606728459	0.810276950768749
0.019464899025448	0.525074258223711
0.0194724432214721	0.104237286998372
0.0194799932677153	0.152305911434151
0.0194875491709851	0.506702616661686
0.0194951109380995	0.610929574482217
0.0195026785758873	0.340146614895038
0.0195102520911878	0.040966509103601
0.019517831490851	0.0380356464804408
0.0195254167817374	0.180663411535996
0.0195330079707183	0.158393187320318
0.0195406050646757	0.0385228168912553
0.0195482080705021	0.0508697993885363
0.0195558169951011	0.143674195687074
0.0195634318453866	0.176688622280508
0.0195710526282838	0.206129348726609
0.0195786793507281	0.277168376983991
0.0195863120196663	0.272966285584663
0.0195939506420556	0.133116978701634
0.0196015952248642	0.00989869560498001
0.0196092457750713	0.146653021046475
0.0196169022996669	0.450786006570898
0.0196245648056518	0.47183445153018
0.019632233300038	0.139799797320164
0.0196399077898483	0.026669447990761
0.0196475882821165	0.474163104421026
0.0196552747838873	0.965570314963546
0.0196629673022167	0.898027177847655
0.0196706658441715	0.431086329235295
0.0196783704168298	0.366768397276714
0.0196860810272805	0.919257890567103
0.0196937976826239	1.27247786947454
0.0197015203899713	0.815042591861346
0.0197092491564451	0.148876017572131
0.019716983989179	0.251587233600748
0.0197247248953179	0.982859925054856
0.0197324718820178	1.30713040962735
0.0197402249564461	0.877915215944548
0.0197479841257814	0.445318048036903
0.0197557493972135	0.834398398462173
0.0197635207779437	1.57088711084486
0.0197712982751845	1.50804813035622
0.0197790818961598	0.650273143845846
0.0197868716481049	0.132575867388037
0.0197946675382664	0.518510133844957
0.0198024695739025	1.06962562297086
0.0198102777622827	0.931414078497615
0.019818092110688	0.347425265015542
0.019825912626411	0.231090227794187
0.0198337393167556	0.800565487507532
0.0198415721890375	1.19882986304374
0.0198494112505837	0.833223543453393
0.0198572565087331	0.206021159283462
0.0198651079708358	0.0611430652631162
0.0198729656442539	0.36437000930045
0.0198808295363609	0.526639251608963
0.0198886996545422	0.31858794953258
0.0198965760061947	0.053788518926342
0.0199044585987271	0.0920209168149971
0.0199123474395598	0.29735796365582
0.0199202425361251	0.30921969943255
0.019928143895867	0.135954955107923
0.0199360515262413	0.0181100534196324
0.0199439654347156	0.0359880225791225
0.0199518856287695	0.18825336453854
0.0199598121158943	0.459215941509442
0.0199677449035935	0.661763513155942
0.0199756839993822	0.586070123204219
0.0199836294107876	0.270767706810122
0.019991581145349	0.0184120356450757
0.0199995392106175	0.0983794663207105
0.0200075036141564	0.326050930336097
0.0200154743635409	0.264247093629595
0.0200234514663583	0.0154237106072072
0.0200314349302082	0.215259340817007
0.0200394247627021	0.971686291487412
0.0200474209714637	1.50952446906484
0.0200554235641289	1.25282065645656
0.0200634325483458	0.581295375151058
0.0200714479317747	0.372242809196797
0.0200794697220882	0.809952046671491
0.0200874979269712	1.02904917396713
0.0200955325541206	0.518077346773395
0.0201035736112461	0.0108480200112261
0.0201116211060693	0.371755809817588
0.0201196750463245	1.20842212475527
0.0201277354397582	1.4427533649821
0.0201358022941293	0.912806348254445
0.0201438756172093	0.492556646368772
0.0201519554167821	0.895599291335692
0.020160041700644	1.55963581166434
0.020168134476604	1.3663475267056
0.0201762337524834	0.491361273490417
0.0201843395361164	0.0121421222557039
0.0201924518353494	0.349511832932802
0.0202005706580418	0.782424557588366
0.0202086960120654	0.6307016591
0.0202168279053047	0.189431778591596
0.0202249663456569	0.243316011819463
0.0202331113410321	0.889187644425558
0.020241262899353	1.24793440216753
0.0202494210285549	0.875817225966635
0.0202575857365862	0.248494191308774
0.020265757031408	0.00354506670828716
0.0202739349209942	0.147003165852589
0.0202821194133317	0.282204508532233
0.0202903105164202	0.209103956629655
0.0202985082382723	0.111071203964265
0.0203067125869137	0.219552040608308
0.0203149235703829	0.416646508083217
0.0203231411967315	0.41822116173362
0.0203313654740243	0.236020487439505
0.0203395964103388	0.0571365551072451
0.0203478340137658	0.0130231017557134
0.0203560782924093	0.240794903441739
0.0203643292543863	0.700852694427547
0.0203725869078269	1.00756940045602
0.0203808512608745	0.840007429193184
0.0203891223216858	0.384951444020565
0.0203974000984306	0.0406249326188843
0.0204056845992921	0.0416289857094474
0.0204139758324665	0.164201432952815
0.0204222738061638	0.0762858630777526
0.020430578528607	0.0282043217824724
0.0204388900080326	0.558931956107928
0.0204472082526905	1.42168704565062
0.020455533270844	1.77920964940156
0.0204638650707699	1.27603285351174
0.0204722036607585	0.496806144332128
0.0204805490491136	0.222004409281897
0.0204889012441526	0.467646586693274
0.0204972602542063	0.520159245594075
0.0205056260876193	0.157593524548366
0.0205139987527498	0.0762628934143666
0.0205223782579695	0.688958685284674
0.020530764611664	1.35519675769565
0.0205391578222324	1.3041984461741
0.0205475578980877	0.701565407574927
0.0205559648476565	0.360832581325132
0.0205643786793795	0.678236140659822
0.020572799401711	1.05194021473342
0.0205812270231191	0.79411972043581
0.0205896615520858	0.227706363091649
0.0205981029971073	0.0681750606736659
0.0206065513666933	0.335348340663289
0.0206150066693679	0.472242728009424
0.0206234689136688	0.257806948613586
0.0206319381081479	0.0507122061642961
0.0206404142613713	0.270798724053185
0.020648897381919	0.77130701571104
0.020657387478385	0.924833709658365
0.0206658845593778	0.594116894745567
0.0206743886335197	0.206638723441016
0.0206828997094475	0.0456482019673603
0.020691417795812	0.0157895751430424
0.0206999429012784	0.0464779777714904
0.0207084750345261	0.14400543414124
0.0207170142042488	0.297092278068213
0.0207255604191546	0.454294344846166
0.0207341136879661	0.506457809673964
0.02074267401942	0.390134974665383
0.0207512414222677	0.227506249196932
0.020759815905275	0.0926565952622907
0.0207683974772221	0.0287541096224816
0.0207769861469038	0.243721152179171
0.0207855819231295	0.762827948223102
0.020794184814723	1.12417107297078
0.020802794830523	0.957197666450176
0.0208114119793826	0.487083739310503
0.0208200362701697	0.10499782788091
0.0208286677117668	0.0179208994330994
0.0208373063130713	0.0548485884286943
0.0208459520829951	0.00680984380425783
0.0208546050304653	0.148021451413953
0.0208632651644234	0.814371227448602
0.0208719324938261	1.52903850932247
0.0208806070276448	1.59341150543289
0.0208892887748658	0.970045772538075
0.0208979777444905	0.305084950624557
0.0209066739455352	0.0620359573829233
0.0209153773870311	0.138288672222781
0.0209240880780246	0.116534484121281
0.0209328060275773	0.049211139563413
0.0209415312447655	0.417511914136826
0.020950263738681	1.10763197400911
0.0209590035184307	1.35557766782525
0.0209677505931366	0.95059357994901
0.020976504971936	0.367097097909028
0.0209852666639814	0.176672144940765
0.0209940356784408	0.355324260108001
0.0210028120244972	0.440307749827794
0.0210115957113493	0.244087355038712
0.021020386748211	0.173045551770227
0.0210291851443116	0.448677800838203
0.0210379909088959	0.628134032558034
0.0210468040512244	0.407522353976302
0.0210556245805728	0.115875725772543
0.0210644525062326	0.131232207052264
0.0210732878375107	0.399335511390949
0.0210821305837297	0.561372876392902
0.0210909807542278	0.417464600494064
0.0210998383583592	0.208208326699114
0.0211087034054933	0.226139311632099
0.0211175759050157	0.27580694248836
0.0211264558663275	0.139627680633138
0.0211353432988458	0.0737706466656919
0.0211442382120035	0.321438252135232
0.0211531406152493	0.672840693470627
0.0211620505180479	0.774334869533184
0.0211709679298799	0.556020802326976
0.021179892860242	0.241651432961876
0.0211888253186469	0.100418468301642
0.0211977653146232	0.0852423521633394
0.0212067128577157	0.0449351460866085
0.0212156679574853	0.190912406393755
0.0212246306235092	0.663013663959484
0.0212336008653805	1.03927163348774
0.0212425786927088	1.00253512360596
0.0212515641151197	0.607031377442454
0.0212605571422554	0.213582670267492
0.0212695577837742	0.0299274904729369
0.0212785660493508	0.00814496512960697
0.0212875819486763	0.0124812179998939
0.0212966054914584	0.217117708675474
0.0213056366874209	0.756074897305326
0.0213146755463045	1.1829337155706
0.0213237220778662	1.06052132966892
0.0213327762918797	0.560282065109744
0.0213418381981351	0.149602745732724
0.0213509078064393	0.00735767864088219
0.021359985126616	0.00259049129740704
0.0213690701685054	0.0145165599361175
0.0213781629419644	0.221871640510347
0.021387263456867	0.792720736111957
0.0213963717231037	1.30640721169994
0.0214054877505821	1.14900824721436
0.0214146115492264	0.538738133420118
0.021423743128978	0.123561851844709
0.0214328824997951	0.0860699374491678
0.021442029671653	0.135746104395846
0.0214511846545441	0.0624842114177551
0.0214603474584776	0.0600330504889576
0.0214695180934802	0.445877804238588
0.0214786965695953	0.989085666951668
0.0214878828968838	1.04912160860589
0.0214970770854237	0.609657878686186
0.0215062791453103	0.329205082397839
0.0215154890866563	0.461752285606736
0.0215247069195914	0.608004639482924
0.021533932654263	0.425624341905603
0.0215431663008358	0.0851059050421387
0.0215524078694919	0.0647366515795358
0.0215616573704308	0.433875830424738
0.0215709148138697	0.667131078276193
0.0215801802100433	0.517080004793328
0.0215894535692038	0.443177121179523
0.0215987349016212	0.782032853288359
0.0216080242175829	1.13907775335215
0.0216173215273943	1.0420047921093
0.0216266268413783	0.555961623874608
0.0216359401698758	0.106015935424115
0.0216452615232454	0.0124589067670128
0.0216545909118635	0.102394523783459
0.0216639283461245	0.0979628078786277
0.0216732738364408	0.185797539354517
0.0216826273932425	0.579622742741499
0.021691989026978	0.97310227933791
0.0217013587481137	1.01607155614307
0.0217107365671339	0.70641358325061
0.0217201224945413	0.312685728135569
0.0217295165408565	0.0691987429085199
0.0217389187166185	0.0114805402650686
0.0217483290323846	0.0246662314968785
0.0217577474987302	0.150884828734248
0.021767174126249	0.439292718658061
0.0217766089255534	0.604662602356416
0.0217860519072738	0.477294630387048
0.0217955030820593	0.243531488584212
0.0218049624605774	0.112856932413349
0.0218144300535142	0.0602467843801743
0.0218239058715743	0.0430774815032052
0.0218333899254808	0.12663918070782
0.0218428822259757	0.424858470637393
0.0218523827838196	0.879072262403863
0.0218618916097916	1.05346833862341
0.0218714087146899	0.712634461390737
0.0218809341093313	0.236633234423621
0.0218904678045515	0.0765636192126501
0.0219000098112052	0.122196031127287
0.0219095601401659	0.0858292662751549
0.0219191188023261	0.0212010929610109
0.0219286858085974	0.228492570266336
0.0219382611699104	0.786588325056998
0.0219478448972147	1.28954352020933
0.0219574370014792	1.22268271870471
0.0219670374936919	0.836427777250076
0.0219766463848601	0.716322112618849
0.0219862636860102	0.846645979136059
0.0219958894081882	0.751171286490564
0.0220055235624592	0.370430817962216
0.0220151661599077	0.0684754232327141
0.0220248172116378	0.233089930545874
0.022034476728773	0.699205404007228
0.0220441447224562	0.94847715726813
0.0220538212038501	0.862436338249699
0.0220635061841368	0.902484156886222
0.0220731996745182	1.22030638330577
0.0220829016862158	1.374722074736
0.0220926122304709	1.04871005617465
0.0221023313185445	0.485463674050161
0.0221120589617176	0.104675259841061
0.0221217951712907	0.0883348226002389
0.0221315399585847	0.19263018592953
0.0221412933349401	0.198269817660953
0.0221510553117175	0.282307617985713
0.0221608259002976	0.608129984666177
0.0221706051120812	0.907116741935989
0.022180392958489	0.907541651791517
0.0221901894509622	0.660496530868772
0.0221999946009621	0.337498475127637
0.0222098084199701	0.14134379201639
0.0222196309194882	0.0839031197163496
0.0222294621110385	0.0520462671974207
0.0222393020061637	0.0467507130065021
0.0222491506164268	0.116697836777708
0.0222590079534114	0.160833250768637
0.0222688740287216	0.125831605818485
0.0222787488539819	0.113145350633947
0.0222886324408378	0.132900391078537
0.0222985248009552	0.121669101383719
0.0223084259460208	0.136210470265752
0.022318335887742	0.254371598120065
0.0223282546378472	0.455927584188317
0.0223381822080854	0.615511091023436
0.0223481186102267	0.570942123748183
0.0223580638560621	0.319080633480154
0.0223680179574035	0.16392435952737
0.022377980926084	0.199647072573899
0.0223879527739577	0.209277359427097
0.0223979335128998	0.128245055968406
0.0224079231548069	0.156797179530141
0.0224179217115965	0.441875166324547
0.0224279291952077	0.840480472240411
0.0224379456176007	1.0777141257288
0.0224479709907572	1.0123785449637
0.0224580053266803	0.914746974951598
0.0224680486373945	1.00958575234895
0.0224781009349459	0.995533256067956
0.0224881622314021	0.714183501560275
0.0224982325388525	0.346644390829761
0.0225083118694079	0.239905424761608
0.0225184002352009	0.455101299341794
0.0225284976483861	0.729465838741955
0.0225386041211394	0.839906897777761
0.0225487196656592	0.883755470111667
0.0225588442941652	1.08606290087356
0.0225689780188995	1.29589312615114
0.0225791208521259	1.16633379233871
0.0225892728061306	0.751799263390013
0.0225994338932215	0.374682164978654
0.022609604125729	0.226756113338547
0.0226197835160054	0.256541757310697
0.0226299720764256	0.261636016958629
0.0226401698193865	0.235863298791813
0.0226503767573076	0.344483272808778
0.0226605929026305	0.579283508360339
0.0226708182678196	0.684507736410706
0.0226810528653617	0.577799530772291
0.0226912967077659	0.39684181215352
0.0227015498075642	0.270611952107829
0.0227118121773113	0.236835894182019
0.0227220838295844	0.215645460856356
0.0227323647769835	0.122084709229369
0.0227426550321316	0.0238335901430512
0.0227529546076743	0.000873580210445345
0.0227632635162803	0.0163610864957376
0.0227735817706412	0.043485854226096
0.0227839093834718	0.0814633421811453
0.0227942463675096	0.0945926407756846
0.0228045927355156	0.110186986830023
0.0228149485002738	0.193060429305933
0.0228253136745914	0.298065656114226
0.0228356882712989	0.337732625840243
0.0228460723032503	0.303143724468912
0.0228564657833229	0.241604652903745
0.0228668687244173	0.252921821626816
0.0228772811394577	0.359999978274702
0.0228877030413919	0.380883875598098
0.0228981344431914	0.25224869176968
0.022908575357851	0.162112575031124
0.0229190257983896	0.261920030094403
0.0229294857778496	0.440369545336813
0.0229399553092974	0.545905862547881
0.0229504344058231	0.59103244189879
0.022960923080541	0.695534534697571
0.0229714213465891	0.947304166979985
0.0229819292171296	1.09869316378695
0.0229924467053486	0.915060390774069
0.0230029738244567	0.553372827306696
0.0230135105876884	0.338880720491919
0.0230240570083026	0.358015654731895
0.0230346130995825	0.421090847947959
0.0230451788748355	0.406475492643208
0.0230557543473937	0.416491911127061
0.0230663395306136	0.608251307439661
0.0230769344378761	0.910008572896981
0.0230875390825869	0.931321233636874
0.0230981534781761	0.669427338842744
0.0231087776380988	0.400121733786702
0.0231194115758346	0.318873152209115
0.0231300553048881	0.344034528517939
0.0231407088387888	0.315860873697074
0.023151372191091	0.180594031871971
0.0231620453753741	0.121685805590547
0.0231727284052424	0.232556767609658
0.0231834212943255	0.34098117370164
0.0231941240562782	0.279420318220701
0.0232048367047802	0.161176291757353
0.0232155592535369	0.1209805585468
0.0232262917162787	0.193157071210661
0.0232370341067617	0.301772799260633
0.0232477864387671	0.310968745585645
0.0232585487261021	0.182438662790189
0.023269320982599	0.0634747702104016
0.023280103222116	0.0363447862982291
0.0232908954585369	0.0595298525280232
0.0233016977057714	0.0912805349572733
0.0233125099777549	0.0776076175496344
0.0233233322884487	0.016634721701154
0.02333416465184	0.0455032381890033
0.023345007081942	0.196320103053263
0.0233558595927941	0.287306005264191
0.0233667221984615	0.241606268298765
0.023377594913036	0.210083033564881
0.0233884777506353	0.308393010148464
0.0233993707254036	0.527523247752896
0.0234102738515114	0.656205352395691
0.0234211871431555	0.474968328987026
0.0234321106145593	0.197477629542795
0.0234430442799729	0.133701823332126
0.0234539881536727	0.239554684680464
0.023464942249962	0.271550167123599
0.0234759065831707	0.228417140950025
0.0234868811676557	0.32146858001577
0.0234978660178004	0.672566321597138
0.0235088611480155	1.06838071521262
0.0235198665727384	1.09878822926762
0.0235308823064337	0.726861996062374
0.0235419083635932	0.40409059249725
0.0235529447587356	0.330418011800316
0.023563991506407	0.309237057733231
0.0235750486211809	0.175643500585475
0.023586116117658	0.0559363572426699
0.0235971940104665	0.149843182769743
0.023608282314262	0.46206300491568
0.0236193810437279	0.696420501682571
0.0236304902135749	0.581883012705388
0.0236416098385417	0.387946428835928
0.0236527399333945	0.363990537083897
0.0236638805129276	0.410939921604749
0.0236750315919628	0.346593380987263
0.0236861931853502	0.183239981241213
0.0236973653079678	0.0313902325463056
0.0237085479747216	0.0122664913629339
0.0237197412005459	0.0924086291991219
0.0237309450004031	0.0998247699939962
0.0237421593892839	0.058203458533762
0.0237533843822074	0.116755611226412
0.0237646199942211	0.213185823396938
0.0237758662404009	0.259894411148131
0.0237871231358514	0.290837779490215
0.0237983906957056	0.271369883247143
0.0238096689351256	0.163087172059539
0.0238209578693017	0.0775335029531727
0.0238322575134535	0.0787521452056492
0.0238435678828291	0.15929972170053
0.023854888992706	0.275807324971818
0.0238662208583903	0.273194688726703
0.0238775634952175	0.11448727735134
0.023888916918552	0.0498374543516294
0.0239002811437878	0.158926104565687
0.0239116561863478	0.222638543992271
0.0239230420616845	0.212862018085647
0.02393443878528	0.302577013327449
0.0239458463726455	0.556610218500393
0.0239572648393221	0.828900947090522
0.0239686942008805	0.839298547178758
0.0239801344729211	0.471259025671105
0.023991585671074	0.0988511158939741
0.0240030478109995	0.0519253276152529
0.0240145209083873	0.129402148987651
0.0240260049789577	0.112757748178506
0.0240375000384606	0.185684003924667
0.0240490061026764	0.510034957178007
0.0240605231874155	0.984855850209753
0.0240720513085188	1.22365125492578
0.0240835904818574	0.977161957994999
0.0240951407233329	0.520323303626756
0.0241067020488774	0.306123715451539
0.0241182744744537	0.27700336995679
0.0241298580160552	0.140016691209511
0.0241414526897061	0.00200730380712
0.0241530585114611	0.131137435202473
0.0241646754974063	0.480700467411462
0.0241763036636583	0.772171123225359
0.0241879430263651	0.778159089010623
0.0241995936017055	0.594051776323433
0.0242112554058897	0.586121862504144
0.0242229284551591	0.697003271662193
0.0242346127657864	0.55831602988869
0.0242463083540758	0.217660814198038
0.0242580152363629	0.0445082141313454
0.0242697334290149	0.110577593568842
0.0242814629484306	0.228819447638015
0.0242932038110406	0.259750618375593
0.0243049560333073	0.274178810830148
0.0243167196317248	0.478969804446508
0.0243284946228194	0.806870998390542
0.0243402810231491	0.845389267801125
0.0243520788493044	0.493082440485704
0.0243638881179077	0.200048121135277
0.0243757088456138	0.140716244409734
0.0243875410491097	0.130605005285117
0.0243993847451148	0.109408248524551
0.0244112399503813	0.185051891725102
0.0244231066816936	0.466970729853269
0.024434984955869	0.85238457785086
0.0244468747897574	0.955793701933716
0.0244587762002416	0.6068049068001
0.0244706892042372	0.224215231353904
0.0244826138186929	0.119717523531864
0.0244945500605903	0.126546248097492
0.0245064979469442	0.168900416296166
0.0245184574948026	0.342572875533066
0.024530428721247	0.635000848280124
0.0245424116433918	0.924319506522072
0.0245544062783854	0.920167438397686
0.0245664126434094	0.522260532495655
0.0245784307556791	0.107265109494737
0.0245904606324436	0.00233860756687801
0.0246025022909856	0.0309336669048151
0.0246145557486217	0.0991387224077587
0.0246266210227027	0.400377346184868
0.0246386981306132	0.863188638930619
0.024650787089772	1.17920080987489
0.024662887917632	1.09895952747856
0.0246750006316805	0.681214665963651
0.0246871252494392	0.284569083886968
0.0246992617884642	0.182071645235424
0.024711410266346	0.136137150624235
0.02472357070071	0.00565554772105203
0.0247357431092161	0.161897615147266
0.0247479275095592	0.7280136550532
0.0247601239194687	1.22788446684148
0.0247723323567094	1.29772735887468
0.024784552839081	1.01280624598748
0.0247967853844181	0.835466957857667
0.024809030010591	0.970026398436366
0.0248212867355049	0.996049658638771
0.0248335555771006	0.530906176931821
0.0248458365533543	0.0525803521202606
0.0248581296822778	0.161920747904376
0.0248704349819187	0.61369224144705
0.0248827524703602	0.858015559664782
0.0248950821657213	0.848122788725949
0.0249074240861571	0.981362298909208
0.0249197782498586	1.50677860066216
0.0249321446750529	1.90741255043581
0.0249445233800034	1.59800804993443
0.0249569143830097	0.657181811626946
0.0249693177024078	0.074566960745199
0.0249817333565702	0.0957816332565234
0.0249941613639059	0.245916995130819
0.0250066017428606	0.317544670503755
0.0250190545119168	0.556376891359628
0.0250315196895936	1.18136988840491
0.0250439972944474	1.93330227264667
0.0250564873450712	2.05664145234798
0.0250689898600955	1.36330554497145
0.0250815048581876	0.50202910865759
0.0250940323580526	0.106528403241904
0.0251065723784324	0.0385905554347113
0.0251191249381069	0.0794097161863237
0.0251316900558934	0.238831863645491
0.0251442677506466	0.549867077916173
0.0251568580412593	0.949786682763317
0.0251694609466622	1.13264003788693
0.0251820764858236	0.85196827027295
0.0251947046777501	0.372459849955215
0.0252073455414865	0.113767585833529
0.0252199990961157	0.0910614343947089
0.0252326653607589	0.255737117335721
0.025245344354576	0.623375778705728
0.025258036096765	0.925875386169667
0.0252707406065629	0.901727738919648
0.0252834579032453	0.632742769033131
0.0252961880061266	0.302182965850695
0.0253089309345601	0.0806661154772249
0.0253216867079381	0.0345713229177302
0.0253344553456921	0.00986070872369327
0.0253472368672929	0.109481104961594
0.0253600312922503	0.690888064827126
0.0253728386401137	1.49343368964389
0.0253856589304722	1.77589722555393
0.0253984921829541	1.4308794617986
0.0254113384172278	0.98509304860924
0.0254241976530012	0.870979843755014
0.0254370699100224	1.00280782411059
0.0254499552080793	0.823713450919947
0.0254628535669999	0.246735332172397
0.0254757650066527	0.0424553456199522
0.0254886895469461	0.642195180957482
0.0255016272078293	1.36072797866622
0.0255145780092918	1.54274242176513
0.0255275419713638	1.48106323517379
0.0255405191141163	1.75819374611739
0.0255535094576609	2.35903751950456
0.0255665130221504	2.5492101199698
0.0255795298277786	1.75308629789634
0.0255925598947802	0.509575898713875
0.0256056032434315	0.00082781576830895
0.0256186598940498	0.256766891919163
0.0256317298669943	0.547937740140166
0.0256448131826653	0.704951839127556
0.0256579098615052	1.16008293916711
0.0256710199239978	2.11191026747934
0.025684143390669	2.99170325957985
0.0256972802820866	2.93996906350274
0.0257104306188608	1.8396955507973
0.0257235944216434	0.646731535407495
0.0257367717111292	0.120204795917759
0.025749962508055	0.0192149362803817
0.0257631668332002	0.00968902112439548
0.0257763847073869	0.128785887710165
0.0257896161514799	0.524979055683229
0.025802861186387	1.16995643750316
0.0258161198330589	1.60371359621304
0.0258293921124892	1.40197790577538
0.025842678045715	0.810918640573697
0.0258559776538166	0.421180471359919
0.0258692909579175	0.383066157521883
0.025882617979185	0.542985110444805
0.0258959587388299	0.704734985093991
0.0259093132581069	0.629070200191677
0.0259226815583144	0.355074201058222
0.0259360636607948	0.190789571298308
0.0259494595869348	0.137977345309915
0.025962869358165	0.0805836746744126
0.0259762929959605	0.0595277947233745
0.0259897305218409	0.175899900898094
0.0260031819573701	0.607519433885997
0.026016647324157	1.38522689063056
0.0260301266438549	1.93927647929451
0.0260436199381624	1.72983025058603
0.0260571272288228	1.04653121067085
0.0260706485376247	0.625916699422198
0.0260841838864019	0.580868983110582
0.0260977332970335	0.568500415928706
0.0261112967914442	0.306771406924225
0.0261248743916043	0.0431185142732797
0.0261384661195297	0.416844903663722
0.0261520719972822	1.34568962352907
0.0261656920469696	1.9399604709505
0.0261793262907458	1.85555980089114
0.0261929747508109	1.70012401343263
0.026206637449411	2.01343725247226
0.0262203144088392	2.3797988044172
0.0262340056514348	2.11011878049425
0.0262477111995837	1.09446289581931
0.026261431075719	0.141448372252505
0.0262751653023203	0.0930427409391735
0.0262889139019145	0.572919700093815
0.0263026768970756	0.84756584205361
0.026316454310425	1.04030274375934
0.0263302461646313	1.6422000262878
0.0263440524824109	2.60269266673437
0.0263578732865277	3.24455195135427
0.0263717085997934	2.81245955764246
0.0263855584450677	1.52765661083167
0.0263994228452583	0.475388668987474
0.0264133018233211	0.124508478978964
0.0264271954022603	0.0598680019000749
0.0264411036051284	0.00391262847578967
0.0264550264550268	0.141412296679462
0.0264689639751051	0.680738617096146
0.0264829161885621	1.4576224291246
0.0264968831186453	1.95255697025648
0.0265108647886514	1.70633430528261
0.0265248612219264	1.05918221013072
0.0265388724418653	0.738814211891899
0.0265528984719128	0.78285230258258
0.0265669393355633	0.817107407284637
0.0265809950563605	0.640189519254503
0.0265950656578984	0.272672156470848
0.0266091511638207	0.0287495925560879
0.0266232515978213	0.157854524463425
0.0266373669836445	0.344477839180897
0.0266514973450847	0.316053475923528
0.026665642705987	0.345402415730007
0.0266798030902472	0.720880677306477
0.0266939785218116	1.40514665235767
0.0267081690246778	1.95480988847707
0.0267223746228941	1.88057404694698
0.0267365953405603	1.21294288065084
0.0267508312018274	0.564857554434596
0.0267650822308977	0.349323178705939
0.0267793484520254	0.27430612573253
0.0267936298895162	0.110400682465461
0.0268079265677278	0.0363203127140153
0.0268222385110699	0.371270131524478
0.0268365657440043	1.19648618884722
0.0268509082910452	1.96940886857776
0.0268652661767591	2.04373870967007
0.0268796394257651	1.6682119223407
0.0268940280627352	1.58601882491043
0.026908432112394	1.69375193353093
0.0269228515995192	1.57243682535421
0.0269372865489416	0.978479247766987
0.0269517369855455	0.254143848160076
0.0269662029342683	0.0232678281641678
0.0269806844201011	0.424049332470228
0.0269951814680889	0.830864772023357
0.0270096941033302	0.939107098874956
0.0270242223509778	1.08849779350201
0.0270387662362386	1.65512941023221
0.0270533257843735	2.23868685444707
0.0270679010206983	2.27082802111693
0.027082491970583	1.61739815951802
0.0270970986594525	0.663421381575329
0.0271117211127867	0.145809560471459
0.0271263593561203	0.111969623155948
0.0271410134150432	0.0824678441364121
0.0271556833152008	0.0204453840205413
0.0271703690822938	0.22251567335403
0.0271850707420787	0.760718802581561
0.0271997883203676	1.4218258359337
0.0272145218430286	1.64151975295788
0.0272292713359859	1.29348337583498
0.0272440368252199	0.822395773953233
0.0272588183367674	0.788855258690236
0.0272736158967218	0.976068395371534
0.027288429531233	0.888712162175197
0.0273032592665079	0.494149868328605
0.0273181051288105	0.0829233990508914
0.0273329671444617	0.0623091023375541
0.0273478453398398	0.425174347376582
0.0273627397413807	0.610840081214758
0.0273776503755777	0.506771001857209
0.0273925772689821	0.63691872162056
0.027407520448203	1.301491342348
0.0274224799399076	1.97228316236976
0.0274374557708215	2.0704958577412
0.0274524479677284	1.52295837746323
0.0274674565574709	0.744547904458365
0.0274824815669501	0.47463090475062
0.0274975230231262	0.508261607133603
0.0275125809530183	0.284366390381288
0.0275276553837048	0.0360646071326468
0.0275427463423234	0.336305714241459
0.0275578538560714	1.1740667580319
0.0275729779522058	2.03288819568478
0.0275881186580434	2.13351083322472
0.0276032760009612	1.67856194698448
0.0276184500083961	1.32586123916425
0.0276336407078458	1.40734934764153
0.0276488481268681	1.30269402396831
0.0276640722930817	0.707635181431914
0.0276793132341662	0.126372305557195
0.0276945709778622	0.0467309941819655
0.0277098455519714	0.444587373567827
0.0277251369843569	0.840714347592761
0.0277404453029435	0.859619902677244
0.0277557705357176	0.750093950811675
0.0277711127107273	0.959140398413128
0.0277864718560831	1.34474289165937
0.0278018479999574	1.32639975147201
0.0278172411705852	0.874623968964322
0.027832651396264	0.350354936344956
0.0278480787053541	0.0329125649993699
0.0278635231262785	0.0442775893569892
0.0278789846875235	0.125062882759026
0.0278944634176387	0.0476611518658262
0.0279099593452369	0.0410568510853067
0.0279254724989948	0.281300668898963
0.0279410029076526	0.594885778918999
0.0279565506000148	0.799882455953497
0.0279721156049497	0.735377761120122
0.0279876979513901	0.444282495601253
0.0280032976683335	0.298756595237262
0.0280189147848417	0.566319223414784
0.0280345493300416	0.808778997807563
0.0280502013331252	0.681559421451303
0.0280658708233494	0.291889764408453
0.028081557830037	0.0320065437383588
0.028097262382576	0.188645372067581
0.0281129845104203	0.542798829066955
0.0281287242430898	0.557906934281123
0.0281444816101706	0.346637595580533
0.028160256641315	0.601308959574467
0.0281760493662418	1.3741058959424
0.0281918598147367	1.88280439719573
0.0282076880166521	1.59911898152866
0.0282235340019075	0.919950279495156
0.0282393978004898	0.534499500228049
0.0282552794424533	0.761066948253185
0.0282711789579199	0.886013193532728
0.0282870963770792	0.462369975276766
0.0283030317301893	0.205690099516184
0.0283189850475759	0.810538370022264
0.0283349563596336	1.78031376257803
0.0283509456968254	2.1356798111166
0.0283669530896832	1.66518399228704
0.0283829785688076	1.13348759914385
0.0283990221648688	1.20560627204891
0.0284150839086062	1.53240455083177
0.0284311638308287	1.18949038533907
0.028447261962415	0.36113866618487
0.028463378334314	0.0846094075444553
0.0284795129775445	0.557008173934473
0.0284956659231957	1.04056076017527
0.0285118372024277	0.998851769308319
0.0285280268464708	0.617529574079688
0.0285442348866269	0.559654614271774
0.0285604613542685	0.986434076139082
0.02857670628084	1.11638057993318
0.0285929696978569	0.610619468404175
0.0286092516369069	0.0866771728484154
0.0286255521296495	0.035207370423245
0.0286418712078162	0.225880603175738
0.0286582089032113	0.292738699597402
0.0286745652477115	0.145107565435397
0.0286909402732663	0.0124183899888224
0.0287073340118981	0.146572156209724
0.0287237464957029	0.360479299452615
0.0287401777568498	0.313975611321922
0.0287566278275817	0.139291061897814
0.0287730967402153	0.0556869283915609
0.0287895845271414	0.00598043787938321
0.0288060912208251	0.0518372424280597
0.0288226168538061	0.276545273581274
0.0288391614586986	0.437570145080641
0.0288557250681918	0.346546702289104
0.0288723077150501	0.132420803792451
0.0288889094321133	0.0100875404045007
0.0289055302522966	0.148316234979267
0.0289221702085912	0.38566891311801
0.0289388293340642	0.288987907698782
0.0289555076618589	0.0476846460543071
0.0289722052251951	0.282972171685904
0.0289889220573692	0.902606740890544
0.0290056581917547	1.13688778092306
0.029022413661802	0.783859707233048
0.0290391885010388	0.384071115394338
0.0290559827430706	0.479172344586038
0.0290727964215806	0.963851900109644
0.0290896295703298	1.00221321070163
0.0291064822231577	0.439174116622503
0.0291233544139821	0.221588552161276
0.0291402461767996	0.867153192963838
0.0291571575456857	1.51426030183611
0.0291740885547949	1.35707984406506
0.0291910392383613	0.813049736564662
0.0292080096306985	0.678545952233187
0.0292249997661999	1.27449252418474
0.029242009679339	1.66577655441008
0.0292590394046697	1.15130517362896
0.0292760889768263	0.401627352124138
0.029293158430524	0.443567877863006
0.0293102478005589	1.02682198251606
0.0293273571218083	1.11894647320501
0.0293444864292313	0.625757625607278
0.0293616357578683	0.283058839789436
0.029378805142842	0.627620575594718
0.029395994619357	1.21752083704669
0.0294132042227006	1.15711610509621
0.0294304339882427	0.536226705950063
0.0294476839514361	0.31068714528508
0.0294649541478168	0.676899861339288
0.0294822446130041	0.879804589421996
0.0294995553827011	0.528283960735878
0.0295168864926948	0.0927563328969059
0.0295342379788561	0.0694034174141512
0.0295516098771408	0.403715404712679
0.0295690022235888	0.535569763061732
0.0295864150543252	0.265018158023385
0.0296038484055602	0.0854169272034176
0.0296213023135894	0.292770958257686
0.029638776814794	0.44922117223426
0.029656271945641	0.315181166432554
0.0296737877426839	0.15261663853359
0.0296913242425622	0.136427404739491
0.0297088814820024	0.159172210222225
0.0297264594978176	0.11349672569789
0.0297440583269084	0.0199771012907432
0.0297616780062626	0.0964211420491314
0.0297793185729558	0.352373374126438
0.0297969800641515	0.381006361833758
0.0298146625171015	0.13273518826508
0.0298323659691459	0.0909070101856631
0.0298500904577139	0.312673936829932
0.0298678360203233	0.363142001589563
0.0298856026945813	0.171585001055563
0.0299033905181848	0.0967404508514463
0.0299211995289204	0.388910875500717
0.0299390297646646	0.798590448062006
0.0299568812633845	0.768850235472269
0.0299747540631376	0.267087151144995
0.0299926482020725	0.0503619984161789
0.0300105637184286	0.411443116902237
0.0300285006505372	0.653819031664143
0.0300464590368208	0.39902295419545
0.0300644389157943	0.177519872315736
0.0300824403260645	0.516900714068866
0.0301004633063309	1.20781602211713
0.0301185078953859	1.40939759026243
0.0301365741321146	0.869566348454048
0.0301546620554959	0.340926684532742
0.030172771704602	0.51099614499143
0.0301909031185992	0.822830022824931
0.030209056336748	0.549279411772102
0.0302272313984033	0.107979400770925
0.0302454283430148	0.243102148903488
0.0302636472101272	0.937625730817024
0.0302818880393807	1.42002506068108
0.0303001508705109	1.19201881742446
0.0303184357433495	0.736778505980713
0.0303367426978244	0.864871997920381
0.0303550717739598	1.2799414564013
0.0303734230118769	1.06605092309647
0.0303917964517939	0.370176844781112
0.0304101921340264	0.00553401352178535
0.0304286100989876	0.298605096072373
0.0304470503871887	0.730295055351267
0.0304655130392392	0.740465108142949
0.0304839980958472	0.502516528711098
0.0305025055978195	0.659768638651178
0.0305210355860621	1.1984253256594
0.0305395881015807	1.26872839538025
0.0305581631854804	0.654368088495966
0.0305767608789665	0.104815455785271
0.0305953812233449	0.0399952799744873
0.0306140242600219	0.194652174192145
0.0306326900305049	0.207568023706951
0.0306513785764025	0.113513297376413
0.030670089939425	0.290553134170668
0.0306888241613845	0.826486657770667
0.0307075812841956	1.08297127898642
0.030726361349875	0.708298334473653
0.0307451644005427	0.224100730461396
0.0307639904784215	0.0398362415522615
0.0307828396258379	0.0134120534392923
0.0308017118852221	0.00141096785397208
0.0308206072991084	0.0489772073816286
0.0308395259101357	0.233379585518308
0.0308584677610474	0.524495014272726
0.0308774328946922	0.585723195458076
0.0308964213540241	0.294263176267378
0.0309154331821029	0.0315268116159218
0.0309344684220942	0.0337140133268147
0.0309535271172703	0.0416682462907866
0.0309726093110102	0.00451894437711319
0.0309917150467995	0.204218030699744
0.0310108443682318	0.627517568893874
0.0310299973190078	0.897662200604774
0.0310491739429366	0.779938291810131
0.0310683742839357	0.372564421961056
0.0310875983860309	0.111949407715835
0.0311068462933575	0.212238291650237
0.0311261180501599	0.231380919357868
0.0311454137007923	0.0260792032171917
0.0311647332897189	0.138615276238351
0.0311840768615143	0.763486177655246
0.0312034444608639	1.32528986262143
0.0312228361325642	1.32993302819528
0.031242251921523	0.91668830522369
0.0312616918727599	0.693978753330652
0.0312811560314068	0.966884931320216
0.0313006444427078	1.10326332062447
0.03132015715202	0.584533745323164
0.0313396942048137	0.0430236477811849
0.0313592556466725	0.186672518244386
0.0313788415232942	0.739619764542331
0.0313984518804905	0.982279833470437
0.0314180867641879	0.815627190589736
0.0314377462204279	0.762233361377226
0.0314574302953672	1.26422731279257
0.0314771390352781	1.8184851069125
0.0314968724865491	1.45154043694065
0.031516630695685	0.539359912736133
0.0315364137093074	0.0162758307835736
0.0315562215741551	0.134115311252381
0.0315760543370842	0.336564517728315
0.0315959120450689	0.289157673055321
0.0316157947452015	0.277496618017854
0.0316357024846929	0.752674274012852
0.031655635310873	1.55277945835345
0.0316755932711912	1.78895775567834
0.0316955764132165	1.18772766019122
0.031715584784638	0.39851721514304
0.0317356184332653	0.0640436548947189
0.031755677407029	0.0684857317614361
0.0317757617539809	0.0970044801103872
0.0317958715222943	0.0662769987122821
0.0318160067602646	0.133503673552819
0.0318361675163098	0.464588659523709
0.0318563538389705	0.762175437052658
0.0318765657769105	0.662115821609591
0.0318968033789172	0.301059436817082
0.0319170666939021	0.106371140344576
0.0319373557709008	0.152211724198907
0.031957670659074	0.38691250863201
0.0319780114077074	0.680926007499039
0.0319983780662121	0.710255167526014
0.0320187706841254	0.45363186829311
0.0320391893111108	0.218753155920248
0.0320596339969587	0.07878657415548
0.0320801047915866	0.00903029854754804
0.0321006017450396	0.00169011090411089
0.0321211249074907	0.0316124308499804
0.0321416743292413	0.287200181546659
0.0321622500607218	0.974272973942695
0.0321828521524916	1.57906595634476
0.0322034806552399	1.45917744706884
0.0322241356197856	0.89073306804084
0.0322448170970786	0.444147604557382
0.0322655251381992	0.401771710369993
0.0322862597943593	0.541291373421418
0.0323070211169023	0.417516855329551
0.032327809157304	0.0847179319340285
0.0323486239671726	0.200897955231296
0.0323694655982494	0.849883247245189
0.0323903341024089	1.26069992424064
0.0324112295316598	1.03197735766747
0.0324321519381449	0.7458044739578
0.0324531013741417	0.8714005577433
0.0324740778920629	1.33660425160072
0.0324950815444569	1.49617330606045
0.032516112384008	0.854430974852501
0.032537170463537	0.126071696218055
0.0325582558360017	0.0612748521870474
0.0325793685544972	0.387155907136503
0.0326005086722564	0.434580954799554
0.0326216762426505	0.310986069400267
0.0326428713191893	0.482076156636457
0.032664093955522	1.15953604000457
0.0326853442054371	1.87440170395473
0.0327066221228634	1.82371922658781
0.03272792776187	1.00721408882911
0.0327492611766673	0.296002528436222
0.0327706224216069	0.129632909844343
0.0327920115511823	0.173308176775839
0.0328134286200294	0.115904675249752
0.032834873682927	0.0433642888129424
0.0328563467947971	0.19623586868047
0.0328778480107056	0.68803700700962
0.0328993773858623	1.08312157887163
0.0329209349756222	0.961248842382472
0.0329425208354851	0.54306365230389
0.0329641350210965	0.415082655518936
0.0329857775882483	0.617344559892644
0.0330074485928787	0.923205755558457
0.0330291480910733	0.93735250672022
0.0330508761390649	0.534279250429497
0.0330726327932347	0.118387763156887
0.0330944181101123	0.0827297319626342
0.0331162321463764	0.20285823191091
0.0331380749588552	0.166746040714358
0.0331599466045271	0.159605015520995
0.0331818471405206	0.467961022726789
0.0332037766241157	1.13418879530977
0.0332257351127437	1.89558245707242
0.0332477226639879	1.85429747135952
0.0332697393355842	1.08310525371915
0.0332917851854214	0.369012073497466
0.0333138602715421	0.15389984959701
0.0333359646521427	0.17606190844488
0.0333580983855743	0.108095260324865
0.0333802615303429	0.0300066838197457
0.0334024541451104	0.27219196847326
0.0334246762886946	1.00843546563245
0.0334469280200698	1.64314010313558
0.0334692093983677	1.43891496687632
0.0334915204828775	0.827397556029525
0.0335138613330468	0.646575027821125
0.0335362320084817	0.855012226276135
0.0335586325689477	0.976861020994897
0.03358106307437	0.661128077813427
0.0336035235848341	0.135970088262421
0.0336260141605866	0.0440747332271026
0.0336485348620351	0.465896948122709
0.0336710857497495	0.725941098233684
0.033693666884462	0.46006923732065
0.0337162783270679	0.366613554652459
0.033738920138626	0.73251662844829
0.0337615923803592	1.30997773295331
0.0337842951136553	1.53469106445256
0.033807028400067	1.04949994985981
0.033829792301313	0.343080878391796
0.0338525868792784	0.0985891423079597
0.0338754121960151	0.19734293466734
0.0338982683137423	0.157623696381632
0.0339211552948476	0.0231240591834048
0.0339440732018869	0.117119964097757
0.0339670220975854	0.474772255568686
0.033990002044838	0.918146476307754
0.03401301310671	1.08502321748149
0.0340360553464375	0.764941260794521
0.0340591288274281	0.458057999912107
0.0340822336132616	0.569277213768276
0.0341053697676901	0.839180010692942
0.0341285373546392	0.871339266546918
0.0341517364382083	0.617258538011762
0.0341749670826712	0.197168402217155
0.0341982293524765	0.0505586178571781
0.0342215233122487	0.302186858388553
0.0342448490267883	0.46869096001702
0.0342682065610725	0.317115516078421
0.0342915959802563	0.420879817162569
0.0343150173496722	0.945663577218115
0.0343384707348318	1.58270535338079
0.0343619562014254	1.79983597501272
0.0343854738153236	1.24979441762002
0.0344090236425773	0.394269964191248
0.0344326057494182	0.0892514609076251
0.0344562202022602	0.251796228349261
0.0344798670676992	0.208497682443581
0.0345035464125139	0.0240712781337648
0.034527258303667	0.247967181452287
0.034551002808305	0.920395607371319
0.0345747799937594	1.64081684791264
0.0345985899275473	1.67557781152042
0.0346224326773716	0.958802870410878
0.0346463083111222	0.477542933010471
0.0346702168968764	0.6833213674471
0.0346941585028993	0.8970276990107
0.0347181331976451	0.570803395365408
0.0347421410497569	0.0918908474594402
0.0347661821280681	0.0590768572456243
0.0347902565016026	0.519536597886007
0.0348143642395758	0.972433626783787
0.0348385054113948	0.799466689865575
0.0348626800866597	0.323049405876761
0.0348868883351637	0.463108893729704
0.0349111302268939	0.982908136366448
0.0349354058320323	1.11764333353293
0.034959715220956	0.748076253650746
0.0349840584642385	0.21610188269637
0.0350084356326495	0.0213500415197368
0.0350328467971565	0.251500580783943
0.0350572920289248	0.384741137100975
0.0350817713993187	0.123287811829686
0.0351062849799018	0.0316379152589896
0.035130832842438	0.448149766904129
0.0351554150588918	0.85071397145498
0.0351800317014296	0.926522538134668
0.0352046828424199	0.654391560605818
0.0352293685544342	0.267093981923753
0.0352540889102476	0.243007960444597
0.0352788439828398	0.580220982205909
0.0353036338453955	0.683166374120836
0.0353284585713053	0.398762282048651
0.0353533182341663	0.156333511974341
0.0353782129077829	0.133066660143369
0.0354031426661676	0.300850935194251
0.0354281075835418	0.540458239547069
0.035453107734336	0.462051655914112
0.0354781431931913	0.210043796767054
0.0355032140349596	0.443119397139373
0.0355283203347047	0.952458190082918
0.0355534621677026	1.13935939352292
0.0355786396094428	0.831455314196823
0.0356038527356286	0.294351197189782
0.0356291016221782	0.000818941824469969
0.0356543863452252	0.266928835440072
0.0356797069811195	0.544153418612729
0.035705063606428	0.315988117629846
0.0357304562979354	0.135835110277513
0.0357558851326452	0.616062577689369
0.03578135018778	1.20223554315064
0.0358068515407826	1.2887062529037
0.0358323892693168	0.820754475009413
0.0358579634512682	0.181282041498959
0.0358835741647447	0.238335807430458
0.0359092214880776	0.855331973663788
0.0359349054998224	0.906606367575597
0.0359606262787593	0.325633382550679
0.0359863839038945	0.0763095184226677
0.0360121784544605	0.482011034045931
0.0360380100099171	0.96359353446343
0.0360638786499525	1.01256778505419
0.0360897844544836	0.452738369859204
0.0361157275036572	0.0725030081954301
0.0361417078778509	0.533405798132935
0.0361677256576734	1.06593306070563
0.0361937809239659	0.75915357073349
0.0362198737578027	0.167632828271023
0.036246004240492	0.033394339631209
0.0362721724535769	0.362841062070282
0.036298378478836	0.720977622604427
0.0363246223982847	0.605912086081569
0.0363509042941754	0.102582998343561
0.0363772242489989	0.151194440637889
0.0364035823454852	0.785634495129906
0.0364299786666039	1.03254986954614
0.0364564132955659	0.614877102685092
0.0364828863158233	0.150591627756344
0.0365093978110712	0.030604827040812
0.0365359478652479	0.365931784784554
0.036562536562536	0.716755785658797
0.0365891639873636	0.497524456462212
0.0366158302244047	0.0443266459692387
0.0366425353585804	0.150627476503606
0.0366692794750596	0.547608814953688
0.0366960626592604	0.693936523362399
0.0367228849968501	0.543934360861311
0.0367497465737471	0.209570457209731
0.0367766474761211	0.0334854863622052
0.0368035877903945	0.377965434312045
0.0368305676032429	0.636697758710483
0.0368575870015964	0.329912654563543
0.0368846460726404	0.0504577403108731
0.0369117449038163	0.21931328367768
0.0369388835828229	0.564922243232217
0.036966062197617	0.854261923142135
0.0369932808364146	0.743968436403406
0.0370205395876913	0.264782937272375
0.0370478385401842	0.17455146837263
0.0370751777828919	0.643795273369409
0.0371025574050763	0.740983949084738
0.0371299774962627	0.360250849749475
0.0371574381462416	0.0863922105779338
0.0371849394450692	0.164056501977553
0.0372124814830687	0.659393963242581
0.0372400643508306	1.08457125364904
0.0372676881392148	0.798923084281718
0.0372953529393506	0.225840571547228
0.0373230588426383	0.294896757328958
0.0373508059407497	0.70396429963717
0.0373785943256298	0.772906194196433
0.0374064240894971	0.499380300239675
0.0374342953248453	0.159684932074584
0.0374622081244435	0.143219710158606
0.0374901625813381	0.623297520477888
0.0375181587888532	0.839524210980464
0.0375461968405921	0.364138987556299
0.0375742768304378	0.0861371181648985
0.0376023988525547	0.446632848770831
0.0376305630013891	0.859937924455737
0.0376587693716704	0.970943803368128
0.0376870180584125	0.577172251305401
0.0377153091569144	0.0588214592694769
0.0377436427627616	0.176747017324856
0.0377720189718269	0.75601343311124
0.0378004378802718	0.710996909427406
0.0378288995845473	0.176584998869065
0.0378574041813951	0.0140553635743637
0.0378859517678489	0.322846621716275
0.0379145424412349	0.79812769899869
0.0379431762991738	0.971096867228914
0.037971853439581	0.47656703280712
0.0380005739606685	0.0571570297196923
0.0380293379609454	0.517072802442019
0.0380581455392194	1.05076263945299
0.0380869967945978	0.85008292081258
0.0381158918264886	0.34184035891271
0.0381448307346017	0.0439012646360365
0.0381738136189502	0.154758361945535
0.0382028405798513	0.542429004673011
0.0382319117179274	0.516004237811277
0.0382610271341077	0.115691663280477
0.0382901869296288	0.454893357867632
0.0383193912060363	1.50655441383989
0.038348640065186	1.93059723477156
0.0383779336092445	1.51129663233268
0.0384072719406912	0.682469154741249
0.038436655162319	0.0895736439200072
0.0384660833772354	0.170932436901995
0.0384955566888642	0.446882600822307
0.0385250752009462	0.168453939479664
0.0385546390175409	0.0609981866354024
0.0385842482430271	0.872419774903488
0.0386139029821048	1.7312865585106
0.038643603339796	1.89055582246485
0.0386733494214461	1.37896761613293
0.0387031413327251	0.597761695103999
0.0387329791796287	0.182504237951696
0.0387628630684801	0.401115204736021
0.0387927931059304	0.446901157826802
0.0388227693989608	0.18304293504182
0.0388527920548832	0.408823806120891
0.0388828611813416	0.952342088996594
0.0389129768863138	1.14897888803095
0.038943139278112	1.01451697011026
0.0389733484653848	0.608395229164577
0.0390036045571182	0.216186926752659
0.0390339076626365	0.423847686760142
0.0390642578916045	0.905729706954686
0.0390946553540281	0.879752994241535
0.0391251001602558	0.670837348419833
0.0391555924209803	0.488556799928298
0.0391861322472395	0.193351757273637
0.0392167197504179	0.12343720406382
0.0392473550422484	0.300491225868243
0.0392780382348129	0.160272871602734
0.0393087694405444	0.00983931904699969
0.0393395487722278	0.377150781564305
0.0393703763430017	0.832401201159278
0.0394012522663594	1.02741277610927
0.0394321766561508	0.947713751560693
0.0394631496265833	0.436068517284695
0.0394941712922234	0.157313478379884
0.0395252417679983	0.692189157624394
0.0395563611691968	1.10126725659394
0.0395875296114716	0.664100783022703
0.0396187472108396	0.206624145161826
0.0396500140836844	0.240850391825855
0.0396813303467571	0.562134223906947
0.0397126961171779	0.860330865719595
0.0397441115124377	0.699220232961812
0.0397755766503995	0.62609525189622
0.0398070916492996	1.71536833008171
0.0398386566277495	3.20806141483579
0.0398702717047374	3.12760281664728
0.0399019369996291	1.70511654249786
0.0399336526321702	0.435208632918994
0.0399654187224872	0.000257538314252707
0.0399972353910892	0.241296420998885
0.0400291027588692	0.385329948078898
0.040061020947106	0.240831843341585
0.0400929900774655	1.09903634889782
0.040125010272002	3.18019389532076
0.0401570816531604	4.21464406401255
0.0401892043437772	3.28077278255936
0.0402213784670822	1.53499615896775
0.0402536041467003	0.400368544639921
0.0402858815066527	0.204457163116458
0.0403182106713589	0.370276861327865
0.040350591765638	0.112594936333844
0.0403830249147105	0.17099149659226
0.0404155102441996	1.59379717046799
0.0404480478801334	3.14867330150286
0.0404806379489459	2.96947267577726
0.0405132805774789	1.74042815708311
0.040545975892984	0.692255899622734
0.0405787240231234	0.477001812945345
0.0406115250959726	0.886831641470398
0.040644379240021	0.983845586230903
0.0406772865841747	0.426192937373564
0.0407102472577571	0.343181696752254
0.0407432613905115	0.886648276051927
0.0407763291126021	0.855955990697841
0.0408094505546161	0.332653577169138
0.0408426258475656	0.0374766958817299
0.0408758551228886	0.049999113741243
0.0409091385124515	0.439434790814493
0.0409424761485505	0.995595227039247
0.0409758681639134	1.04473956886608
0.0410093146917012	0.740454333617436
0.0410428158655103	0.579385378249478
0.0410763718193738	0.311231554991046
0.0411099826877635	0.131942227565385
0.0411436486055918	0.529542733879646
0.0411773697082133	0.798513158056906
0.0412111461314267	0.533751303658384
0.0412449780114767	0.446641914692517
0.0412788654850558	0.703782124780131
0.0413128086893059	0.853758042142327
0.0413468077618206	0.891757117258124
0.0413808628406467	0.781648617823604
0.041414974064286	1.12833852502637
0.0414491415716978	2.58575525844243
0.0414833655022999	3.93183246751345
0.0415176459959712	3.20285845384445
0.0415519831930532	1.40265468030901
0.0415863772343523	0.229732400518108
0.0416208282611411	0.0533273022589483
0.0416553364151611	0.304776317942754
0.0416899018386241	0.434952418332396
0.0417245246742143	0.79689792289937
0.0417592050650903	2.61293916212479
0.0417939431548871	5.17525664643021
0.0418287390877179	5.72927056243909
0.0418635930081765	3.66644570220031
0.0418985050613388	1.28994664808703
0.0419334753927651	0.246707058816442
0.0419685041485021	0.236508886779408
0.0420035914750849	0.265311237695606
0.042038737519539	0.086855003654729
0.0420739424293825	0.99040640312467
0.0421092063526279	3.49492649205577
0.0421445294377846	5.21028333400629
0.0421799118338605	4.40338220172521
0.0422153536903643	2.2759637550842
0.0422508551573078	0.949099518964527
0.0422864163852077	0.919496669060828
0.0423220375250879	1.14680252977826
0.0423577187284817	0.713089388813243
0.0423934601474337	0.0481758915542851
0.0424292619345022	0.604695710755917
0.0424651242427613	1.8251963587236
0.042501047225803	1.91651855737834
0.0425370310377396	0.908314216870475
0.0425730758332056	0.417051126146511
0.0426091817673601	0.710247464388733
0.042645348995889	1.25331070558315
0.0426815776750075	1.45131956807437
0.0427178679614617	0.826812877754705
0.0427542200125315	0.220342331916561
0.0427906339860325	0.290098868998873
0.0428271100403185	0.323417179951585
0.0428636483342837	0.157051059259338
0.0429002490273649	0.46000852961553
0.0429369122795441	0.856169466864238
0.0429736382513505	0.929491981303404
0.043010427103863	1.05626100092966
0.0430472789987128	1.08011092244628
0.0430841940980852	0.747942725660577
0.0431211725647225	0.492489136071743
0.0431582145619262	0.465208614484384
0.0431953202535594	1.03264764136499
0.043232489804049	2.4972674745398
0.0432697233783886	3.38974150642936
0.0433070211421406	2.50176026540717
0.0433443832614388	1.03351634757417
0.0433818099029907	0.256714728355127
0.0434193012340801	0.165264186678017
0.0434568574225697	0.217083601308595
0.0434944786369033	0.323642358318826
0.0435321650461086	1.05621556941033
0.0435699168197998	3.14640221730215
0.0436077341281796	5.375666643506
0.0436456171420425	5.0775529951611
0.0436835660327767	2.64732646259954
0.0437215809723673	0.695707209003694
0.0437596621333984	0.107087753442024
0.0437978096890559	0.150631930360245
0.0438360238131302	0.100646891612123
0.0438743046800188	0.240594701159637
0.0439126524647287	1.8212907008023
0.0439510673428796	4.51168474158555
0.043989549490706	5.60345564772982
0.0440280990850602	4.16364986677549
0.0440667163034153	1.92145233912087
0.0441054013238671	1.00552949123065
0.0441441543251377	1.06302673218887
0.0441829754865776	0.942318255948688
0.0442218649881691	0.310364420570187
0.0442608230105285	0.0576245872165287
0.0442998497349091	1.21332124111412
0.0443389453432041	2.51667343279125
0.0443781100179494	2.2795618463501
0.0444173439423265	1.28761305155053
0.0444566473001649	1.13839041001313
0.0444960202759459	1.60523039515006
0.0445354630548043	1.79146127748992
0.0445749758225325	1.32223103033428
0.0446145587655823	0.405266917039998
0.0446542120710689	0.0112702096137424
0.0446939359267728	0.379534422775035
0.0447337305211437	0.488272426115087
0.0447735960433029	0.372715894786478
0.0448135326830465	0.852521322566017
0.0448535406308483	1.48659049167112
0.0448936200778628	1.66837740631135
0.0449337712159288	1.49090480228113
0.0449739942375714	1.01256357426749
0.0450142893360062	0.376820459954097
0.0450546567051415	0.0692851820455718
0.045095096539582	0.0859845000840715
0.0451356090346317	0.551928831122034
0.045176194386297	1.75802438129247
0.0452168527912899	2.46969590047954
0.0452575844470313	1.81734572758671
0.045298389551654	0.91248667501624
0.045339268304006	0.436629713433901
0.0453802209036539	0.215198668124107
0.0454212475508857	0.0868647892507856
0.0454623484467146	0.150112307769498
0.0455035237928819	0.713212826904633
0.0455447737918605	2.26330820287532
0.0455860986468581	3.49190727713279
0.0456274985618206	2.79747006648596
0.0456689737414355	1.14441855928803
0.0457105243911352	0.147173710322034
0.0457521507171003	0.0143014077714727
0.0457938529262632	0.0209314069671419
0.0458356312263115	0.00263648085826347
0.0458774858256913	0.302573537824939
0.0459194169336109	1.6589646777511
0.0459614247600439	3.44422409080759
0.0460035095157333	3.47729244706016
0.0460456714121943	2.04072046313433
0.0460879106617185	0.853803123595067
0.0461302274773771	0.657228898261139
0.0461726220730245	0.69966279609751
0.046215094663302	0.443209355723301
0.0462576454636416	0.0602313630819443
0.046300274690269	0.244628307333227
0.0463429825602081	1.37936790185012
0.0463857692912842	2.03617419040868
0.0464286351021275	1.49172755754358
0.0464715802121774	1.033212780381
0.0465146048416859	1.44902811811857
0.0465577092117214	1.83216396993197
0.0466008935441725	1.43556822332979
0.0466441580617517	0.711737494794627
0.0466875029879995	0.0809647748938851
0.046730928547288	0.161852057499437
0.046774434964825	0.585777885915213
0.0468180224666574	0.473465912188922
0.0468616912796759	0.511342925661539
0.0469054416316183	1.40460760998816
0.0469492737510735	2.08376618183095
0.0469931878674861	1.88124501467754
0.0470371842111594	1.25590234455675
0.0470812630132604	0.552603644717278
0.0471254245058233	0.108874826494291
0.0471696689217535	0.103295110576886
0.0472139964948322	0.0270161359932286
0.04725840745972	0.172621705300409
0.0473029020519614	1.16329531936356
0.0473474805079886	2.01548991017491
0.047392143065126	1.60262807321415
0.0474368899615944	0.923637800543845
0.0474817214365151	0.448306062657309
0.0475266377299142	0.206058409581444
0.0475716390827268	0.268343210734052
0.0476167257368015	0.321500617562983
0.0476618979349046	0.280659653870689
0.0477071559207245	0.816365363917481
0.0477524999388761	1.42056996546044
0.0477979302349051	1.02795021493985
0.0478434470552926	0.256854736009931
0.0478890506474593	0.0337559358828609
0.0479347412597703	0.00398841619008586
0.0479805191415395	0.0695724147088955
0.048026384543034	0.267161277115713
0.0480723377154788	0.356424896007452
0.0481183789110612	0.71116792508547
0.0481645083829357	1.2577785903438
0.0482107263852285	0.965923172956734
0.0482570331730421	0.223826156990993
0.0483034290024601	0.142080872682343
0.0483499141305518	0.334887932984619
0.0483964888153772	0.22764619010901
0.0484431533159913	0.198742475396723
0.0484899078924495	0.216786813943857
0.0485367528058119	0.314010070277015
0.0485836883181486	0.674654164320025
0.0486307146925443	0.653522113401324
0.0486778321931031	0.253508819209289
0.048725041084954	0.634761244110389
0.0487723416342551	1.36690418668737
0.0488197341081995	1.22383082818717
0.0488672187750193	0.572591451006893
0.0489147959039917	0.133623582325546
0.0489624657654432	0.0129685944569262
0.0490102286307555	0.3389598844578
0.0490580847723698	0.524838924804178
0.0491060344637928	0.148605320554001
0.0491540779796015	0.381493549522238
0.0492022155954485	1.46760105547234
0.049250447588067	1.86612730680978
0.0492987742352767	1.13304710470601
0.0493471958159887	0.433133244603667
0.049395712610211	0.0597166386968651
0.0494443248990538	0.20369037553872
0.0494930329647349	0.579768958848339
0.0495418370905856	0.290109966747597
0.0495907375610554	0.0335772381234568
0.0496397346617184	0.891697394626114
0.0496888286792782	1.70220419182103
0.0497380199015737	1.34625096174644
0.049787308617585	0.594045616184345
0.0498366951174385	0.164520905236393
0.0498861796924131	0.231671619346349
0.0499357626349457	0.908814121146522
0.049985444238637	1.07779343063982
0.0500352247982573	0.294283420437309
0.0500851046097522	0.0724090950515982
0.0501350839702487	0.571514032383017
0.0501851631780611	0.645686131006468
0.0502353425326965	0.424645147138482
0.0502856223348613	0.225353673661301
0.050336002886467	0.00181029232568498
0.0503864844906363	0.38599686418695
0.0504370674517088	1.00679880523265
0.0504877520752479	0.704100422312466
0.050538538668046	0.0779340840128606
0.0505894275381316	0.141857698249557
0.0506404189947748	0.297131307301038
0.0506915133484941	0.381439050935611
0.0507427109110623	0.591797023834051
0.0507940119955132	0.309058087811151
0.0508454169161475	0.0314326686931418
0.0508969259885397	0.522994387174826
0.0509485395295445	0.747137625622552
0.051000257857303	0.261236223397598
0.0510520812912494	0.0485226488635672
0.0511040101521175	0.10636971681189
0.0511560447619477	0.321232760445652
0.0512081854440931	1.07231927799588
0.0512604325232264	1.29964824207149
0.051312786325347	0.51466574274414
0.0513652471777871	0.0392225424649535
0.0514178154092193	0.1815011544787
0.0514704913496626	0.164886208394776
0.0515232753304902	0.310296331994843
0.0515761676844357	0.432325383662653
0.0516291687456005	0.143854456991149
0.0516822788494608	0.421121711892687
0.0517354983328746	1.13983359890197
0.0517888275340888	0.955531918969627
0.0518422667927463	0.212110162165309
0.0518958164498937	0.0411418723902613
0.0519494768479876	0.144442447977087
0.052003248330903	0.585100359010479
0.0520571312439398	1.15695735768592
0.0521111259338307	0.683264490666101
0.0521652327487481	0.0071639363608097
0.0522194520383125	0.525017047904902
0.0522737841535989	1.0597679859088
0.0523282294471452	0.657618247113508
0.0523827882729597	0.193456670592128
0.0524374609865283	0.0290388203056633
0.0524922479448228	0.523606303369554
0.0525471495063083	1.80001727865519
0.0526021660309512	2.05970880267496
0.0526572978802271	0.751679889895774
0.0527125454171284	0.158812384131252
0.0527679090061727	0.849328848776566
0.0528233890134105	1.25942590750512
0.0528789858064334	1.07940692027652
0.0529346997543823	0.517639957482444
0.0529905312279552	0.0581901434178697
0.053046480599416	0.845366437729204
0.0531025482426023	1.8862121104108
0.0531587345329339	1.24067315344513
0.0532150398474211	0.333833514867773
0.0532714645646734	0.948302727033961
0.0533280090649076	2.00071821765433
0.0533846737299565	2.32115587210299
0.0534414589432778	1.81547486777563
0.0534983650899621	0.48433466363656
0.0535553925567423	0.0674883849004878
0.0536125417320018	1.06691592520849
0.0536698130057836	1.19521697293604
0.0537272067697992	0.240607510183103
0.0537847234174376	0.404711818684384
0.0538423633437737	1.60301728489051
0.0539001269455782	2.4195427625055
0.0539580146213262	2.43568843407772
0.0540160267712064	1.48141726044125
0.0540741637971303	0.189502630446581
0.0541324261027417	0.210235254881057
0.054190814093426	0.672556249528111
0.0542493281763191	0.24543962329928
0.0543079687603178	0.32005238429301
0.0543667362560883	1.15335728772533
0.0544256310760767	1.41059579701547
0.0544846536345179	1.19047458063557
0.0545438043474459	0.906342366913568
0.0546030836327031	0.223532382940551
0.0546624919099504	0.0990764094445342
0.0547220296006773	0.748071930565765
0.0547816971282112	0.866454345234846
0.0548414949177282	0.99612676101862
0.0549014233962628	1.67378803753759
0.054961482992718	1.36781946959961
0.0550216741378756	0.2661676291846
0.0550819972644069	0.0856234812403117
0.0551424528068824	0.301398382517133
0.0552030412017827	0.296665840849651
0.0552637628875088	0.629490862651998
0.0553246183043926	0.833859524280486
0.0553856078947081	1.25872062727089
0.0554467321026813	2.58857245203317
0.0555079913745015	2.79442561735344
0.055569386158332	1.28692004805031
0.0556309169043212	0.53105150336421
0.0556925840646133	1.3643944829958
0.0557543880933597	1.98372158431055
0.0558163294467299	1.98565674449223
0.0558784085829228	1.26420316881224
0.055940625962178	0.597245086682905
0.0560029820467873	1.3889950312568
0.0560654773011058	2.43598395327684
0.056128112191564	1.6482219506251
0.0561908871866789	1.09213266526273
0.0562538027570656	2.65877377052434
0.0563168593754498	4.43000226109739
0.0563800575166787	4.32115478556413
0.0564433976577337	2.66233182061651
0.0565068802777419	0.646915163719697
0.0565705058579883	0.136685909877383
0.0566342748819281	1.17293982021068
0.0566981878351989	1.06005948574457
0.056762245205633	0.345680608902804
0.0568264474832695	1.89524884334138
0.0568907951603676	4.41666996264569
0.0569552887314181	4.93718369786985
0.0570199286931572	3.75520734410299
0.0570847155445783	1.47193597268507
0.0571496497869453	0.102689468530809
0.0572147319238057	0.521493183444673
0.057279962461003	0.859263428513617
0.0573453419066906	0.112428929210639
0.0574108707713441	0.985523027423191
0.0574765495677756	3.29802015378077
0.0575423788111461	3.95046526269893
0.0576083590189796	2.43111526135538
0.0576744907111765	0.901516434755212
0.0577407744100271	0.18079258566672
0.0578072106402256	0.903772683864652
0.0578737999288839	1.98711414959716
0.0579405428055452	1.5623547150415
0.0580074398021985	1.38473934470944
0.0580744914532925	2.65228819134764
0.0581416982957498	2.77523317419797
0.0582090608689813	1.13029847370343
0.0582765797149009	0.0946341925964378
0.0583442553779393	0.221399059111966
0.0584120884050595	1.107908815642
0.0584800793457709	2.38012607872167
0.0585482287521444	2.53017365823558
0.0586165371788275	2.12634475930168
0.0586850051830589	3.03260156172261
0.058753633324684	3.25828828680371
0.0588224221661702	1.71926149582295
0.058891372272622	0.871083366834784
0.0589604842117966	1.81548675984018
0.0590297585541196	2.68816973296694
0.0590991958727005	3.26243000717464
0.0591687967433486	3.09432485885633
0.0592385617445891	1.97023154435604
0.0593084914576786	1.91551228576495
0.0593785864666218	2.42004583266784
0.0594488473581876	1.60100671892626
0.0595192747219252	1.72295663004942
0.0595898691501809	4.02318735972333
0.0596606312381148	5.76567357794457
0.0597315615837171	4.89419409175783
0.0598026607878251	3.08333971285385
0.0598739294541406	1.13751134669834
0.0599453681892463	0.415384493422111
0.0600169776026234	0.855822830820996
0.0600887583066692	0.532462169210821
0.0601607109167137	0.799753938534837
0.0602328360510381	3.84137864104664
0.060305134330892	6.75555913932848
0.0603776063805114	5.90626103504745
0.0604502528271366	3.36021326990424
0.0605230743010303	0.967284182639711
0.0605960714354959	0.00569177924133712
0.0606692448668957	0.412436906769964
0.0607425952346697	0.408044584786951
0.0608161231813539	0.239263034839354
0.0608898293525991	2.92714613476337
0.06096371439719	6.48924776618711
0.0610377789670642	6.35953556883366
0.0611120237173312	3.08564249506492
0.0611864493062917	0.7585167709649
0.0612610563954575	0.43165203264312
0.0613358456495703	1.61855816056796
0.0614108177366225	2.41250082667513
0.0614859733278759	1.80490646933147
0.0615613130978827	2.17583157897825
0.0616368377245052	4.68367186295692
0.0617125478889364	4.98778830737124
0.06178844427572	2.46215274755109
0.0618645275727717	0.729510735656508
0.0619407984713994	1.12647451324794
0.0620172576663245	2.79410064080555
0.0620939058557029	4.32568467472057
0.0621707437411461	3.94138953422039
0.0622477720277428	2.92157169727047
0.0623249914240804	3.58982707483816
0.0624024026422667	3.70829181777651
0.0624800063979518	2.10342009315868
0.0625578034103503	1.29125553245761
0.0626357944022633	2.4060641268494
0.0627139801001007	3.5972119091508
0.0627923612339042	5.13729425837245
0.0628709385373697	5.33585622852891
0.06294971274787	3.71590168627719
0.0630286846064783	2.52983624773244
0.0631078548579914	2.06645622185872
0.0631872242509526	1.22917749923466
0.0632667935376758	1.8864970136832
0.0633465634742693	4.37786636151153
0.0634265348206594	5.37237529323785
0.0635067083406146	4.20507360813523
0.0635870848017702	3.3822404036203
0.0636676649756527	2.3479321294143
0.063748449637704	1.16911000693504
0.0638294395673071	0.613594773566567
0.0639106355478105	0.264192254018272
0.0639920383665538	1.82125567625866
0.064073648814893	5.63812014535378
0.0641554676882262	7.33363569907952
0.0642374957860195	4.72871378304767
0.0643197339118328	1.70345361137933
0.0644021828733464	0.530891654886123
0.0644848434823871	0.183620743993226
0.0645677165549551	0.101622105353442
0.0646508029112507	0.0943889516209628
0.0647341033757014	1.52620219464373
0.0648176187769892	6.09668356830879
0.0649013499480781	9.50624661518364
0.0649852977262416	7.20128044686003
0.0650694629530909	2.41587976672703
0.0651538464746027	0.360811153842282
0.065238449141148	0.595405713769698
0.0653232718075202	1.46961456485298
0.0654083153329641	1.85591915071921
0.0654935805812049	1.9981320256502
0.0655790684204775	4.13245608649594
0.0656647797235557	7.55809726693753
0.0657507153677824	7.11732945714832
0.065836876235099	3.42270406861842
0.0659232632120759	1.50685824924468
0.0660098771899428	2.26387964531382
0.0660967190646195	3.59438509707292
0.0661837897367465	4.7006717526981
0.0662710901117163	4.25516272418285
0.0663586210997048	3.5815114134346
0.066446383615703	4.51899565483721
0.0665343785795487	4.39150068004971
0.0666226069159587	2.43461418306335
0.0667110695545613	1.75491490172631
0.0667997674299289	3.1334905458941
0.0668887014816106	4.35577797612382
0.0669778726541661	5.80071062602842
0.0670672818971984	6.4142279552121
0.0671569301653879	4.89355320444299
0.0672468184185261	2.95357464730014
0.0673369476215504	1.70410041282337
0.067427318744578	0.83793949534506
0.067517932762941	1.90336302061825
0.0676087906572215	4.10415645656182
0.067699893413287	4.07874371244261
0.0677912420223258	3.16598716622123
0.0678828374808833	3.73522043435229
0.0679746807908981	3.65840843781116
0.0680667729597385	2.1160856513286
0.0681591150002391	0.630597497786807
0.0682517079307384	0.613735710490524
0.068344552775116	3.25387872488864
0.0684376505628304	6.68759381075633
0.0685310023289567	6.3071373993982
0.0686246091142256	2.34834629228032
0.0687184719650616	0.501982169514169
0.068812591933622	1.15363676048676
0.0689069700778364	0.964429803906007
0.0690016074614466	0.108253218651054
0.0690965051540457	0.702992344078627
0.0691916642311192	4.13601938116346
0.0692870857740855	9.55830364018325
0.0693827708703366	10.9093252682621
0.0694787206132795	6.10894561979714
0.0695749361023778	1.20254506301918
0.0696714184431941	0.454618241731203
0.0697681687474317	0.888539860084151
0.0698651881329777	0.733195771339218
0.0699624777239462	1.20877485378519
0.0700600386507212	3.46110663950496
0.0701578720500009	7.5283265405903
0.0702559790648415	10.2970157224264
0.0703543608447017	7.75816699999272
0.0704530185454881	3.12846466759445
0.0705519533295998	2.11801778876445
0.0706511663659744	2.95459824944397
0.0707506588301342	3.00302604617658
0.070850431904232	3.32083823285456
0.0709504867770988	4.08686772720141
0.0710508246442903	5.04618583353937
0.0711514467081348	6.06185473630838
0.0712523541777812	4.97000168821108
0.0713535482692474	2.29168679428359
0.0714550302054695	2.14235726133358
0.0715568012163502	3.52504737061585
0.0716588625388096	3.76196609747592
0.0717612154168342	4.64287331732031
0.0718638611015284	6.07078183824068
0.0719668008511649	5.59986224589675
0.0720700359312362	3.47528650422492
0.0721735676145068	1.5332835697546
0.072277397181065	0.634484635209031
0.0723815259183759	2.24708973654485
0.0724859551213348	3.89014859090839
0.0725906860923205	2.80169370671607
0.0726957201412498	1.99579238701644
0.0728010585856318	3.98044497114581
0.0729067027506232	4.97428144261771
0.0730126539690838	2.75575714079805
0.0731189135816326	0.628449531772475
0.0732254829367042	1.11797653136867
0.073332363390606	4.40193423408086
0.0734395563075757	7.29003443438249
0.0735470630598394	4.74923986234267
0.0736548850276698	0.613260744331284
0.0737630235994458	0.858076495340625
0.0738714801717119	2.98887097379025
0.073980256149238	2.10411659131645
0.0740893529450805	0.285109381304895
0.0741987719806433	1.75750452041681
0.0743085146857395	6.59630116540927
0.0744185824986536	11.3330088445509
0.0745289768662047	10.0153546510637
0.0746396992438094	3.70380403730641
0.0747507510955461	0.614169501026942
0.0748621338942195	1.87980917299817
0.0749738491214255	1.72864641664253
0.0750858982676173	0.184657015841776
0.075198282832171	1.5480513745362
0.0753110043234532	6.17411820550613
0.0754240642588883	10.7665848202897
0.0755374641650261	11.0366604334061
0.0756512055776112	5.7581423785917
0.0757652900416518	2.06194972065531
0.0758797191114901	2.82292529387975
0.0759944943508724	3.15933349899423
0.0761096173330207	1.40418503497785
0.0762250896407045	2.02800601348398
0.0763409128663133	5.25572240399516
0.0764570886119298	8.03518906636644
0.0765736184894038	7.64786075852159
0.0766905041204265	4.07329565118559
0.0768077471366063	1.41808621895623
0.0769253491795441	2.49036350307048
0.0770433119009103	3.38983874818597
0.077161636962522	1.84307587337087
0.077280326036421	2.57782777409416
0.0773993808049527	6.04022237187636
0.0775188029608453	7.26861832585076
0.0776385942072904	4.73135176271979
0.0777587562580238	1.53228647268011
0.0778792908374071	0.589740022536404
0.0780001996805103	2.93601160438036
0.0781214845331951	4.26459059685927
0.0782431471521989	1.70696829315473
0.0783651893052196	0.881080252190441
0.0784876127710011	4.65593530451225
0.07861041933942	6.54973378947911
0.0787336108115725	3.61875349855427
0.0788571889998628	0.458243319975613
0.0789811557280916	1.17785529420616
0.0791055128315461	4.97342375525847
0.0792302621570905	6.99013304127028
0.0793554055632574	3.4165044014456
0.0794809449203401	0.0208170117440934
0.0796068821104858	2.69187909855464
0.0797332190277896	5.94884043715817
0.0798599575783896	3.44757320465526
0.0799870996805626	0.229279097984961
0.0801146472648209	1.99716714131551
0.0802426022740102	7.24939983191246
0.080370966663408	10.4324208285593
0.0804997424008234	7.23266306665715
0.0806289314666974	1.38418505744504
0.0807585358542047	1.43005550085198
0.0808885575693562	4.47684548840082
0.0810189986311021	3.05465302733958
0.0811498610714369	0.0693668288578134
0.0812811469355048	2.39520376670922
0.0814128582817058	8.11042919535115
0.081544997181804	11.2659458898614
0.0816775657210355	8.36790206920098
0.0818105659982189	2.49197302020862
0.081944000125865	1.25159196937233
0.0820778702302899	4.14002632800199
0.0822121784517267	3.40586236884986
0.0823469269444406	0.292779605602259
0.0824821178768434	2.39694517625257
0.0826177534316101	8.37321462228689
0.0827538358057963	10.7414893372471
0.082890367210957	7.5001193591534
0.0830273498732661	2.09640444560675
0.0831647860336376	0.658455316021487
0.0833026779478476	3.5592262128866
0.0834410278866581	3.45057973583416
0.0835798381359413	0.320151948139106
0.0837191109968057	2.37832695756406
0.0838588487857229	8.81089549473369
0.0839990538346567	11.0919536106163
0.084139728491192	6.6166416005754
0.0842808751186665	1.31002994300417
0.0844224960963028	0.618353262283541
0.084564593819342	3.98766556850739
0.0847071706991788	4.79373963794171
0.084850229163498	0.994493033924585
0.0849937716564121	1.1644661195233
0.0851378006386007	7.90649909828991
0.0852823185874509	10.8949444795294
0.0854273279971998	6.2101009353934
0.0855728313790771	0.748675845776184
0.0857188312614511	0.815089206962871
0.0858653301899744	4.77823412960637
0.0860123307277322	6.26597893225724
0.0861598354553917	2.34325451678643
0.0863078469713531	0.387666529232672
0.0864563678919023	5.98423663525898
0.0866054008513648	10.2443603842779
0.0867549485022616	5.96009492750671
0.0869050135154667	0.550401920300187
0.087055598580366	1.21234075987304
0.0872067064050177	5.6807864547916
0.0873583397163151	7.44741220478987
0.0875105012601503	3.7421631244644
0.0876631938015801	0.072371577602413
0.0878164201249934	3.3357122812672
0.0879701830342807	7.25055193265359
0.0881244853530046	4.55156972824778
0.0882793299245732	0.176794619553554
0.0884347196124144	2.55533130974785
0.0885906573001527	7.41998575198838
0.0887471458917872	8.10071572390144
0.0889041883118721	4.11874242788912
0.089061787505699	0.14529865886683
0.0892199464394808	2.10046149444006
0.0893786681005379	5.87699686508232
0.0895379554974862	3.83006512800559
0.0896978116604275	0.0241619792434256
0.0898582396411412	3.90529129779129
0.0900192425132787	10.5983665179211
0.0901808233725598	10.2496225469331
0.0903429853369711	5.00601570046827
0.0905057315469664	0.345140765383465
0.0906690651656695	1.66669651948866
0.0908329893790792	5.51137581044194
0.0909975073962764	4.08890252239454
0.0911626224496335	0.374692454462012
0.0913283377950261	5.22740746129881
0.091494656712047	14.2916729668292
0.0916615825042228	15.8421057806651
0.0918291184992321	7.88951454530766
0.091997268049127	0.831573523185957
0.0921660345305569	1.17480430901165
0.0923354213449937	5.1903605393328
0.0925054319189613	5.15296544948764
0.092676069704266	0.958691540468935
0.0928473381782303	3.98542157801815
0.0930192408439291	15.0326958292423
0.0931917812304287	18.5696273954129
0.0933649628930282	11.0732135824436
0.0935387894135033	1.97296585178888
0.0937132644003541	0.550146900239296
0.0938883914890539	4.15449546601715
0.0940641743423023	4.97869334483049
0.0942406166502804	1.19234195976422
0.0944177221309088	1.64293188055048
0.0945954945301091	11.4093766819495
0.0947739376220679	16.6918530280801
0.0949530552095034	10.9453455579318
0.0951328511239366	2.58183576503811
0.0953133292259633	0.480876457340308
0.0954944934055313	2.98541242426377
0.0956763475822194	4.20168743237533
0.0958588957055205	1.79487872282126
0.0960421417551269	0.555415564843175
0.0962260897412201	5.78591399482036
0.0964107437047631	10.6193353511656
0.0965961077177962	6.53477926369855
0.0967821858837365	0.882214726889451
0.0969689823376807	1.72787231704715
0.0971565012467112	4.32269768832187
0.0973447468102064	4.27837564360657
0.0975337232601534	2.28439674124627
0.0977234348614663	2.0347814153767
0.0979138859123058	5.56916803411858
0.0981050807444047	8.22890948851228
0.0982970237233959	3.94965968826525
0.0984897192491449	0.0311347839705205
0.0986831717560858	4.37816815485477
0.0988773857135615	9.71668439464571
0.0990723656261681	8.00189560180886
0.0992681160341028	3.26060544394053
0.0994646415135167	2.71774137435815
0.0996619466768711	6.77285402642536
0.0998600361732985	8.21295400270226
0.100058914688968	4.85144063337952
0.100258586947454	1.48134779273798
0.100459057710111	8.78175586672575
0.100660331776453	18.9981959536119
0.100862413984532	16.4928567817573
0.101065309211334	8.07195401318327
0.101269022373162	2.19567562901168
0.101473558426039	4.08128394725494
0.101678922366108	7.23176383778545
0.101885119230041	5.3197236310157
0.102092154095446	1.62505631064318
0.102300032081289	8.84102105075363
0.102508758348312	22.3827481909031
0.102718338099463	26.5674658527335
0.102928776580326	15.27937962828
0.10314007907956	4.63108348379516
0.103352250929342	1.66719906005412
0.103565297505815	3.2808038952733
0.103779224229542	2.90802093163883
0.103994036565966	0.180051565381386
0.104209740025876	4.51375372025243
0.104426340165878	16.8865559922246
0.104643842588871	24.8289601801051
0.104862252944531	18.0903514225123
0.105081576929801	6.88643607181067
0.105301820289385	1.09824230754618
0.105522988816251	0.96176528703008
0.105745088352135	1.94426789349033
0.105968124788063	1.84358765581233
0.106192104064863	3.34212680991407
0.106417032173699	9.51721489038927
0.106642915156602	13.4139426529962
0.106869759107012	9.38058798689959
0.107097570170327	3.01221620276813
0.107326354544454	1.07820496218326
0.107556118480377	1.42106260176478
0.107786868282721	2.51422643853621
0.108018610310332	5.72016493617158
0.108251350976859	9.48101368914803
0.108485096751348	11.6977986365649
0.108719854158838	9.43906620112694
0.108955629780972	4.22830246364883
0.10919243025661	0.0136973569151593
0.109430262282452	2.93210370761188
0.109669132613669	5.58737270082934
0.109909048064545	5.34511199771247
0.110150015509121	7.27065527091658
0.110392041881857	13.9639588714149
0.11063513417829	17.1358407894013
0.110879299455715	13.5727300952283
0.111124544833863	5.05846472672448
0.111370877495598	1.98658754351206
0.111618304687611	9.47729483953021
0.111866833721137	17.2219183941076
0.112116471972675	15.3493434615971
0.112367226884712	10.1732307949814
0.112619105966469	10.5695548511983
0.112872116794648	13.2303545554406
0.11312626701419	10.5735091767812
0.113381564339048	4.84318730175037
0.113638016552967	2.78217993800858
0.113895631510273	12.4477634433812
0.114154417136677	25.3005821021192
0.114414381430087	27.0058112228125
0.114675532461431	17.5041814422115
0.114937878375495	9.8210223340643
0.115201427391765	7.40980389026292
0.115466187805292	4.61124459173073
0.115732167987555	1.10425209919046
0.115999376387352	0.940022839834706
0.116267821531683	9.35521321774812
0.11653751202667	23.7943555950739
0.116808456558467	28.8007700335614
0.117080663894196	20.9842568221564
0.117354142882893	10.2410465675427
0.117628902456467	4.14911668346879
0.117904951630672	0.687595798858164
0.118182299506092	0.522312123200491
0.118460955269142	3.98970599320899
0.118740928193085	9.45164587436354
0.119022227639055	15.8957338634417
0.119304863057105	18.5125272707996
0.119588843987263	12.597087355291
0.119874180060607	5.22128428723283
0.120160881000353	1.50247924160558
0.120448956622957	0.142254582656451
0.120738416839241	3.59270599848157
0.121029271655525	13.0135207622248
0.12132153117478	19.710691932792
0.121615205597801	18.471584703728
0.121910305224392	11.8821970013917
0.122206840454569	4.79777725837311
0.122504821789785	0.462703761117556
0.122804259834164	0.907812321336952
0.123105165295767	2.28783824041181
0.12340754898786	7.01773772936617
0.123711421830215	19.4871208082995
0.124016794850425	32.8952712585169
0.124323679185231	28.6035860824724
0.124632086081885	16.5342028055481
0.124942026899518	3.98543299807204
0.125253513110535	1.22895628649693
0.125566556302034	6.11089203265792
0.12588116817724	10.1736608784342
0.126197360556963	12.2219722335251
0.126515145381083	19.2396870331389
0.126834534710045	32.6536305952989
0.127155540726393	32.0648910472476
0.127478175736313	17.726671447235
0.127802452171209	5.29499877159424
0.128128382589299	5.15941034131197
0.128455979677235	14.0666749698074
0.12878525625175	20.8544073506402
0.12911622526133	18.9323468032456
0.12944889978791	17.9355665506092
0.129783293048598	22.6655244485218
0.130119418397427	24.1868003873437
0.130457289327132	12.8038083427655
0.130796919470952	4.00012773268387
0.131138322604469	7.28286710493484
0.131481512647469	18.9375601832685
0.13182650366583	28.2955876289925
0.132173309873451	24.8369711108083
0.132521945634196	16.8443555624983
0.132872425463883	12.7640853132081
0.133224764032297	10.9997909499314
0.133578976165235	4.2828368411736
0.133935076846589	1.27763770879262
0.134293081220455	9.53785695541085
0.134653004593282	21.2210734659119
0.135014862436056	25.8169409758789
0.135378670386511	23.1205785947656
0.135744444251385	13.5410448651067
0.13611220000871	6.08203765412259
0.136481953810138	2.28307123455303
0.136853721983305	0.015455358693823
0.137227521034233	4.60404812958772
0.137603367649778	18.7436801531983
0.137981278700105	28.442864173501
0.138361271241221	25.9438449226379
0.138743362517536	16.1522867724338
0.139127569964471	6.97714925286573
0.139513911211114	1.82942479384407
0.139902404082911	0.0663591937478392
0.140293066604413	1.80272795053837
0.140685917002061	13.6351618248944
0.14108097370702	35.7648004109289
0.141478255358064	50.0676415588943
0.141877780804503	38.5907727547756
0.14227956910917	16.2809193620943
0.142683639551447	2.15534230955795
0.143090011630355	0.38992755304534
0.143498705067685	2.04814848711259
0.14390973981119	3.71915261385534
0.144323136037833	14.8219028039738
0.144738914157086	40.9551544730672
0.145157094814291	64.7291171584189
0.145577698894074	57.2622332517518
0.146000747523826	26.8953218721504
0.146426262077237	8.28853194729077
0.146854264177897	9.25633552118935
0.14728477570296	14.0041121588876
0.147717818786869	10.9365322248811
0.148153415825154	8.91530264433583
0.148591589478288	25.3190162312562
0.149032362675619	51.424511774875
0.149475758619369	55.2817646559121
0.149921800788708	32.6754509579917
0.150370512943893	14.5236682929389
0.150821919130493	22.8551592512901
0.15127604368368	34.7743259581795
0.151732911232604	29.5815728946277
0.152192546704848	16.1045985314998
0.152654975330955	9.23776685194427
0.153120222649053	18.4877548241038
0.153588314509549	25.8331653921452
0.154059277079923	16.2897879232939
0.1545331368496	8.17982227134258
0.15500992063492	21.5147362618182
0.155489655584192	40.9572696504718
0.155972369182854	41.624997639916
0.156458089258713	27.5852975726667
0.156946843987303	11.1869301804868
0.157438661897324	3.9662527254653
0.157933571876199	3.01218353111368
0.158431603175729	0.463508664288306
0.158932785417853	3.37550217740357
0.159437148600524	19.4900160954611
0.159944723103695	33.6155749530252
0.160455539695416	34.8432962458931
0.160969629538055	22.6077658248014
0.161487024194631	11.1380522058106
0.162007755635277	3.56801049245079
0.162531856243823	0.429423565822917
0.163059358824511	3.61391008242871
0.163590296608838	20.0806078128795
0.164124703262536	41.4197777301759
0.164662612892687	58.65006687457
0.165204060054979	41.2538311834035
0.165749079761108	15.3205554034337
0.166297707486323	0.888229667360386
0.166849979177122	0.706167956837448
0.167405931259106	0.319232040355859
0.167965600644987	2.7153022675676
0.168529024742757	25.9639182350679
0.169096241464021	63.7140882549175
0.169667289232506	95.1523588944445
0.170242206992732	80.320530925422
0.170821034218869	34.4675949228334
0.17140381092377	12.8477026681076
0.171990577668192	15.4441931019758
0.172581375570208	15.0459665068839
0.173176246314809	3.60991316280582
0.17377523216371	5.86765031305456
0.174378375965358	41.3413565914305
0.174985721165152	85.6254713099769
0.175597311815872	92.9119332476608
0.176213192588332	57.561120717367
0.176833408782254	32.5349686030441
0.17745800633738	45.7776103066736
0.17808703184481	55.5701686781296
0.178720532558591	34.0328312494258
0.179358556407548	8.06052657673021
0.180001152007372	4.91872079735247
0.180648368672971	29.2348361281161
0.181300256431082	46.3614861051737
0.181956866033165	38.3064749433675
0.182618248968572	24.1649277122155
0.183284457478005	41.7475613019973
0.183955544567277	67.9471964137964
0.184631564021364	66.6156829267249
0.185312570418776	34.860125896538
0.185998619146251	8.21356948826287
0.186689766413764	1.07002653242271
0.187386069269883	5.05435730895899
0.188087585617468	2.80652892017747
0.188794374229718	2.0127896229869
0.189506494766588	18.5485313363188
0.190224007791575	38.8818827641332
0.190946974788889	46.5523409213517
0.191675458181015	31.8087296673385
0.192409521346682	15.2124261949022
0.19314922863924	4.72727374462145
0.193894645405472	1.06502550966196
0.194645838004833	4.88898787293464
0.195402873829146	20.8247313120604
0.196165821322754	43.7314980057943
0.196934750003151	53.1939124502625
0.197709730482095	35.2652926194661
0.198490834487226	11.6119222009986
0.199278134884195	1.197657392351
0.200071705699322	2.56005425711422
0.200871622142802	1.62410787560828
0.201677960632462	6.42200193491844
0.202490798818101	39.4372089421254
0.203310215606417	88.6874016841329
0.204136291186538	100.705023128
0.204969107056184	85.1345946890603
0.205808746048472	36.2978363173794
0.206655292359375	15.5714017317964
0.207508831575872	18.1593751131975
0.208369450704789	16.4080276702828
0.209237238202367	2.4229132449114
0.210112284004572	11.4195705329445
0.21099467955816	63.0940094006376
0.211884517852542	116.598567228846
0.212781893452446	124.215620676536
0.21368690253142	83.3521366795254
0.214599642906194	55.8630732881756
0.215520214071918	62.7205961140168
0.216448717238322	67.7925225061976
0.217385255366807	42.0400094889539
0.218329933208507	5.74437912881986
0.219282857343344	8.41843097098946
0.220244136220117	41.8386299117748
0.221213880197641	72.711089351637
0.222192201586986	60.7103930749693
0.223179214694834	40.5266280417194
0.224175035868006	61.9170413881149
0.225179783539178	92.2301852078372
0.226193578273836	85.4799989181774
0.227216542818503	45.8581407538354
0.228248802150286	6.91258784177608
0.229290483527772	1.41300901973148
0.230341716543327	10.0440454914697
0.231402633176844	8.40299674596785
0.232473367850979	4.12431678576006
0.23355405748793	19.0483246966136
0.234644841567803	42.9411598008558
0.235745862188627	57.5510311525897
0.236857264128062	44.9405304159307
0.237979194906865	18.0424700063025
0.239111804854161	4.81244688465222
0.240255247174599	1.31190825300316
0.241409678017428	4.18153488800363
0.242575256547592	14.2699364622619
0.243752145018877	27.2785126887615
0.244940508849211	34.5364776643726
0.246140516698173	25.9550077156046
0.247352340546788	9.38051564759299
0.248576155779695	2.99298473750335
0.249812141269766	3.93157472812704
0.251060479465262	3.68873018093797
0.252321356479613	9.89187587287837
0.25359496218392	40.8635617928031
0.25488149030227	84.0965275908151
0.256181138509969	101.692417000979
0.257494108534797	74.8611844533474
0.258820606261389	32.3539182165946
0.260160841838859	13.2236340400728
0.261515029791793	18.1922839137756
0.262883389134715	17.1156241593818
0.264266143490174	4.52166653168441
0.265663521210576	17.5661635427537
0.267075755503898	72.4186883181673
0.268503084563436	119.818315327826
0.269945751701739	114.666524495967
0.271404005488875	82.6694196322151
0.272878099895216	54.3997025184789
0.274368294438885	62.4750356682279
0.275874854338078	70.7049516533097
0.277398050668419	42.6471581772659
0.278938160525565	6.49930423271801
0.280495467193251	14.6528255069604
0.282070260317003	55.6247109351734
0.283662836083729	69.5654004839054
0.285273497407435	65.6308217731591
0.286902554121299	57.7835061324741
0.288550323176363	68.8927506517144
0.290217128847119	98.6993429108491
0.291903302944254	84.1731903797927
0.293609185034858	41.0880544492732
0.295335122670397	6.98841300561165
0.297081471622779	4.62865999300589
0.298848596128836	16.2620433861921
0.300636869143595	14.1976847581527
0.302446672602687	10.637124188547
0.304278397694301	20.5770491130276
0.306132445141067	46.0177891749256
0.308009225492323	63.3517995993135
0.309909159427189	45.327207044981
0.311832678068933	17.8409790319572
0.31378022331111	4.91990291395518
0.315752248156008	1.63085249951178
0.31774921706593	2.68460781942977
0.319771606327897	6.34991793539216
0.321819904432362	14.1512673495951
0.323894612466575	20.1920187242502
0.325996244523264	17.6358605240665
0.328125328125329	10.1982152661824
0.330282404667287	5.13210229635315
0.332468029874248	4.63324372942453
0.334682774279228	3.8407563859046
0.336927223719677	9.68429093366184
0.339201979854117	32.8128912393378
0.341507660699846	57.5909418362137
0.34384490119273	66.3137714010052
0.346214353770137	50.3044203189323
0.348616688978136	17.9092935522749
0.351052596104159	7.53662687572827
0.353522783836373	14.3269141621643
0.35602798095108	11.439442102508
0.358568937029558	5.37029107029515
0.361146423205825	17.2079221369128
0.363761232946874	59.1560167431614
0.36641418286706	91.8388096993001
0.369106113578381	88.9413007379513
0.371837890578521	66.8796420873828
0.374610405178615	46.4751326066295
0.377424575472838	47.5121824480289
0.380281347352026	49.7083964528192
0.383181695563676	25.4642878044119
0.386126624820838	7.95662032845809
0.389117170962521	16.1846656901482
0.392154402168458	46.3586228457819
0.3952394202312	61.4831709247306
0.398373361888737	48.2963599199055
0.401557400221018	45.8592948546085
0.40479274611399	60.6135009194549
0.408080649794981	74.5358951852417
0.411422402443521	70.4407640957905
0.414819337881966	24.4989309195748
0.418272834350574	6.99131916259898
0.421784316371981	6.4016595071405
0.425355256710405	16.0598033433392
0.428987178431212	13.1925263011845
0.432681657066904	10.7789712216236
0.436440322896009	19.2415009529273
0.440264863341787	36.2900980837302
0.444157025498167	52.5994032804287
0.448118618790869	32.9062974894421
0.452151517782216	13.6860023914468
0.456257665128775	4.34069093845198
0.460439074701636	1.53544368183613
0.464697834879849	1.61629285052166
0.469036112028338	1.59739093863011
0.473456154172475	4.07224468742796
0.477960294882384	8.94242745382513
0.4825509573811	10.5165877943397
0.487230658891765	8.15168759245126
0.492002015240255	4.94642347504106
0.496867745730913	3.47710245850415
0.501830678314492	3.39554587313226
0.506893755068938	6.94345541011984
0.512060038015338	14.4148492441764
0.517332715293184	27.6316220502533
0.52271510772113	34.1385602601063
0.528210675771611	22.2886999039382
0.533823026990093	6.56893073091011
0.5395559238924	2.26620756263279
0.545413292376432	6.58406228455215
0.551399230687794	4.5133281974254
0.557518018982374	3.55986163043113
0.563774129532745	10.0304584009661
0.570172237629544	29.6604948915994
0.576717233233677	49.0580608065887
0.583414233440371	44.264474836207
0.590268595821843	28.3370757702033
0.597285932721713	29.0807717297357
0.6044721265813	20.8391807302306
0.611833346385779	24.0754573960143
0.619376065326833	12.1363385433315
0.627107079788089	7.36305256749565
0.635033529770372	8.57009657250443
0.643162920885816	25.2960554490326
0.651503148063212	33.8999379399124
0.660062521122001	25.8273857105851
0.668849792389025	23.5049363474647
0.677874186550977	26.6451624599745
0.687145432956595	36.0588632516472
0.696673800606385	33.590845391703
0.706470136094407	10.0062157249539
0.716545904796845	3.3397260487785
0.726913235636195	4.3622325531881
0.73758496978852	9.65230532927926
0.74857471374503	7.33465927812586
0.75989689718899	9.50970372438342
0.77156683620562	11.6493796576912
0.783600802407222	16.4952732805726
0.796016098629579	20.8366317364074
0.808831141940159	16.3052846084077
0.822065554795602	6.36627651116128
0.83574026529739	1.75402426610437
0.849877617623062	0.904551438524366
0.864501493858581	0.810885970688002
0.879637448629173	0.162392408871622
0.895312858125143	0.621253474038195
0.911557085350913	5.34340894685743
0.928401663695781	3.75319968452365
0.945880501240995	3.69025132947319
0.964030108588351	2.5058199555357
0.982889853431464	1.87784120802708
1.00250224560503	2.09411620534353
1.02291325695581	2.20373044608381
1.04417268110131	3.57568410908675
1.06633453900225	6.91500054484266
1.08945753730303	7.3462848491468
1.1136055876274	4.39161843567769
1.13884839650146	1.10486764559899
1.16526213737042	0.227057689764864
1.19293021835395	0.878228067217547
1.22194416203957	0.943035906292031
1.25240461686438	0.703560240067642
1.28442252363337	2.38510222853569
1.3181204656656	6.32303032502553
1.35363423720003	10.5076344698382
1.39111467236467	8.40349942017805
1.43072978664957	6.59656166367898
1.47266729500471	4.21918016628936
1.51713758617341	3.3084189277722
1.56437725270324	3.32796039064339
1.61465330164307	1.76696767074948
1.66826820414264	1.15783536736393
1.72556598564329	1.98062705133974
1.7869396157365	3.83750309968836
1.85284003320289	4.81196353795055
1.92378724452105	4.32030716004895
2.00038407374216	8.4856412237215
2.08333333333333	3.4208837749592
