0.00999800839672774	0.533624092489316
0.0100000000000004	0.25252286512375
0.0100019923968858	0.570423759663091
0.0100039855878586	0.434814387692136
0.0100059795733934	0.18355225247404
0.0100079743539656	0.240429599858417
0.0100099699300507	0.378145852645716
0.0100119663021247	0.304931194502093
0.0100139634706639	0.0784745263348949
0.010015961436145	0.181463931881608
0.0100179601990452	0.118601254359634
0.010019959759842	0.251153722304758
0.0100219601190132	0.0279753795580421
0.010023961277037	0.0874271683406054
0.0100259632343922	0.0861510316254866
0.0100279659915576	0.0749594357116569
0.0100299695490128	0.0858352639551987
0.0100319739072375	0.0109795764619526
0.0100339790667119	0.0566338721957645
0.0100359850279165	0.103585623018441
0.0100379917913322	0.269501259480067
0.0100399993574404	0.0356858945798503
0.0100420077267228	0.218065849120817
0.0100440168996614	0.324263026385644
0.0100460268767388	0.162983030588677
0.0100480376584378	0.415890347376419
0.0100500492452417	0.152863152578482
0.010052061637634	0.434313449281679
0.0100540748360988	0.709050989349461
0.0100560888411206	0.334931289994277
0.0100581036531841	0.439441142078494
0.0100601192727745	0.811238799254842
0.0100621357003773	0.61599049584463
0.0100641529364787	0.693870488975592
0.0100661709815648	0.700279126638686
0.0100681898361225	0.690546065945783
0.0100702095006388	1.14530372117818
0.0100722299756014	0.910905155686509
0.0100742512614981	0.571249092700808
0.0100762733588173	1.33756253167012
0.0100782962680476	0.949566752783911
0.0100803199896781	0.927302034484885
0.0100823445241984	0.930292377837957
0.0100843698720983	0.996368193060798
0.0100863960338681	1.09752922672675
0.0100884230099984	1.15997089288041
0.0100904508009804	0.608700461174797
0.0100924794073054	1.23506078577622
0.0100945088294654	1.1458014929391
0.0100965390679525	0.706813725596239
0.0100985701232595	0.957967576891347
0.0101006019958793	0.621468117728726
0.0101026346863055	1.16674865227186
0.0101046681950318	0.53662743483601
0.0101067025225525	0.674183105376546
0.0101087376693622	0.529493553765498
0.0101107736359559	0.765022101979616
0.0101128104228291	0.458815627273166
0.0101148480304776	0.42011678772091
0.0101168864593977	0.346931793746336
0.0101189257100859	0.474695403369614
0.0101209657830393	0.449648112948363
0.0101230066787553	0.0980175496535621
0.0101250483977317	0.408108326933318
0.0101270909404669	0.15980810678739
0.0101291343074593	0.268883039329543
0.0101311784992081	0.149467248260627
0.0101332235162127	0.130159279006858
0.010135269358973	0.148246218281134
0.0101373160279891	0.27458714596954
0.0101393635237618	0.23155308495105
0.010141411846792	0.0622426786281486
0.0101434609975814	0.462343168336459
0.0101455109766316	0.211590441831972
0.0101475617844451	0.297648442703109
0.0101496134215244	0.435124243717711
0.0101516658883727	0.189681772215319
0.0101537191854934	0.600809967590514
0.0101557733133905	0.614267987522316
0.0101578282725682	0.293788642149753
0.0101598840635313	0.679323685363305
0.010161940686785	0.741227395692289
0.0101639981428346	0.590581342397685
0.0101660564321863	0.785369653888768
0.0101681155553462	0.739939717692448
0.0101701755128213	0.759099340486537
0.0101722363051186	1.21193169691721
0.0101742979327458	0.692253934540283
0.0101763603962109	0.939155755781733
0.0101784236960222	1.20450959584428
0.0101804878326885	0.905025951171909
0.0101825528067192	1.07481119673254
0.0101846186186239	0.91453593280371
0.0101866852689126	1.16454643723355
0.0101887527580957	0.989604780369232
0.0101908210866843	1.2098721943076
0.0101928902551896	0.661151942931021
0.0101949602641232	1.47382906286642
0.0101970311139975	0.783222735478375
0.0101991028053248	1.09589885000339
0.0102011753386182	0.868283491668096
0.010203248714391	0.825739809082605
0.0102053229331571	1.22431261166086
0.0102073979954307	0.452952774218317
0.0102094739017264	0.954395202333113
0.0102115506525593	0.544602122214898
0.0102136282484448	0.797547133226318
0.0102157066898989	0.433209393854247
0.0102177859774379	0.688319838238553
0.0102198661115784	0.269851864637382
0.0102219470928377	0.766296347250679
0.0102240289217334	0.398415952534833
0.0102261115987834	0.277906533775028
0.0102281951245061	0.631925961700612
0.0102302794994205	0.118399763753694
0.0102323647240458	0.415163709622041
0.0102344507989016	0.183203613520511
0.0102365377245081	0.235055479817619
0.0102386255013859	0.15972778040454
0.0102407141300558	0.373379961572173
0.0102428036110393	0.123310157616463
0.0102448939448583	0.230132536953294
0.0102469851320348	0.46952509255767
0.0102490771730917	0.0547816241260059
0.010251170068552	0.404768941667736
0.0102532638189392	0.276075346188639
0.0102553584247773	0.16746296892045
0.0102574538865907	0.469493130261646
0.0102595502049041	0.292938176368681
0.0102616473802428	0.225168236124681
0.0102637454131326	0.535641087094453
0.0102658443040993	0.337254364265183
0.0102679440536697	0.337200973941954
0.0102700446623706	0.544869992713045
0.0102721461307295	0.359856796021914
0.0102742484592741	0.475933612083159
0.0102763516485327	0.666529554539781
0.010278455699034	0.262295210900197
0.0102805606113072	0.768803772662821
0.0102826663858817	0.454453070412599
0.0102847730232876	0.536409362157799
0.0102868805240552	0.589363956986319
0.0102889888887155	0.453538487033875
0.0102910981177997	0.625139841853867
0.0102932082118395	0.438308971608568
0.0102953191713672	0.600802866909978
0.0102974309969153	0.339264501591985
0.0102995436890168	0.826360967368739
0.0103016572482052	0.160899800895348
0.0103037716750145	0.878129959363378
0.0103058869699789	0.295710107885397
0.0103080031336333	0.552044464334413
0.0103101201665129	0.597208906445652
0.0103122380691534	0.17528641884709
0.0103143568420909	0.594248901911407
0.0103164764858619	0.206941528038887
0.0103185970010033	0.331075981493293
0.0103207183880528	0.200246248464138
0.010322840647548	0.486026936709065
0.0103249637800274	0.0339098548391444
0.0103270877860297	0.610382893751247
0.0103292126660941	0.160382184625498
0.0103313384207603	0.309063781883028
0.0103334650505682	0.483351898433135
0.0103355925560586	0.0170746640349333
0.0103377209377723	0.315109546343251
0.0103398501962507	0.119041234270459
0.0103419803320359	0.164179625982161
0.01034411134567	0.07844576800979
0.0103462432376958	0.313553165318196
0.0103483760086566	0.0301392565603842
0.010350509659096	0.331219630268575
0.0103526441895581	0.291626141707436
0.0103547796005875	0.0419914681237928
0.0103569158927292	0.417031451990604
0.0103590530665287	0.104258649480465
0.0103611911225318	0.139005943217447
0.010363330061285	0.250711847317841
0.0103654698833349	0.0856321370066848
0.010367610589229	0.19331343533323
0.0103697521795149	0.269159681270816
0.0103718946547407	0.0519332215072433
0.0103740380154552	0.233392544563136
0.0103761822622073	0.240025254130389
0.0103783273955467	0.0600957277056971
0.0103804734160232	0.246020734493686
0.0103826203241873	0.135434406120269
0.01038476812059	0.129984227106611
0.0103869168057825	0.331575762743149
0.0103890663803167	0.00686509062823214
0.0103912168447448	0.311212308944061
0.0103933681996196	0.0963065946691845
0.0103955204454942	0.125575440425573
0.0103976735829222	0.0880224739404774
0.0103998276124579	0.0966820554706111
0.0104019825346556	0.0717929827047019
0.0104041383500705	0.116298372647476
0.010406295059258	0.08312444592487
0.010408452662774	0.130030980014898
0.010410611161175	0.323047980855305
0.0104127705550177	0.0453095194257531
0.0104149308448596	0.259159936249303
0.0104170920312583	0.0449478802909294
0.0104192541147722	0.141674462451734
0.01042141709596	0.0718917275341082
0.0104235809753807	0.00826901470896354
0.0104257457535941	0.00444656885581186
0.0104279114311603	0.0640397457553459
0.0104300780086398	0.0870791557755167
0.0104322454865937	0.142887868793845
0.0104344138655834	0.140430626457923
0.010436583146171	0.172081347814493
0.0104387533289188	0.153117525687596
0.0104409244143898	0.22430781887591
0.0104430964031473	0.0968934006775471
0.0104452692957553	0.0548946358601879
0.0104474430927779	0.0251380629364308
0.0104496177947799	0.0335528430786331
0.0104517934023267	0.00229130610842302
0.0104539699159839	0.110607800116198
0.0104561473363178	0.0180494955014365
0.0104583256638949	0.173974269270517
0.0104605048992825	0.164028303094647
0.0104626850430481	0.0784850564719699
0.0104648660957598	0.269061474233662
0.0104670480579862	0.0262160091065911
0.0104692309302962	0.0696099251602374
0.0104714147132595	0.0960980448265077
0.010473599407446	0.0245536797399353
0.0104757850134261	0.169469082847026
0.0104779715317708	0.0829805597230204
0.0104801589630515	0.0671384397677905
0.0104823473078401	0.299874993413279
0.0104845365667089	0.0738816463231827
0.0104867267402307	0.111182321876119
0.010488917828979	0.233135462489795
0.0104911098335275	0.0631420132611207
0.0104933027544504	0.349413596042049
0.0104954965923225	0.12278453360758
0.0104976913477192	0.264012769795126
0.010499887021216	0.540302295601428
0.0105020836133893	0.0530893509265641
0.0105042811248156	0.358508869120087
0.0105064795560722	0.188673388095639
0.0105086789077367	0.3544503912412
0.0105108791803873	0.254619142283377
0.0105130803746025	0.326411587355715
0.0105152824909614	0.148252655783967
0.0105174855300438	0.916994089070166
0.0105196894924296	0.169471606384068
0.0105218943786994	0.596910242039525
0.0105241001894342	0.60137459561299
0.0105263069252156	0.224770205398563
0.0105285145866256	0.757433715703484
0.0105307231742468	0.114140928381651
0.0105329326886621	0.485703557566299
0.010535143130455	0.525609103338235
0.0105373545002094	0.351507983760303
0.01053956679851	0.205677620192537
0.0105417800259416	0.914114822777245
0.0105439941830897	0.0608118152476192
0.0105462092705402	0.732165100390393
0.0105484252888796	0.268847845768584
0.0105506422386947	0.361138612901247
0.0105528601205731	0.711468899730976
0.0105550789351027	0.0500874132765365
0.0105572986828718	0.199990972534287
0.0105595193644694	0.272996831328353
0.0105617409804848	0.165244618096709
0.010563963531508	0.0873627343033929
0.0105661870181294	0.201605852261621
0.0105684114409399	0.00934342812956909
0.0105706368005308	0.336212999487354
0.010572863097494	0.139562778062071
0.010575090332422	0.0799888767945116
0.0105773185059076	0.133946159303104
0.0105795476185442	0.0239247076633888
0.0105817776709257	0.00420999484900466
0.0105840086636465	0.0209398435295393
0.0105862405973015	0.0482975474604163
0.010588473472486	0.0124458336719996
0.010590707289796	0.164132419283007
0.0105929420498279	0.183312849242446
0.0105951777531785	0.00151800234065648
0.0105974144004453	0.192426918262987
0.0105996519922262	0.189693369902005
0.0106018905291195	0.127002613610102
0.0106041300117243	0.42289098539857
0.0106063704406399	0.0505045447808711
0.0106086118164663	0.648627814944846
0.0106108541398039	0.687942840634187
0.0106130974112537	0.135304902268778
0.010615341631417	0.706237285902462
0.010617586800896	0.425316152826282
0.010619832920293	0.695010579651481
0.0106220799902111	0.593202645670313
0.0106243280112537	0.5636587560805
0.0106265769840248	0.620684291290305
0.010628826909129	1.5613572983299
0.0106310777871713	0.299737964166505
0.0106333296187572	1.22218083558109
0.0106355824044929	1.18840893486181
0.0106378361449847	0.620744757485338
0.0106400908408399	1.4499791695711
0.0106423464926661	0.436007769767363
0.0106446031010713	1.18704637190439
0.0106468606666642	1.28705712163156
0.0106491191900539	0.72291147926902
0.0106513786718502	0.686812167422766
0.010653639112663	1.66088014470906
0.0106559005131033	0.446308803893397
0.0106581628737822	1.25936806474932
0.0106604261953113	0.712318044395332
0.0106626904783031	0.697234021628255
0.0106649557233702	1.54375619165513
0.010667221931126	0.305736962338958
0.0106694891021842	0.617283002361669
0.0106717572371593	0.800587355242102
0.010674026336666	0.516305840338211
0.0106762964013198	0.398442595174697
0.0106785674317366	0.47851435224481
0.0106808394285328	0.196222817215538
0.0106831123923253	0.672761291158261
0.0106853863237317	0.411994596870858
0.0106876612233699	0.0624304333016596
0.0106899370918586	0.517339730523167
0.0106922139298167	0.206418589956945
0.0106944917378639	0.102547293693899
0.0106967705166202	0.217631116395923
0.0106990502667063	0.00972456931283304
0.0107013309887434	0.250571312802949
0.0107036126833533	0.295941867410617
0.010705895351158	0.0358987835853622
0.0107081789927805	0.0962273047355228
0.010710463608844	0.287008274731837
0.0107127491999723	0.144520935934302
0.0107150357667898	0.177460651157863
0.0107173233099214	0.333514950848057
0.0107196118299925	0.0444757988468965
0.0107219013276291	0.893474692049865
0.0107241918034577	0.45446924094754
0.0107264832581053	0.198257740649438
0.0107287756921995	0.74565535632185
0.0107310691063685	0.343515506247611
0.0107333635012407	0.681878421196513
0.0107356588774455	0.468110404133407
0.0107379552356126	0.489640210077895
0.0107402525763722	0.69574889358028
0.0107425509003551	1.3435805206074
0.0107448502081926	0.197539309217779
0.0107471505005167	1.22214292877603
0.0107494517779597	1.09474389885035
0.0107517540411547	0.525401534867934
0.010754057290735	1.31918332685671
0.0107563615273349	0.330756957588987
0.0107586667515888	1.22736547601893
0.0107609729641319	1.12086139014211
0.0107632801655999	0.555338178601016
0.010765588356629	0.661293812890734
0.010767897537856	1.40426035158172
0.0107702077099182	0.511803670981642
0.0107725188734535	0.942551478522943
0.0107748310291002	0.751036968100242
0.0107771441774974	0.540632926647143
0.0107794583192845	1.58332101796384
0.0107817734551016	0.27571671223099
0.0107840895855894	0.655237713107385
0.0107864067113889	0.800896344946147
0.010788724833142	0.504557018776089
0.0107910439514908	0.510582308256986
0.0107933640670781	0.384860538685527
0.0107956851805474	0.379324200327739
0.0107980072925426	0.596009047624267
0.0108003304037081	0.638152638450499
0.010802654514689	0.0560366052405444
0.0108049796261308	0.751008390348053
0.0108073057386797	0.426008563907337
0.0108096328529825	0.238547628075579
0.0108119609696862	0.495821984417856
0.0108142900894389	0.068322680704252
0.0108166202128888	0.647986000489473
0.0108189513406848	0.438680257664323
0.0108212834734766	0.134682720902955
0.010823616611914	0.280535754949395
0.0108259507566477	0.556617554248357
0.010828285908329	0.267940924147741
0.0108306220676095	0.359854435150958
0.0108329592351415	0.420116285762209
0.0108352974115779	0.209672426976169
0.0108376365975721	1.20437230151794
0.0108399767937781	0.201049672736012
0.0108423180008504	0.482378870840439
0.0108446602194443	0.687052464660715
0.0108470034502152	0.297835339600287
0.0108493476938196	0.572103761160935
0.0108516929509143	0.261381643779571
0.0108540392221565	0.403534120362235
0.0108563865082043	0.536852096835545
0.0108587348097163	0.765616179298571
0.0108610841273514	0.0373567709737821
0.0108634344617694	0.960437238463416
0.0108657858136304	0.495058495183253
0.0108681381835954	0.284497757093693
0.0108704915723257	0.61837238052042
0.0108728459804832	0.0740830315678874
0.0108752014087305	0.712034898828026
0.0108775578577306	0.334967423165568
0.0108799153281473	0.128208929508984
0.0108822738206448	0.21124499948174
0.010884633335888	0.508849739189002
0.0108869938745422	0.123811725293518
0.0108893554372733	0.230461785146516
0.0108917180247481	0.236258508463836
0.0108940816376336	0.121316967400799
0.0108964462765975	0.682212024527474
0.0108988119423082	0.0864668749541931
0.0109011786354345	0.208211405514922
0.0109035463566458	0.243198674571415
0.0109059151066123	0.0916338213159343
0.0109082848860045	0.232499617373634
0.0109106556954936	0.0352551637089786
0.0109130275357515	0.191963481880105
0.0109154004074505	0.13945520057594
0.0109177743112635	0.486332031487757
0.0109201492478642	0.0488122206756954
0.0109225252179266	0.430871605110159
0.0109249022221255	0.4956816409307
0.0109272802611362	0.134311017168447
0.0109296593356345	0.639899857522007
0.010932039446297	0.0409879339589533
0.0109344205938007	0.758292870345092
0.0109368027788232	0.466787712421581
0.010939186002043	0.288418249409507
0.0109415702641387	0.287665665911215
0.0109439555657898	0.714823439045168
0.0109463419076763	0.418626256745828
0.0109487292904789	0.464442219543755
0.0109511177148788	0.603849076394062
0.0109535071815578	0.294883849880623
0.0109558976911983	1.41535345381736
0.0109582892444833	0.125984872785089
0.0109606818420964	0.730406339479578
0.0109630754847218	0.58558343515902
0.0109654701730443	0.401421562764591
0.0109678659077492	0.49851307232478
0.0109702626895227	0.279672041025743
0.0109726605190511	0.409566042217509
0.0109750593970219	0.477189398426797
0.0109774593241226	0.468134095693209
0.0109798603010418	0.118892381688561
0.0109822623284684	0.825484871091919
0.0109846654070921	0.111555605503501
0.010987069537603	0.348193609443048
0.0109894747206919	0.167448074002696
0.0109918809570503	0.228426828224932
0.0109942882473701	0.335315850181196
0.0109966965923441	0.0210278200531466
0.0109991059926653	0.0790863301870199
0.0110015164490277	0.164496881839507
0.0110039279621258	0.100594801230646
0.0110063405326544	0.0518881445055181
0.0110087541613095	0.166056827536925
0.0110111688487871	0.0378777637843649
0.0110135845957842	0.296183702916485
0.0110160014029983	0.0387408570556571
0.0110184192711276	0.506134128704001
0.0110208382008706	0.0643178926642826
0.0110232581929268	0.212765851657307
0.0110256792479961	0.108011224070892
0.0110281013667792	0.308868294040981
0.0110305245499771	0.292486620434719
0.0110329487982916	0.185835456607869
0.0110353741124253	0.232397888224397
0.011037800493081	0.488456403228906
0.0110402279409626	0.522498092928807
0.0110426564567741	0.173701457347068
0.0110450860412207	0.862891910835368
0.0110475166950076	0.144400456548045
0.0110499484188412	0.966457334824973
0.0110523812134281	0.20614655921242
0.0110548150794757	0.743470353663601
0.011057250017692	0.661740012261323
0.0110596860287857	0.447420422866291
0.0110621231134659	0.346322254539458
0.0110645612724426	0.654138093025097
0.0110670005064263	0.617204492484691
0.0110694408161281	0.364073809083086
0.0110718822022598	0.788077716602026
0.0110743246655336	0.142840142417868
0.0110767682066628	1.30968144606596
0.0110792128263608	0.141694032151446
0.0110816585253419	0.602012231464714
0.0110841053043212	0.398502043848718
0.011086553164014	0.346799028369266
0.0110890021051366	0.331728200973625
0.0110914521284057	0.221551869756232
0.0110939032345388	0.279507431169248
0.011096355424254	0.320395630622955
0.01109880869827	0.283331112902907
0.011101263057306	0.169013055449281
0.0111037185020821	0.545205143092869
0.0111061750333189	0.0309392568733896
0.0111086326517377	0.357760692543594
0.0111110913580602	0.0564739182651587
0.0111135511530091	0.434141172779966
0.0111160120373075	0.17324588829721
0.0111184740116792	0.225565125818614
0.0111209370768487	0.225482845206157
0.0111234012335411	0.432672852302872
0.0111258664824821	0.220489649964067
0.011128332824398	0.372083977929669
0.0111308002600159	0.505514819684588
0.0111332687900635	0.383249956683949
0.011135738415269	0.769214071118289
0.0111382091363615	0.204186243845653
0.0111406809540705	1.22131979633338
0.0111431538691263	0.386012940023085
0.0111456278822598	0.862980322338877
0.0111481029942025	0.645435078690146
0.0111505792056867	0.834660497501259
0.0111530565174451	1.08669451753593
0.0111555349302114	0.629062508543623
0.0111580144447196	0.930791026491612
0.0111604950617045	0.947345188737414
0.0111629767819017	1.24974755217503
0.0111654596060473	0.521582761419628
0.0111679435348779	1.49703948922821
0.0111704285691311	0.532645174927545
0.0111729147095448	1.50102075147647
0.011175401956858	0.734683432175102
0.0111778903118099	0.934822380352991
0.0111803797751406	1.13869887346651
0.0111828703475908	0.723244001627361
0.011185362029902	0.727643557260456
0.0111878548228161	0.696567079338775
0.0111903487270759	0.92042462074566
0.0111928437434246	0.362780963281407
0.0111953398726064	1.01548560419972
0.0111978371153659	0.101469246384579
0.0112003354724485	1.09747175292369
0.0112028349446001	0.290829537240367
0.0112053355325676	0.385309753257444
0.0112078372370982	0.332263808575344
0.0112103400589399	0.187902781317683
0.0112128439988414	0.245690871186298
0.0112153490575522	0.0635062154820069
0.0112178552358222	0.141791087001257
0.011220362534402	0.0594103264998391
0.0112228709540432	0.139338476890385
0.0112253804954977	0.0499463286526102
0.0112278911595182	0.13386134743634
0.0112304029468581	0.011786917568945
0.0112329158582716	0.101989926982539
0.0112354298945132	0.0203019660576165
0.0112379450563385	0.253563839642877
0.0112404613445035	0.0274373300059484
0.0112429787597649	0.26626661881879
0.0112454973028803	0.151274398823224
0.0112480169746078	0.374574762640906
0.0112505377757061	0.226625592724688
0.0112530597069347	0.429906743831813
0.0112555827690539	0.441389217051525
0.0112581069628243	0.552355920188649
0.0112606322890077	0.653838685567049
0.0112631587483661	0.443120443198928
0.0112656863416625	1.16750110985598
0.0112682150696605	0.453695868299623
0.0112707449331243	1.05615276188043
0.0112732759328189	0.80493230949483
0.0112758080695099	0.857079454217937
0.0112783413439636	1.26892091634587
0.0112808757569472	0.750335986668608
0.0112834113092282	1.05997663324999
0.011285948001575	1.09478604706785
0.0112884858347568	1.1491229928199
0.0112910248095434	0.789875510609888
0.0112935649267052	1.43662682699118
0.0112961061870133	0.6599997711554
0.0112986485912397	1.37537212084139
0.0113011921401569	0.932443781365054
0.0113037368345381	0.831657923557002
0.0113062826751573	1.18915581526323
0.0113088296627892	0.687647769780513
0.011311377798209	0.823172244422963
0.0113139270821929	0.674331803966538
0.0113164775155176	0.836212046925656
0.0113190290989604	0.397799221580122
0.0113215818332996	0.9117865087311
0.011324135719314	0.225965455749311
0.0113266907577832	0.764468174576261
0.0113292469494874	0.422115751537826
0.0113318042952075	0.282812812391139
0.0113343627957253	0.406029708868728
0.011336922451823	0.13491415169274
0.0113394832642838	0.285899338866485
0.0113420452338915	0.0797958769853103
0.0113446083614305	0.17834590063188
0.0113471726476861	0.0393019510838764
0.0113497380934442	0.158089175918115
0.0113523046994913	0.0468571244003745
0.0113548724666148	0.070114649498117
0.0113574413956028	0.101156371682259
0.011360011487244	0.00810670227398939
0.0113625827423279	0.13672250285711
0.0113651551616447	0.0660556633774936
0.0113677287459853	0.0823988760150839
0.0113703034961413	0.186536865281389
0.0113728794129051	0.0798707885824191
0.0113754564970696	0.16914031249888
0.0113780347494288	0.186119856821958
0.011380614170777	0.207468248978462
0.0113831947619095	0.207233208828615
0.0113857765236222	0.358747578619207
0.0113883594567119	0.205111606195607
0.0113909435619758	0.370917589277715
0.0113935288402121	0.481619176099007
0.0113961152922196	0.201922579263646
0.0113987029187979	0.547910707742175
0.0114012917207472	0.395272324596367
0.0114038816988686	0.303432817660844
0.0114064728539638	0.64063090927757
0.0114090651868353	0.292324850492246
0.0114116586982862	0.451841434346608
0.0114142533891205	0.53318422975623
0.0114168492601429	0.326602031672589
0.0114194463121587	0.433244476079439
0.0114220445459741	0.554157588598631
0.011424643962396	0.250196240416979
0.0114272445622318	0.490107664820862
0.01142984634629	0.445705552888927
0.0114324493153796	0.244045150875408
0.0114350534703104	0.52368972045813
0.011437658811893	0.221737913400774
0.0114402653409386	0.308998947785874
0.0114428730582593	0.33299962490728
0.0114454819646677	0.27143855191247
0.0114480920609775	0.198363414437027
0.0114507033480029	0.34033194994886
0.0114533158265587	0.206805455879837
0.0114559294974609	0.254552791112347
0.0114585443615257	0.318869870161153
0.0114611604195706	0.119177303721035
0.0114637776724133	0.345405264126262
0.0114663961208727	0.166928003278408
0.0114690157657682	0.206176768203263
0.0114716366079201	0.236770378949999
0.0114742586481491	0.192705044949149
0.0114768818872772	0.235310811635197
0.0114795063261268	0.253936780341573
0.0114821319655209	0.161295389443391
0.0114847588062838	0.312167485689261
0.0114873868492399	0.298904006563865
0.011490016095215	0.157412855831744
0.011492646545035	0.353508379491888
0.0114952781995272	0.183116934511595
0.0114979110595191	0.286380516954453
0.0115005451258394	0.315600562217192
0.0115031803993172	0.16862935314247
0.0115058168807827	0.233224805315888
0.0115084545710665	0.377523719349358
0.0115110934710003	0.101294181433201
0.0115137335814163	0.313652116615044
0.0115163749031477	0.22068741757224
0.0115190174370282	0.126593368340764
0.0115216611838926	0.295400335176753
0.0115243061445761	0.107009279154774
0.0115269523199148	0.133794757999078
0.0115295997107458	0.209845081083722
0.0115322483179067	0.103604086254186
0.0115348981422359	0.0580609112172146
0.0115375491845726	0.212467250839509
0.0115402014457568	0.00359054322338061
0.0115428549266294	0.106629368013248
0.0115455096280318	0.0540240507989339
0.0115481655508063	0.00752080123234101
0.0115508226957961	0.0667327709270881
0.0115534810638449	0.0195399767096329
0.0115561406557975	0.00276150291904832
0.0115588014724992	0.00211251350776886
0.0115614635147963	0.0498396348266623
0.0115641267835357	0.0237550395029515
0.0115667912795651	0.0448734420170942
0.0115694570037332	0.104218766789174
0.0115721239568892	0.0131211068495753
0.0115747921398832	0.149269537329523
0.0115774615535661	0.149192191952664
0.0115801321987896	0.108887118771874
0.0115828040764061	0.143627621323189
0.011585477187269	0.226497557537484
0.0115881515322322	0.190998876950016
0.0115908271121505	0.323372282477239
0.0115935039278795	0.199989856987137
0.0115961819802758	0.314474367505868
0.0115988612701963	0.487531298269136
0.0116015417984993	0.224752325048223
0.0116042235660433	0.509185470229372
0.011606906573688	0.328986607110408
0.0116095908222938	0.483724646626117
0.0116122763127218	0.539245322717372
0.011614963045834	0.287588630014058
0.0116176510224931	0.584485840931374
0.0116203402435627	0.542275549395348
0.0116230307099072	0.377026352188661
0.0116257224223917	0.462911801849619
0.0116284153818822	0.480715907172979
0.0116311095892454	0.357991828455212
0.011633805045349	0.589507029265261
0.0116365017510612	0.258245988585549
0.0116391997072513	0.369582698134076
0.0116418989147892	0.642475463823238
0.0116445993745457	0.103253891884562
0.0116473010873924	0.482265375648433
0.0116500040542018	0.203598108251158
0.011652708275847	0.249862794289417
0.0116554137532022	0.252565966036571
0.011658120487142	0.114276583510874
0.0116608284785422	0.150643675483561
0.0116635377282792	0.238348125790953
0.0116662482372303	0.0655133572861377
0.0116689600062736	0.177444328023033
0.0116716730362881	0.195660144605856
0.0116743873281534	0.0612367392650707
0.0116771028827502	0.169118747421211
0.0116798197009597	0.0147179697053911
0.0116825377836641	0.215799355882479
0.0116852571317465	0.0522757017994378
0.0116879777460908	0.112675031803684
0.0116906996275815	0.128130155540723
0.0116934227771041	0.268817951110511
0.011696147195545	0.0736077760139898
0.0116988728837913	0.399601700052884
0.0117015998427309	0.128118830211105
0.0117043280732527	0.534679616336605
0.0117070575762461	0.279660974326091
0.0117097883526018	0.382552564994768
0.011712520403211	0.677546186958792
0.0117152537289657	0.372913493355971
0.0117179883307589	0.644213341757256
0.0117207242094844	0.462086709086791
0.0117234613660369	0.793794803493502
0.0117261998013117	0.624144172749355
0.0117289395162051	0.747835048516648
0.0117316805116143	0.547053661842275
0.0117344227884372	1.12996403252451
0.0117371663475726	0.653959201669535
0.0117399111899202	0.916235661052728
0.0117426573163805	0.849385655042629
0.0117454047278547	0.774655350975339
0.011748153425245	1.17117848554532
0.0117509034094545	0.50984391989092
0.011753654681387	0.949966412255829
0.0117564072419473	0.84671390553825
0.0117591610920408	0.793862885474158
0.011761916232574	0.553089206495883
0.0117646726644541	0.91522558115964
0.0117674303885892	0.462380536808926
0.0117701894058883	0.884394208851251
0.0117729497172613	0.504211973443093
0.0117757113236186	0.39111454090392
0.011778474225872	0.930741111560329
0.0117812384249337	0.162250257860404
0.0117840039217169	0.547743120985233
0.0117867707171358	0.211570692794835
0.0117895388121053	0.361273530546939
0.0117923082075413	0.17619823708351
0.0117950789043603	0.207809954476747
0.0117978509034798	0.0604666155830535
0.0118006242058184	0.252069835575599
0.0118033988122952	0.13232024289749
0.0118061747238304	0.110765494810019
0.0118089519413449	0.195537730548007
0.0118117304657606	0.0381967043670774
0.0118145102980002	0.110150854787955
0.0118172914389873	0.0234446576809698
0.0118200738896463	0.136214030904147
0.0118228576509026	0.0368184172009647
0.0118256427236824	0.0968189872138216
0.0118284291089128	0.111001435205303
0.0118312168075217	0.351784907917594
0.0118340058204378	0.0518178130613248
0.011836796148591	0.487897893922576
0.0118395877929118	0.13067352827045
0.0118423807543316	0.622331531097763
0.0118451750337829	0.31990217829653
0.0118479706321986	0.43924346116974
0.0118507675505131	0.739991745250841
0.0118535657896613	0.438421273477833
0.0118563653505789	0.812443032270538
0.0118591662342028	0.447801936062223
0.0118619684414706	1.03013393019159
0.0118647719733208	0.61643530444612
0.0118675768306928	0.97106668857877
0.0118703830145269	0.569432537384092
0.0118731905257643	1.26779140282447
0.011875999365347	0.866900686477373
0.011878809534218	0.933851278382197
0.0118816210333212	1.10525539017756
0.0118844338636013	0.775912308857456
0.011887248026004	1.4399388696278
0.0118900635214758	0.590086746274813
0.0118928803509641	1.10265793270532
0.0118956985154172	0.858540748687073
0.0118985180157845	1.12055717154855
0.011901338853016	0.581314458747345
0.0119041610280628	1.14310330178404
0.0119069845418768	0.638519742750508
0.0119098093954109	0.956414791823089
0.0119126355896187	0.872694192628272
0.011915463125455	0.364325160055206
0.0119182920038753	1.13755652964251
0.0119211222258361	0.306967248682735
0.0119239537922947	0.699600199275849
0.0119267867042094	0.269450367999365
0.0119296209625395	0.62303704694536
0.011932456568245	0.23014151676311
0.011935293522287	0.442036719173746
0.0119381318256273	0.17614895002516
0.0119409714792289	0.258886264478316
0.0119438124840554	0.435026458312651
0.0119466548410717	0.00417467531457299
0.0119494985512432	0.31534054020098
0.0119523436155366	0.0130072413026243
0.0119551900349191	0.156122979017696
0.0119580378103593	0.0244627274085833
0.0119608869428264	0.0265523041084622
0.0119637374332906	0.00886250839156129
0.0119665892827231	0.00770424853123651
0.0119694424920958	0.0565800172183671
0.0119722970623818	0.0734635282236218
0.0119751529945551	0.0373460562472015
0.0119780102895904	0.129153192853638
0.0119808689484635	0.00761137966228086
0.0119837289721512	0.201305126640182
0.0119865903616311	0.0341925927147382
0.0119894531178817	0.149890534050079
0.0119923172418826	0.180468250294008
0.0119951827346142	0.153097897797997
0.0119980495970579	0.294354036635552
0.0120009178301961	0.124700383305144
0.0120037874350119	0.443945523632398
0.0120066584124896	0.168973117484113
0.0120095307636144	0.443478585368943
0.0120124044893723	0.180141777258779
0.0120152795907504	0.537552355397747
0.0120181560687366	0.416078957178462
0.0120210339243198	0.380717316933276
0.01202391315849	0.576538563261874
0.012026793772238	0.312434629794484
0.0120296757665554	0.770747347892057
0.0120325591424351	0.268330269598772
0.0120354439008707	0.607708340864318
0.0120383300428569	0.366241447184417
0.0120412175693891	0.726748991312082
0.0120441064814641	0.34742004844735
0.0120469967800791	0.682963322045125
0.0120498884662328	0.531324889517546
0.0120527815409244	0.504966142225562
0.0120556760051545	0.789399016482648
0.0120585718599242	0.206761174131976
0.0120614691062359	0.816092859686005
0.0120643677450929	0.280398182676014
0.0120672677774993	0.668011285611376
0.0120701692044604	0.236034433369275
0.0120730720269823	0.690878276416428
0.0120759762460721	0.313889127788113
0.0120788818627379	0.516385202591504
0.0120817888779888	0.436067985273606
0.0120846972928349	0.232485894919983
0.012087607108287	0.653357188823471
0.0120905183253572	0.0996577759311223
0.0120934309450585	0.489298928044022
0.0120963449684048	0.11346461722062
0.0120992603964109	0.446661125261706
0.0121021772300928	0.106037624529374
0.0121050954704674	0.322722494198853
0.0121080151185524	0.130496055884083
0.0121109361753668	0.189961453002878
0.0121138586419303	0.269228596838513
0.0121167825192637	0.0216441701085738
0.0121197078083888	0.267868859069311
0.0121226345103284	0.0144034499651126
0.0121255626261063	0.179819820048874
0.0121284921567471	0.0145033121295293
0.0121314231032767	0.0874766372221348
0.0121343554667217	0.0269893405422915
0.0121372892481099	0.0311063952383711
0.01214022444847	0.0462237965998521
0.0121431610688317	0.0120537461331473
0.0121460991102258	0.0638731235512779
0.0121490385736839	0.0120190604737193
0.0121519794602387	0.018409172168703
0.0121549217709239	0.0115236322359812
0.0121578655067743	0.00946856418717022
0.0121608106688255	0.00601237530274216
0.0121637572581144	0.0384630753811226
0.0121667052756785	0.00262240220081243
0.0121696547225566	0.0814258319781433
0.0121726055997885	0.00116756794537827
0.0121755579084149	0.112070990924853
0.0121785116494775	0.0148524816262537
0.0121814668240192	0.112187778162419
0.0121844234330836	0.0513282555743503
0.0121873814777156	0.113313407399909
0.0121903409589609	0.187626054670984
0.0121933018778665	0.067492633126475
0.01219626423548	0.297207738121874
0.0121992280328505	0.0368456203711387
0.0122021932710277	0.327532319781576
0.0122051599510626	0.0699057086977292
0.0122081280740071	0.253507091539261
0.012211097640914	0.109281900857884
0.0122140686528375	0.313178708592088
0.0122170411108324	0.181714874236679
0.0122200150159549	0.292218946125089
0.0122229903692618	0.316493330599304
0.0122259671718114	0.184431429697253
0.0122289454246628	0.441634601003286
0.012231925128876	0.0830694810843442
0.0122349062855122	0.351913413981544
0.0122378888956337	0.144752431547399
0.0122408729603038	0.333492051689771
0.0122438584805866	0.0955837126402464
0.0122468454575475	0.41233627128412
0.0122498338922528	0.0825813704930217
0.0122528237857701	0.42128079021741
0.0122558151391677	0.180372939807514
0.012258807953515	0.190822999470122
0.0122618022298827	0.317318605348162
0.0122647979693424	0.0765764977368261
0.0122677951729665	0.267109817218382
0.0122707938418289	0.0756103300634288
0.0122737939770042	0.245617320925418
0.0122767955795683	0.0829876585074012
0.0122797986505979	0.236703439364064
0.012282803191171	0.0478019222858398
0.0122858092023664	0.258968480897605
0.0122888166852642	0.0931460709190656
0.0122918256409454	0.131760509706581
0.0122948360704921	0.165087113323009
0.0122978479749876	0.110909928494349
0.012300861355516	0.1843347463926
0.0123038762131626	0.105433524324161
0.0123068925490139	0.122369073951879
0.0123099103641571	0.227851776563808
0.0123129296596809	0.112049800239213
0.0123159504366748	0.163137583623207
0.0123189726962293	0.207352472673784
0.0123219964394363	0.15726001005704
0.0123250216673885	0.274070024320514
0.0123280483811797	0.137074265128785
0.0123310765819049	0.25757048331888
0.0123341062706601	0.329881697062899
0.0123371374485422	0.140750804629738
0.0123401701166496	0.344778651591194
0.0123432042760814	0.202514764130481
0.0123462399279379	0.358901855697587
0.0123492770733206	0.257109432578943
0.0123523157133318	0.252817056952054
0.0123553558490753	0.266293232211469
0.0123583974816556	0.393078140255805
0.0123614406121785	0.217080073935929
0.0123644852417508	0.243591798715085
0.0123675313714805	0.442213899944301
0.0123705790024765	0.132850111245038
0.012373628135849	0.49026360995562
0.0123766787727092	0.0844315643787654
0.0123797309141693	0.364996247731921
0.0123827845613428	0.271661130817208
0.0123858397153441	0.151423723649074
0.0123888963772889	0.166862150970643
0.0123919545482939	0.263064610062559
0.0123950142294768	0.117787097237014
0.0123980754219565	0.203934972983227
0.0124011381268532	0.133030381746981
0.0124042023452878	0.1517738000109
0.0124072680783826	0.261378622712207
0.012410335327261	0.00841088910914512
0.0124134040930473	0.0882650662886005
0.0124164743768672	0.0630615659187655
0.0124195461798474	0.0354789747858549
0.0124226195031155	0.0118396965349535
0.0124256943478006	0.0330761347790928
0.0124287707150326	0.0173260053446671
0.0124318486059427	0.10060127271316
0.0124349280216631	0.0381708284798142
0.0124380089633272	0.118486489077654
0.0124410914320696	0.00648954220123766
0.0124441754290258	0.0397764617725782
0.0124472609553327	0.0394796669843516
0.0124503480121281	0.0909446042318204
0.012453436600551	0.087986921226142
0.0124565267217416	0.101311448464733
0.0124596183768411	0.0601190309913694
0.012462711566992	0.426385691210789
0.0124658062933378	0.0708815994874493
0.0124689025570232	0.273219347276937
0.012472000359194	0.240336352424272
0.0124750997009972	0.248939574488035
0.0124782005835809	0.459939092210094
0.0124813030080943	0.147273570997476
0.0124844069756878	0.435443555010928
0.0124875124875129	0.49617162991888
0.0124906195447223	0.39868634535931
0.0124937281484699	0.330893297052372
0.0124968382999106	0.63341505998908
0.0124999500002004	0.384336364496376
0.0125030632504968	0.684340171092853
0.0125061780519581	0.401751369006762
0.0125092944057439	0.480101725219714
0.0125124123130149	0.94247118494775
0.0125155317749331	0.389778249856891
0.0125186527926615	0.487771089594166
0.0125217753673643	0.676945773605571
0.0125248995002068	0.53445938128845
0.0125280251923557	0.649459295686336
0.0125311524449786	0.509581331137272
0.0125342812592445	0.381228172261416
0.0125374116363232	0.889466991279072
0.0125405435773861	0.591739094555298
0.0125436770836055	0.304481184067451
0.012546812156155	0.733066960519259
0.0125499487962093	0.395850854661919
0.0125530870049443	0.513062356146393
0.0125562267835371	0.448675457655004
0.0125593681331659	0.242274488705934
0.0125625110550102	0.623822414648384
0.0125656555502505	0.414274057639012
0.0125688016200687	0.155632723551523
0.0125719492656477	0.40000963111821
0.0125750984881718	0.387118477650291
0.0125782492888262	0.183870755908575
0.0125814016687975	0.337660127882068
0.0125845556292735	0.0680324925612181
0.012587711171443	0.385300207857408
0.0125908682964962	0.393220008827835
0.0125940270056244	0.0405901161687521
0.0125971873000201	0.149586880933872
0.0126003491808769	0.155324673008821
0.0126035126493899	0.169347046693592
0.012606677706755	0.081828381288193
0.0126098443541696	0.100125936949485
0.0126130125928322	0.0256559733486154
0.0126161824239425	0.336857829660123
0.0126193538487014	0.279407563703054
0.0126225268683111	0.0500928920322798
0.0126257014839749	0.286908394719081
0.0126288776968973	0.0389777464334594
0.012632055508284	0.232226876259439
0.0126352349193421	0.147036369731963
0.0126384159312798	0.0539740354577428
0.0126415985453064	0.231123728047427
0.0126447827626326	0.268753777651044
0.0126479685844701	0.184897071216346
0.0126511560120322	0.147168264324232
0.012654345046533	0.488296339862142
0.0126575356891881	0.0852244660355036
0.0126607279412141	0.523318829135026
0.0126639218038292	0.159233529094982
0.0126671172782524	0.367413331920112
0.0126703143657042	0.766961419152643
0.0126735130674063	0.161232560308307
0.0126767133845815	0.329063481497488
0.012679915318454	0.35682977584756
0.0126831188702491	0.61859436228174
0.0126863240411934	0.30483546074973
0.0126895308325149	0.605213653423631
0.0126927392454425	0.171562051734209
0.0126959492812066	1.02906167983207
0.0126991609410387	0.882106878131888
0.0127023742261718	0.232804833996662
0.0127055891378398	0.940419367715715
0.0127088056772781	0.424962872708718
0.0127120238457232	0.886212740142792
0.0127152436444131	0.473338882374484
0.0127184650745866	0.552248152168376
0.0127216881374842	0.714886006085449
0.0127249128343475	1.07789240718618
0.0127281391664193	0.407352244995728
0.0127313671349438	0.848388222632216
0.0127345967411662	1.05656911999381
0.0127378279863333	0.533488921969738
0.0127410608716929	1.08740335567169
0.0127442953984942	0.267609164169939
0.0127475315679876	1.22111079654999
0.0127507693814249	0.93461272784603
0.012754008840059	0.534368835540192
0.0127572499451443	0.542368571451395
0.0127604926979361	0.935556607287161
0.0127637370996913	0.76787666413563
0.0127669831516681	0.558674574435898
0.0127702308551257	0.621852612774318
0.0127734802113249	0.413512683657021
0.0127767312215275	1.3747550501138
0.0127799838869967	0.295975933397444
0.0127832382089972	0.64879063759967
0.0127864941887946	0.665309860348712
0.012789751827656	0.420422817399232
0.0127930111268498	0.564204174526329
0.0127962720876457	0.154909510577602
0.0127995347113146	0.444746747177341
0.0128027989991288	0.416975441675234
0.0128060649523619	0.378204059312883
0.0128093325722886	0.0125292879331525
0.0128126018601852	0.645635407056827
0.0128158728173291	0.214357877649356
0.0128191454449991	0.175943472906502
0.0128224197444753	0.231982411839157
0.0128256957170389	0.0529193961465324
0.0128289733639728	0.49636545430971
0.0128322526865609	0.14184108791178
0.0128355336860885	0.0342721290692413
0.0128388163638422	0.00735287382288312
0.0128421007211101	0.136925953679545
0.0128453867591813	0.183068398630469
0.0128486744793464	0.00242930393394809
0.0128519638828975	0.155550082123842
0.0128552549711275	0.0210053987805813
0.0128585477453312	0.504412767161351
0.0128618422068045	0.56382206627575
0.0128651383568444	0.0608933478807675
0.0128684361967496	0.415679300153599
0.0128717357278199	0.0883085109308897
0.0128750369513565	0.595704134508449
0.012878339868662	0.100730342045191
0.0128816444810402	0.374573719147356
0.0128849507897964	0.259038723971546
0.0128882587962371	0.938293234513836
0.0128915685016702	0.356284699328917
0.0128948799074049	0.677681876536667
0.0128981930147518	1.0014672591924
0.012901507825023	0.439569081101767
0.0129048243395315	1.13376787095741
0.0129081425595922	0.167214534515681
0.0129114624865209	1.39822358971167
0.012914784121635	0.79350656916688
0.0129181074662532	0.784280416031818
0.0129214325216955	0.471422829849516
0.0129247592892834	1.37069443207956
0.0129280877703397	0.905460170489978
0.0129314179661884	0.87512118737438
0.0129347498781551	0.805309331333321
0.0129380835075666	0.803495294757641
0.0129414188557512	1.89830366863679
0.0129447559240385	0.360407361730937
0.0129480947137595	1.15416913749205
0.0129514352262465	0.928297092394723
0.0129547774628332	1.04032442422107
0.0129581214248547	0.792535574498364
0.0129614671136476	0.601974810671315
0.0129648145305497	0.893359996381934
0.0129681636769002	1.01738049785363
0.0129715145540398	0.717740891085394
0.0129748671633104	0.303482926213629
0.0129782215060556	1.4345737650354
0.01298157758362	0.36678641960114
0.0129849353973498	0.726910874676427
0.0129882949485928	0.352971100538513
0.0129916562386977	0.545365771078981
0.012995019269015	1.006535740311
0.0129983840408965	0.0663845750767479
0.0130017505556953	0.437084054697431
0.0130051188147659	0.243518162121317
0.0130084888194645	0.608668488973746
0.0130118605711483	0.0078927353468407
0.0130152340711761	0.392082355611566
0.0130186093209081	0.0356196981022358
0.013021986321706	0.438937812171276
0.0130253650749328	0.198804501829987
0.0130287455819528	0.366858229177007
0.013032127844132	0.330417776406619
0.0130355118628377	0.0441415260422082
0.0130388976394384	0.0734834825058836
0.0130422851753044	0.177372025218971
0.0130456744718072	0.157200529514141
0.0130490655303197	0.0302850288732425
0.0130524583522163	0.019695541197094
0.0130558529388729	0.273088884109745
0.0130592492916668	0.368347977342668
0.0130626474119765	0.199785976187943
0.0130660473011822	0.412770169897492
0.0130694489606656	0.0828603086205495
0.0130728523918095	0.547553297128814
0.0130762575959985	0.0103603569735267
0.0130796645746184	0.647825249387143
0.0130830733290565	0.205813222997022
0.0130864838607016	0.350772422755211
0.013089896170944	0.0598056798309034
0.0130933102611753	0.782373606369367
0.0130967261327887	0.364577178837806
0.0131001437871786	0.464916230770661
0.0131035632257413	0.283711730188372
0.0131069844498741	0.569169522395084
0.013110407460976	1.07139176516576
0.0131138322604474	0.124567770808479
0.0131172588496903	0.672629736977006
0.0131206872301079	0.489311636315716
0.0131241174031051	0.807837256711308
0.0131275493700881	0.353203712507109
0.0131309831324647	0.533922192156178
0.0131344186916442	0.571928040321296
0.0131378560490372	0.939880878377969
0.0131412952060559	0.427614984575501
0.013144736164114	0.419162953120062
0.0131481789246267	1.15122788511623
0.0131516234890104	0.394801905184407
0.0131550698586834	0.671787669636024
0.0131585180350653	0.354835376112916
0.013161968019577	0.748782366353374
0.0131654198136413	0.929738498770696
0.0131688734186821	0.204839958698172
0.0131723288361251	0.616607559189836
0.0131757860673972	0.511332372986317
0.0131792451139271	0.846361663562872
0.0131827059771448	0.126475917372487
0.0131861686584818	0.688626941740802
0.0131896331593713	0.29489753424568
0.0131930994812478	0.74346200596466
0.0131965676255473	0.22333314771012
0.0132000375937075	0.490101694701545
0.0132035093871675	0.644739571556365
0.0132069830073678	0.221926972352675
0.0132104584557507	0.343856116907259
0.0132139357337597	0.190064906340498
0.0132174148428401	0.622529607513966
0.0132208957844385	0.0700601282876428
0.0132243785600032	0.261911838850226
0.0132278631709838	0.029931313635256
0.0132313496188317	0.656924483342307
0.0132348379049997	0.0922048696438916
0.0132383280309421	0.263615595209802
0.0132418199981148	0.0340323938316525
0.0132453138079752	0.367819995121411
0.0132488094619822	0.243033146213415
0.0132523069615963	0.0809052269883912
0.0132558063082796	0.104036338756407
0.0132593075034956	0.0365271095152441
0.0132628105487094	0.112217081397944
0.0132663154453878	0.0883729828050802
0.0132698221949989	0.10190476385069
0.0132733307990125	0.02139371246296
0.0132768412588999	0.0697125443665555
0.0132803535761341	0.153402048701957
0.0132838677521894	0.153809416754926
0.0132873837885418	0.0146283412031177
0.013290901686669	0.0347483483365467
0.0132944214480501	0.0458785141411364
0.0132979430741657	0.12027976183552
0.0133014665664982	0.00358923922357445
0.0133049919265313	0.0706902935075749
0.0133085191557506	0.0972755279955466
0.0133120482556429	0.212601430050495
0.0133155792276968	0.00244039624907859
0.0133191120734026	0.167408457212518
0.0133226467942519	0.212913369892931
0.013326183391738	0.101578782587635
0.0133297218673558	0.0935235656973011
0.0133332622226019	0.128525997550088
0.0133368044589743	0.277713899682145
0.0133403485779726	0.245260235255621
0.0133438945810982	0.0554631368393006
0.0133474424698539	0.29441484367458
0.0133509922457441	0.228745855281971
0.013354543910275	0.349977330659756
0.0133580974649541	0.0609813683164213
0.0133616529112908	0.363939212943834
0.0133652102507959	0.279166631649986
0.013368769484982	0.31807912651854
0.013372330615363	0.110632862498483
0.0133758936434548	0.378829457909126
0.0133794585707746	0.371649975697811
0.0133830253988414	0.270787311289465
0.0133865941291757	0.235510347099553
0.0133901647632998	0.26151834645708
0.0133937373027375	0.603324735151775
0.0133973117490141	0.135947005963091
0.0134008881036569	0.281435010567414
0.0134044663681943	0.147178175655795
0.0134080465441569	0.579469814083668
0.0134116286330765	0.134403507467947
0.0134152126364868	0.349280672256662
0.013418798555923	0.0923395239133728
0.013422386392922	0.557514363994718
0.0134259761490223	0.386177157141232
0.0134295678257642	0.098571176001615
0.0134331614246893	0.334922647184537
0.0134367569473413	0.188375602249349
0.0134403543952651	0.371651397653421
0.0134439537700077	0.066062243035838
0.0134475550731175	0.290563724233706
0.0134511583061445	0.129898260424626
0.0134547634706405	0.501899355527716
0.013458370568159	0.0644818762496492
0.013461979600255	0.298191190049273
0.0134655905684854	0.256968263831379
0.0134692034744084	0.230773584829545
0.0134728183195843	0.230564924566598
0.0134764351055748	0.107257385094254
0.0134800538339434	0.354823118336465
0.0134836745062553	0.20021343755391
0.0134872971240771	0.309079004084531
0.0134909216889775	0.0705807358674941
0.0134945482025266	0.442677066705732
0.0134981766662964	0.19520211937598
0.0135018070818603	0.294462109435199
0.0135054394507937	0.136990182500956
0.0135090737746734	0.292715396761496
0.0135127100550783	0.386783549628982
0.0135163482935885	0.214917238458747
0.0135199884917862	0.17617056057146
0.0135236306512552	0.314834944487256
0.0135272747735809	0.347706587290316
0.0135309208603505	0.239268010809463
0.0135345689131529	0.289799070193541
0.0135382189335787	0.149002516863536
0.0135418709232202	0.527228265120017
0.0135455248836715	0.215860990111068
0.0135491808165283	0.187865531473507
0.0135528387233881	0.259303495698687
0.0135564986058501	0.295071826406139
0.0135601604655153	0.208070972037942
0.0135638243039864	0.27288177651286
0.0135674901228676	0.104599343423018
0.0135711579237653	0.359084788886803
0.0135748277082872	0.351781116633936
0.0135784994780429	0.0795385625325563
0.0135821732346439	0.243614587414891
0.0135858489797032	0.238537317683794
0.0135895267148356	0.205758019986898
0.0135932064416579	0.181348526180293
0.0135968881617882	0.217474036206028
0.0136005718768467	0.105358587141558
0.0136042575884553	0.492979578597126
0.0136079452982376	0.166864713337853
0.013611635007819	0.187646240209414
0.0136153267188265	0.331934198614461
0.0136190204328892	0.263357919994232
0.0136227161516376	0.264945596106702
0.0136264138767043	0.323605909014383
0.0136301136097234	0.241196741694609
0.013633815352331	0.424247653550233
0.0136375191061647	0.637041563622917
0.0136412248728642	0.142872742114091
0.0136449326540708	0.753010646773202
0.0136486424514277	0.34968359326511
0.0136523542665796	0.649947650195672
0.0136560681011733	0.495502852332889
0.0136597839568574	0.544160426794349
0.013663501835282	0.647876228526214
0.0136672217380993	0.800256204560417
0.0136709436669631	0.603097607273008
0.0136746676235292	0.706523131842188
0.013678393609455	1.08331948539833
0.0136821216263997	0.528048922317901
0.0136858516760246	1.22580958377893
0.0136895837599925	0.505528357134644
0.0136933178799681	1.10807868342317
0.013697054037618	0.92106233563943
0.0137007922346106	0.841776207336625
0.0137045324726161	0.780796095945236
0.0137082747533063	1.17013753582949
0.0137120190783553	0.743937662575569
0.0137157654494387	1.06903786880119
0.0137195138682339	1.03415561177781
0.0137232643364202	0.623719186181701
0.013727016855679	1.4882078731852
0.0137307714276931	0.495863175327865
0.0137345280541475	0.978961754461089
0.0137382867367287	0.921866266492834
0.0137420474771254	0.649832517050369
0.013745810277028	0.739306780559833
0.0137495751381287	0.793990502040127
0.0137533420621215	0.434896695708651
0.0137571110507026	0.817119250681029
0.0137608821055695	0.653924386430824
0.0137646552284222	0.290695798635068
0.013768430420962	0.829950892978757
0.0137722076848923	0.35514687390807
0.0137759870219186	0.389383316944553
0.0137797684337479	0.558587839750129
0.0137835519220892	0.189980336201756
0.0137873374886535	0.369051962698577
0.0137911251351535	0.3718826073707
0.0137949148633039	0.153951025774663
0.0137987066748212	0.262322435896499
0.013802500571424	0.344389355547464
0.0138062965548324	0.129332402384992
0.0138100946267688	0.29841461339782
0.0138138947889573	0.431883742749003
0.0138176970431238	0.0545795082001231
0.0138215013909964	0.592400025732164
0.0138253078343047	0.250046644761676
0.0138291163747806	0.305243204864425
0.0138329270141576	0.62354024337264
0.0138367397541714	0.187226101230172
0.0138405545965594	0.526273756948256
0.0138443715430609	0.438100337342136
0.0138481905954173	0.55683979892847
0.0138520117553717	0.401456666305824
0.0138558350246694	0.957591404113618
0.0138596604050573	0.314008051054617
0.0138634878982846	1.14684333300249
0.0138673175061021	0.803215444709226
0.0138711492302626	0.651601305119052
0.0138749830725211	1.36975685377761
0.0138788190346342	0.5434923674599
0.0138826571183607	1.12132065657985
0.0138864973254611	0.882776001314787
0.013890339657698	1.02897789132106
0.0138941841168361	0.867550729816862
0.0138980307046417	1.51933431249298
0.0139018794228834	0.531368343664162
0.0139057302733315	1.69780431240135
0.0139095832577584	1.24366880381382
0.0139134383779384	0.777980967049847
0.0139172956356479	1.72230330177285
0.0139211550326651	0.609033479873061
0.0139250165707702	1.36871179342114
0.0139288802517455	1.12948888514138
0.0139327460773751	0.738626408139593
0.0139366140494453	1.04752953338206
0.0139404841697443	1.25959066985048
0.013944356440062	0.529490505423548
0.0139482308621908	1.11598787751352
0.0139521074379247	0.895619431511496
0.0139559861690599	0.536314536477867
0.0139598670573945	1.29581389598708
0.0139637501047286	0.338097135058965
0.0139676353128643	0.819771138094819
0.0139715226836058	0.906767228022546
0.0139754122187593	0.293634848056342
0.0139793039201328	0.578669098959521
0.0139831977895366	0.430331746934305
0.0139870938287828	0.375493265258986
0.0139909920396856	0.375174763451758
0.0139948924240614	0.460710392088662
0.0139987949837283	0.0559200039496071
0.0140026997205066	0.762026723478834
0.0140066066362186	0.368422574254944
0.0140105157326888	0.181563624661041
0.0140144270117434	0.568146509116012
0.014018340475211	0.0168501187944535
0.0140222561249219	0.501362821090285
0.0140261739627088	0.21026219071483
0.0140300939904061	0.124501074292477
0.0140340162098505	0.187456024745987
0.0140379406228807	0.370698262794555
0.0140418672313374	0.183125707187356
0.0140457960370634	0.243310873850017
0.0140497270419035	0.527649719730053
0.0140536602477047	0.0499716205261633
0.0140575956563159	0.895822009358956
0.0140615332695882	0.1512963394849
0.0140654730893747	0.525162547771119
0.0140694151175307	0.588200576135284
0.0140733593559135	0.23864964134973
0.0140773058063823	0.31862558170252
0.0140812544707988	0.392425801448677
0.0140852053510263	0.437908105257471
0.0140891584489306	0.376769183388166
0.0140931137663795	0.836802307753113
0.0140970713052427	0.0313822302662225
0.0141010310673921	1.29346804891949
0.0141049930547019	0.521276769856624
0.0141089572690481	0.380085118429886
0.0141129237123091	0.692066674456678
0.0141168923863651	0.27557310576459
0.0141208632930987	0.655232694933166
0.0141248364343945	0.50932173984211
0.0141288118121393	0.219317270480871
0.0141327894282217	0.576598842059947
0.0141367692845329	0.888014186019973
0.0141407513829659	0.0952227281288053
0.0141447357254161	0.702888900738436
0.0141487223137806	0.398925844219436
0.0141527111499592	0.360813206071727
0.0141567022358534	0.734956591503827
0.014160695573367	0.0678788380008
0.0141646911644061	0.619547303833424
0.0141686890108786	0.599005663284184
0.0141726891146949	0.137594744010573
0.0141766914777674	0.266830306688655
0.0141806961020107	0.327409765385769
0.0141847029893415	0.241955155899306
0.0141887121416787	0.275872845012977
0.0141927235609434	0.244511375793121
0.0141967372490589	0.094438809167395
0.0142007532079506	0.873748469356839
0.0142047714395461	0.165006725302509
0.0142087919457752	0.334033417922663
0.0142128147285698	0.288781931298299
0.0142168397898642	0.102132270402905
0.0142208671315947	0.383862870531185
0.0142248967556998	0.00694374552828115
0.0142289286641203	0.128304958682836
0.0142329628587992	0.142383838196769
0.0142369993416816	0.305407773019673
0.0142410381147149	0.0524650285856619
0.0142450791798486	0.455606017621877
0.0142491225390345	0.0809114624654039
0.0142531681942267	0.291829782799986
0.0142572161473813	0.301020510690779
0.0142612664004568	0.204531640765169
0.0142653189554139	0.384211330574115
0.0142693738142155	0.0227458606648174
0.0142734309788267	0.0248418898370627
0.0142774904512148	0.0398296212957253
0.0142815522333496	0.19896544093944
0.0142856163272028	0.0271232742083065
0.0142896827347485	0.17086400902053
0.0142937514579631	0.171629481644577
0.0142978224988252	0.393631176232131
0.0143018958593156	0.454487508030339
0.0143059715414174	0.165119440976278
0.014310049547116	0.0910243289026963
0.0143141298783991	0.00134592545242487
0.0143182125372565	0.0375455753977853
0.0143222975256803	0.00770171069593269
0.0143263848456652	0.0105352366482616
0.0143304744992077	0.0524921538502173
0.0143345664883069	0.22857168251787
0.0143386608149641	0.260226084163867
0.0143427574811828	0.167997066001941
0.0143468564889689	0.143531478061778
0.0143509578403306	0.0143159290097719
0.0143550615372783	0.0814828851315635
0.0143591675818247	0.0720033785962125
0.0143632759759851	0.0627981766282494
0.0143673867217766	0.158991236734977
0.014371499821219	0.0980755706693062
0.0143756152763343	0.0126704797444968
0.0143797330891468	0.0646173805097238
0.014383853261683	0.0872703142717899
0.0143879757959721	0.00514064028150219
0.0143921006940451	0.0635143328382934
0.0143962279579358	0.00956457671614501
0.0144003575896801	0.282330584434686
0.0144044895913163	0.414748854607332
0.0144086239648849	0.0857478146806747
0.014412760712429	0.308666790963907
0.0144168998359938	0.0315066369136278
0.014421041337627	0.185488229029761
0.0144251852193787	0.0652886695020855
0.0144293314833011	0.0719209537767163
0.0144334801314491	0.178911074601032
0.0144376311658796	0.363926617072291
0.0144417845886522	0.0864913780747357
0.0144459404018287	0.492714067183585
0.0144500986074734	0.595577771910072
0.0144542592076527	0.0745513131616821
0.0144584222044356	0.581554818775055
0.0144625875998936	0.0114469874214864
0.0144667553961002	0.886863192589977
0.0144709255951318	0.327843473822824
0.0144750981990666	0.15874357025023
0.0144792732099858	0.105882061073978
0.0144834506299726	0.838282699526883
0.0144876304611128	0.303153008320525
0.0144918127054944	0.418238100820968
0.014495997365208	0.385598938520602
0.0145001844423466	0.450267671971821
0.0145043739390055	1.35854933103938
0.0145085658572826	0.020854679031555
0.0145127601992781	0.726012248213545
0.0145169569670946	0.366438289322761
0.0145211561628372	0.539248314501444
0.0145253577886135	0.136065882785935
0.0145295618465334	0.438213147143513
0.0145337683387094	0.213074601799951
0.0145379772672562	0.778722232329174
0.0145421886342912	0.430114806336722
0.0145464024419341	0.26912455299315
0.0145506186923073	1.05199751163919
0.0145548373875352	0.103093278655239
0.0145590585297452	0.401724101018025
0.0145632821210668	0.0692394018733407
0.014567508163632	0.372610865800097
0.0145717366595756	0.448183524466575
0.0145759676110344	0.164893250072279
0.014580201020148	0.0242003573374312
0.0145844368890584	0.333570296273328
0.0145886752199102	0.461524041678223
0.0145929160148502	0.0270372701626758
0.0145971592760281	0.171019546548522
0.0146014050055957	0.0353356946700936
0.0146056532057077	0.307586735887627
0.0146099038785209	0.516303107236275
0.0146141570261949	0.0419502181466284
0.0146184126508917	0.278817943351664
0.0146226707547759	0.350293211490082
0.0146269313400146	0.179699542621618
0.0146311944087773	0.176065856365098
0.0146354599632362	0.104898891982661
0.0146397280055659	0.259506487915915
0.0146439985379437	0.492854148112062
0.0146482715625492	0.599690894948247
0.0146525470815647	0.0107773313976313
0.0146568250971752	1.17337853481178
0.014661105611568	0.593271355055309
0.0146653886269329	0.473627498665731
0.0146696741454626	0.593863765660604
0.0146739621693521	0.383030845893558
0.014678252700799	1.40867775066702
0.0146825457420035	0.527101908682941
0.0146868412951684	0.528434794015062
0.014691139362499	0.534097674334809
0.0146954399462034	1.92566369022041
0.014699743048492	0.422353242756887
0.0147040486715779	1.12796160640441
0.0147083568176769	0.624163103425377
0.0147126674890072	1.37551648652117
0.0147169806877897	1.75927413033769
0.0147212964162481	0.225075080280318
0.0147256146766083	1.34804306662537
0.0147299354710992	1.00534658069537
0.014734258801952	1.35165707668539
0.0147385846714008	0.315497995633278
0.0147429130816821	1.32021915185096
0.0147472440350352	0.646563471902754
0.0147515775337019	1.57496584817161
0.0147559135799268	0.544532455098359
0.0147602521759568	0.797362208061763
0.014764593324042	1.64703623209259
0.0147689370264345	0.381230687950349
0.0147732832853896	0.805908137138682
0.0147776321031649	0.203830264531861
0.0147819834820208	1.07736228506586
0.0147863374242205	0.616324877007608
0.0147906939320295	0.367688236591925
0.0147950530077164	0.149943933330884
0.0147994146535521	0.72699816291527
0.0148037788718104	0.756693398719535
0.0148081456647677	0.0559843165676323
0.0148125150347032	0.367323001921661
0.0148168869838987	0.0964811558857643
0.0148212615146385	0.68630207653236
0.0148256386292101	0.430792277935796
0.0148300183299031	0.0181091297616433
0.0148344006190103	0.354108516633741
0.014838785498827	0.392959338049635
0.0148431729716512	0.411633260879032
0.0148475630397836	0.0809377138345014
0.0148519557055278	0.36010902596107
0.0148563509711898	0.304183418980638
0.0148607488390788	0.781069304115919
0.0148651493115062	0.579751766891311
0.0148695523907866	0.17143438673042
0.014873958079237	1.38076151782711
0.0148783663791774	0.560208981390777
0.0148827772929304	0.739774285432998
0.0148871908228215	0.418268463636507
0.0148916069711787	1.00899174961506
0.014896025740333	1.30081975516814
0.014900447132618	0.853338107403584
0.0149048711503704	0.620206615970983
0.0149092977959292	1.06403298458103
0.0149137270716365	2.21399803571497
0.0149181589798371	0.529279756313661
0.0149225935228786	1.3571874009328
0.0149270307031114	0.833777737922329
0.0149314705228886	1.95488751809087
0.0149359129845663	1.34502146418201
0.0149403580905032	0.717937001986949
0.0149448058430609	1.38444794537316
0.0149492562446038	1.58805104523246
0.0149537092974991	1.46950778204653
0.014958165004117	0.49035180944179
0.0149626233668301	1.69860682692234
0.0149670843880144	0.938598723993937
0.0149715480700482	1.56066281714218
0.0149760144153129	0.425966570289252
0.0149804834261928	1.17132219088767
0.014984955105075	1.48155584274583
0.0149894294543493	0.576796224431309
0.0149939064764085	0.689908438818763
0.0149983861736482	0.397917306276277
0.0150028685484669	1.32839794917724
0.0150073536032661	0.425157601757894
0.0150118413404498	0.369073932280287
0.0150163317624253	0.210212587329918
0.0150208248716025	0.764259909830206
0.0150253206703942	0.528900583002206
0.0150298191612163	0.0465921115614486
0.0150343203464874	0.271435171680718
0.0150388242286291	0.126596369591298
0.0150433308100658	0.559981942138139
0.0150478400932249	0.123130046558347
0.0150523520805366	0.0758726772097056
0.0150568667744342	0.16014960768879
0.0150613841773537	0.242968678779995
0.0150659042917342	0.33537953819342
0.0150704271200177	0.000420824584604012
0.0150749526646491	0.346599901025025
0.0150794809280762	0.150817529803161
0.0150840119127497	0.634511975813844
0.0150885456211235	0.312620269990781
0.0150930820556541	0.244439721875825
0.0150976212188012	0.892274343834193
0.0151021631130275	0.441768199715148
0.0151067077407984	0.578417294112849
0.0151112551045824	0.215176926103916
0.0151158052068512	1.14883975820729
0.0151203580500791	0.710138350570849
0.0151249136367436	0.843262079095112
0.0151294719693252	0.370527550215385
0.0151340330503072	1.17955836182489
0.0151385968821762	1.50785017466587
0.0151431634674215	0.536040635382182
0.0151477328085356	0.838131923478328
0.0151523049080139	0.978903497912441
0.0151568797683549	1.55484000898111
0.01516145739206	0.665563413140937
0.0151660377816338	0.875678318545823
0.0151706209395838	0.906981669488219
0.0151752068684205	1.54807629896718
0.0151797955706576	0.861086355095299
0.0151843870488116	0.51969728711625
0.0151889813054023	1.30879881092285
0.0151935783429524	0.944860335134953
0.0151981781639876	0.817397554798475
0.0152027807710369	0.397803862891332
0.0152073861666321	0.909844367366264
0.0152119943533082	0.927402397566574
0.0152166053336032	0.468725725887333
0.0152212191100584	0.335880240403971
0.0152258356852179	0.49897751758656
0.015230455061629	0.949651913866656
0.0152350772418421	0.151328988710508
0.0152397022284107	0.268415283187923
0.0152443300238914	0.236356529750812
0.0152489606308439	0.427731723274519
0.015253594051831	0.196854453652281
0.0152582302894186	0.0513614901135617
0.0152628693461758	0.161212123315123
0.0152675112246747	0.123390487549747
0.0152721559274907	0.180003802292775
0.0152768034572022	0.0522726079791868
0.0152814538163908	0.0969125660444973
0.0152861070076411	0.00964895640413993
0.0152907630335411	0.0624844627757221
0.0152954218966817	0.186662743687814
0.0153000835996573	0.0662739655272475
0.015304748145065	0.166501616176009
0.0153094155355055	0.0435677218812546
0.0153140857735823	0.271743105452002
0.0153187588619025	0.132154668259738
0.015323434803076	0.158088190516102
0.015328113599716	0.316604657581197
0.015332795254439	0.25896041386235
0.0153374797698647	0.269551766443037
0.0153421671486158	0.115794914430033
0.0153468573933183	0.813197441662815
0.0153515505066016	0.181721670767712
0.0153562464910982	0.485622430443963
0.0153609453494436	0.102399127613944
0.0153656470842768	0.735508721794376
0.0153703516982399	0.515746354541524
0.0153750591939784	0.342648538330508
0.0153797695741408	0.192839934158406
0.0153844828413791	0.886868546947604
0.0153891989983483	0.606431229982394
0.0153939180477068	0.261626608502272
0.0153986399921164	0.507382271832815
0.0154033648342418	0.402530074470266
0.0154080925767513	0.80492527947788
0.0154128232223163	0.209078635425703
0.0154175567736115	0.2792879426839
0.0154222932333151	0.65682374397631
0.0154270326041083	0.520716253554477
0.0154317748886757	0.103293352291922
0.0154365200897052	0.437657796829875
0.0154412682098881	0.262963646502006
0.0154460192519189	0.441812485846593
0.0154507732184954	0.109728392445466
0.0154555301123189	0.189495157615124
0.0154602899360938	0.319518331773117
0.015465052692528	0.350268630436994
0.0154698183843326	0.00521130055508473
0.0154745870142222	0.30965699388609
0.0154793585849147	0.121880177995202
0.0154841330991311	0.12915867802702
0.0154889105595962	0.0305563097405643
0.0154936909690379	0.159675149882441
0.0154984743301874	0.157557178955227
0.0155032606457795	0.0408889585288204
0.0155080499185522	0.00491936524549632
0.015512842151247	0.238518371909713
0.0155176373466086	0.0507295689731915
0.0155224355073854	0.0533669785244183
0.015527236636329	0.00257842944547414
0.0155320407361944	0.226539756435257
0.01553684780974	0.160242745785831
0.0155416578597277	0.0766830762257512
0.0155464708889228	0.110682470156148
0.015551286900094	0.123989088760125
0.0155561058960135	0.0883027189177998
0.0155609278794568	0.0946094394780484
0.015565752853203	0.105499732902438
0.0155705808200345	0.170798904707322
0.0155754117827372	0.16453645355811
0.0155802457441006	0.128305254761155
0.0155850827069174	0.490109320461016
0.015589922673984	0.0118964710327115
0.0155947656481002	0.184523333177577
0.0155996116320693	0.0436346180155139
0.015604460628698	0.287545000454163
0.0156093126407965	0.0867861035984405
0.0156141676711786	0.16246389130915
0.0156190257226616	0.102234324470164
0.0156238867980661	0.712716842821899
0.0156287509002165	0.0611216420184179
0.0156336180319406	0.391827119304943
0.0156384881960696	0.140845084269785
0.0156433613954384	0.313002323511603
0.0156482376328853	0.176959464519842
0.0156531169112523	0.148111681662861
0.0156579992333848	0.150490921374716
0.0156628846021319	0.57651833325113
0.015667773020346	0.0911359001239525
0.0156726644908834	0.449266120037857
0.0156775590166036	0.506958389196715
0.0156824566003701	0.158473076332086
0.0156873572450496	0.446677198500888
0.0156922609535125	0.136759603635232
0.0156971677286329	0.520864197393917
0.0157020775732884	0.359593725353361
0.0157069904903602	0.230584776594699
0.0157119064827331	0.39065666855955
0.0157168255532956	0.844057572348534
0.0157217477049398	0.0966308612574768
0.0157266729405612	0.644614144077331
0.0157316012630593	0.157173908983424
0.0157365326753369	0.776978920995037
0.0157414671803007	0.346944893502861
0.0157464047808609	0.299935750958321
0.0157513454799314	0.37132050667532
0.0157562892804297	0.704928850496588
0.015761236185277	0.145940772344693
0.0157661861973982	0.511056968858124
0.0157711393197219	0.234405309880657
0.0157760955551802	0.547059859540343
0.0157810549067092	0.372561881395796
0.0157860173772484	0.192028881963919
0.0157909829697412	0.478444548636515
0.0157959516871345	0.242176729105666
0.0158009235323791	0.136434456587774
0.0158058985084295	0.264092346491077
0.0158108766182437	0.156395804295613
0.0158158578647838	0.25249308490772
0.0158208422510152	0.192530465600532
0.0158258297799075	0.124890003020467
0.0158308204544337	0.442032456362702
0.0158358142775706	0.0039550462867752
0.015840811252299	0.127214031311941
0.0158458113816031	0.0997901665926493
0.0158508146684712	0.101500045752859
0.0158558211158951	0.158215053490885
0.0158608307268706	0.117250097551719
0.0158658435043972	0.328827695959478
0.0158708594514782	0.621655432279205
0.0158758785711206	0.0427801858536626
0.0158809008663354	0.792730832565778
0.0158859263401372	0.11692134147068
0.0158909549955447	0.502579960700625
0.01589598683558	0.243683284496237
0.0159010218632695	0.587277655865506
0.0159060600816431	0.398597271864607
0.0159111014937347	1.19025839235077
0.015916146102582	0.0998831088112297
0.0159211939112265	1.71297412257817
0.0159262449227136	0.767415979945113
0.0159312991400927	0.889851161814213
0.0159363565664168	1.1069603644611
0.0159414172047431	0.938918114502805
0.0159464810581324	1.24448294695214
0.0159515481296496	1.19389083427315
0.0159566184223632	0.906804857027379
0.0159616919393461	1.53133553092292
0.0159667686836745	1.93345563870276
0.0159718486584291	0.615088241066973
0.0159769318666941	2.19108745686164
0.0159820183115578	0.809092985132369
0.0159871079961124	1.97599199603781
0.0159922009234541	1.01689961877541
0.015997297096683	1.33826175185711
0.0160023965189032	1.34302670706849
0.0160074991932225	1.61379267806854
0.0160126051227531	0.703840408965655
0.0160177143106109	1.634048749137
0.0160228267599157	0.963280768750852
0.0160279424737916	1.1837853971204
0.0160330614553664	1.04299254676774
0.016038183707772	0.647479692997143
0.0160433092341442	1.29383893477792
0.0160484380376232	0.598739177190308
0.0160535701213526	0.469487793977224
0.0160587054884806	0.808402986228461
0.0160638441421591	0.417681808645185
0.0160689860855441	0.487439988217329
0.0160741313217956	0.39232288112092
0.0160792798540778	0.195043677281041
0.0160844316855589	0.598994625853392
0.016089586819411	0.0605996861337288
0.0160947452588104	0.185712945794009
0.0160999070069376	0.261920065276296
0.016105072066977	0.0748524363443336
0.016110240442117	0.28661233648682
0.0161154121355504	0.171749481265637
0.0161205871504739	0.350690927170926
0.0161257654900883	0.532015155787478
0.0161309471575986	0.0908303475049295
0.0161361321562137	0.894076502918908
0.0161413204891471	0.257140860218227
0.0161465121596159	0.47194809303952
0.0161517071708416	0.629041945517521
0.0161569055260499	0.890498232655035
0.0161621072284706	0.617323614873201
0.0161673122813376	1.60832469236375
0.016172520687889	0.335910726983825
0.016177732451367	2.47960606558982
0.0161829475750182	0.98746908774444
0.0161881660620931	1.39908391717485
0.0161933879158467	1.71369878099875
0.0161986131395379	1.75894865162739
0.0162038417364301	1.5442772757362
0.0162090737097906	2.10970940968836
0.0162143090628913	1.53647631389747
0.0162195477990079	2.49318815563008
0.0162247899214206	2.56061500768782
0.0162300354334139	1.22764786647113
0.0162352843382763	3.31576476165082
0.0162405366393008	1.55797887079226
0.0162457923397845	2.59760431855603
0.0162510514430289	1.66973396064658
0.0162563139523396	2.27428527307538
0.0162615798710266	2.0233661853695
0.0162668492024043	2.30178896718047
0.0162721219497912	1.16493550468143
0.0162773981165102	2.62384971227998
0.0162826777058884	1.58307145982611
0.0162879607212575	1.54285473191536
0.0162932471659531	1.63585490983003
0.0162985370433155	1.09859890081827
0.0163038303566892	1.86050372684266
0.016309127109423	0.856103117100371
0.0163144273048702	0.780995419248629
0.0163197309463882	1.28487289883222
0.0163250380373391	0.69603742490273
0.0163303485810892	0.588414172310058
0.016335662581009	0.613123075758126
0.0163409800404738	0.335559223693256
0.016346300962863	0.646671699288587
0.0163516253515604	0.180299773579089
0.0163569532099544	0.205013656947979
0.0163622845414376	0.468567607672619
0.0163676193494073	0.0960125918195149
0.0163729576372648	0.273855819076785
0.0163782994084163	0.217406284263298
0.0163836446662722	0.193985666503243
0.0163889934142474	0.309855541234345
0.0163943456557612	0.0727906483999492
0.0163997013942375	0.595667257044047
0.0164050606331046	0.339916100954764
0.0164104233757952	0.182079912871386
0.0164157896257468	0.770410563940235
0.0164211593864009	0.768184932658237
0.0164265326612039	0.489976834707431
0.0164319094536066	1.2495718093308
0.0164372897670644	0.402396212051199
0.0164426736050369	1.97025678480338
0.0164480609709887	0.789740258079883
0.0164534518683887	1.06687152185948
0.0164588463007102	1.45960670787733
0.0164642442714313	1.74735100728188
0.0164696457840347	0.945164555888529
0.0164750508420074	1.9818635569785
0.0164804594488412	1.23096053830944
0.0164858716080324	2.1933310260971
0.016491287323082	1.82831631523743
0.0164967065974954	1.09994000914325
0.0165021294347828	2.56062819083604
0.0165075558384589	1.46810041259082
0.0165129858120431	1.7142124294512
0.0165184193590594	1.34749008487866
0.0165238564830364	1.94926996954485
0.0165292971875075	1.48176574045686
0.0165347414760106	1.77057187731437
0.0165401893520882	0.734433529801291
0.0165456408192877	2.13766481420036
0.016551095881161	1.17564795579801
0.0165565545412647	0.955021614112871
0.0165620168031603	1.13708838170875
0.0165674826704136	0.824877059997705
0.0165729521465956	1.26472250219032
0.0165784252352815	0.523144128466616
0.0165839019400517	0.461493656770592
0.016589382264491	0.933086025982043
0.0165948662121891	0.500598313919889
0.0166003537867404	0.237278941625652
0.0166058449917441	0.372432973132709
0.016611339830804	0.225869056839863
0.016616838307529	0.268184937676343
0.0166223404255324	0.117830168202349
0.0166278461884326	0.0819883104706218
0.0166333555998525	0.340228152284255
0.0166388686634201	0.0683340325141236
0.0166443853827681	0.165078458954992
0.0166499057615339	0.0898244388513991
0.0166554298033598	0.0743960321823185
0.0166609575118931	0.0489220501066052
0.0166664888907857	0.0802072077634076
0.0166720239436944	0.250663775089637
0.016677562674281	0.296102431968668
0.0166831050862121	0.0214482641842877
0.0166886511831591	0.761641569151342
0.0166942009687984	0.42289376061795
0.0166997544468111	0.291738176158891
0.0167053116208835	0.530027300701722
0.0167108724947065	0.354156341307207
0.0167164370719761	0.930151380715045
0.0167220053563933	0.342451216994548
0.0167275773516637	0.408469175374574
0.0167331530614982	0.747469957922096
0.0167387324896124	1.11312770801531
0.0167443156397271	0.177675215332572
0.0167499025155679	1.082434798412
0.0167554931208652	0.404936655406264
0.0167610874593549	1.10066732656989
0.0167666855347773	0.541852207047298
0.0167722873508781	0.498472711380989
0.0167778929114079	0.845677033854671
0.0167835022201222	0.682276453646093
0.0167891152807817	0.376936516874042
0.016794732097152	0.423556276999229
0.0168003526730038	0.746866768656855
0.0168059770121129	0.318638201615334
0.0168116051182601	0.569616869956827
0.0168172369952311	0.0675205262582871
0.0168228726468171	0.779681095314196
0.0168285120768139	0.269010111377403
0.0168341552890227	0.11598348397829
0.0168398022872498	0.143242480594555
0.0168454530753064	0.158543434336806
0.016851107657009	0.198403984562622
0.0168567660361792	0.0305492206669454
0.0168624282166436	0.00695664478611339
0.0168680942022341	0.13490131365489
0.0168737639967877	0.116088476791617
0.0168794376041466	0.0234240940387595
0.0168851150281581	0.0134565865037644
0.0168907962726747	0.00885051902397244
0.0168964813415541	0.0115126310911843
0.0169021702386591	0.0455659265370962
0.016907862967858	0.196510297656202
0.0169135595330239	0.0319320794820856
0.0169192599380354	0.160456871465431
0.0169249641867763	0.32493011113959
0.0169306722831355	0.0732649215020868
0.0169363842310074	0.0860470275889945
0.0169421000342913	0.185219350109969
0.0169478196968921	0.244569510858078
0.0169535432227199	0.290102324712037
0.0169592706156899	0.289268012509406
0.0169650018797227	0.154511938437651
0.0169707370187443	0.951407436472072
0.016976476036686	0.145367685177438
0.0169822189374842	0.342471788385609
0.0169879657250809	0.159764459347503
0.0169937164034232	0.538795274217973
0.0169994709764637	0.268573989965872
0.0170052294481604	0.239974356521041
0.0170109918224765	0.0970427499813041
0.0170167581033807	0.569382550610253
0.017022528294847	0.499196404748243
0.0170283024008549	0.0727088418881358
0.0170340804253892	0.489206556810825
0.0170398623724401	0.041445938379374
0.0170456482460033	0.363474197896646
0.0170514380500799	0.00279921789812714
0.0170572317886764	0.232665464805761
0.0170630294658048	0.050586217201942
0.0170688310854826	0.143821874167884
0.0170746366517326	0.0432114064251408
0.0170804461685831	0.294835098776521
0.0170862596400682	0.0451499208521264
0.0170920770702271	0.0848625899260308
0.0170978984631046	0.00847089382254593
0.0171037238227512	0.326104634145417
0.0171095531532227	0.0533871828542119
0.0171153864585806	0.111710326039483
0.0171212237428918	0.153186430211616
0.0171270650102288	0.230796308284272
0.0171329102646697	0.072285628043737
0.0171387595102982	0.198254798215809
0.0171446127512034	0.331885751992263
0.0171504699914802	0.398906251222941
0.0171563312352289	0.224007642548729
0.0171621964865556	0.312476781654015
0.017168065749572	0.760831782007474
0.0171739390283952	0.516533300363764
0.0171798163271482	0.276399528897698
0.0171856976499595	0.668289764590558
0.0171915830009632	0.559310139221139
0.0171974723842993	0.936419965860289
0.0172033658041133	0.342569499604914
0.0172092632645564	0.676632907795446
0.0172151647697855	1.02903948902716
0.0172210703239633	0.738014931392982
0.017226979931258	0.364858808163536
0.0172328935958437	1.03008921930966
0.0172388113219001	0.793271437584706
0.0172447331136129	0.776709985338869
0.0172506589751734	0.718873214477264
0.0172565889107784	0.518058025639188
0.0172625229246309	1.54544666396956
0.0172684610209395	0.259448236575629
0.0172744032039186	0.68595531857808
0.0172803494777883	0.379706653586285
0.0172862998467747	1.14529751110641
0.0172922543151096	0.154134491989088
0.0172982128870307	0.814510979476496
0.0173041755667815	0.136224737445255
0.0173101423586113	1.15513250782392
0.0173161132667753	0.329201472022658
0.0173220882955347	0.506453237106325
0.0173280674491565	0.625838365080451
0.0173340507319135	0.332332353703466
0.0173400381480844	0.329235470101046
0.0173460297019541	0.376887637369366
0.017352025397813	0.533708409905496
0.0173580252399578	0.38572656868635
0.017364029232691	0.379905199134634
0.0173700373803209	0.413812908024161
0.0173760496871621	1.16218781792734
0.0173820661575349	0.107936330872618
0.0173880867957656	0.794537115074515
0.0173941116061867	0.299252229850565
0.0174001405931365	1.20909105447288
0.0174061737609594	0.407997817461817
0.0174122111140059	0.703590619408801
0.0174182526566324	0.787836816964855
0.0174242983932014	1.27634261504665
0.0174303483280815	0.596224263886728
0.0174364024656473	0.960623120352755
0.0174424608102796	1.25485339480875
0.0174485233663651	1.13157785693828
0.0174545901382967	1.16959792329608
0.0174606611304735	0.825397586766359
0.0174667363473007	1.65235553537662
0.0174728157931895	1.55848963302106
0.0174788994725572	0.769524575208074
0.0174849873898276	1.56369115867417
0.0174910795494303	1.2904564780996
0.0174971759558012	1.58617704917729
0.0175032766133825	1.05245042423779
0.0175093815266225	1.18377179442281
0.0175154906999756	1.52867701153213
0.0175216041379025	1.64884610189239
0.0175277218448704	0.648998721565198
0.0175338438253522	1.71604034836528
0.0175399700838275	1.41298894441549
0.0175461006247821	1.06617528393842
0.0175522354527078	1.30203414230224
0.0175583745721029	0.704417677773893
0.0175645179874721	1.84345682527906
0.0175706657033261	0.650003565994925
0.0175768177241823	0.923504461508833
0.017582974054564	0.724351093841055
0.0175891346990012	1.65666879397331
0.01759529966203	0.233969422716052
0.017601468948193	1.44287400876308
0.0176076425620393	0.290120307893882
0.017613820508124	1.58714512676892
0.0176200027910089	0.547354179794782
0.0176261894152622	0.74556504215898
0.0176323803854584	0.988786695976009
0.0176385757061785	0.729215416605338
0.0176447753820099	0.553604608514902
0.0176509794175464	0.862959592864831
0.0176571878173885	0.910348850554776
0.0176634005861428	0.834839295117464
0.0176696177284227	0.967833340274322
0.017675839248848	0.587287626459748
0.0176820651520451	1.87232837599503
0.0176882954426466	0.430201067480438
0.0176945301252919	1.24978801278547
0.0177007692046271	0.786324056593696
0.0177070126853044	1.49585848588451
0.0177132605719829	0.944084251144761
0.0177195128693283	1.09910166710746
0.0177257695820127	1.07777520203714
0.0177320307147148	1.80572837022106
0.0177382962721202	1.00389761253901
0.0177445662589207	1.1789937249517
0.0177508406798151	1.76875188461375
0.0177571195395087	1.17395006694176
0.0177634028427134	1.65157415690247
0.0177696905941479	0.998034506052734
0.0177759827985375	1.5200506106924
0.0177822794606142	1.94394777065775
0.0177885805851167	0.820070169973191
0.0177948861767906	1.53729929417744
0.0178011962403879	1.36539982449323
0.0178075107806675	1.33977892222794
0.0178138298023953	1.11067068788158
0.0178201533103435	1.15510795835309
0.0178264813092914	0.997645052364837
0.017832813804025	1.70205941508574
0.0178391507993372	0.567870259234607
0.0178454923000275	1.26182428498853
0.0178518383109024	1.34106251787661
0.0178581888367752	0.591609800564214
0.0178645438824661	1.14601841562047
0.017870903452802	0.430873089648764
0.0178772675526169	1.05434907669355
0.0178836361867515	0.600786612040508
0.0178900093600534	0.547850578192363
0.0178963870773773	0.456036796771529
0.0179027693435847	1.20023011565784
0.0179091561635441	0.11030261861924
0.0179155475421307	1.05504306544771
0.0179219434842271	0.215104639680625
0.0179283439947224	0.903484981253111
0.0179347490785131	0.500497404327557
0.0179411587405025	0.375227189567346
0.0179475729856008	0.690642215900626
0.0179539918187255	0.555951047753245
0.017960415244801	0.37212279989228
0.0179668432687586	0.709796758280678
0.017973275895537	0.651087310086779
0.0179797131300816	0.62635259604095
0.0179861549773452	0.897332884242265
0.0179926014422874	0.34903089351154
0.0179990525298753	1.37409700131637
0.0180055082450828	0.514840294504245
0.0180119685928911	0.811014638291487
0.0180184335782884	0.865969387568707
0.0180249032062703	0.830162543262556
0.0180313774818393	0.919880644093349
0.0180378564100053	0.867018305415802
0.0180443399957854	0.740573056952159
0.0180508282442037	1.27489292387218
0.0180573211602917	0.890329045138892
0.0180638187490883	0.698340852182306
0.0180703210156393	1.36143966588306
0.018076827964998	0.685516204196853
0.0180833396022249	1.13390615310925
0.0180898559323879	0.91755966425693
0.018096376960562	0.654287099861603
0.0181029026918297	1.40760848929145
0.0181094331312809	0.563963099588758
0.0181159682840125	0.816547427356677
0.0181225081551292	0.864069331875987
0.0181290527497427	0.715331842808137
0.0181356020729724	0.542581040492274
0.0181421561299448	0.869013617142535
0.018148714925794	0.265549364291064
0.0181552784656616	0.940585279369998
0.0181618467546964	0.53151372724984
0.0181684197980549	0.298390235978894
0.0181749976009008	0.843178691160779
0.0181815801684056	0.102831459822814
0.018188167505748	0.446872043543427
0.0181947596181143	0.192248627649979
0.0182013565106985	0.17117436839505
0.018207958188702	0.197024178118604
0.0182145646573336	0.215498585816959
0.0182211759218098	0.0118638166472422
0.0182277919873548	0.305837371123745
0.0182344128592002	0.0653628534740923
0.0182410385425853	0.130032678197727
0.018247669042757	0.0867406933898146
0.0182543043649698	0.0259298778916954
0.0182609445144858	0.0591327820289574
0.018267589496575	0.0013308118377607
0.0182742393165147	0.0468302193418714
0.0182808939795903	0.0520393417611304
0.0182875534910945	0.00462267451569472
0.018294217856328	0.12526277746093
0.0183008870805991	0.0335440260729062
0.0183075611692239	0.111638598232848
0.0183142401275262	0.144339027162419
0.0183209239608377	0.0337874714217909
0.0183276126744977	0.229110753533275
0.0183343062738534	0.150602419315783
0.0183410047642599	0.110569072183379
0.0183477081510799	0.363585207374264
0.0183544164396842	0.0656212862973084
0.0183611296354513	0.320476341897876
0.0183678477437676	0.254646475773392
0.0183745707700273	0.16634774950862
0.0183812987196328	0.334229138164512
0.018388031597994	0.270547458634583
0.0183947694105291	0.179253229658952
0.018401512162664	0.473408199123739
0.0184082598598327	0.294479529929635
0.018415012507477	0.278482753738901
0.0184217701110469	0.675875393654177
0.0184285326760004	0.0966860269315344
0.0184353002078032	0.594960224131878
0.0184420727119294	0.33206619441784
0.018448850193861	0.313511214757914
0.0184556326590881	0.432506434213132
0.0184624201131087	0.44626908712245
0.0184692125614291	0.166362816203902
0.0184760100095637	0.767298854057953
0.0184828124630349	0.371229526954566
0.0184896199273733	0.339729452293473
0.0184964324081176	0.794127450505083
0.0185032499108149	0.153296605826629
0.01851007244102	0.709399184675232
0.0185169000042964	0.416844208868207
0.0185237326062156	0.325635509148828
0.0185305702523572	0.531136613672159
0.0185374129483093	0.645480493666446
0.0185442606996681	0.203449703685218
0.018551113512038	0.755029478506092
0.0185579713910318	0.343895278285901
0.0185648343422707	0.49919152611017
0.018571702371384	0.596079904047068
0.0185785754840096	0.290072832357863
0.0185854536857933	0.493640024334651
0.0185923369823899	0.621492653489214
0.0185992253794619	0.278756552175846
0.0186061188826807	0.52964967501985
0.018613017497726	0.524197349670961
0.0186199212302857	0.297756962655784
0.0186268300860565	0.655235857899478
0.0186337440707432	0.138231724663891
0.0186406631900592	0.545089133343401
0.0186475874497266	0.302150546467985
0.0186545168554758	0.312536372628871
0.0186614514130456	0.149297635725891
0.0186683911281837	0.474464617213329
0.0186753360066459	0.0767813680251756
0.0186822860541971	0.443495322900032
0.0186892412766103	0.0724759617464394
0.0186962016796673	0.348589448335765
0.0187031672691585	0.308369032724068
0.0187101380508831	0.0338353792585562
0.0187171140306487	0.153743904003692
0.0187240952142716	0.0267784874590651
0.0187310816075769	0.094215944725254
0.0187380732163983	0.013002658843735
0.0187450700465783	0.0264964164626597
0.018752072103968	0.103133612625974
0.0187590793944274	0.129257850348545
0.0187660919238252	0.146873382008251
0.0187731096980388	0.153035239761896
0.0187801327229545	0.0204669320585931
0.0187871610044674	0.123919826544156
0.0187941945484813	0.040831185045677
0.018801233360909	0.167343770658223
0.0188082774476721	0.233115204259119
0.0188153268147012	0.100884858896428
0.0188223814679355	0.3509567257724
0.0188294414133233	0.638575504103383
0.018836506656822	0.121014938747175
0.0188435772043976	0.565676459388819
0.0188506530620252	0.375644202739836
0.018857734235689	0.624787043401498
0.0188648207313821	0.676614703721606
0.0188719125551065	0.525291725103617
0.0188790097128734	0.649342847219754
0.018886112210703	1.49687965396215
0.0188932200546246	0.400139331417836
0.0189003332506764	1.22207516217478
0.0189074518049059	0.776808945970992
0.0189145757233696	1.41243302169867
0.0189217050121331	0.925497308574318
0.0189288396772714	1.18498543773053
0.0189359797248683	0.944633965491688
0.0189431251610171	1.89233527529656
0.0189502759918201	1.16943534325368
0.0189574322233888	1.20154149122717
0.0189645938618442	1.82186323264164
0.0189717609133163	1.12120091140706
0.0189789333839443	1.96405586614438
0.0189861112798771	0.633713935714415
0.0189932946072724	2.17617682201388
0.0190004833722975	0.966264492590248
0.0190076775811291	1.85981925221452
0.0190148772399531	0.533904736127777
0.0190220823549647	2.23509891851855
0.0190292929323689	0.822601630249705
0.0190365089783796	1.70223732875517
0.0190437304992205	0.645056314638423
0.0190509575011245	1.59484147837045
0.0190581899903342	1.53372076591165
0.0190654279731015	0.555620528766588
0.0190726714556878	1.12388639606443
0.0190799204443642	0.635998919966636
0.0190871749454112	1.32477452630366
0.0190944349651188	0.303716958772206
0.0191017005097867	0.797320644573217
0.0191089715857241	0.363282115188359
0.0191162481992499	1.1882463313879
0.0191235303566926	0.0763345406065232
0.0191308180643903	0.679059242223203
0.0191381113286907	0.344935704855078
0.0191454101559514	0.372073200198582
0.0191527145525395	0.154354954570343
0.0191600245248319	0.240055465998148
0.0191673400792153	0.240870184627006
0.019174661222086	0.343546642482628
0.0191819879598503	0.010702166009191
0.0191893202989241	0.417449972954945
0.0191966582457331	0.257964501103348
0.019204001806713	0.102621554635317
0.0192113509883093	0.179674510422137
0.0192187057969772	0.330381031902038
0.019226066239182	0.261944743404537
0.0192334323213989	0.377731188020703
0.0192408040501128	0.126816844844211
0.0192481814318188	1.10174206551955
0.0192555644730219	0.237176693098643
0.019262953180237	0.568667414560085
0.0192703475599891	0.292726180099222
0.0192777476188131	1.32190072684584
0.0192851533632541	0.40976410327869
0.0192925647998672	0.956296169139458
0.0192999819352174	0.528437146883324
0.0193074047758802	1.52899581164468
0.0193148333284408	1.29459098323749
0.0193222675994947	0.670314373804425
0.0193297075956478	1.64188030812541
0.0193371533235157	0.960813690034452
0.0193446047897247	1.91020795327099
0.0193520620009108	0.397739576246766
0.0193595249637208	2.45566830981218
0.0193669936848112	0.666204502937977
0.0193744681708492	2.38420811466372
0.0193819484285121	0.317608727559971
0.0193894344644876	2.70580358691389
0.0193969262854736	1.18454745970377
0.0194044238981785	1.76025290142982
0.019411927309321	0.887190975360658
0.0194194365256303	1.90576588703003
0.0194269515538458	2.23341604150772
0.0194344724007176	0.752813115229516
0.019441999073006	1.65710064369883
0.019449531577482	0.909591711156554
0.019457069920927	2.57451822539807
0.0194646141101329	0.438655729559991
0.0194721641519021	1.53666096152429
0.0194797200530477	0.71907429552831
0.0194872818203933	2.07038498984601
0.019494849460773	0.596500273692665
0.0195024229810317	0.972210378854407
0.0195100023880248	1.12506718695006
0.0195175876886185	1.04305490622601
0.0195251788896895	0.654707442845937
0.0195327759981254	0.571018089943764
0.0195403790208243	0.86395305707245
0.0195479879646953	0.823693306478315
0.019555602836658	0.463483123390363
0.0195632236436431	0.298878439511553
0.0195708503925918	0.794145783600552
0.0195784830904562	0.698150253558067
0.0195861217441995	0.0886426152540018
0.0195937663607954	0.509831914249863
0.0196014169472288	0.255489764416834
0.0196090735104953	0.515106176042707
0.0196167360576015	0.142103357616238
0.0196244045955651	0.337909014150764
0.0196320791314145	0.35027124734244
0.0196397596721894	0.219348574122493
0.0196474462249402	0.0819707791798539
0.0196551387967286	0.503731713468666
0.0196628373946274	0.561658654797288
0.0196705420257201	0.0808364141905367
0.0196782526971018	0.305490594833303
0.0196859694158784	0.22783553017541
0.0196936921891671	0.855077869943788
0.0197014210240961	0.0540655273735538
0.0197091559278051	0.305654201043032
0.0197168969074447	0.100106203739841
0.0197246439701769	0.775240174387975
0.0197323971231749	0.10035120410433
0.0197401563736233	0.860165088022747
0.0197479217287178	0.0161510799013656
0.0197556931956656	0.926440106660738
0.0197634707816853	0.19682192503284
0.0197712544940067	1.00922437017075
0.019779044339871	0.530796658896359
0.0197868403265309	0.351726580583969
0.0197946424612505	0.234245446683063
0.0198024507513055	0.694678557185007
0.0198102652039829	1.06683640940873
0.0198180858265812	0.124433961864817
0.0198259126264105	0.633717587097928
0.0198337456107926	0.234403164449903
0.0198415847870606	1.66596874101006
0.0198494301625594	0.11438215768882
0.0198572817446454	0.717794935105384
0.0198651395406867	0.322086323687589
0.0198730035580631	1.14161362824559
0.019880873804166	0.551492898636543
0.0198887502863985	0.360931437886783
0.0198966330121757	0.782205720981571
0.0199045219889241	0.913936818940905
0.0199124172240821	0.606137359920045
0.0199203187251001	0.362846063332349
0.0199282264994401	1.02796602088077
0.0199361405545761	0.749419560241656
0.0199440608979938	0.765717101424079
0.019951987537191	0.358381274784691
0.0199599204796773	0.823391364395643
0.0199678597329743	1.67028997112491
0.0199758053046156	0.288511100065917
0.0199837572021466	0.817307049224353
0.019991715433125	0.788017808110942
0.0199996800051204	1.00563429801446
0.0200076509257145	0.794667898255671
0.020015628202501	0.449132490204442
0.0200236118430859	0.84540928427076
0.0200316018550871	1.12894254466641
0.0200395982461349	1.16453021056132
0.0200476010238716	0.249225958683039
0.0200556101959519	2.19780358248596
0.0200636257700425	0.271313576026728
0.0200716477538226	1.31080981655571
0.0200796761549835	0.262860951439019
0.020087710981229	1.25726905562813
0.020095752240275	1.07061375349663
0.02010379993985	0.545875934764699
0.0201118540876946	0.25150624116269
0.0201199146915622	1.19622920314495
0.0201279817592183	1.50817469523538
0.020136055298441	0.123806312750721
0.0201441353170209	1.16482935402775
0.0201522218227609	0.076497193004041
0.0201603148234768	1.90535629496098
0.0201684143269967	0.261655416757262
0.0201765203411613	0.556317743361017
0.020184632873824	0.278139821286732
0.0201927519328507	0.782036718600936
0.0202008775261203	0.259944740418985
0.0202090096615239	0.366502247298497
0.0202171483469656	0.357604075942311
0.0202252935903623	0.296305842854063
0.0202334453996434	0.560649819343471
0.0202416037827514	0.175411494877022
0.0202497687476414	0.709159709564011
0.0202579403022814	0.0595290588253303
0.0202661184546522	0.0706516748048695
0.0202743032127477	0.00385646652325958
0.0202824945845745	0.213481591235975
0.0202906925781522	0.0886990119379052
0.0202988972015134	0.00391147335006567
0.0203071084627037	0.127202222550344
0.0203153263697817	0.268463187989821
0.0203235509308192	0.0269926692455813
0.0203317821539007	0.214518199968652
0.0203400200471243	0.145694340426765
0.0203482646186008	0.169124821746702
0.0203565158764544	0.213467867317565
0.0203647738288224	0.141870639090231
0.0203730384838553	1.17956907005182
0.0203813098497169	0.323756822201976
0.0203895879345842	0.27912776825419
0.0203978727466475	0.577234771899487
0.0204061642941105	0.666168979753131
0.0204144625851901	0.65661469420456
0.0204227676281166	0.481340416071264
0.0204310794311339	0.55358376269948
0.020439398002499	1.45834196387117
0.0204477233504827	1.8311415430863
0.0204560554833689	0.184516873608512
0.0204643944094554	2.80201533572888
0.0204727401370532	0.765340498442567
0.0204810926744871	1.82140409877035
0.0204894520300954	0.910628485288892
0.02049781821223	1.59335510361887
0.0205061912292565	1.96924946844464
0.020514571089554	1.94959493260325
0.0205229578015156	0.734608886725707
0.0205313513735479	2.67740413350913
0.0205397518140714	3.08632567914396
0.0205481591315203	0.908202309352142
0.0205565733343425	2.85298168706152
0.020564994431	0.836380658042523
0.0205734224299686	3.92250312192911
0.0205818573397378	1.5867261581686
0.0205902991688113	1.57877225479827
0.0205987479257066	1.92333900682078
0.0206072036189552	2.99408273641655
0.0206156662571026	1.33199463024282
0.0206241358487085	1.8624996735499
0.0206326124023464	1.77118200591496
0.0206410959266041	2.12578754217348
0.0206495864300835	2.45440261466163
0.0206580839214006	0.560489329477622
0.0206665884091858	2.50578366328437
0.0206750999020833	1.6800009643723
0.0206836184087518	1.13170595979013
0.0206921439378645	1.09958204687275
0.0207006764981085	1.05840785768692
0.0207092160981854	1.55741225458846
0.0207177627468112	1.14317057281827
0.0207263164527163	0.288365564325742
0.0207348772246455	1.31471257360225
0.020743445071358	1.07410271139761
0.0207520200016275	0.237053679880958
0.0207606020242423	0.58161332255647
0.0207691911480051	0.304170328321084
0.0207777873817334	0.604179767359866
0.020786390734259	0.612388048470785
0.0207950012144286	0.124620123617527
0.0208036188311034	0.874363385918648
0.0208122435931595	0.149683426425143
0.0208208755094874	0.0613544358716913
0.0208295145889925	0.0885765234195843
0.0208381608405953	0.149678012550596
0.0208468142732305	0.0696871512614009
0.0208554748958483	0.0865288591787734
0.0208641427174132	0.412111355318981
0.0208728177469051	1.17609173889992
0.0208814999933184	0.0566413900165562
0.0208901894656629	1.08730234216498
0.0208988861729631	0.378992117512125
0.0209075901242585	0.600391468709907
0.020916301328604	0.443884849548439
0.0209250197950693	0.60745484120872
0.0209337455327392	0.910567456549715
0.020942478550714	1.69680898951448
0.0209512188581088	0.217912011719288
0.0209599664640542	2.20088371325801
0.0209687213776958	1.98805894827114
0.0209774836081948	0.892431257414258
0.0209862531647275	2.02642381005306
0.0209950300564856	0.92850090426499
0.0210038142926761	2.84135299391837
0.0210126058825216	1.90512848250834
0.02102140483526	1.3312050705374
0.0210302111601447	2.17529399905945
0.0210390248664448	3.50665981534648
0.0210478459634446	1.32410690408532
0.0210566744604443	2.82124924232662
0.0210655103667595	1.7112549927115
0.0210743536917215	3.3584813759561
0.0210832044446774	2.88188217569644
0.0210920626349897	1.49774164678488
0.0211009282720371	2.88382450855366
0.0211098013652136	3.36673455561263
0.0211186819239293	1.79201045984428
0.0211275699576102	2.66272459338334
0.0211364654756978	2.03972959781884
0.0211453684876499	2.83689476600042
0.0211542790029401	3.06539405799802
0.0211631970310579	0.934064533597873
0.021172122581509	3.02266309445802
0.0211810556638148	2.42348121680279
0.0211899962875132	1.47174928807124
0.0211989444621579	1.69744487544198
0.0212079001973188	1.73167226280675
0.0212168635025822	1.50013735895491
0.0212258343875503	2.56478649833418
0.0212348128618417	0.291821426498625
0.0212437989350914	2.13660022710158
0.0212527926169504	1.62428376869957
0.0212617939170863	0.528254515853137
0.0212708028451831	0.862232944602321
0.0212798194109411	0.792645427912487
0.021288843624077	0.520163037991536
0.0212978754943242	1.03084316526391
0.0213069150314325	0.129151346764043
0.0213159622451682	0.878630848880278
0.0213250171453143	0.986772897955384
0.0213340797416704	0.00120686043727319
0.0213431500440528	0.267099038883095
0.0213522280622944	0.0957159970839847
0.0213613138062449	0.0727479546822298
0.0213704072857707	0.0691496143415403
0.0213795085107553	0.0387734656551489
0.0213886174910986	0.414495014365467
0.0213977342367177	0.352401316211194
0.0214068587575464	0.470249593362657
0.0214159910635358	0.243661434810589
0.0214251311646535	0.0864096740835797
0.0214342790708845	0.16318143877315
0.0214434347922308	0.12597332791575
0.0214525983387113	0.373736751214879
0.0214617697203623	0.514506930049482
0.021470948947237	0.1507131107936
0.021480136029406	0.865420913910562
0.0214893309769571	1.35332284121468
0.0214985337999954	0.197585013706356
0.0215077445086432	1.31307297607202
0.0215169631130403	0.233448155652496
0.0215261896233439	1.84758456865367
0.0215354240497284	0.791141343912906
0.021544666402386	0.849299096962071
0.021553916691526	0.881382934573459
0.0215631749273758	2.22772120013693
0.0215724411201797	0.613361201224371
0.0215817152802003	1.95524219942247
0.0215909974177172	1.07584470339693
0.0216002875430283	1.90433682777008
0.0216095856664488	2.56722265113314
0.0216188917983118	0.480264620180981
0.0216282059489683	2.57707986576217
0.0216375281287871	1.53587681508272
0.0216468583481547	1.60753271273747
0.0216561966174759	1.2770716888106
0.021665542947173	1.99475524133574
0.0216748973476867	1.1436261520322
0.0216842598294755	2.99716093875712
0.0216936304030161	0.621055495797967
0.0217030090788033	2.19692285147239
0.0217123958673499	2.48434851323962
0.0217217907791872	0.866929074836256
0.0217311938248645	1.70819802555166
0.0217406050149494	1.31626643532827
0.0217500243600278	1.26697652388156
0.0217594518707041	1.99707832909517
0.021768887557601	0.861366364942045
0.0217783314313596	1.20741504875948
0.0217877835026395	2.0797204116957
0.0217972437821188	0.774111592233028
0.0218067122804942	0.880957008087202
0.0218161890084809	1.2564144553119
0.0218256739768129	0.693532305525195
0.0218351671962428	1.18293926830135
0.0218446686775418	0.978123584814541
0.0218541784314999	0.33536590738473
0.0218636964689261	2.029073951386
0.021873222800648	0.258667218235272
0.0218827574375121	0.772121009486757
0.021892300390384	0.3419502829724
0.0219018516701481	0.649632997110092
0.0219114112877079	0.379764489793307
0.0219209792539858	0.469079481876091
0.0219305555799234	0.134636724709924
0.0219401402764814	0.702830129710718
0.0219497333546397	0.981453127705969
0.0219593348253975	0.098695130261429
0.0219689446997729	0.88928578950039
0.0219785629888038	0.015212032641944
0.021988189703547	0.770624356535675
0.0219978248550789	0.254227218396479
0.0220074684544952	0.14477098594387
0.0220171205129114	0.128281438614491
0.022026781041462	0.255206420333641
0.0220364500513014	0.495455989033234
0.0220461275536035	0.125067935293629
0.0220558135595618	0.760139591007423
0.0220655080803896	0.0596718670645107
0.0220752111273197	0.954780473076559
0.022084922711605	0.48621582724877
0.0220946428445179	0.269243570048727
0.0221043715373507	0.597102504311335
0.0221141088014158	0.0973727430857035
0.0221238546480454	0.400677675390897
0.0221336090885916	0.120416145013814
0.0221433721344267	0.605109754026968
0.022153143796943	0.102508145822186
0.0221629240875529	1.1970663765515
0.022172713017689	0.138243485742873
0.0221825105988041	0.860983606381027
0.0221923168423712	1.00832611042452
0.0222021317598836	0.19583822322021
0.022211955362855	0.91162881778608
0.0222217876628196	0.393079526704579
0.0222316286713317	0.71506981325892
0.0222414783999664	0.954266845050873
0.0222513368603191	0.628412734129833
0.0222612040640059	0.607217439346267
0.0222710800226636	1.2264413785739
0.0222809647479493	0.915685561649255
0.0222908582515413	0.62407889731556
0.0223007605451382	1.40571194928617
0.0223106716404596	0.618047683157923
0.022320591549246	1.55841134444107
0.0223305202832587	1.31064875956278
0.02234045785428	0.649107243390492
0.022350404274113	2.28357324817272
0.0223603595545822	0.642055632511996
0.0223703237075327	1.77952432299776
0.0223802967448311	0.713227139760743
0.0223902786783651	1.86891086904522
0.0224002695200434	0.907676008444364
0.0224102692817962	1.90914441325733
0.022420277975575	0.712573730673424
0.0224302956133525	2.05223372228306
0.0224403222071229	1.87704023980415
0.0224503577689019	0.939580041130112
0.0224604023107267	2.43975659304361
0.022470455844656	0.448354165844357
0.02248051838277	2.77421565224889
0.0224905899371708	0.440216865447712
0.022500670519982	1.79250659084573
0.022510760143349	0.608408681129298
0.0225208588194391	2.00620411943588
0.0225309665604412	0.629971256226436
0.0225410833785663	1.66561112036733
0.0225512092860473	1.04407628633811
0.022561344295139	1.12955521117757
0.0225714884181184	1.88259530307761
0.0225816416672844	0.213772354801296
0.0225918040549583	1.68186660600242
0.0226019755934832	0.234657029757045
0.0226121562952248	1.06820882199289
0.022622346172571	0.20439722374487
0.0226325452379319	0.88541881285975
0.0226427535037402	0.164493693267575
0.0226529709824508	0.839954600718367
0.0226631976865413	0.231553400211431
0.0226734336285117	0.479026857835764
0.0226836788208848	0.58936079190912
0.0226939332762057	0.0253013458270205
0.0227041970070425	0.396769960045657
0.0227144700259859	0.00506108296022132
0.0227247523456495	0.212139625577979
0.0227350439786696	0.0453739673979907
0.0227453449377056	0.010915278050782
0.0227556552354396	0.00164682521896838
0.022765974884577	0.00975182570734169
0.0227763038978461	0.0136342322076306
0.0227866422879982	0.0780958251036834
0.0227969900678079	0.000337339848217988
0.0228073472500731	0.185391048961442
0.0228177138476147	0.0129225450942595
0.0228280898732772	0.343888849347617
0.0228384753399284	0.273336720532342
0.0228488702604594	0.132593947922427
0.0228592746477848	0.5438456207283
0.022869688514843	0.0994422470935617
0.0228801118745956	0.904899077601737
0.022890544740028	0.0877490390365409
0.0229009871241495	0.908519247987174
0.0229114390399929	0.25099919973456
0.0229219005006148	1.21527952722765
0.0229323715190959	0.32471034465326
0.0229428521085404	1.28669241408207
0.0229533422820769	0.900394988622298
0.0229638420528578	1.08911385030753
0.0229743514340595	1.74376358496214
0.0229848704388828	0.540672905389473
0.0229953990805525	2.3828383861528
0.0230059373723176	0.466509157475222
0.0230164853274515	2.100550891622
0.0230270429592519	0.610006244297088
0.0230376102810409	2.2645902506691
0.0230481873061653	0.865934021730067
0.023058774047996	2.22772544915837
0.0230693705199288	1.00629251986584
0.023079976735384	2.28800480217377
0.0230905927078066	2.03603731821859
0.0231012184506665	1.18719598952078
0.0231118539774582	2.37195894013505
0.023122499301701	1.01227349905295
0.0231331544369396	2.62689276300843
0.023143819396743	0.960457424460167
0.0231544941947057	2.22434749937301
0.0231651788444473	1.11660385632788
0.0231758733596122	2.48703519727934
0.0231865777538704	1.02464030819467
0.0231972920409168	1.91948320941911
0.023208016234472	1.55300865541319
0.0232187503482818	1.42718946846088
0.0232294943961173	1.9347019301365
0.0232402483917753	0.779479151488907
0.0232510123490782	2.15780037170953
0.0232617862818738	1.00289327782418
0.0232725702040358	1.39443993555846
0.0232833641294635	1.07601385028344
0.023294168072082	1.02953359516928
0.0233049820458424	1.3698107421756
0.0233158060647215	0.678971452574189
0.0233266401427222	0.975940456813876
0.0233374842938736	0.639897415428577
0.0233483385322306	1.22977580075856
0.0233592028718744	0.232602781974955
0.0233700773269124	1.00011546844162
0.0233809619114783	0.272313703649645
0.0233918566397322	0.779431866693556
0.0234027615258606	0.540201868772946
0.0234136765840762	0.283088914631245
0.0234246018286186	0.648780226948265
0.0234355372737538	0.0909876230359122
0.0234464829337745	0.286734167741756
0.0234574388230001	0.085105528729475
0.0234684049557767	0.290873730877603
0.0234793813464773	0.0355411364229249
0.0234903680095019	0.283840143232619
0.0235013649592774	0.174320102174606
0.0235123722102576	0.618818661285747
0.0235233897769235	0.167985505655822
0.0235344176737834	0.484827512128894
0.0235454559153725	0.0161204346043962
0.0235565045162536	0.467626570402681
0.0235675634910166	0.0121844659324808
0.0235786328542789	0.453521712348609
0.0235897126206855	0.162079056704396
0.0236008028049087	0.788909609751525
0.0236119034216487	0.0638617878321226
0.023623014485633	1.32149762944384
0.0236341360116172	0.4831182478736
0.0236452680143844	1.06127347278174
0.0236564105087458	0.880050056423466
0.0236675635095404	0.81998248705503
0.0236787270316353	1.77210847767333
0.0236899010899255	0.788696982968323
0.0237010856993342	1.36313154206868
0.023712280874813	1.30259220098144
0.0237234866313413	1.98519221410792
0.0237347029839274	1.2418534955711
0.0237459299476075	2.1473639234553
0.0237571675374466	1.30751601139133
0.023768415768538	2.78297583901748
0.0237796746560038	2.08456551010924
0.0237909442149945	1.49045939229034
0.0238022244606897	3.14859288036366
0.0238135154082975	1.93871161686195
0.023824817073055	2.50704005399407
0.0238361294702282	2.52153803726099
0.0238474526151122	1.81317129875039
0.0238587865230309	3.54714771256063
0.0238701312093378	2.16025989834607
0.0238814866894151	2.14470542165015
0.0238928529786747	2.63281076483846
0.0239042300925577	3.03532926514401
0.0239156180465346	1.63723103520805
0.0239270168561054	3.28366564217412
0.0239384265367996	1.39531720006887
0.0239498471041766	3.20401519934304
0.0239612785738252	2.62991680395896
0.0239727209613642	1.21355159983182
0.023984174282442	2.93429546525515
0.0239956385527372	1.49866966611902
0.0240071137879582	1.91163713018333
0.0240186000038435	1.27019016290831
0.0240300972161618	1.77112588163132
0.024041605440712	0.958450841229402
0.0240531246933232	2.37054182921447
0.0240646549898549	0.223913078316971
0.024076196346197	2.0290933097968
0.0240877487782699	1.01880728260936
0.0240993123020247	0.693148107875921
0.0241108869334429	0.785223519488546
0.0241224726885369	0.332806818122206
0.0241340695833499	0.554372169382623
0.0241456776339559	0.330211320209665
0.0241572968564598	0.200912985223905
0.0241689272669976	0.177000809373395
0.0241805688817363	0.656250422658133
0.0241922217168741	0.104108908585613
0.0242038857886406	0.280673368140485
0.0242155611132964	0.270697044803058
0.0242272477071338	0.118848031416539
0.0242389455864764	0.308184373012042
0.0242506547676793	0.180325975736296
0.0242623752671293	0.113469361691047
0.0242741071012449	0.0650395649987764
0.0242858502864764	0.637415252170576
0.0242976048393059	0.301563705169103
0.0243093707762474	0.682046021180702
0.0243211481138468	0.867300526258003
0.0243329368686825	0.412614306426564
0.0243447370573645	2.02885411613431
0.0243565486965355	0.649924093190034
0.0243683718028701	0.840478745591534
0.0243802063930758	1.73742780136947
0.024392052483892	1.3141116612219
0.0244039100920911	1.41826579865525
0.0244157792344779	2.28667953471115
0.0244276599278901	0.776812389668282
0.0244395521891979	3.55582758890076
0.0244514560353045	2.05310484890398
0.0244633714831462	1.52120574685666
0.0244752985496922	2.90156443163557
0.0244872372519448	2.47824364916045
0.0244991876069395	1.95369931435756
0.024511149631745	3.29789882993328
0.0245231233434635	1.43988358689612
0.0245351087592306	3.61747977679843
0.0245471058962154	3.4043680164952
0.0245591147716204	1.31159592187606
0.0245711354026821	3.70294327669171
0.0245831678066706	2.41704245199069
0.0245952120008899	2.35030562683623
0.0246072680026778	2.59455318269831
0.0246193358294063	2.160130505942
0.0246314154984813	2.28173870392657
0.024643507027343	3.85604737410392
0.0246556104334659	0.66406201840826
0.0246677257343587	3.38761589428762
0.0246798529475647	1.85812149810453
0.0246919920906616	1.85086401461483
0.0247041431812617	1.68658908455702
0.0247163062370121	1.3715667001042
0.0247284812755945	1.25583514358966
0.0247406683147256	2.15820831986454
0.0247528673721569	0.69930672003757
0.0247650784656751	1.30990340187784
0.024777301613102	2.09518673852221
0.0247895368322943	0.140366778641557
0.0248017841411445	1.79808206688094
0.02481404355758	0.0763853317512534
0.024826315099564	1.13768271205217
0.024838598785095	0.518227710729544
0.0248508946322073	0.246026927336181
0.0248632026589709	0.0289396364665802
0.0248755228834915	0.774298496031424
0.024887855323911	0.339124261765681
0.0249001999984069	0.257950766184198
0.0249125569251931	0.77117222806753
0.0249249261225195	0.249976712043945
0.0249373076086723	0.972098449069073
0.0249497014019741	0.646356553099934
0.024962107520784	0.00413756788945698
0.0249745259834974	0.133315840381128
0.0249869568085465	0.430421029892211
0.0249994000144002	0.299006209566218
0.0250118556195642	0.329660823299005
0.0250243236425811	1.04046534504119
0.0250368041020305	0.0299841561829441
0.025049297016529	2.28602609931254
0.0250618024047306	0.798428955082975
0.0250743202853262	0.572761863870529
0.0250868506770444	1.28796348049951
0.0250993935986512	0.610829958037245
0.0251119490689499	0.816004002551941
0.0251245171067817	1.2471530069216
0.0251370977310255	0.399856956528116
0.025149690960598	1.66922781837202
0.0251622968144537	1.98382521426792
0.0251749153115854	0.224073805191211
0.0251875464710238	2.18428340856941
0.0252001903118378	1.08490726603104
0.0252128468531347	0.984438207284326
0.0252255161140602	1.66753389895934
0.0252381981137985	0.596122435250541
0.0252508928715725	1.77474903672408
0.0252636004066434	2.11703087762701
0.0252763207383117	0.299059915049583
0.0252890538859165	1.88079021548446
0.025301799868836	1.0723158794342
0.0253145587064873	1.07080675655523
0.025327330418327	1.03499032634052
0.0253401150238506	0.869936477461751
0.0253529125425934	0.671499790578642
0.0253657229941299	2.30826409465273
0.0253785463980742	0.20989411312605
0.0253913827740802	1.75555564133527
0.0254042321418415	1.39943150142475
0.0254170945210916	0.385377076130612
0.0254299699316041	1.66783483175949
0.0254428583931924	0.022092138063432
0.0254557599257104	1.17381655971677
0.0254686745490522	0.481639563152695
0.0254816022831521	0.507649318642238
0.0254945431479851	0.145508920658726
0.0255074971635668	1.62606158663599
0.0255204643499535	0.177719249278035
0.025533444727242	1.11985299846279
0.0255464383155706	0.890914596729918
0.025559445135118	0.616320863603719
0.0255724652061044	1.66842076872155
0.025585498548791	0.107369697136206
0.0255985451834806	0.241954393329237
0.0256116051305173	0.127267247837265
0.0256246784102865	0.505651703773459
0.0256377650432155	0.0128378208250152
0.0256508650497735	0.768801191288079
0.0256639784504711	0.360989252386804
0.0256771052658613	0.989749949234711
0.0256902455165389	1.75995146192819
0.025703399223141	0.306974395825738
0.025716566406347	0.972604947837974
0.0257297470868786	0.188116023661243
0.0257429412855	0.18970171420353
0.0257561490230183	0.216570299616779
0.0257693703202829	0.201948338436977
0.0257826051981862	0.063257214500254
0.0257958536776638	0.939096976082612
0.0258091157796939	0.513676893507798
0.0258223915252982	0.462349279894167
0.0258356809355415	1.20607777329917
0.0258489840315321	0.00805808050248065
0.0258623008344218	0.67873008106594
0.0258756313654058	0.283998220069351
0.0258889756457233	0.248573113926175
0.0259023336966572	1.00991551728581
0.0259157055395344	0.145590574518349
0.0259290911957257	0.214156491484506
0.0259424906866464	0.537444267433159
0.0259559040337556	0.23659850644621
0.0259693312585574	0.206947647961888
0.0259827723826	0.375144210721195
0.0259962274274762	0.017824683093831
0.026009696414824	0.922174612349254
0.0260231793663257	0.762710702654896
0.026036676303709	0.427687326335518
0.0260501872487465	1.20671470919516
0.026063712223256	0.0277540053116546
0.0260772512491008	0.612218999181714
0.0260908043481896	0.180964623826951
0.0261043715424765	0.21295550903152
0.0261179528539615	0.269680970308699
0.0261315483046902	0.212336044471053
0.0261451579167543	0.099627361041011
0.0261587817122916	0.812830666858144
0.0261724197134858	0.829882512845581
0.0261860719425671	0.406298129182381
0.0261997384218121	0.95521323562386
0.0262134191735438	0.530385912465769
0.026227114220132	0.922854585354617
0.0262408235839932	0.77625408563279
0.0262545472875907	0.0555306868731515
0.026268285353435	0.0503061356453696
0.0262820378040837	0.174850948027271
0.0262958046621415	0.495012519239571
0.0263095859502607	0.109124450953809
0.0263233816911409	1.00412920947783
0.0263371919075296	0.275916116141125
0.0263510166222218	1.62913687131157
0.0263648558580606	1.50655953254235
0.0263787096379369	0.352371720293817
0.0263925779847899	1.2072335886949
0.0264064609216071	0.0984348385120205
0.0264203584714242	0.642089338813214
0.0264342706573257	0.323343616465401
0.0264481975024443	0.502837668739649
0.026462139029962	0.402356313895905
0.0264760952631094	1.92217337537218
0.0264900662251661	0.187830003897162
0.026504051939461	1.85124782066133
0.0265180524293723	1.52849640034755
0.0265320677183276	0.569701285943615
0.0265460978298039	1.90187442071333
0.0265601427873281	0.200901146555286
0.0265742026144769	1.9905929822779
0.0265882773348767	1.28602280040658
0.0266023669722042	0.760214110185053
0.0266164715501864	0.966690859102467
0.0266305910926004	1.89746804514374
0.0266447256232739	0.785769658430437
0.0266588751660853	1.58935450416061
0.0266730397449636	1.17237551949746
0.0266872193838887	1.11867267830247
0.0267014141068916	3.29499687551379
0.0267156239380545	0.102100049998452
0.0267298489015106	2.71192218439511
0.026744089021445	1.15539302529957
0.0267583443220939	1.22838022709509
0.0267726148277455	1.31979574902915
0.0267869005627397	0.611408944971776
0.0268012015514685	1.07479469828399
0.0268155178183758	1.31861296122241
0.026829849387958	0.727551493861842
0.0268441962847637	0.74172485996019
0.0268585585333943	2.5762418047954
0.0268729361585035	0.00314360757455927
0.0268873291847982	1.96304176411905
0.026901737637038	0.265568282232167
0.0269161615400356	1.12494222603133
0.0269306009186572	1.032700134852
0.0269450557978221	0.0206790965323172
0.0269595262025032	0.228305192766654
0.0269740121577273	0.2946112771915
0.0269885136885746	0.243622898489929
0.0270030308201798	0.320604876448684
0.0270175635777311	0.373847859733457
0.0270321119864715	0.499114447168599
0.027046676071698	0.641267966583161
0.0270612558587624	0.865712015774357
0.0270758513730711	0.925232960956883
0.0270904626400853	0.140467306112403
0.0271050896853213	0.496874997144817
0.0271197325343504	0.102450315619353
0.0271343912127993	0.501992718455706
0.02714906574635	0.273491017438757
0.0271637561607404	0.50926074449066
0.0271784624817638	0.400741018169034
0.0271931847352694	2.08932023520483
0.0272079229471627	0.209490015441286
0.0272226771434052	1.9480604309872
0.0272374473500148	1.4790751601839
0.0272522335930658	1.15922793097879
0.0272670358986893	2.3411357869847
0.0272818542930731	0.480582924835674
0.027296688802462	2.91967091386049
0.0273115394531579	1.44940380672635
0.02732640627152	1.87079264777525
0.0273412892839649	1.20355567423378
0.0273561885169668	3.36386337295771
0.0273711039970576	1.35587146948848
0.027386035750827	3.10592949871167
0.027400983804923	1.67272910321215
0.0274159481860517	2.79794547084006
0.0274309289209775	4.66693981317046
0.0274459260365233	0.568023323494812
0.027460939559571	4.44621927372151
0.0274759695170609	1.28367293807795
0.0274910159359926	3.56842709761725
0.0275060788434249	1.54239256435
0.0275211582664758	2.4877439259413
0.0275362542323228	1.52652837965495
0.0275513667682031	3.6812535476919
0.0275664959014139	1.17207756194702
0.0275816416593121	2.45402262098621
0.0275968040693148	3.44658551767783
0.0276119831588997	0.657072299326904
0.0276271789556047	3.35319129876209
0.0276423914870285	0.185148303057427
0.0276576207808304	2.51074294569744
0.0276728668647311	1.01086980080377
0.027688129766512	0.781596336377033
0.0277034095140162	0.40662832383022
0.027718706135148	1.65066021568283
0.0277340196578736	0.334103244871845
0.0277493501102209	0.920250915780736
0.0277646975202798	0.49190985957496
0.0277800619162025	0.629716616398355
0.0277954433262034	1.03390023761639
0.0278108417785594	0.0720727333891748
0.0278262573016104	0.573677756060041
0.0278416899237588	0.0550818000127139
0.0278571396734702	0.107898558263146
0.0278726065792735	0.0518223547784366
0.0278880906697609	0.250255656820071
0.0279035919735881	0.132791292337717
0.0279191105194746	0.239666012951438
0.027934646336204	0.19120251568331
0.0279501994526238	1.17329449725138
0.0279657698976458	0.17195555297266
0.0279813577002463	0.891964731215647
0.0279969628894662	0.709044639459965
0.0280125854944114	0.956170082164847
0.0280282255442526	1.40883924637395
0.0280438830682256	0.363404563889366
0.028059558095632	2.07549889940721
0.0280752506558383	0.953337296349707
0.0280909607782774	1.67413158313196
0.0281066884924477	0.672915110827637
0.0281224338279137	2.78062796147359
0.0281381968143064	1.08588198003855
0.0281539774813231	2.70450158905332
0.0281697758587279	0.960218126194281
0.0281855919763517	3.08197512553574
0.0282014258640922	3.3937324638318
0.0282172775519146	0.942506414198954
0.0282331470698516	3.43678297246645
0.0282490344480031	1.05431723392227
0.0282649397165371	3.9033827716589
0.0282808629056895	0.909801641748896
0.0282968040457643	2.82518132284861
0.0283127631671341	1.07638951065358
0.0283287403002398	4.36221861334375
0.0283447354755911	0.620455995491698
0.0283607487237668	3.33319961345469
0.0283767800754146	2.09719740479158
0.0283928295612518	1.93137146215349
0.028408897212065	2.50538804074657
0.0284249830587106	0.80871908038204
0.028441087132115	2.6621726906446
0.0284572094632747	0.925645754839796
0.0284733500832566	1.43248270137614
0.0284895090231978	0.552977364468337
0.0285056863143065	2.53201574776122
0.0285218819878616	0.208228038505904
0.0285380960752132	1.61930333525553
0.0285543286077828	0.151441725219867
0.0285705796170633	1.67594286130819
0.0285868491346194	0.658873765910346
0.0286031371920877	0.356563300576653
0.028619443821177	0.345154643328238
0.0286357690536685	0.574640653238209
0.0286521129214158	0.301157032560876
0.0286684754563453	0.178741660251647
0.0286848566904565	0.302208563608475
0.0287012566558219	0.278447556775495
0.0287176753845876	0.254160347743729
0.0287341129089731	0.157060196837073
0.0287505692612719	0.499276262727352
0.0287670444738512	0.194938724219211
0.0287835385791529	0.206622827411308
0.028800051609693	0.242016098463553
0.0288165835980622	0.623574678335357
0.0288331345769261	0.5962827656469
0.0288497045790256	0.191110348519684
0.0288662936371766	0.986371460803484
0.0288829017842706	0.513143935676055
0.028899529053275	0.914849649389062
0.028916175477233	0.280403888131152
0.0289328410892641	1.44557408263206
0.028949525922564	0.751622141747326
0.0289662300104051	1.40837144551887
0.0289829533861369	0.297053011252708
0.0289996960831855	2.2920096522921
0.0290164581350547	1.43203641163112
0.0290332395753255	1.05198750154374
0.0290500404376568	1.54144180259983
0.0290668607557854	1.12790829394371
0.0290837005635263	2.71028692061653
0.0291005598947729	0.513465512475561
0.0291174387834972	1.93560961054892
0.0291343372637501	0.974190340792811
0.0291512553696617	3.23107009080751
0.0291681931354412	0.198507576985112
0.0291851505953775	2.9236291186705
0.0292021277838393	0.660724616595125
0.0292191247352752	2.85475572100228
0.0292361414842141	0.907122966669047
0.0292531780652655	1.98439401364314
0.0292702345131194	1.65837958621141
0.0292873108625469	1.48353970551122
0.0293044071484003	1.16063754872945
0.0293215234056133	1.19939778822066
0.0293386596692012	2.11511014307096
0.0293558159742613	0.573550216435103
0.0293729923559729	1.51878703206299
0.0293901888495979	0.380811288986889
0.0294074054904807	2.42653487524677
0.0294246423140485	0.147371900404583
0.0294418993558117	1.34633974032521
0.0294591766513641	0.149687034433118
0.0294764742363829	1.68678227401399
0.0294937921466294	0.309760945540064
0.0295111304179489	0.605479393763298
0.0295284890862709	0.355106441171793
0.0295458681876096	0.880179931737618
0.0295632677580641	0.225831510393643
0.0295806878338185	0.568530951816529
0.0295981284511422	0.318866240939388
0.0296155896463903	0.624071253442974
0.0296330714560037	0.28781940141164
0.0296505739165092	0.302438800747491
0.0296680970645203	0.68803167856617
0.0296856409367368	0.361950377284529
0.0297032055699456	0.147648823766002
0.0297207910010205	0.626561450387362
0.0297383972669228	0.403488821697555
0.0297560244047014	0.616611247400575
0.0297736724514932	0.247707526424424
0.029791341444523	0.785618490420285
0.0298090314211043	0.92724259161872
0.0298267424186391	0.535398481937285
0.0298444744746183	0.342475742076439
0.0298622276266223	1.42781188630765
0.0298800019123206	0.653194801808076
0.0298977973694727	1.02151621480693
0.0299156140359279	0.649120484706204
0.0299334519496261	1.32855389334715
0.0299513111485973	1.8611736126875
0.0299691916709627	0.504813690457414
0.0299870935549344	1.33072221100641
0.0300050168388159	1.22890518146453
0.0300229615610023	1.94164511175472
0.0300409277599807	0.589447489597539
0.0300589154743301	1.85971808458316
0.0300769247427224	0.825261530719981
0.030094955603922	2.91530836412131
0.0301130080967861	0.246890973348607
0.0301310822602655	2.65739124402509
0.0301491781334045	0.96938640681129
0.0301672957553413	2.13325855307206
0.030185435165308	0.786820910078673
0.0302035964026313	1.7581737064766
0.0302217795067327	1.40618123164235
0.0302399845171284	1.60857646532372
0.0302582114734301	0.80311794346002
0.0302764604153451	1.69258128476154
0.0302947313826762	2.24623701582037
0.0303130244153228	0.577264871851091
0.0303313395532805	1.96804229454883
0.0303496768366415	0.375451863924135
0.0303680363055952	2.54255421377998
0.0303864180004283	0.328900738571045
0.030404821961525	0.973706016563011
0.0304232482293674	0.595344028661659
0.0304416968445359	1.70440676628
0.0304601678477094	0.11150372301094
0.0304786612796653	1.44687897998351
0.0304971771812806	0.173001070474007
0.0305157155935311	1.68509955243089
0.0305342765574928	0.547576458865318
0.0305528601143415	0.666566911387354
0.0305714663053532	0.88053278647871
0.0305900951719046	0.510457522241656
0.0306087467554733	0.215291522064572
0.0306274210976382	0.715714215096244
0.0306461182400797	0.438829171633178
0.0306648382245799	0.723976323515601
0.0306835810930233	0.480491264293546
0.0307023468873965	0.662507401591804
0.0307211356497893	1.43880046624242
0.0307399474223944	0.170688377228539
0.0307587822475078	0.599538024962898
0.0307776401675293	0.714611329055952
0.0307965212249629	0.660037243273087
0.0308154254624167	0.783905887676291
0.0308343529226038	0.396986159807651
0.0308533036483419	1.01787780443451
0.0308722776825544	1.54166335414556
0.0308912750682702	0.291415184435961
0.0309102958486241	1.06351395030174
0.0309293400668573	1.02093813166206
0.0309484077663177	1.01478310013403
0.03096749899046	0.933946365488213
0.0309866137828463	0.684725996939068
0.0310057521871462	1.34792711665415
0.0310249142471375	1.93242894187157
0.031044100006706	0.247123633630087
0.0310633095098463	1.93369575761229
0.0310825428006619	0.740637934251795
0.0311017999233656	1.62149893083712
0.0311210809222799	0.628470198572438
0.0311403858418372	1.1957918504847
0.0311597147265802	1.01249657498095
0.0311790676211623	1.99091797690121
0.0311984445703479	0.145662835953474
0.0312178456190129	2.30511798722047
0.0312372708121445	1.12023983220561
0.0312567201948423	1.08682607609963
0.0312761938123183	1.37947006079087
0.0312956917098969	0.594785816294372
0.0313152139330159	1.97083688567999
0.0313347605272266	0.474695513118676
0.0313543315381938	0.54612464496326
0.0313739270116966	0.970378293849562
0.0313935469936288	1.55980146124758
0.0314131915299988	0.150816793737841
0.0314328606669303	1.63506419251079
0.0314525544506627	0.0246936273054077
0.0314722729275513	2.22904524220983
0.0314920161440676	0.375418299931364
0.0315117841468	0.818472606153746
0.0315315769824537	0.608189079072659
0.0315513946978517	0.65003238802313
0.0315712373399343	0.121069648919439
0.0315911049557603	0.801004795521726
0.0316109975925069	0.243990594371928
0.0316309152974702	0.939021941256708
0.0316508581180657	0.605877439432596
0.0316708261018285	0.778345579702439
0.0316908192964135	1.51273916193909
0.0317108377495964	0.0353700533234039
0.0317308815092735	0.65238192113508
0.0317509506234621	0.237377564641117
0.0317710451403014	0.640394070032453
0.0317911651080522	0.455870932899792
0.031811310575098	0.238008561901061
0.0318314815899447	0.492343254202447
0.0318516782012215	1.27455410926871
0.0318719004576809	0.0547402007507776
0.0318921484081995	0.887801188912677
0.0319124221017781	0.46052360766682
0.0319327215875421	0.545028251402625
0.031953046914742	0.845054852678764
0.031973398132754	0.0676031490844907
0.0319937752910798	1.2778878005826
0.0320141784393476	0.738878359984308
0.0320346076273124	0.189773149258645
0.0320550629048559	0.714905397199965
0.0320755443219876	0.508040448172435
0.0320960519288448	0.475460815218066
0.032116585775693	0.525292231107293
0.0321371459129268	0.181701059317715
0.0321577323910693	0.990244494453012
0.0321783452607737	1.25393433633412
0.0321989845728229	0.119841902311296
0.0322196503781302	1.48578830563664
0.0322403427277398	0.127967708964219
0.0322610616728268	0.812646217403647
0.0322818072646983	0.289049237625496
0.0323025795547933	0.437087558536972
0.0323233785946834	0.593418539447935
0.0323442044360727	0.436159636415089
0.0323650571307993	0.00219757029846447
0.0323859367308344	1.22869278030989
0.0324068432882839	0.445620484669521
0.0324277768553881	0.506111271115484
0.0324487374845224	0.62432273572475
0.0324697252281976	0.354705590191233
0.0324907401390608	1.33664747553397
0.032511782269895	0.0156595974347827
0.0325328516736204	0.511456324338232
0.0325539484032943	0.247583980600885
0.0325750725121118	0.462822209032552
0.0325962240534061	0.0854125608829301
0.0326174030806489	0.653631677496707
0.0326386096474512	0.0465915089501812
0.0326598438075634	1.169995202763
0.0326811056148758	0.15487138703926
0.0327023951234192	1.35546518852657
0.0327237123873654	0.765664996585003
0.0327450574610272	0.24330865884019
0.0327664303988596	0.427933420544614
0.0327878312554596	0.251834913523208
0.032809260085567	0.611198493332829
0.0328307169440647	0.301306860384416
0.0328522018859796	0.143866651907881
0.0328737149664824	0.647275638314508
0.0328952562408884	1.13147174441506
0.0329168257646583	0.0251031058230775
0.032938423593398	1.07130940903421
0.0329600497828596	0.0849829672132277
0.0329817043889418	0.940539480231638
0.0330033874676901	0.529827447589501
0.0330250990752976	0.303948713845001
0.0330468392681054	1.10173289865389
0.033068608102603	0.229759600501924
0.0330904056354288	0.190224514521174
0.0331122319233707	0.491992570488811
0.0331340870233666	0.475527975958282
0.0331559709925045	0.270697387324465
0.0331778838880237	0.645370592145449
0.0331998257673148	0.0633528648358671
0.0332217966879202	1.70163835886264
0.0332437967075348	0.460030377721556
0.0332658258840065	0.71883939276802
0.0332878842753365	0.595145328635234
0.03330997193968	0.238601489043707
0.0333320889353468	0.453882104547463
0.0333542353208014	0.113607181445375
0.033376411154664	0.327506916773402
0.0333986164957107	0.63211541058364
0.033420851402874	0.397439732926972
0.0334431159352438	0.572118807230749
0.0334654101520672	1.56265641880932
0.0334877341127496	0.0181728370715557
0.0335100878768548	1.19850591707373
0.0335324715041061	0.0136892968926154
0.0335548850543861	1.39915029499815
0.0335773285877379	0.567712779385849
0.0335998021643652	0.377886545862483
0.0336223058446331	0.467322568202571
0.0336448396890682	1.26453464971741
0.03366740375836	0.375773236604256
0.0336899981133605	1.00100435058965
0.0337126228150853	0.686593092039645
0.033735277924714	1.07710196935704
0.0337579635035909	1.6597154064982
0.0337806796132251	0.150881999021159
0.0338034263152917	2.37009401819536
0.0338262036716318	0.555435688837167
0.0338490117442535	1.2645322941185
0.033871850595332	0.574187165719094
0.0338947202872107	1.34042730884639
0.0339176208824012	1.19012622650023
0.0339405524435844	1.20369687519736
0.0339635150336107	0.422540728575522
0.0339865087155007	2.12245567429609
0.0340095335524458	1.62618324571601
0.0340325896078088	0.580083852304712
0.0340556769451244	1.93890044391065
0.0340787956280998	0.462580937392717
0.0341019457206154	2.43303717858071
0.0341251272867252	0.620939319264642
0.0341483403906574	1.09697320818784
0.0341715850968153	1.69406262918861
0.0341948614697776	1.07149600700101
0.034218169574299	0.526271034514753
0.0342415094753109	1.42529417032695
0.034264881237922	1.00638479146459
0.0342882849274189	1.11746000440194
0.0343117206092667	1.34504192831969
0.0343351883491096	0.413396335936742
0.0343586882127714	2.8322570861127
0.0343822202662563	0.30936719013628
0.0344057845757495	1.17791455148765
0.0344293812076178	0.567134830985012
0.03445301022841	1.18824889646418
0.034476671704858	0.459811916303705
0.0345003657038768	0.791863911923531
0.0345240922925658	0.332329751591024
0.0345478515382089	1.82047715065308
0.0345716435082754	0.701007641899866
0.0345954682704207	1.05635937846668
0.0346193258924866	1.76892129497319
0.0346432164425023	0.440388834910769
0.034667139988685	1.46797498111253
0.0346910965994403	0.291892297665707
0.0347150863433631	1.97106485673435
0.0347391092892382	0.668555072207503
0.0347631655060408	1.05010687425514
0.0347872550629375	0.523955620471772
0.0348113780292865	2.60517012133312
0.0348355344746387	0.55907199092565
0.0348597244687382	1.8109071123614
0.0348839480815227	0.702895786188385
0.0349082053831249	2.53820143133582
0.0349324964438722	1.82670761722603
0.0349568213342882	0.862191650955934
0.0349811801250931	2.46447966850253
0.035005572887204	1.48215525540114
0.0350299996917364	2.26950021646673
0.0350544606100041	0.9938332406344
0.0350789557135203	2.54487518709526
0.0351034850739985	1.95322145435497
0.0351280487633525	2.71213788882381
0.0351526468536978	0.820441989584164
0.035177279417352	3.65575637632929
0.0352019465268355	2.39673736399564
0.0352266482548722	1.77890828903836
0.0352513846743904	2.50037454377296
0.0352761558585232	1.71675459640381
0.0353009618806097	3.80896215376307
0.0353258028141951	1.4428190808877
0.035350678733032	1.83745429714103
0.0353755897110808	2.58183543861354
0.0354005358225106	2.92267863763368
0.0354255171416996	1.15856014711895
0.0354505337432364	2.54815589592674
0.0354755857019203	1.92818892693391
0.0355006730927622	2.42167806680662
0.0355257959909853	2.19507828192861
0.035550954472026	0.923120679266759
0.0355761486115344	3.4274765984956
0.0356013784853753	1.31995928163723
0.0356266441696288	1.44683031438032
0.0356519457405911	0.944628955101003
0.0356772832747754	2.57299637958425
0.0357026568489124	0.814163852924368
0.0357280665399515	1.70146131719509
0.035753512425061	0.417258285673347
0.0357789945816294	2.3958818336618
0.035804513087266	1.474379562916
0.0358300680198015	0.527768070609045
0.0358556594572891	1.44875497999455
0.0358812874780051	0.820739282869763
0.0359069521604498	1.48962399595154
0.0359326535833483	0.245869834181532
0.035958391825651	1.4587724798916
0.035984166966535	0.516430539959036
0.0360099790854045	1.25163065929922
0.0360358282618914	0.0719506176223858
0.0360617145758569	1.85521134735045
0.0360876381073914	0.574686681026767
0.036113598936816	0.888060681991686
0.036139597144683	0.19702036000339
0.036165632811777	1.79140752983087
0.0361917060191153	0.89562448402496
0.0362178168479492	0.646090119607165
0.0362439653797646	0.740838986964479
0.0362701516962828	1.22713176363296
0.0362963758794615	1.60873225936797
0.0363226380114957	0.356643179269087
0.0363489381748184	1.54511352007805
0.0363752764521013	1.13470635834811
0.0364016529262564	2.1570312701138
0.0364280676804358	0.301339040810292
0.0364545207980335	2.4086912612272
0.0364810123626858	1.42954720984567
0.0365075424582722	1.64731859970756
0.0365341111689165	1.09542924988548
0.0365607185789875	1.81208163107476
0.0365873647731001	2.651141091288
0.0366140498361158	1.35087408540974
0.0366407738531441	1.32497994491996
0.036667536909543	1.9040383103357
0.0366943390909201	3.21658946790707
0.0367211804831335	1.00345469246454
0.0367480611722929	2.07169846319008
0.0367749812447599	1.69159639471599
0.0368019407871496	2.81217459430888
0.0368289398863315	1.81258647584701
0.0368559786294296	1.39468447483842
0.0368830571038246	2.11028287206231
0.0369101753971538	2.64476264453278
0.0369373335973124	1.72537169549462
0.0369645317924548	0.994261534918237
0.0369917700709949	3.30498906691214
0.0370190485216076	1.16645538145137
0.0370463672332294	2.31070722316771
0.0370737262950597	0.689500739449191
0.0371011257965615	2.33871946600366
0.0371285658274624	2.05825749189448
0.0371560464777557	1.02915797303179
0.0371835678377015	0.821180614116775
0.0372111299978272	1.73265702875301
0.037238733048929	2.30175235043048
0.0372663770820728	0.250123582277463
0.0372940621885949	1.61755273013812
0.0373217884601033	0.443820620593087
0.0373495559884787	1.91608007907959
0.0373773648658753	0.518620363697512
0.0374052151847222	0.459809192749682
0.0374331070377239	0.973538293226987
0.0374610405178617	0.815778183857643
0.0374890157183948	0.315160407464482
0.037517032732861	0.464089711181747
0.037545091655078	0.760246241846454
0.0375731925791444	0.203340515316655
0.0376013355994408	0.49386794881571
0.0376295208106305	0.0433911341603936
0.0376577483076611	0.7909355805999
0.0376860181857652	0.290911006383829
0.0377143305404617	0.0291137683496733
0.0377426854675567	0.0013119620674602
0.0377710830631445	0.393694518696352
0.0377995234236089	0.235344420492432
0.0378280066456245	0.0648852116356467
0.037856532826157	0.00436025451862176
0.0378851020624652	0.18228359651286
0.0379137144521016	0.151994871832063
0.0379423700929135	0.452659187758313
0.0379710690830445	0.270890950162262
0.0379998115209351	0.107111658890513
0.0380285975053243	0.115451911807786
0.0380574271352503	0.460080234212516
0.038086300510052	0.823110362879419
0.03811521772937	0.0540382949859647
0.0381441788931477	0.181725490803028
0.0381731841016325	0.262035463646543
0.038202233455377	0.985673994793277
0.0382313270552399	0.124412323349012
0.0382604650023877	0.652639969391051
0.0382896473982953	0.0856687737546964
0.0383188743447475	1.88987478987127
0.0383481459438402	1.08800815018465
0.0383774622979813	0.321392151909186
0.0384068235098923	1.73147808399549
0.0384362296826092	0.532703329563756
0.0384656809194839	1.23134896194116
0.0384951773241851	0.298373785263129
0.0385247190006998	1.30986878955117
0.0385543060533347	0.953118783221542
0.0385839385867169	2.28659554379434
0.0386136167057954	0.16304117830314
0.0386433405158425	2.34725235171517
0.0386731101224548	2.69083399758041
0.0387029256315546	0.499675586529642
0.038732787149391	2.01379494096173
0.0387626947825415	0.735203983662475
0.0387926486379127	2.5441791088529
0.0388226488227422	1.88351212936008
0.0388526954445994	1.08422895886934
0.038882788611387	1.4209047007905
0.0389129284313423	3.84898329713915
0.0389431150130384	1.40795419165128
0.0389733484653857	1.60887310570431
0.0390036288976329	2.46181804230134
0.0390339564193686	1.65438824131484
0.0390643311405224	3.67401362147238
0.0390947531713666	0.890430702568544
0.0391252226225169	2.03766815812574
0.0391557396049345	3.44478999147111
0.0391863042299266	1.93158976485185
0.0392169166091487	1.50774330440047
0.0392475768546052	1.98104551440024
0.0392782850786511	2.69843001847512
0.0393090413939932	2.15374939914052
0.0393398459136917	1.73755015004785
0.0393706987511616	1.1350432219209
0.0394016000201738	3.71421691990701
0.0394325498348567	1.67183836125952
0.0394635483096975	1.38216694550137
0.0394945955595438	1.62523812480144
0.0395256916996049	1.70584600039146
0.0395568368454532	2.69170766832717
0.0395880311130256	0.425533249806292
0.0396192746186251	1.16404626474768
0.039650567478922	1.62272889296339
0.0396819098109556	1.48601750558505
0.0397133017321356	0.136300977394963
0.0397447433602434	1.66708339843711
0.0397762348134337	0.166622398390047
0.0398077762102362	2.03862125960099
0.0398393676695565	0.969111049618162
0.0398710093106783	1.03568306244157
0.0399027012532642	1.44556483082663
0.0399344436173579	0.0348250413112678
0.0399662365233852	0.103189603480467
0.0399980800921558	0.0687370867885268
0.0400299744448645	0.241275854177172
0.0400619197030933	0.0773799866824875
0.0400939159888124	0.3233731059433
0.040125963424382	1.40361737134604
0.0401580621325539	1.15989381984706
0.040190212236473	1.17745475097233
0.0402224138596787	1.15131017822548
0.0402546671261068	0.0421725111537074
0.0402869721600909	0.724152408480349
0.0403193290863642	0.17130646427166
0.0403517380300606	1.00335071377461
0.040384199116717	1.18035851613882
0.0404167124722743	1.76513531003246
0.0404492782230796	0.549440565302754
0.0404818964958872	4.89569292522439
0.0405145674178609	0.968654397188388
0.0405472911165752	2.32202585932986
0.0405800677200172	2.22978502889026
0.0406128973565879	2.26962203589203
0.0406457801551045	4.67570999503373
0.0406787162448014	1.96134418974461
0.0407117057553326	2.22778135859791
0.0407447488167727	5.35533080118757
0.040777845559619	4.0346303227006
0.0408109961147933	2.85835892011817
0.0408442006136434	4.51278690658524
0.0408774591879449	3.84605780171162
0.0409107719699029	6.3181088409273
0.0409441390921539	3.95713252254955
0.0409775606877675	3.654049526968
0.0410110368902481	7.26415710056764
0.0410445678335365	4.95433372248305
0.0410781536520123	4.40366552276782
0.0411117944804951	5.41921220408346
0.0411454904542464	4.65248632102092
0.0411792417089716	7.51325292818199
0.0412130483808219	3.83854521605547
0.0412469106063957	3.95153626251452
0.0412808285227409	7.13079935551748
0.0413148022673565	5.60102499591906
0.0413488319781944	2.81654339040819
0.0413829177936616	6.99749702747072
0.0414170598526217	2.19355435326832
0.0414512582943969	8.46354230885448
0.0414855132587702	3.64122788656662
0.0415198248859867	3.34104010008093
0.0415541933167561	6.28539711137765
0.0415886186922543	2.61210742356703
0.0416231011541255	2.48961788919042
0.0416576408444838	2.65013385862847
0.0416922379059157	3.26819827305309
0.0417268924814817	1.68365888206199
0.0417616047147182	4.85837365519938
0.0417963747496398	0.0877969041272197
0.041831202730741	6.34331004360363
0.0418660888029984	1.33605367347894
0.0419010331118725	1.1208726066301
0.04193603580331	0.977556716790475
0.0419710970237457	0.656693745839062
0.0420062169201043	0.594338712205756
0.0420413956398029	0.413684173800723
0.0420766333307527	0.16328079851533
0.0421119301413614	1.73837902849551
0.0421472862205349	1.80592456151094
0.0421827017176797	1.49081907866516
0.0422181767827048	0.757422997289998
0.0422537115660241	0.426106126500497
0.042289306218558	0.406522304656946
0.0423249608917362	0.446888142025432
0.0423606757374995	0.997637331693574
0.0423964509083017	0.428699075677472
0.0424322865571122	0.121480430097555
0.0424681828374183	2.25184464665452
0.0425041399032267	1.80639670171402
0.0425401579090662	0.879488173442668
0.0425762370099902	2.19749503411464
0.042612377361578	0.897303901746807
0.0426485791199381	4.1855998899305
0.0426848424417097	1.6025093486079
0.0427211674840651	2.20513871057331
0.0427575544047123	3.6968680553393
0.042794003361897	3.64838230107416
0.0428305145144048	2.350695613453
0.0428670880215639	4.34470606387431
0.042903724043247	2.61653915666046
0.0429404227398739	6.40066896721954
0.0429771842724135	3.99647906851184
0.0430140088023868	2.73893038504474
0.0430508964918686	7.31876928138397
0.0430878475034902	4.99392865459788
0.0431248620004417	3.72860238180033
0.0431619401464744	7.13658688240287
0.0431990821059035	2.86227512208527
0.0432362880436099	9.45828766072549
0.0432735581250433	5.92931925796689
0.0433108925162243	3.72055234350916
0.0433482913837469	8.42104927379149
0.0433857548947809	5.49344299036079
0.0434232832170748	4.46490176227747
0.0434608765189577	5.7512383891468
0.0434985349693423	5.79764695751589
0.0435362587377272	4.23918819557841
0.0435740479941995	10.2962534980117
0.0436119029094373	0.648669074560418
0.0436498236547125	11.1263551126327
0.0436878104018929	4.22919628407326
0.0437258633234455	3.90061373970992
0.0437639825924383	4.07273307359057
0.0438021683825436	3.94567752437874
0.0438404208680404	3.6314519434761
0.0438787402238167	4.33676667540491
0.0439171266253729	2.86145013076941
0.0439555802488238	3.2963920916282
0.0439941012709016	8.11354052305326
0.0440326898689587	0.166266898110073
0.0440713462209702	4.7871922258171
0.0441100705055367	0.910910820528866
0.0441488629018871	3.02949058955179
0.0441877235898814	1.91867099757752
0.0442266527500133	0.958268214190433
0.0442656505634132	0.783780707370641
0.044304717211851	2.63470738687417
0.0443438528777387	1.32804473137846
0.0443830577441334	1.0470210777334
0.0444223319947404	1.60187768083923
0.0444616758139154	0.250858863896662
0.0445010893866682	1.88814915888256
0.0445405728986648	0.256581359860939
0.0445801265362311	0.618556859209509
0.0446197504863553	0.546135346881528
0.0446594449366908	0.258160565210317
0.0446992100755595	0.11980376370627
0.0447390460919548	0.277481824443378
0.0447789531755442	0.29279409883821
0.0448189315166726	0.288570789797149
0.0448589813063653	1.31707937117568
0.0448991027363309	0.316921187593948
0.0449392959989646	0.520267465981084
0.044979561287351	1.34898208100654
0.0450198987952675	0.241966080831134
0.045060308717187	0.499552308484068
0.0451007912482816	0.94879683520317
0.0451413465844251	0.155714273081514
0.0451819749221966	2.5204531099325
0.0452226764588835	2.03889257971843
0.0452634513924848	0.377687451122459
0.0453042999217141	2.56953136473664
0.0453452222460032	1.76279421540447
0.045386218565505	1.08030397153752
0.0454272890810967	2.24424658587825
0.0454684339943837	1.68910495450186
0.045509653507702	1.97303831371873
0.0455509478241223	5.70605292567583
0.0455923171474528	0.347234741998192
0.0456337616822429	5.53123093390141
0.0456752816337865	3.45788082575387
0.0457168772081251	2.82009324704683
0.0457585486120516	3.28315309875848
0.0458002960531136	3.57095419967858
0.0458421197396167	3.57780731807666
0.0458840198806281	5.47938371199965
0.04592599668598	4.22469441306396
0.0459680503662733	3.20576057224888
0.046010181132881	9.80601934090353
0.0460523891979515	1.92865528586861
0.0460946747744126	7.3021722063893
0.0461370380759747	3.39327605420251
0.0461794793171347	6.67736667909515
0.0462219987131795	6.22117859000039
0.0462645964801894	5.04098460934205
0.0463072728350423	4.15078803907745
0.0463500279954168	8.57889059687447
0.0463928621797964	5.98553021995422
0.0464357756074727	5.67361675268846
0.0464787684985498	6.83858123619547
0.0465218410739473	4.76730919054813
0.0465649935554048	10.2508951372538
0.0466082261654852	3.25436555070791
0.0466515391275788	6.89964628925432
0.046694932665907	5.61438630889572
0.0467384070055262	7.12954688577671
0.0467819623723319	3.71544964150049
0.0468255989930622	7.12032410719969
0.0468693170953021	3.35996969957688
0.0469131169074872	8.63884488785681
0.046956998658908	4.21482427408647
0.0470009625797135	3.62804224714453
0.0470450089009156	7.32005395469708
0.0470891378543927	2.87455484545672
0.0471333496728944	4.44908482720834
0.047177644590045	2.90525897588094
0.0472220228403479	3.27770851628816
0.0472664846591896	3.58037978226113
0.0473110302828441	3.65558600134979
0.0473556599484769	0.954081423198904
0.0474003738941491	4.48148097916986
0.047445172358822	1.64577224267099
0.0474900555823609	1.25632110632487
0.0475350238055398	1.72151588353931
0.0475800772700453	0.732980819199408
0.0476252162184815	1.54485077204429
0.0476704408943736	0.699804733128292
0.0477157515421729	0.0935762747417008
0.047761148407261	1.63553795772023
0.0478066317359542	0.248798728213465
0.0478522017755079	0.192560914710993
0.0478978587741212	0.223506619462496
0.0479436029809413	0.135725956902191
0.0479894346460681	0.30221083888046
0.0480353540205589	0.0681188702975371
0.0480813613564327	0.861280434459496
0.0481274569066749	1.28003557611614
0.048173640925242	0.0930778758793475
0.0482199136670664	2.38353280293218
0.0482662753880607	0.994729231875883
0.0483127263451227	2.47638001447625
0.0483592667961403	1.32796410859158
0.0484058969999959	2.66710792056696
0.0484526172165714	4.07575922268167
0.0484994277067528	3.65304913601554
0.0485463287324357	2.8707002055432
0.0485933205565294	5.90389922037447
0.0486404034429621	5.72973930622394
0.0486875776566861	6.20569992512147
0.0487348434636826	5.95073072141082
0.0487822011309663	6.74671854845768
0.0488296509265912	11.3407178109006
0.048877193119655	6.62262684742466
0.0489248279803046	8.92720483789192
0.0489725557797408	9.03123067454026
0.0490203767902239	13.0774964401208
0.0490682912850787	9.05353478807264
0.0491162995386995	12.5635883677589
0.0491644018265556	9.06293883377746
0.0492125984251966	17.8895109848041
0.0492608896122574	11.2845223867468
0.0493092756664639	11.6106656583477
0.049357756867638	16.1413666623627
0.0494063334967033	13.3030501160404
0.0494550058356904	16.14149060229
0.0495037741677423	11.1269622993601
0.0495526387771199	16.0285788906506
0.0496015999492077	15.0862694024191
0.0496506579705191	16.831500692746
0.0496998131287024	9.51034687517601
0.0497490657125456	18.5469257137456
0.0497984160119832	13.774404300165
0.0498478643181009	13.4601835429236
0.0498974109231417	13.0814846236082
0.049947056120512	11.7161108528068
0.0499968002047866	15.9583681450864
0.0500466434717153	10.4660764615584
0.0500965862182284	9.83581891764356
0.0501466287424426	10.9666306942004
0.0501967713436669	12.5545548866627
0.0502470143224086	7.45377475837528
0.0502973579803797	8.01350000618553
0.0503478026205021	7.17632221140331
0.0503983485469145	9.14085975820477
0.050448996064978	5.42150627238827
0.0504997454812824	4.67607945622262
0.0505505971036527	5.0721219054839
0.0506015512411545	5.02143981181132
0.0506526082041013	3.0775745220204
0.05070376830406	1.7189535681854
0.0507550318538576	3.34850424912407
0.0508063991675876	1.87299168889204
0.0508578705606161	1.34322048632028
0.0509094463495887	0.456410540518599
0.0509611268524366	1.78940666412735
0.0510129123883834	0.466909488638693
0.0510648032779515	0.348598792707477
0.0511167998429688	0.522798073777784
0.0511689024065754	1.41219827073832
0.0512211112932302	0.63525850417468
0.0512734268287177	1.31713515241658
0.0513258493401545	2.4058973754154
0.0513783791559967	2.18123555400216
0.0514310166060463	1.94544417400278
0.051483762021458	2.9122482845224
0.0515366157347468	5.44382703766828
0.0515895780797942	5.07704624436864
0.0516426493918558	4.86196238410961
0.0516958300075679	5.36669099854383
0.0517491202649551	11.6359312331102
0.0518025205034372	7.29039699041845
0.0518560310638364	9.17550113465432
0.0519096522883847	10.6432709945208
0.0519633845207309	13.4137022226447
0.0520172281059483	15.5965125323924
0.0520711833905418	9.84428206349859
0.0521252507224555	17.5451335412186
0.0521794304510803	16.8392420130459
0.052233722927261	19.7342934768055
0.0522881285033042	13.423885134445
0.0523426475329859	20.7179749827014
0.0523972803715591	21.1503012647714
0.0524520273757617	21.3799173542748
0.0525068889038237	18.7174928830665
0.0525618653154759	21.1743585479686
0.0526169569719568	27.4663806978056
0.0526721642360214	18.3675454564683
0.0527274874719485	22.6642488534659
0.0527829270455491	18.0751685885246
0.0528384833241742	27.954260431731
0.0528941566767231	19.9574540634021
0.0529499474736516	18.5799778168895
0.05300585608698	18.9837652029189
0.0530618828903015	25.972183492173
0.0531180282587905	16.8808009193043
0.0531742925692112	18.2511406886556
0.0532306761999254	16.1590413490483
0.0532871795309018	17.9794698608979
0.0533438029437239	19.4530840655568
0.0534005468215989	8.1381388809469
0.0534574115493663	16.394023011054
0.0535143975135065	12.3348393419891
0.0535715051021496	12.1561731183092
0.0536287347050843	5.93067496030994
0.0536860867137667	10.7924524011219
0.0537435615213292	6.59701113766495
0.0538011595225895	8.95565606517257
0.0538588811140596	3.33320763720572
0.0539167266939552	4.15225109593016
0.0539746966622042	7.48631358192557
0.0540327914204567	1.50013284270389
0.0540910113720937	2.22890968611271
0.0541493569222366	0.774242306727489
0.0542078284777569	2.00452165381933
0.054266426447285	0.760495219545768
0.0543251512412205	0.381091072116421
0.054384003271741	0.11925192564044
0.0544429829528126	0.525338084020503
0.0545020907001987	0.954454205253318
0.0545613269314704	0.726882982846442
0.0546206920660161	0.389324475885563
0.0546801865250517	0.745723766485737
0.0547398107316298	1.18271186402583
0.0547995651106507	3.71371549612443
0.0548594500888717	3.33903697883486
0.0549194660949178	1.12757671667334
0.0549796135592916	6.10373756691614
0.0550398929143837	5.24162153085445
0.0551003045944832	6.22113823746047
0.0551608490357877	5.05018504417757
0.0552215266764145	6.52045745176345
0.0552823379564103	11.0416565455123
0.0553432833177628	10.6776780685108
0.0554043632044104	6.32130060190017
0.0554655780622539	12.1796599325487
0.0555269283391667	16.3217665051959
0.055588414485006	9.29200316043931
0.0556500369516239	16.0917357275849
0.055711796192878	8.84203692236675
0.0557736926646433	19.9388827239213
0.0558357268248225	16.2472807739617
0.0558978991333583	10.9799422440872
0.0559602100522438	14.2225275046436
0.0560226600455345	22.7667838634372
0.0560852495793599	12.5832558955133
0.0561479791219347	17.0847173737004
0.0562108491435708	13.8271817632884
0.0562738601166888	17.0726974231287
0.05633701251583	23.8704396656458
0.0564003068176684	7.5994969638557
0.0564637435010224	17.981928108446
0.0565273230468672	16.3307596979446
0.0565910459383467	16.5291189371985
0.0566549126607859	9.18998033944228
0.0567189237017031	15.7937778629342
0.0567830795508224	9.63839933365687
0.0568473807000861	19.9774222335033
0.0569118276436674	8.82295883488976
0.0569764208779831	9.14595233550314
0.0570411609017059	17.8365679423424
0.0571060482157778	7.59394315225101
0.0571710833234229	10.1529042236211
0.05723626673016	6.01256621422288
0.0573015989438161	10.2231132191578
0.0573670804745397	8.75367271471143
0.0574327118348135	8.63728276304136
0.0574984935394685	2.4225609493203
0.0575644261056967	11.8634999211048
0.0576305100530653	6.68696722225268
0.0576967459035302	3.87300522804727
0.0577631341814493	5.64179447833583
0.057829675413597	2.91194823492763
0.0578963701291775	8.2588632302214
0.0579632188598394	4.10758359605275
0.0580302221396895	1.32769900210953
0.0580973805053069	5.46664255332314
0.0581646944957578	6.15867601136958
0.0582321646526093	1.6105713024791
0.0582997915199446	3.29843919991067
0.0583675756443772	1.57865159912838
0.0584355175750654	3.69637151498942
0.0585036178637278	5.70895033501919
0.0585718770646578	0.849331239229027
0.0586402957347385	1.73708742915572
0.0587088744334585	6.67269321458611
0.0587776137229261	2.01377886029115
0.0588465141678858	2.47700644903203
0.058915576335733	2.40209420247673
0.0589848007965298	1.44443434301544
0.0590541881230207	5.92699296498314
0.0591237388906485	2.41283052682166
0.0591934536775699	0.581194332765093
0.0592633330646719	3.86257577260827
0.0593333776355877	4.7682710027262
0.0594035879767128	0.368452462323598
0.0594739646772219	4.06322142984691
0.0595445083290849	0.702210103472555
0.0596152195270834	5.07813313529606
0.0596860988688281	6.07050307650071
0.0597571469547748	0.109167400244898
0.059828364388242	3.52834306275649
0.0598997517754276	4.04921401837306
0.0599713097254263	3.08092100106066
0.0600430388502468	1.1960326976587
0.0601149397648293	4.03407281906577
0.0601870130870631	1.1438881803378
0.0602592594378042	9.56773568120009
0.0603316794408932	3.48500126234393
0.0604042737231734	2.92129053019269
0.0604770429145086	8.89758398673721
0.0605499876478015	3.91476627000711
0.0606231085590119	5.32373528923303
0.0606964062871755	3.49510609147952
0.0607698814744221	6.00783115696012
0.0608435347659947	7.83703237887592
0.0609173668102681	10.5979304262251
0.0609913782587682	1.49987166149937
0.061065569766191	15.2367822874002
0.0611399419904219	7.93993612320896
0.0612144955925552	7.85498645495186
0.0612892312369136	9.51089960430855
0.0613641495910682	6.54599516250334
0.0614392513258579	16.2568125661062
0.06151453711541	11.0393098162395
0.0615900076371598	4.99664786893717
0.0616656635718714	16.5648090288774
0.0617415056036579	16.1662934325777
0.061817534420002	7.99084962260056
0.061893750711777	15.1896178965962
0.0619701551732674	7.76781888922035
0.0620467485021903	18.7724181464244
0.0621235313997165	16.4193175373704
0.0622005045704919	6.30822718133291
0.0622776687226589	15.4978621651023
0.0623550245678785	21.6614725720947
0.0624325728213517	6.78485497976248
0.0625103142018421	17.9345412090217
0.0625882494316975	9.2042922264351
0.0626663792368727	16.3249028942736
0.0627447043469519	19.6442765056572
0.0628232254951714	5.02997557314342
0.0629019434184426	16.4963905949069
0.0629808588573749	18.5593099909625
0.0630599725562987	7.25739166786496
0.0631392852632896	11.7569228090717
0.0632187977301911	10.9577630843288
0.0632985107126387	10.1032979774004
0.0633784249700842	16.7996037845438
0.063458541265819	2.98883877459412
0.0635388603669992	11.0973621488669
0.0636193830446698	13.7431260983276
0.063700110073789	4.45938431635744
0.0637810422332537	5.66455476469546
0.0638621803059242	7.77735059078292
0.0639435250786493	3.83102591134598
0.0640250773422922	10.0068706769702
0.0641068378917557	0.537623288409628
0.0641888075260081	7.85317855850067
0.0642709870481095	5.7040104639149
0.0643533772652377	0.923280451224661
0.0644359789887148	1.6454880791448
0.0645187930340337	1.87337755792674
0.0646018202208853	1.35381594749456
0.064685061373185	1.25288110383933
0.0647685173191003	0.0789892133165051
0.0648521888910782	5.01711369452496
0.064936076925873	2.52772719228959
0.0650201822645737	2.48590220174356
0.0651045057526329	1.61308382121746
0.0651890482398945	1.30300232805176
0.0652738105806224	2.27471737948542
0.0653587936335294	0.618649781910856
0.0654439982618062	5.08916094340507
0.0655294253331504	7.19806253326811
0.0656150757197962	1.2213464332004
0.0657009502985439	10.1640065992592
0.0657870499507901	11.8973397697672
0.0658733755625574	4.98918710788421
0.0659599280245253	13.1513493025761
0.0660467082320605	5.14062965948101
0.0661337170852478	18.1220348281696
0.0662209554889214	19.002533906632
0.066308424352696	7.64964854324469
0.0663961245909987	19.2317084632235
0.0664840571231007	28.9869145406072
0.0665722228731494	11.7308226954485
0.066660622770201	28.869933887423
0.0667492577482526	16.7482707484994
0.0668381287462759	30.1879405344535
0.0669272367082496	37.524200894298
0.0670165825831932	15.209162821983
0.0671061673252007	33.9081822152454
0.0671959918934743	42.8093205801157
0.0672860572523592	24.1599904233212
0.0673763643713773	34.7534864613028
0.0674669142252627	32.7238268169325
0.0675577077939964	37.2990944598769
0.0676487460628418	46.8855587942219
0.0677400300223801	25.0269563508635
0.0678315606685467	36.4130487217576
0.0679233390026668	51.175537566713
0.0680153660314926	29.9363247713138
0.0681076427672396	35.2570736198783
0.0682001702276237	38.0489875705549
0.068292949435899	33.123491707895
0.0683859814208954	49.8273188519306
0.0684792672170562	17.8799049552474
0.068572807864477	39.2743746668868
0.0686666044089441	35.4904849966949
0.0687606579019736	28.2828994305552
0.0688549694008504	21.0650005429715
0.0689495399686682	29.3762466906141
0.069044370674369	21.7493886581158
0.069139462592784	29.7426903389833
0.0692348168046736	12.3657011561239
0.0693304343967686	19.8948498359994
0.0694263164618116	28.8806565558741
0.0695224640985984	6.47631289330907
0.0696188784120201	14.0438307495735
0.0697155605131053	7.03169683379088
0.0698125115190632	10.4800492544475
0.069909732553326	7.75975323079489
0.0700072247455926	2.48616463720984
0.0701049892318725	3.81440546609883
0.0702030271545297	10.8644838498276
0.0703013396623274	0.594794366359267
0.0703999279104726	4.91274851334822
0.0704987930606616	0.225903993428299
0.0705979362811255	2.62320755417008
0.0706973587466761	0.305740631011148
0.0707970616387526	2.18788940798309
0.0708970461454682	5.45099491682849
0.0709973134616574	1.07645409323197
0.0710978647889235	4.05052933149701
0.0711987013356865	12.9532536737318
0.0712998243172317	2.36389472109632
0.0714012349557586	13.2758111940945
0.0715029344804299	5.62326103483078
0.0716049241274212	16.4145384330659
0.0717072051399713	23.5323087451811
0.0718097787684324	9.6759553706315
0.0719126462703213	19.5800304724291
0.0720158089103708	35.8781278280456
0.0721192679605813	18.7532468853173
0.0722230247002733	29.4919317030009
0.0723270804161399	26.2523391546548
0.0724314364023004	36.3246950125445
0.0725360939603535	45.5834426183241
0.0726410543994317	28.8021105051503
0.0727463190362556	33.6353557211267
0.0728518891951895	59.3157954329206
0.0729577662082962	37.8682281453461
0.0730639514153937	41.9862573570411
0.0731704461641114	47.4485267225101
0.073277251809947	45.3108468140534
0.0733843697163242	68.4201765483346
0.0734918012546509	30.2205746102764
0.0735995478043771	55.5393351087594
0.0737076107530548	50.5619758102944
0.0738159914963966	57.0129144747836
0.0739246914383368	34.3621542900613
0.0740337119910911	53.3204758075099
0.0741430545752185	40.9803455741213
0.0742527206196824	62.2642034206253
0.0743627115619133	32.2204372899942
0.0744730288478713	42.2935798236275
0.0745836739321098	54.76823401827
0.0746946482778391	29.0860832456131
0.0748059533569908	38.0939544542193
0.0749175906502836	27.2214803619651
0.0750295616472879	35.8835138970448
0.0751418678464931	31.2375917044252
0.0752545107553736	24.092583337136
0.0753674918904567	14.7578364288496
0.0754808127773909	43.565103012367
0.0755944749510137	12.0803562741086
0.0757084799554217	19.7255862086365
0.0758228293440404	11.7548254928505
0.0759375246796944	14.2862060884306
0.0760525675346789	14.2626914836136
0.0761679594908313	6.13726574238097
0.0762837021396042	2.55067980889039
0.0763997970821378	12.1785333931819
0.0765162459293346	6.98104559814335
0.0766330503019331	0.657679396496887
0.0767502118305835	4.25966804938913
0.0768677321559235	0.0505355864547887
0.0769856129286548	2.32773284734154
0.0771038558096202	0.939233573537884
0.0772224624698821	0.883682813168572
0.0773414345908008	0.77710276356629
0.0774607738641141	2.37902464229691
0.0775804819920174	7.50760161350875
0.0777005606872448	1.01949883954152
0.0778210116731507	4.58347305590832
0.077941836683792	2.50118373730339
0.0780630374640118	9.91101357775922
0.0781846157695232	10.9801505451721
0.0783065733669936	6.77901432785851
0.0784289120341312	6.07367312500286
0.0785516335597704	23.4908533070971
0.0786747397439598	14.8299328059289
0.0787982323980498	12.9569053044098
0.0789221133447812	17.5029063163876
0.0790463844183756	19.6212323375959
0.0791710474646253	34.4758436825751
0.0792961043409849	11.4889701778718
0.0794215569166635	28.4366276869706
0.079547407072718	24.3012769709684
0.0796736567021469	40.7993646256886
0.0798003077099855	16.2006983505925
0.0799273620134012	34.7037107788358
0.0800548215417907	25.7290804388989
0.0801826882368778	45.9829156543131
0.0803109640528114	21.9774128147796
0.0804396509562655	31.7281511800982
0.0805687509265396	42.9289500867064
0.0806982659556601	31.0920483206233
0.0808281980484829	33.3585457593654
0.0809585492227969	24.6336656844924
0.081089321509428	38.6119637528792
0.0812205169523453	35.3384189730998
0.0813521376087668	31.7740837905795
0.0814841855492676	16.9861505283153
0.081616662857888	51.690551930083
0.0817495716322436	21.5556227773195
0.0818829139836355	30.59207187279
0.0820166920371624	17.6752673214205
0.0821509079318334	30.7824589329097
0.0822855638206823	26.5006014167364
0.0824206618708821	23.2822545999474
0.0825562042638618	9.6026964658443
0.0826921931954238	30.3579576964313
0.0828286308758621	27.1875496418879
0.0829655195300823	8.3924964989083
0.0831028613977226	18.6457793724297
0.0832406587332759	10.3153165818205
0.0833789138062131	21.905134540748
0.0835176289011074	8.23322669965562
0.083656806317761	8.66650703392511
0.0837964483713312	7.29135488195537
0.0839365573924595	23.4691026501256
0.0840771357274007	3.88743432407865
0.0842181857381546	7.03182039637734
0.0843597098025973	6.11938728968591
0.0845017103146158	8.30800537894716
0.0846441896842423	8.89308454172679
0.084787150337791	1.54041808473229
0.0849305947179955	3.95853265731173
0.0850745252841479	6.07508708741942
0.0852189445122399	12.7640395024838
0.0853638548951039	0.129886695810399
0.0855092589425573	5.92333865682156
0.0856551591815469	3.18020518224474
0.0858015581562952	8.49635669768892
0.0859484584284487	3.99653743612051
0.086095862577227	3.14438420105537
0.086243773199574	5.23752743465917
0.0863921929103101	7.30110532386987
0.0865411243422865	10.7455989655354
0.0866905701465408	0.833395688719183
0.0868405329924544	9.65917242458305
0.0869910155679112	5.69904063116666
0.0871420205794586	11.0512711191825
0.0872935507524695	1.23106738354626
0.087445608831306	10.8233461583614
0.0875981975794857	8.84258448432259
0.0877513197798486	10.5049976480631
0.0879049782347265	5.431033747345
0.0880591757661139	7.81328189617694
0.0882139152158409	11.9194784174933
0.0883691994457475	11.855341956958
0.0885250313378602	8.23839193054428
0.0886814137945704	4.97948361671939
0.0888383497388143	20.5479309586372
0.0889958421142555	8.06942628344177
0.0891538938854684	11.1627668887674
0.0893125080381248	3.3755607243718
0.0894716875791816	18.3179438428408
0.0896314355370707	10.3222437525931
0.0897917549618915	14.4671470763328
0.0899526489256047	2.84944886573634
0.0901141205222285	19.9723624661198
0.090276172868037	19.7557619788588
0.0904388091017609	6.95290623518023
0.0906020323847896	9.85980163413459
0.0907658459013766	12.6174369273042
0.0909302528588463	21.952827313443
0.0910952564878033	8.96962131819667
0.0912608600423442	16.7194392979689
0.0914270668002712	6.64128379826252
0.0915938800633088	39.8417029425675
0.0917613031573221	12.4048251845014
0.0919293394325377	13.0416718334441
0.0920979922637678	14.5493651158563
0.0922672650506354	23.8697854693735
0.0924371612178033	20.1843788091575
0.0926076842152046	14.1303036781023
0.0927788375182766	17.2820049620324
0.0929506246281967	23.6160617433488
0.0931230490721211	41.1599330227396
0.0932961144034265	5.20869755022778
0.0934698242019538	29.0754019348689
0.0936441820742553	22.776871388055
0.0938191916538439	29.5097301655871
0.093994856601446	11.264332196283
0.0941711806052562	25.8374135897948
0.094348167381196	18.7449630361338
0.0945258206731743	38.7933201952097
0.0947041442533518	14.5535071269813
0.0948831419224076	20.4410272895935
0.0950628175098097	35.7860331902912
0.0952431748740878	22.0228489323167
0.0954242179031093	16.7351174071708
0.0956059505143593	14.3997508065565
0.0957883766552224	28.4939238352727
0.0959715003032692	19.9359134979958
0.0961553254665449	16.5414733661913
0.096339856183862	7.02612232642937
0.0965250965250958	29.4252593316349
0.0967110505914841	13.2218183956811
0.0968977225159293	10.1630560565803
0.097085116463305	5.82913183165404
0.0972732366307657	17.7812820192717
0.0974620872480598	12.8294205684062
0.0976516725778472	5.05820934153292
0.0978419969160196	2.66912047547183
0.0980330645920249	14.076536299741
0.098224879969196	6.67867588877725
0.0984174474450824	2.35638107193819
0.0986107714517866	0.939321524236839
0.0988048564563039	6.23392861190406
0.0989997069608667	6.69773041860086
0.0991953275032926	0.332164885504579
0.0993917226573365	0.638937262998101
0.0995888970330469	2.59143406845219
0.0997868552771274	2.70422947542183
0.0999856020733008	3.17246372367418
0.100185142142679	0.117616382615819
0.100385480244137	4.18358414262601
0.10058662117469	1.69671554079246
0.100788569769879	12.9013980172693
0.100991330904155	8.99762605811249
0.101194909491272	0.769341088353539
0.101399310484688	2.79759218174226
0.10160453887796	14.895114912953
0.101810599705156	9.83471705175023
0.102017498041263	7.89624880022351
0.102225239002608	10.1581849082365
0.102433827747275	14.2357499754933
0.102643269475533	42.8909537960924
0.102853569430273	3.4345757764811
0.103064732897438	21.5493398718659
0.10327676520647	27.5564054281808
0.103489671730761	28.0699479933537
0.103703457888099	14.0890318623957
0.103918129141137	29.0100881099
0.10413369099785	21.151461144233
0.104350149012012	56.2243659408173
0.10456750878367	21.8565796457494
0.104785775959628	29.4526814831797
0.105004956233934	57.0176031761259
0.105225055348379	34.6154846026991
0.105446079092995	32.0056752946412
0.105668033306564	32.7502704381853
0.105890923877132	47.047206658153
0.106114756742531	51.8754926525091
0.106339537890904	33.1500113837898
0.106565273361239	29.9372802633159
0.106791969243912	74.4519858936267
0.107019631681235	42.9985524472763
0.107248266868007	36.2328483539026
0.107477881052079	38.7986557478814
0.107708480534923	49.3142274784457
0.107940071672207	58.0794430687448
0.108172660874381	29.6560413268524
0.108406254607265	35.6451483674246
0.108640859392654	71.7100573090503
0.108876481808917	35.4528112853968
0.10911312849162	37.2908331861597
0.109350806134142	31.0712045367736
0.109589521488313	48.9756297182463
0.109829281365046	47.6124871698217
0.11007009263499	22.0912700143614
0.110311962229184	25.5020231896013
0.110554897139723	63.2122748163928
0.110798904420433	24.3274333865933
0.111043991187549	21.1304002366852
0.111290164620411	31.2659415058149
0.111537431962166	21.338336437143
0.111785800520474	42.225619695552
0.112035277668232	4.67195319769493
0.1122858708443	19.0984940686373
0.112537587554243	31.8255898495728
0.11279043537108	12.0757132607725
0.113044421936044	5.66512963473554
0.113299554959348	20.2622637539506
0.11355584222097	3.61383770664978
0.113813291571443	18.3897456894774
0.114071910932652	1.64899634210177
0.114331708298653	16.6250237800332
0.114592691736492	16.2869051560489
0.114854869387042	0.129639200085893
0.115118249465851	6.56201930709068
0.115382840263996	8.73042586148639
0.115648650148955	1.13899356259671
0.115915687565492	5.16917755255212
0.116183961036547	1.50796072292161
0.116453479164143	24.3362679974991
0.116724250630311	10.9563682297561
0.116996284198014	8.54701646915447
0.117269588712098	31.8491767636281
0.117544173100251	16.0679699428051
0.11782004637397	12.9989266793752
0.118097217629553	19.7178546579962
0.118375696049093	25.5160357722604
0.118655490901497	46.2873085306313
0.118936611543512	22.2661540111142
0.119219067420767	25.4578751408624
0.119502868068834	71.9035353723033
0.119788023114297	40.1536703656381
0.120074542275845	35.8170363163882
0.120362435365372	47.9254450232427
0.120651712289101	54.2385952107418
0.120942383048716	83.8054561338135
0.121234457742518	37.539975925181
0.121527946566593	53.2342644258876
0.121822859815999	101.413801334707
0.12211920788597	62.6593555456976
0.122417001273137	65.0870136239036
0.122716250576767	68.5932901942473
0.12301696650002	76.7836777445759
0.123319159851228	92.130092009434
0.123622841545187	57.850373294553
0.123928022604472	56.447402379129
0.12423471416077	153.194868970711
0.124542927456236	61.6568546481377
0.124852673844863	76.9081898830238
0.12516396479388	77.382516482921
0.125476811885164	77.30249471028
0.125791226816677	106.105893373432
0.126107221403927	56.6352380307641
0.126424807581443	50.359383891057
0.126743997404283	121.456164643612
0.127064803049556	68.9538471283711
0.127387236817969	38.5736713216728
0.127711311135405	87.518371909916
0.128037038554513	38.9140897564208
0.128364431756334	80.4413914250901
0.128693503551941	35.483900593876
0.129024266884116	25.7901254708822
0.129356734829042	69.7203566262678
0.129690920598031	49.5412889349548
0.130026837539268	5.13810611430685
0.130364499139595	44.340994324579
0.130703919026308	17.3644651435871
0.131045110969	19.6397520536475
0.131388088881415	16.5705236088078
0.131732866823341	2.10645889546701
0.132079459002536	27.6390316057625
0.132427879776674	11.5432789293943
0.13277814365533	1.13291687127899
0.133130265301993	3.82791823989441
0.133484259536116	3.61470314017848
0.13384014133519	0.699523968038002
0.134197925836859	3.70403050836752
0.134557628341066	15.2482756027866
0.134919264312236	1.95190197857847
0.135282849381487	14.4737884363671
0.135648399348888	29.1907683041309
0.136015930185744	9.36769665458109
0.136385458036923	10.8011616447804
0.136756999223221	23.2210900204542
0.137130570243764	22.9126370102674
0.13750618777845	57.448768030144
0.137883868690435	16.3355718838398
0.138263630028649	40.9221377425671
0.138645489030369	78.1223615320942
0.139029463123826	39.3399294886924
0.13941556993085	44.8606834317268
0.139803827269576	60.7715291308159
0.140194253157175	61.2543100558675
0.140586865812649	100.615555669279
0.140981683659659	58.3045491561098
0.141378725329413	56.9768401194705
0.141778009663589	160.044516248857
0.142179555717325	53.8200358301558
0.14258338276224	81.2070744926062
0.142989510289526	85.3283124256
0.143397958013078	90.7055927637181
0.143808745872689	109.443315058356
0.14422189403729	88.9151984942104
0.144637422908254	38.1238203023594
0.145055353122752	173.270186479067
0.145475705557172	94.8776625292401
0.145898501330595	59.3471457375395
0.146323761808328	111.483692624332
0.146751508605509	55.8770686526414
0.147181763590764	119.121572093296
0.147614548889939	56.2997895588148
0.148049886889887	45.7447069760283
0.148487800242332	87.0107340953622
0.1489283118678	108.39451232964
0.14937144495961	8.29913774223397
0.149817222987955	96.1540079961826
0.150265669704037	39.3948925419716
0.150716809144291	54.6250382389093
0.151170665634675	55.6182662870152
0.151627263795049	7.69530886508737
0.152086628543619	54.0613895025939
0.152548785101476	38.8092000427031
0.153013758997209	16.3138438459604
0.153481576071609	12.514828297935
0.15395226248245	41.1464097667657
0.154425844709371	3.8941589094035
0.154902349558838	36.1679329757233
0.155381804169205	9.27573867806144
0.155864236015861	16.9658932205735
0.156349672916485	42.1627418645085
0.156838143036387	8.80947660826567
0.15732967489396	3.18155633514883
0.157824297366229	9.61662347712543
0.158322039694502	13.9321221032009
0.158822931490141	12.0470060595281
0.159327002740425	26.5180428253192
0.159834283814541	0.348633681474817
0.160344805469682	35.537358814134
0.160858598857261	42.6216808358995
0.161375695529248	6.05147624178545
0.161896127444632	17.1458760628343
0.162419926976001	26.085101567596
0.162947126916259	18.6875490178402
0.163477760485464	48.4857155450269
0.164011861337812	20.1198811792953
0.164549463568749	30.5355877674727
0.165090601722226	96.779863569724
0.165635310798098	13.1241546203156
0.166183626259672	28.1446911954925
0.166735584041404	28.8238084222862
0.167291220556746	40.3275088692307
0.167850572706154	36.0331645932451
0.168413677885264	58.9960807033873
0.168980573993214	3.79318098409647
0.169551299441159	133.481930821024
0.17012589316094	54.0626240105525
0.170704394613935	24.8177341078763
0.171286843800102	52.4767724678995
0.171873281267188	18.9490740779367
0.172463748120146	62.9353775303992
0.173058286030736	17.9459180581794
0.17365693724733	18.4778543015615
0.174259744604919	31.645570685207
0.17486675153533	93.5784314606653
0.17547800207766	2.80879082277315
0.176093540888921	70.7754745800431
0.17671341325492	23.4825430345251
0.177337665101367	38.5269483865095
0.177966343005211	54.8683663668077
0.178599494206233	2.87615065898772
0.179237166618871	35.9114143823576
0.179879408844311	25.3704948857677
0.180526270182837	29.2848504482672
0.181177800646443	5.59452814147201
0.181834050971722	58.7300913364189
0.182495072633039	2.4648872167199
0.183160917855992	44.0562601050647
0.183831639631161	21.636463202214
0.18450729172817	27.4666486240023
0.185187928710055	53.7922994669084
0.185873605947956	7.203748514103
0.186564379636125	9.99788043231306
0.187260306807287	14.2381241487397
0.187961445348331	22.9838145164164
0.188667854016362	13.1381229146602
0.189379592455117	25.0811678789474
0.190096721211753	1.64162255980299
0.190819301754011	53.6940137647968
0.191547396487787	25.6673834274473
0.192281068775093	3.01027738627287
0.19302038295244	21.9719819039398
0.193765404349646	10.2518069431581
0.194516199309079	15.5246554345249
0.195272835205349	20.3915778103876
0.196035380465467	1.24426848061958
0.196803904589468	47.9737053510385
0.19757847817153	21.3225383037084
0.198359172921593	2.71582558327281
0.199146061687485	10.4763265504424
0.199939218477583	11.1753545979074
0.200738718484022	3.29347749712039
0.201544638106448	12.3785134947063
0.202357054976365	2.19724976025526
0.203176047982056	48.3372086599388
0.204001697294122	47.2096613633242
0.204834084391643	18.6454610930485
0.205673292088983	33.267002212099
0.206519404563253	0.635561989498505
0.207372507382462	16.4043364327631
0.208232687534359	0.587909835671927
0.209100033456006	8.67474655908983
0.209974635064085	5.23292270407835
0.210856583785973	28.1313708757607
0.211745972591602	20.4021882975386
0.21264289602613	73.5159661787698
0.213547450243445	15.464574939387
0.214459733040525	36.6554272941777
0.21537984389269	11.6910574064166
0.216307883989756	33.9088067882696
0.217243956273137	25.1831542672504
0.218188165473905	2.42537447278628
0.219140618151856	1.22498965705408
0.220101422735597	29.6749841970216
0.221070689563695	25.8208935095208
0.22204853092692	19.6736404715661
0.223035061111607	27.9716094563181
0.22403039644419	14.7045427697138
0.225034655336922	51.4358062481313
0.226047958334841	12.23417835006
0.227070428164	35.8025737892747
0.228102189781022	4.25950349610008
0.229143370424007	5.4057071626668
0.230194099664838	0.683506646477521
0.231254509462935	14.9660815813134
0.232324734220505	1.01436092029214
0.233404910839325	17.5137120788554
0.234495178779125	2.75778560624748
0.23559568011761	45.2747885937746
0.23670655961218	16.2777010049972
0.237827964763409	7.60598817512706
0.238960045880329	20.3545980778242
0.240102956147597	6.84329727601606
0.241256851694589	20.5337932955408
0.242421891666506	13.4902291576973
0.243598238297541	13.2886746716669
0.244786056986195	58.1604850020421
0.245985516372796	13.0561679096568
0.247196788419325	24.3265940030191
0.248420048491594	38.3548695246917
0.249655475443888	41.2432955747621
0.250903251706143	28.4381140979835
0.252163563373747	61.3719926592039
0.253436600300069	14.8367554719456
0.254722556191796	145.826448194442
0.256021628707194	50.0728125460742
0.257334019557386	73.7009923348236
0.258659934610769	106.63256138988
0.259999584000666	49.0568135603753
0.261353182236347	103.154922548348
0.262720948317536	50.6472867536877
0.264103105852525	102.512895568781
0.265499883180052	75.5839068889798
0.266911513495047	153.188716105359
0.268338234978426	13.8497409383496
0.269780290931066	231.37891676742
0.271237929912119	47.0100240278575
0.27271140588184	157.011614729372
0.274200978349091	79.1715854926293
0.275706912523711	103.160061908222
0.27722947947393	146.033489124223
0.278768956289028	60.4294813575844
0.28032562624745	72.7045882928542
0.281899778990574	79.949143667187
0.28349171070238	158.905913371448
0.285101724295229	14.3617171506524
0.286730129602019	141.419875118803
0.288377243574956	6.21031179039895
0.290043390491218	139.269936658404
0.291728902165796	44.5357777356188
0.293434118171789	39.6214930550548
0.295159386068478	46.2756835439401
0.296905061637491	31.3331258874901
0.298671509127402	20.9252577474486
0.300459101507103	16.7023145850503
0.302268220728346	18.1822675853312
0.304099257997811	10.7480517467737
0.305952614059135	31.43371000311
0.307828699485311	9.11188533452212
0.309727934981912	20.3994063145868
0.311650751701614	9.7835680280483
0.313597591570497	2.2550380501388
0.31556890762667	1.98868658887884
0.31756516437173	8.19879727899815
0.319586838135659	2.9302189368629
0.321634417455744	16.2364756041185
0.323708403470155	46.5435492774658
0.325809310326852	12.192826015664
0.327937665608522	30.5599718060365
0.330094010774269	57.7802106898969
0.332278901618863	59.1334964823965
0.334492908750335	49.0982280635893
0.336736618086798	87.4330722362392
0.3390106313734	39.6855442039514
0.341315566720368	197.018313670202
0.343652059163139	71.6922383144126
0.346020761245675	111.664331670014
0.348422343628053	160.780905512918
0.350857495719539	113.17237476228
0.353326926338403	142.595011750267
0.355831364399784	110.513146098212
0.358371559633028	165.525182768755
0.360948283329965	147.035018313231
0.363562329125706	264.376569247982
0.366214513813612	60.8060909023734
0.368905678196199	348.672362991927
0.371636687973837	124.140445406588
0.374408434673217	224.399053725674
0.377221836617679	170.474489231406
0.380077839941621	145.106008268799
0.382977419651338	227.440577376257
0.385921580734795	138.332060953866
0.388911359322984	164.109274692648
0.391947823905682	147.987107853773
0.395032076604621	262.499601314461
0.398165254507231	46.3653072832455
0.401348531064377	246.760817538349
0.404583117555671	50.2335482936501
0.407870264626228	201.555694579549
0.411211263898941	98.8181033172672
0.414607449666656	100.249963226519
0.418060200668897	94.8636713083852
0.421570941958113	91.1740514428458
0.425141146860758	82.1903708583446
0.428772339038864	48.5152265020336
0.432466094658179	70.4961631336496
0.436224044669343	28.0248374506258
0.440047877209041	78.2183654269709
0.443939340128565	2.63433682289236
0.447900243657733	49.0071047652083
0.451932463212698	24.0181244993748
0.456037942356805	6.44592463806509
0.460218695924304	9.2999629819241
0.46447681331748	1.8938325426266
0.468814461988524	2.36014168471273
0.473233891118347	6.40601861087611
0.477737435505447	17.2104206690252
0.482327519678963	3.67405923724336
0.48700666225114	13.2197299833457
0.491777480525612	30.9467874375633
0.496642695379237	26.0385050867495
0.501605136436598	29.9254630728732
0.506667747557862	43.6246415014399
0.511833592662354	22.1309536420216
0.517105861912051	104.459997482287
0.522487878281224	47.5531141427992
0.527983104540655	78.2592057266061
0.533595150687271	95.1027762716343
0.539327781852699	76.3105791443086
0.545184926727146	88.9598263043889
0.551170686538208	97.5811008167227
0.557289344627731	110.136782986374
0.56354537667373	103.52982133009
0.569943461608609	196.223357480226
0.576488493289674	55.4381724725944
0.583185592983111	225.585768026618
0.590040122728346	89.5505491428366
0.597057699656095	189.877769663134
0.604244211340456	128.273837762072
0.611605832273217	118.167044438478
0.619149041557284	143.939163631771
0.626880641925778	116.140720371119
0.634807780204154	149.264109403562
0.642937969344718	119.175338155928
0.651279112176315	198.8555812295
0.659839527027027	56.1750223387016
0.668627975394491	256.233551206306
0.677653691857313	55.5646861228792
0.686926416442271	160.544892244064
0.696456429685759	86.7961421260471
0.706254590654839	88.7739052024759
0.716332378223496	76.1615411143658
0.726701935933957	84.6531093502154
0.737376120811704	75.8104008407473
0.748368556546728	55.6690235384128
0.759693691503586	67.1489909576854
0.771366862079605	30.031533926344
0.783404361995487	76.5289141542988
0.795823518176609	13.4266956853209
0.808642773968172	42.9202991644571
0.821881780524689	28.5844488735044
0.835561497326203	15.6595951435672
0.849704302902589	17.5949511173125
0.864334116996266	7.15227370371298
0.879476535566031	9.27637016817867
0.895158980234889	8.0004236985355
0.911410864017498	5.47622335461813
0.928263775434427	0.340925972606673
0.945751683437996	6.15146866959856
0.963911165946945	6.40892173916333
0.982781665225252	2.00435225047896
1.00240577385726	8.64352385820279
1.02282955568284	7.33136165461049
1.04410290678249	4.1705015082871
1.06627996246694	19.1880415509705
1.08941955725989	7.85620528290962
1.11358574610245	13.2755475458223
1.13884839650146	17.514226169959
1.16528386314906	17.8510706447737
1.19297575873258	19.0946121750063
1.22201583732525	22.1378624473622
1.25250501002004	21.2612666205527
1.28455451649368	23.953952834358
1.31828728116431	40.7947362066628
1.35383948879021	14.4166082018073
1.3913624220837	50.5925126988418
1.43102461362335	26.5921194214636
1.47301437662031	37.7178106637834
1.51754279470681	27.232729073179
1.56484727090636	30.2618375107092
1.61519576172632	31.9927514605397
1.66889185580774	23.7756433013135
1.72628090042812	39.4504795440682
1.78775743707094	27.519876151742
1.85377428444313	36.2975288161066
1.92485371111796	15.4033398704667
2.00160128102482	30.5775665412859
2.08472314876584	14.5389171483395
2.17504785105272	32.0016721961479
2.27355401964351	14.0987446955742
2.38140598209183	21.5151887132481
2.5	11.5774991925949
