0.00999800839672774	1.01142087105306
0.0100000000000004	1.01214602172244
0.0100019923968858	1.01083834825064
0.0100039855878586	1.01138724481821
0.0100059795733934	1.01135812632276
0.0100079743539656	1.01347086694265
0.0100099699300507	1.01242848531757
0.0100119663021247	1.01142255682417
0.0100139634706639	1.01139491350628
0.010015961436145	1.012134021707
0.0100179601990452	1.01208322264012
0.010019959759842	1.01330776999491
0.0100219601190132	1.01151837845708
0.010023961277037	1.01167022299626
0.0100259632343922	1.01296267454967
0.0100279659915576	1.0121466243593
0.0100299695490128	1.01302222566301
0.0100319739072375	1.01190798068512
0.0100339790667119	1.01267365395577
0.0100359850279165	1.01266304466487
0.0100379917913322	1.01315847026291
0.0100399993574404	1.01292165404245
0.0100420077267228	1.01102284599671
0.0100440168996614	1.01131876080193
0.0100460268767388	1.01143860407146
0.0100480376584378	1.01307657165728
0.0100500492452417	1.01358887411092
0.010052061637634	1.01358764895701
0.0100540748360988	1.01324884735067
0.0100560888411206	1.0119654037363
0.0100581036531841	1.01331724264069
0.0100601192727745	1.01379101068133
0.0100621357003773	1.01398268638085
0.0100641529364787	1.01358221582802
0.0100661709815648	1.01319829154059
0.0100681898361225	1.01319817422118
0.0100702095006388	1.01225364270238
0.0100722299756014	1.01248962757933
0.0100742512614981	1.01112336833488
0.0100762733588173	1.01292660468372
0.0100782962680476	1.01325435219289
0.0100803199896781	1.01288285351031
0.0100823445241984	1.01350207727582
0.0100843698720983	1.01269806935458
0.0100863960338681	1.01346879924668
0.0100884230099984	1.01316495436222
0.0100904508009804	1.01395303489401
0.0100924794073054	1.01338788112276
0.0100945088294654	1.01337582661824
0.0100965390679525	1.01281725507112
0.0100985701232595	1.01368170741276
0.0101006019958793	1.01382897978975
0.0101026346863055	1.01364385791703
0.0101046681950318	1.01360884205008
0.0101067025225525	1.01389968891012
0.0101087376693622	1.01363290590198
0.0101107736359559	1.01361152405754
0.0101128104228291	1.01259234933358
0.0101148480304776	1.01311408789195
0.0101168864593977	1.01401361667292
0.0101189257100859	1.01389626981051
0.0101209657830393	1.01288388665984
0.0101230066787553	1.01353584345306
0.0101250483977317	1.01296235230925
0.0101270909404669	1.01286179211606
0.0101291343074593	1.01393540961104
0.0101311784992081	1.014016070602
0.0101332235162127	1.01381447020093
0.010135269358973	1.01265033655656
0.0101373160279891	1.01404359117664
0.0101393635237618	1.01384091228535
0.010141411846792	1.01345438722705
0.0101434609975814	1.01350495044364
0.0101455109766316	1.01360331524408
0.0101475617844451	1.01288053443768
0.0101496134215244	1.01366733119647
0.0101516658883727	1.01418141736076
0.0101537191854934	1.01374441657355
0.0101557733133905	1.01390978034517
0.0101578282725682	1.01342390732342
0.0101598840635313	1.01282436179083
0.010161940686785	1.01366393003977
0.0101639981428346	1.01317857572832
0.0101660564321863	1.01325026151758
0.0101681155553462	1.01352875954335
0.0101701755128213	1.01334742880781
0.0101722363051186	1.01362673089291
0.0101742979327458	1.01395090236965
0.0101763603962109	1.01368445757909
0.0101784236960222	1.01241987370667
0.0101804878326885	1.0140745261533
0.0101825528067192	1.01381338235485
0.0101846186186239	1.01398565406978
0.0101866852689126	1.01355276147058
0.0101887527580957	1.01375825311599
0.0101908210866843	1.01361806906535
0.0101928902551896	1.01325409301416
0.0101949602641232	1.01347102028599
0.0101970311139975	1.0121582396356
0.0101991028053248	1.01337757191642
0.0102011753386182	1.01195120262123
0.010203248714391	1.01288527788923
0.0102053229331571	1.013074108725
0.0102073979954307	1.01241414932033
0.0102094739017264	1.01321349261636
0.0102115506525593	1.01389138229147
0.0102136282484448	1.01379142588013
0.0102157066898989	1.01327943956679
0.0102177859774379	1.01312317438671
0.0102198661115784	1.01226772041273
0.0102219470928377	1.0125507811141
0.0102240289217334	1.01180684722509
0.0102261115987834	1.01292311350543
0.0102281951245061	1.01133496288217
0.0102302794994205	1.01245483336643
0.0102323647240458	1.01273308677635
0.0102344507989016	1.01374621412707
0.0102365377245081	1.013449365547
0.0102386255013859	1.01373022003967
0.0102407141300558	1.01309342468122
0.0102428036110393	1.01267954377699
0.0102448939448583	1.01270412945398
0.0102469851320348	1.01149388288076
0.0102490771730917	1.01210567593984
0.010251170068552	1.01223861895613
0.0102532638189392	1.01299713013898
0.0102553584247773	1.01212208425948
0.0102574538865907	1.0130034999975
0.0102595502049041	1.01276369195543
0.0102616473802428	1.01344030993151
0.0102637454131326	1.01241582219656
0.0102658443040993	1.01378771967031
0.0102679440536697	1.01325895529095
0.0102700446623706	1.01338774432137
0.0102721461307295	1.01373472313814
0.0102742484592741	1.0130515736575
0.0102763516485327	1.01301616940774
0.010278455699034	1.0129585261245
0.0102805606113072	1.0130010201786
0.0102826663858817	1.01282579710336
0.0102847730232876	1.01296999412503
0.0102868805240552	1.0138989971425
0.0102889888887155	1.01392221510173
0.0102910981177997	1.0131622155974
0.0102932082118395	1.01141273227791
0.0102953191713672	1.01337556417542
0.0102974309969153	1.0119624009726
0.0102995436890168	1.01303394135186
0.0103016572482052	1.01231253204546
0.0103037716750145	1.01047958794998
0.0103058869699789	1.01091660703628
0.0103080031336333	1.01024901892241
0.0103101201665129	1.01192934675197
0.0103122380691534	1.01197932931711
0.0103143568420909	1.01249995790613
0.0103164764858619	1.01228828529435
0.0103185970010033	1.01382524474738
0.0103207183880528	1.01299578310234
0.010322840647548	1.01377991227961
0.0103249637800274	1.01241587541132
0.0103270877860297	1.01218238809732
0.0103292126660941	1.01265853491082
0.0103313384207603	1.01192172602614
0.0103334650505682	1.01259557150151
0.0103355925560586	1.01306125173091
0.0103377209377723	1.01322932724588
0.0103398501962507	1.01359428526937
0.0103419803320359	1.0126497776634
0.01034411134567	1.01240271306264
0.0103462432376958	1.01286875103815
0.0103483760086566	1.0131782494575
0.010350509659096	1.01240880323025
0.0103526441895581	1.01079127653076
0.0103547796005875	1.01131988153026
0.0103569158927292	1.0118782175892
0.0103590530665287	1.01182576212829
0.0103611911225318	1.01132129785622
0.010363330061285	1.01262296684241
0.0103654698833349	1.01204011095959
0.010367610589229	1.01272215650906
0.0103697521795149	1.01308937272085
0.0103718946547407	1.01386074369609
0.0103740380154552	1.01328015688764
0.0103761822622073	1.01163380308247
0.0103783273955467	1.01350451991721
0.0103804734160232	1.01192079026581
0.0103826203241873	1.01375357969537
0.01038476812059	1.01371743667506
0.0103869168057825	1.01256000117679
0.0103890663803167	1.01241149740844
0.0103912168447448	1.01277052381907
0.0103933681996196	1.01249370015607
0.0103955204454942	1.01355997044597
0.0103976735829222	1.0135001348304
0.0103998276124579	1.01337033851501
0.0104019825346556	1.01366981111438
0.0104041383500705	1.01304050906085
0.010406295059258	1.01315053269459
0.010408452662774	1.01179127771116
0.010410611161175	1.01162401836765
0.0104127705550177	1.01176919118103
0.0104149308448596	1.01069258359645
0.0104170920312583	1.01272762497891
0.0104192541147722	1.0108030959993
0.01042141709596	1.01234237662875
0.0104235809753807	1.0130217633741
0.0104257457535941	1.01307611431042
0.0104279114311603	1.01238788847428
0.0104300780086398	1.01133309398343
0.0104322454865937	1.01080323999776
0.0104344138655834	1.01170488110347
0.010436583146171	1.01107785004776
0.0104387533289188	1.0099834499162
0.0104409244143898	1.01139276383083
0.0104430964031473	1.01150337782068
0.0104452692957553	1.01241228870897
0.0104474430927779	1.01140008364193
0.0104496177947799	1.01243658177425
0.0104517934023267	1.01179307244028
0.0104539699159839	1.01308328738614
0.0104561473363178	1.01301415349019
0.0104583256638949	1.01132894054766
0.0104605048992825	1.01168375142529
0.0104626850430481	1.01049169347773
0.0104648660957598	1.01211679167949
0.0104670480579862	1.01178257222005
0.0104692309302962	1.01246782299033
0.0104714147132595	1.01387754955509
0.010473599407446	1.01307084717537
0.0104757850134261	1.01344669455264
0.0104779715317708	1.01032273126925
0.0104801589630515	1.0113764410541
0.0104823473078401	1.0122353836476
0.0104845365667089	1.01294219580089
0.0104867267402307	1.01324302736693
0.010488917828979	1.0127031355825
0.0104911098335275	1.0125443684263
0.0104933027544504	1.01324615643441
0.0104954965923225	1.01250260240969
0.0104976913477192	1.01159334506264
0.010499887021216	1.01240014308501
0.0105020836133893	1.01271017071317
0.0105042811248156	1.01332707746669
0.0105064795560722	1.01366993266629
0.0105086789077367	1.01360411262404
0.0105108791803873	1.01349366615503
0.0105130803746025	1.01289431431722
0.0105152824909614	1.01305105091815
0.0105174855300438	1.01093673393159
0.0105196894924296	1.00894626790033
0.0105218943786994	1.0101314532438
0.0105241001894342	1.01320290394919
0.0105263069252156	1.01235329154351
0.0105285145866256	1.01302250281125
0.0105307231742468	1.01215771498459
0.0105329326886621	1.01237301741979
0.010535143130455	1.01306103550393
0.0105373545002094	1.01251717824316
0.01053956679851	1.01265564473915
0.0105417800259416	1.00921979556897
0.0105439941830897	1.01105294946715
0.0105462092705402	1.01283693943117
0.0105484252888796	1.01221474746633
0.0105506422386947	1.0108911926238
0.0105528601205731	1.00981345114546
0.0105550789351027	1.01072597615067
0.0105572986828718	1.01214139406813
0.0105595193644694	1.00946411908142
0.0105617409804848	1.01047677370089
0.010563963531508	1.01293098661956
0.0105661870181294	1.01198546942571
0.0105684114409399	1.01107118623566
0.0105706368005308	1.00918234752704
0.010572863097494	1.00579238539857
0.010575090332422	1.00536951881505
0.0105773185059076	1.01125530707567
0.0105795476185442	1.01018117622287
0.0105817776709257	1.01289825749012
0.0105840086636465	1.0112013928009
0.0105862405973015	1.00729277688709
0.010588473472486	1.0093749825507
0.010590707289796	1.00779651139827
0.0105929420498279	1.0097449384144
0.0105951777531785	1.00815383612354
0.0105974144004453	1.00935489190946
0.0105996519922262	1.0098489368146
0.0106018905291195	1.01013536319991
0.0106041300117243	1.00688694454506
0.0106063704406399	1.00686246415842
0.0106086118164663	1.00559456444868
0.0106108541398039	1.00699925583902
0.0106130974112537	1.00938075875422
0.010615341631417	1.01231134947632
0.010617586800896	1.01017415583161
0.010619832920293	1.0080576224095
0.0106220799902111	1.00910304171387
0.0106243280112537	1.00971513347243
0.0106265769840248	1.0098043592318
0.010628826909129	1.01013476859088
0.0106310777871713	1.00747147586199
0.0106333296187572	1.01083802023126
0.0106355824044929	1.00718957656311
0.0106378361449847	1.01004651915789
0.0106400908408399	1.00728438349426
0.0106423464926661	1.00745720935282
0.0106446031010713	1.01072019323872
0.0106468606666642	1.01102159097181
0.0106491191900539	1.01116030767218
0.0106513786718502	1.00770873393397
0.010653639112663	1.00863686754759
0.0106559005131033	1.0109589363299
0.0106581628737822	1.01015250364421
0.0106604261953113	1.01088330413356
0.0106626904783031	1.01010640626086
0.0106649557233702	1.00787603346183
0.010667221931126	1.01254891672527
0.0106694891021842	1.01032980584611
0.0106717572371593	1.01304701420953
0.010674026336666	1.01023752668284
0.0106762964013198	1.01042732302676
0.0106785674317366	1.01362458755422
0.0106808394285328	1.01300972919896
0.0106831123923253	1.01247145011388
0.0106853863237317	1.01204047343527
0.0106876612233699	1.01141007624339
0.0106899370918586	1.01222631661247
0.0106922139298167	1.01297588167338
0.0106944917378639	1.01405640492108
0.0106967705166202	1.01361725732888
0.0106990502667063	1.01210838341139
0.0107013309887434	1.0116652891897
0.0107036126833533	1.0125244521937
0.010705895351158	1.01290958290054
0.0107081789927805	1.01097176338941
0.010710463608844	1.01266559646252
0.0107127491999723	1.0120119505394
0.0107150357667898	1.01395580778662
0.0107173233099214	1.01105384619164
0.0107196118299925	1.01088084107588
0.0107219013276291	1.00648041439482
0.0107241918034577	1.01164226646492
0.0107264832581053	1.01122143514325
0.0107287756921995	1.01228497348408
0.0107310691063685	1.01287632425403
0.0107333635012407	1.01003995873993
0.0107356588774455	1.01027973282348
0.0107379552356126	1.01202154711651
0.0107402525763722	1.01200958064101
0.0107425509003551	1.00794950566841
0.0107448502081926	1.00688659358614
0.0107471505005167	1.01060509622536
0.0107494517779597	1.01188098793245
0.0107517540411547	1.01136311164746
0.010754057290735	1.00897157517191
0.0107563615273349	1.00843262973156
0.0107586667515888	1.01045982103292
0.0107609729641319	1.01109259630817
0.0107632801655999	1.00941715241053
0.010765588356629	1.00943089661181
0.010767897537856	1.00614848350703
0.0107702077099182	1.01159891925561
0.0107725188734535	1.01182840853527
0.0107748310291002	1.00926693402075
0.0107771441774974	1.00685843334793
0.0107794583192845	1.00698259117666
0.0107817734551016	1.01039811789876
0.0107840895855894	1.01008236918205
0.0107864067113889	1.01059947743646
0.010788724833142	1.0085941428107
0.0107910439514908	1.01199435749881
0.0107933640670781	1.01141668445855
0.0107956851805474	1.01283015768673
0.0107980072925426	1.0056558982949
0.0108003304037081	1.00926432894758
0.010802654514689	1.01057278237596
0.0108049796261308	1.01198987917022
0.0108073057386797	1.01236490964858
0.0108096328529825	1.01106268720258
0.0108119609696862	1.00881121153854
0.0108142900894389	1.00985474725677
0.0108166202128888	1.0112679353366
0.0108189513406848	1.01321748219378
0.0108212834734766	1.01221354496519
0.010823616611914	1.01117630025251
0.0108259507566477	1.01306297298724
0.010828285908329	1.01143691274563
0.0108306220676095	1.01169168642417
0.0108329592351415	1.01101926720708
0.0108352974115779	1.01113167749186
0.0108376365975721	1.01122483912392
0.0108399767937781	1.01225478357836
0.0108423180008504	1.01109151954318
0.0108446602194443	1.01034167199248
0.0108470034502152	1.01262283078219
0.0108493476938196	1.01252729008282
0.0108516929509143	1.0133117825328
0.0108540392221565	1.01323041598629
0.0108563865082043	1.01181451632507
0.0108587348097163	1.01244398747157
0.0108610841273514	1.01206033348785
0.0108634344617694	1.01006594199068
0.0108657858136304	1.0100299789459
0.0108681381835954	1.0111115071201
0.0108704915723257	1.01241173341855
0.0108728459804832	1.01360547220068
0.0108752014087305	1.01266139541899
0.0108775578577306	1.01317748137156
0.0108799153281473	1.0124657280504
0.0108822738206448	1.01269556069934
0.010884633335888	1.01302120527147
0.0108869938745422	1.01287372430168
0.0108893554372733	1.01315899602498
0.0108917180247481	1.01201487352498
0.0108940816376336	1.01241491445645
0.0108964462765975	1.01007259032623
0.0108988119423082	1.01099972757389
0.0109011786354345	1.01192954765973
0.0109035463566458	1.01267251236337
0.0109059151066123	1.01289799171353
0.0109082848860045	1.01320965825811
0.0109106556954936	1.01359523093179
0.0109130275357515	1.01137131131384
0.0109154004074505	1.01291227610298
0.0109177743112635	1.0120615498213
0.0109201492478642	1.01149800539962
0.0109225252179266	1.01168644456082
0.0109249022221255	1.01281832268375
0.0109272802611362	1.01394581869205
0.0109296593356345	1.01274139777637
0.010932039446297	1.01233114794799
0.0109344205938007	1.01265809460798
0.0109368027788232	1.01373477273594
0.010939186002043	1.01271030379406
0.0109415702641387	1.0122428918971
0.0109439555657898	1.01254492505169
0.0109463419076763	1.0127893876945
0.0109487292904789	1.01313494525596
0.0109511177148788	1.01079507073408
0.0109535071815578	1.0117834807297
0.0109558976911983	1.00881754703543
0.0109582892444833	1.01139060826078
0.0109606818420964	1.01143297490635
0.0109630754847218	1.01336215008327
0.0109654701730443	1.01312065296779
0.0109678659077492	1.01353677715234
0.0109702626895227	1.01332372269003
0.0109726605190511	1.01332689921159
0.0109750593970219	1.01337628390605
0.0109774593241226	1.01208423893127
0.0109798603010418	1.01041505258421
0.0109822623284684	1.01127815533522
0.0109846654070921	1.01299454469058
0.010987069537603	1.01323897037543
0.0109894747206919	1.01212502286849
0.0109918809570503	1.01258160237926
0.0109942882473701	1.0129968031337
0.0109966965923441	1.01332055439266
0.0109991059926653	1.01332374824108
0.0110015164490277	1.01383922170831
0.0110039279621258	1.01259352256371
0.0110063405326544	1.01314296319253
0.0110087541613095	1.01365906763845
0.0110111688487871	1.01351722867668
0.0110135845957842	1.01204662926486
0.0110160014029983	1.01010932209263
0.0110184192711276	1.01178883450326
0.0110208382008706	1.01247765029171
0.0110232581929268	1.01293685148389
0.0110256792479961	1.01402041282331
0.0110281013667792	1.01296202736857
0.0110305245499771	1.01287336407592
0.0110329487982916	1.01279989599526
0.0110353741124253	1.01425613124439
0.011037800493081	1.01284653749471
0.0110402279409626	1.0122634762116
0.0110426564567741	1.0120198897857
0.0110450860412207	1.01298926923946
0.0110475166950076	1.01278507211216
0.0110499484188412	1.01292793093809
0.0110523812134281	1.01120474192037
0.0110548150794757	1.01223244614176
0.011057250017692	1.01355695541676
0.0110596860287857	1.01340889398279
0.0110621231134659	1.01262670901979
0.0110645612724426	1.01377119226881
0.0110670005064263	1.01309523491578
0.0110694408161281	1.01357614790649
0.0110718822022598	1.01264144710503
0.0110743246655336	1.01159718877955
0.0110767682066628	1.00943444285644
0.0110792128263608	1.01154391573442
0.0110816585253419	1.01296141407004
0.0110841053043212	1.01379309647573
0.011086553164014	1.01360871715016
0.0110890021051366	1.0134036093544
0.0110914521284057	1.01326170103327
0.0110939032345388	1.01409526700212
0.011096355424254	1.01373868486196
0.01109880869827	1.01219982867117
0.011101263057306	1.01274676377806
0.0111037185020821	1.01292947559295
0.0111061750333189	1.01286237061507
0.0111086326517377	1.01339349832605
0.0111110913580602	1.01288833771467
0.0111135511530091	1.01209775569126
0.0111160120373075	1.01388182908298
0.0111184740116792	1.0139913380394
0.0111209370768487	1.01375258254791
0.0111234012335411	1.01307203717492
0.0111258664824821	1.01366146539928
0.011128332824398	1.01368575990436
0.0111308002600159	1.01370301183525
0.0111332687900635	1.01310533140769
0.011135738415269	1.01269220785573
0.0111382091363615	1.01266359769493
0.0111406809540705	1.0129265250631
0.0111431538691263	1.0135014859016
0.0111456278822598	1.01360290971534
0.0111481029942025	1.01318660097207
0.0111505792056867	1.01344349709448
0.0111530565174451	1.01375283717641
0.0111555349302114	1.01396585217203
0.0111580144447196	1.01395305721618
0.0111604950617045	1.01359296670947
0.0111629767819017	1.01315478950073
0.0111654596060473	1.01160659931528
0.0111679435348779	1.01312772281948
0.0111704285691311	1.01335155374385
0.0111729147095448	1.01177963643745
0.011175401956858	1.0107945473701
0.0111778903118099	1.01213304809176
0.0111803797751406	1.01310580896446
0.0111828703475908	1.01346251369523
0.011185362029902	1.01330381466707
0.0111878548228161	1.01180579983417
0.0111903487270759	1.01280451297124
0.0111928437434246	1.01344050315099
0.0111953398726064	1.01224755307288
0.0111978371153659	1.0115909631601
0.0112003354724485	1.01162488430068
0.0112028349446001	1.01242164500534
0.0112053355325676	1.01307866199138
0.0112078372370982	1.01342386138363
0.0112103400589399	1.01325703052183
0.0112128439988414	1.01375040405795
0.0112153490575522	1.01388212698112
0.0112178552358222	1.01327392916662
0.011220362534402	1.01276631054747
0.0112228709540432	1.01329167581899
0.0112253804954977	1.01286313144822
0.0112278911595182	1.0131064684866
0.0112304029468581	1.01228860469109
0.0112329158582716	1.01283073402063
0.0112354298945132	1.01381579085611
0.0112379450563385	1.01281342669761
0.0112404613445035	1.01320312194815
0.0112429787597649	1.01342695065248
0.0112454973028803	1.01399762768238
0.0112480169746078	1.01357798121736
0.0112505377757061	1.0134844854666
0.0112530597069347	1.01363529872516
0.0112555827690539	1.0135811515333
0.0112581069628243	1.01395835178169
0.0112606322890077	1.01379970038707
0.0112631587483661	1.0130624400371
0.0112656863416625	1.01341307888472
0.0112682150696605	1.01338361474878
0.0112707449331243	1.01374628701742
0.0112732759328189	1.01364662268277
0.0112758080695099	1.01340489961379
0.0112783413439636	1.01363673497486
0.0112808757569472	1.01348074792454
0.0112834113092282	1.01344311736071
0.011285948001575	1.01371288650151
0.0112884858347568	1.01379113582416
0.0112910248095434	1.0128197151615
0.0112935649267052	1.01329501933369
0.0112961061870133	1.01284635692117
0.0112986485912397	1.01366627249124
0.0113011921401569	1.01298067876753
0.0113037368345381	1.01335624443702
0.0113062826751573	1.0135694843348
0.0113088296627892	1.01355146756191
0.011311377798209	1.01350278242104
0.0113139270821929	1.01365311124706
0.0113164775155176	1.01387590045162
0.0113190290989604	1.01298967543557
0.0113215818332996	1.01317886620368
0.011324135719314	1.01298744724692
0.0113266907577832	1.01217096264572
0.0113292469494874	1.01275769357267
0.0113318042952075	1.01248194350775
0.0113343627957253	1.01309748025061
0.011336922451823	1.01322122903366
0.0113394832642838	1.01361732077637
0.0113420452338915	1.01410142183373
0.0113446083614305	1.01264249348515
0.0113471726476861	1.01312629941547
0.0113497380934442	1.01293139353039
0.0113523046994913	1.01328994754883
0.0113548724666148	1.01261700043682
0.0113574413956028	1.01319796629382
0.011360011487244	1.01324825806509
0.0113625827423279	1.01336744501924
0.0113651551616447	1.01342598459604
0.0113677287459853	1.01351914502883
0.0113703034961413	1.0134112985327
0.0113728794129051	1.01399573476805
0.0113754564970696	1.01418178213085
0.0113780347494288	1.01408960511695
0.011380614170777	1.0136070101595
0.0113831947619095	1.01404992692575
0.0113857765236222	1.01320758805115
0.0113883594567119	1.01402566745494
0.0113909435619758	1.01330535840303
0.0113935288402121	1.01393511621411
0.0113961152922196	1.01346591580126
0.0113987029187979	1.01355371068133
0.0114012917207472	1.0135241296217
0.0114038816988686	1.01369948240399
0.0114064728539638	1.01291830043774
0.0114090651868353	1.01337621401218
0.0114116586982862	1.01374677829661
0.0114142533891205	1.01401283070226
0.0114168492601429	1.01359401614299
0.0114194463121587	1.01357256363539
0.0114220445459741	1.01384549387925
0.011424643962396	1.01337797634133
0.0114272445622318	1.01346627708966
0.01142984634629	1.01337228083934
0.0114324493153796	1.01349189282385
0.0114350534703104	1.01322372535794
0.011437658811893	1.01341727305423
0.0114402653409386	1.01385075273946
0.0114428730582593	1.01393159600248
0.0114454819646677	1.01408442073077
0.0114480920609775	1.01391754625891
0.0114507033480029	1.01386700229552
0.0114533158265587	1.01395197672337
0.0114559294974609	1.01353013680406
0.0114585443615257	1.01330160672063
0.0114611604195706	1.01318971654888
0.0114637776724133	1.01349909158722
0.0114663961208727	1.01324741333643
0.0114690157657682	1.01371003311373
0.0114716366079201	1.01390503922092
0.0114742586481491	1.01359578452364
0.0114768818872772	1.0133339941804
0.0114795063261268	1.01377560852598
0.0114821319655209	1.01372457384338
0.0114847588062838	1.01338643380661
0.0114873868492399	1.01374965637868
0.011490016095215	1.01319607707075
0.011492646545035	1.01349719769925
0.0114952781995272	1.01415303827193
0.0114979110595191	1.01346273416183
0.0115005451258394	1.0131888247037
0.0115031803993172	1.01332926732691
0.0115058168807827	1.01403940139266
0.0115084545710665	1.01374653789156
0.0115110934710003	1.01342197227253
0.0115137335814163	1.0132456137385
0.0115163749031477	1.01338314937967
0.0115190174370282	1.0139405401532
0.0115216611838926	1.01313785383117
0.0115243061445761	1.01289053433938
0.0115269523199148	1.01318544608322
0.0115295997107458	1.01370240781631
0.0115322483179067	1.01397058939006
0.0115348981422359	1.01334766782649
0.0115375491845726	1.01302609834804
0.0115402014457568	1.0132327318851
0.0115428549266294	1.01399614134526
0.0115455096280318	1.01347356541461
0.0115481655508063	1.01362212604069
0.0115508226957961	1.01337718719662
0.0115534810638449	1.01299663077771
0.0115561406557975	1.01364782603322
0.0115588014724992	1.01334986558069
0.0115614635147963	1.01341258500585
0.0115641267835357	1.0139355826032
0.0115667912795651	1.01273212845127
0.0115694570037332	1.01350396516257
0.0115721239568892	1.01320858360455
0.0115747921398832	1.01324999782839
0.0115774615535661	1.0140354017048
0.0115801321987896	1.01322491551608
0.0115828040764061	1.01322368760462
0.011585477187269	1.01332841246282
0.0115881515322322	1.01345200630473
0.0115908271121505	1.01359034627805
0.0115935039278795	1.01374899051769
0.0115961819802758	1.01347414200971
0.0115988612701963	1.01350799782151
0.0116015417984993	1.01350305505998
0.0116042235660433	1.0129426881598
0.011606906573688	1.01375231574733
0.0116095908222938	1.01344963231182
0.0116122763127218	1.01319440070153
0.011614963045834	1.01281297884526
0.0116176510224931	1.0134406807592
0.0116203402435627	1.01341576268876
0.0116230307099072	1.01386014994711
0.0116257224223917	1.01398574474002
0.0116284153818822	1.01393957937802
0.0116311095892454	1.01412164432119
0.011633805045349	1.01306991311891
0.0116365017510612	1.01281142523658
0.0116391997072513	1.01110081221122
0.0116418989147892	1.01343136167653
0.0116445993745457	1.01260226015172
0.0116473010873924	1.01353829253944
0.0116500040542018	1.01409622039803
0.011652708275847	1.01415406977588
0.0116554137532022	1.01380585891231
0.011658120487142	1.01370388108261
0.0116608284785422	1.01375218873193
0.0116635377282792	1.01351552010311
0.0116662482372303	1.01403515957608
0.0116689600062736	1.01340182860111
0.0116716730362881	1.01262739212977
0.0116743873281534	1.01114102402952
0.0116771028827502	1.01160327447387
0.0116798197009597	1.01155843392027
0.0116825377836641	1.01323258929814
0.0116852571317465	1.01308573233354
0.0116879777460908	1.01350432508484
0.0116906996275815	1.01384047674135
0.0116934227771041	1.01246934537604
0.011696147195545	1.012764454599
0.0116988728837913	1.01384453590236
0.0117015998427309	1.01326937721842
0.0117043280732527	1.01261464567519
0.0117070575762461	1.01347337460755
0.0117097883526018	1.01289845901266
0.011712520403211	1.01303000548633
0.0117152537289657	1.01377380746641
0.0117179883307589	1.01349780588553
0.0117207242094844	1.01263262496048
0.0117234613660369	1.01387862594505
0.0117261998013117	1.01375687717212
0.0117289395162051	1.01291005852976
0.0117316805116143	1.01295209406681
0.0117344227884372	1.01260862554549
0.0117371663475726	1.01328691387901
0.0117399111899202	1.01255326326608
0.0117426573163805	1.01308081526498
0.0117454047278547	1.01341695139838
0.011748153425245	1.01356546482758
0.0117509034094545	1.01262177992486
0.011753654681387	1.01368062107359
0.0117564072419473	1.01293177164442
0.0117591610920408	1.01298713201488
0.011761916232574	1.01265516872214
0.0117646726644541	1.01296746990039
0.0117674303885892	1.01357407786833
0.0117701894058883	1.01269394746891
0.0117729497172613	1.01296294582276
0.0117757113236186	1.0120714309887
0.011778474225872	1.01181155043161
0.0117812384249337	1.01254476400044
0.0117840039217169	1.01324697754613
0.0117867707171358	1.01350241726441
0.0117895388121053	1.01366016092261
0.0117923082075413	1.01374008438773
0.0117950789043603	1.01410460523737
0.0117978509034798	1.01392212244538
0.0118006242058184	1.01296694957434
0.0118033988122952	1.01283385914495
0.0118061747238304	1.01248184981325
0.0118089519413449	1.01303435173865
0.0118117304657606	1.01320288325193
0.0118145102980002	1.0128959316166
0.0118172914389873	1.01374384075516
0.0118200738896463	1.01296776250633
0.0118228576509026	1.01295323766302
0.0118256427236824	1.01316033784485
0.0118284291089128	1.01381850824346
0.0118312168075217	1.01260628820038
0.0118340058204378	1.01122948015204
0.011836796148591	1.01376028965939
0.0118395877929118	1.01105760012537
0.0118423807543316	1.01173152402516
0.0118451750337829	1.01275355293559
0.0118479706321986	1.01168179136601
0.0118507675505131	1.0133194347214
0.0118535657896613	1.01321946567967
0.0118563653505789	1.01377259231591
0.0118591662342028	1.01199042527376
0.0118619684414706	1.01292221542927
0.0118647719733208	1.01390329749472
0.0118675768306928	1.01231273242922
0.0118703830145269	1.01305906779939
0.0118731905257643	1.01106818252385
0.011875999365347	1.01154764477738
0.011878809534218	1.01216775620995
0.0118816210333212	1.01227668145933
0.0118844338636013	1.01292841408488
0.011887248026004	1.01315058296396
0.0118900635214758	1.0130468569738
0.0118928803509641	1.01368430427368
0.0118956985154172	1.01339302459807
0.0118985180157845	1.01322791039077
0.011901338853016	1.01211302365753
0.0119041610280628	1.01034677411161
0.0119069845418768	1.01291193240225
0.0119098093954109	1.01247109681883
0.0119126355896187	1.01075342487947
0.011915463125455	1.01212696951637
0.0119182920038753	1.01211413541991
0.0119211222258361	1.01295988713108
0.0119239537922947	1.01361274496371
0.0119267867042094	1.01326385099871
0.0119296209625395	1.01292091791938
0.011932456568245	1.01328648578181
0.011935293522287	1.01331886627984
0.0119381318256273	1.01372460206449
0.0119409714792289	1.01276010322734
0.0119438124840554	1.01160407856531
0.0119466548410717	1.01234675862054
0.0119494985512432	1.01300753591336
0.0119523436155366	1.01161934106449
0.0119551900349191	1.01304570199803
0.0119580378103593	1.01171174412375
0.0119608869428264	1.01240546735391
0.0119637374332906	1.01345052644006
0.0119665892827231	1.01301545012285
0.0119694424920958	1.01290428714782
0.0119722970623818	1.01129653439288
0.0119751529945551	1.01149803341507
0.0119780102895904	1.01362134592097
0.0119808689484635	1.01250085322668
0.0119837289721512	1.01347082733014
0.0119865903616311	1.01275877628998
0.0119894531178817	1.01144596785552
0.0119923172418826	1.01384533429235
0.0119951827346142	1.01303814776822
0.0119980495970579	1.01305114469549
0.0120009178301961	1.01282738736755
0.0120037874350119	1.01311729065781
0.0120066584124896	1.01396565083053
0.0120095307636144	1.01420829616313
0.0120124044893723	1.01341689292086
0.0120152795907504	1.01321611740724
0.0120181560687366	1.01301601168093
0.0120210339243198	1.01323306756921
0.01202391315849	1.01206635899457
0.012026793772238	1.0127952284731
0.0120296757665554	1.01238996222673
0.0120325591424351	1.01242329958832
0.0120354439008707	1.01378224780383
0.0120383300428569	1.01313197556676
0.0120412175693891	1.01392597871508
0.0120441064814641	1.01290249380328
0.0120469967800791	1.01265910426252
0.0120498884662328	1.01301690097413
0.0120527815409244	1.01300330330296
0.0120556760051545	1.01247118503563
0.0120585718599242	1.0132451555892
0.0120614691062359	1.01311080182274
0.0120643677450929	1.01350112144315
0.0120672677774993	1.01322919712403
0.0120701692044604	1.01245585266209
0.0120730720269823	1.01159146947323
0.0120759762460721	1.01394582545593
0.0120788818627379	1.0124660130141
0.0120817888779888	1.01207641081526
0.0120846972928349	1.01167383504489
0.012087607108287	1.01073754605537
0.0120905183253572	1.01148726894362
0.0120934309450585	1.01166163907468
0.0120963449684048	1.0114336721262
0.0120992603964109	1.01297816736669
0.0121021772300928	1.00795654588381
0.0121050954704674	1.00965494224773
0.0121080151185524	1.01248428838775
0.0121109361753668	1.01114764280827
0.0121138586419303	1.01263326629201
0.0121167825192637	1.00852310676006
0.0121197078083888	1.00983767656481
0.0121226345103284	1.00974548460963
0.0121255626261063	1.01146479871049
0.0121284921567471	1.01245204154802
0.0121314231032767	1.01053962612407
0.0121343554667217	1.01185111654541
0.0121372892481099	1.01149259576825
0.01214022444847	1.00971263568417
0.0121431610688317	1.01078975189282
0.0121460991102258	1.01199104849399
0.0121490385736839	1.01233818855377
0.0121519794602387	1.012944869033
0.0121549217709239	1.01248298162399
0.0121578655067743	1.00988389880656
0.0121608106688255	1.01057902486438
0.0121637572581144	1.01099638567406
0.0121667052756785	1.01127526782238
0.0121696547225566	1.01329725986868
0.0121726055997885	1.01065993582812
0.0121755579084149	1.00963090723146
0.0121785116494775	1.01199915642476
0.0121814668240192	1.00922388981254
0.0121844234330836	1.01302497150881
0.0121873814777156	1.00872083586582
0.0121903409589609	1.00947059631887
0.0121933018778665	1.01150343451171
0.01219626423548	1.01229976560577
0.0121992280328505	1.01227869335349
0.0122021932710277	1.00966992103297
0.0122051599510626	1.01160513430315
0.0122081280740071	1.01258289337977
0.012211097640914	1.01262222919998
0.0122140686528375	1.01244417194454
0.0122170411108324	1.0124354843827
0.0122200150159549	1.01252801732688
0.0122229903692618	1.01348799792172
0.0122259671718114	1.01232363625439
0.0122289454246628	1.01201823661733
0.012231925128876	1.0134893163546
0.0122349062855122	1.01293225468564
0.0122378888956337	1.01236878934957
0.0122408729603038	1.01267127894381
0.0122438584805866	1.01373417923672
0.0122468454575475	1.01344144238044
0.0122498338922528	1.0123087290323
0.0122528237857701	1.00965501450948
0.0122558151391677	1.00996608935359
0.012258807953515	1.01314877619103
0.0122618022298827	1.01230545167403
0.0122647979693424	1.01285731034191
0.0122677951729665	1.01167258377916
0.0122707938418289	1.01167136105186
0.0122737939770042	1.01236375459697
0.0122767955795683	1.01223090067952
0.0122797986505979	1.01112619136076
0.012282803191171	1.01218962539146
0.0122858092023664	1.0134251506839
0.0122888166852642	1.01044599734501
0.0122918256409454	1.01124256353901
0.0122948360704921	1.01061220588943
0.0122978479749876	1.01138040883652
0.012300861355516	1.01140592505047
0.0123038762131626	1.01125368860682
0.0123068925490139	1.01282449062593
0.0123099103641571	1.00940239231521
0.0123129296596809	1.01091102420816
0.0123159504366748	1.01235046340881
0.0123189726962293	1.00975503539926
0.0123219964394363	1.0111061605616
0.0123250216673885	1.01097623074571
0.0123280483811797	1.00896656712573
0.0123310765819049	1.01201495769984
0.0123341062706601	1.00981497513428
0.0123371374485422	1.01075331958828
0.0123401701166496	1.01162868240357
0.0123432042760814	1.0095648704876
0.0123462399279379	1.01203025920556
0.0123492770733206	1.0135435340168
0.0123523157133318	1.0107021425267
0.0123553558490753	1.01259935027317
0.0123583974816556	1.01200578552541
0.0123614406121785	1.01111649798136
0.0123644852417508	1.01338906839592
0.0123675313714805	1.01170500400127
0.0123705790024765	1.01273296833261
0.012373628135849	1.01309738139935
0.0123766787727092	1.01036247214356
0.0123797309141693	1.01234784948239
0.0123827845613428	1.01270200517319
0.0123858397153441	1.01072764136894
0.0123888963772889	1.01344573402081
0.0123919545482939	1.01144598493794
0.0123950142294768	1.01274839533706
0.0123980754219565	1.0131980216843
0.0124011381268532	1.0115002702205
0.0124042023452878	1.0122648479233
0.0124072680783826	1.0127856104752
0.012410335327261	1.01305396857354
0.0124134040930473	1.01388587451867
0.0124164743768672	1.01197610659404
0.0124195461798474	1.01143536189186
0.0124226195031155	1.01375716656503
0.0124256943478006	1.01334072960148
0.0124287707150326	1.01386224307465
0.0124318486059427	1.01279530673854
0.0124349280216631	1.01250499305687
0.0124380089633272	1.0142715701919
0.0124410914320696	1.01398356104106
0.0124441754290258	1.01307829184528
0.0124472609553327	1.01143220317557
0.0124503480121281	1.01335374613998
0.012453436600551	1.01336504975016
0.0124565267217416	1.01338251433363
0.0124596183768411	1.01379594984314
0.012462711566992	1.01102948621453
0.0124658062933378	1.01195570070857
0.0124689025570232	1.01345590129017
0.012472000359194	1.01323955956522
0.0124750997009972	1.01294224703128
0.0124782005835809	1.01255468368728
0.0124813030080943	1.01089048112283
0.0124844069756878	1.01343396905463
0.0124875124875129	1.01294104813329
0.0124906195447223	1.0133219840485
0.0124937281484699	1.01220332525555
0.0124968382999106	1.01127785589447
0.0124999500002004	1.01350618580415
0.0125030632504968	1.01336160306446
0.0125061780519581	1.01307479221309
0.0125092944057439	1.01394404480745
0.0125124123130149	1.01286908589029
0.0125155317749331	1.0133789635729
0.0125186527926615	1.01358466105713
0.0125217753673643	1.01255261702011
0.0125248995002068	1.01270564488395
0.0125280251923557	1.0139722561632
0.0125311524449786	1.01360933559167
0.0125342812592445	1.01365844885729
0.0125374116363232	1.01353472221714
0.0125405435773861	1.0118039595576
0.0125436770836055	1.01330657539163
0.012546812156155	1.01334575284934
0.0125499487962093	1.01345011276658
0.0125530870049443	1.01341640941085
0.0125562267835371	1.01205750697518
0.0125593681331659	1.01173932816761
0.0125625110550102	1.01310848150838
0.0125656555502505	1.0128496351684
0.0125688016200687	1.01274564824865
0.0125719492656477	1.01040543441914
0.0125750984881718	1.01212094984527
0.0125782492888262	1.0137035763624
0.0125814016687975	1.00917847116906
0.0125845556292735	1.01261306394179
0.012587711171443	1.01051191158074
0.0125908682964962	1.0095015893032
0.0125940270056244	1.01294977976579
0.0125971873000201	1.01213677143285
0.0126003491808769	1.01343266558032
0.0126035126493899	1.01267156796533
0.012606677706755	1.01270161335765
0.0126098443541696	1.01332721272013
0.0126130125928322	1.0122766343325
0.0126161824239425	1.01269168530836
0.0126193538487014	1.00949287111951
0.0126225268683111	1.01197197335982
0.0126257014839749	1.01229600167985
0.0126288776968973	1.01284128806759
0.012632055508284	1.01351390951436
0.0126352349193421	1.01191124166789
0.0126384159312798	1.01274932491173
0.0126415985453064	1.01168151371189
0.0126447827626326	1.01364258484364
0.0126479685844701	1.01211572443199
0.0126511560120322	1.01255976476466
0.012654345046533	1.0128054992841
0.0126575356891881	1.01208232915351
0.0126607279412141	1.01265478836602
0.0126639218038292	1.01272278813883
0.0126671172782524	1.01146012438031
0.0126703143657042	1.01197503480223
0.0126735130674063	1.01333204499717
0.0126767133845815	1.01325847598976
0.012679915318454	1.012917503773
0.0126831188702491	1.01341851928958
0.0126863240411934	1.01319402796643
0.0126895308325149	1.01165222994854
0.0126927392454425	1.01305118743161
0.0126959492812066	1.01083903083724
0.0126991609410387	1.01004584482268
0.0127023742261718	1.01162853684049
0.0127055891378398	1.01352800152216
0.0127088056772781	1.01402711584586
0.0127120238457232	1.01365840255864
0.0127152436444131	1.01334365528441
0.0127184650745866	1.01370781959232
0.0127216881374842	1.01376203349698
0.0127249128343475	1.01350340700681
0.0127281391664193	1.01168626919528
0.0127313671349438	1.01176276356288
0.0127345967411662	1.01260585798058
0.0127378279863333	1.01377570738665
0.0127410608716929	1.0132371242987
0.0127442953984942	1.01256155014698
0.0127475315679876	1.01223413663168
0.0127507693814249	1.01066961515941
0.012754008840059	1.01325284912914
0.0127572499451443	1.01324605994474
0.0127604926979361	1.01332212232119
0.0127637370996913	1.01296332404046
0.0127669831516681	1.01396474489455
0.0127702308551257	1.01406162733795
0.0127734802113249	1.01339462568423
0.0127767312215275	1.01196539833811
0.0127799838869967	1.01063246594226
0.0127832382089972	1.01065251812495
0.0127864941887946	1.01293077581713
0.012789751827656	1.01280979816111
0.0127930111268498	1.01294232227297
0.0127962720876457	1.01351650446396
0.0127995347113146	1.01289072921354
0.0128027989991288	1.01356654544654
0.0128060649523619	1.01323364198096
0.0128093325722886	1.01225269863635
0.0128126018601852	1.01160448210726
0.0128158728173291	1.01266431943071
0.0128191454449991	1.01319023297603
0.0128224197444753	1.01229165321104
0.0128256957170389	1.01264310826892
0.0128289733639728	1.0098844643433
0.0128322526865609	1.00871112181816
0.0128355336860885	1.01320339209442
0.0128388163638422	1.0138413215963
0.0128421007211101	1.01218206675163
0.0128453867591813	1.01166064042015
0.0128486744793464	1.01319368473827
0.0128519638828975	1.01329609707612
0.0128552549711275	1.01255025432838
0.0128585477453312	1.01023878182765
0.0128618422068045	1.00849925862967
0.0128651383568444	1.01180380779467
0.0128684361967496	1.01321644035342
0.0128717357278199	1.01260340312263
0.0128750369513565	1.01259025885823
0.012878339868662	1.01222016635292
0.0128816444810402	1.01330275352527
0.0128849507897964	1.0141453322611
0.0128882587962371	1.01177163274778
0.0128915685016702	1.01114072887683
0.0128948799074049	1.01167770628359
0.0128981930147518	1.01295859541149
0.012901507825023	1.01335520107683
0.0129048243395315	1.01283736075796
0.0129081425595922	1.01060491326148
0.0129114624865209	1.01075070825051
0.012914784121635	1.01167131989591
0.0129181074662532	1.01183170917558
0.0129214325216955	1.01270199061079
0.0129247592892834	1.01114078223493
0.0129280877703397	1.01192826319656
0.0129314179661884	1.01290138298908
0.0129347498781551	1.0133314292919
0.0129380835075666	1.01125194698307
0.0129414188557512	1.0109766061419
0.0129447559240385	1.01088191560285
0.0129480947137595	1.01159094847021
0.0129514352262465	1.01250485291099
0.0129547774628332	1.01393051566471
0.0129581214248547	1.0124857520745
0.0129614671136476	1.01285057219018
0.0129648145305497	1.0125966776586
0.0129681636769002	1.01225881065074
0.0129715145540398	1.01238534607432
0.0129748671633104	1.01152014752409
0.0129782215060556	1.01162444410714
0.01298157758362	1.01178767292945
0.0129849353973498	1.01263293604564
0.0129882949485928	1.01302944513362
0.0129916562386977	1.01319470239828
0.012995019269015	1.01075793190313
0.0129983840408965	1.01117860903918
0.0130017505556953	1.01347496984176
0.0130051188147659	1.01282574801227
0.0130084888194645	1.01218952613875
0.0130118605711483	1.01179738745214
0.0130152340711761	1.01235950689079
0.0130186093209081	1.01308461253221
0.013021986321706	1.01223249033995
0.0130253650749328	1.01194699694547
0.0130287455819528	1.00992607099549
0.013032127844132	1.0104927111789
0.0130355118628377	1.01288212607093
0.0130388976394384	1.01185288594841
0.0130422851753044	1.01250990343503
0.0130456744718072	1.01180246894327
0.0130490655303197	1.0125636080794
0.0130524583522163	1.01285216874827
0.0130558529388729	1.00996371938996
0.0130592492916668	1.00882780245215
0.0130626474119765	1.00943839224826
0.0130660473011822	1.01104581560067
0.0130694489606656	1.01260810972966
0.0130728523918095	1.01045043020238
0.0130762575959985	1.01081841372531
0.0130796645746184	1.01101105213601
0.0130830733290565	1.01266997182837
0.0130864838607016	1.01277069586293
0.013089896170944	1.01014963362802
0.0130933102611753	1.01017991109476
0.0130967261327887	1.01162488425206
0.0131001437871786	1.01361983916536
0.0131035632257413	1.01293409599775
0.0131069844498741	1.01039612736301
0.013110407460976	1.0089660617775
0.0131138322604474	1.00969098589163
0.0131172588496903	1.01008249574511
0.0131206872301079	1.011795127631
0.0131241174031051	1.01217733130313
0.0131275493700881	1.01279463160499
0.0131309831324647	1.01389813059935
0.0131344186916442	1.01358560941345
0.0131378560490372	1.01188303709267
0.0131412952060559	1.01015194690785
0.013144736164114	1.00971659194337
0.0131481789246267	1.00962058499401
0.0131516234890104	1.01112099731155
0.0131550698586834	1.01309695912158
0.0131585180350653	1.01299986375007
0.013161968019577	1.01274585733755
0.0131654198136413	1.01102651999379
0.0131688734186821	1.01033532482393
0.0131723288361251	1.01200687747355
0.0131757860673972	1.01101437017416
0.0131792451139271	1.01104638022733
0.0131827059771448	1.0107608720282
0.0131861686584818	1.01213166069303
0.0131896331593713	1.01284135858075
0.0131930994812478	1.01166254291904
0.0131965676255473	1.00951672882212
0.0132000375937075	1.00925882514922
0.0132035093871675	1.01126390452837
0.0132069830073678	1.01235665941669
0.0132104584557507	1.01226432693694
0.0132139357337597	1.01161058297542
0.0132174148428401	1.01185329793035
0.0132208957844385	1.01115707707522
0.0132243785600032	1.0127789980498
0.0132278631709838	1.01238957892046
0.0132313496188317	1.01001101284848
0.0132348379049997	1.0101339208731
0.0132383280309421	1.01217840373914
0.0132418199981148	1.01170486777506
0.0132453138079752	1.01194099458551
0.0132488094619822	1.01113134463955
0.0132523069615963	1.00894979132641
0.0132558063082796	1.01056681516599
0.0132593075034956	1.01123741972701
0.0132628105487094	1.0125116331721
0.0132663154453878	1.01190630548866
0.0132698221949989	1.01170460611257
0.0132733307990125	1.0115228970204
0.0132768412588999	1.01053908514769
0.0132803535761341	1.01116979403235
0.0132838677521894	1.01089870892124
0.0132873837885418	1.01045366054288
0.013290901686669	1.00982950265483
0.0132944214480501	1.01009911971356
0.0132979430741657	1.00988712630888
0.0133014665664982	1.00604157569975
0.0133049919265313	1.01265674360695
0.0133085191557506	1.00828130648471
0.0133120482556429	1.00919231635096
0.0133155792276968	1.00893082375432
0.0133191120734026	1.00858687996366
0.0133226467942519	1.0101080806035
0.013326183391738	1.00627094315511
0.0133297218673558	1.00953239886924
0.0133332622226019	1.0118449799125
0.0133368044589743	1.01199851842269
0.0133403485779726	1.01178373669803
0.0133438945810982	1.0115858830071
0.0133474424698539	1.00965213333775
0.0133509922457441	1.00964413391472
0.013354543910275	1.00642371290521
0.0133580974649541	1.01088299334841
0.0133616529112908	1.01111820141642
0.0133652102507959	1.01021579331664
0.013368769484982	1.01310457647835
0.013372330615363	1.01310302343298
0.0133758936434548	1.01083611404434
0.0133794585707746	1.00801231696629
0.0133830253988414	1.0097367195603
0.0133865941291757	1.00976084653455
0.0133901647632998	1.0070400177597
0.0133937373027375	1.0110848152245
0.0133973117490141	1.01006170209931
0.0134008881036569	1.01260663518875
0.0134044663681943	1.0137643474425
0.0134080465441569	1.00846542309607
0.0134116286330765	1.00997452906699
0.0134152126364868	1.01095032186432
0.013418798555923	1.00999845082071
0.013422386392922	1.00862826108503
0.0134259761490223	1.00717442069361
0.0134295678257642	1.01272959646564
0.0134331614246893	1.01172481934971
0.0134367569473413	1.01207399840448
0.0134403543952651	1.01257422149492
0.0134439537700077	1.01300183471962
0.0134475550731175	1.01188384089595
0.0134511583061445	1.01283217806661
0.0134547634706405	1.01241648872001
0.013458370568159	1.01136545003062
0.013461979600255	1.01276853483602
0.0134655905684854	1.0125913424848
0.0134692034744084	1.01333720550457
0.0134728183195843	1.0131976115516
0.0134764351055748	1.01208709958668
0.0134800538339434	1.01301198980904
0.0134836745062553	1.01372312247679
0.0134872971240771	1.01328963382857
0.0134909216889775	1.01282063472123
0.0134945482025266	1.01164179209239
0.0134981766662964	1.0130094291591
0.0135018070818603	1.01286838487209
0.0135054394507937	1.01132104995025
0.0135090737746734	1.01178390254695
0.0135127100550783	1.01206222079984
0.0135163482935885	1.01252764400588
0.0135199884917862	1.01320734133176
0.0135236306512552	1.01300151792706
0.0135272747735809	1.01324241795007
0.0135309208603505	1.01323541014895
0.0135345689131529	1.01138279179748
0.0135382189335787	1.01096584572041
0.0135418709232202	1.01114989785383
0.0135455248836715	1.01135647173022
0.0135491808165283	1.01111735151024
0.0135528387233881	1.01294179952408
0.0135564986058501	1.01386706421957
0.0135601604655153	1.01228329908937
0.0135638243039864	1.0108996852425
0.0135674901228676	1.01037521817865
0.0135711579237653	1.00980581806825
0.0135748277082872	1.01021366791595
0.0135784994780429	1.01266369558645
0.0135821732346439	1.01262342987359
0.0135858489797032	1.01332657681017
0.0135895267148356	1.01398837754767
0.0135932064416579	1.01044543575091
0.0135968881617882	1.01101446106917
0.0136005718768467	1.01104075101963
0.0136042575884553	1.00997816766925
0.0136079452982376	1.0110602855215
0.013611635007819	1.01319486032196
0.0136153267188265	1.01363373325146
0.0136190204328892	1.01080635803879
0.0136227161516376	1.01294189782696
0.0136264138767043	1.01154140607128
0.0136301136097234	1.01176802651741
0.013633815352331	1.01270572585722
0.0136375191061647	1.01001515616357
0.0136412248728642	1.0106140667586
0.0136449326540708	1.01246249961035
0.0136486424514277	1.01222898588742
0.0136523542665796	1.01080734557711
0.0136560681011733	1.01200604084032
0.0136597839568574	1.01327646934833
0.013663501835282	1.01304418452507
0.0136672217380993	1.01297567304395
0.0136709436669631	1.01352048342676
0.0136746676235292	1.01152228936748
0.013678393609455	1.01040405067248
0.0136821216263997	1.01267446233655
0.0136858516760246	1.0125862547728
0.0136895837599925	1.011658695377
0.0136933178799681	1.01176360538299
0.013697054037618	1.01112269327944
0.0137007922346106	1.01033345767802
0.0137045324726161	1.01370799571472
0.0137082747533063	1.01285357172349
0.0137120190783553	1.0114592870671
0.0137157654494387	1.01128582481065
0.0137195138682339	1.00990011404942
0.0137232643364202	1.01271756234123
0.013727016855679	1.00909624033638
0.0137307714276931	1.01063852990172
0.0137345280541475	1.01286960986878
0.0137382867367287	1.01185905404485
0.0137420474771254	1.01382917365245
0.013745810277028	1.01216863883068
0.0137495751381287	1.01324269157982
0.0137533420621215	1.01361329036837
0.0137571110507026	1.01171016236444
0.0137608821055695	1.01381668432498
0.0137646552284222	1.01389798026515
0.013768430420962	1.01298684571695
0.0137722076848923	1.01184254994652
0.0137759870219186	1.01215241192473
0.0137797684337479	1.01353537694084
0.0137835519220892	1.01194234956685
0.0137873374886535	1.01263953725553
0.0137911251351535	1.01245434550262
0.0137949148633039	1.01071353003958
0.0137987066748212	1.01358598838787
0.013802500571424	1.0129460475567
0.0138062965548324	1.01239424123957
0.0138100946267688	1.0119971688752
0.0138138947889573	1.01079756400716
0.0138176970431238	1.01182165426645
0.0138215013909964	1.01207634357826
0.0138253078343047	1.01073627324934
0.0138291163747806	1.01005496807514
0.0138329270141576	1.01243025355116
0.0138367397541714	1.01277825025469
0.0138405545965594	1.01075781323909
0.0138443715430609	1.01296405988309
0.0138481905954173	1.01331173915677
0.0138520117553717	1.01200570133079
0.0138558350246694	1.01272662323106
0.0138596604050573	1.01302419021296
0.0138634878982846	1.01096190206126
0.0138673175061021	1.00860489357398
0.0138711492302626	1.01243144451864
0.0138749830725211	1.01365344427908
0.0138788190346342	1.01129930323841
0.0138826571183607	1.01133314752141
0.0138864973254611	1.01246238841682
0.013890339657698	1.01304369742972
0.0138941841168361	1.01385469136429
0.0138980307046417	1.0128520919853
0.0139018794228834	1.00996659641375
0.0139057302733315	1.00871552339649
0.0139095832577584	1.01174090388874
0.0139134383779384	1.01320087280115
0.0139172956356479	1.01061562100113
0.0139211550326651	1.01047619340043
0.0139250165707702	1.01363156734969
0.0139288802517455	1.01413716382353
0.0139327460773751	1.01334053231522
0.0139366140494453	1.01305112873553
0.0139404841697443	1.01301290164545
0.013944356440062	1.01208860316479
0.0139482308621908	1.01318137153431
0.0139521074379247	1.01332634100727
0.0139559861690599	1.01274580069585
0.0139598670573945	1.01256476884118
0.0139637501047286	1.01211310393795
0.0139676353128643	1.0124226927472
0.0139715226836058	1.01337394121926
0.0139754122187593	1.0130882120047
0.0139793039201328	1.01303753300441
0.0139831977895366	1.01240872221289
0.0139870938287828	1.01208024497104
0.0139909920396856	1.01382771261924
0.0139948924240614	1.01308804037024
0.0139987949837283	1.01322784396808
0.0140026997205066	1.01116901786462
0.0140066066362186	1.01124362708789
0.0140105157326888	1.01219189084144
0.0140144270117434	1.01063911918418
0.014018340475211	1.01234758138505
0.0140222561249219	1.01219752594233
0.0140261739627088	1.01236243295273
0.0140300939904061	1.01175752830578
0.0140340162098505	1.01329600503925
0.0140379406228807	1.01274338018612
0.0140418672313374	1.01189942265983
0.0140457960370634	1.01136152784387
0.0140497270419035	1.01014856601188
0.0140536602477047	1.01270573951683
0.0140575956563159	1.00684531235457
0.0140615332695882	1.00562472539172
0.0140654730893747	1.0114455927461
0.0140694151175307	1.0107071103684
0.0140733593559135	1.01362337653313
0.0140773058063823	1.01197332363554
0.0140812544707988	1.01154815590088
0.0140852053510263	1.01170470968384
0.0140891584489306	1.01275849689157
0.0140931137663795	1.01222371394694
0.0140970713052427	1.00700615183137
0.0141010310673921	1.00747652785924
0.0141049930547019	1.01084529474373
0.0141089572690481	1.00991974321249
0.0141129237123091	1.01200533858817
0.0141168923863651	1.01208361993515
0.0141208632930987	1.01237097283104
0.0141248364343945	1.01293863334781
0.0141288118121393	1.01020880445049
0.0141327894282217	1.01324385797134
0.0141367692845329	1.01348199402891
0.0141407513829659	1.01129933664313
0.0141447357254161	1.01194863949384
0.0141487223137806	1.01105896231335
0.0141527111499592	1.01222160720434
0.0141567022358534	1.01292165534912
0.014160695573367	1.01191266333243
0.0141646911644061	1.01134919024453
0.0141686890108786	1.01293747616711
0.0141726891146949	1.013852346959
0.0141766914777674	1.01189661246152
0.0141806961020107	1.01223603811564
0.0141847029893415	1.01216824381614
0.0141887121416787	1.01328681106198
0.0141927235609434	1.01288206287848
0.0141967372490589	1.01173630940588
0.0142007532079506	1.00970779440328
0.0142047714395461	1.00799262025674
0.0142087919457752	1.01220789390161
0.0142128147285698	1.01335818153239
0.0142168397898642	1.01237920004829
0.0142208671315947	1.01085037080508
0.0142248967556998	1.01005457563485
0.0142289286641203	1.01184335311572
0.0142329628587992	1.01419287685195
0.0142369993416816	1.01290114220942
0.0142410381147149	1.01146685897906
0.0142450791798486	1.00982271602812
0.0142491225390345	1.01060571713472
0.0142531681942267	1.0119759785283
0.0142572161473813	1.00910260761708
0.0142612664004568	1.00742218846847
0.0142653189554139	1.0106303749969
0.0142693738142155	1.01121051319395
0.0142734309788267	1.01342271734508
0.0142774904512148	1.01263686851669
0.0142815522333496	1.01150847335589
0.0142856163272028	1.01067187245251
0.0142896827347485	1.01208270450228
0.0142937514579631	1.01117791318651
0.0142978224988252	1.00747606875139
0.0143018958593156	1.0076495464503
0.0143059715414174	1.00945126484573
0.014310049547116	1.0115885425117
0.0143141298783991	1.01407806789204
0.0143182125372565	1.01372284465051
0.0143222975256803	1.01337274133933
0.0143263848456652	1.01232121248449
0.0143304744992077	1.01188754617326
0.0143345664883069	1.01155027738226
0.0143386608149641	1.00939018754437
0.0143427574811828	1.0114264329493
0.0143468564889689	1.01178963455992
0.0143509578403306	1.01297681277469
0.0143550615372783	1.01247419337139
0.0143591675818247	1.01278920011859
0.0143632759759851	1.01254177484756
0.0143673867217766	1.01101029851761
0.014371499821219	1.0126327126919
0.0143756152763343	1.01026650835322
0.0143797330891468	1.01161790143714
0.014383853261683	1.01287146602781
0.0143879757959721	1.01259165461305
0.0143921006940451	1.01063709111578
0.0143962279579358	1.01118940928185
0.0144003575896801	1.01185644089798
0.0144044895913163	1.01107546194095
0.0144086239648849	1.01007534678693
0.014412760712429	1.00995415293775
0.0144168998359938	1.01271530439619
0.014421041337627	1.01232397064051
0.0144251852193787	1.0128039662674
0.0144293314833011	1.01257737627094
0.0144334801314491	1.01214267326627
0.0144376311658796	1.01290039174962
0.0144417845886522	1.00915614627543
0.0144459404018287	1.01074864150219
0.0144500986074734	1.0054855764799
0.0144542592076527	1.01126278586043
0.0144584222044356	1.01073080481524
0.0144625875998936	1.01103478246098
0.0144667553961002	1.00540859780099
0.0144709255951318	1.00816782009045
0.0144750981990666	1.01359923728419
0.0144792732099858	1.01261814346452
0.0144834506299726	1.01025172010035
0.0144876304611128	1.00991390574672
0.0144918127054944	1.00756475161051
0.014495997365208	1.01227721224193
0.0145001844423466	1.01072205513504
0.0145043739390055	1.00844280592804
0.0145085658572826	1.00397002937299
0.0145127601992781	1.01054443794128
0.0145169569670946	1.014080401137
0.0145211561628372	1.01269388185245
0.0145253577886135	1.0097422022803
0.0145295618465334	1.01067041360346
0.0145337683387094	1.01339464018119
0.0145379772672562	1.01136378142961
0.0145421886342912	1.00650677870424
0.0145464024419341	1.00721540586836
0.0145506186923073	1.01128520694127
0.0145548373875352	1.01253137704682
0.0145590585297452	1.01347113485456
0.0145632821210668	1.01328394379337
0.014567508163632	1.01320661758392
0.0145717366595756	1.01190219159956
0.0145759676110344	1.01222669753285
0.014580201020148	1.01231345022423
0.0145844368890584	1.01312427325122
0.0145886752199102	1.01123901381144
0.0145929160148502	1.01341890828623
0.0145971592760281	1.01315382945513
0.0146014050055957	1.01339809704211
0.0146056532057077	1.01172963818437
0.0146099038785209	1.01232589209897
0.0146141570261949	1.01236800025694
0.0146184126508917	1.01082959783951
0.0146226707547759	1.01300796487228
0.0146269313400146	1.01374887365622
0.0146311944087773	1.01281552852315
0.0146354599632362	1.01283889583447
0.0146397280055659	1.01343613110866
0.0146439985379437	1.01255438861964
0.0146482715625492	1.01079378330117
0.0146525470815647	1.01061277038383
0.0146568250971752	1.01000676330685
0.014661105611568	1.0121530473093
0.0146653886269329	1.01226929619484
0.0146696741454626	1.01253166586407
0.0146739621693521	1.0115583999598
0.014678252700799	1.01069985052098
0.0146825457420035	1.0115684613689
0.0146868412951684	1.01319079879476
0.014691139362499	1.01305331257929
0.0146954399462034	1.009535279873
0.014699743048492	1.0114475876025
0.0147040486715779	1.01286950215589
0.0147083568176769	1.01177267471986
0.0147126674890072	1.01111624020639
0.0147169806877897	1.00997701140251
0.0147212964162481	1.00935170965875
0.0147256146766083	1.01274553910753
0.0147299354710992	1.01390841874737
0.014734258801952	1.01298656214138
0.0147385846714008	1.01185457319774
0.0147429130816821	1.01250999904755
0.0147472440350352	1.01340822105735
0.0147515775337019	1.01189199296157
0.0147559135799268	1.00989987690264
0.0147602521759568	1.00935371739042
0.014764593324042	1.00948439211587
0.0147689370264345	1.01278676988095
0.0147732832853896	1.01351147339499
0.0147776321031649	1.01299765223202
0.0147819834820208	1.01149492846325
0.0147863374242205	1.0128352792139
0.0147906939320295	1.01312176843043
0.0147950530077164	1.01155435810151
0.0147994146535521	1.0127113866073
0.0148037788718104	1.01083137603199
0.0148081456647677	1.01203410182696
0.0148125150347032	1.01363482959814
0.0148168869838987	1.01296919057309
0.0148212615146385	1.01101353299706
0.0148256386292101	1.01186049412212
0.0148300183299031	1.01176741022634
0.0148344006190103	1.01361420582104
0.014838785498827	1.01359040554263
0.0148431729716512	1.01361484088157
0.0148475630397836	1.01246834061349
0.0148519557055278	1.0128176292151
0.0148563509711898	1.01354675331558
0.0148607488390788	1.01216033770512
0.0148651493115062	1.01099498300493
0.0148695523907866	1.00986610044316
0.014873958079237	1.0106448222098
0.0148783663791774	1.01111303874105
0.0148827772929304	1.01255665464345
0.0148871908228215	1.01304848751523
0.0148916069711787	1.01212669852506
0.014896025740333	1.01348493403126
0.014900447132618	1.01386662390496
0.0149048711503704	1.01109444633518
0.0149092977959292	1.0106621409099
0.0149137270716365	1.00830875112938
0.0149181589798371	1.01226625976526
0.0149225935228786	1.01310650606232
0.0149270307031114	1.01367275751567
0.0149314705228886	1.01227381698572
0.0149359129845663	1.01195173272166
0.0149403580905032	1.01286776944204
0.0149448058430609	1.01321876838341
0.0149492562446038	1.01302305332419
0.0149537092974991	1.01083877815424
0.014958165004117	1.01034956528408
0.0149626233668301	1.01219713629612
0.0149670843880144	1.01302850974095
0.0149715480700482	1.01296492533243
0.0149760144153129	1.01097604426775
0.0149804834261928	1.01098593897065
0.014984955105075	1.0114367900404
0.0149894294543493	1.0135497136215
0.0149939064764085	1.01333081607855
0.0149983861736482	1.01193760180368
0.0150028685484669	1.01180269754648
0.0150073536032661	1.01240679777256
0.0150118413404498	1.01403435028432
0.0150163317624253	1.0129649318238
0.0150208248716025	1.01243880289323
0.0150253206703942	1.01126039437028
0.0150298191612163	1.01219112939485
0.0150343203464874	1.01331646277388
0.0150388242286291	1.01285855876116
0.0150433308100658	1.01218503679389
0.0150478400932249	1.01184765406532
0.0150523520805366	1.01159827621575
0.0150568667744342	1.01264589706841
0.0150613841773537	1.01274721724226
0.0150659042917342	1.01216593449794
0.0150704271200177	1.01225618463591
0.0150749526646491	1.01235627411469
0.0150794809280762	1.01270397469329
0.0150840119127497	1.01190083568471
0.0150885456211235	1.00982858106585
0.0150930820556541	1.01163903790004
0.0150976212188012	1.01224043499692
0.0151021631130275	1.01320601048559
0.0151067077407984	1.01328054951234
0.0151112551045824	1.01208744861292
0.0151158052068512	1.01319185657872
0.0151203580500791	1.01270791283209
0.0151249136367436	1.01316588518395
0.0151294719693252	1.01267704286185
0.0151340330503072	1.01073129769181
0.0151385968821762	1.01167769512823
0.0151431634674215	1.01212268765658
0.0151477328085356	1.0119051116896
0.0151523049080139	1.01264783862621
0.0151568797683549	1.01155323597771
0.01516145739206	1.01361216712091
0.0151660377816338	1.01320125276318
0.0151706209395838	1.01230985872657
0.0151752068684205	1.01191877376128
0.0151797955706576	1.01167581657672
0.0151843870488116	1.01273469240318
0.0151889813054023	1.01220336943274
0.0151935783429524	1.01334849482927
0.0151981781639876	1.01364320752284
0.0152027807710369	1.01264963923191
0.0152073861666321	1.01303075323358
0.0152119943533082	1.01219115118416
0.0152166053336032	1.01367747237645
0.0152212191100584	1.01239934433819
0.0152258356852179	1.01280887853287
0.015230455061629	1.01264119125089
0.0152350772418421	1.01175015793615
0.0152397022284107	1.01244543889819
0.0152443300238914	1.01074838334707
0.0152489606308439	1.01115967504112
0.015253594051831	1.0096845194355
0.0152582302894186	1.01086773386194
0.0152628693461758	1.00948271661322
0.0152675112246747	1.01163890308062
0.0152721559274907	1.00797722285599
0.0152768034572022	1.00945220170008
0.0152814538163908	1.01149767954557
0.0152861070076411	1.01170533324465
0.0152907630335411	1.01206473178707
0.0152954218966817	1.00917398796361
0.0153000835996573	1.01153467907756
0.015304748145065	1.00781210881257
0.0153094155355055	1.01199930227226
0.0153140857735823	1.01001759159386
0.0153187588619025	1.01272195629503
0.015323434803076	1.01258033756527
0.015328113599716	1.00847417060491
0.015332795254439	1.01118935924863
0.0153374797698647	1.00432794553696
0.0153421671486158	1.00810699850917
0.0153468573933183	1.0087424643664
0.0153515505066016	1.01173508057746
0.0153562464910982	1.01385001687679
0.0153609453494436	1.00988885437917
0.0153656470842768	1.01067558531804
0.0153703516982399	1.00686875349644
0.0153750591939784	1.01055229686331
0.0153797695741408	1.00895468624448
0.0153844828413791	1.00970694895241
0.0153891989983483	1.00785073332514
0.0153939180477068	1.00560016278068
0.0153986399921164	1.0095353412301
0.0154033648342418	1.00902616527231
0.0154080925767513	1.01080047021999
0.0154128232223163	1.01113351835169
0.0154175567736115	1.01058228224449
0.0154222932333151	1.01069822000303
0.0154270326041083	1.00861371396532
0.0154317748886757	1.01034777049865
0.0154365200897052	1.01127690278073
0.0154412682098881	1.01324688324146
0.0154460192519189	1.01257934267339
0.0154507732184954	1.01191914858276
0.0154555301123189	1.00816893446254
0.0154602899360938	1.00811155352668
0.015465052692528	1.00989019818896
0.0154698183843326	1.01066449697048
0.0154745870142222	1.01259203621904
0.0154793585849147	1.01209188267387
0.0154841330991311	1.01138589678
0.0154889105595962	1.01110802695105
0.0154936909690379	1.01024456950694
0.0154984743301874	1.00912434061964
0.0155032606457795	1.01127176780694
0.0155080499185522	1.01009692213684
0.015512842151247	1.01058097746882
0.0155176373466086	1.00832297397768
0.0155224355073854	1.01091855899447
0.015527236636329	1.01139615880026
0.0155320407361944	1.01130351931377
0.01553684780974	1.01094453885082
0.0155416578597277	1.00487014327392
0.0155464708889228	1.00579637365369
0.015551286900094	1.00248830141594
0.0155561058960135	1.01043787427872
0.0155609278794568	1.01236640000073
0.015565752853203	1.01268916961273
0.0155705808200345	1.01107163908593
0.0155754117827372	1.00554865705113
0.0155802457441006	1.00654020676372
0.0155850827069174	1.00229157626117
0.015589922673984	1.00945841395645
0.0155947656481002	1.00987058511089
0.0155996116320693	1.01211387874561
0.015604460628698	1.01219505330167
0.0156093126407965	1.00784106331584
0.0156141676711786	1.00319809113059
0.0156190257226616	1.0056842902931
0.0156238867980661	1.00418132703289
0.0156287509002165	1.00900269456302
0.0156336180319406	1.01246907211653
0.0156384881960696	1.01253267890518
0.0156433613954384	1.01142115655161
0.0156482376328853	1.01073209900992
0.0156531169112523	1.01028432188052
0.0156579992333848	1.01059434355688
0.0156628846021319	1.01065674195461
0.015667773020346	1.01158797455178
0.0156726644908834	1.01142558519933
0.0156775590166036	1.01170295721207
0.0156824566003701	1.01182494757265
0.0156873572450496	1.01160197713959
0.0156922609535125	1.01257810346184
0.0156971677286329	1.01195042269697
0.0157020775732884	1.01386224097298
0.0157069904903602	1.01291088665868
0.0157119064827331	1.01040487933741
0.0157168255532956	1.00996523874657
0.0157217477049398	1.01094231222957
0.0157266729405612	1.012924104114
0.0157316012630593	1.01222149137037
0.0157365326753369	1.01307682948904
0.0157414671803007	1.0118245209221
0.0157464047808609	1.01272856475788
0.0157513454799314	1.01332230093142
0.0157562892804297	1.01063680352702
0.015761236185277	1.00848844222613
0.0157661861973982	1.0103349242031
0.0157711393197219	1.01259131464705
0.0157760955551802	1.01330781126245
0.0157810549067092	1.01219591898564
0.0157860173772484	1.01037078046795
0.0157909829697412	1.00908157278328
0.0157959516871345	1.01025637631958
0.0158009235323791	1.00961166876622
0.0158058985084295	1.01168796689832
0.0158108766182437	1.01139369557358
0.0158158578647838	1.01288758039842
0.0158208422510152	1.01118915317473
0.0158258297799075	1.00949182372069
0.0158308204544337	1.00392880086558
0.0158358142775706	1.00544539813069
0.015840811252299	1.00652027122883
0.0158458113816031	1.01208234877245
0.0158508146684712	1.0130786608512
0.0158558211158951	1.01204171434045
0.0158608307268706	1.01135421329945
0.0158658435043972	1.00579508666246
0.0158708594514782	1.00594277390243
0.0158758785711206	1.00753134832464
0.0158809008663354	1.01082986825286
0.0158859263401372	1.0129942820429
0.0158909549955447	1.01299718981442
0.01589598683558	1.01270133638462
0.0159010218632695	1.01062417576512
0.0159060600816431	1.01144518224851
0.0159111014937347	1.00943626784222
0.015916146102582	1.00957643374252
0.0159211939112265	1.00974089368597
0.0159262449227136	1.01166419998419
0.0159312991400927	1.01153191732717
0.0159363565664168	1.00959022053472
0.0159414172047431	1.0129630213357
0.0159464810581324	1.01243827694792
0.0159515481296496	1.01318849045577
0.0159566184223632	1.01200150087473
0.0159616919393461	1.01268989396762
0.0159667686836745	1.00903680164824
0.0159718486584291	1.00992297468219
0.0159769318666941	1.01149542928363
0.0159820183115578	1.01134142349017
0.0159871079961124	1.01301550116319
0.0159922009234541	1.01150539049104
0.015997297096683	1.0121749668724
0.0160023965189032	1.01254469238858
0.0160074991932225	1.01318991658068
0.0160126051227531	1.01352600778089
0.0160177143106109	1.01259117969536
0.0160228267599157	1.01377616918428
0.0160279424737916	1.01315707313986
0.0160330614553664	1.01253247137991
0.016038183707772	1.012569116255
0.0160433092341442	1.01266659291346
0.0160484380376232	1.01350778151689
0.0160535701213526	1.01386097820527
0.0160587054884806	1.01229201632422
0.0160638441421591	1.01109006651678
0.0160689860855441	1.01257508309969
0.0160741313217956	1.01239915346895
0.0160792798540778	1.01288915130945
0.0160844316855589	1.01177275875315
0.016089586819411	1.01232614513243
0.0160947452588104	1.01291225773209
0.0160999070069376	1.01214270869606
0.016105072066977	1.01309600375606
0.016110240442117	1.01216692096874
0.0161154121355504	1.01169876364235
0.0161205871504739	1.01239153484662
0.0161257654900883	1.01088073977384
0.0161309471575986	1.01251883882402
0.0161361321562137	1.01038620785464
0.0161413204891471	1.01188836944437
0.0161465121596159	1.01347098024533
0.0161517071708416	1.01384153142964
0.0161569055260499	1.01285696656295
0.0161621072284706	1.01236534864499
0.0161673122813376	1.0119987748666
0.016172520687889	1.01176610624311
0.016177732451367	1.01109957175047
0.0161829475750182	1.01109012810927
0.0161881660620931	1.01183142332751
0.0161933879158467	1.01381412409901
0.0161986131395379	1.01367611236183
0.0162038417364301	1.01279495110194
0.0162090737097906	1.0139569576551
0.0162143090628913	1.0130183117215
0.0162195477990079	1.01219983356591
0.0162247899214206	1.01132737692632
0.0162300354334139	1.01042478393079
0.0162352843382763	1.01183103173112
0.0162405366393008	1.01338350302234
0.0162457923397845	1.01189847905545
0.0162510514430289	1.01358956410065
0.0162563139523396	1.01213160678455
0.0162615798710266	1.01306946107563
0.0162668492024043	1.01153251158116
0.0162721219497912	1.01069873747306
0.0162773981165102	1.01241190278615
0.0162826777058884	1.00957325618947
0.0162879607212575	1.01320650454769
0.0162932471659531	1.00938268408907
0.0162985370433155	1.01272288610312
0.0163038303566892	1.01177563693273
0.016309127109423	1.01308750505434
0.0163144273048702	1.01324222842626
0.0163197309463882	1.01205720828596
0.0163250380373391	1.01300000635794
0.0163303485810892	1.01375658292379
0.016335662581009	1.01318240144523
0.0163409800404738	1.01323371190288
0.016346300962863	1.01248785253446
0.0163516253515604	1.01181422656279
0.0163569532099544	1.01223441905657
0.0163622845414376	1.01310875363861
0.0163676193494073	1.01088318959908
0.0163729576372648	1.01237469569682
0.0163782994084163	1.0105558191969
0.0163836446662722	1.0130694998251
0.0163889934142474	1.01300567998687
0.0163943456557612	1.01225879915316
0.0163997013942375	1.01218230162785
0.0164050606331046	1.01147754053746
0.0164104233757952	1.01359041830221
0.0164157896257468	1.01240452017094
0.0164211593864009	1.0111745605924
0.0164265326612039	1.01080929421411
0.0164319094536066	1.01132095656086
0.0164372897670644	1.01151993365359
0.0164426736050369	1.01239778742849
0.0164480609709887	1.01235851235344
0.0164534518683887	1.01229781736457
0.0164588463007102	1.01301550433368
0.0164642442714313	1.01319735567751
0.0164696457840347	1.01133283555957
0.0164750508420074	1.01160452649344
0.0164804594488412	1.0124425334162
0.0164858716080324	1.01270720706245
0.016491287323082	1.0118856475281
0.0164967065974954	1.01171331315351
0.0165021294347828	1.01258834829002
0.0165075558384589	1.01300800773888
0.0165129858120431	1.01311012357664
0.0165184193590594	1.01299516726414
0.0165238564830364	1.01271218727502
0.0165292971875075	1.01395085374823
0.0165347414760106	1.01241741370957
0.0165401893520882	1.01161790403896
0.0165456408192877	1.0116036204536
0.016551095881161	1.01336752945939
0.0165565545412647	1.01342184357778
0.0165620168031603	1.013838992354
0.0165674826704136	1.01378831893281
0.0165729521465956	1.01171823865519
0.0165784252352815	1.01228509805354
0.0165839019400517	1.01383910636103
0.016589382264491	1.01161992433809
0.0165948662121891	1.01213310223733
0.0166003537867404	1.01325333257115
0.0166058449917441	1.01245265541563
0.016611339830804	1.0138670131912
0.016616838307529	1.01317816869341
0.0166223404255324	1.01236442284101
0.0166278461884326	1.01164203130847
0.0166333555998525	1.01330573616631
0.0166388686634201	1.01206111536166
0.0166443853827681	1.00990180589429
0.0166499057615339	1.01236892494317
0.0166554298033598	1.01209132764753
0.0166609575118931	1.01230711412852
0.0166664888907857	1.01302759183192
0.0166720239436944	1.01232831479266
0.016677562674281	1.01081109398088
0.0166831050862121	1.0127921554967
0.0166886511831591	1.01264880867048
0.0166942009687984	1.01023084874167
0.0166997544468111	1.01152485217078
0.0167053116208835	1.01236923628131
0.0167108724947065	1.01173536469715
0.0167164370719761	1.01232048783499
0.0167220053563933	1.01394645517159
0.0167275773516637	1.01235813722039
0.0167331530614982	1.01351364383031
0.0167387324896124	1.01297768118308
0.0167443156397271	1.01069629747257
0.0167499025155679	1.01062452924007
0.0167554931208652	1.01203816213452
0.0167610874593549	1.01204609836458
0.0167666855347773	1.01140936691501
0.0167722873508781	1.01287502365591
0.0167778929114079	1.01295972875577
0.0167835022201222	1.01320127774849
0.0167891152807817	1.01374143300024
0.016794732097152	1.01244349811296
0.0168003526730038	1.01218686529019
0.0168059770121129	1.01391422269353
0.0168116051182601	1.01302839781467
0.0168172369952311	1.01131194023085
0.0168228726468171	1.01023158138132
0.0168285120768139	1.01147036255695
0.0168341552890227	1.01270415248793
0.0168398022872498	1.01259779204344
0.0168454530753064	1.01317029740929
0.016851107657009	1.01407136665579
0.0168567660361792	1.01136494406749
0.0168624282166436	1.01360500408834
0.0168680942022341	1.01273593566279
0.0168737639967877	1.01257702315961
0.0168794376041466	1.01300047526504
0.0168851150281581	1.01398953933618
0.0168907962726747	1.01315227756234
0.0168964813415541	1.01169456741463
0.0169021702386591	1.01208834967102
0.016907862967858	1.01104976917643
0.0169135595330239	1.01091636975225
0.0169192599380354	1.01291254302039
0.0169249641867763	1.01202870200767
0.0169306722831355	1.01232884750007
0.0169363842310074	1.01157716635607
0.0169421000342913	1.01136314218753
0.0169478196968921	1.013393582142
0.0169535432227199	1.01384880351294
0.0169592706156899	1.01058636136371
0.0169650018797227	1.00998168580812
0.0169707370187443	1.01087969870445
0.016976476036686	1.01261012184168
0.0169822189374842	1.0126519496033
0.0169879657250809	1.01261397723881
0.0169937164034232	1.01062408117223
0.0169994709764637	1.01184434929742
0.0170052294481604	1.01290917416641
0.0170109918224765	1.01217444231687
0.0170167581033807	1.01129192058867
0.017022528294847	1.01269667134529
0.0170283024008549	1.01288073853954
0.0170340804253892	1.01201308479426
0.0170398623724401	1.01046659522127
0.0170456482460033	1.01016389958254
0.0170514380500799	1.0098160234076
0.0170572317886764	1.0130512913438
0.0170630294658048	1.01377403164966
0.0170688310854826	1.013205035348
0.0170746366517326	1.01116268835552
0.0170804461685831	1.01025595780198
0.0170862596400682	1.01244875135601
0.0170920770702271	1.01332660034645
0.0170978984631046	1.0130228428224
0.0171037238227512	1.01033553792709
0.0171095531532227	1.00947626873539
0.0171153864585806	1.01303290722215
0.0171212237428918	1.01334479773192
0.0171270650102288	1.01205382821563
0.0171329102646697	1.01300578100762
0.0171387595102982	1.01379773703499
0.0171446127512034	1.01327506177473
0.0171504699914802	1.01418023341943
0.0171563312352289	1.01286689012891
0.0171621964865556	1.01237762810322
0.017168065749572	1.01282879894183
0.0171739390283952	1.0137303716467
0.0171798163271482	1.01300655343566
0.0171856976499595	1.01318410252686
0.0171915830009632	1.01333570868261
0.0171974723842993	1.01322647685577
0.0172033658041133	1.01281272800725
0.0172092632645564	1.01374686508894
0.0172151647697855	1.0129409085815
0.0172210703239633	1.0120783095776
0.017226979931258	1.01181892063325
0.0172328935958437	1.01318751002088
0.0172388113219001	1.01359410098608
0.0172447331136129	1.01264607942488
0.0172506589751734	1.01226645348546
0.0172565889107784	1.01123461028543
0.0172625229246309	1.01110512250792
0.0172684610209395	1.01284171500423
0.0172744032039186	1.01194584231713
0.0172803494777883	1.01219462925875
0.0172862998467747	1.01192122616797
0.0172922543151096	1.01318904156765
0.0172982128870307	1.0128431142358
0.0173041755667815	1.01114194629558
0.0173101423586113	1.00953635841084
0.0173161132667753	1.01010962943102
0.0173220882955347	1.01207658524753
0.0173280674491565	1.01314758006957
0.0173340507319135	1.01182978794563
0.0173400381480844	1.01362366186214
0.0173460297019541	1.01226980134727
0.017352025397813	1.01204987393645
0.0173580252399578	1.01231947392269
0.017364029232691	1.01275987940613
0.0173700373803209	1.01123560615095
0.0173760496871621	1.01137148465259
0.0173820661575349	1.01002270314639
0.0173880867957656	1.01238545844751
0.0173941116061867	1.0130100858431
0.0174001405931365	1.01227950832722
0.0174061737609594	1.01190272041532
0.0174122111140059	1.01114326654212
0.0174182526566324	1.0128643445078
0.0174242983932014	1.01142603438823
0.0174303483280815	1.01187243674932
0.0174364024656473	1.01276959429444
0.0174424608102796	1.01277111479995
0.0174485233663651	1.0122667271933
0.0174545901382967	1.01117732071246
0.0174606611304735	1.012453561353
0.0174667363473007	1.01274528741378
0.0174728157931895	1.01280695510461
0.0174788994725572	1.01316702189768
0.0174849873898276	1.01192803112385
0.0174910795494303	1.01124671059559
0.0174971759558012	1.01369509256528
0.0175032766133825	1.01306392938824
0.0175093815266225	1.01375407061895
0.0175154906999756	1.0123097852548
0.0175216041379025	1.01042357060841
0.0175277218448704	1.01022219299643
0.0175338438253522	1.00802393449613
0.0175399700838275	1.01159156846834
0.0175461006247821	1.0109401102307
0.0175522354527078	1.00935186172028
0.0175583745721029	1.01030648790512
0.0175645179874721	1.00924278299373
0.0175706657033261	1.01247360707462
0.0175768177241823	1.01297089511049
0.017582974054564	1.01132118994611
0.0175891346990012	1.01108186560193
0.01759529966203	1.00889290817664
0.017601468948193	1.00969302487695
0.0176076425620393	1.01279382564727
0.017613820508124	1.01071156586044
0.0176200027910089	1.01041060633416
0.0176261894152622	1.00874766854308
0.0176323803854584	1.00786686525705
0.0176385757061785	1.01222983898129
0.0176447753820099	1.01198021394283
0.0176509794175464	1.01241017872943
0.0176571878173885	1.01161260296097
0.0176634005861428	1.00916346424221
0.0176696177284227	1.0101108901923
0.017675839248848	1.00827220032786
0.0176820651520451	1.00766472976482
0.0176882954426466	1.00996697763172
0.0176945301252919	1.01207131518656
0.0177007692046271	1.01284044284753
0.0177070126853044	1.01270620174628
0.0177132605719829	1.00927681516242
0.0177195128693283	1.00802200836404
0.0177257695820127	1.00942779498913
0.0177320307147148	1.00858547503913
0.0177382962721202	1.0095198595625
0.0177445662589207	1.01296191685899
0.0177508406798151	1.01192816578408
0.0177571195395087	1.00861094238609
0.0177634028427134	1.00579884100349
0.0177696905941479	1.00748103106533
0.0177759827985375	1.01145194894454
0.0177822794606142	1.01237701376001
0.0177885805851167	1.01260795781074
0.0177948861767906	1.01008069517284
0.0178011962403879	1.00965980465739
0.0178075107806675	1.00983624670078
0.0178138298023953	1.00655432491847
0.0178201533103435	1.01159560239245
0.0178264813092914	1.01350228912133
0.017832813804025	1.01242570986703
0.0178391507993372	1.01082802392553
0.0178454923000275	1.00489652805227
0.0178518383109024	1.00628901527075
0.0178581888367752	1.01140040953573
0.0178645438824661	1.01278770231653
0.017870903452802	1.0130100770946
0.0178772675526169	1.01246945827261
0.0178836361867515	1.01153672567118
0.0178900093600534	1.01339208260286
0.0178963870773773	1.01144269500454
0.0179027693435847	1.00993987151589
0.0179091561635441	1.01089360711267
0.0179155475421307	1.01071967561216
0.0179219434842271	1.01216775392543
0.0179283439947224	1.01128688283655
0.0179347490785131	1.01212964805047
0.0179411587405025	1.01277039683731
0.0179475729856008	1.01337529950448
0.0179539918187255	1.01335465645545
0.017960415244801	1.01332519440811
0.0179668432687586	1.00980060948599
0.017973275895537	1.0103504587975
0.0179797131300816	1.01332634646452
0.0179861549773452	1.01287931419824
0.0179926014422874	1.01214300462641
0.0179990525298753	1.00760933686972
0.0180055082450828	1.00885044342298
0.0180119685928911	1.01264300186744
0.0180184335782884	1.01318212649834
0.0180249032062703	1.01289988166847
0.0180313774818393	1.01323777808604
0.0180378564100053	1.01260419269254
0.0180443399957854	1.01231358801013
0.0180508282442037	1.00985141577785
0.0180573211602917	1.00843109861287
0.0180638187490883	1.01129939553118
0.0180703210156393	1.0131436879214
0.018076827964998	1.01278224535498
0.0180833396022249	1.01296571183028
0.0180898559323879	1.00802586521582
0.018096376960562	1.0099472586394
0.0181029026918297	1.00877613539897
0.0181094331312809	1.00937792004456
0.0181159682840125	1.01337459629961
0.0181225081551292	1.01064776670422
0.0181290527497427	1.01076696060222
0.0181356020729724	1.0085285707217
0.0181421561299448	1.01071888411523
0.018148714925794	1.0115559542336
0.0181552784656616	1.00933635584261
0.0181618467546964	1.01033688700226
0.0181684197980549	1.0101191568185
0.0181749976009008	1.01284099324501
0.0181815801684056	1.01162052204125
0.018188167505748	1.01161925519499
0.0181947596181143	1.01185598609636
0.0182013565106985	1.01380081467842
0.018207958188702	1.01175301064526
0.0182145646573336	1.01133148724725
0.0182211759218098	1.00996610174008
0.0182277919873548	1.01100260814273
0.0182344128592002	1.01153376918518
0.0182410385425853	1.00854283360701
0.018247669042757	1.00989587602967
0.0182543043649698	1.00974729755257
0.0182609445144858	1.01249035101351
0.018267589496575	1.01176842824291
0.0182742393165147	1.01074922547925
0.0182808939795903	1.01040296296581
0.0182875534910945	1.0103739290713
0.018294217856328	1.01333665924772
0.0183008870805991	1.01312152955684
0.0183075611692239	1.01360728111476
0.0183142401275262	1.01120306348066
0.0183209239608377	1.0130418020452
0.0183276126744977	1.01256096973869
0.0183343062738534	1.01382533518005
0.0183410047642599	1.01286090281405
0.0183477081510799	1.01284104655332
0.0183544164396842	1.01339596995925
0.0183611296354513	1.01255963931816
0.0183678477437676	1.01394685370618
0.0183745707700273	1.01303059063353
0.0183812987196328	1.01380832655062
0.018388031597994	1.01404187601524
0.0183947694105291	1.01363437736457
0.018401512162664	1.01328957722654
0.0184082598598327	1.01088601126744
0.018415012507477	1.0126109575632
0.0184217701110469	1.0129581036879
0.0184285326760004	1.01267698250344
0.0184353002078032	1.01265558072664
0.0184420727119294	1.01244659234399
0.018448850193861	1.01360930274346
0.0184556326590881	1.01277481858678
0.0184624201131087	1.01307978177987
0.0184692125614291	1.01299458680755
0.0184760100095637	1.01238441963247
0.0184828124630349	1.01231952060231
0.0184896199273733	1.01211751518927
0.0184964324081176	1.01248572380871
0.0185032499108149	1.0130414209745
0.01851007244102	1.01253166062507
0.0185169000042964	1.01291290209688
0.0185237326062156	1.01301752087913
0.0185305702523572	1.01390457367193
0.0185374129483093	1.01353001807941
0.0185442606996681	1.0128290894841
0.018551113512038	1.01207429419444
0.0185579713910318	1.01271733610008
0.0185648343422707	1.01319200262806
0.018571702371384	1.01325076681593
0.0185785754840096	1.01283850957772
0.0185854536857933	1.01278490276144
0.0185923369823899	1.01304014911837
0.0185992253794619	1.01343096806701
0.0186061188826807	1.01259935236591
0.018613017497726	1.01226429934361
0.0186199212302857	1.01221237338636
0.0186268300860565	1.01271780056349
0.0186337440707432	1.01269590188037
0.0186406631900592	1.0122037466068
0.0186475874497266	1.01226266986063
0.0186545168554758	1.01255822631448
0.0186614514130456	1.01195172562673
0.0186683911281837	1.01358896246173
0.0186753360066459	1.01363475831449
0.0186822860541971	1.01259494269284
0.0186892412766103	1.011016522477
0.0186962016796673	1.0108984758836
0.0187031672691585	1.01216430351921
0.0187101380508831	1.01188719232058
0.0187171140306487	1.01359396501763
0.0187240952142716	1.01354003338349
0.0187310816075769	1.01130421600586
0.0187380732163983	1.01301154952754
0.0187450700465783	1.0121866702885
0.018752072103968	1.01208245315656
0.0187590793944274	1.01240621889762
0.0187660919238252	1.012579901116
0.0187731096980388	1.01299679170011
0.0187801327229545	1.01324539713277
0.0187871610044674	1.01330979629486
0.0187941945484813	1.01310469656716
0.018801233360909	1.0124480331905
0.0188082774476721	1.01382964041244
0.0188153268147012	1.01235921098325
0.0188223814679355	1.01036312658024
0.0188294414133233	1.01170553516188
0.018836506656822	1.01335174479798
0.0188435772043976	1.01278734624393
0.0188506530620252	1.01293611253791
0.018857734235689	1.01176701367238
0.0188648207313821	1.01135032595605
0.0188719125551065	1.01149124334939
0.0188790097128734	1.01229321744144
0.018886112210703	1.01136367222006
0.0188932200546246	1.0121245806094
0.0189003332506764	1.01302833410149
0.0189074518049059	1.01374861118313
0.0189145757233696	1.01156746015544
0.0189217050121331	1.01204419148975
0.0189288396772714	1.01256172400744
0.0189359797248683	1.0133589654948
0.0189431251610171	1.01154701617094
0.0189502759918201	1.00956294843624
0.0189574322233888	1.00933940370942
0.0189645938618442	1.01088657836134
0.0189717609133163	1.01069790273485
0.0189789333839443	1.00904979685153
0.0189861112798771	1.0118477561678
0.0189932946072724	1.0094584555974
0.0190004833722975	1.01116008142736
0.0190076775811291	1.01323840884998
0.0190148772399531	1.0095403227766
0.0190220823549647	1.01139504201987
0.0190292929323689	1.01215464737587
0.0190365089783796	1.01237207689586
0.0190437304992205	1.01177890263061
0.0190509575011245	1.00985135384988
0.0190581899903342	1.01047397571686
0.0190654279731015	1.01226619042349
0.0190726714556878	1.0137884046456
0.0190799204443642	1.01311522586203
0.0190871749454112	1.01063946834741
0.0190944349651188	1.01223206834633
0.0191017005097867	1.01421569593805
0.0191089715857241	1.01354351245282
0.0191162481992499	1.0117698792059
0.0191235303566926	1.0114458490565
0.0191308180643903	1.01221296157785
0.0191381113286907	1.01330768632404
0.0191454101559514	1.01302592993012
0.0191527145525395	1.01244693531245
0.0191600245248319	1.01369834675487
0.0191673400792153	1.01360371844625
0.019174661222086	1.01307480347327
0.0191819879598503	1.01185345251829
0.0191893202989241	1.01234880913214
0.0191966582457331	1.0138723991765
0.019204001806713	1.01360901941106
0.0192113509883093	1.01228263547548
0.0192187057969772	1.01343247445107
0.019226066239182	1.01379657850106
0.0192334323213989	1.01364004538476
0.0192408040501128	1.00960828038272
0.0192481814318188	1.01013597743402
0.0192555644730219	1.01173781885147
0.019262953180237	1.01392957042665
0.0192703475599891	1.01200154318703
0.0192777476188131	1.00950757458419
0.0192851533632541	1.01092518546985
0.0192925647998672	1.01287939427964
0.0192999819352174	1.01258039096611
0.0193074047758802	1.01046699570152
0.0193148333284408	1.00920112480623
0.0193222675994947	1.01007619770405
0.0193297075956478	1.01326574843276
0.0193371533235157	1.01147363824037
0.0193446047897247	1.00862014372714
0.0193520620009108	1.00969383068264
0.0193595249637208	1.01112343836715
0.0193669936848112	1.01320133966665
0.0193744681708492	1.01086344168596
0.0193819484285121	1.00939200887305
0.0193894344644876	1.00786217213103
0.0193969262854736	1.01093215786415
0.0194044238981785	1.01204032774542
0.019411927309321	1.01127838016076
0.0194194365256303	1.00965333536893
0.0194269515538458	1.00943075022537
0.0194344724007176	1.01239514832156
0.019441999073006	1.0130075136038
0.019449531577482	1.01184173034901
0.019457069920927	1.01042242133428
0.0194646141101329	1.01233016028139
0.0194721641519021	1.01350707697166
0.0194797200530477	1.01204978245117
0.0194872818203933	1.01071529554105
0.019494849460773	1.00996177794685
0.0195024229810317	1.01286209236768
0.0195100023880248	1.01404139226002
0.0195175876886185	1.01286045014156
0.0195251788896895	1.01204127563137
0.0195327759981254	1.01286395869763
0.0195403790208243	1.01387936159953
0.0195479879646953	1.01292960439624
0.019555602836658	1.01190791378686
0.0195632236436431	1.01111083817742
0.0195708503925918	1.01127334720034
0.0195784830904562	1.01062779555777
0.0195861217441995	1.01033169690142
0.0195937663607954	1.01180241116265
0.0196014169472288	1.01391809440588
0.0196090735104953	1.01119411201167
0.0196167360576015	1.0099397535437
0.0196244045955651	1.00944338568916
0.0196320791314145	1.010849953391
0.0196397596721894	1.01316753458137
0.0196474462249402	1.00730293669265
0.0196551387967286	1.00714466527783
0.0196628373946274	1.00840823613976
0.0196705420257201	1.01175106263035
0.0196782526971018	1.01292817564195
0.0196859694158784	1.00786530602617
0.0196936921891671	1.00781293072773
0.0197014210240961	1.00987427027007
0.0197091559278051	1.01284212311945
0.0197168969074447	1.01244495469695
0.0197246439701769	1.0037268819074
0.0197323971231749	1.00726046181619
0.0197401563736233	1.01009373162725
0.0197479217287178	1.01174606310664
0.0197556931956656	1.00948675574944
0.0197634707816853	1.00414152390151
0.0197712544940067	1.00491341275645
0.019779044339871	1.01021150426761
0.0197868403265309	1.01071877113629
0.0197946424612505	1.00634603977812
0.0198024507513055	1.00576440208269
0.0198102652039829	1.00866830273375
0.0198180858265812	1.01145348948956
0.0198259126264105	1.01000906115355
0.0198337456107926	1.00722418417266
0.0198415847870606	1.00452322102052
0.0198494301625594	1.00773366798414
0.0198572817446454	1.01278218283295
0.0198651395406867	1.01303213152616
0.0198730035580631	1.00993326406763
0.019880873804166	1.00860840523096
0.0198887502863985	1.01030110080209
0.0198966330121757	1.013338665899
0.0199045219889241	1.01290611547499
0.0199124172240821	1.01118539049776
0.0199203187251001	1.01085550139109
0.0199282264994401	1.01126451620805
0.0199361405545761	1.01024322270583
0.0199440608979938	1.01136532416308
0.019951987537191	1.01147405343859
0.0199599204796773	1.00865748318163
0.0199678597329743	1.00763262248019
0.0199758053046156	1.00654823688317
0.0199837572021466	1.00873815586505
0.019991715433125	1.01104230617916
0.0199996800051204	1.01065276675338
0.0200076509257145	1.00886953398592
0.020015628202501	1.01148088568786
0.0200236118430859	1.01077529441026
0.0200316018550871	1.00812957779193
0.0200395982461349	1.00445592793318
0.0200476010238716	0.999878648768434
0.0200556101959519	1.00656036377193
0.0200636257700425	1.01120417796007
0.0200716477538226	1.01232150864875
0.0200796761549835	1.00827732087001
0.020087710981229	1.00531548405011
0.020095752240275	1.0099094595404
0.02010379993985	1.01264810574884
0.0201118540876946	1.00976385574462
0.0201199146915622	1.00495861352494
0.0201279817592183	1.00236195036637
0.020136055298441	1.00377851749281
0.0201441353170209	1.00886339274707
0.0201522218227609	1.00827707550667
0.0201603148234768	1.0038489695277
0.0201684143269967	1.0056400306263
0.0201765203411613	1.01125773865259
0.020184632873824	1.012607880953
0.0201927519328507	1.01277026148853
0.0202008775261203	1.01108309234105
0.0202090096615239	1.01113202870374
0.0202171483469656	1.01361898115883
0.0202252935903623	1.01339663579978
0.0202334453996434	1.00986629739
0.0202416037827514	1.00916545355838
0.0202497687476414	1.00937562071665
0.0202579403022814	1.01275372867829
0.0202661184546522	1.01275171443805
0.0202743032127477	1.01251118585252
0.0202824945845745	1.01202891510003
0.0202906925781522	1.01291848758817
0.0202988972015134	1.01134775089087
0.0203071084627037	1.00914901588406
0.0203153263697817	1.0081100494268
0.0203235509308192	1.00988417531414
0.0203317821539007	1.01298282417587
0.0203400200471243	1.01251898232504
0.0203482646186008	1.01290129032809
0.0203565158764544	1.01078359741759
0.0203647738288224	1.0093182757141
0.0203730384838553	1.00853931362493
0.0203813098497169	1.00994531562673
0.0203895879345842	1.01219371749035
0.0203978727466475	1.01222646452806
0.0204061642941105	1.01115703459195
0.0204144625851901	1.01215940592631
0.0204227676281166	1.01316362738695
0.0204310794311339	1.01347602223752
0.020439398002499	1.00899368765835
0.0204477233504827	1.00431667419568
0.0204560554833689	1.00394321620552
0.0204643944094554	1.00768819588869
0.0204727401370532	1.0124893319752
0.0204810926744871	1.01252830244588
0.0204894520300954	1.01137812084492
0.02049781821223	1.01031414809652
0.0205061912292565	1.01222286984026
0.020514571089554	1.01306881113256
0.0205229578015156	1.00862820852945
0.0205313513735479	1.00669865507548
0.0205397518140714	1.0090379801578
0.0205481591315203	1.01049836821186
0.0205565733343425	1.01277693359066
0.020564994431	1.01039213485484
0.0205734224299686	1.00760430440408
0.0205818573397378	1.00899474440311
0.0205902991688113	1.01216328408898
0.0205987479257066	1.01338374986235
0.0206072036189552	1.01124896542428
0.0206156662571026	1.00955751462345
0.0206241358487085	1.0125105848028
0.0206326124023464	1.01309297262179
0.0206410959266041	1.01255465807912
0.0206495864300835	1.0073776150475
0.0206580839214006	1.00705855828005
0.0206665884091858	1.00991614168264
0.0206750999020833	1.01238611312401
0.0206836184087518	1.01383200354946
0.0206921439378645	1.0117478017169
0.0207006764981085	1.01314881224523
0.0207092160981854	1.01136720285645
0.0207177627468112	1.01174863271377
0.0207263164527163	1.01198568046852
0.0207348772246455	1.01052905378237
0.020743445071358	1.0120481080203
0.0207520200016275	1.00978631839799
0.0207606020242423	1.01276919094541
0.0207691911480051	1.01281054223504
0.0207777873817334	1.01173852032145
0.020786390734259	1.00963047212254
0.0207950012144286	1.00858677109457
0.0208036188311034	1.00888244960157
0.0208122435931595	1.01211445082164
0.0208208755094874	1.0126290161394
0.0208295145889925	1.01346269209622
0.0208381608405953	1.01202808396254
0.0208468142732305	1.0140166255654
0.0208554748958483	1.01323646517191
0.0208641427174132	1.00492163121399
0.0208728177469051	1.0029924250688
0.0208814999933184	1.00278720431077
0.0208901894656629	1.00924874592128
0.0208988861729631	1.01274883207112
0.0209075901242585	1.01166085559966
0.020916301328604	1.01246697946682
0.0209250197950693	1.01179368585491
0.0209337455327392	1.01251267579572
0.020942478550714	1.01176509366496
0.0209512188581088	1.0081744933337
0.0209599664640542	1.00901003023884
0.0209687213776958	1.01011185329492
0.0209774836081948	1.01142901568913
0.0209862531647275	1.01403755957553
0.0209950300564856	1.01127432548782
0.0210038142926761	1.01124788022957
0.0210126058825216	1.01346664136416
0.02102140483526	1.01175502933229
0.0210302111601447	1.01011397193215
0.0210390248664448	1.00967072557651
0.0210478459634446	1.01187932776409
0.0210566744604443	1.01207836034131
0.0210655103667595	1.01327070737969
0.0210743536917215	1.01085651516224
0.0210832044446774	1.00928328793266
0.0210920626349897	1.01177254123809
0.0211009282720371	1.01101571854043
0.0211098013652136	1.01017635560079
0.0211186819239293	1.0119843724434
0.0211275699576102	1.01209370631009
0.0211364654756978	1.01112126429537
0.0211453684876499	1.00849495259124
0.0211542790029401	1.0082687925563
0.0211631970310579	1.01114789036562
0.021172122581509	1.01210485129949
0.0211810556638148	1.01058676877262
0.0211899962875132	1.01174795254746
0.0211989444621579	1.01354013351704
0.0212079001973188	1.0127517500166
0.0212168635025822	1.00952770752313
0.0212258343875503	1.00966359226661
0.0212348128618417	1.0057096256101
0.0212437989350914	1.00921826227905
0.0212527926169504	1.01208851916244
0.0212617939170863	1.01196450660536
0.0212708028451831	1.01165830712013
0.0212798194109411	1.0116616028233
0.021288843624077	1.01383921704834
0.0212978754943242	1.01272635184647
0.0213069150314325	1.01002900047951
0.0213159622451682	1.00692141369727
0.0213250171453143	1.00938509053251
0.0213340797416704	1.01190139446011
0.0213431500440528	1.01169242110645
0.0213522280622944	1.01381955781353
0.0213613138062449	1.0127531901782
0.0213704072857707	1.01350009755557
0.0213795085107553	1.01194786261862
0.0213886174910986	1.01011425492085
0.0213977342367177	1.00545487614425
0.0214068587575464	1.00776630554922
0.0214159910635358	1.01243367320609
0.0214251311646535	1.01306951345159
0.0214342790708845	1.0131925445286
0.0214434347922308	1.01091152147056
0.0214525983387113	1.01249162686007
0.0214617697203623	1.01235010218741
0.021470948947237	1.01229830132704
0.021480136029406	1.0055214116812
0.0214893309769571	1.00793492511032
0.0214985337999954	1.01106551149866
0.0215077445086432	1.01198543991156
0.0215169631130403	1.01227673221603
0.0215261896233439	1.01088252243637
0.0215354240497284	1.01264007782142
0.021544666402386	1.01288045428902
0.021553916691526	1.0114482481279
0.0215631749273758	1.00880908307341
0.0215724411201797	1.00961143515223
0.0215817152802003	1.01120173029645
0.0215909974177172	1.0111276264099
0.0216002875430283	1.01039826714156
0.0216095856664488	1.00590517107099
0.0216188917983118	1.00906897382441
0.0216282059489683	1.01045291152835
0.0216375281287871	1.0124774513884
0.0216468583481547	1.01265436000638
0.0216561966174759	1.01324600882489
0.021665542947173	1.01251738140198
0.0216748973476867	1.01110890595928
0.0216842598294755	1.01066514285271
0.0216936304030161	1.00838938859398
0.0217030090788033	1.00995538971452
0.0217123958673499	1.01229235745195
0.0217217907791872	1.01291333830222
0.0217311938248645	1.01196866657512
0.0217406050149494	1.01328691254303
0.0217500243600278	1.01338638826037
0.0217594518707041	1.01269802925484
0.021768887557601	1.01194036841865
0.0217783314313596	1.01125802180327
0.0217877835026395	1.01191872898844
0.0217972437821188	1.01175852299461
0.0218067122804942	1.01401241619265
0.0218161890084809	1.01318671697844
0.0218256739768129	1.0132291690177
0.0218351671962428	1.01141714387378
0.0218446686775418	1.00958649643103
0.0218541784314999	1.00865705483544
0.0218636964689261	1.00906593160384
0.021873222800648	1.01068526365166
0.0218827574375121	1.01246863907577
0.021892300390384	1.01330328643158
0.0219018516701481	1.01306735654454
0.0219114112877079	1.01161672211691
0.0219209792539858	1.01274332364401
0.0219305555799234	1.01270940275849
0.0219401402764814	1.01004983774825
0.0219497333546397	1.00911439088962
0.0219593348253975	1.00827496555521
0.0219689446997729	1.00995750531876
0.0219785629888038	1.01082799811977
0.021988189703547	1.00949004495002
0.0219978248550789	1.01111301002236
0.0220074684544952	1.01351872049279
0.0220171205129114	1.0138517494223
0.022026781041462	1.01161814399796
0.0220364500513014	1.00860081132404
0.0220461275536035	1.01068563232801
0.0220558135595618	1.01176660707552
0.0220655080803896	1.00974682896379
0.0220752111273197	1.00802248332044
0.022084922711605	1.01003222298603
0.0220946428445179	1.01051439831025
0.0221043715373507	1.01336867935092
0.0221141088014158	1.0133791857069
0.0221238546480454	1.01301206011006
0.0221336090885916	1.01165989737359
0.0221433721344267	1.0118405407235
0.022153143796943	1.00968789811691
0.0221629240875529	1.00961176266382
0.022172713017689	1.00894246170507
0.0221825105988041	1.01028557505168
0.0221923168423712	1.01041719110747
0.0222021317598836	1.01245197043774
0.022211955362855	1.0133044766494
0.0222217876628196	1.01302882179671
0.0222316286713317	1.01407435717897
0.0222414783999664	1.01338700642829
0.0222513368603191	1.01273558042468
0.0222612040640059	1.01254389900129
0.0222710800226636	1.01308661518863
0.0222809647479493	1.01213191788328
0.0222908582515413	1.01365367363312
0.0223007605451382	1.01321735170244
0.0223106716404596	1.01287439069772
0.022320591549246	1.01216247294842
0.0223305202832587	1.01049155298362
0.02234045785428	1.01108322461029
0.022350404274113	1.01094404855899
0.0223603595545822	1.01270984411709
0.0223703237075327	1.01270458270529
0.0223802967448311	1.01299360139503
0.0223902786783651	1.01324742417333
0.0224002695200434	1.01187370102662
0.0224102692817962	1.01290177788263
0.022420277975575	1.012018471332
0.0224302956133525	1.01063536002822
0.0224403222071229	1.01011110758893
0.0224503577689019	1.00994974831025
0.0224604023107267	1.00892711969467
0.022470455844656	1.00901364390423
0.02248051838277	1.01082570186938
0.0224905899371708	1.01245194140088
0.022500670519982	1.01246731275535
0.022510760143349	1.01284016821451
0.0225208588194391	1.01139264748073
0.0225309665604412	1.0114617756832
0.0225410833785663	1.01092477369223
0.0225512092860473	1.00988098552805
0.022561344295139	1.00892076938858
0.0225714884181184	1.008249473943
0.0225816416672844	1.01027706078336
0.0225918040549583	1.01174243192258
0.0226019755934832	1.01281270118349
0.0226121562952248	1.01234953832261
0.022622346172571	1.01324756129378
0.0226325452379319	1.01382933929929
0.0226427535037402	1.01299415295581
0.0226529709824508	1.01127221216162
0.0226631976865413	1.01121142419574
0.0226734336285117	1.01154301382846
0.0226836788208848	1.01274060582053
0.0226939332762057	1.0128174276697
0.0227041970070425	1.01118676595359
0.0227144700259859	1.01221962605811
0.0227247523456495	1.01310964912634
0.0227350439786696	1.01391611551004
0.0227453449377056	1.01390904810741
0.0227556552354396	1.01352234686787
0.022765974884577	1.01368745806427
0.0227763038978461	1.01400944868816
0.0227866422879982	1.01291082147319
0.0227969900678079	1.01326947618426
0.0228073472500731	1.01403046089627
0.0228177138476147	1.01331784751946
0.0228280898732772	1.01336629665512
0.0228384753399284	1.0132713899403
0.0228488702604594	1.01219673564643
0.0228592746477848	1.01251013186243
0.022869688514843	1.01275019124971
0.0228801118745956	1.0127568718328
0.022890544740028	1.01228884501314
0.0229009871241495	1.01218258842732
0.0229114390399929	1.01342149413726
0.0229219005006148	1.01279667627791
0.0229323715190959	1.01240472424988
0.0229428521085404	1.01191708098916
0.0229533422820769	1.01082508581974
0.0229638420528578	1.01110100624137
0.0229743514340595	1.01080825224749
0.0229848704388828	1.00839924578711
0.0229953990805525	1.00943435303499
0.0230059373723176	1.01154857850093
0.0230164853274515	1.01166235792516
0.0230270429592519	1.01130157611707
0.0230376102810409	1.01162764818927
0.0230481873061653	1.01232894406287
0.023058774047996	1.01206218456774
0.0230693705199288	1.01137123183986
0.023079976735384	1.00960094412456
0.0230905927078066	1.00895329758275
0.0231012184506665	1.01146683287262
0.0231118539774582	1.01228035589004
0.023122499301701	1.01128365006776
0.0231331544369396	1.01265542445459
0.023143819396743	1.01301053105754
0.0231544941947057	1.0134112325363
0.0231651788444473	1.01251346158993
0.0231758733596122	1.01275159681717
0.0231865777538704	1.01144251253211
0.0231972920409168	1.01302351211953
0.023208016234472	1.01351915510011
0.0232187503482818	1.01320821472783
0.0232294943961173	1.01305940572843
0.0232402483917753	1.0123431511448
0.0232510123490782	1.01251839546251
0.0232617862818738	1.01327598609355
0.0232725702040358	1.0131939878509
0.0232833641294635	1.01256618427984
0.023294168072082	1.01266062268684
0.0233049820458424	1.01334505621136
0.0233158060647215	1.01392438820352
0.0233266401427222	1.01332920688601
0.0233374842938736	1.01311466254062
0.0233483385322306	1.01252758015158
0.0233592028718744	1.01221377870476
0.0233700773269124	1.00987611920673
0.0233809619114783	1.01277413776143
0.0233918566397322	1.01253064315937
0.0234027615258606	1.01159604382485
0.0234136765840762	1.00988613562489
0.0234246018286186	1.01307694186317
0.0234355372737538	1.01293911266596
0.0234464829337745	1.01299862604254
0.0234574388230001	1.01343197530637
0.0234684049557767	1.0120672618748
0.0234793813464773	1.01254609989616
0.0234903680095019	1.01154925387793
0.0235013649592774	1.01054728577917
0.0235123722102576	1.00911121151621
0.0235233897769235	1.01055771298575
0.0235344176737834	1.00996672134918
0.0235454559153725	1.01114787818895
0.0235565045162536	1.01063541200553
0.0235675634910166	1.01320163804778
0.0235786328542789	1.01296254063751
0.0235897126206855	1.01399464179383
0.0236008028049087	1.01253693797964
0.0236119034216487	1.00956030890152
0.023623014485633	1.01086335947147
0.0236341360116172	1.0096481060807
0.0236452680143844	1.01190476214604
0.0236564105087458	1.01091714721633
0.0236675635095404	1.01166371825064
0.0236787270316353	1.01147176160375
0.0236899010899255	1.01258966417736
0.0237010856993342	1.01314787662162
0.023712280874813	1.01357764874016
0.0237234866313413	1.01326615595879
0.0237347029839274	1.01299077087566
0.0237459299476075	1.01345289705828
0.0237571675374466	1.01313117862848
0.023768415768538	1.01183034896889
0.0237796746560038	1.01243373916968
0.0237909442149945	1.01253774927352
0.0238022244606897	1.01231602628748
0.0238135154082975	1.01314360775592
0.023824817073055	1.01301184177617
0.0238361294702282	1.01304329873611
0.0238474526151122	1.01238799380366
0.0238587865230309	1.01194170026814
0.0238701312093378	1.01254567886256
0.0238814866894151	1.01188220371987
0.0238928529786747	1.01320159924403
0.0239042300925577	1.01265131344199
0.0239156180465346	1.01103244092571
0.0239270168561054	1.01252732246856
0.0239384265367996	1.01299002445201
0.0239498471041766	1.0091773561789
0.0239612785738252	1.00915722444756
0.0239727209613642	1.0107710254507
0.023984174282442	1.01316597340479
0.0239956385527372	1.01337496967924
0.0240071137879582	1.01321033973371
0.0240186000038435	1.01206556240746
0.0240300972161618	1.01352941541612
0.024041605440712	1.01324181940256
0.0240531246933232	1.01008177639673
0.0240646549898549	1.00776008560639
0.024076196346197	1.00924955582188
0.0240877487782699	1.00957390257695
0.0240993123020247	1.01034902883054
0.0241108869334429	1.00993758923088
0.0241224726885369	1.01193871732951
0.0241340695833499	1.01334877437628
0.0241456776339559	1.01254508425707
0.0241572968564598	1.01362810899973
0.0241689272669976	1.00982687327982
0.0241805688817363	1.01148068359737
0.0241922217168741	1.00993553989823
0.0242038857886406	1.010209540883
0.0242155611132964	1.0119500404783
0.0242272477071338	1.01151574905251
0.0242389455864764	1.01049278315432
0.0242506547676793	1.01137786830802
0.0242623752671293	1.01231568544494
0.0242741071012449	1.01361592067751
0.0242858502864764	1.0132521679389
0.0242976048393059	1.01287982108926
0.0243093707762474	1.01187622219876
0.0243211481138468	1.0106721589668
0.0243329368686825	1.01045825034957
0.0243447370573645	1.0100559153279
0.0243565486965355	1.0088871297
0.0243683718028701	1.0124593800717
0.0243802063930758	1.01151912242707
0.024392052483892	1.00951541604264
0.0244039100920911	1.01227751047182
0.0244157792344779	1.01221611562463
0.0244276599278901	1.00657587466272
0.0244395521891979	1.00407512824666
0.0244514560353045	1.01021724005297
0.0244633714831462	1.01121241935211
0.0244752985496922	1.01300405054464
0.0244872372519448	1.01282632439754
0.0244991876069395	1.0112751249124
0.024511149631745	1.01086119124688
0.0245231233434635	1.01319154189301
0.0245351087592306	1.00710025761473
0.0245471058962154	1.00439369422402
0.0245591147716204	1.00709449700678
0.0245711354026821	1.01127464689569
0.0245831678066706	1.01118657807631
0.0245952120008899	1.01291046537529
0.0246072680026778	1.01121912128593
0.0246193358294063	1.01300169158618
0.0246314154984813	1.01198763198663
0.024643507027343	1.00889680768394
0.0246556104334659	1.00531132409511
0.0246677257343587	1.00767121236969
0.0246798529475647	1.01166743051577
0.0246919920906616	1.01284406675536
0.0247041431812617	1.01272439739532
0.0247163062370121	1.01355978768736
0.0247284812755945	1.01329245147753
0.0247406683147256	1.01314748952887
0.0247528673721569	1.00725396119775
0.0247650784656751	1.00428330594407
0.024777301613102	1.00765994764347
0.0247895368322943	1.00977008707805
0.0248017841411445	1.00803675217147
0.02481404355758	1.00722387831895
0.024826315099564	1.01124057928501
0.024838598785095	1.01346357258753
0.0248508946322073	1.01388299400527
0.0248632026589709	1.01212762683432
0.0248755228834915	1.00672612614095
0.024887855323911	1.00940076779569
0.0249001999984069	1.01129206868611
0.0249125569251931	1.00800976602173
0.0249249261225195	1.00226008415245
0.0249373076086723	1.0050058828211
0.0249497014019741	1.01013469764202
0.024962107520784	1.01112451076766
0.0249745259834974	1.01388656285751
0.0249869568085465	1.01051514786284
0.0249994000144002	1.01167055276328
0.0250118556195642	1.01179530979948
0.0250243236425811	1.01018237076731
0.0250368041020305	1.00673604339704
0.025049297016529	1.00246375422905
0.0250618024047306	1.0062473607332
0.0250743202853262	1.00718235518374
0.0250868506770444	1.01164561274979
0.0250993935986512	1.01406405630684
0.0251119490689499	1.01384416446893
0.0251245171067817	1.01343085598705
0.0251370977310255	1.01248734233985
0.025149690960598	1.01099382651817
0.0251622968144537	1.01042532095322
0.0251749153115854	1.00883878200625
0.0251875464710238	1.01068915673199
0.0252001903118378	1.01173459783118
0.0252128468531347	1.01343106637283
0.0252255161140602	1.01365613348346
0.0252381981137985	1.01043368572692
0.0252508928715725	1.0123935389296
0.0252636004066434	1.00990382337841
0.0252763207383117	1.01024691561351
0.0252890538859165	1.01260257954805
0.025301799868836	1.01232732813676
0.0253145587064873	1.01181708320119
0.025327330418327	1.01293443823485
0.0253401150238506	1.01196725777673
0.0253529125425934	1.0112809137322
0.0253657229941299	1.00922022429276
0.0253785463980742	1.00720591850312
0.0253913827740802	1.00496234157966
0.0254042321418415	1.00686307745446
0.0254170945210916	1.01061903233444
0.0254299699316041	1.0090733846939
0.0254428583931924	1.0089145568627
0.0254557599257104	1.01061670292789
0.0254686745490522	1.01289691196812
0.0254816022831521	1.01232647907822
0.0254945431479851	1.00639006772209
0.0255074971635668	1.00749230685808
0.0255204643499535	1.00826855226068
0.025533444727242	1.0075270090951
0.0255464383155706	1.00322066405215
0.025559445135118	1.00049855821111
0.0255724652061044	1.00435990709151
0.025585498548791	1.00882873485683
0.0255985451834806	1.0127414849127
0.0256116051305173	1.01302861762403
0.0256246784102865	1.01058990774698
0.0256377650432155	1.01094868285185
0.0256508650497735	1.00924437767495
0.0256639784504711	1.00463623900291
0.0256771052658613	1.00397150235764
0.0256902455165389	1.00060549664406
0.025703399223141	1.0024997378761
0.025716566406347	1.00440351061857
0.0257297470868786	1.00900066848149
0.0257429412855	1.01262142130168
0.0257561490230183	1.0128364037322
0.0257693703202829	1.01243913916264
0.0257826051981862	1.00750281641196
0.0257958536776638	1.00786120198604
0.0258091157796939	1.00663207883147
0.0258223915252982	1.0037199447999
0.0258356809355415	1.00902518431333
0.0258489840315321	1.0102466368088
0.0258623008344218	1.01041333931309
0.0258756313654058	1.01080616869305
0.0258889756457233	1.00917350609906
0.0259023336966572	1.00987897219822
0.0259157055395344	1.01109762102588
0.0259290911957257	1.01229948612922
0.0259424906866464	1.01226217989256
0.0259559040337556	1.01106290071079
0.0259693312585574	1.01200863516099
0.0259827723826	1.01325754757849
0.0259962274274762	1.01144004307214
0.026009696414824	1.01034772644813
0.0260231793663257	1.0046042074687
0.026036676303709	1.0055985488946
0.0260501872487465	1.00677724166312
0.026063712223256	1.00764197455217
0.0260772512491008	1.00909408377818
0.0260908043481896	1.00985880773328
0.0261043715424765	1.01080341420849
0.0261179528539615	1.00942599286785
0.0261315483046902	1.00739194227316
0.0261451579167543	1.00647683112959
0.0261587817122916	1.00342500053378
0.0261724197134858	1.00362717396184
0.0261860719425671	1.00347548092825
0.0261997384218121	1.00467859483981
0.0262134191735438	1.00187631262436
0.026227114220132	0.996690030678891
0.0262408235839932	1.00564207482559
0.0262545472875907	1.01102390846308
0.026268285353435	1.0132653202634
0.0262820378040837	1.01179311174294
0.0262958046621415	1.00426476236113
0.0263095859502607	1.0088174644186
0.0263233816911409	1.00784634278089
0.0263371919075296	1.00290065588336
0.0263510166222218	1.00191965134052
0.0263648558580606	0.99672588213788
0.0263787096379369	1.0043264670675
0.0263925779847899	1.00644178216736
0.0264064609216071	1.00989396819326
0.0264203584714242	1.01289560477057
0.0264342706573257	1.01138902011517
0.0264481975024443	1.01255150465248
0.026462139029962	1.0093065877116
0.0264760952631094	1.006504837352
0.0264900662251661	1.0033123701845
0.026504051939461	1.00463458113897
0.0265180524293723	1.00776073317786
0.0265320677183276	1.00897244544999
0.0265460978298039	1.00814491140283
0.0265601427873281	1.00576697590606
0.0265742026144769	1.00990581676651
0.0265882773348767	1.01133582632204
0.0266023669722042	1.01271956555571
0.0266164715501864	1.01295714458794
0.0266305910926004	1.01153183396681
0.0266447256232739	1.00948242513462
0.0266588751660853	1.0108565645787
0.0266730397449636	1.01034425189711
0.0266872193838887	1.00828603407321
0.0267014141068916	1.0038185622786
0.0267156239380545	1.00024164987611
0.0267298489015106	1.00678081017039
0.026744089021445	1.00938859496746
0.0267583443220939	1.00777554868415
0.0267726148277455	1.0070781024097
0.0267869005627397	1.01001862710766
0.0268012015514685	1.01312753539577
0.0268155178183758	1.01180623587304
0.026829849387958	1.00854542704855
0.0268441962847637	1.0033032699316
0.0268585585333943	1.00465831062003
0.0268729361585035	1.00569013120805
0.0268873291847982	1.00722724817101
0.026901737637038	1.0060449004863
0.0269161615400356	1.00432360275369
0.0269306009186572	1.00766786995556
0.0269450557978221	1.00974122556885
0.0269595262025032	1.01323202450967
0.0269740121577273	1.01314535464754
0.0269885136885746	1.00971874350403
0.0270030308201798	1.00844508498869
0.0270175635777311	1.00833630978103
0.0270321119864715	1.00803321328507
0.027046676071698	1.00406487010017
0.0270612558587624	1.00158811716092
0.0270758513730711	1.0011222288379
0.0270904626400853	1.00730731740728
0.0271050896853213	1.01214614543264
0.0271197325343504	1.01186546460918
0.0271343912127993	1.01260327174198
0.02714906574635	1.01063051227343
0.0271637561607404	1.0129562499408
0.0271784624817638	1.01177543648801
0.0271931847352694	1.00789637785834
0.0272079229471627	1.00528925031003
0.0272226771434052	1.00675840318778
0.0272374473500148	1.00868850324618
0.0272522335930658	1.00840565504564
0.0272670358986893	1.0076488461372
0.0272818542930731	1.00690985760481
0.027296688802462	1.01075578674882
0.0273115394531579	1.01223535857888
0.02732640627152	1.01221766573376
0.0273412892839649	1.01290262048238
0.0273561885169668	1.00641886021025
0.0273711039970576	1.0116926911528
0.027386035750827	1.01083614417771
0.027400983804923	1.01037932730722
0.0274159481860517	1.00684970247301
0.0274309289209775	1.00178975959165
0.0274459260365233	1.00606730997039
0.027460939559571	1.00873141220619
0.0274759695170609	1.01095452217969
0.0274910159359926	1.01096031767568
0.0275060788434249	1.01193738086199
0.0275211582664758	1.01345043241173
0.0275362542323228	1.01357343788118
0.0275513667682031	1.01093540597382
0.0275664959014139	1.00530945192048
0.0275816416593121	1.004517142564
0.0275968040693148	1.00581150104766
0.0276119831588997	1.0071580110467
0.0276271789556047	1.00713087441011
0.0276423914870285	1.00763634465241
0.0276576207808304	1.00731166417208
0.0276728668647311	1.01293596454996
0.027688129766512	1.01312094990621
0.0277034095140162	1.01096235760363
0.027718706135148	1.01066270305121
0.0277340196578736	1.00815164801499
0.0277493501102209	1.01107597317557
0.0277646975202798	1.00958945453847
0.0277800619162025	1.00670622745002
0.0277954433262034	1.00828211061946
0.0278108417785594	1.00598252527648
0.0278262573016104	1.01104437288745
0.0278416899237588	1.0118608374973
0.0278571396734702	1.01404838979132
0.0278726065792735	1.01287901433232
0.0278880906697609	1.01152375907188
0.0279035919735881	1.01359385141625
0.0279191105194746	1.01303254497309
0.027934646336204	1.01155138042067
0.0279501994526238	1.01134381492188
0.0279657698976458	1.01014826257094
0.0279813577002463	1.01153507058552
0.0279969628894662	1.01223582633571
0.0280125854944114	1.01143555290311
0.0280282255442526	1.01171478393292
0.0280438830682256	1.0097191466928
0.028059558095632	1.01189702878489
0.0280752506558383	1.01375541487572
0.0280909607782774	1.01332053099884
0.0281066884924477	1.0095715589043
0.0281224338279137	1.0051902432563
0.0281381968143064	1.01212151412763
0.0281539774813231	1.0120399685625
0.0281697758587279	1.0092287912773
0.0281855919763517	1.00530397296013
0.0282014258640922	1.00209002268391
0.0282172775519146	1.00818882104411
0.0282331470698516	1.00951366941322
0.0282490344480031	1.01051935799205
0.0282649397165371	1.0092705332831
0.0282808629056895	1.0094877518491
0.0282968040457643	1.01258417890273
0.0283127631671341	1.01090602422251
0.0283287403002398	1.00793388185211
0.0283447354755911	1.00597420898038
0.0283607487237668	1.00640894924655
0.0283767800754146	1.00869045696371
0.0283928295612518	1.00999516650716
0.028408897212065	1.00506669153237
0.0284249830587106	1.00575809616174
0.028441087132115	1.01048061469191
0.0284572094632747	1.01344413445096
0.0284733500832566	1.01124688877848
0.0284895090231978	1.00722804479651
0.0285056863143065	1.00806541502384
0.0285218819878616	1.00751648513186
0.0285380960752132	1.01113600412618
0.0285543286077828	1.00847057336444
0.0285705796170633	1.0072220525426
0.0285868491346194	1.00864321314132
0.0286031371920877	1.0086419620906
0.028619443821177	1.01262575707412
0.0286357690536685	1.01213235282242
0.0286521129214158	1.01162363711663
0.0286684754563453	1.01114292600281
0.0286848566904565	1.01204724033075
0.0287012566558219	1.01263604934711
0.0287176753845876	1.01163684943062
0.0287341129089731	1.0108746617934
0.0287505692612719	1.01221885807066
0.0287670444738512	1.01189377428856
0.0287835385791529	1.01277232744174
0.028800051609693	1.01226395455152
0.0288165835980622	1.01035676868512
0.0288331345769261	1.01282771672702
0.0288497045790256	1.01052103550064
0.0288662936371766	1.00959433489311
0.0288829017842706	1.01066085409469
0.028899529053275	1.01310283213288
0.028916175477233	1.00784264322246
0.0289328410892641	1.00931305137266
0.028949525922564	1.01106484386835
0.0289662300104051	1.01118644467134
0.0289829533861369	1.00848952021337
0.0289996960831855	1.00747751375584
0.0290164581350547	1.00505503217696
0.0290332395753255	1.01125596073049
0.0290500404376568	1.01137106083871
0.0290668607557854	1.01078593851566
0.0290837005635263	1.00756509675088
0.0291005598947729	1.00560084515059
0.0291174387834972	1.01282200731972
0.0291343372637501	1.00977935817458
0.0291512553696617	1.00907099745167
0.0291681931354412	1.00602086743516
0.0291851505953775	1.01096969007735
0.0292021277838393	1.01004146241499
0.0292191247352752	1.00841226551089
0.0292361414842141	1.0047677628877
0.0292531780652655	1.01066230147695
0.0292702345131194	1.00974159157797
0.0292873108625469	1.01285287722278
0.0293044071484003	1.00698379224215
0.0293215234056133	1.00831934855856
0.0293386596692012	1.00401716247605
0.0293558159742613	1.01210280290758
0.0293729923559729	1.01112415869202
0.0293901888495979	1.00832639748072
0.0294074054904807	1.00685979815318
0.0294246423140485	1.01138320514883
0.0294418993558117	1.01097371870925
0.0294591766513641	1.01059860982131
0.0294764742363829	1.00544306703899
0.0294937921466294	1.01045504772237
0.0295111304179489	1.01158049794177
0.0295284890862709	1.01115672898789
0.0295458681876096	1.01200239909266
0.0295632677580641	1.00987119015538
0.0295806878338185	1.01215390564042
0.0295981284511422	1.01249245621534
0.0296155896463903	1.01050722648692
0.0296330714560037	1.01056611276963
0.0296505739165092	1.01032651773825
0.0296680970645203	1.01289353808838
0.0296856409367368	1.01337130028053
0.0297032055699456	1.0118453050145
0.0297207910010205	1.01292767143873
0.0297383972669228	1.01050799284756
0.0297560244047014	1.01336395824617
0.0297736724514932	1.01202751659459
0.029791341444523	1.01093084885248
0.0298090314211043	1.01251381139694
0.0298267424186391	1.01215746258652
0.0298444744746183	1.01186139952073
0.0298622276266223	1.01065442475102
0.0298800019123206	1.01116826657516
0.0298977973694727	1.01333414604261
0.0299156140359279	1.01296564542971
0.0299334519496261	1.00992583173988
0.0299513111485973	1.00906593817369
0.0299691916709627	1.01076947892853
0.0299870935549344	1.01342535745074
0.0300050168388159	1.01263740926716
0.0300229615610023	1.01043458170315
0.0300409277599807	1.01008596006993
0.0300589154743301	1.01229846203511
0.0300769247427224	1.01233159462962
0.030094955603922	1.00954704431434
0.0301130080967861	1.00694152128513
0.0301310822602655	1.00783504081349
0.0301491781334045	1.01151538994083
0.0301672957553413	1.01121048127572
0.030185435165308	1.00889273302163
0.0302035964026313	1.01074432158548
0.0302217795067327	1.01207835354041
0.0302399845171284	1.01320017475915
0.0302582114734301	1.00917639965707
0.0302764604153451	1.00503609526496
0.0302947313826762	1.00789592658465
0.0303130244153228	1.00959232812229
0.0303313395532805	1.01062372804589
0.0303496768366415	1.00770683113387
0.0303680363055952	1.00759858176645
0.0303864180004283	1.01130744355182
0.030404821961525	1.01390717627028
0.0304232482293674	1.01170628656875
0.0304416968445359	1.01088885491653
0.0304601678477094	1.01056408768221
0.0304786612796653	1.01196786332527
0.0304971771812806	1.01070768738981
0.0305157155935311	1.00851336092327
0.0305342765574928	1.00901381937498
0.0305528601143415	1.01099901963711
0.0305714663053532	1.01360139589899
0.0305900951719046	1.0126074570266
0.0306087467554733	1.01216086216948
0.0306274210976382	1.01276754653556
0.0306461182400797	1.01243319369608
0.0306648382245799	1.01326626118378
0.0306835810930233	1.00907812625276
0.0307023468873965	1.00947423615999
0.0307211356497893	1.01087581263188
0.0307399474223944	1.01237353261845
0.0307587822475078	1.01307402359085
0.0307776401675293	1.01286687702732
0.0307965212249629	1.01396227795792
0.0308154254624167	1.01306874236754
0.0308343529226038	1.01357327140514
0.0308533036483419	1.01063936284688
0.0308722776825544	1.01091759964805
0.0308912750682702	1.01214589882329
0.0309102958486241	1.01252881657432
0.0309293400668573	1.01148677290617
0.0309484077663177	1.01288734386293
0.03096749899046	1.01353080445315
0.0309866137828463	1.01230643084643
0.0310057521871462	1.01103867771806
0.0310249142471375	1.00772350567298
0.031044100006706	1.01018227984434
0.0310633095098463	1.01081352228946
0.0310825428006619	1.01313796650904
0.0311017999233656	1.01282568958961
0.0311210809222799	1.01169842210885
0.0311403858418372	1.01330658358158
0.0311597147265802	1.01191462744365
0.0311790676211623	1.00885122074181
0.0311984445703479	1.00628288041072
0.0312178456190129	1.00781003554748
0.0312372708121445	1.00807548145208
0.0312567201948423	1.01042262679357
0.0312761938123183	1.00995169531069
0.0312956917098969	1.00493116666876
0.0313152139330159	1.00991382080182
0.0313347605272266	1.01092901647181
0.0313543315381938	1.01233046274409
0.0313739270116966	1.00880177822494
0.0313935469936288	1.00919374396906
0.0314131915299988	1.00978137838149
0.0314328606669303	1.01087629645073
0.0314525544506627	1.00860299477574
0.0314722729275513	1.00374227919191
0.0314920161440676	1.00678774476884
0.0315117841468	1.00956323521977
0.0315315769824537	1.01194085380942
0.0315513946978517	1.01291952373774
0.0315712373399343	1.01121901459038
0.0315911049557603	1.01164791259347
0.0316109975925069	1.0126122355066
0.0316309152974702	1.01068806096896
0.0316508581180657	1.00343658989193
0.0316708261018285	1.00400243934163
0.0316908192964135	1.00807060383971
0.0317108377495964	1.01085488676914
0.0317308815092735	1.01166192560856
0.0317509506234621	1.01096777078796
0.0317710451403014	1.01233524888514
0.0317911651080522	1.01373248198226
0.031811310575098	1.01294952585529
0.0318314815899447	1.00825237840377
0.0318516782012215	1.01006297988455
0.0318719004576809	1.00904743710237
0.0318921484081995	1.01222931949349
0.0319124221017781	1.0124136452269
0.0319327215875421	1.01169645058173
0.031953046914742	1.01128662282291
0.031973398132754	1.01112397905586
0.0319937752910798	1.01022602052982
0.0320141784393476	1.0115573400915
0.0320346076273124	1.01230044385412
0.0320550629048559	1.0137343898766
0.0320755443219876	1.01367632884161
0.0320960519288448	1.01369417965582
0.032116585775693	1.01308107007508
0.0321371459129268	1.01342759725558
0.0321577323910693	1.00856760911034
0.0321783452607737	1.00806892111737
0.0321989845728229	1.00573172630048
0.0322196503781302	1.00859411426979
0.0322403427277398	1.01049523188961
0.0322610616728268	1.00911596568719
0.0322818072646983	1.01024800113183
0.0323025795547933	1.01104609335509
0.0323233785946834	1.01057813909485
0.0323442044360727	1.01042637582823
0.0323650571307993	1.01001803254427
0.0323859367308344	1.00622825236234
0.0324068432882839	1.00775738508311
0.0324277768553881	1.01055114791261
0.0324487374845224	1.00728526890423
0.0324697252281976	1.00760852656073
0.0324907401390608	1.00774276966496
0.032511782269895	1.00813334894307
0.0325328516736204	1.01323741757451
0.0325539484032943	1.01342127452572
0.0325750725121118	1.01125235174341
0.0325962240534061	1.01047140793692
0.0326174030806489	1.01197569132852
0.0326386096474512	1.01088732867896
0.0326598438075634	1.00884468502123
0.0326811056148758	1.00553240775221
0.0327023951234192	1.00239157696356
0.0327237123873654	1.00756861754329
0.0327450574610272	1.00992332185694
0.0327664303988596	1.01127227116573
0.0327878312554596	1.01243011958809
0.032809260085567	1.01139074540326
0.0328307169440647	1.01327464298134
0.0328522018859796	1.011701217197
0.0328737149664824	1.00952438026523
0.0328952562408884	1.0081848866629
0.0329168257646583	1.00852787063566
0.032938423593398	1.00847148153364
0.0329600497828596	1.01212114633929
0.0329817043889418	1.00847645646131
0.0330033874676901	1.00906926685668
0.0330250990752976	1.0102285959971
0.0330468392681054	1.00951678293668
0.033068608102603	1.0128152522217
0.0330904056354288	1.01160367231391
0.0331122319233707	1.01329999222322
0.0331340870233666	1.01329638204681
0.0331559709925045	1.01297611961027
0.0331778838880237	1.0123575188032
0.0331998257673148	1.0095237728412
0.0332217966879202	1.00571856803381
0.0332437967075348	1.00556108437835
0.0332658258840065	1.0083501869403
0.0332878842753365	1.01093359363496
0.03330997193968	1.01294979564768
0.0333320889353468	1.0125994320629
0.0333542353208014	1.01245478550377
0.033376411154664	1.01357686856485
0.0333986164957107	1.01187664087106
0.033420851402874	1.00688771918671
0.0334431159352438	1.00635841433035
0.0334654101520672	1.00690011269841
0.0334877341127496	1.00897972765005
0.0335100878768548	1.00959812975382
0.0335324715041061	1.00844926772399
0.0335548850543861	1.01027699037582
0.0335773285877379	1.00961988891613
0.0335998021643652	1.01185760037292
0.0336223058446331	1.01384466547143
0.0336448396890682	1.01076972691466
0.03366740375836	1.01014192906427
0.0336899981133605	1.01201260581909
0.0337126228150853	1.0125232235368
0.033735277924714	1.01124918112651
0.0337579635035909	1.00903946414986
0.0337806796132251	1.00632575020458
0.0338034263152917	1.00841314015902
0.0338262036716318	1.01068747940247
0.0338490117442535	1.01357211477614
0.033871850595332	1.01317886916011
0.0338947202872107	1.0123611510511
0.0339176208824012	1.01160894799849
0.0339405524435844	1.01238717670893
0.0339635150336107	1.01202311354942
0.0339865087155007	1.00863243739258
0.0340095335524458	1.00902855142759
0.0340325896078088	1.00742818564336
0.0340556769451244	1.01191552979676
0.0340787956280998	1.01248818121261
0.0341019457206154	1.00722868892906
0.0341251272867252	1.01000290231721
0.0341483403906574	1.00948234029676
0.0341715850968153	1.01176864325484
0.0341948614697776	1.01337164139581
0.034218169574299	1.01130145656196
0.0342415094753109	1.01120101394631
0.034264881237922	1.01214948079193
0.0342882849274189	1.01134364574558
0.0343117206092667	1.0076807586081
0.0343351883491096	1.00670161299696
0.0343586882127714	1.00706517018825
0.0343822202662563	1.00877899172702
0.0344057845757495	1.01219503469525
0.0344293812076178	1.01344825659183
0.03445301022841	1.01255472027401
0.034476671704858	1.01228254895964
0.0345003657038768	1.01240101620871
0.0345240922925658	1.01156953351124
0.0345478515382089	1.00966806012695
0.0345716435082754	1.00608198339078
0.0345954682704207	1.00752944580609
0.0346193258924866	1.00696690947992
0.0346432164425023	1.01053001756413
0.034667139988685	1.01066069558508
0.0346910965994403	1.00906258921395
0.0347150863433631	1.01150005785889
0.0347391092892382	1.01096910721631
0.0347631655060408	1.01244412406243
0.0347872550629375	1.01085290076085
0.0348113780292865	1.00873882550178
0.0348355344746387	1.01079615783507
0.0348597244687382	1.01157751953392
0.0348839480815227	1.01079668835725
0.0349082053831249	1.00754306106183
0.0349324964438722	1.00809589336916
0.0349568213342882	1.01002252783011
0.0349811801250931	1.0131400006506
0.035005572887204	1.01257911209093
0.0350299996917364	1.01229320873605
0.0350544606100041	1.00991325818067
0.0350789557135203	1.01209563543467
0.0351034850739985	1.01274566088182
0.0351280487633525	1.01074450391039
0.0351526468536978	1.01032080234595
0.035177279417352	1.00906149461545
0.0352019465268355	1.01008229550615
0.0352266482548722	1.01072133912688
0.0352513846743904	1.01101096055617
0.0352761558585232	1.01135585813249
0.0353009618806097	1.00893341109822
0.0353258028141951	1.01138581870465
0.035350678733032	1.01113119972218
0.0353755897110808	1.0114384309099
0.0354005358225106	1.0122559956094
0.0354255171416996	1.01133700784094
0.0354505337432364	1.01127141032113
0.0354755857019203	1.01222400537535
0.0355006730927622	1.01162462720778
0.0355257959909853	1.00817905949817
0.035550954472026	1.00785442844373
0.0355761486115344	1.00878328058702
0.0356013784853753	1.01204177894703
0.0356266441696288	1.01202782064249
0.0356519457405911	1.01244029407344
0.0356772832747754	1.01161758379552
0.0357026568489124	1.01190730287661
0.0357280665399515	1.01214591968909
0.035753512425061	1.01054639707564
0.0357789945816294	1.00820384341661
0.035804513087266	1.00732036320834
0.0358300680198015	1.0085989007371
0.0358556594572891	1.01167410229197
0.0358812874780051	1.01211876906107
0.0359069521604498	1.01112241979195
0.0359326535833483	1.00889078494926
0.035958391825651	1.01197417228439
0.035984166966535	1.01167357932051
0.0360099790854045	1.01075945458931
0.0360358282618914	1.00951462562946
0.0360617145758569	1.00938595683609
0.0360876381073914	1.0109592690513
0.036113598936816	1.013066185565
0.036139597144683	1.01223306275649
0.036165632811777	1.00886965512477
0.0361917060191153	1.01056235570387
0.0362178168479492	1.01182449090536
0.0362439653797646	1.01341615369548
0.0362701516962828	1.01209395880811
0.0362963758794615	1.00876957586738
0.0363226380114957	1.00862542017223
0.0363489381748184	1.01205534801574
0.0363752764521013	1.0134172560895
0.0364016529262564	1.01082746854044
0.0364280676804358	1.00998296499926
0.0364545207980335	1.00986170342174
0.0364810123626858	1.01213209612354
0.0365075424582722	1.01329781486701
0.0365341111689165	1.0126291323189
0.0365607185789875	1.00989466332487
0.0365873647731001	1.0113724234263
0.0366140498361158	1.01244363542897
0.0366407738531441	1.0126929751597
0.036667536909543	1.01189408331319
0.0366943390909201	1.01021845463096
0.0367211804831335	1.01174809236872
0.0367480611722929	1.01314353311803
0.0367749812447599	1.01358813219288
0.0368019407871496	1.01238931752619
0.0368289398863315	1.01022733498943
0.0368559786294296	1.01125262563438
0.0368830571038246	1.01280416108056
0.0369101753971538	1.01288850050815
0.0369373335973124	1.01151195489921
0.0369645317924548	1.009464815081
0.0369917700709949	1.00959165792909
0.0370190485216076	1.01260355097556
0.0370463672332294	1.01331538286636
0.0370737262950597	1.01120656467595
0.0371011257965615	1.00985958856028
0.0371285658274624	1.01206098631198
0.0371560464777557	1.01325157565179
0.0371835678377015	1.01237689595894
0.0372111299978272	1.01144339956057
0.037238733048929	1.00955325209218
0.0372663770820728	1.00894407910767
0.0372940621885949	1.01268589089943
0.0373217884601033	1.01118233557914
0.0373495559884787	1.01015813817169
0.0373773648658753	1.01088266862538
0.0374052151847222	1.01110643573774
0.0374331070377239	1.01281670206263
0.0374610405178617	1.01248571142884
0.0374890157183948	1.01191041652241
0.037517032732861	1.01023729838629
0.037545091655078	1.01104060155435
0.0375731925791444	1.01289177178995
0.0376013355994408	1.01186181256322
0.0376295208106305	1.00941320884642
0.0376577483076611	1.00836371751795
0.0376860181857652	1.01063373746652
0.0377143305404617	1.0130296957256
0.0377426854675567	1.01232646063005
0.0377710830631445	1.00679412537305
0.0377995234236089	1.01077182286083
0.0378280066456245	1.0121918370457
0.037856532826157	1.01323875631015
0.0378851020624652	1.01237085193521
0.0379137144521016	1.00427794646565
0.0379423700929135	1.00791554821462
0.0379710690830445	1.00999811851556
0.0379998115209351	1.01215768809274
0.0380285975053243	1.01020697599999
0.0380574271352503	1.00762356372556
0.038086300510052	1.0087313946811
0.03811521772937	1.01012276261013
0.0381441788931477	1.01311286830184
0.0381731841016325	1.01165596802076
0.038202233455377	1.01129146054885
0.0382313270552399	1.01079888874499
0.0382604650023877	1.01249829545799
0.0382896473982953	1.01109035851449
0.0383188743447475	1.00759229847852
0.0383481459438402	1.00175339660426
0.0383774622979813	1.00722130726418
0.0384068235098923	1.01114367597522
0.0384362296826092	1.01195343261459
0.0384656809194839	1.01272283188033
0.0384951773241851	1.01002289337175
0.0385247190006998	1.01141213591602
0.0385543060533347	1.01261188314233
0.0385839385867169	1.0087278527928
0.0386136167057954	1.00414287053999
0.0386433405158425	1.00365586968879
0.0386731101224548	1.00670527994948
0.0387029256315546	1.00932652502745
0.038732787149391	1.01248129156742
0.0387626947825415	1.00830529038859
0.0387926486379127	1.00877156303989
0.0388226488227422	1.01109154965177
0.0388526954445994	1.00937800029097
0.038882788611387	1.00971200804711
0.0389129284313423	1.00607393202265
0.0389431150130384	1.00895042777981
0.0389733484653857	1.01049594533006
0.0390036288976329	1.01105050222818
0.0390339564193686	1.01154007196593
0.0390643311405224	1.00871629199172
0.0390947531713666	1.00838462590413
0.0391252226225169	1.00905851343582
0.0391557396049345	1.01038297792208
0.0391863042299266	1.01049122790478
0.0392169166091487	1.01285323526437
0.0392475768546052	1.01002010361836
0.0392782850786511	1.01335077832433
0.0393090413939932	1.010872719532
0.0393398459136917	1.00853330991189
0.0393706987511616	1.00973944150158
0.0394016000201738	1.00652641519733
0.0394325498348567	1.00793894101355
0.0394635483096975	1.009250993959
0.0394945955595438	1.01312949202299
0.0395256916996049	1.00938376687249
0.0395568368454532	1.00897289461397
0.0395880311130256	1.00913127496357
0.0396192746186251	1.00940058867195
0.039650567478922	1.01196242845791
0.0396819098109556	1.00524114421487
0.0397133017321356	1.00947184250211
0.0397447433602434	1.00773633972979
0.0397762348134337	1.00844267687267
0.0398077762102362	1.00567822499366
0.0398393676695565	0.998505358121587
0.0398710093106783	0.99811136242185
0.0399027012532642	1.00544567176778
0.0399344436173579	1.00812954457467
0.0399662365233852	1.01093613911853
0.0399980800921558	1.01255497322523
0.0400299744448645	1.010104309648
0.0400619197030933	1.01245861662445
0.0400939159888124	1.00492532583918
0.040125963424382	1.00065444727604
0.0401580621325539	0.994884364219301
0.040190212236473	0.998654884404654
0.0402224138596787	1.00792565591503
0.0402546671261068	1.0088052860105
0.0402869721600909	1.01110255041365
0.0403193290863642	1.00778782131604
0.0403517380300606	1.01185804127541
0.040384199116717	1.01147551869208
0.0404167124722743	1.00560510758032
0.0404492782230796	1.00129641187218
0.0404818964958872	0.99845952061483
0.0405145674178609	1.00683218828566
0.0405472911165752	1.01182204385457
0.0405800677200172	1.01174040924812
0.0406128973565879	1.00741173245921
0.0406457801551045	1.00813965047325
0.0406787162448014	1.01171435011569
0.0407117057553326	1.0125668424515
0.0407447488167727	1.00725051727361
0.040777845559619	1.00802862050037
0.0408109961147933	1.01198359581003
0.0408442006136434	1.0135435280277
0.0408774591879449	1.01238811179891
0.0409107719699029	1.00664903854466
0.0409441390921539	1.00911130889173
0.0409775606877675	1.0096001399787
0.0410110368902481	1.01038063396063
0.0410445678335365	1.00837389733001
0.0410781536520123	1.00623369295823
0.0411117944804951	1.01326312816082
0.0411454904542464	1.00805455641876
0.0411792417089716	1.00996991301514
0.0412130483808219	1.01064031662593
0.0412469106063957	1.01034866296695
0.0412808285227409	1.01058246564091
0.0413148022673565	1.00671979715418
0.0413488319781944	1.01022128728625
0.0413829177936616	1.00988624552286
0.0414170598526217	1.0089214892643
0.0414512582943969	1.00391803599956
0.0414855132587702	0.994174223059202
0.0415198248859867	1.00234726524087
0.0415541933167561	1.00820721055787
0.0415886186922543	1.00882070250833
0.0416231011541255	1.0106162472604
0.0416576408444838	1.01216542121974
0.0416922379059157	1.01189685345829
0.0417268924814817	1.00532706501965
0.0417616047147182	0.996972307273016
0.0417963747496398	0.989589211684123
0.041831202730741	0.986097073951648
0.0418660888029984	0.996673023800645
0.0419010331118725	1.00352573256961
0.04193603580331	1.01039053485534
0.0419710970237457	1.01124476778536
0.0420062169201043	1.00942461050609
0.0420413956398029	1.01203930325905
0.0420766333307527	1.00842879826281
0.0421119301413614	0.996174499284877
0.0421472862205349	0.990699916659018
0.0421827017176797	0.996350462845323
0.0422181767827048	1.00387924709672
0.0422537115660241	1.01130798943299
0.042289306218558	1.00757421829969
0.0423249608917362	1.00081974118194
0.0423606757374995	1.01189622370108
0.0423964509083017	1.01342071210286
0.0424322865571122	1.00898606023957
0.0424681828374183	1.00275834091399
0.0425041399032267	1.0026695661831
0.0425401579090662	1.01089426201746
0.0425762370099902	1.01259910352806
0.042612377361578	1.00448780242199
0.0426485791199381	1.00588364262811
0.0426848424417097	1.0085631398082
0.0427211674840651	1.01067375372125
0.0427575544047123	1.01185052924021
0.042794003361897	1.00616735134746
0.0428305145144048	1.01005300796788
0.0428670880215639	1.01213527384795
0.042903724043247	1.01165191462176
0.0429404227398739	1.00671822544091
0.0429771842724135	1.00591323567735
0.0430140088023868	1.00833254127111
0.0430508964918686	1.00547398892428
0.0430878475034902	1.01002573126761
0.0431248620004417	1.0096669765937
0.0431619401464744	1.01030023606167
0.0431990821059035	1.00576669478345
0.0432362880436099	1.0005135540076
0.0432735581250433	0.99916307127909
0.0433108925162243	1.00534826002772
0.0433482913837469	1.01001197091526
0.0433857548947809	1.00988679711808
0.0434232832170748	1.01228160966761
0.0434608765189577	1.01081364018809
0.0434985349693423	1.0101073900153
0.0435362587377272	1.00610431246518
0.0435740479941995	1.00083928115785
0.0436119029094373	0.98992416543933
0.0436498236547125	0.991851400140877
0.0436878104018929	1.00233800713776
0.0437258633234455	1.00909968651766
0.0437639825924383	1.01334501434214
0.0438021683825436	1.0121586567784
0.0438404208680404	1.01299100531084
0.0438787402238167	1.00906271504895
0.0439171266253729	0.999735830868164
0.0439555802488238	0.991945708750926
0.0439941012709016	0.98859475966841
0.0440326898689587	0.996908394404441
0.0440713462209702	1.00547151152881
0.0441100705055367	1.00877812510106
0.0441488629018871	1.0022429059265
0.0441877235898814	1.00728056090533
0.0442266527500133	1.0127183772145
0.0442656505634132	1.01286615538162
0.044304717211851	1.00823006698573
0.0443438528777387	0.995942794943022
0.0443830577441334	1.00264949859515
0.0444223319947404	1.00843069207053
0.0444616758139154	1.00807400167765
0.0445010893866682	1.00546989792821
0.0445405728986648	1.00576860968042
0.0445801265362311	1.00852991289935
0.0446197504863553	1.01107145256044
0.0446594449366908	1.01068477709641
0.0446992100755595	1.0105749030064
0.0447390460919548	1.01095611056994
0.0447789531755442	1.01247897629172
0.0448189315166726	1.0073588161149
0.0448589813063653	1.00433144430943
0.0448991027363309	1.0029545098178
0.0449392959989646	1.00354272161957
0.044979561287351	1.00879303980912
0.0450198987952675	1.0124091010616
0.045060308717187	1.01169734553428
0.0451007912482816	1.01235720383855
0.0451413465844251	1.00681082960773
0.0451819749221966	1.00623463411538
0.0452226764588835	1.00207338169252
0.0452634513924848	1.00675284999897
0.0453042999217141	1.00920784528263
0.0453452222460032	1.01099988807104
0.045386218565505	1.01268457029072
0.0454272890810967	1.01271714450306
0.0454684339943837	1.01283917327985
0.045509653507702	1.01014609054026
0.0455509478241223	1.00542722406782
0.0455923171474528	0.999812418942874
0.0456337616822429	1.00511938416685
0.0456752816337865	1.010354417584
0.0457168772081251	1.0135067122992
0.0457585486120516	1.01266537307898
0.0458002960531136	1.01289127006808
0.0458421197396167	1.01339638112334
0.0458840198806281	1.00732042111258
0.04592599668598	1.00183813652666
0.0459680503662733	0.994130268741944
0.046010181132881	0.998658069779433
0.0460523891979515	1.00699541193052
0.0460946747744126	1.00802485730822
0.0461370380759747	1.00809486440105
0.0461794793171347	1.00792404002952
0.0462219987131795	1.01046212509312
0.0462645964801894	1.01170755315193
0.0463072728350423	1.01231152466613
0.0463500279954168	1.00646626294644
0.0463928621797964	1.00623436531004
0.0464357756074727	1.00814588289772
0.0464787684985498	1.00913778537851
0.0465218410739473	1.00543556182406
0.0465649935554048	1.00473781931653
0.0466082261654852	1.00612688799837
0.0466515391275788	1.01182506765933
0.046694932665907	1.01319536109459
0.0467384070055262	1.00990627549039
0.0467819623723319	1.0111846500253
0.0468255989930622	1.01174881170133
0.0468693170953021	1.00926703135408
0.0469131169074872	1.0066968652863
0.046956998658908	1.00161897193293
0.0470009625797135	1.00457749328774
0.0470450089009156	1.00876042857184
0.0470891378543927	1.01138915942214
0.0471333496728944	1.01315968669413
0.047177644590045	1.01294328895599
0.0472220228403479	1.01275381234651
0.0472664846591896	1.01151394275834
0.0473110302828441	1.0080956356917
0.0473556599484769	1.00498627399622
0.0474003738941491	1.00839353415368
0.047445172358822	1.00949204909556
0.0474900555823609	1.0105249184423
0.0475350238055398	1.01171261849325
0.0475800772700453	1.01136552079541
0.0476252162184815	1.01027851159057
0.0476704408943736	1.01232170619775
0.0477157515421729	1.00975744096564
0.047761148407261	1.0055446660398
0.0478066317359542	1.0102498147472
0.0478522017755079	1.01314516562371
0.0478978587741212	1.01239743509267
0.0479436029809413	1.01146557836558
0.0479894346460681	1.01335046606156
0.0480353540205589	1.01072319045177
0.0480813613564327	1.01093293411513
0.0481274569066749	1.0073407179694
0.048173640925242	1.00659626676162
0.0482199136670664	1.01010712167358
0.0482662753880607	1.01252885717363
0.0483127263451227	1.01253596256849
0.0483592667961403	1.0104078944716
0.0484058969999959	1.01190624702318
0.0484526172165714	1.01206477235698
0.0484994277067528	1.01262079630467
0.0485463287324357	1.01199203362824
0.0485933205565294	1.01020781974529
0.0486404034429621	1.01057467970846
0.0486875776566861	1.01023042593557
0.0487348434636826	1.00980210483662
0.0487822011309663	1.00678525103917
0.0488296509265912	1.00849986161271
0.048877193119655	1.00715465675339
0.0489248279803046	1.0118860104736
0.0489725557797408	1.01311153362341
0.0490203767902239	1.01130180680416
0.0490682912850787	1.01128043717027
0.0491162995386995	1.00836693116681
0.0491644018265556	1.01065387146961
0.0492125984251966	1.0059225095316
0.0492608896122574	1.0033787292114
0.0493092756664639	1.00532958070813
0.049357756867638	1.01008541511105
0.0494063334967033	1.01328290402715
0.0494550058356904	1.01272051274945
0.0495037741677423	1.00776146370826
0.0495526387771199	1.00863130657188
0.0496015999492077	1.01096924320472
0.0496506579705191	1.00525380053952
0.0496998131287024	1.00640522270655
0.0497490657125456	1.00631887972373
0.0497984160119832	1.009964193459
0.0498478643181009	1.0083577943135
0.0498974109231417	1.00945446742042
0.049947056120512	1.00833044463035
0.0499968002047866	1.00700901079202
0.0500466434717153	1.00941763670513
0.0500965862182284	1.00630681248696
0.0501466287424426	1.0057186663044
0.0501967713436669	1.01011533696365
0.0502470143224086	1.01087802130015
0.0502973579803797	1.009983289758
0.0503478026205021	1.01203382821416
0.0503983485469145	1.00826612113264
0.050448996064978	1.00877272754702
0.0504997454812824	1.00919906533074
0.0505505971036527	1.01123510146367
0.0506015512411545	1.01180586984749
0.0506526082041013	1.01240862649002
0.05070376830406	1.01151659687385
0.0507550318538576	1.00576886925849
0.0508063991675876	1.00890964398464
0.0508578705606161	1.01026113014778
0.0509094463495887	1.00821584609001
0.0509611268524366	1.01077359718734
0.0510129123883834	1.00955049455066
0.0510648032779515	1.00925500993186
0.0511167998429688	1.00459893380831
0.0511689024065754	1.00752112289309
0.0512211112932302	1.00667826968979
0.0512734268287177	1.0074803987628
0.0513258493401545	1.00630385404185
0.0513783791559967	1.00617202314985
0.0514310166060463	1.00866976992397
0.051483762021458	1.0127906003994
0.0515366157347468	1.01174423894106
0.0515895780797942	1.00906554173721
0.0516426493918558	1.00860889135546
0.0516958300075679	1.00886023897882
0.0517491202649551	1.00900287431359
0.0518025205034372	1.00831992241116
0.0518560310638364	1.01319549123368
0.0519096522883847	1.01341619926037
0.0519633845207309	1.01213319460671
0.0520172281059483	1.00786225818491
0.0520711833905418	1.00222100167088
0.0521252507224555	1.00868161889136
0.0521794304510803	1.01193722831271
0.052233722927261	1.00932033908166
0.0522881285033042	1.00714441367175
0.0523426475329859	1.00773337428172
0.0523972803715591	1.00803122015683
0.0524520273757617	1.00543067246447
0.0525068889038237	1.00720140205153
0.0525618653154759	1.00284715671582
0.0526169569719568	1.00182278956885
0.0526721642360214	1.00490153396829
0.0527274874719485	1.00263331590259
0.0527829270455491	1.00609593097844
0.0528384833241742	1.00693924665362
0.0528941566767231	1.0085844199647
0.0529499474736516	1.00894854305647
0.05300585608698	1.0083949418026
0.0530618828903015	1.00669273989806
0.0531180282587905	1.00364699253684
0.0531742925692112	1.0087262225871
0.0532306761999254	1.01184736843377
0.0532871795309018	1.00826665217684
0.0533438029437239	1.00342452982906
0.0534005468215989	1.0010517289025
0.0534574115493663	1.00198142925801
0.0535143975135065	1.01030620813349
0.0535715051021496	1.0092077801411
0.0536287347050843	1.00814993786048
0.0536860867137667	1.00557543985122
0.0537435615213292	1.01019639681688
0.0538011595225895	1.00586196851411
0.0538588811140596	1.00128647789791
0.0539167266939552	1.00362340485908
0.0539746966622042	1.0021609810155
0.0540327914204567	1.00718413901577
0.0540910113720937	1.00778786422949
0.0541493569222366	1.00461422206679
0.0542078284777569	1.01106526841777
0.054266426447285	1.01245771082868
0.0543251512412205	1.01102761719358
0.054384003271741	1.00394843423209
0.0544429829528126	1.00240776212625
0.0545020907001987	1.00499110008693
0.0545613269314704	1.00835700464743
0.0546206920660161	1.01283200054346
0.0546801865250517	1.01271119525386
0.0547398107316298	1.00899176337013
0.0547995651106507	1.00757104115779
0.0548594500888717	1.00196690096759
0.0549194660949178	1.00345049714978
0.0549796135592916	1.00829620803193
0.0550398929143837	1.01264930720979
0.0551003045944832	1.00982145617319
0.0551608490357877	1.00679598614277
0.0552215266764145	1.01033992651508
0.0552823379564103	1.00585843649814
0.0553432833177628	1.00971238579169
0.0554043632044104	1.00537793720689
0.0554655780622539	0.996640643535298
0.0555269283391667	0.99985526458566
0.055588414485006	1.00609155788984
0.0556500369516239	1.00926801004419
0.055711796192878	1.00725032355458
0.0557736926646433	1.00431935000412
0.0558357268248225	1.00700593920135
0.0558978991333583	1.00823803514259
0.0559602100522438	1.0089224026075
0.0560226600455345	1.00426944053306
0.0560852495793599	1.00177574072135
0.0561479791219347	1.00821052901978
0.0562108491435708	1.00643915472436
0.0562738601166888	0.997485264112045
0.05633701251583	0.989122308425514
0.0564003068176684	0.989815049179284
0.0564637435010224	1.00270909234047
0.0565273230468672	1.00914602514901
0.0565910459383467	1.01133746724921
0.0566549126607859	1.00406886495396
0.0567189237017031	1.0085248818
0.0567830795508224	1.01037290700676
0.0568473807000861	0.996876530297119
0.0569118276436674	0.990925972756141
0.0569764208779831	0.989135833975414
0.0570411609017059	0.998179767825317
0.0571060482157778	1.00813985303402
0.0571710833234229	1.00877228696861
0.05723626673016	1.0111633308502
0.0573015989438161	1.00981890482817
0.0573670804745397	1.01162425663416
0.0574327118348135	1.00458220808114
0.0574984935394685	0.996023228881532
0.0575644261056967	0.997457120293292
0.0576305100530653	1.00464669848825
0.0576967459035302	1.01217689017957
0.0577631341814493	1.01218967413048
0.057829675413597	1.00715719886702
0.0578963701291775	1.00459671204079
0.0579632188598394	1.00498807702639
0.0580302221396895	1.00153309242402
0.0580973805053069	0.998760720494491
0.0581646944957578	1.0005530801716
0.0582321646526093	1.00994689794492
0.0582997915199446	1.00994569830525
0.0583675756443772	1.00817963405803
0.0584355175750654	1.00368316625258
0.0585036178637278	0.997138297484638
0.0585718770646578	1.00300723133382
0.0586402957347385	1.00171492315831
0.0587088744334585	0.997626251623238
0.0587776137229261	0.999502704611633
0.0588465141678858	1.00611140664149
0.058915576335733	1.00670102933876
0.0589848007965298	1.0002770967338
0.0590541881230207	1.00012770589241
0.0591237388906485	0.997337115503586
0.0591934536775699	1.00141457524407
0.0592633330646719	1.00303863589313
0.0593333776355877	1.00283701800554
0.0594035879767128	1.00500529398407
0.0594739646772219	1.00767056764209
0.0595445083290849	1.00164619792237
0.0596152195270834	0.990950736606541
0.0596860988688281	0.991910339509285
0.0597571469547748	0.994137086964211
0.059828364388242	1.00368612655555
0.0598997517754276	1.00783421078731
0.0599713097254263	1.01091073780434
0.0600430388502468	1.0092378521679
0.0601149397648293	1.01252885101718
0.0601870130870631	1.00388341925179
0.0602592594378042	0.986338926061103
0.0603316794408932	0.985530575742204
0.0604042737231734	0.990720314013949
0.0604770429145086	1.00002922740656
0.0605499876478015	1.00911838908303
0.0606231085590119	1.01012717037599
0.0606964062871755	1.00707469420166
0.0607698814744221	1.01014792215638
0.0608435347659947	1.01015885312968
0.0609173668102681	0.989743051694158
0.0609913782587682	0.983311416172404
0.061065569766191	0.98776151174949
0.0611399419904219	1.00444543762439
0.0612144955925552	1.01222145412115
0.0612892312369136	1.01094173612694
0.0613641495910682	1.00272793429624
0.0614392513258579	1.00235210888182
0.06151453711541	1.00645766548683
0.0615900076371598	0.997978996337707
0.0616656635718714	0.990653192658389
0.0617415056036579	0.99582198097395
0.061817534420002	1.00714283907034
0.061893750711777	1.01113933566952
0.0619701551732674	1.0058815420701
0.0620467485021903	0.994491078678873
0.0621235313997165	0.992729650040107
0.0622005045704919	0.99820216644541
0.0622776687226589	1.00028743878327
0.0623550245678785	0.994744329803113
0.0624325728213517	0.995364428618565
0.0625103142018421	1.00691021457699
0.0625882494316975	1.00563177255324
0.0626663792368727	1.00168845037849
0.0627447043469519	0.99465647464065
0.0628232254951714	0.987354471520331
0.0629019434184426	0.989724264813721
0.0629808588573749	0.993730973843917
0.0630599725562987	1.00152833527099
0.0631392852632896	1.00254652521263
0.0632187977301911	1.00968074140441
0.0632985107126387	0.997699392386836
0.0633784249700842	0.988870680790443
0.063458541265819	0.991590031492978
0.0635388603669992	0.998494617326791
0.0636193830446698	1.00009550641026
0.063700110073789	1.00364946190525
0.0637810422332537	1.00844763906787
0.0638621803059242	1.01194856310868
0.0639435250786493	1.00977583536596
0.0640250773422922	0.998259070334762
0.0641068378917557	0.982389714598866
0.0641888075260081	0.984371270251484
0.0642709870481095	1.00051178526232
0.0643533772652377	1.0065229813525
0.0644359789887148	1.00931422762543
0.0645187930340337	1.01010047900575
0.0646018202208853	1.01183854701298
0.064685061373185	1.01256945604985
0.0647685173191003	0.997413894307397
0.0648521888910782	0.976230065009079
0.064936076925873	0.969839629285585
0.0650201822645737	0.989647580715132
0.0651045057526329	1.00890058749265
0.0651890482398945	1.01177462050222
0.0652738105806224	1.00749553620874
0.0653587936335294	1.00137794716211
0.0654439982618062	1.00248052775378
0.0655294253331504	1.00352663799933
0.0656150757197962	0.990988614280702
0.0657009502985439	0.976540895207682
0.0657870499507901	0.985300710245103
0.0658733755625574	1.00128422648523
0.0659599280245253	1.00199067582163
0.0660467082320605	0.997849904223586
0.0661337170852478	0.9911814885072
0.0662209554889214	0.993041157763341
0.066308424352696	0.99657733175731
0.0663961245909987	0.99514415309739
0.0664840571231007	0.985090194237047
0.0665722228731494	0.995678548962218
0.066660622770201	1.00548502407714
0.0667492577482526	1.00364531009713
0.0668381287462759	0.994549049064769
0.0669272367082496	0.987625932867114
0.0670165825831932	0.985028347564244
0.0671061673252007	0.986041904584263
0.0671959918934743	0.996058385541246
0.0672860572523592	1.00129119521702
0.0673763643713773	1.0080191642461
0.0674669142252627	1.00778830948643
0.0675577077939964	0.996036804152264
0.0676487460628418	0.989904769052787
0.0677400300223801	0.993704580467955
0.0678315606685467	0.999715805781249
0.0679233390026668	0.997013693044859
0.0680153660314926	0.996931427969036
0.0681076427672396	1.00682575462729
0.0682001702276237	1.01018503203886
0.068292949435899	1.00529673962012
0.0683859814208954	0.992107944887876
0.0684792672170562	0.98296479135385
0.068572807864477	0.993340142073701
0.0686666044089441	1.00425678423199
0.0687606579019736	1.0053039686314
0.0688549694008504	1.00773343121579
0.0689495399686682	1.00842759907054
0.069044370674369	1.01210051998444
0.069139462592784	0.99887730529628
0.0692348168046736	0.978166330983688
0.0693304343967686	0.959979692118327
0.0694263164618116	0.972697813759307
0.0695224640985984	0.998981355714328
0.0696188784120201	1.00767154596947
0.0697155605131053	1.00807112239065
0.0698125115190632	1.00371316663001
0.069909732553326	1.00666657924591
0.0700072247455926	1.00508376898285
0.0701049892318725	0.987911729795711
0.0702030271545297	0.97015269156868
0.0703013396623274	0.97134725660184
0.0703999279104726	0.990932798838436
0.0704987930606616	1.0029417182237
0.0705979362811255	0.999416714771726
0.0706973587466761	0.999160841905399
0.0707970616387526	0.997230834778995
0.0708970461454682	0.992767810395661
0.0709973134616574	0.991488921722331
0.0710978647889235	0.987286640949419
0.0711987013356865	0.987798181678735
0.0712998243172317	0.999058534865218
0.0714012349557586	1.00397457825199
0.0715029344804299	0.998820297679143
0.0716049241274212	0.99377652350343
0.0717072051399713	0.996529408744057
0.0718097787684324	0.988856912811445
0.0719126462703213	0.984624707651182
0.0720158089103708	0.993087776701759
0.0721192679605813	0.999701439242456
0.0722230247002733	1.00732880762485
0.0723270804161399	1.00536579834876
0.0724314364023004	0.996086413429114
0.0725360939603535	0.996028593202681
0.0726410543994317	1.00334315707649
0.0727463190362556	1.00190954682153
0.0728518891951895	0.988512456096944
0.0729577662082962	0.996332819460579
0.0730639514153937	1.00732427149714
0.0731704461641114	1.01074246416416
0.073277251809947	1.00155403614006
0.0733843697163242	0.979980710280927
0.0734918012546509	0.986718125253594
0.0735995478043771	1.00330902187127
0.0737076107530548	1.01083459330821
0.0738159914963966	1.0049371431306
0.0739246914383368	0.999499639129215
0.0740337119910911	1.00855225993803
0.0741430545752185	1.00888069374033
0.0742527206196824	0.99587402913597
0.0743627115619133	0.971123426369964
0.0744730288478713	0.962277091241683
0.0745836739321098	0.98484375113703
0.0746946482778391	1.00618094292882
0.0748059533569908	1.00272161800469
0.0749175906502836	1.00326692675584
0.0750295616472879	1.00629197316603
0.0751418678464931	1.00984895848509
0.0752545107553736	0.997822743063847
0.0753674918904567	0.977835766478831
0.0754808127773909	0.966809572485611
0.0755944749510137	0.978357385376239
0.0757084799554217	1.00180314731651
0.0758228293440404	1.00136071565639
0.0759375246796944	0.997198285219774
0.0760525675346789	1.00368454185603
0.0761679594908313	1.00284289773487
0.0762837021396042	0.994947825658797
0.0763997970821378	0.981446418833185
0.0765162459293346	0.9752334828346
0.0766330503019331	0.985791133308228
0.0767502118305835	0.998484662780263
0.0768677321559235	1.0078421981858
0.0769856129286548	0.995482514675281
0.0771038558096202	0.999979170560196
0.0772224624698821	1.00139521016226
0.0773414345908008	0.98913611241376
0.0774607738641141	0.978232549381699
0.0775804819920174	0.982982618051606
0.0777005606872448	0.997050964322951
0.0778210116731507	1.0065939803846
0.077941836683792	1.00536963009774
0.0780630374640118	0.992174241462808
0.0781846157695232	0.995994478730761
0.0783065733669936	1.00949695843103
0.0784289120341312	1.00133711990065
0.0785516335597704	0.982170695338435
0.0786747397439598	0.984806069702334
0.0787982323980498	1.00474121374279
0.0789221133447812	1.01021272286377
0.0790463844183756	0.994607775221976
0.0791710474646253	0.981196756515532
0.0792961043409849	0.989092236122376
0.0794215569166635	1.00804407835398
0.079547407072718	1.00794915081621
0.0796736567021469	0.982133877558812
0.0798003077099855	0.985658273097799
0.0799273620134012	1.00817753563581
0.0800548215417907	1.0091419303409
0.0801826882368778	0.988005591961004
0.0803109640528114	0.960352009232635
0.0804396509562655	0.968360298230162
0.0805687509265396	0.995281890523826
0.0806982659556601	1.00879232584924
0.0808281980484829	0.991265050981949
0.0809585492227969	0.980527792850621
0.081089321509428	1.00565857191175
0.0812205169523453	1.0043087325181
0.0813521376087668	0.9871141557552
0.0814841855492676	0.969382400788766
0.081616662857888	0.96785992538135
0.0817495716322436	0.991901719819999
0.0818829139836355	1.00643003361071
0.0820166920371624	0.997039191044276
0.0821509079318334	0.991000582779398
0.0822855638206823	1.00272612430079
0.0824206618708821	1.00932168967394
0.0825562042638618	0.986170355115888
0.0826921931954238	0.965183378446157
0.0828286308758621	0.968497612309303
0.0829655195300823	0.987408495053367
0.0831028613977226	1.00396714877152
0.0832406587332759	1.00413716692672
0.0833789138062131	0.992818763617429
0.0835176289011074	1.00031262455601
0.083656806317761	0.999315225504098
0.0837964483713312	0.981513908424072
0.0839365573924595	0.967082992245752
0.0840771357274007	0.974690303016707
0.0842181857381546	0.994071034956008
0.0843597098025973	1.00166842870885
0.0845017103146158	1.00029581165543
0.0846441896842423	0.986533577460948
0.084787150337791	0.999044280484518
0.0849305947179955	1.00663327167125
0.0850745252841479	0.986984694584781
0.0852189445122399	0.959829025336253
0.0853638548951039	0.970388697497471
0.0855092589425573	0.999843586261866
0.0856551591815469	1.01083426812983
0.0858015581562952	0.999317853514142
0.0859484584284487	0.982117945231913
0.086095862577227	0.993940832086919
0.086243773199574	1.01236454156855
0.0863921929103101	0.997279596926167
0.0865411243422865	0.960787403666749
0.0866905701465408	0.972167628018813
0.0868405329924544	1.00222036381183
0.0869910155679112	1.01107153346431
0.0871420205794586	0.989557777476924
0.0872935507524695	0.96646410674068
0.087445608831306	0.983448430303957
0.0875981975794857	1.0081032634248
0.0877513197798486	1.00464041837215
0.0879049782347265	0.971383256137222
0.0880591757661139	0.972941893084877
0.0882139152158409	1.00127067476862
0.0883691994457475	1.0081127282505
0.0885250313378602	0.98853818830063
0.0886814137945704	0.970929676663311
0.0888383497388143	0.984991094597937
0.0889958421142555	1.00368630245023
0.0891538938854684	1.0070143919791
0.0893125080381248	0.991980006582441
0.0894716875791816	0.98763087068938
0.0896314355370707	1.00461707364703
0.0897917549618915	1.00202773529304
0.0899526489256047	0.975615869744641
0.0901141205222285	0.964240341695099
0.090276172868037	0.976569119632622
0.0904388091017609	0.998045428784519
0.0906020323847896	1.00788708373161
0.0907658459013766	0.993643112043927
0.0909302528588463	0.98911602876763
0.0910952564878033	0.996459182718819
0.0912608600423442	0.997294168833282
0.0914270668002712	0.968015180918105
0.0915938800633088	0.943653492268025
0.0917613031573221	0.964268516536579
0.0919293394325377	0.990392522694635
0.0920979922637678	1.00681360266689
0.0922672650506354	0.99571046285723
0.0924371612178033	0.984937816683373
0.0926076842152046	0.998685823293782
0.0927788375182766	1.00069678299343
0.0929506246281967	0.965210575915601
0.0931230490721211	0.929109851029346
0.0932961144034265	0.949413151959001
0.0934698242019538	0.993176013425127
0.0936441820742553	1.01161796105044
0.0938191916538439	0.995827971126722
0.093994856601446	0.982919410386153
0.0941711806052562	0.997557333814196
0.094348167381196	1.01106331230252
0.0945258206731743	0.980092294116439
0.0947041442533518	0.942340408335337
0.0948831419224076	0.951339557650613
0.0950628175098097	0.985060617242469
0.0952431748740878	1.01064293524018
0.0954242179031093	1.00253423327462
0.0956059505143593	0.992735757147138
0.0957883766552224	0.999324430479979
0.0959715003032692	1.01095544807864
0.0961553254665449	0.997490483457737
0.096339856183862	0.966311962557394
0.0965250965250958	0.973880596897905
0.0967110505914841	1.00224233930227
0.0968977225159293	1.01049987917804
0.097085116463305	0.997810710666498
0.0972732366307657	0.993388062833933
0.0974620872480598	0.997941220344154
0.0976516725778472	1.00370105195476
0.0978419969160196	0.994147123417484
0.0980330645920249	0.978974574781416
0.098224879969196	0.984888238199223
0.0984174474450824	1.00735954969373
0.0986107714517866	1.00177762520345
0.0988048564563039	0.979477792736496
0.0989997069608667	0.973401247190719
0.0991953275032926	0.993683230745978
0.0993917226573365	0.999188217069153
0.0995888970330469	0.989005925387619
0.0997868552771274	0.970818350626646
0.0999856020733008	0.982545667711013
0.100185142142679	1.00411198250988
0.100385480244137	0.988401156607295
0.10058662117469	0.943482889956832
0.100788569769879	0.930015889706729
0.100991330904155	0.962836077196609
0.101194909491272	0.997478328253582
0.101399310484688	0.996659983679073
0.10160453887796	0.986650115892171
0.101810599705156	0.982700017376904
0.102017498041263	0.999681359257728
0.102225239002608	0.993527807139048
0.102433827747275	0.930508128637873
0.102643269475533	0.896559023973557
0.102853569430273	0.925463899685254
0.103064732897438	0.979354632517565
0.10327676520647	1.00488870760636
0.103489671730761	0.997526094630263
0.103703457888099	0.997661978059398
0.103918129141137	1.00948948651549
0.10413369099785	1.00121424795751
0.104350149012012	0.960172663463957
0.10456750878367	0.907325173708693
0.104785775959628	0.92325844049148
0.105004956233934	0.965748085504615
0.105225055348379	0.999430407646322
0.105446079092995	1.00787233447785
0.105668033306564	1.00396217902809
0.105890923877132	1.00177612108706
0.106114756742531	0.997853622069559
0.106339537890904	0.977761254096381
0.106565273361239	0.953262387707663
0.106791969243912	0.95813951902787
0.107019631681235	0.993268470326545
0.107248266868007	1.00221944385643
0.107477881052079	1.00694636683429
0.107708480534923	0.99905021898699
0.107940071672207	0.989015823529695
0.108172660874381	0.975771259409755
0.108406254607265	0.961033962303357
0.108640859392654	0.963690719678268
0.108876481808917	0.984761633103837
0.10911312849162	1.00998027190548
0.109350806134142	1.00505011576137
0.109589521488313	0.987196432259702
0.109829281365046	0.980542971210017
0.11007009263499	0.985793407181687
0.110311962229184	0.954907828619096
0.110554897139723	0.925053230256287
0.110798904420433	0.945568122145608
0.111043991187549	0.975776199742653
0.111290164620411	1.00333047947141
0.111537431962166	0.981870570565284
0.111785800520474	0.947183146378278
0.112035277668232	0.941042645616644
0.1122858708443	0.963056112643421
0.112537587554243	0.957710904600583
0.11279043537108	0.932823294858706
0.113044421936044	0.955264745086421
0.113299554959348	0.981197582187306
0.11355584222097	1.00500593943997
0.113813291571443	0.962355180001293
0.114071910932652	0.908624743589536
0.114331708298653	0.892377994259079
0.114592691736492	0.924228730849278
0.114854869387042	0.960074346367936
0.115118249465851	0.964185691832997
0.115382840263996	0.983993797056312
0.115648650148955	1.00276475100429
0.115915687565492	1.00545206869694
0.116183961036547	0.97532389605186
0.116453479164143	0.921046176630619
0.116724250630311	0.882934691560638
0.116996284198014	0.90381661122933
0.117269588712098	0.955745736456352
0.117544173100251	0.981550118795411
0.11782004637397	1.00592397748701
0.118097217629553	0.999705355331368
0.118375696049093	0.99423975661979
0.118655490901497	0.970929338860071
0.118936611543512	0.949284199560713
0.119219067420767	0.925117926730498
0.119502868068834	0.931452990382107
0.119788023114297	0.979271040839281
0.120074542275845	1.00070531273088
0.120362435365372	1.0045296700656
0.120651712289101	0.983933727888575
0.120942383048716	0.967823156691269
0.121234457742518	0.930160778818798
0.121527946566593	0.917392590305212
0.121822859815999	0.94264832505758
0.12211920788597	0.972919919221508
0.122417001273137	1.00768558454741
0.122716250576767	1.0029682825315
0.12301696650002	1.00029088230601
0.123319159851228	0.975100383726343
0.123622841545187	0.937891830705013
0.123928022604472	0.876379917192455
0.12423471416077	0.84056184045245
0.124542927456236	0.90964329512008
0.124852673844863	0.978653999068482
0.12516396479388	1.00538957942126
0.125476811885164	0.977684222651479
0.125791226816677	0.960628607596758
0.126107221403927	0.960591158476282
0.126424807581443	0.933374222499376
0.126743997404283	0.864094007099291
0.127064803049556	0.837884457129586
0.127387236817969	0.898501171917679
0.127711311135405	0.978203199491027
0.128037038554513	0.986459158999624
0.128364431756334	0.945633308359218
0.128693503551941	0.921747515915126
0.129024266884116	0.920624094150284
0.129356734829042	0.932909271702159
0.129690920598031	0.895696722782309
0.130026837539268	0.896431296856773
0.130364499139595	0.947174902613784
0.130703919026308	0.982032145493432
0.131045110969	0.981709133507219
0.131388088881415	0.920508685542157
0.131732866823341	0.894789915824844
0.132079459002536	0.881188806477184
0.132427879776674	0.923903861175793
0.13277814365533	0.938803705861382
0.133130265301993	0.949355177859835
0.133484259536116	0.984551746168061
0.13384014133519	0.992863062152031
0.134197925836859	0.97037745483388
0.134557628341066	0.922732561697661
0.134919264312236	0.902083503719691
0.135282849381487	0.907998011892813
0.135648399348888	0.940423560446786
0.136015930185744	0.976703864407195
0.136385458036923	1.00104439967276
0.136756999223221	0.996203120189088
0.137130570243764	0.98858368553356
0.13750618777845	0.949940872995783
0.137883868690435	0.881701585419293
0.138263630028649	0.885575998769948
0.138645489030369	0.921603197958895
0.139029463123826	0.969084863749379
0.13941556993085	1.00037024990737
0.139803827269576	1.0067407405189
0.140194253157175	0.990200058610293
0.140586865812649	0.932532750383396
0.140981683659659	0.873430559431255
0.141378725329413	0.78407059361261
0.141778009663589	0.799819730815601
0.142179555717325	0.895188133258098
0.14258338276224	0.986158202272443
0.142989510289526	1.00521896578093
0.143397958013078	0.993791647242852
0.143808745872689	0.98549465425109
0.14422189403729	0.958368517345712
0.144637422908254	0.865872284979981
0.145055353122752	0.752505736887112
0.145475705557172	0.728781159545468
0.145898501330595	0.848000909647748
0.146323761808328	0.965848709658897
0.146751508605509	0.959275372780894
0.147181763590764	0.948586972064061
0.147614548889939	0.955491068556361
0.148049886889887	0.972048347149893
0.148487800242332	0.918116030818631
0.1489283118678	0.801276226772331
0.14937144495961	0.773393214444153
0.149817222987955	0.846110342514254
0.150265669704037	0.941483808765978
0.150716809144291	0.872184070391569
0.151170665634675	0.821441650365091
0.151627263795049	0.867112825275606
0.152086628543619	0.924128403672779
0.152548785101476	0.96527575948184
0.153013758997209	0.917121140086013
0.153481576071609	0.894356945432638
0.15395226248245	0.929873818776003
0.154425844709371	0.975553879727673
0.154902349558838	0.909422209504325
0.155381804169205	0.841155767898148
0.155864236015861	0.82297582474684
0.156349672916485	0.877404685644089
0.156838143036387	0.951082207104095
0.15732967489396	0.981491434483255
0.157824297366229	0.998316848404342
0.158322039694502	0.98795340593444
0.158822931490141	1.00076960937142
0.159327002740425	0.919124742516551
0.159834283814541	0.863227229155117
0.160344805469682	0.845177389213951
0.160858598857261	0.887103278305813
0.161375695529248	0.960433859786447
0.161896127444632	0.977268666561667
0.162419926976001	1.00892268085707
0.162947126916259	0.967399358128278
0.163477760485464	0.922711004732874
0.164011861337812	0.83857180593096
0.164549463568749	0.76490272113251
0.165090601722226	0.792358217134762
0.165635310798098	0.902896269147032
0.166183626259672	1.00059238325735
0.166735584041404	0.996541063629561
0.167291220556746	1.00504448824922
0.167850572706154	0.981122033532606
0.168413677885264	0.921726112418806
0.168980573993214	0.758732828827963
0.169551299441159	0.636013492125876
0.17012589316094	0.642400404520075
0.170704394613935	0.810383268876028
0.171286843800102	0.948170844111816
0.171873281267188	0.920805988756917
0.172463748120146	0.940526591102278
0.173058286030736	0.964694566343011
0.17365693724733	0.995547951386274
0.174259744604919	0.859605413184013
0.17486675153533	0.696209830464453
0.17547800207766	0.601457989006935
0.176093540888921	0.71736133860826
0.17671341325492	0.844234346271818
0.177337665101367	0.742425859532842
0.177966343005211	0.737151160667114
0.178599494206233	0.819698654949953
0.179237166618871	0.953176258129512
0.179879408844311	0.977788553880383
0.180526270182837	0.886642827723715
0.181177800646443	0.810924150795252
0.181834050971722	0.834596193882048
0.182495072633039	0.910475624740682
0.183160917855992	0.796213423281091
0.183831639631161	0.714504466654078
0.18450729172817	0.703401953369784
0.185187928710055	0.822202928699982
0.185873605947956	0.937412538870949
0.186564379636125	0.967071484627615
0.187260306807287	0.996446597775111
0.187961445348331	0.975731307653571
0.188667854016362	1.00035915024503
0.189379592455117	0.896819795212921
0.190096721211753	0.838326534637528
0.190819301754011	0.807356277003441
0.191547396487787	0.850954519864748
0.192281068775093	0.924014495167447
0.19302038295244	0.961713723215899
0.193765404349646	1.00460818809738
0.194516199309079	0.975254315191494
0.195272835205349	0.933398119644066
0.196035380465467	0.8456117686363
0.196803904589468	0.7944075213771
0.19757847817153	0.836897908683302
0.198359172921593	0.933121157752262
0.199146061687485	0.987290167362015
0.199939218477583	0.974955794989523
0.200738718484022	0.948374011630668
0.201544638106448	0.923863789979384
0.202357054976365	0.873920905557071
0.203176047982056	0.661617613073205
0.204001697294122	0.561982504555184
0.204834084391643	0.604296297745166
0.205673292088983	0.779922789970082
0.206519404563253	0.927047392521721
0.207372507382462	0.914693115795568
0.208232687534359	0.917171229670686
0.209100033456006	0.918236177691685
0.209974635064085	0.952697614514092
0.210856583785973	0.770732011383359
0.211745972591602	0.574711205075663
0.21264289602613	0.478924848645383
0.213547450243445	0.641180529987419
0.214459733040525	0.75697451188754
0.21537984389269	0.689523127023091
0.216307883989756	0.661697337172135
0.217243956273137	0.782894657035343
0.218188165473905	0.967765834868567
0.219140618151856	0.975107033355109
0.220101422735597	0.836825487515222
0.221070689563695	0.68812773829504
0.22204853092692	0.737427533355689
0.223035061111607	0.753982185993784
0.22403039644419	0.697102021712614
0.225034655336922	0.600484068178565
0.226047958334841	0.574098910763796
0.227070428164	0.785853863217974
0.228102189781022	0.893029704873519
0.229143370424007	0.937619436460019
0.230194099664838	0.954567943133475
0.231254509462935	0.970127264576764
0.232324734220505	0.972181441009779
0.233404910839325	0.852866156313073
0.234495178779125	0.787182065440017
0.23559568011761	0.743877849259586
0.23670655961218	0.814373039434045
0.237827964763409	0.884618846948387
0.238960045880329	0.938920475735642
0.240102956147597	0.989969394900122
0.241256851694589	0.976029379813499
0.242421891666506	0.90970328315911
0.243598238297541	0.869673679637623
0.244786056986195	0.843264439242372
0.245985516372796	0.893231047800081
0.247196788419325	0.931537741647524
0.248420048491594	0.890192994779726
0.249655475443888	0.929619653289989
0.250903251706143	0.9085684169168
0.252163563373747	0.92532389822504
0.253436600300069	0.800171488475367
0.254722556191796	0.622269440151568
0.256021628707194	0.571713795286538
0.257334019557386	0.644339662631802
0.258659934610769	0.806750436459784
0.259999584000666	0.848910734518087
0.261353182236347	0.904728879919606
0.262720948317536	0.882402640550721
0.264103105852525	0.867590878071928
0.265499883180052	0.884502257846293
0.266911513495047	0.725110190877465
0.268338234978426	0.531458119823869
0.269780290931066	0.468809650216488
0.271237929912119	0.647346846761635
0.27271140588184	0.702601580825587
0.274200978349091	0.698225578092081
0.275706912523711	0.670819056782676
0.27722947947393	0.794954857407664
0.278768956289028	0.956753678714791
0.28032562624745	0.951282072525095
0.281899778990574	0.758207280877952
0.28349171070238	0.591827221036878
0.285101724295229	0.726360757572098
0.286730129602019	0.700558306438046
0.288377243574956	0.686894459944359
0.290043390491218	0.503715225036575
0.291728902165796	0.517301357858502
0.293434118171789	0.789737070720202
0.295159386068478	0.916590891732862
0.296905061637491	0.91752031139756
0.298671509127402	0.793128792144593
0.300459101507103	0.897041319217941
0.302268220728346	0.800818700385781
0.304099257997811	0.812411889328394
0.305952614059135	0.773325715610425
0.307828699485311	0.637052808777141
0.309727934981912	0.748360583035748
0.311650751701614	0.820680001594958
0.313597591570497	0.936102421196881
0.31556890762667	0.980225811299375
0.31756516437173	0.987037835256701
0.319586838135659	0.888026490885745
0.321634417455744	0.898671853574195
0.323708403470155	0.911516375077103
0.325809310326852	0.916849033392124
0.327937665608522	0.88349570208356
0.330094010774269	0.832495662491083
0.332278901618863	0.920684849802354
0.334492908750335	0.906568473217775
0.336736618086798	0.929705409857949
0.3390106313734	0.700256280901867
0.341315566720368	0.643864417640209
0.343652059163139	0.656072553921714
0.346020761245675	0.759545678705527
0.348422343628053	0.793182098862974
0.350857495719539	0.676760450479919
0.353326926338403	0.834584621391405
0.355831364399784	0.785413524106999
0.358371559633028	0.910793425055587
0.360948283329965	0.885259259290628
0.363562329125706	0.658340633187447
0.366214513813612	0.549912030519323
0.368905678196199	0.499255852059151
0.371636687973837	0.686292996458865
0.374408434673217	0.731866796625898
0.377221836617679	0.787840069505315
0.380077839941621	0.727678447096104
0.382977419651338	0.79514700544587
0.385921580734795	0.898182242739347
0.388911359322984	0.913702953269599
0.391947823905682	0.719525769922307
0.395032076604621	0.627087764765365
0.398165254507231	0.766422552610133
0.401348531064377	0.682843850879217
0.404583117555671	0.710635574240145
0.407870264626228	0.495746406542921
0.411211263898941	0.610225989379427
0.414607449666656	0.781568392766299
0.418060200668897	0.943702647261648
0.421570941958113	0.837488570674418
0.425141146860758	0.625360506230915
0.428772339038864	0.806714015191251
0.432466094658179	0.699479560481351
0.436224044669343	0.815289819481108
0.440047877209041	0.779576267981551
0.443939340128565	0.647483713607895
0.447900243657733	0.651155470461293
0.451932463212698	0.753241131574762
0.456037942356805	0.950281364992064
0.460218695924304	0.94915077709087
0.46447681331748	0.969485873418305
0.468814461988524	0.828419047715337
0.473233891118347	0.868160911043332
0.477737435505447	0.931758345388603
0.482327519678963	0.925739975713489
0.48700666225114	0.891355296217295
0.491777480525612	0.881533826909044
0.496642695379237	0.942688227156355
0.501605136436598	0.952731334330751
0.506667747557862	0.90778775364735
0.511833592662354	0.703934879651986
0.517105861912051	0.775567484345069
0.522487878281224	0.816869168234845
0.527983104540655	0.852307706133507
0.533595150687271	0.708498957193172
0.539327781852699	0.63098806431752
0.545184926727146	0.765719007203708
0.551170686538208	0.768473762660087
0.557289344627731	0.937691088768661
0.56354537667373	0.877042721096344
0.569943461608609	0.620694282657015
0.576488493289674	0.624326014528866
0.583185592983111	0.643420355308574
0.590040122728346	0.777281626382919
0.597057699656095	0.788361925453267
0.604244211340456	0.824291240629682
0.611605832273217	0.647759490282102
0.619149041557284	0.778290091316203
0.626880641925778	0.918883170165565
0.634807780204154	0.820626448432849
0.642937969344718	0.750666505936472
0.651279112176315	0.752748522763706
0.659839527027027	0.834092172715408
0.668627975394491	0.745004525565038
0.677653691857313	0.764233028105556
0.686926416442271	0.66788149552444
0.696456429685759	0.805847853448225
0.706254590654839	0.875060210619545
0.716332378223496	0.974287009551077
0.726701935933957	0.823780731010571
0.737376120811704	0.728842782771456
0.748368556546728	0.805705880745058
0.759693691503586	0.781376544349304
0.771366862079605	0.810350195790259
0.783404361995487	0.812418744129718
0.795823518176609	0.769748769185368
0.808642773968172	0.686366285232726
0.821881780524689	0.869393181585875
0.835561497326203	0.981213454050127
0.849704302902589	0.90839326163331
0.864334116996266	0.878711866441309
0.879476535566031	0.888184585365344
0.895158980234889	0.887855289468846
0.911410864017498	0.932509867943484
0.928263775434427	0.952243537140576
0.945751683437996	0.954859098149502
0.963911165946945	0.980210824091281
0.982781665225252	1.00096667431616
1.00240577385726	1.00230684295483
1.02282955568284	0.942751884340941
1.04410290678249	0.886471835175309
1.06627996246694	0.927561614919953
1.08941955725989	0.898021328789131
1.11358574610245	0.908313222149582
1.13884839650146	0.841366903438424
1.16528386314906	0.819417615832156
1.19297575873258	0.795181341357999
1.22201583732525	0.879867065385785
1.25250501002004	0.91553608523635
1.28455451649368	0.949567044832132
1.31828728116431	0.817281020918546
1.35383948879021	0.773465234555542
1.3913624220837	0.934445083173848
1.43102461362335	0.967757476240118
1.47301437662031	0.9207717044105
1.51754279470681	0.822969311783861
1.56484727090636	0.877875607477143
1.61519576172632	0.944203809330032
1.66889185580774	0.958870181126934
1.72628090042812	0.927210187311305
1.78775743707094	0.885108311479804
1.85377428444313	0.954754967759874
1.92485371111796	0.993774152087241
2.00160128102482	0.984219169497501
2.08472314876584	0.927840407199063
2.17504785105272	0.87064368184466
2.27355401964351	0.992953405402285
2.38140598209183	1.01435541502202
2.5	1.01380085535318
