0.00999802439037974	1.00654223273328
0.00999999999999928	1.00620239107792
0.0100019763905341	1.00497046706009
0.0100039535624472	1.00585970723928
0.0100059315162021	1.00670706102778
0.0100079102522627	1.00667184187606
0.0100098897710931	1.00667133398713
0.010011870073158	1.00565875615066
0.0100138511589223	1.00700315938221
0.0100158330288513	1.00560170007902
0.0100178156834107	1.00548287182595
0.0100197991230665	1.00719977546371
0.0100217833482851	1.0069917779793
0.0100237683595334	1.00684827795226
0.0100257541572785	1.00690706597592
0.0100277407419879	1.00679615910186
0.0100297281141296	1.00691572433984
0.0100317162741717	1.00715344808208
0.010033705222583	1.00677804514326
0.0100356949598324	1.00691012271259
0.0100376854863894	1.00670133220662
0.0100396768027237	1.00667301187622
0.0100416689093053	1.00621127360378
0.010043661806605	1.0069595022654
0.0100456554950934	1.00523282816667
0.0100476499752419	1.00439305812367
0.0100496452475221	1.00703053761519
0.0100516413124059	1.00553166737063
0.0100536381703658	1.00454440614779
0.0100556358218746	1.00705135383228
0.0100576342674052	1.00573059819269
0.0100596335074313	1.00470245267127
0.0100616335424268	1.00481670310337
0.0100636343728658	1.00471831670146
0.010065635999223	1.00461167388267
0.0100676384219735	1.005501837223
0.0100696416415926	1.00585408907261
0.010071645658556	1.00523530029847
0.01007365047334	1.00608215147095
0.010075656086421	1.0042953794751
0.010077662498276	1.00323524977436
0.0100796697093823	1.00489777249751
0.0100816777202174	1.00596638106279
0.0100836865312595	1.00593850590781
0.010085696142987	1.00548665067503
0.0100877065558787	1.00454160021651
0.0100897177704138	1.00419241527184
0.0100917297870719	1.00478313118112
0.0100937426063328	1.00421011900941
0.0100957562286771	1.00597617029608
0.0100977706545853	1.00564156629801
0.0100997858845385	1.00575334760304
0.0101018019190184	1.00513723996901
0.0101038187585067	1.0060814678886
0.0101058364034857	1.00535908780532
0.0101078548544381	1.00520822360268
0.0101098741118469	1.00566504471821
0.0101118941761954	1.00628520352696
0.0101139150479676	1.00595625513806
0.0101159367276475	1.00644695105148
0.0101179592157199	1.00672002821666
0.0101199825126695	1.00543545165755
0.0101220066189819	1.00656620493603
0.0101240315351426	1.00633810828911
0.010126057261638	1.00626404012289
0.0101280837989544	1.00657098663456
0.0101301111475788	1.00676145218225
0.0101321393079985	1.0069219265398
0.0101341682807012	1.00704946142266
0.0101361980661749	1.00710810557135
0.0101382286649081	1.00601232122082
0.0101402600773898	1.0069515387802
0.010142292304109	1.00697951283917
0.0101443253455556	1.00601947171946
0.0101463592022195	1.00675896275415
0.0101483938745911	1.00548218148506
0.0101504293631614	1.00599854064557
0.0101524656684214	1.00649939655226
0.0101545027908628	1.00588813010047
0.0101565407309777	1.00608242109266
0.0101585794892584	1.00546361239469
0.0101606190661978	1.00517919358417
0.0101626594622889	1.00493452422391
0.0101647006780255	1.00542919175114
0.0101667427139015	1.00612453150616
0.0101687855704112	1.00560423734993
0.0101708292480496	1.00532313244764
0.0101728737473116	1.00600573561454
0.010174919068693	1.00603592424428
0.0101769652126897	1.0044746311818
0.0101790121797981	1.00555766728166
0.010181059970515	1.00428289135612
0.0101831085853374	1.00431693283003
0.0101851580247631	1.00500862885807
0.0101872082892899	1.00392634746394
0.0101892593794163	1.00502967325428
0.0101913112956411	1.00441366204459
0.0101933640384634	1.00565010708075
0.0101954176083827	1.00358357584958
0.0101974720058992	1.00618995892857
0.0101995272315131	1.00498444993031
0.0102015832857253	1.0056433004941
0.0102036401690369	1.0045157004463
0.0102056978819496	1.0047147486661
0.0102077564249654	1.00587266906564
0.0102098157985866	1.00567612713572
0.0102118760033161	1.00600320666868
0.0102139370396572	1.00516922312312
0.0102159989081133	1.00683487371444
0.0102180616091887	1.00595489133505
0.0102201251433877	1.00644549224038
0.0102221895112151	1.00529696091682
0.0102242547131762	1.00580290451624
0.0102263207497768	1.00633826016215
0.0102283876215228	1.00613781799685
0.0102304553289207	1.00655465768304
0.0102325238724775	1.00660782740609
0.0102345932527004	1.00675278405145
0.0102366634700972	1.00646178472409
0.010238734525176	1.00696803882473
0.0102408064184452	1.00589767972983
0.0102428791504139	1.00701873987079
0.0102449527215915	1.00674347851749
0.0102470271324876	1.00542398245714
0.0102491023836126	1.0059395869182
0.0102511784754769	1.00484603052452
0.0102532554085915	1.00619531328057
0.010255333183468	1.00620300549715
0.0102574118006182	1.00521013844679
0.0102594912605543	1.00644551507339
0.0102615715637889	1.00664327515062
0.0102636527108353	1.00603829438643
0.0102657347022068	1.00619959477023
0.0102678175384174	1.00600519387855
0.0102699012199814	1.00515301464731
0.0102719857474137	1.0063439125153
0.0102740711212292	1.00602284495453
0.0102761573419438	1.0049477614451
0.0102782444100733	1.00594926289744
0.0102803323261342	1.00546259669663
0.0102824210906434	1.00539313637275
0.0102845107041181	1.00533398541205
0.0102866011670759	1.00573093986078
0.0102886924800351	1.0059193885592
0.0102907846435142	1.00551540748693
0.010292877658032	1.00652234485038
0.0102949715241081	1.00583318440772
0.0102970662422621	1.00615772799668
0.0102991618130143	1.00508661338489
0.0103012582368854	1.00582436526127
0.0103033555143964	1.0052450563043
0.0103054536460688	1.00569448381229
0.0103075526324246	1.00644758347784
0.010309652473986	1.0059421856657
0.0103117531712759	1.00700434979146
0.0103138547248174	1.00589561572832
0.0103159571351342	1.00653573484888
0.0103180604027504	1.00587069345708
0.0103201645281903	1.00623488471759
0.0103222695119789	1.0059825349831
0.0103243753546416	1.00628774072592
0.0103264820567041	1.00602839464812
0.0103285896186926	1.00625226147907
0.0103306980411337	1.0069296900672
0.0103328073245545	1.00602333361074
0.0103349174694824	1.00714943306871
0.0103370284764454	1.00665294583733
0.0103391403459718	1.0065801805411
0.0103412530785904	1.00682511413928
0.0103433666748304	1.00668088882258
0.0103454811352214	1.00675303973917
0.0103475964602935	1.0064809226402
0.0103497126505773	1.00687407723354
0.0103518297066036	1.00596346187786
0.0103539476289039	1.00659566682182
0.0103560664180099	1.00644833524483
0.010358186074454	1.00686241889411
0.0103603065987687	1.0068262159046
0.0103624279914872	1.00626745771502
0.0103645502531431	1.00659611797138
0.0103666733842703	1.00668605215343
0.0103687973854034	1.00572364149542
0.0103709222570771	1.00668580776965
0.0103730479998267	1.00689759808158
0.0103751746141881	1.0059780637631
0.0103773021006973	1.00648995297009
0.0103794304598911	1.00641232916226
0.0103815596923065	1.00621636569113
0.010383689798481	1.00670645429737
0.0103858207789525	1.00647634907683
0.0103879526342595	1.00655046627023
0.0103900853649407	1.00652403824998
0.0103922189715355	1.00617502405116
0.0103943534545835	1.00671313098928
0.0103964888146249	1.00611408260745
0.0103986250522004	1.00685202079291
0.010400762167851	1.00685809104532
0.0104029001621181	1.00713477750614
0.0104050390355438	1.00681779342033
0.0104071787886703	1.00724144601177
0.0104093194220406	1.00658056506941
0.0104114609361979	1.00697554941684
0.0104136033316859	1.00625971857187
0.0104157466090489	1.00648963247868
0.0104178907688313	1.00684137938644
0.0104200358115784	1.00651515425898
0.0104221817378356	1.00714719303146
0.0104243285481489	1.00700211740202
0.0104264762430647	1.00693026384436
0.0104286248231299	1.00661958707736
0.0104307742888917	1.00651553313842
0.0104329246408981	1.00616997351522
0.0104350758796971	1.00692645097329
0.0104372280058375	1.00681985236157
0.0104393810198684	1.00633586851182
0.0104415349223394	1.0060666436607
0.0104436897138005	1.00710827423534
0.0104458453948022	1.00653821280951
0.0104480019658954	1.00695200868619
0.0104501594276316	1.00699283890846
0.0104523177805625	1.00704473749252
0.0104544770252406	1.0063652414189
0.0104566371622186	1.00689578266355
0.0104587981920497	1.00616488811913
0.0104609601152875	1.00642333035777
0.0104631229324862	1.0066099786717
0.0104652866442005	1.00632064604981
0.0104674512509854	1.00672979862669
0.0104696167533963	1.00716885453138
0.0104717831519893	1.00689970492954
0.0104739504473208	1.00720999160364
0.0104761186399477	1.00658798258113
0.0104782877304274	1.00699348654735
0.0104804577193176	1.00712984829451
0.0104826286071767	1.00581207918608
0.0104848003945634	1.00695797935941
0.0104869730820368	1.00644907815491
0.0104891466701568	1.0062554367186
0.0104913211594834	1.00658441753762
0.0104934965505772	1.00604467359415
0.0104956728439992	1.0066392201605
0.0104978500403111	1.00675494096679
0.0105000281400748	1.00635715468778
0.0105022071438527	1.00713958790182
0.0105043870522078	1.00620986981644
0.0105065678657036	1.00675536815977
0.0105087495849037	1.00656149303467
0.0105109322103727	1.00664096155965
0.0105131157426753	1.00615561397509
0.0105153001823767	1.00667467740618
0.0105174855300428	1.0053045780118
0.0105196717862396	1.0070020408442
0.010521858951534	1.00572654190904
0.010524047026493	1.00602725277306
0.0105262360116843	1.00676319711903
0.010528425907676	1.00523537433184
0.0105306167150366	1.00669702555155
0.0105328084343353	1.00515656398236
0.0105350010661415	1.00588347803398
0.0105371946110251	1.00591512705166
0.0105393890695568	1.00620828002756
0.0105415844423074	1.00522800547736
0.0105437807298483	1.00653828929555
0.0105459779327514	1.0046544231159
0.0105481760515892	1.00644045142405
0.0105503750869344	1.00654863453081
0.0105525750393605	1.00546255809186
0.0105547759094411	1.00712091716032
0.0105569776977505	1.0067809529306
0.0105591804048637	1.00675332081855
0.0105613840313557	1.00661759767583
0.0105635885778023	1.00694009368616
0.0105657940447797	1.00684903116824
0.0105680004328647	1.0065451478308
0.0105702077426342	1.00569192718779
0.0105724159746662	1.0067183338949
0.0105746251295385	1.00649494903706
0.0105768352078299	1.00563350749458
0.0105790462101195	1.00698447994741
0.0105812581369869	1.00622032885096
0.010583470989012	1.00618983320881
0.0105856847667756	1.00641227341767
0.0105878994708585	1.00622588806925
0.0105901151018424	1.00557209391547
0.0105923316603092	1.00534289034405
0.0105945491468415	1.00637153408617
0.0105967675620222	1.00482591004089
0.0105989869064349	1.00525581094232
0.0106012071806634	1.00636269937843
0.0106034283852923	1.00552000312801
0.0106056505209065	1.00503565374355
0.0106078735880914	1.00591782717899
0.0106100975874329	1.00493231640556
0.0106123225195175	1.00579938650164
0.0106145483849321	1.00581829321816
0.0106167751842641	1.00572811921486
0.0106190029181014	1.00454494122744
0.0106212315870323	1.00387641580855
0.0106234611916458	1.00371050437196
0.0106256917325312	1.00538904207635
0.0106279232102784	1.00392964114714
0.0106301556254777	1.00456414647523
0.0106323889787201	1.00531609707867
0.0106346232705969	1.00343760999943
0.0106368585017	1.00572535684911
0.0106390946726217	1.00265004254021
0.0106413317839548	1.00520605910308
0.0106435698362927	1.00351223081986
0.0106458088302294	1.00375916193687
0.010648048766359	1.00419167028241
0.0106502896452766	1.00526090599407
0.0106525314675773	1.00378450148655
0.0106547742338572	1.00500966843499
0.0106570179447125	1.00534672184819
0.0106592626007401	1.00329303969815
0.0106615082025373	1.00640813392532
0.0106637547507021	1.00407970077204
0.0106660022458328	1.00544663177497
0.0106682506885283	1.00528685657271
0.0106705000793879	1.00449305070517
0.0106727504190116	1.00516436124617
0.0106750017079996	1.00475888088624
0.0106772539469531	1.00542029406913
0.0106795071364732	1.0047789557516
0.010681761277162	1.00516374213457
0.0106840163696219	1.00438084879318
0.0106862724144558	1.00621802463832
0.0106885294122671	1.0054972621627
0.0106907873636598	1.00583859925662
0.0106930462692383	1.00668106714784
0.0106953061296077	1.0062892322929
0.0106975669453733	1.00636748169953
0.0106998287171413	1.0070179245976
0.010702091445518	1.00624283719291
0.0107043551311106	1.00646625467659
0.0107066197745265	1.00705259720543
0.0107088853763739	1.00696686985085
0.0107111519372612	1.00667654257498
0.0107134194577975	1.00692980050735
0.0107156879385925	1.00641633226175
0.0107179573802562	1.00666783316865
0.0107202277833993	1.00672660781343
0.0107224991486329	1.00473619367069
0.0107247714765688	1.00566575613493
0.0107270447678189	1.00582210924151
0.0107293190229962	1.00565914593472
0.0107315942427137	1.00549787979453
0.0107338704275853	1.00570580313309
0.0107361475782251	1.00573998930827
0.010738425695248	1.00598908208247
0.0107407047792693	1.00538353731667
0.0107429848309048	1.00321163609342
0.0107452658507708	1.00586684319685
0.0107475478394843	1.0034382952023
0.0107498307976626	1.00463086281818
0.0107521147259237	1.00540973027397
0.0107543996248859	1.00422206982872
0.0107566854951683	1.00538254001451
0.0107589723373904	1.00334157958776
0.0107612601521722	1.0036632121454
0.0107635489401342	1.00474976657256
0.0107658387018976	1.00463632729874
0.0107681294380839	1.00354355871251
0.0107704211493153	1.00582899654038
0.0107727138362145	1.00455023028585
0.0107750074994046	1.00461850780748
0.0107773021395094	1.00377755359679
0.0107795977571532	1.00286626262839
0.0107818943529607	1.00658617106522
0.0107841919275572	1.00424093795561
0.0107864904815687	1.00436161773543
0.0107887900156216	1.00547798256998
0.0107910905303426	1.00631269337439
0.0107933920263594	1.00536654703954
0.0107956945043	1.00550314567461
0.0107979979647927	1.00522469933408
0.0108003024084668	1.00476229966298
0.0108026078359518	1.00605973850594
0.010804914247878	1.00575870739762
0.0108072216448758	1.00587520884068
0.0108095300275767	1.00525364498966
0.0108118393966123	1.00552549555859
0.0108141497526149	1.0061010116304
0.0108164610962174	1.00507067171066
0.0108187734280532	1.00612709093133
0.0108210867487563	1.0068057482504
0.010823401058961	1.00651119161175
0.0108257163593023	1.00572205176983
0.0108280326504159	1.00636702243268
0.0108303499329379	1.00673631597926
0.0108326682075048	1.00579008269955
0.0108349874747539	1.00672152902428
0.0108373077353229	1.00566498967773
0.01083962898985	1.00589468218114
0.0108419512389742	1.0054495091999
0.0108442744833348	1.00491457476545
0.0108465987235717	1.00613766563685
0.0108489239603253	1.00480141488126
0.0108512501942368	1.00612925164306
0.0108535774259476	1.00648322092348
0.0108559056560999	1.00647008091096
0.0108582348853364	1.00584919963587
0.0108605651143003	1.00699651047888
0.0108628963436354	1.00535956155536
0.010865228573986	1.0060251214648
0.0108675618059969	1.00657637960058
0.0108698960403137	1.0059236075132
0.0108722312775822	1.00704305965744
0.0108745675184492	1.00578651355455
0.0108769047635616	1.00640906843522
0.0108792430135671	1.00662058780639
0.010881582269114	1.0064398086978
0.010883922530851	1.00709411588095
0.0108862637994274	1.00654381730292
0.0108886060754932	1.00723084364062
0.0108909493596987	1.00679094186696
0.0108932936526951	1.00686443432196
0.0108956389551338	1.00621806828623
0.010897985267667	1.00608625349211
0.0109003325909474	1.00667544820185
0.0109026809256283	1.00549738791944
0.0109050302723634	1.00626436319001
0.0109073806318072	1.00601004015991
0.0109097320046147	1.00692618760569
0.0109120843914412	1.00673117451408
0.0109144377929429	1.00682272748085
0.0109167922097765	1.00649398869688
0.0109191476425991	1.00586938248939
0.0109215040920686	1.00688522536561
0.0109238615588432	1.00587690205417
0.0109262200435819	1.00693920736862
0.0109285795469442	1.00597532893421
0.0109309400695901	1.00630931954945
0.0109333016121803	1.00605633821162
0.010935664175376	1.00518198076769
0.0109380277598388	1.0064017433907
0.0109403923662312	1.00605536635896
0.0109427579952161	1.00477910936207
0.0109451246474569	1.00567880239786
0.0109474923236178	1.00658782102236
0.0109498610243633	1.00503268613233
0.0109522307503586	1.00666145754734
0.0109546015022696	1.00497672175649
0.0109569732807626	1.00613616838101
0.0109593460865046	1.00651346200693
0.010961719920163	1.00539666664928
0.010964094782406	1.0066961058225
0.0109664706739022	1.00531306605601
0.0109688475953209	1.00643019157158
0.0109712255473319	1.00615427474607
0.0109736045306057	1.00598241871722
0.0109759845458132	1.00692667311162
0.010978365593626	1.00668143650851
0.0109807476747163	1.00707822955807
0.0109831307897568	1.00573568942318
0.0109855149394209	1.00720231547459
0.0109879001243824	1.00641674149257
0.010990286345316	1.00667984571358
0.0109926736028966	1.00651437032274
0.0109950618977999	1.00666594509441
0.0109974512307022	1.0067044867131
0.0109998416022803	1.00671369506832
0.0110022330132118	1.00599560012511
0.0110046254641745	1.00619060759723
0.0110070189558472	1.0060766909706
0.011009413488909	1.00680738246465
0.0110118090640397	1.00651436570453
0.0110142056819197	1.00603170416611
0.0110166033432301	1.00685779319154
0.0110190020486523	1.00546870038273
0.0110214017988685	1.00711478692717
0.0110238025945616	1.00651178998577
0.0110262044364148	1.00681627730124
0.0110286073251122	1.00675179548588
0.0110310112613382	1.00696129157326
0.011033416245778	1.00686191312804
0.0110358222791174	1.00667381192554
0.0110382293620428	1.00538575340921
0.0110406374952409	1.00647496398194
0.0110430466793995	1.00594915534049
0.0110454569152065	1.00562356377693
0.0110478682033509	1.00658397399126
0.0110502805445219	1.00418435555797
0.0110526939394094	1.00711033702589
0.0110551083887041	1.00499540259035
0.0110575238930971	1.00578730129707
0.01105994045328	1.00598086083077
0.0110623580699454	1.00637550253933
0.0110647767437861	1.0064212574423
0.0110671964754958	1.006060462429
0.0110696172657685	1.00686882314494
0.0110720391152992	1.0061557017355
0.0110744620247832	1.00661112278046
0.0110768859949165	1.00506419264712
0.0110793110263957	1.00683184722652
0.011081737119918	1.0057423532237
0.0110841642761813	1.00644624518399
0.0110865924958841	1.00611729591784
0.0110890217797253	1.00644329947541
0.0110914521284047	1.00655595689838
0.0110938835426226	1.00614462036103
0.0110963160230798	1.00664195117723
0.0110987495704778	1.00574453951385
0.0111011841855189	1.00713739486973
0.0111036198689057	1.00558468582953
0.0111060566213415	1.00671563559141
0.0111084944435305	1.00604476588271
0.0111109333361772	1.00700187479649
0.0111133732999867	1.00665602744836
0.011115814335665	1.00652970509075
0.0111182564439185	1.00652202292394
0.0111206996254543	1.00656104394257
0.01112314388098	1.00603233948495
0.0111255892112041	1.00658526822096
0.0111280356168354	1.00580919956837
0.0111304830985835	1.00598520755107
0.0111329316571586	1.0062898751026
0.0111353812932715	1.00507148759863
0.0111378320076338	1.00688305601142
0.0111402838009573	1.00419527029009
0.0111427366739549	1.00592266223111
0.0111451906273399	1.00604724572545
0.0111476456618262	1.00528322528594
0.0111501017781285	1.00594936376994
0.0111525589769618	1.00477289284509
0.0111550172590421	1.00603360999305
0.0111574766250859	1.005087539224
0.0111599370758102	1.00536821474885
0.0111623986119329	1.00447387590492
0.0111648612341721	1.00641436191481
0.0111673249432471	1.00485897036239
0.0111697897398774	1.00501075311229
0.0111722556247833	1.00420864679395
0.0111747225986857	1.00479993690431
0.0111771906623061	1.00599978940225
0.0111796598163668	1.00399449084752
0.0111821300615906	1.00577787490877
0.011184601398701	1.00514737937057
0.011187073828422	1.00559708316
0.0111895473514783	1.00509242418469
0.0111920219685955	1.00610964332003
0.0111944976804995	1.00525870793502
0.011196974487917	1.00638204261463
0.0111994523915753	1.00523340596406
0.0112019313922024	1.00539468762609
0.0112044114905268	1.00659056416957
0.0112068926872778	1.00560555351623
0.0112093749831854	1.00684897341703
0.01121185837898	1.00625036653337
0.0112143428753929	1.00717442572392
0.0112168284731558	1.00681882541319
0.0112193151730013	1.00711849625335
0.0112218029756625	1.00634500672347
0.0112242918818732	1.00688696244482
0.0112267818923678	1.00671521442719
0.0112292730078815	1.00715447165693
0.0112317652291499	1.00670699635607
0.0112342585569095	1.00709280799986
0.0112367529918973	1.00684615841418
0.011239248534851	1.0067480982499
0.011241745186509	1.0068747611924
0.0112442429476103	1.00679316789083
0.0112467418188945	1.00669039615325
0.0112492418011021	1.00594376860019
0.0112517428949739	1.00645167802892
0.0112542451012517	1.00570829722414
0.0112567484206777	1.00663092323059
0.0112592528539949	1.00465507663818
0.0112617584019469	1.00609179895493
0.0112642650652781	1.00582751958772
0.0112667728447334	1.00502450180149
0.0112692817410584	1.00563622756626
0.0112717917549994	1.0048857419621
0.0112743028873033	1.00505225434834
0.0112768151387178	1.00495610315936
0.0112793285099911	1.00527875626013
0.0112818430018722	1.00495007257457
0.0112843586151108	1.00479196434654
0.0112868753504569	1.00323532751685
0.0112893932086618	1.0051185231719
0.0112919121904769	1.00402724819455
0.0112944322966545	1.0039036766878
0.0112969535279477	1.00551271461574
0.01129947588511	1.00302517687833
0.0113019993688958	1.0061193698557
0.0113045239800601	1.00388011896474
0.0113070497193585	1.0044672436471
0.0113095765875474	1.00544737529229
0.0113121045853837	1.00519569080099
0.0113146337136252	1.00539699290447
0.0113171639730302	1.00578478939027
0.0113196953643578	1.00580642163663
0.0113222278883677	1.00549570762148
0.0113247615458204	1.00658507774316
0.0113272963374768	1.00495152027126
0.0113298322640988	1.00685902912517
0.0113323693264488	1.00603229368084
0.0113349075252899	1.00634521142337
0.011337446861386	1.00655756885358
0.0113399873355016	1.0065560578764
0.0113425289484019	1.00658539126442
0.0113450717008526	1.00673124214457
0.0113476155936205	1.00648668286505
0.0113501606274727	1.00666820564807
0.0113527068031771	1.00677559896508
0.0113552541215025	1.00655326959759
0.0113578025832181	1.00706987937863
0.0113603521890939	1.00711940894838
0.0113629029399006	1.00706477083848
0.0113654548364097	1.00689510372828
0.0113680078793931	1.0066310473338
0.0113705620696237	1.00631090212245
0.011373117407875	1.00689719480255
0.011375673894921	1.00659681065702
0.0113782315315367	1.00642468336092
0.0113807903184977	1.00653635487256
0.0113833502565802	1.00607512603623
0.0113859113465611	1.00594836339304
0.0113884735892181	1.00575777189463
0.0113910369853296	1.0064536029207
0.0113936015356747	1.00601096580902
0.011396167241033	1.0065059599151
0.011398734102185	1.00484748652252
0.011401302119912	1.0050786890735
0.0114038712949957	1.00653385100637
0.0114064416282188	1.00528903587428
0.0114090131203646	1.00546338575972
0.0114115857722169	1.00617346796901
0.0114141595845606	1.00570114010301
0.011416734558181	1.00624721801074
0.0114193106938642	1.00630200119343
0.0114218879923971	1.00577246963921
0.0114244664545671	1.00656341695074
0.0114270460811626	1.00601763235179
0.0114296268729724	1.0055849157409
0.0114322088307863	1.00562713289228
0.0114347919553947	1.00538931874336
0.0114373762475885	1.00561864120348
0.0114399617081597	1.00518256500307
0.0114425483379007	1.00643080699619
0.0114451361376048	1.0053801235065
0.011447725108066	1.00678988029748
0.011450315250079	1.00533867126978
0.011452906564439	1.00638517948243
0.0114554990519424	1.00666404599003
0.0114580927133858	1.00585106236739
0.011460687549567	1.00676932171759
0.011463283561284	1.00609994052744
0.0114658807493361	1.00604214288164
0.0114684791145228	1.00637577708157
0.0114710786576447	1.00545710886328
0.0114736793795029	1.00650196501943
0.0114762812808994	1.00570103298669
0.0114788843626367	1.0060591911269
0.0114814886255183	1.0069595555173
0.0114840940703483	1.00657211730113
0.0114867006979314	1.0059485220857
0.0114893085090733	1.0069368040619
0.0114919175045802	1.00614923036669
0.0114945276852591	1.00664874328523
0.0114971390519178	1.00640457965765
0.0114997516053648	1.00607270376716
0.0115023653464093	1.00659963909462
0.0115049802758613	1.00577725730176
0.0115075963945315	1.00616744220411
0.0115102137032312	1.00603051364673
0.0115128322027727	1.0066664712455
0.0115154518939689	1.00636001737091
0.0115180727776334	1.00673125552272
0.0115206948545807	1.00559482448327
0.0115233181256258	1.00690470875366
0.0115259425915846	1.00611621997971
0.0115285682532738	1.00657665545333
0.0115311951115108	1.00611588995778
0.0115338231671135	1.00659530952642
0.011536452420901	1.00633781753311
0.0115390828736927	1.00634108053108
0.0115417145263091	1.00709326929632
0.0115443473795712	1.00655366348456
0.0115469814343009	1.00694062494637
0.0115496166913208	1.00709245388752
0.0115522531514542	1.00685692399758
0.0115548908155252	1.00710379951524
0.0115575296843588	1.00725149746593
0.0115601697587804	1.00700799671696
0.0115628110396165	1.00647259721309
0.0115654535276941	1.00730664965468
0.0115680972238413	1.00627874080535
0.0115707421288865	1.00689470255884
0.0115733882436591	1.00621037019732
0.0115760355689894	1.00661209303933
0.0115786841057083	1.00705299435477
0.0115813338546473	1.0067174542679
0.0115839848166389	1.00651118630128
0.0115866369925164	1.00675432096701
0.0115892903831136	1.00628413529003
0.0115919449892654	1.00613845363473
0.0115946008118071	1.00582588132314
0.011597257851575	1.00632352579888
0.0115999161094062	1.00631699440425
0.0116025755861384	1.00680973892002
0.0116052362826102	1.00600393945278
0.0116078981996609	1.00637049473455
0.0116105613381306	1.00602755265419
0.0116132256988602	1.00611086560759
0.0116158912826913	1.00633978680805
0.0116185580904663	1.00564387377311
0.0116212261230283	1.00661625980055
0.0116238953812214	1.00619756312274
0.0116265658658903	1.0061443802977
0.0116292375778805	1.00643877038912
0.0116319105180383	1.00582280379191
0.0116345846872107	1.00670102134446
0.0116372600862456	1.00610366028842
0.0116399367159916	1.00541257268541
0.0116426145772981	1.00653270816775
0.0116452936710153	1.00635014709359
0.0116479739979942	1.00603963759626
0.0116506555590865	1.00645548464544
0.0116533383551448	1.0061262548623
0.0116560223870224	1.00668562242511
0.0116587076555733	1.00663705591462
0.0116613941616526	1.00663100065484
0.0116640819061158	1.00707966969489
0.0116667708898195	1.00717927466574
0.0116694611136209	1.00670598698502
0.011672152578378	1.00683193924461
0.0116748452849498	1.00702326496245
0.0116775392341958	1.00691403766804
0.0116802344269766	1.00638402700939
0.0116829308641532	1.00684824022719
0.0116856285465878	1.00687239132362
0.0116883274751431	1.00663589004027
0.0116910276506828	1.00681326471422
0.0116937290740714	1.00637946947425
0.0116964317461739	1.00660267702486
0.0116991356678564	1.00606293194755
0.0117018408399858	1.00604526744153
0.0117045472634296	1.00535041390103
0.0117072549390562	1.00617919611014
0.011709963867735	1.00592477016755
0.0117126740503359	1.00574386927854
0.0117153854877298	1.00645010949799
0.0117180981807882	1.00561888156267
0.0117208121303837	1.00651803353868
0.0117235273373895	1.00557203702112
0.0117262438026797	1.00564416598679
0.0117289615271291	1.00526691894536
0.0117316805116134	1.00540769379746
0.0117344007570092	1.0036173275673
0.0117371222641937	1.00526817488807
0.0117398450340451	1.00462933270811
0.0117425690674423	1.00458305736778
0.011745294365265	1.00503798809164
0.0117480209283939	1.00432029368435
0.0117507487577104	1.00559928012986
0.0117534778540966	1.00491621046696
0.0117562082184355	1.00472850588647
0.0117589398516111	1.00525122182872
0.011761672754508	1.00608719568628
0.0117644069280117	1.00470061878123
0.0117671423730085	1.00589779601654
0.0117698790903856	1.0055200765566
0.0117726170810309	1.00484553861676
0.0117753563458333	1.00639344403086
0.0117780968856823	1.00487035457618
0.0117808387014684	1.0063771410258
0.0117835817940829	1.00571948532444
0.0117863261644179	1.00676523956189
0.0117890718133663	1.00637601560288
0.0117918187418219	1.00624192384001
0.0117945669506794	1.00655577929359
0.0117973164408341	1.00607514594036
0.0118000672131824	1.00640225343272
0.0118028192686213	1.00643353969053
0.0118055726080489	1.00708304799771
0.0118083272323638	1.006192719881
0.0118110831424658	1.007011461413
0.0118138403392552	1.00663461847572
0.0118165988236335	1.00648944213929
0.0118193585965027	1.00661847887085
0.0118221196587659	1.00621215944049
0.0118248820113268	1.00618490792769
0.0118276456550903	1.00691148800629
0.0118304105909617	1.00600913007111
0.0118331768198475	1.00700308062094
0.0118359443426549	1.00634934554349
0.0118387131602919	1.00685278499458
0.0118414832736676	1.00613372358328
0.0118442546836916	1.00632427404354
0.0118470273912747	1.006238792874
0.0118498013973281	1.00536836546479
0.0118525767027644	1.00666850068503
0.0118553533084967	1.00519770948188
0.011858131215439	1.00599890526276
0.0118609104245063	1.00528061912884
0.0118636909366142	1.00523454245665
0.0118664727526795	1.00313436695452
0.0118692558736195	1.00566807719595
0.0118720403003527	1.00524222849992
0.0118748260337982	1.00365243482117
0.011877613074876	1.00565891816516
0.0118804014245072	1.00392825576412
0.0118831910836135	1.00563137676433
0.0118859820531175	1.00378614572715
0.0118887743339429	1.00554778300156
0.0118915679270139	1.00508181665757
0.0118943628332558	1.00452037691989
0.0118971590535948	1.00519392038942
0.0118999565889579	1.00494862809915
0.011902755440273	1.00588217566582
0.0119055556084687	1.00392720642118
0.0119083570944748	1.0063514575822
0.0119111598992216	1.00487412508714
0.0119139640236407	1.00644926366143
0.0119167694686642	1.00516964980094
0.0119195762352253	1.00505187504886
0.0119223843242579	1.00596994349228
0.011925193736697	1.00437733719359
0.0119280044734784	1.00545796821157
0.0119308165355386	1.00558968568238
0.0119336299238153	1.00548867562707
0.0119364446392468	1.00581772032461
0.0119392606827725	1.00666620413012
0.0119420780553325	1.0059860378763
0.0119448967578679	1.00674066641583
0.0119477167913208	1.0070737345478
0.0119505381566338	1.0066717174632
0.0119533608547509	1.00707891734093
0.0119561848866167	1.00698651256808
0.0119590102531766	1.00653290847035
0.0119618369553771	1.00680981937593
0.0119646649941656	1.00697132029125
0.0119674943704902	1.00599580386454
0.0119703250853001	1.00688697714612
0.0119731571395453	1.00704625132604
0.0119759905341767	1.0068501515186
0.0119788252701461	1.00714358738851
0.0119816613484062	1.0058782076189
0.0119844987699106	1.00609015947737
0.011987337535614	1.00583631963463
0.0119901776464716	1.00680023591279
0.0119930191034399	1.00490475407963
0.011995861907476	1.0062608862166
0.0119987060595381	1.00557752414866
0.0120015515605853	1.00606110355687
0.0120043984115776	1.00631971691042
0.0120072466134758	1.00633797282571
0.0120100961672416	1.00602234465851
0.0120129470738379	1.00620571763532
0.0120157993342282	1.00541959340191
0.012018652949377	1.00605999440747
0.0120215079202499	1.0050572238671
0.0120243642478131	1.00516952850176
0.0120272219330339	1.00541275004823
0.0120300809768807	1.00523921550087
0.0120329413803224	1.00617123126476
0.0120358031443291	1.00552835176335
0.0120386662698718	1.00584290599678
0.0120415307579224	1.00512836241284
0.0120443966094538	1.0068755624875
0.0120472638254396	1.0055822486521
0.0120501324068545	1.00653469852946
0.0120530023546741	1.00558828020011
0.0120558736698751	1.00520951400132
0.0120587463534347	1.0065807924453
0.0120616204063315	1.00419120772837
0.0120644958295447	1.00623407941115
0.0120673726240546	1.00542951163502
0.0120702507908424	1.00569461644202
0.0120731303308903	1.00395520553089
0.0120760112451813	1.00528616831788
0.0120788935346994	1.00553651268528
0.0120817772004295	1.00528694302164
0.0120846622433576	1.00589189987828
0.0120875486644705	1.00483990148142
0.012090436464756	1.00604854163871
0.0120933256452027	1.00621227548776
0.0120962162068004	1.00648210246849
0.0120991081505396	1.00602959074781
0.0121020014774119	1.00681469258313
0.0121048961884099	1.00618466612683
0.0121077922845269	1.00680699418211
0.0121106897667574	1.00643717748626
0.0121135886360967	1.00631548379387
0.0121164888935412	1.00686718525511
0.0121193905400881	1.00448028070704
0.0121222935767357	1.00603519857406
0.012125198004483	1.00583473752964
0.0121281038243303	1.00626444088202
0.0121310110372787	1.00654135073183
0.0121339196443302	1.00705064724928
0.0121368296464878	1.00687741846606
0.0121397410447554	1.00679799217755
0.0121426538401382	1.00570517022016
0.0121455680336419	1.00687751288868
0.0121484836262734	1.00704650907282
0.0121514006190406	1.00705158401435
0.0121543190129522	1.00648027622647
0.0121572388090182	1.00498250076537
0.0121601600082491	1.00536168465981
0.0121630826116567	1.00496467909072
0.0121660066202538	1.00518634368776
0.0121689320350539	1.00553932065068
0.0121718588570718	1.00537964162216
0.012174787087323	1.00572815368941
0.0121777167268242	1.00599497296475
0.0121806477765929	1.00647648873108
0.0121835802376477	1.00601849283174
0.012186514111008	1.007189638476
0.0121894493976946	1.00671913648807
0.0121923860987287	1.00664269535727
0.012195324215133	1.00548168380641
0.0121982637479308	1.00687973525027
0.0122012046981467	1.00573445479363
0.0122041470668061	1.00668193365412
0.0122070908549354	1.00603429798188
0.0122100360635621	1.00610670963869
0.0122129826937146	1.00643173031233
0.0122159307464223	1.00593674928085
0.0122188802227156	1.00644175796821
0.0122218311236259	1.00569141198638
0.0122247834501856	1.00694210012432
0.0122277372034281	1.00543757259933
0.0122306923843878	1.00679229004638
0.0122336489941001	1.00594944852527
0.0122366070336014	1.00661261906948
0.012239566503929	1.00584438357634
0.0122425274061215	1.00620679843265
0.0122454897412182	1.0063310898672
0.0122484535102594	1.00682211319239
0.0122514187142868	1.00641052170709
0.0122543853543425	1.00645505203963
0.0122573534314702	1.00623132279082
0.0122603229467143	1.00608664179497
0.0122632939011202	1.00632843179545
0.0122662662957344	1.00627163269023
0.0122692401316044	1.00677983848467
0.0122722154097787	1.00627800432652
0.0122751921313069	1.00541982997251
0.0122781702972394	1.00608522825256
0.0122811499086279	1.00658283959584
0.0122841309665249	1.0053191976309
0.012287113471984	1.00598494373187
0.01229009742606	1.00628449050086
0.0122930828298083	1.00661774692259
0.0122960696842858	1.0067279454196
0.01229905799055	1.00681149651187
0.0123020477496599	1.00713647905135
0.012305038962675	1.00681909749903
0.0123080316306563	1.00653966611154
0.0123110257546655	1.00656658617431
0.0123140213357656	1.00601752445091
0.0123170183750203	1.0060921557729
0.0123200168734948	1.00550369739491
0.0123230168322548	1.0056573068094
0.0123260182523675	1.00455083206197
0.0123290211349008	1.00490550413525
0.012332025480924	1.00509448421715
0.012335031291507	1.00552757090714
0.0123380385677212	1.00599972200381
0.0123410473106386	1.00413384504526
0.0123440575213327	1.00636909830321
0.0123470692008776	1.0057277491511
0.0123500823503488	1.00701606122618
0.0123530969708226	1.00604597737668
0.0123561130633766	1.00645877467036
0.0123591306290893	1.00650956093271
0.0123621496690402	1.00641596166321
0.0123651701843099	1.00642136102535
0.0123681921759802	1.00594099267812
0.0123712156451338	1.00670561174588
0.0123742405928545	1.00608741324598
0.0123772670202271	1.00666216228367
0.0123802949283376	1.00554751488427
0.0123833243182729	1.00615203362373
0.0123863551911211	1.00645284443257
0.0123893875479714	1.00676191998874
0.0123924213899138	1.00644836873219
0.0123954567180397	1.0069145940791
0.0123984935334414	1.00696764729801
0.0124015318372122	1.0067587292328
0.0124045716304466	1.0058675906019
0.0124076129142402	1.00586406349606
0.0124106556896896	1.00696609046641
0.0124136999578924	1.00683832102538
0.0124167457199474	1.006861786522
0.0124197929769545	1.00708333768683
0.0124228417300146	1.00667445773277
0.0124258919802296	1.00613340016528
0.0124289437287027	1.00696345106523
0.012431996976538	1.00620747327899
0.0124350517248408	1.00594376447897
0.0124381079747175	1.00709691676356
0.0124411657272754	1.0068736413697
0.0124442249836231	1.00721748739436
0.0124472857448702	1.00664917136686
0.0124503480121273	1.00679099092838
0.0124534117865064	1.00636261857023
0.0124564770691202	1.00700514427937
0.0124595438610827	1.00709049202995
0.0124626121635092	1.00618712752542
0.0124656819775156	1.00673390446901
0.0124687533042193	1.00624800344348
0.0124718261447387	1.00546243595257
0.0124749005001933	1.00541851286281
0.0124779763717036	1.004956695607
0.0124810537603914	1.00518456245222
0.0124841326673794	1.00607369193519
0.0124872130937916	1.00518496446591
0.012490295040753	1.00545362462638
0.0124933785093897	1.0059428602888
0.012496463500829	1.00578722671844
0.0124995500161991	1.00636239174601
0.0125026380566296	1.00456538021276
0.0125057276232511	1.00579747939349
0.0125088187171953	1.00590578879975
0.012511911339595	1.00373790822155
0.0125150054915841	1.00517739159963
0.0125181011742977	1.00665996816151
0.0125211983888721	1.00530670062233
0.0125242971364444	1.00611337524103
0.0125273974181532	1.00536004157588
0.012530499235138	1.00601199567814
0.0125336025885396	1.00680509727655
0.0125367074794997	1.00481893083073
0.0125398139091613	1.00559284753159
0.0125429218786685	1.00648747704735
0.0125460313891666	1.00614318942858
0.0125491424418018	1.00468298606802
0.0125522550377217	1.00598076538702
0.012555369178075	1.00603158370134
0.0125584848640114	1.00627054016599
0.0125616020966818	1.00621626515903
0.0125647208772384	1.00579613621636
0.0125678412068342	1.00600440249101
0.0125709630866237	1.00601894918497
0.0125740865177624	1.00561957761835
0.0125772115014068	1.00645698026416
0.0125803380387149	1.00552633056884
0.0125834661308456	1.00634816495781
0.0125865957789589	1.00480183969697
0.0125897269842162	1.00438019666453
0.0125928597477798	1.00607496271843
0.0125959940708134	1.00604986361795
0.0125991299544816	1.006494706536
0.0126022673999503	1.0065579947041
0.0126054064083866	1.00647097275297
0.0126085469809588	1.00657196575918
0.0126116891188361	1.00666236324534
0.0126148328231892	1.00670748137282
0.0126179780951897	1.00582993060502
0.0126211249360106	1.00700000108468
0.0126242733468259	1.00634983755805
0.0126274233288107	1.00689753743712
0.0126305748831416	1.00669401988941
0.0126337280109961	1.00626490353024
0.0126368827135529	1.00713676139035
0.012640038991992	1.00679133290015
0.0126431968474944	1.00679416973907
0.0126463562812425	1.00608308878904
0.0126495172944198	1.0067304453813
0.0126526798882108	1.00542649156687
0.0126558440638014	1.00659753614741
0.0126590098223786	1.005921026945
0.0126621771651307	1.00590229632731
0.0126653460932471	1.00666440191
0.0126685166079183	1.005686310426
0.0126716887103361	1.00609089701797
0.0126748624016935	1.00687140665408
0.0126780376831847	1.00672360602132
0.012681214556005	1.00593840904213
0.0126843930213511	1.00543895504206
0.0126875730804207	1.00619664450743
0.0126907547344127	1.00636143198924
0.0126939379845273	1.00674109559639
0.012697122831966	1.00428327820238
0.0127003092779313	1.00644451474156
0.0127034973236269	1.00577855792004
0.012706686970258	1.00590400167469
0.0127098782190306	1.00561795497755
0.0127130710711523	1.00542985198115
0.0127162655278316	1.00613849844247
0.0127194615902784	1.00581713418345
0.0127226592597038	1.00567735230661
0.0127258585373201	1.00489583272717
0.0127290594243408	1.00666635850675
0.0127322619219805	1.00507112378238
0.0127354660314553	1.00537728983593
0.0127386717539824	1.00543324620109
0.01274187909078	1.00550568185446
0.0127450880430679	1.00658307224937
0.012748298612067	1.00417247839573
0.0127515107989992	1.00474741022505
0.012754724605088	1.00586743777822
0.0127579400315578	1.00620219936981
0.0127611570796345	1.00451202107693
0.012764375750545	1.00574726283618
0.0127675960455178	1.00570854643419
0.0127708179657821	1.00667361455227
0.0127740415125689	1.00613581209347
0.01277726668711	1.00382581120752
0.0127804934906388	1.00665745294851
0.0127837219243897	1.00486043890001
0.0127869519895983	1.0060728025858
0.0127901836875018	1.00617745920269
0.0127934170193383	1.00526036622369
0.0127966519863473	1.00660400887148
0.0127998885897695	1.00566768134344
0.0128031268308469	1.00591523779342
0.0128063667108228	1.00581195156161
0.0128096082309416	1.00693391138634
0.0128128513924492	1.00511829838489
0.0128160961965925	1.00637015707611
0.0128193426446199	1.0062623529656
0.0128225907377809	1.00682678791211
0.0128258404773262	1.00701840029634
0.0128290918645081	1.00607088186871
0.0128323449005799	1.00632948394653
0.0128355995867961	1.00686785094312
0.0128388559244128	1.00705076492976
0.012842113914687	1.00647298074597
0.0128453735588773	1.00656925722467
0.0128486348582433	1.00675694141631
0.0128518978140462	1.00682320755774
0.0128551624275481	1.0068771339667
0.0128584287000126	1.00637376563664
0.0128616966327047	1.00566495325087
0.0128649662268904	1.00688684105034
0.0128682374838373	1.00651362862974
0.0128715104048139	1.00690230891959
0.0128747849910904	1.00637582971708
0.0128780612439381	1.00692790691035
0.0128813391646295	1.00641976213209
0.0128846187544385	1.00625019458512
0.0128879000146404	1.00454298602456
0.0128911829465117	1.00644658092113
0.0128944675513301	1.00652079730795
0.0128977538303747	1.00440987498897
0.012901041784926	1.00628712666445
0.0129043314162656	1.00427679224892
0.0129076227256767	1.00636895274188
0.0129109157144434	1.00349686254897
0.0129142103838514	1.00484483877364
0.0129175067351878	1.00491213394666
0.0129208047697407	1.00522034381474
0.0129241044887998	1.00409507813064
0.0129274058936558	1.00452056646301
0.0129307089856012	1.00585231149665
0.0129340137659293	1.00493307593776
0.0129373202359351	1.00620315745495
0.0129406283969147	1.00307274224807
0.0129439382501657	1.00502157421404
0.0129472497969869	1.0038271964347
0.0129505630386785	1.0048378399119
0.0129538779765419	1.00518925981328
0.01295719461188	1.00558022815469
0.012960512945997	1.0062758416616
0.0129638329801983	1.00503789408341
0.0129671547157909	1.00480056723264
0.0129704781540828	1.00469783891486
0.0129738032963837	1.00655658679184
0.0129771301440044	1.00423934276286
0.0129804586982571	1.00572962439576
0.0129837889604553	1.00670175260427
0.012987120931914	1.00513206111832
0.0129904546139495	1.00637586857961
0.0129937900078792	1.00465578407522
0.0129971271150223	1.00661210835973
0.013000465936699	1.00693489994962
0.0130038064742309	1.0062579735487
0.0130071487289412	1.00563911937829
0.0130104927021542	1.00626621331263
0.0130138383951957	1.00610270947956
0.0130171858093928	1.00608942993333
0.013020534946074	1.00671079300749
0.0130238858065691	1.00625058179621
0.0130272383922093	1.00677460598843
0.0130305927043273	1.00597662717927
0.013033948744257	1.00709502377961
0.0130373065133338	1.00642892116452
0.0130406660128944	1.00697221613322
0.0130440272442769	1.00598258430648
0.0130473902088207	1.00711414503307
0.0130507549078667	1.00704057457707
0.0130541213427572	1.00713765803556
0.0130574895148357	1.00575879433363
0.0130608594254474	1.00641142600385
0.0130642310759385	1.00616249629048
0.013067604467657	1.00651431778952
0.0130709796019519	1.00609883705626
0.0130743564801739	1.00657818939705
0.0130777351036749	1.00620552241116
0.0130811154738083	1.00532153730228
0.0130844975919289	1.00680245362083
0.0130878814593928	1.00637644323791
0.0130912670775577	1.00635897500698
0.0130946544477825	1.00427294076882
0.0130980435714276	1.00661364599587
0.0131014344498549	1.00572359677465
0.0131048270844274	1.00702023694433
0.0131082214765099	1.00477397924398
0.0131116176274683	1.00573918372583
0.0131150155386702	1.00665646690886
0.0131184152114844	1.00429888126179
0.0131218166472812	1.0053497616009
0.0131252198474323	1.00508049922746
0.0131286248133108	1.00661013798364
0.0131320315462913	1.00627740289951
0.0131354400477498	1.00528554183771
0.0131388503190637	1.00440480919295
0.0131422623616118	1.00572087958181
0.0131456761767745	1.00526469391788
0.0131490917659334	1.00488234964808
0.0131525091304717	1.00625614867179
0.0131559282717739	1.00506516584256
0.0131593491912262	1.00639267819697
0.013162771890216	1.00482732899708
0.0131661963701322	1.00543665399416
0.0131696226323651	1.00662225525103
0.0131730506783066	1.00559233599753
0.0131764805093499	1.00535583611919
0.0131799121268897	1.00489676239615
0.0131833455323222	1.00623950250531
0.0131867807270451	1.0051525606532
0.0131902177124573	1.00656798043346
0.0131936564899595	1.00532798297132
0.0131970970609535	1.0064484866582
0.013200539426843	1.00508742731179
0.0132039835890327	1.00596910194247
0.0132074295489291	1.00555931199238
0.0132108773079401	1.00661776887736
0.0132143268674749	1.00623781929625
0.0132177782289445	1.0054961126273
0.0132212313937609	1.00653958747848
0.0132246863633381	1.00563214039733
0.0132281431390911	1.00686292305379
0.0132316017224368	1.00533130087978
0.0132350621147934	1.00711873507824
0.0132385243175804	1.00635583725254
0.0132419883322191	1.00704494307623
0.0132454541601321	1.00607814218597
0.0132489218027435	1.00649649534771
0.0132523912614791	1.00579092913268
0.0132558625377658	1.00700100895732
0.0132593356330324	1.00652259721527
0.0132628105487089	1.00519959224763
0.0132662872862269	1.00565438425667
0.0132697658470196	1.00665799760561
0.0132732462325217	1.00616883402611
0.0132767284441691	1.00586245597836
0.0132802124833996	1.00606745067946
0.0132836983516523	1.00636879514074
0.0132871860503679	1.00497324317599
0.0132906755809885	1.0063310884266
0.0132941669449578	1.00716414721388
0.013297660143721	1.00630950808703
0.0133011551787248	1.00449951869119
0.0133046520514176	1.00684412719026
0.0133081507632489	1.00678749416887
0.0133116513156702	1.0062461764063
0.0133151537101343	1.00678128986974
0.0133186579480955	1.00607389003189
0.0133221640310096	1.0058854156708
0.0133256719603341	1.00550096736862
0.013329181737528	1.00589905539543
0.0133326933640517	1.00631340796437
0.0133362068413673	1.00574944997936
0.0133397221709383	1.0063890800481
0.0133432393542298	1.00505188858787
0.0133467583927085	1.00562766534647
0.0133502792878426	1.0057150024534
0.0133538020411018	1.00625658113868
0.0133573266539575	1.00607106232693
0.0133608531278825	1.00587162661702
0.0133643814643512	1.00611183648258
0.0133679116648396	1.00649190692372
0.0133714437308252	1.00668506646637
0.0133749776637872	1.00654420254895
0.0133785134652061	1.00630564941565
0.0133820511365643	1.00558803856524
0.0133855906793454	1.00542265598225
0.0133891320950349	1.00644526900705
0.0133926753851197	1.00509406118744
0.0133962205510883	1.00634660111532
0.0133997675944307	1.00615971783564
0.0134033165166388	1.00629810879675
0.0134068673192056	1.00514110885141
0.0134104200036261	1.00557184619885
0.0134139745713966	1.00582473279956
0.0134175310240151	1.00682613740713
0.0134210893629813	1.00616391576123
0.0134246495897963	1.00556989445927
0.0134282117059629	1.00708809478739
0.0134317757129854	1.00624256384698
0.0134353416123699	1.00674857551473
0.0134389094056238	1.00574730782056
0.0134424790942564	1.00686021100654
0.0134460506797784	1.00665362006936
0.0134496241637023	1.00667738965079
0.0134531995475419	1.00656496702622
0.0134567768328129	1.00637341291135
0.0134603560210325	1.00705925184352
0.0134639371137196	1.00555142006253
0.0134675201123944	1.00700428695
0.0134711050185793	1.00631796534735
0.0134746918337977	1.00649241451296
0.013478280559575	1.0065717282534
0.0134818711974381	1.00646719170096
0.0134854637489157	1.00649593521165
0.0134890582155378	1.0065469812563
0.0134926545988363	1.00644796901645
0.0134962529003447	1.00637176776972
0.013499853121598	1.00682928335938
0.0135034552641329	1.00675250958781
0.0135070593294879	1.00667493287373
0.0135106653192029	1.00598427200521
0.0135142732348196	1.0058010158926
0.0135178830778813	1.00656169415449
0.013521494849933	1.00692755278877
0.0135251085525212	1.00582836346353
0.0135287241871942	1.00611570179408
0.0135323417555019	1.00564741406647
0.0135359612589959	1.00605751783592
0.0135395826992295	1.00541549155893
0.0135432060777574	1.00459064108656
0.0135468313961364	1.00595904991094
0.0135504586559245	1.00645095431406
0.0135540878586818	1.0061643807875
0.0135577190059697	1.00587893538518
0.0135613520993515	1.00550197957502
0.0135649871403921	1.00613693339082
0.0135686241306582	1.00583987129613
0.0135722630717179	1.00546842529309
0.0135759039651414	1.00584374274057
0.0135795468125001	1.00598972914203
0.0135831916153674	1.00651804080153
0.0135868383753184	1.00595607348104
0.0135904870939298	1.00718815699589
0.0135941377727799	1.00610555440489
0.0135977904134489	1.00622489116046
0.0136014450175186	1.00666731787106
0.0136051015865725	1.00560877226911
0.0136087601221957	1.00714426175579
0.0136124206259753	1.00607721296633
0.0136160830994997	1.00633604428768
0.0136197475443595	1.00606330589637
0.0136234139621465	1.00507375827356
0.0136270823544545	1.00574791096424
0.0136307527228791	1.0059089117649
0.0136344250690174	1.00579351068613
0.0136380993944683	1.00475965820909
0.0136417757008325	1.00611970534935
0.0136454539897124	1.00485657999972
0.0136491342627119	1.00486474180969
0.0136528165214371	1.00603602950291
0.0136565007674953	1.00447488511236
0.0136601870024959	1.00478228742623
0.01366387522805	1.0035147661366
0.0136675654457703	1.00483358530337
0.0136712576572714	1.00526564680546
0.0136749518641694	1.00477380426725
0.0136786480680824	1.00601387514816
0.0136823462706302	1.00540464313544
0.0136860464734343	1.00495979677205
0.0136897486781178	1.00549745537139
0.013693452886306	1.00405469666309
0.0136971590996254	1.00480892902331
0.0137008673197048	1.00380503959516
0.0137045775481743	1.00584271728708
0.0137082897866661	1.00358666999174
0.013712004036814	1.00586884808807
0.0137157203002535	1.00434582810093
0.0137194385786222	1.00383371234545
0.0137231588735592	1.00631140541073
0.0137268811867053	1.00373899939555
0.0137306055197034	1.0060205696016
0.0137343318741979	1.00526545395983
0.0137380602518351	1.00462364954165
0.0137417906542631	1.00547780409625
0.0137455230831318	1.00484435815901
0.0137492575400928	1.00463484696077
0.0137529940267996	1.00583241850062
0.0137567325449075	1.00503785373226
0.0137604730960734	1.00578916210532
0.0137642156819563	1.00544623231449
0.0137679603042168	1.0049058462544
0.0137717069645175	1.00545356869307
0.0137754556645225	1.00626014389199
0.0137792064058979	1.00488695695588
0.0137829591903118	1.00634735919181
0.0137867140194337	1.0057691715499
0.0137904708949354	1.00614690404408
0.01379422981849	1.00587863664664
0.0137979907917729	1.006194711172
0.013801753816461	1.00586799926545
0.0138055188942332	1.00705407050485
0.0138092860267701	1.00669234125414
0.0138130552157544	1.00619697524889
0.0138168264628703	1.00656224591685
0.0138205997698041	1.0058919096011
0.0138243751382437	1.00557387874057
0.0138281525698792	1.00664272232015
0.0138319320664021	1.00628337136375
0.0138357136295062	1.00649496821679
0.0138394972608867	1.00628743270453
0.0138432829622411	1.00614382262201
0.0138470707352684	1.00609832598571
0.0138508605816697	1.00668449025878
0.0138546525031478	1.005014765571
0.0138584465014075	1.00654882095564
0.0138622425781553	1.00500943079398
0.0138660407350998	1.0048043870023
0.0138698409739513	1.00642545092563
0.0138736432964221	1.00342603024741
0.0138774477042261	1.00624884590746
0.0138812541990794	1.00439180774515
0.0138850627826999	1.00553179325008
0.0138888734568073	1.0034811265862
0.0138926862231232	1.00498948526958
0.0138965010833712	1.00418706313502
0.0139003180392768	1.00402135827259
0.0139041370925671	1.00559384867944
0.0139079582449715	1.00141455589345
0.013911781498221	1.00643563035253
0.0139156068540487	1.00256875370013
0.0139194343141895	1.00463643464936
0.0139232638803803	1.00561197837488
0.0139270955543597	1.00312395598248
0.0139309293378685	1.00615082205206
0.0139347652326493	1.00497731487412
0.0139386032404465	1.00452173336742
0.0139424433630066	1.00400010998445
0.0139462856020779	1.00509774264255
0.0139501299594107	1.00482810073082
0.0139539764367573	1.00544895403467
0.0139578250358716	1.00461781635299
0.01396167575851	1.00433637481008
0.0139655286064302	1.00661047560776
0.0139693835813924	1.00460647656686
0.0139732406851583	1.00569496550008
0.0139770999194919	1.00625864859473
0.013980961286159	1.0062390067425
0.0139848247869272	1.00590855016878
0.0139886904235664	1.00623905697288
0.0139925581978481	1.00497835338096
0.013996428111546	1.00642515656561
0.0140003001664356	1.0060241715073
0.0140041743642946	1.00569517132429
0.0140080507069023	1.00690642170273
0.0140119291960404	1.00632347448009
0.0140158098334922	1.00641446655897
0.0140196926210433	1.00679838265828
0.0140235775604809	1.00548902905653
0.0140274646535946	1.00689248273163
0.0140313539021757	1.00612503195847
0.0140352453080175	1.00696080651887
0.0140391388729155	1.00554841082351
0.014043034598667	1.00678627025126
0.0140469324870713	1.00501587622825
0.0140508325399297	1.00554261057577
0.0140547347590457	1.00513614290771
0.0140586391462245	1.00395862174662
0.0140625457032736	1.00666487294303
0.0140664544320023	1.0048293598485
0.0140703653342219	1.00523647603346
0.0140742784117459	1.00629521215296
0.0140781936663897	1.00655557065346
0.0140821110999707	1.00475855946275
0.0140860307143083	1.00484870251403
0.0140899525112241	1.00559398090435
0.0140938764925416	1.00414471773509
0.0140978026600863	1.00651018521243
0.0141017310156857	1.00293136814261
0.0141056615611696	1.00631349754126
0.0141095942983695	1.0048909207728
0.0141135292291191	1.00461219567603
0.0141174663552543	1.00604946491849
0.0141214056786127	1.0047419566997
0.0141253472010343	1.00615536458496
0.0141292909243609	1.00647276042033
0.0141332368504365	1.00573058211589
0.0141371849811071	1.00576975780212
0.0141411353182209	1.00684972902237
0.0141450878636279	1.00550013084982
0.0141490426191803	1.0058890144774
0.0141529995867325	1.00503562684479
0.0141569587681408	1.004705022278
0.0141609201652637	1.00660477422241
0.0141648837799617	1.00460461525915
0.0141688496140973	1.00499714246281
0.0141728176695353	1.00567181112696
0.0141767879481425	1.00468782812658
0.0141807604517878	1.00513847129325
0.014184735182342	1.00593970940887
0.0141887121416784	1.00643879489916
0.0141926913316719	1.006113877473
0.0141966727542	1.0063229435622
0.014200656411142	1.00463848583739
0.0142046423043794	1.00603180608899
0.0142086304357958	1.00578793081717
0.014212620807277	1.00584674097783
0.0142166134207106	1.00632044064077
0.0142206082779868	1.00575725505451
0.0142246053809976	1.00649396303266
0.0142286047316372	1.00681298537
0.014232606331802	1.00701561104564
0.0142366101833904	1.00621502601509
0.0142406162883031	1.00718831357351
0.0142446246484428	1.00610943413097
0.0142486352657144	1.00641719497357
0.0142526481420249	1.00674660091529
0.0142566632792836	1.00608940253138
0.0142606806794018	1.00626023712385
0.0142647003442929	1.00603611534915
0.0142687222758727	1.00708950548603
0.014272746476059	1.00715254946303
0.0142767729467717	1.00677209288013
0.0142808016899331	1.00667592035161
0.0142848327074673	1.00685108701838
0.014288866001301	1.00666313105303
0.0142929015733627	1.0065852912044
0.0142969394255834	1.00623458301157
0.0143009795598961	1.00578298779053
0.0143050219782359	1.00647198793421
0.0143090666825403	1.0060230671602
0.0143131136747489	1.00696713818489
0.0143171629568035	1.00691753107581
0.0143212145306481	1.00698483269298
0.0143252683982288	1.00694408615072
0.0143293245614941	1.0069846612302
0.0143333830223946	1.00683815754097
0.0143374437828831	1.00626522277012
0.0143415068449145	1.00631335457626
0.0143455722104462	1.00667556394915
0.0143496398814377	1.00644723020177
0.0143537098598505	1.0060279115274
0.0143577821476487	1.00607192107033
0.0143618567467983	1.00695075248072
0.0143659336592678	1.00662725589549
0.0143700128870277	1.00650452809503
0.0143740944320509	1.00699734667504
0.0143781782963125	1.0067065076756
0.0143822644817899	1.00658863458096
0.0143863529904626	1.00655323180114
0.0143904438243124	1.00688179444205
0.0143945369853235	1.00691643959561
0.0143986324754822	1.00612957906742
0.0144027302967771	1.00579166165719
0.014406830451199	1.00671742024081
0.0144109329407412	1.00608307175615
0.0144150377673991	1.00648034047266
0.0144191449331703	1.00682202586118
0.0144232544400548	1.0063856183822
0.0144273662900549	1.007117984746
0.014431480485175	1.00663926654565
0.014435597027422	1.00615817547019
0.0144397159188051	1.00570750049306
0.0144438371613355	1.00670748582057
0.0144479607570271	1.00533206304263
0.0144520867078957	1.00682351430004
0.0144562150159598	1.00529083853883
0.0144603456832399	1.00631098216461
0.014464478711759	1.00522047608865
0.0144686141035422	1.00273008813899
0.0144727518606172	1.00577667540745
0.0144768919850137	1.00627900150254
0.014481034478764	1.00624971928837
0.0144851793439027	1.00521772462579
0.0144893265824665	1.00667237798948
0.0144934761964946	1.00576070754919
0.0144976281880286	1.00650969704066
0.0145017825591123	1.00438147121084
0.014505939311792	1.00525402106874
0.0145100984481161	1.00627147563735
0.0145142599701356	1.00447323626763
0.0145184238799038	1.00500058952442
0.0145225901794762	1.00517244508385
0.0145267588709108	1.00635116299431
0.0145309299562679	1.00576877421147
0.0145351034376103	1.00656199331957
0.014539279317003	1.0036889161657
0.0145434575965135	1.0068480343401
0.0145476382782116	1.00604072928824
0.0145518213641694	1.00490496187631
0.0145560068564617	1.00709195942166
0.0145601947571653	1.00542656716247
0.0145643850683596	1.00655318228816
0.0145685777921264	1.00381961418032
0.0145727729305499	1.00466906632247
0.0145769704857165	1.00599912701593
0.0145811704597153	1.00684459120874
0.0145853728546377	1.00536541057894
0.0145895776725774	1.00574509912252
0.0145937849156306	1.00608762115813
0.014597994585896	1.00525440483946
0.0146022066854745	1.00696333385636
0.0146064212164697	1.00547567884088
0.0146106381809874	1.00510274763365
0.0146148575811361	1.00707702783558
0.0146190794190263	1.00567802835635
0.0146233036967714	1.00617176346167
0.014627530416487	1.00659421220866
0.0146317595802911	1.00632065544818
0.0146359911903044	1.00576844171478
0.0146402252486498	1.00633673243755
0.0146444617574528	1.00596825646161
0.0146487007188413	1.00548935665183
0.0146529421349456	1.00690131479103
0.0146571860078987	1.00457331996056
0.0146614323398358	1.00551489635486
0.0146656811328948	1.0042091181881
0.0146699323892158	1.00530813821345
0.0146741861109418	1.00599377053955
0.0146784423002178	1.00308645963992
0.0146827009591917	1.00614702693964
0.0146869620900137	1.00579905193249
0.0146912256948364	1.00618894700525
0.0146954917758152	1.00254350719439
0.0146997603351077	1.00497570597435
0.0147040313748742	1.00428075672903
0.0147083048972774	1.00434427420838
0.0147125809044826	1.00342844538187
0.0147168593986576	1.00211725592878
0.0147211403819726	1.0062882310337
0.0147254238566005	1.00299232074231
0.0147297098247167	1.00465594768562
0.014733998288499	1.00354991360483
0.0147382892501279	1.00603140007546
0.0147425827117863	1.00404489379351
0.0147468786756598	1.00442758299765
0.0147511771439363	1.00449920069696
0.0147554781188066	1.00501732143106
0.0147597816024638	1.00595803290963
0.0147640875971037	1.00324859483968
0.0147683961049244	1.00561522538095
0.0147727071281269	1.00500579562995
0.0147770206689146	1.00609249742035
0.0147813367294935	1.00461457478297
0.0147856553120722	1.0049163250534
0.0147899764188619	1.0063245992324
0.0147943000520762	1.0066034986836
0.0147986262139316	1.00533932349504
0.0148029549066469	1.00558071461313
0.0148072861324437	1.00634417558696
0.0148116198935462	1.00608512991501
0.014815956192181	1.00626742601278
0.0148202950305775	1.00563225352953
0.0148246364109677	1.00546046026615
0.014828980335586	1.0071254396935
0.0148333268066698	1.00610146268953
0.0148376758264588	1.00567923934434
0.0148420273971955	1.00665138577956
0.0148463815211249	1.00689516490639
0.0148507382004948	1.00659451270294
0.0148550974375554	1.00633168395744
0.0148594592345598	1.0058168716386
0.0148638235937637	1.00558428335071
0.0148681905174252	1.00725740840299
0.0148725600078054	1.00529359452184
0.0148769320671679	1.00455606331736
0.0148813066977788	1.00534381497624
0.0148856839019072	1.00553821339366
0.0148900636818246	1.00530522267177
0.0148944460398054	1.00355855613738
0.0148988309781264	1.00512703132302
0.0149032184990674	1.00535826704038
0.0149076086049105	1.00568508813012
0.0149120012979409	1.00146220478192
0.0149163965804462	1.00346504328095
0.0149207944547169	1.00413740776553
0.014925194923046	1.00382421171497
0.0149295979877294	1.00329012249639
0.0149340036510655	1.00311241482158
0.0149384119153557	1.00530156283645
0.0149428227829038	1.00327076258368
0.0149472362560166	1.00269964755117
0.0149516523370034	1.00263970706653
0.0149560710281764	1.00620957787331
0.0149604923318504	1.00348163779278
0.014964916250343	1.00329419314865
0.0149693427859746	1.00453624273643
0.0149737719410683	1.00424390258032
0.01497820371795	1.00513176289508
0.0149826381189481	1.00338399285362
0.0149870751463941	1.00594890687909
0.014991514802622	1.00589032277609
0.0149959570899689	1.00650184660918
0.0150004020107742	1.00498405537147
0.0150048495673805	1.00409926060071
0.0150092997621329	1.00630935108807
0.0150137525973795	1.00646179542014
0.015018208075471	1.00695883635419
0.015022666198761	1.00460425231815
0.0150271269696059	1.00532485891994
0.0150315903903647	1.00593192366765
0.0150360564633996	1.00620514397621
0.0150405251910752	1.00515720906826
0.0150449965757591	1.00602777307259
0.0150494706198218	1.00689694796698
0.0150539473256365	1.00580372920034
0.0150584266955792	1.00544371120246
0.0150629087320288	1.0058818713093
0.015067393437367	1.00601989725052
0.0150718808139784	1.00563540195976
0.0150763708642503	1.00547417395593
0.015080863590573	1.00657068298383
0.0150853589953396	1.0049654163546
0.015089857080946	1.0064156939599
0.015094357849791	1.00617369684684
0.0150988613042762	1.00572496463507
0.0151033674468063	1.00574142523021
0.0151078762797886	1.0056965457231
0.0151123878056333	1.0060004801502
0.0151169020267537	1.003920044861
0.0151214189455657	1.00403781415285
0.0151259385644883	1.00572108180162
0.0151304608859433	1.006751207329
0.0151349859123555	1.00389645962034
0.0151395136461524	1.00449694208554
0.0151440440897646	1.00634037770532
0.0151485772456255	1.00496432668784
0.0151531131161714	1.00306472465988
0.0151576517038417	1.00458272025744
0.0151621930110785	1.00578550229446
0.0151667370403269	1.00379261521202
0.015171283794035	1.00407872085407
0.0151758332746538	1.0023550983854
0.0151803854846372	1.0042806462955
0.0151849404264421	1.00498893619222
0.0151894981025283	1.0039584057784
0.0151940585153585	1.00537878270577
0.0151986216673986	1.00445326005108
0.0152031875611172	1.00533219840966
0.015207756198986	1.00403977075496
0.0152123275834796	1.00484041348251
0.0152169017170756	1.00497820221582
0.0152214786022546	1.00577944161313
0.0152260582415003	1.0054784923089
0.0152306406372991	1.00568117277167
0.0152352257921407	1.00697027682032
0.0152398137085176	1.00597156113149
0.0152444043889254	1.00647851356544
0.0152489978358626	1.00579871071576
0.0152535940518309	1.00673157011604
0.0152581930393348	1.00666864203966
0.015262794800882	1.00676396090074
0.0152673993389831	1.0064853783711
0.0152720066561518	1.00530134276674
0.0152766167549048	1.00632215480104
0.0152812296377619	1.00551523284863
0.0152858453072459	1.00600850483921
0.0152904637658826	1.00625932361123
0.015295085016201	1.00608794482138
0.0152997090607329	1.00606671103257
0.0153043359020135	1.00498283610913
0.0153089655425808	1.00645430363256
0.0153135979849759	1.00631680836968
0.0153182332317432	1.00501102391739
0.01532287128543	1.00639866209492
0.0153275121485866	1.0049203804558
0.0153321558237665	1.00592684423768
0.0153368023135264	1.00499856452987
0.0153414516204259	1.00682801692591
0.0153461037470279	1.00467106091878
0.0153507586958982	1.00541237707938
0.0153554164696059	1.00572011860729
0.0153600770707231	1.00629701151199
0.0153647405018252	1.00565297431025
0.0153694067654903	1.00397017308132
0.0153740758643002	1.00656888551338
0.0153787478008395	1.00626711565641
0.015383422577696	1.00498481705881
0.0153881001974605	1.00495676819552
0.0153927806627274	1.00576123489281
0.0153974639760937	1.00444629012278
0.01540215014016	1.00575024699571
0.0154068391575298	1.00502113546669
0.01541153103081	1.00551251996707
0.0154162257626103	1.00553591178898
0.015420923355544	1.00515272682757
0.0154256238122274	1.00445531925317
0.01543032713528	1.00581803105991
0.0154350333273244	1.00519465968729
0.0154397423909866	1.0059250097612
0.0154444543288957	1.00563649192963
0.0154491691436839	1.00574151334642
0.0154538868379869	1.00659166839187
0.0154586074144433	1.00628294761856
0.0154633308756951	1.00531344681362
0.0154680572243875	1.00645532209745
0.0154727864631691	1.00629977389488
0.0154775185946913	1.00628102311898
0.0154822536216092	1.00631935763825
0.015486991546581	1.00614549023361
0.015491732372268	1.00643116018668
0.015496476101335	1.00578278927994
0.0155012227364499	1.00641905498493
0.015505972280284	1.00574858595008
0.0155107247355116	1.00443344593141
0.0155154801048107	1.00582167959009
0.0155202383908622	1.00609955476237
0.0155249995963505	1.00644446844278
0.0155297637239633	1.00641212818642
0.0155345307763915	1.00524159618009
0.0155393007563293	1.0057751528656
0.0155440736664744	1.00491161570434
0.0155488495095276	1.00434079744232
0.0155536282881931	1.00601625872948
0.0155584100051783	1.00678104928666
0.0155631946631943	1.00564795907302
0.0155679822649551	1.00675317052499
0.0155727728131783	1.00519633205427
0.0155775663105848	1.00571642518421
0.0155823627598987	1.00538657864856
0.0155871621638478	1.00352974712513
0.0155919645251628	1.0057628614201
0.0155967698465782	1.00646054040179
0.0156015781308316	1.00590033393488
0.0156063893806641	1.00652702855933
0.0156112035988201	1.00600179957763
0.0156160207880474	1.00491734744718
0.0156208409510973	1.00490561576955
0.0156256640907244	1.00504223665436
0.0156304902096867	1.00606507659829
0.0156353193107456	1.00524377226286
0.015640151396666	1.00626680231731
0.0156449864702162	1.00455313616322
0.0156498245341678	1.00531929953402
0.015654665591296	1.00620184843023
0.0156595096443793	1.0058943967657
0.0156643566961997	1.00445224790459
0.0156692067495427	1.00694249875341
0.015674059807197	1.00585363713133
0.0156789158719552	1.00613471258608
0.0156837749466129	1.00652657447956
0.0156886370339696	1.00624719578948
0.0156935021368278	1.00656563922725
0.0156983702579938	1.00542397561664
0.0157032414002774	1.00608007595721
0.0157081155664917	1.00665376180519
0.0157129927594535	1.0052248326884
0.0157178729819828	1.00516985483422
0.0157227562369035	1.00675215304321
0.0157276425270426	1.00528039343816
0.015732531855231	1.00618815261148
0.0157374242243029	1.00560153546225
0.015742319637096	1.00669053880547
0.0157472180964516	1.00619018667457
0.0157521196052146	1.00644528373241
0.0157570241662333	1.00535843105661
0.0157619317823598	1.00614022825987
0.0157668424564493	1.0052724328427
0.0157717561913611	1.00668477619691
0.0157766729899577	1.00552756334189
0.0157815928551053	1.00590367561181
0.0157865157896736	1.00613231714735
0.015791441796536	1.00513912335373
0.0157963708785694	1.0054639444133
0.0158013030386543	1.00531696201619
0.0158062382796748	1.0060123605921
0.0158111766045187	1.00648169889396
0.0158161180160773	1.00566620874622
0.0158210625172455	1.00495831232584
0.0158260101109219	1.00495115149312
0.0158309608000086	1.00461229165078
0.0158359145874116	1.00550788728643
0.0158408714760402	1.00548694490182
0.0158458314688077	1.00632692431192
0.0158507945686307	1.0067465956293
0.0158557607784296	1.00685318010052
0.0158607301011285	1.00666385347975
0.0158657025396553	1.00527783194289
0.0158706780969412	1.00420975387244
0.0158756567759213	1.00662030239079
0.0158806385795346	1.00530637913701
0.0158856235107233	1.0071357517502
0.0158906115724337	1.00622019867642
0.0158956027676157	1.00577130439074
0.0159005970992228	1.00557936570815
0.0159055945702123	1.00554750381151
0.0159105951835451	1.00321293764303
0.0159155989421861	1.00682032770469
0.0159206058491037	1.00376353969651
0.0159256159072701	1.00447763584068
0.0159306291196612	1.00533394088905
0.0159356454892567	1.00306822323237
0.01594066501904	1.00449119475235
0.0159456877119984	1.00346918842917
0.0159507135711228	1.00427143745586
0.015955742599408	1.00405696655429
0.0159607747998524	1.00322009318149
0.0159658101754584	0.999285859277823
0.015970848729232	1.0064380185715
0.0159758904641832	1.00196425104132
0.0159809353833256	1.00448808879111
0.0159859834896768	1.00340162943007
0.0159910347862579	1.00456857350104
0.0159960892760943	1.00474200577015
0.0160011469622148	1.00495733621741
0.0160062078476521	1.00410946900939
0.0160112719354431	1.00472348167451
0.016016339228628	1.00394436972303
0.0160214097302512	1.00336139907894
0.016026483443361	1.00530356377935
0.0160315603710093	1.00434349162891
0.016036640516252	1.00527259349159
0.016041723882149	1.00403520188526
0.0160468104717639	1.00585407385553
0.0160519002881642	1.00554756812202
0.0160569933344214	1.00587975699111
0.0160620896136109	1.00482910159847
0.0160671891288118	1.00618032445915
0.0160722918831074	1.00527240426976
0.0160773978795847	1.00642039890179
0.0160825071213347	1.00518224112118
0.0160876196114523	1.00628253211982
0.0160927353530365	1.00680473247999
0.01609785434919	1.00664970361897
0.0161029766030196	1.00664433211521
0.016108102117636	1.00673283231075
0.016113230896154	1.0049016594267
0.016118362941692	1.00639647221899
0.0161234982573728	1.0050426954812
0.016128636846323	1.00663530404105
0.0161337787116731	1.00571283651539
0.0161389238565577	1.00649598472759
0.0161440722841155	1.00652373883382
0.016149223997489	1.00541384655658
0.0161543789998247	1.00386835319666
0.0161595372942734	1.00649870934282
0.0161646988839897	1.00484260635154
0.0161698637721322	1.00521123627676
0.0161750319618637	1.00460379408844
0.0161802034563508	1.00173750365393
0.0161853782587646	1.00493524660999
0.0161905563722797	1.00139243837264
0.0161957378000751	1.0030556843516
0.0162009225453339	1.00245389942467
0.0162061106112431	1.00315877837158
0.0162113020009939	1.00361449522921
0.0162164967177816	1.00482679445019
0.0162216947648054	1.00005287580473
0.0162268961452689	1.003689136091
0.0162321008623796	1.00036919126644
0.0162373089193491	1.00167410814012
0.0162425203193934	1.00343550799064
0.0162477350657323	1.00189858210974
0.01625295316159	1.00380703702712
0.0162581746101945	1.00178980790899
0.0162633994147783	1.00323284835459
0.016268627578578	1.00171870266313
0.0162738591048341	1.00370391782275
0.0162790939967916	1.00062925118271
0.0162843322576994	1.00362665217257
0.0162895738908108	1.00357212806392
0.0162948188993832	1.00416529839394
0.0163000672866783	1.00445036100906
0.0163053190559617	1.00234166595784
0.0163105742105035	1.00509824996972
0.0163158327535779	1.00489031528929
0.0163210946884634	1.00379985977091
0.0163263600184428	1.00596188336189
0.0163316287468028	1.00480702607705
0.0163369008768346	1.00518263771715
0.0163421764118338	1.00562013343249
0.0163474553550999	1.00521733099828
0.0163527377099369	1.00595082671221
0.0163580234796531	1.00613281966329
0.0163633126675608	1.0064716655233
0.0163686052769769	1.00698667046184
0.0163739013112225	1.00577453962358
0.0163792007736229	1.00684727213921
0.0163845036675078	1.00625438707709
0.0163898099962112	1.00656670719251
0.0163951197630713	1.00617837281496
0.0164004329714309	1.004857095428
0.0164057496246369	1.00560545565426
0.0164110697260407	1.00637045918094
0.0164163932789978	1.00489003536072
0.0164217202868682	1.00575448859266
0.0164270507530165	1.00531245741878
0.0164323846808113	1.00376275163494
0.0164377220736257	1.00527281509894
0.0164430629348373	1.00185795692893
0.0164484072678279	1.0054222525058
0.0164537550759839	1.00454093582099
0.016459106362696	1.00326102149386
0.0164644611313592	1.00325700507452
0.0164698193853732	1.00478632669129
0.0164751811281418	1.00162939955675
0.0164805463630735	1.00466842939297
0.0164859150935811	1.00274847494582
0.016491287323082	1.00375001019987
0.0164966630549977	1.00489277340675
0.0165020422927546	1.00177815333814
0.0165074250397834	1.00353212957383
0.0165128112995191	1.00301026154555
0.0165182010754014	1.0046860431987
0.0165235943708745	1.00299720972715
0.016528991189387	1.0040993606752
0.016534391534392	1.00311666000648
0.0165397954093472	1.00465337759071
0.0165452028177147	1.00082515702725
0.0165506137629613	1.00378431539885
0.0165560282485581	1.00486219976371
0.016561446277981	1.00396724811995
0.0165668678547104	1.00521053462056
0.016572292982231	1.00386521911848
0.0165777216640324	1.00604824078982
0.0165831539036086	1.00591869069224
0.0165885897044582	1.00448049127112
0.0165940290700844	1.00518424385346
0.016599472003995	1.00623113162824
0.0166049185097024	1.00623915918393
0.0166103685907237	1.0066670119873
0.0166158222505804	1.00684544668876
0.0166212794927988	1.00643349253647
0.0166267403209099	1.00577388735141
0.0166322047384491	1.00542083347445
0.0166376727489566	1.0052490333208
0.0166431443559774	1.00663410232913
0.0166486195630608	1.00632865679958
0.0166540983737611	1.00676995306879
0.0166595807916371	1.00614613810384
0.0166650668202524	1.00686918384802
0.0166705564631752	1.0064141593462
0.0166760497239785	1.00501884187521
0.0166815466062399	1.00680789229206
0.0166870471135418	1.00292643728151
0.0166925512494713	1.00389698595972
0.0166980590176203	1.00622070640503
0.0167035704215852	1.00572653953038
0.0167090854649675	1.0069901210777
0.0167146041513733	1.00462456879851
0.0167201264844133	1.00616731270366
0.0167256524677032	1.00498374555642
0.0167311821048635	1.00544109576518
0.0167367153995193	1.00378180796812
0.0167422523553005	1.00592570031184
0.0167477929758421	1.00512331501194
0.0167533372647836	1.00405781245863
0.0167588852257695	1.00515288265569
0.0167644368624489	1.00288068960456
0.0167699921784761	1.00607021356426
0.01677555117751	1.00481982946883
0.0167811138632143	1.00550388206281
0.0167866802392577	1.0062984330453
0.0167922503093137	1.00549038343719
0.0167978240770608	1.00538467812049
0.0168034015461823	1.00474487723784
0.0168089827203662	1.00565160508894
0.0168145676033058	1.00660266003741
0.016820156198699	1.00559122420808
0.0168257485102487	1.00549033435108
0.0168313445416628	1.00676627851357
0.016836944296654	1.00694495068468
0.01684254777894	1.00694276663228
0.0168481549922436	1.00615732906796
0.0168537659402923	1.00653206716843
0.0168593806268188	1.00672629075945
0.0168649990555605	1.00615190562696
0.0168706212302602	1.00681260814416
0.0168762471546652	1.00693785387942
0.0168818768325282	1.00675662049832
0.0168875102676067	1.00697611009875
0.0168931474636633	1.00674664993965
0.0168987884244656	1.00634032963141
0.0169044331537862	1.00614904816651
0.0169100816554028	1.00611592210185
0.0169157339330981	1.00662837410675
0.0169213899906599	1.00457935912584
0.016927049831881	1.0066914462323
0.0169327134605594	1.00681630322637
0.0169383808804982	1.00628061814197
0.0169440520955053	1.00550191805988
0.016949727109394	1.00516157970276
0.0169554059259827	1.00576235174241
0.0169610885490947	1.0052020752679
0.0169667749825586	1.00613480309729
0.0169724652302082	1.00599827896989
0.0169781592958822	1.00687444052036
0.0169838571834248	1.00571512556116
0.0169895588966849	1.00639173013201
0.016995264439517	1.0049276304175
0.0170009738157806	1.0065689242997
0.0170066870293404	1.00651336000439
0.0170124040840662	1.00633675591755
0.0170181249838332	1.00496949672412
0.0170238497325217	1.00596861285631
0.0170295783340173	1.00630865405556
0.0170353107922106	1.00516077242667
0.0170410471109977	1.00723724854283
0.0170467872942798	1.00628458780255
0.0170525313459636	1.00642086974249
0.0170582792699607	1.00632142134972
0.0170640310701882	1.00687358135402
0.0170697867505685	1.00656811576545
0.0170755463150293	1.0063070604821
0.0170813097675033	1.00551732694144
0.017087077111929	1.00691951586604
0.0170928483522499	1.0067030970454
0.0170986234924148	1.00698276666029
0.0171044025363781	1.00565572735957
0.0171101854880993	1.00624586620308
0.0171159723515434	1.00646679960863
0.0171217631306806	1.00597629064972
0.0171275578294867	1.0062010794731
0.0171333564519428	1.00668220631788
0.0171391590020352	1.00582934238479
0.0171449654837559	1.00541827486467
0.0171507759011022	1.00495270824152
0.0171565902580768	1.00656080195545
0.0171624085586877	1.00635376007146
0.0171682308069485	1.00403281895367
0.0171740570068783	1.00501925507791
0.0171798871625016	1.00627219677996
0.0171857212778482	1.00476691144012
0.0171915593569536	1.0048893348807
0.0171974014038587	1.00385802237402
0.0172032474226099	1.00584293950014
0.0172090974172591	1.00439597237849
0.0172149513918637	1.00404397897908
0.0172208093504866	1.00513818084657
0.0172266712971964	1.00622253133912
0.0172325372360669	1.00536762584426
0.0172384071711778	1.00489941978652
0.0172442811066143	1.0055691409436
0.0172501590464669	1.00544056883759
0.0172560409948319	1.00593872853309
0.0172619269558113	1.00252140703364
0.0172678169335125	1.00640674021775
0.0172737109320484	1.00496025582113
0.0172796089555379	1.00576311370049
0.0172855110081053	1.00454256214915
0.0172914170938804	1.00639635571787
0.0172973272169989	1.0052774252477
0.017303241381602	1.00644248477764
0.0173091595918366	1.00373097007248
0.0173150818518554	1.00444319164247
0.0173210081658165	1.00512364171912
0.0173269385378841	1.00496690533728
0.0173328729722276	1.00574192869447
0.0173388114730226	1.00569462622457
0.0173447540444502	1.00655777416299
0.0173507006906971	1.00471044859008
0.0173566514159561	1.0053179932025
0.0173626062244253	1.00597967002474
0.017368565120309	1.00674593370835
0.017374528107817	1.00361514922164
0.017380495191165	1.00681102410461
0.0173864663745745	1.00558377403456
0.0173924416622726	1.00620956630506
0.0173984210584925	1.00329959906805
0.0174044045674731	1.00544260691395
0.0174103921934592	1.00497288328924
0.0174163839407011	1.0045694081413
0.0174223798134555	1.00437321063566
0.0174283798159846	1.00547643747718
0.0174343839525566	1.00562827964038
0.0174403922274455	1.00446927009848
0.0174464046449312	1.00377305686247
0.0174524212092997	1.00296304103471
0.0174584419248425	1.00432712378663
0.0174644667958576	1.00484875874009
0.0174704958266484	1.00277975612829
0.0174765290215245	1.00531398214492
0.0174825663848015	1.00395388706497
0.0174886079208008	1.00312828307972
0.0174946536338499	1.00355783943932
0.0175007035282823	1.00356755583094
0.0175067576084373	1.00490165726322
0.0175128158786604	1.00378406063825
0.0175188783433032	1.00350949585921
0.017524945006723	1.00473139689501
0.0175310158732835	1.00333110984657
0.0175370909473541	1.00098399803153
0.0175431702333106	1.00519392837716
0.0175492537355346	1.00196102119891
0.0175553414584139	1.00547932171803
0.0175614334063425	1.00346173904382
0.0175675295837203	1.0034947069736
0.0175736299949533	1.00286425831903
0.0175797346444538	1.00560586251593
0.0175858435366402	1.00420774157901
0.0175919566759369	1.00423304909914
0.0175980740667746	1.00516806791032
0.01760419571359	1.00457167372213
0.0176103216208263	1.00509616799523
0.0176164517929324	1.00321656653533
0.0176225862343639	1.00692357233699
0.0176287249495823	1.00476528759684
0.0176348679430553	1.00466741049993
0.0176410152192571	1.00472759504452
0.0176471667826678	1.00601676748688
0.017653322637774	1.00403205085856
0.0176594827890685	1.00584989892961
0.0176656472410503	1.00261645633283
0.0176718159982248	1.00554621046248
0.0176779890651035	1.0041647530626
0.0176841664462045	1.0046256959207
0.0176903481460519	1.00566190587321
0.0176965341691765	1.00329938175315
0.017702724520115	1.004007343971
0.0177089192034107	1.00398763138122
0.0177151182236134	1.00515762056404
0.017721321585279	1.00429953153721
0.0177275292929698	1.00382930136853
0.0177337413512548	1.00219839710144
0.017739957764709	1.00537880526643
0.0177461785379141	1.00423534342816
0.0177524036754581	1.00389184266137
0.0177586331819355	1.00355693947823
0.0177648670619472	1.00252731239236
0.0177711053201007	1.00287052060475
0.0177773479610097	1.00196267863929
0.0177835949892947	1.00388754778389
0.0177898464095825	1.00527073813993
0.0177961022265064	1.00365021213589
0.0178023624447063	1.0020284272053
0.0178086270688286	1.00105983631058
0.0178148961035264	1.0025319685689
0.0178211695534589	1.00465517611995
0.0178274474232925	1.00480035526911
0.0178337297176996	1.00336591368143
0.0178400164413596	1.00539448160785
0.0178463075989582	1.00248380349028
0.0178526031951879	1.00346672295181
0.0178589032347478	1.00535577568412
0.0178652077223437	1.00513530591761
0.0178715166626877	1.00580790114068
0.017877830060499	1.00494036660435
0.0178841479205032	1.00504197119613
0.0178904702474328	1.0039747742581
0.0178967970460267	1.00594013742141
0.0179031283210307	1.0041998322791
0.0179094640771974	1.00688099759771
0.0179158043192859	1.0042959788007
0.0179221490520621	1.00636259344724
0.0179284982802989	1.00440297186188
0.0179348520087756	1.00615949223282
0.0179412102422785	1.0064482642695
0.0179475729856007	1.00532403042735
0.017953940243542	1.00608939162429
0.0179603120209091	1.00605344928904
0.0179666883225154	1.00440123063625
0.0179730691531813	1.00354539924353
0.0179794545177339	1.00556376045392
0.0179858444210073	1.00399607543992
0.0179922388678424	1.00657484737098
0.0179986378630869	1.0030176360709
0.0180050414115957	1.00547532012915
0.0180114495182302	1.00293680267446
0.018017862187859	1.0031641965359
0.0180242794253575	1.00489749416568
0.0180307012356083	1.00447698613302
0.0180371276235006	1.00489819805442
0.0180435585939308	1.00486947599072
0.0180499941518023	1.00226420397034
0.0180564343020253	1.00146185708825
0.0180628790495173	1.00480168833512
0.0180693283992025	1.00413064247549
0.0180757823560123	1.00565302555935
0.0180822409248853	1.0054289965724
0.018088704110767	1.00453613675636
0.0180951719186098	1.00496392005844
0.0181016443533735	1.00424862007733
0.0181081214200248	1.00466210380198
0.0181146031235377	1.00534708997932
0.018121089468893	1.00389532611224
0.018127580461079	1.00483777325916
0.018134076105091	1.00587142783937
0.0181405764059314	1.00496534755387
0.0181470813686097	1.00441768051748
0.0181535909981429	1.00527927541117
0.018160105299555	1.0034180703629
0.0181666242778771	1.005584561599
0.0181731479381477	1.00381929369451
0.0181796762854126	1.00601459906971
0.0181862093247246	1.00451764837555
0.018192747061144	1.00597138295
0.0181992894997383	1.00389697683556
0.0182058366455823	1.00541999959352
0.018212388503758	1.00393618807281
0.0182189450793548	1.00647136843147
0.0182255063774696	1.00564704380173
0.0182320724032063	1.00657750279055
0.0182386431616765	1.00623299030838
0.0182452186579989	1.00578622950264
0.0182517988972997	1.00591262664642
0.0182583838847126	1.00680632640595
0.0182649736253785	1.00697840216433
0.0182715681244459	1.00628917907036
0.0182781673870706	1.00666138734184
0.0182847714184159	1.00707163539069
0.0182913802236528	1.00623861663208
0.0182979938079593	1.00646448114631
0.0183046121765213	1.00696809792101
0.018311235334532	1.00666303280968
0.0183178632871923	1.00688937025903
0.0183244960397103	1.00679000165209
0.0183311335973021	1.00651342746629
0.0183377759651909	1.00685479993321
0.0183444231486078	1.00519996454918
0.0183510751527914	1.00655847841782
0.0183577319829879	1.00559123329187
0.018364393644451	1.00413991240868
0.0183710601424422	1.00627304065199
0.0183777314822306	1.00607895272973
0.0183844076690928	1.00604600309427
0.0183910887083133	1.00630064239752
0.0183977746051841	1.00666531280891
0.0184044653650051	1.00507296788168
0.0184111609930837	1.0059944439899
0.0184178614947351	1.00465059256097
0.0184245668752823	1.0056678358813
0.018431277140056	1.00633881036826
0.0184379922943947	1.00498048062213
0.0184447123436446	1.00616199483527
0.0184514372931598	1.00644195348536
0.0184581671483022	1.00588969716901
0.0184649019144414	1.00606932291391
0.0184716415969551	1.0063565287319
0.0184783862012285	1.0051038910305
0.018485135732655	1.00680871112161
0.0184918901966358	1.00571994008178
0.0184986495985797	1.00561189915046
0.0185054139439038	1.00684257226998
0.018512183238033	1.00510136657348
0.0185189574864001	1.00613283197226
0.0185257366944458	1.00566148481815
0.0185325208676189	1.00592923177805
0.0185393100113761	1.00524826964307
0.0185461041311822	1.00647221555728
0.0185529032325098	1.00562660059868
0.0185597073208398	1.00651640131578
0.018566516401661	1.00529417839528
0.0185733304804702	1.0063699465245
0.0185801495627723	1.00605974952148
0.0185869736540804	1.00607333218107
0.0185938027599157	1.0061362512354
0.0186006368858074	1.00666176882038
0.0186074760372927	1.0050533631599
0.0186143202199174	1.00609806176764
0.018621169439235	1.00617674390668
0.0186280237008075	1.00569317261522
0.0186348830102048	1.00678956701282
0.0186417473730053	1.0062494270513
0.0186486167947955	1.00640489915037
0.01865549128117	1.0064636344816
0.0186623708377318	1.00626666478733
0.0186692554700922	1.00606264480042
0.0186761451838708	1.00661593721685
0.0186830399846952	1.00572897162666
0.0186899398782018	1.00681926937326
0.0186968448700349	1.00653500209321
0.0187037549658473	1.00569045749962
0.0187106701713003	1.00564934064094
0.0187175904920634	1.00645682274217
0.0187245159338145	1.00617255444941
0.0187314465022399	1.00601149883246
0.0187383822030345	1.00653862479039
0.0187453230419014	1.00664803365709
0.0187522690245523	1.0045556288197
0.0187592201567074	1.00647264085752
0.0187661764440952	1.00644331304557
0.0187731378924528	1.00617420079126
0.0187801045075259	1.00627099329685
0.0187870762950687	1.00482464768834
0.0187940532608438	1.00581822207386
0.0188010354106225	1.00609185911518
0.0188080227501847	1.00649639199302
0.0188150152853188	1.00649866425956
0.0188220130218219	1.00630118273399
0.0188290159654996	1.00495282732779
0.0188360241221663	1.00682610905006
0.018843037497645	1.00565872934258
0.0188500560977673	1.00634591651989
0.0188570799283736	1.0052797294967
0.018864108995313	1.00493130267948
0.0188711433044432	1.00587784113097
0.0188781828616308	1.00457242187897
0.0188852276727511	1.0031038765725
0.0188922777436881	1.00528193021455
0.0188993330803346	1.00331044200692
0.0189063936885924	1.00317506600776
0.0189134595743719	1.00344920887675
0.0189205307435924	1.00450335508683
0.018927607202182	1.0040184317326
0.0189346889560779	1.00251159452564
0.018941776011226	1.00242720482302
0.0189488683735811	1.00131902900186
0.0189559660491069	1.00229241785892
0.0189630690437762	1.0011962555041
0.0189701773635706	1.00522527150135
0.0189772910144808	0.999633108944933
0.0189844100025063	1.00507014227817
0.0189915343336558	1.00148524207955
0.0189986640139469	1.0042031000719
0.0190057990494063	1.00149446025203
0.0190129394460698	1.00531991553985
0.0190200852099821	1.00339257552299
0.0190272363471972	1.00370644855369
0.0190343928637781	1.00438942077068
0.0190415547657968	1.0040873323275
0.0190487220593348	1.00561516286866
0.0190558947504825	1.00213615191685
0.0190630728453394	1.00613618206429
0.0190702563500143	1.00382997454065
0.0190774452706254	1.0051610782312
0.0190846396132997	1.00255033136552
0.019091839384174	1.00610404251862
0.0190990445893938	1.00478700893237
0.0191062552351143	1.005416966393
0.0191134713274997	1.00226201998816
0.0191206928727238	1.00481648322345
0.0191279198769696	1.00389211301739
0.0191351523464293	1.00370912186145
0.0191423902873047	1.00545207340635
0.0191496337058068	1.0058254055371
0.0191568826081563	1.00487394972495
0.0191641370005829	1.00532491047337
0.0191713968893262	1.00590910179298
0.0191786622806348	1.00669014337422
0.0191859331807671	1.00509888108684
0.019193209595991	1.00485677579061
0.0192004915325836	1.00658971977673
0.0192077789968318	1.00681531457202
0.0192150719950321	1.00615696640214
0.0192223705334903	1.00665388603362
0.0192296746185221	1.00634968746481
0.0192369842564524	1.00644191648896
0.0192442994536162	1.00558693312927
0.0192516202163577	1.0055854314998
0.0192589465510312	1.00630324238521
0.0192662784640001	1.00479288302451
0.0192736159616381	1.00567787664935
0.0192809590503283	1.00363827706972
0.0192883077364634	1.00573802403045
0.0192956620264462	1.00339148651275
0.019303021926689	1.0053743036537
0.019310387443614	1.00052782377147
0.0193177585836532	1.00490357583689
0.0193251353532483	1.00203091048101
0.0193325177588511	1.00427964181681
0.0193399058069231	1.00107176599328
0.0193472995039356	1.00361246460166
0.0193546988563699	1.00328646456531
0.0193621038707172	1.00169930099715
0.0193695145534788	1.00379771666837
0.0193769309111656	1.00226220688064
0.0193843529502989	1.00518988309662
0.0193917806774095	0.99868086939752
0.0193992140990388	1.00478524322816
0.0194066532217376	1.00242949549742
0.0194140980520674	1.00585807380088
0.0194215485965992	1.00131512106128
0.0194290048619145	1.00448377102097
0.0194364668546047	1.00473746356831
0.0194439345812713	1.0045787263491
0.0194514080485261	1.0043329268544
0.0194588872629911	1.00324828734283
0.0194663722312982	1.00488500514423
0.0194738629600898	1.00306899748291
0.0194813594560184	1.00401888271033
0.0194888617257468	1.00233500608223
0.019496369775948	1.00453335065826
0.0195038836133054	1.0027313280968
0.0195114032445125	1.00410683973382
0.0195189286762734	1.00420336902362
0.0195264599153023	1.00491093056893
0.019533996968324	1.00460827899659
0.0195415398420734	1.004356849083
0.0195490885432961	1.00504227738029
0.0195566430787479	1.00552791770517
0.0195642034551952	1.00654017799922
0.0195717696794147	1.00468214023401
0.0195793417581939	1.00540772889107
0.0195869196983304	1.00654024838673
0.0195945035066327	1.00600962231855
0.0196020931899195	1.00622223345986
0.0196096887550204	1.00609635890951
0.0196172902087754	1.00677284813059
0.0196248975580351	1.00605752698764
0.0196325108096608	1.0067573649936
0.0196401299705244	1.00690188116936
0.0196477550475086	1.00665726662599
0.0196553860475066	1.00537011298207
0.0196630229774224	1.00575386156823
0.0196706658441709	1.00652562805954
0.0196783146546774	1.00609419057121
0.0196859694158782	1.00501192421042
0.0196936301347205	1.00528950593169
0.0197012968181621	1.00643934709029
0.0197089694731717	1.00584827207128
0.0197166481067289	1.00428812157198
0.0197243327258242	1.00465756101033
0.0197320233374589	1.00637616760681
0.0197397199486455	1.00430672412285
0.0197474225664069	1.00481363363006
0.0197551311977776	1.00358801812405
0.0197628458498027	1.00636913110162
0.0197705665295383	1.00549308643029
0.0197782932440518	1.00531555304952
0.0197860260004213	1.00695877789067
0.0197937648057364	1.00544617891449
0.0198015096670973	1.00490459527592
0.0198092605916158	1.00360257370561
0.0198170175864144	1.00640030445551
0.0198247806586271	1.00615617341349
0.0198325498153989	1.00700646394693
0.0198403250638861	1.00441741130209
0.0198481064112562	1.00524984972486
0.0198558938646879	1.00606369269477
0.0198636874313713	1.00559816810419
0.0198714871185075	1.00433069247423
0.0198792929333092	1.00574649543963
0.0198871048830005	1.00630537305489
0.0198949229748165	1.00402862434557
0.019902747216004	1.00467910429089
0.0199105776138211	1.00444923238029
0.0199184141755373	1.0059703347867
0.0199262569084336	1.00350424353873
0.0199341058198024	1.00548799973993
0.0199419609169476	1.00256833411267
0.0199498222071848	1.00412926723745
0.0199576896978409	1.00610991881432
0.0199655633962544	1.00196773594116
0.0199734433097756	1.00279753585308
0.0199813294457662	1.00604357169301
0.0199892218115995	1.00505607089925
0.0199971204146606	1.00309704228963
0.0200050252623462	1.00275057489684
0.0200129363620647	1.00578312407535
0.0200208537212363	1.00327947685553
0.0200287773472929	1.00503757676731
0.020036707247678	1.00528040101843
0.0200446434298472	1.00596904459767
0.0200525859012678	1.00226291164122
0.0200605346694187	1.00410539421374
0.0200684897417911	1.00468987591719
0.0200764511258877	1.00431912969733
0.0200844188292233	1.00646081733964
0.0200923928593246	1.00352605359389
0.0201003732237303	1.00545644538692
0.020108359929991	1.00511891077936
0.0201163529856694	1.00461805008927
0.0201243523983401	0.999497401410655
0.0201323581755899	1.0060231149886
0.0201403703250175	1.00399641573745
0.0201483888542339	1.00546029008838
0.0201564137708622	1.00363395797721
0.0201644450825374	1.00460504949361
0.0201724827969069	1.00579332832174
0.0201805269216304	1.00354005409858
0.0201885774643795	1.00474045696158
0.0201966344328384	1.00495953630965
0.0202046978347032	1.00578389055565
0.0202127676776826	1.00442421393363
0.0202208439694975	1.00595227938943
0.0202289267178812	1.00527588149477
0.0202370159305792	1.00646272133889
0.0202451116153496	1.00495380587011
0.0202532137799629	1.00639762423588
0.0202613224322018	1.0068185116364
0.0202694375798619	1.00656836355219
0.0202775592307508	1.00580488363076
0.020285687392689	1.00605112523126
0.0202938220735094	1.00703468115253
0.0203019632810574	1.00620686260528
0.0203101110231912	1.00496469722624
0.0203182653077813	1.00592874634892
0.0203264261427113	1.00596952812153
0.020334593535877	1.00487498985673
0.0203427674951872	1.00563928073898
0.0203509480285632	1.00586786308059
0.0203591351439393	1.00607635753878
0.0203673288492625	1.00467646876588
0.0203755291524924	1.00355232121114
0.0203837360616015	1.00603837861288
0.0203919495845755	1.00302823364587
0.0204001697294124	1.00491273289584
0.0204083965041236	1.00352337717347
0.0204166299167331	1.00530470486277
0.020424869975278	1.00472382045603
0.0204331166878084	1.00532395511062
0.0204413700623873	1.00054840007039
0.0204496301070909	1.00474195939434
0.0204578968300082	1.00555661337706
0.0204661702392416	0.998513241826736
0.0204744503429063	1.00568260568331
0.020482737149131	1.00146453849729
0.0204910306660571	1.00482501509448
0.0204993309018396	1.00215514691401
0.0205076378646466	1.00161802020351
0.0205159515626592	1.00215769010179
0.0205242720040723	1.00545788992559
0.0205325991970935	0.99923386353525
0.0205409331499441	1.0007764439683
0.0205492738708587	1.00423073889554
0.0205576213680853	1.00020416891817
0.0205659756498851	1.00345615846462
0.0205743367245329	0.997113675566531
0.0205827046003171	1.00411489140797
0.0205910792855392	1.00277652238221
0.0205994607885146	1.00071950310485
0.0206078491175721	0.998611966937322
0.0206162442810541	1.00291504693619
0.0206246462873164	1.00220181009664
0.0206330551447287	1.00362938630491
0.0206414708616743	1.00181693943032
0.0206498934465501	1.00252374688749
0.0206583229077666	1.00616728616541
0.0206667592537484	1.00092499146617
0.0206752024929335	1.00287371691807
0.0206836526337738	1.00501033107341
0.0206921096847353	1.00355313721411
0.0207005736542973	1.00490571965552
0.0207090445509536	1.00401979734675
0.0207175223832114	1.00471331177626
0.0207260071595921	1.00603569391198
0.0207344988886311	1.00308697794345
0.0207429975788776	1.00467039634985
0.0207515032388949	1.00559374054818
0.0207600158772604	1.00566128678798
0.0207685355025656	1.00617542077293
0.020777062123416	1.00589423606457
0.0207855957484313	1.00514921580389
0.0207941363862455	1.00706774426673
0.0208026840455065	1.0051821167126
0.0208112387348767	1.00653379716008
0.0208198004630326	1.00672128886078
0.020828369238665	1.00606458890947
0.0208369450704791	1.00660060832366
0.0208455279671944	1.0072233752075
0.0208541179375446	1.00701557971911
0.0208627149902782	1.00673655193385
0.0208713191341577	1.00449650863769
0.0208799303779604	1.00658826851932
0.0208885487304778	1.0051217820704
0.0208971742005161	1.0056538177421
0.0209058067968961	1.00596106911379
0.0209144465284531	1.00535088210573
0.0209230934040369	1.00586345435963
0.0209317474325121	1.00416811904407
0.0209404086227579	1.00417662035714
0.0209490769836683	1.00574164891765
0.0209577525241519	1.00481132488888
0.0209664352531322	1.00046756953925
0.0209751251795473	1.00487744254954
0.0209838223123503	1.00110931537773
0.0209925266605091	1.00548381126587
0.0210012382330064	1.0005075853523
0.0210099570388401	1.00122487370045
0.0210186830870226	1.00447512187298
0.0210274163865817	1.00360969465744
0.02103615694656	0.998888672681096
0.0210449047760151	1.00195873056335
0.0210536598840198	1.00140006469776
0.021062422279662	1.00287573301372
0.0210711919720446	1.00161119186104
0.0210799689702859	0.997240919609745
0.0210887532835191	1.00368884545281
0.0210975449208928	1.00178727857268
0.021106343891571	0.997272692073753
0.0211151502047327	1.00131152597796
0.0211239638695724	1.00345874039848
0.0211327848952999	1.00111297555869
0.0211416132911405	1.00191984666224
0.0211504490663348	0.99589692170121
0.0211592922301388	1.00404899868638
0.0211681427918242	1.00225837362348
0.0211770007606781	1.00097956868082
0.021185866146003	1.00253341963284
0.0211947389571173	1.00376668402811
0.0212036192033548	1.00400740610496
0.0212125068940649	1.00478489302052
0.021221402038613	1.00023357057433
0.0212303046463797	1.00204368568732
0.0212392147267619	1.00519212997677
0.021248132289172	1.00032864392859
0.0212570573430381	1.00303758758721
0.0212659898978043	1.00454467709595
0.0212749299629308	1.0051934997
0.0212838775478932	1.00526701011253
0.0212928326621834	1.00386833420781
0.0213017953153094	1.00510163797167
0.0213107655167948	1.00601112221294
0.0213197432761796	1.0023551178783
0.0213287286030197	1.00430317647626
0.0213377215068871	1.00529093698808
0.0213467219973703	1.00590346661752
0.0213557300840734	1.00698038220168
0.0213647457766172	1.005679476456
0.0213737690846386	1.00702372829875
0.0213828000177907	1.00657263158101
0.0213918385857429	1.00527818032191
0.0214008847981813	1.00654551372378
0.0214099386648079	1.00575135883003
0.0214190001953415	1.00652287541174
0.0214280693995171	1.00548770636266
0.0214371462870864	1.00642119214163
0.0214462308678176	1.00608363417908
0.0214553231514954	1.0045164871576
0.021464423147921	1.00502729080396
0.0214735308669124	1.00677363277693
0.0214826463183042	1.00159177836476
0.0214917695119479	1.00554507062652
0.0215009004577113	1.0063590747711
0.0215100391654795	1.00413278721081
0.021519185645154	1.00318435006755
0.0215283399066533	1.00231035038199
0.0215375019599128	1.00402435417287
0.021546671814885	1.00371434750422
0.0215558494815389	1.00243339584061
0.0215650349698609	1.00129922324806
0.0215742282898542	1.00560763556515
0.0215834294515393	1.00046700289041
0.0215926384649536	1.00479887007372
0.0216018553401516	1.00052462343619
0.0216110800872052	1.00275829155706
0.0216203127162033	1.00585022732642
0.0216295532372521	1.00286322375768
0.0216388016604752	1.00363435500394
0.0216480579960135	1.00297036657231
0.021657322254025	1.00471656406091
0.0216665944446853	1.00350004985959
0.0216758745781876	1.00363985513734
0.0216851626647423	0.99957910923794
0.0216944587145774	1.00608288172381
0.0217037627379385	1.0011241506422
0.0217130747450887	1.00122466377099
0.0217223947463086	1.00539350292734
0.0217317227518969	1.00377738624837
0.0217410587721695	1.0031757040338
0.0217504028174603	1.00309484017337
0.021759754898121	1.00186523289677
0.0217691150245209	1.00411707949946
0.0217784832070473	1.00491364661494
0.0217878594561055	1.00236624660154
0.0217972437821184	1.00562433297953
0.0218066361955272	1.00471909011047
0.0218160367067909	1.00454699793553
0.0218254453263866	1.00536716755242
0.0218348620648095	1.00415210220766
0.0218442869325729	1.00467747766942
0.0218537199402084	1.00593073472861
0.0218631610982654	1.00368319167029
0.021872610417312	1.00563728389333
0.0218820679079344	1.00566728543966
0.021891533580737	1.00593382429995
0.0219010074463427	1.00453504946594
0.0219104895153927	1.00476818475956
0.0219199797985468	1.00546279550438
0.021929478306483	1.00631435793317
0.0219389850498982	1.00570467574488
0.0219485000395074	1.00423633657722
0.0219580232860447	1.00656959747642
0.0219675548002623	1.00473121520004
0.0219770945929316	1.00652798713522
0.0219866426748423	1.00543865657419
0.0219961990568031	1.00573828797044
0.0220057637496414	1.00646678008861
0.0220153367642035	1.00603737105856
0.0220249181113546	1.00609227736834
0.0220345078019786	1.00460864033889
0.0220441058469788	1.007220682764
0.022053712257277	1.00465132721229
0.0220633270438144	1.00642837115811
0.0220729502175511	1.00528170948646
0.0220825817894666	1.00555719110801
0.0220922217705591	1.00629939398294
0.0221018701718466	1.00410818065877
0.0221115270043658	1.00506248549685
0.0221211922791731	1.00535706478564
0.022130866007344	1.00630481651383
0.0221405481999735	1.0052787974256
0.0221502388681761	1.0061980315802
0.0221599380230854	1.00504389637488
0.0221696456758551	1.00579767640659
0.0221793618376578	1.0062061578513
0.0221890865196863	1.0036873619824
0.0221988197331525	1.00648207255872
0.0222085614892885	1.00387784134455
0.0222183117993456	1.00531123586755
0.0222280706745954	1.00505603553148
0.0222378381263288	1.00450519403638
0.022247614165857	1.00449019758075
0.0222573988045107	1.0054672503032
0.0222671920536409	1.00439883177024
0.0222769939246183	1.0048015781617
0.0222868044288339	1.00547727156962
0.0222966235776985	1.00342392548632
0.0223064513826432	1.0037139315965
0.0223162878551192	1.00414427804585
0.0223261330065979	1.00052777234063
0.022335986848571	1.00400167544486
0.0223458493925505	1.00078835361749
0.0223557206500687	1.00273263473996
0.0223656006326782	1.00238935551764
0.0223754893519522	1.00292093267838
0.0223853868194843	1.004113532277
0.0223952930468887	1.00355870936461
0.0224052080457999	1.00433294962403
0.0224151318278734	1.00275892712605
0.0224250644047851	1.00583188939512
0.0224350057882316	1.0012544387998
0.0224449559899304	1.00673925992682
0.0224549150216197	1.00279787336056
0.0224648828950585	1.00511042853331
0.0224748596220269	1.00278829717863
0.0224848452143256	1.0022487619068
0.0224948396837766	1.00469909593737
0.0225048430422228	1.00275801810368
0.022514855301528	1.00431336542762
0.0225248764735775	1.00106250054272
0.0225349065702774	1.00496228635811
0.0225449456035553	0.999998483075684
0.0225549935853599	1.00447668575737
0.0225650505276612	0.99964459368174
0.0225751164424507	1.00287240307962
0.0225851913417411	1.0029227252962
0.0225952752375668	1.00370855074144
0.0226053681419835	1.00624320898458
0.0226154700670685	1.00294319866089
0.0226255810249208	1.00487320210363
0.0226357010276609	1.00436883685605
0.0226458300874311	1.00636480251932
0.0226559682163954	1.00403447960838
0.0226661154267396	1.00635949092573
0.0226762717306713	1.00508274662889
0.02268643714042	1.00601545592467
0.0226966116682373	1.00644541898302
0.0227067953263966	1.00655510529057
0.0227169881271934	1.00695746376862
0.0227271900829452	1.00641522537724
0.0227374012059918	1.00695774379015
0.0227476215086951	1.00664724232314
0.0227578510034392	1.00642659441394
0.0227680897026306	1.0066072105734
0.022778337618698	1.00702178299644
0.0227885947640925	1.00607724187615
0.0227988611512878	1.00617182459851
0.02280913679278	1.00599002878966
0.0228194217010875	1.00655210840018
0.0228297158887518	1.00606675257933
0.0228400193683365	1.00616775390739
0.0228503321524282	1.00600689955675
0.0228606542536363	1.00550983398802
0.0228709856845927	1.00635657557212
0.0228813264579524	1.00410057078176
0.0228916765863932	1.00631267824261
0.0229020360826159	1.00522717255269
0.0229124049593443	1.00624598652651
0.0229227832293251	1.00362785371521
0.0229331709053282	1.00630332885751
0.0229435680001469	1.00305656360491
0.0229539745265973	1.00411049753021
0.022964390497519	1.00432904347834
0.0229748159257748	1.00316427222336
0.0229852508242511	1.00552346855216
0.0229956952058575	1.00162933909532
0.0230061490835271	1.00580731985468
0.0230166124702165	1.00155407750812
0.0230270853789061	1.0054614951141
0.0230375678225997	1.00259590712836
0.0230480598143249	1.00559713092303
0.0230585613671329	1.00166580092653
0.023069072494099	1.0041386017441
0.023079593208322	1.00283179844065
0.0230901235229248	1.00180992818877
0.0231006634510543	1.00541005142606
0.0231112130058814	1.00227974573301
0.0231217722006008	1.00514696101423
0.0231323410484317	1.00254481699978
0.0231429195626174	1.00434472510256
0.0231535077564251	1.00163611009758
0.0231641056431468	1.00373913092687
0.0231747132360984	1.00039328256748
0.0231853305486206	1.00485895311742
0.0231959575940782	1.00286035531521
0.0232065943858607	1.00408342315226
0.0232172409373822	1.00446123017795
0.0232278972620813	1.00328015211312
0.0232385633734214	1.00520796841617
0.0232492392848906	1.0030431645061
0.0232599250100018	1.00494540611344
0.0232706205622927	1.00439617348503
0.0232813259553259	1.00410715573713
0.0232920412026892	1.00479504374229
0.0233027663179951	1.00342558071687
0.0233135013148815	1.00485586111292
0.0233242462070111	1.00423106475955
0.023335001008072	1.00569161852712
0.0233457657317777	1.0039898975133
0.0233565403918667	1.00593119791902
0.0233673250021031	1.00540645297908
0.0233781195762763	1.00587722091054
0.0233889241282012	1.00615213594989
0.0233997386717185	1.00450506730899
0.0234105632206942	1.00576794554838
0.02342139778902	1.0047298463923
0.0234322423906136	1.00580427663275
0.0234430970394181	1.0056612329388
0.0234539617494028	1.00638091559813
0.0234648365345628	1.00589102693898
0.0234757214089189	1.00611993314125
0.0234866163865183	1.0055939508471
0.0234975214814341	1.00491695493102
0.0235084367077657	1.00370105433006
0.0235193620796384	1.00600575086285
0.0235302976112042	1.00421514085738
0.023541243316641	1.00498929802104
0.0235521992101534	1.00522408264048
0.0235631653059724	1.00669786121758
0.0235741416183554	1.00655138257013
0.0235851281615864	1.00624127215449
0.0235961249499762	1.00637647851268
0.0236071319978621	1.00606378619003
0.0236181493196083	1.0056643381209
0.0236291769296058	1.00416891229972
0.0236402148422725	1.00648964205863
0.0236512630720531	1.00390746667958
0.0236623216334195	1.00592908539767
0.0236733905408707	1.0031778506333
0.0236844698089326	1.00373975667142
0.0236955594521586	1.00379346182693
0.0237066594851292	1.00390256152217
0.0237177699224523	1.002477328093
0.0237288907787632	1.00332613778964
0.0237400220687245	1.00232786872465
0.0237511638070265	1.00275558696378
0.0237623160083871	1.00121329192249
0.0237734786875518	0.998230461250432
0.0237846518592938	1.00347366432526
0.023795835538414	1.00150009658613
0.0238070297397415	0.999387536455991
0.0238182344781329	1.00278854486787
0.023829449768473	1.00115563153005
0.0238406756256746	1.00229552176218
0.0238519120646787	1.00190198729822
0.0238631591004543	1.00018603039364
0.0238744167479988	1.00224129067255
0.0238856850223378	1.00123575611604
0.0238969639385255	1.00097240985467
0.0239082535116442	1.00191470028986
0.023919553756805	1.00170047525327
0.0239308646891476	0.999724282349779
0.02394218632384	1.00403723676238
0.0239535186760794	0.998543621609565
0.0239648617610914	1.00363447700148
0.0239762155941306	1.00182730066478
0.0239875801904805	1.00183287762602
0.0239989555654537	1.00349235758647
0.0240103417343918	1.00335907491435
0.0240217387126653	1.00376451684671
0.0240331465156743	1.00433820533971
0.0240445651588479	1.00282868126454
0.0240559946576446	1.00070452117419
0.0240674350275523	1.00534811173089
0.0240788862840884	1.00128065707561
0.0240903484427998	1.00619881281331
0.0241018215192631	1.00377515589045
0.0241133055290844	1.00504811780735
0.0241248004878999	1.00522132521252
0.0241363064113753	1.00465263785929
0.0241478233152063	1.00426789947926
0.0241593512151186	1.0055435731271
0.0241708901268681	1.0058725252691
0.0241824400662405	1.00439927699988
0.0241940010490518	1.00705840743095
0.0242055730911484	1.00633503174169
0.0242171562084069	1.00649806232414
0.0242287504167344	1.00619443537332
0.0242403557320683	1.00539965647107
0.0242519721703768	1.00607378800182
0.0242635997476585	1.00691659054776
0.0242752384799427	1.00673783546864
0.0242868883832897	1.00532607475926
0.0242985494737905	1.00646039170909
0.0243102217675669	1.00474538609341
0.024321905280772	1.00511262496971
0.0243336000295896	1.00574783651671
0.0243453060302348	1.00219294488924
0.0243570232989541	1.00533755325949
0.024368751852025	1.005738797003
0.0243804917057566	1.00379974815372
0.0243922428764893	1.00371206971843
0.024404005380595	1.00364371930033
0.0244157792344773	1.00320313599639
0.0244275644545715	1.00573218831359
0.0244393610573444	0.997351888829631
0.0244511690592949	1.00086683700722
0.0244629884769538	1.00408047271135
0.0244748193268836	1.00075857371948
0.0244866616256791	0.999829271454339
0.0244985153899672	1.00145047559735
0.024510380636407	0.999531352438976
0.0245222573816898	1.00283465735025
0.0245341456425393	0.998954547879084
0.0245460454357118	0.996453284326208
0.0245579567779959	1.00347392833196
0.024569879686213	0.99835352323746
0.024581814177217	1.00106616415614
0.0245937602678948	1.00028243398047
0.0246057179751658	1.00130420387636
0.0246176873159826	1.00095982763943
0.0246296683073308	1.00325800785011
0.024641660966229	0.996791150663337
0.0246536653097288	1.0048536961648
0.0246656813549153	1.00057904112391
0.0246777091189069	1.00147435591028
0.0246897486188553	1.00484379674047
0.0247017998719457	1.00279215522218
0.0247138628953969	1.00425628212793
0.0247259377064614	1.00303822973628
0.0247380243224254	1.00312828914937
0.0247501227606087	1.00494302017815
0.0247622330383655	1.00471596649577
0.0247743551730834	1.00027979346215
0.0247864891821845	1.0064380453053
0.0247986350831249	1.00349920473996
0.0248107928933948	1.00506158599243
0.024822962630519	1.00457664276492
0.0248351443120564	1.00439825970653
0.0248473379556006	1.00671938411459
0.0248595435787797	1.00679168876544
0.0248717611992565	1.00535111041666
0.0248839908347283	1.00500205469865
0.0248962325029276	1.00686404673084
0.0249084862216216	1.00555323334353
0.0249207520086124	1.00635185046834
0.0249330298817375	1.00529315255781
0.0249453198588692	1.00350477869786
0.0249576219579153	1.00601443506839
0.0249699361968189	1.00567739486929
0.0249822625935584	1.00614971065865
0.0249946011661479	1.00475725974158
0.0250069519326371	1.00604778856234
0.0250193149111112	1.00409647136594
0.0250316901196913	1.00601003804014
0.0250440775765345	1.00386132446246
0.0250564772998336	1.00251149972077
0.0250688893078177	1.00560209216117
0.0250813136187518	1.0034084037734
0.0250937502509373	1.0039345237534
0.0251061992227119	1.00525483739151
0.0251186605524496	1.00397655093615
0.025131134258561	1.00403682436527
0.0251436203594932	1.00509669789938
0.0251561188737302	1.00087981730954
0.0251686298197924	1.00602598581132
0.0251811532162374	1.00391654460725
0.0251936890816596	1.00200567269382
0.0252062374346904	1.00513834170803
0.0252187982939985	1.00351327594563
0.0252313716782897	1.00348347035963
0.0252439576063071	1.00578180071269
0.0252565560968314	1.00197969213868
0.0252691671686806	1.00565053956603
0.0252817908407103	1.00526976560438
0.0252944271318141	1.00230994669312
0.025307076060923	1.00439731581432
0.0253197376470062	1.0038113696922
0.0253324119090706	1.00456115751234
0.0253450988661614	1.00555233953291
0.025357798537362	1.0032453126618
0.0253705109417937	1.00194601109564
0.0253832360986167	1.00673424508647
0.0253959740270292	1.00030638005969
0.0254087247462682	1.00481044907267
0.0254214882756094	1.00251146593553
0.025434264634367	1.00466407327966
0.0254470538418942	1.00570726966988
0.0254598559175832	1.00465798747698
0.0254726708808651	1.00510660472761
0.0254854987512103	1.00560546759924
0.0254983395481284	1.00439110866331
0.0255111932911682	1.00335194235905
0.0255240599999181	1.00606400464421
0.0255369396940059	1.00366981886737
0.0255498323930993	1.00428372417708
0.0255627381169053	1.00510456393581
0.0255756568851712	1.00317499977947
0.0255885887176839	1.00609570338562
0.0256015336342706	1.00472328202926
0.0256144916547984	1.00636955891364
0.0256274627991747	1.00507475313049
0.0256404470873475	1.00563048351084
0.0256534445393049	1.00545786836823
0.0256664551750758	1.00583064054974
0.0256794790147295	1.00260552655408
0.0256925160783763	1.00262887887657
0.0257055663861673	1.0064843106879
0.0257186299582944	1.00464978161192
0.0257317068149908	1.00627021782561
0.0257447969765308	1.00640203863069
0.0257579004632298	1.00510730902337
0.0257710172954449	1.00631913180192
0.0257841474935743	1.00633601902496
0.0257972910780582	1.00350149114564
0.0258104480693782	1.00431878373499
0.0258236184880578	1.00306047378039
0.0258368023546625	1.00264875996335
0.0258499996897997	1.00554742820762
0.025863210514119	1.00444289063555
0.0258764348483121	1.00542321773071
0.0258896727131131	1.00591378241919
0.0259029241292988	1.00394503632413
0.0259161891176882	1.00512361022526
0.0259294676991432	1.00539942192261
0.0259427598945683	1.00479048315844
0.0259560657249111	1.00464246471911
0.025969385211162	1.00542177865707
0.0259827183743545	1.00552650251642
0.0259960652355656	1.00705649021306
0.0260094258159154	1.00450492308917
0.0260228001365674	1.00487913858056
0.0260361882187287	1.00592182215057
0.0260495900836501	1.00408933966154
0.0260630057526263	1.00641943807723
0.0260764352469957	1.00565459263805
0.0260898785881407	1.00600025268666
0.0261033357974879	1.00681756355883
0.0261168068965082	1.00588641987582
0.0261302919067166	1.00544570600141
0.0261437908496729	1.00592915324116
0.0261573037469811	1.00460593519222
0.0261708306202902	1.0048102957711
0.0261843714912939	1.004751679009
0.0261979263817307	1.00497101100349
0.0262114953133843	1.00647049488947
0.0262250783080835	1.00247102385773
0.0262386753877023	1.00342234951612
0.0262522865741603	1.00632965052728
0.0262659118894223	1.00675005959467
0.0262795513554989	1.00535794769373
0.0262932049944465	1.00514791016017
0.0263068728283673	1.00581914744018
0.0263205548794094	1.00412592054089
0.0263342511697671	1.00417323163514
0.0263479617216809	1.00492502813971
0.0263616865574376	1.00206846330295
0.0263754256993704	1.00602796127531
0.0263891791698594	1.00240277252527
0.026402946991331	1.00538077859181
0.0264167291862587	1.00492809492601
0.0264305257771628	1.00626594304458
0.0264443367866108	1.00451762378572
0.0264581622372172	1.00613911700122
0.026472002151644	1.00353689085896
0.0264858565526005	1.0050864278455
0.0264997254628438	1.00553711409282
0.0265136089051785	1.0024688166414
0.0265275069024569	1.00644187709682
0.0265414194775796	1.00209957054078
0.0265553466534948	1.00579481148945
0.0265692884531994	1.0040362982949
0.0265832448997383	1.00331315704211
0.0265972160162048	1.00481537095496
0.026611201825741	1.00404178925002
0.0266252023515375	1.00274223370476
0.0266392176168339	1.00413446895613
0.0266532476449187	1.00546679587763
0.0266672924591293	1.00259167449313
0.0266813520828527	1.00588980026421
0.0266954265395249	1.00006968507077
0.0267095158526315	1.00251722990958
0.0267236200457077	1.00410060241295
0.0267377391423385	1.00142102813063
0.0267518731661587	1.00603930339145
0.0267660221408531	1.00043660371182
0.0267801860901567	1.0058820505312
0.0267943650378547	1.00458447730854
0.0268085590077827	1.0043276038978
0.0268227680238268	1.00376073690968
0.0268369921099239	1.00681517740069
0.0268512312900616	1.00183415343448
0.0268654855882785	1.00448680171303
0.0268797550286642	1.00471625244565
0.0268940396353594	1.00334542303593
0.0269083394325565	1.00644096043507
0.0269226544444991	1.00323213530997
0.0269369846954824	1.00618192107212
0.0269513302098534	1.00648091928607
0.0269656910120112	1.00576799041351
0.0269800671264066	1.00542367648727
0.0269944585775428	1.00657057036142
0.0270088653899752	1.00526617772929
0.0270232875883117	1.00496743828011
0.0270377251972127	1.00493794661946
0.0270521782413916	1.00444024122248
0.0270666467456142	1.00201048271844
0.0270811307346998	1.00510975920461
0.0270956302335205	1.00613641519353
0.027110145267002	1.0049258179246
0.027124675860123	1.00495675314823
0.0271392220379163	1.00649034889736
0.0271537838254681	1.00543224583278
0.0271683612479184	1.00665056100304
0.0271829543304616	1.00539097341161
0.0271975630983459	1.00245158645793
0.027212187576874	1.00574117841307
0.0272268277914028	0.99922264043014
0.0272414837673442	1.00534728125225
0.0272561555301645	1.00203303081879
0.027270843105385	1.00349648911541
0.0272855465185821	1.00357469064455
0.0273002657953873	0.999301944968282
0.0273150009614876	1.00295022614569
0.0273297520426252	1.00196566247182
0.0273445190645982	1.00389485682078
0.0273593020532604	0.998591616874062
0.0273741010345215	1.00292560281114
0.0273889160343474	0.996724046868178
0.0274037470787601	1.00265486422824
0.027418594193838	0.996843834277942
0.0274334574057162	0.99865789456208
0.0274483367405864	1.00369620657526
0.0274632322246971	0.997313125609087
0.0274781438843539	1.00422173939151
0.0274930717459195	0.99837612574582
0.0275080158358141	1.00376811276235
0.027522976180515	1.00058858263938
0.0275379528065575	1.00200630457284
0.0275529457405345	0.998376868178674
0.0275679550090969	1.00533257278484
0.0275829806389537	1.00035380033676
0.0275980226568722	1.00073188437595
0.0276130810896779	1.00453090657403
0.0276281559642553	0.999466684212825
0.0276432473075472	1.00574511097873
0.0276583551465556	1.00040285692817
0.0276734795083414	1.00467821515059
0.0276886204200248	1.00491125873579
0.0277037779087853	1.0061409478193
0.0277189520018622	1.00383693803483
0.0277341427265541	1.00574230240669
0.0277493501102199	1.00316253503706
0.0277645741802782	1.00332853081075
0.0277798149642079	1.00350362517172
0.0277950724895485	1.00308606672894
0.0278103467838997	1.00622628910592
0.0278256378749221	1.00460679410061
0.0278409457903371	1.00557059075082
0.0278562705579271	1.00381491252344
0.0278716122055359	1.00525041817781
0.0278869707610683	1.00538575818439
0.0279023462524911	1.00593205938923
0.0279177387078325	1.00547401106088
0.0279331481551826	1.00580586751537
0.0279485746226937	1.00416965280595
0.0279640181385802	1.00587119844874
0.0279794787311189	1.00537533760431
0.0279949564286492	1.0054667681467
0.0280104512595734	1.00530251831759
0.0280259632523564	1.00210337885058
0.0280414924355264	1.00638517586038
0.0280570388376749	1.00275599955584
0.0280726024874566	1.00487532620812
0.0280881834135901	1.00357040344286
0.0281037816448575	1.00487566024802
0.0281193972101053	0.99922896320462
0.0281350301382437	1.00150657003297
0.0281506804582474	1.00233494719543
0.0281663481991558	1.0022271108132
0.0281820333900726	1.00119788511032
0.0281977360601666	0.996682951394323
0.0282134562386717	1.00563765492737
0.0282291939548869	0.999259494732662
0.0282449492381766	1.00360848389456
0.028260722117971	0.999050162482411
0.0282765126237657	1.00258019550216
0.0282923207851226	1.00107035395419
0.0283081466316696	1.00380535521694
0.028323990193101	0.998530955665962
0.0283398514991775	1.00198637205971
0.0283557305797266	1.00217173132747
0.0283716274646427	0.997801880687372
0.0283875421838871	1.00558245631952
0.0284034747674885	0.99794132920625
0.0284194252455432	1.00494178912114
0.0284353936482149	0.999950707730209
0.0284513800057352	1.00464693368486
0.0284673843484037	1.00330726955799
0.0284834067065884	1.00611864180189
0.0284994471107254	1.0027782043474
0.0285155055913197	1.00429603915894
0.0285315821789449	1.00454913470126
0.0285476769042436	1.00506832008213
0.0285637897979277	1.00557431052546
0.0285799208907783	1.00330724598725
0.0285960702136463	1.00621611942832
0.0286122377974522	1.00542521986154
0.0286284236731864	1.00610106167797
0.0286446278719097	1.00476758119954
0.0286608504247531	1.00634436801498
0.0286770913629182	1.00477210334263
0.0286933507176774	1.00500390337372
0.028709628520374	1.00432308354419
0.0287259248024224	1.00612009157724
0.0287422395953086	1.0055975496501
0.0287585729305899	1.00586589375409
0.0287749248398956	1.00620006942018
0.0287912953549269	1.00621475191615
0.028807684507457	1.00547873096032
0.0288240923293319	1.00567119492731
0.0288405188524697	1.00646078460788
0.0288569641088616	1.00486927208501
0.0288734281305719	1.00434319870995
0.0288899109497378	1.00469903914318
0.0289064125985702	1.00519927426624
0.0289229331093534	1.00548038973357
0.0289394725144459	1.0005379889322
0.0289560308462798	1.00412702785331
0.0289726081373619	1.00304791237574
0.0289892044202732	1.00590752846231
0.0290058197276694	0.998947434601564
0.0290224540922814	1.00496185080728
0.0290391075469149	1.00053023472848
0.029055780124451	1.00407151013846
0.0290724718578465	1.00162396866922
0.0290891827801339	1.00334980293167
0.0291059129244217	1.00217164118827
0.0291226623238945	1.00358709522741
0.0291394310118136	1.0026259658052
0.0291562190215166	1.00198978915659
0.0291730263864182	1.00495159897146
0.0291898531400101	1.00043535429329
0.0292066993158615	1.00612387798044
0.0292235649476189	0.998824243511912
0.0292404500690067	1.00546462682551
0.0292573547138272	1.00104745910627
0.029274278915961	1.00432254652153
0.029291222709367	1.00173272336058
0.029308186128083	1.00491097729634
0.0293251692062256	1.00306710040178
0.0293421719779903	1.00231078877438
0.0293591944776522	1.00233511524953
0.029376236739566	1.00392027708547
0.029393298798166	1.00246245422493
0.0294103806879668	1.0006529523054
0.0294274824435632	1.00352015551796
0.0294446040996303	1.00376186227822
0.0294617456909243	1.00446074621883
0.0294789072522821	1.00272737415544
0.0294960888186219	1.00550850999377
0.0295132904249434	1.00495454956031
0.0295305121063279	1.00405837714523
0.0295477538979389	1.00420610405754
0.0295650158350217	1.00515686042181
0.0295822979529042	1.0051237106598
0.0295996002869969	1.00594845677584
0.0296169228727933	1.00539762666852
0.0296342657458699	1.00653647356963
0.0296516289418867	1.00576262659142
0.0296690124965872	1.00484430003362
0.0296864164457989	1.00553605840853
0.0297038408254333	1.00604238928659
0.0297212856714862	1.0045237406894
0.0297387510200383	1.00609035897798
0.0297562369072549	1.00411928690041
0.0297737433693865	1.00625211991323
0.0297912704427689	1.00447043363545
0.0298088181638237	1.00416401607005
0.029826386569058	1.0013872194587
0.0298439756950653	1.00458585688979
0.0298615855785256	1.0008749825416
0.0298792162562051	1.00391803598605
0.0298968677649571	1.00304506830527
0.0299145401417223	1.00526874021743
0.0299322334235283	1.00232580711516
0.0299499476474906	1.00024818382832
0.0299676828508128	1.00411048492034
0.0299854390707864	1.00359451451722
0.0300032163447913	1.00306167700645
0.0300210147102963	1.00197962234524
0.0300388342048592	1.00541052855248
0.0300566748661267	1.00314025599627
0.0300745367318353	1.00548714597833
0.0300924198398111	1.00089308468391
0.0301103242279704	1.0060097926421
0.0301282499343195	1.00173804847358
0.0301461969969555	1.00380391970911
0.0301641654540663	1.00324468226446
0.0301821553439308	1.00429705110626
0.0302001667049193	1.00385063260875
0.0302181995754938	1.00237791905779
0.0302362539942082	1.00215805563538
0.0302543299997086	1.00289089703628
0.0302724276307336	1.00280654349762
0.0302905469261144	0.99976029502911
0.0303086879247753	1.00437834677415
0.0303268506657341	1.00155513144813
0.0303450351881019	1.00479787868841
0.0303632415310837	1.00117926051212
0.0303814697339789	1.00397305436126
0.0303997198361811	1.00367747216376
0.0304179918771785	1.00372501341455
0.0304362858965546	1.0024416082628
0.0304546019339881	1.00559059110737
0.0304729400292531	1.00487751657809
0.0304913002222196	1.00543386932007
0.030509682552854	1.00432068576348
0.0305280870612188	1.00289428745256
0.0305465137874735	1.00524156081552
0.0305649627718744	1.00401590338237
0.0305834340547752	1.00496290121988
0.0306019276766272	1.00576557535329
0.0306204436779797	1.00622540343497
0.0306389820994801	1.00499700311637
0.0306575429818743	1.00565896737427
0.0306761263660069	1.00428919494031
0.0306947322928219	1.00520574166221
0.0307133608033623	1.00311365145675
0.030732011938771	1.00550013028706
0.030750685740291	1.00593420413889
0.0307693822492655	1.00474913507019
0.0307881015071381	1.00501925479291
0.0308068435554538	1.00454428393077
0.0308256084358583	1.00469111621552
0.0308443961900992	1.00478536325538
0.0308632068600257	1.00346050919736
0.0308820404875893	1.00524012200093
0.030900897114844	1.00540933330532
0.0309197767839464	1.00437900872737
0.0309386795371563	1.00407140655337
0.0309576054168369	1.00509343256964
0.0309765544654552	1.00434071759027
0.0309955267255819	1.00532031736426
0.0310145222398926	1.00148802711634
0.0310335410511671	1.00547011926478
0.0310525832022904	1.00491666237354
0.0310716487362529	1.00302021347993
0.0310907376961504	1.00470819226678
0.031109850125185	1.00297949174199
0.0311289860666648	1.00526118887873
0.0311481455640046	1.00367516814324
0.0311673286607264	1.00279442913616
0.031186535400459	1.00377350018353
0.0312057658269392	1.00547987795595
0.0312250199840117	1.00057710494397
0.0312442979156293	1.00550906632911
0.0312635996658536	1.00295196515868
0.0312829252788549	1.00676607485893
0.0313022747989131	1.00411165253971
0.0313216482704175	1.00268856732876
0.0313410457378674	1.00561712693553
0.0313604672458725	1.00642957177146
0.031379912839153	1.00350099749031
0.0313993825625402	1.00438631101548
0.0314188764609767	1.00564494437778
0.0314383945795167	1.00343357349909
0.0314579369633265	1.00595092300396
0.0314775036576848	1.00062565533143
0.0314970947079831	1.00639217357706
0.0315167101597256	1.00439419664549
0.0315363500585304	1.00472322715178
0.0315560144501291	1.00496152866617
0.0315757033803674	1.00645635873964
0.0315954168952058	1.0044116881755
0.0316151550407192	1.00678714643321
0.0316349178630982	1.00340773141024
0.0316547054086485	1.00501168182081
0.0316745177237921	1.00402214306935
0.031694354855067	1.00405748131164
0.0317142168491281	1.00608312709014
0.0317341037527471	1.00423718516539
0.0317540156128133	1.0059476858435
0.0317739524763337	1.00522824846054
0.0317939143904333	1.0059019455602
0.0318139014023557	1.00543274472506
0.0318339135594634	1.00441225247003
0.0318539509092381	1.00417915926168
0.0318740134992811	1.00581902744035
0.0318941013773138	1.00407678906771
0.0319142145911778	1.00510913070215
0.0319343531888357	1.00236877637134
0.031954517218371	1.00166859227443
0.0319747067279888	1.0027665237677
0.0319949217660162	1.00165926887651
0.0320151623809025	1.00263788216147
0.0320354286212197	1.00408314091791
0.0320557205356628	1.0040163498525
0.0320760381730504	1.00561810309199
0.0320963815823249	1.00500650508135
0.0321167508125527	1.0050019837725
0.0321371459129253	1.00663489833705
0.0321575669327587	1.00472428635363
0.0321780139214949	1.00401863686658
0.0321984869287012	1.00617746261722
0.0322189860040714	1.00367277384837
0.032239511197426	1.0057548170574
0.0322600625587122	1.00424393072038
0.0322806401380051	1.00428962287176
0.0323012439855073	1.00487691080963
0.0323218741515497	1.00461672205411
0.032342530686592	1.00475856469111
0.0323632136412229	1.00484951140172
0.0323839230661606	1.00180873902749
0.0324046590122531	1.00346951128102
0.0324254215304788	1.00467694776033
0.032446210671947	1.00100053357116
0.0324670264878978	1.00149180683606
0.0324878690297032	1.00108026523865
0.0325087383488671	1.00488783347386
0.0325296344970257	1.00267335306088
0.0325505575259482	1.00291344137741
0.0325715074875371	1.0038532608342
0.0325924844338284	1.00530653763319
0.0326134884169924	1.0032725525193
0.032634519489334	1.00599353609441
0.032655577703293	1.00422595559629
0.0326766631114447	1.00606303330535
0.0326977757665002	1.00431466081447
0.0327189157213071	1.00404369742455
0.0327400830288495	1.00699005627273
0.0327612777422489	1.00569902856557
0.0327824999147644	1.00665595971039
0.0328037495997932	1.00454878553328
0.0328250268508709	1.00617687188846
0.0328463317216723	1.00648438048584
0.0328676642660114	1.00410120328323
0.0328890245378424	1.00091016726308
0.0329104125912595	1.00477741823429
0.032931828480498	1.00341258986736
0.0329532722599344	1.00329720148673
0.0329747439840867	1.00302758473711
0.0329962437076153	1.00337775816681
0.0330177714853232	1.00496833922681
0.0330393273721566	1.00239630363215
0.0330609114232051	1.00421100924268
0.0330825236937024	1.00591803010383
0.0331041642390269	1.00513215119109
0.0331258331147018	1.0040214185039
0.0331475303763958	1.00542991570978
0.0331692560799236	1.00444649008249
0.0331910102812463	1.00605156260688
0.0332127930364719	1.00439174598587
0.0332346044018558	1.00404013569062
0.0332564444338013	1.00683023065916
0.03327831318886	1.0045787215333
0.0333002107237324	1.006886448981
0.0333221370952683	1.00593206672189
0.0333440923604673	1.00667937429806
0.0333660765764793	1.0065859142293
0.0333880898006053	1.00528309876292
0.0334101320902972	1.00464035771382
0.033432203503159	1.00603622747638
0.0334543040969469	1.00275876461927
0.0334764339295699	1.00464377617198
0.0334985930590905	1.00398454977269
0.0335207815437248	1.00374826063684
0.0335429994418434	1.00485626541003
0.0335652468119718	1.00258120549594
0.0335875237127907	1.00587807349691
0.0336098302031368	1.00574203140119
0.0336321663420031	1.0058696169402
0.0336545321885397	1.00351065238464
0.0336769278020541	1.00668820252271
0.0336993532420115	1.00400644821829
0.0337218085680361	1.00688944719196
0.0337442938399106	1.00267820947189
0.0337668091175777	1.00517545340704
0.0337893544611398	1.00437116188187
0.0338119299308603	1.00294731000038
0.0338345355871635	1.00544829515281
0.0338571714906354	1.00388735035493
0.0338798377020244	1.00455442598741
0.0339025342822416	1.00286647732728
0.0339252612923614	1.00423467297795
0.0339480187936222	1.00399230037499
0.0339708068474266	1.00494126335602
0.0339936255153423	1.00054343757705
0.0340164748591027	1.00510774492755
0.0340393549406071	1.00161666170582
0.0340622658219214	1.00386982223529
0.0340852075652789	1.00462873352542
0.0341081802330806	1.00169455753635
0.0341311838878958	1.00648425355716
0.0341542185924626	1.00298067398978
0.0341772844096889	1.00356626692671
0.0342003814026524	1.00428517298656
0.0342235096346014	1.00567747113022
0.0342466691689556	1.00222768512514
0.0342698600693063	1.00577077390471
0.0342930823994174	1.00325750495487
0.0343163362232254	1.00433888348117
0.0343396216048406	1.0033553527737
0.0343629386085474	1.00103639509198
0.0343862872988048	1.0059688144691
0.0344096677402473	1.00453666731074
0.0344330799976851	1.00482701526203
0.034456524136105	1.003775633883
0.034480000220671	1.00495531228066
0.0345035083167246	1.00460225789647
0.0345270484897859	1.00467652048512
0.0345506208055536	1.00194522844598
0.0345742253299062	1.00529913547602
0.0345978621289023	1.00359004898889
0.0346215312687812	1.00190577118051
0.0346452328159635	1.0046720347781
0.0346689668370521	1.00356988349006
0.0346927333988322	1.00571709205348
0.0347165325682725	1.00255273784779
0.0347403644125255	1.00506606065062
0.0347642289989282	1.00406432123236
0.0347881263950028	1.00552280528082
0.0348120566684573	1.00054836930538
0.034836019887186	1.00358775289139
0.0348600161192704	1.00191237021453
0.0348840454329797	1.0030610239871
0.0349081078967715	0.999766136982948
0.0349322035792923	1.00089724697847
0.0349563325493783	1.0038128275946
0.0349804948760561	1.00069163306627
0.0350046906285432	1.00248550353533
0.0350289198762488	1.0000434209994
0.0350531826887744	1.00410254043559
0.0350774791359144	0.999926445590308
0.0351018092876569	1.0007623124105
0.0351261732141843	0.999237759675123
0.0351505709858741	1.00363752492347
0.0351750026732992	0.995744888852991
0.0351994683472291	0.998949465773208
0.0352239680786302	1.00272557983806
0.0352485019386666	1.00035909816421
0.0352730699987009	1.00260049381527
0.0352976723302948	0.997368446863786
0.0353223090052097	1.00199034055729
0.0353469800954076	1.00296243572835
0.0353716856730514	1.0002030703028
0.0353964258105063	0.999263346646478
0.0354212005803399	1.00221551693074
0.0354460100553231	1.00154970433102
0.0354708543084308	1.00129628677043
0.0354957334128428	1.00042290154233
0.035520647441944	0.997870953976869
0.035545596469326	1.0039667328616
0.0355705805687868	0.998520702592
0.0355955998143323	0.999113369778707
0.0356206542801768	1.0020290368593
0.0356457440407435	1.00309976617973
0.0356708691706656	1.00028505380739
0.0356960297447867	1.00163258649468
0.0357212258381618	1.00195728626867
0.0357464575260582	1.00359534278515
0.0357717248839555	1.00175491825726
0.0357970279875474	1.001694284747
0.0358223669127414	1.00638611800885
0.0358477417356606	1.00290930950484
0.0358731525326436	1.00583481787914
0.0358985993802456	1.00246057371385
0.0359240823552393	1.00659876958485
0.0359496015346156	1.00390878479032
0.0359751569955841	1.00517257461158
0.0360007488155744	1.00199476582175
0.0360263770722362	1.00471815576701
0.0360520418434408	1.00295370524525
0.0360777432072815	1.00227090356854
0.0361034812420743	1.00388676695763
0.0361292560263589	1.00418798482066
0.0361550676388995	1.00459520714664
0.0361809161586856	1.00174221747308
0.0362068016649326	1.00491617200779
0.0362327242370828	1.00362415032528
0.0362586839548062	1.00509232335872
0.0362846808980013	1.00145121042494
0.036310715146796	1.00472606362906
0.0363367867815481	1.00406609026808
0.0363628958828465	1.0046135439668
0.0363890425315119	1.00305176631367
0.0364152268085977	1.00529899306191
0.0364414487953905	1.00453402424044
0.0364677085734114	1.00220465728557
0.0364940062244167	1.00496337240711
0.0365203418303985	1.00287400124286
0.036546715473586	1.00614945966739
0.0365731272364457	1.00089640862877
0.0365995772016832	1.00389651015689
0.036626065452243	1.00258015539564
0.0366525920713103	1.0044311120581
0.0366791571423112	1.00014347502864
0.036705760748914	1.0014516955342
0.0367324029750298	1.00441838855262
0.0367590839048136	1.00106970644593
0.036785803622665	1.00246515845152
0.0368125622132292	0.999340470550784
0.0368393597613979	1.00423753193587
0.0368661963523101	1.00201095240555
0.0368930720713532	1.00215222619258
0.0369199870041636	1.00176680124767
0.0369469412366279	1.00417595539071
0.0369739348548837	1.00322305085141
0.0370009679453205	1.00144564305791
0.0370280405945805	1.00259528395956
0.0370551528895599	1.00175517930326
0.0370823049174093	1.00484221226458
0.0371094967655353	0.998601964548524
0.0371367285216007	1.00194551561357
0.0371640002735261	1.00418098898792
0.0371913121094903	1.00370611338041
0.0372186641179316	1.00159221821409
0.0372460563875487	1.00273691393447
0.0372734890073017	1.00531583258836
0.0373009620664126	1.00443653641108
0.0373284756543672	1.00530898452414
0.0373560298609151	1.00268501933943
0.0373836247760711	1.00614581714842
0.0374112604901165	1.00516481587399
0.0374389370935994	1.00461972849364
0.0374666546773362	1.00504005010754
0.0374944133324125	1.00676742595931
0.0375222131501839	1.00580291912877
0.0375500542222773	1.00491450887754
0.0375779366405916	1.00612929923697
0.0376058604972989	1.00601315545625
0.0376338258848456	1.00694534800748
0.037661832895953	1.00313617387032
0.0376898816236188	1.00562950872567
0.0377179721611181	1.00572173603139
0.0377461046020041	1.00617229762584
0.0377742790401093	1.00369547121859
0.0378024955695466	1.00352052425991
0.0378307542847103	1.00410909978618
0.0378590552802772	1.00470341144144
0.0378873986512077	1.00336908509045
0.0379157844927465	1.00474110674958
0.0379442129004243	1.00365898354725
0.0379726839700583	1.00545310668435
0.0380011977977536	1.00498348700967
0.0380297544799041	1.00614131073922
0.0380583541131937	1.00507139969797
0.0380869967945974	1.00433426577438
0.0381156826213823	1.00440262878329
0.0381444116911087	1.00556394754264
0.0381731841016313	1.0038896579263
0.0382019999511005	1.00263441737873
0.0382308593379629	1.00479679479886
0.0382597623609631	1.00387582724832
0.0382887091191443	1.00515664442482
0.03831769971185	1.00279623980179
0.0383467342387244	1.00469491993317
0.0383758127997142	1.00514308991441
0.0384049354950694	1.00275965650864
0.0384341024253447	1.00480587441059
0.0384633136914002	1.00345728925605
0.0384925693944032	1.00476406467095
0.0385218696358287	1.0038897027928
0.0385512145174612	1.00389582968974
0.0385806041413954	1.00090442243746
0.0386100386100377	1.0051903204159
0.038639518026107	1.00264424373762
0.0386690424926365	0.998981805994727
0.0386986121129743	1.00472890395181
0.0387282269907849	1.00018699954934
0.0387578872300504	1.00410519092514
0.0387875929350717	0.99890470820447
0.0388173442104698	0.999021849264539
0.0388471411611867	0.998732236726576
0.0388769838924871	1.00115040227
0.0389068725099592	0.994926398244584
0.0389368071195164	1.00000209957085
0.038966787827398	1.00201918699458
0.0389968147401711	0.999667169572639
0.0390268879647313	1.0029187062997
0.0390570076083042	0.99690529414365
0.0390871737784467	1.00179102890056
0.0391173865830484	1.00417348470146
0.0391476461303326	0.997334596927661
0.0391779525288576	1.00142342585221
0.0392083058875183	1.0029651382083
0.0392387063155474	1.00311491043483
0.0392691539225163	1.00031684544903
0.0392996488183373	1.00285890700172
0.0393301911132638	1.00134320156726
0.0393607809178925	1.00512381739143
0.0393914183431645	0.999040124668746
0.0394221035003665	1.00069998035751
0.0394528365011322	1.00371430844968
0.0394836174574437	1.00066570496568
0.0395144464816328	1.00297719379293
0.0395453236863825	0.998920851103618
0.0395762491847284	1.00360335095243
0.0396072230900596	1.0025768863348
0.0396382455161208	1.00404635008054
0.0396693165770131	1.00273137813623
0.0397004363871959	1.0057793293836
0.0397316050614877	1.0045316544598
0.0397628227150683	1.0048671395097
0.0397940894634793	1.00400371640988
0.0398254054226263	1.00058194839903
0.03985677070878	1.00561055587268
0.0398881854385777	1.00070491583853
0.0399196497290245	1.00576655558828
0.0399511636974953	1.00665200185454
0.0399827274617356	1.00556120013067
0.0400143411398636	1.00456313413444
0.0400460048503712	1.00577777800614
0.0400777187121257	1.00429314432813
0.0401094828443711	1.00254566018165
0.04014129736673	1.00117624632703
0.0401731623992047	1.0044102551933
0.0402050780621787	1.00182104773129
0.0402370444764186	1.00430793143533
0.0402690617630753	1.00614408507259
0.0403011300436856	1.00650577927057
0.0403332494401736	1.00498632475747
0.0403654200748528	1.00382806265421
0.0403976420704268	1.00130732324506
0.0404299155499915	1.00492637963728
0.0404622406370366	1.00097103603466
0.040494617455447	0.99686469806305
0.0405270461295041	1.00584008868107
0.0405595267838882	0.998848738217423
0.0405920595436794	1.00472905876036
0.0406246445343595	0.997876098182584
0.0406572818818133	0.999862812933473
0.0406899717123308	1.00187629315348
0.0407227141526083	1.0004501748715
0.0407555093297503	0.992620167033898
0.0407883573712711	1.00117400668143
0.0408212584050962	0.996863960648239
0.0408542125595646	0.997047429732017
0.0408872199634296	0.993295795730747
0.0409202807458613	0.991752592894729
0.0409533950364477	0.998988034300135
0.0409865629651966	0.994453989422755
0.0410197846625376	0.98866999190244
0.0410530602593231	0.995566667582424
0.0410863898868308	0.991174176547216
0.0411197736767648	0.993706018858396
0.0411532117612579	0.988978623565623
0.0411867042728726	0.988356964819836
0.0412202513446038	0.992741743274458
0.0412538531098796	0.993698028222035
0.0412875097025639	0.986154712985308
0.0413212212569577	0.995458483681034
0.0413549879078007	0.997689027028971
0.0413888097902738	0.990921924292996
0.0414226870400002	1.00043961306896
0.0414566197930477	0.986452177702888
0.0414906081859302	1.0000596038229
0.0415246523556096	0.994521442732535
0.0415587524394979	0.991710170681729
0.0415929085754587	1.0008021345692
0.0416271209018091	1.0005495474788
0.0416613895573219	0.999170025280815
0.0416957146812271	1.00072644693001
0.0417300964132139	1.0014601824268
0.0417645348934328	0.994989794953827
0.0417990302624971	1.00551841098128
0.0418335826614852	0.994517546278594
0.0418681922319423	1.00461627736671
0.0419028591158824	1.00358570107757
0.0419375834557903	1.00185544440837
0.0419723653946234	1.00278042304915
0.0420072050758138	1.00287827254924
0.0420421026432703	1.00494106387183
0.0420770582413801	1.0011653977983
0.0421120720150113	0.999396368518421
0.0421471441095143	0.998011201085133
0.0421822746707244	1.00089979898768
0.0422174638449632	1.00011433716263
0.0422527117790412	1.00239654918097
0.0422880186202596	1.00235951676024
0.0423233845164122	1.00497333466494
0.0423588096157879	1.00050797451944
0.0423942940671721	1.00245784110407
0.0424298380198496	1.00530805257584
0.0424654416236059	1.00254806777555
0.04250110502873	0.998876577679905
0.0425368283860158	1.00399137998003
0.0425726118467651	1.00282322404232
0.0426084555627887	1.00438275883664
0.0426443596864097	0.996063222771139
0.0426803243704644	1.0025613614184
0.0427163497683057	1.00287265193445
0.0427524360338044	1.00004932724213
0.0427885833213517	0.998959626645744
0.0428247917858616	1.00152466006241
0.0428610615827725	0.998134458571333
0.0428973928680503	1.0016403242297
0.0429337857981898	0.993338009953638
0.0429702405302176	0.991941679863278
0.0430067572216939	1.00125620251684
0.043043336030715	0.990222822850722
0.0430799771159154	0.992117183401356
0.0431166806364704	0.997761480129631
0.0431534467520982	0.991777266238661
0.0431902756230622	0.998168675636214
0.0432271674101732	0.991686980004265
0.0432641222747922	0.984042567782405
0.0433011403788323	0.999688050609486
0.0433382218847612	0.983490703125635
0.0433753669556037	0.988016941481557
0.0434125757549439	0.992350875224999
0.0434498484469279	0.993377192684744
0.0434871851962656	0.989432476688496
0.043524586168234	0.996726509570647
0.0435620515286788	0.981494918520112
0.0435995814440174	1.00106106462191
0.0436371760812412	0.989640959402634
0.043674835607918	0.984745203533883
0.0437125601921946	1.00015506374975
0.0437503500027993	0.996522246535103
0.0437882052090442	0.99880083505266
0.043826125980828	0.997844554278791
0.0438641124886385	1.0011639608886
0.043902164903555	0.995574187384012
0.0439402833972511	1.00576908984401
0.043978468141997	0.986280503851555
0.0440167193106622	1.00341995949664
0.0440550370767185	0.999167400426089
0.0440934216142418	1.000520329549
0.0441318730979156	1.00432442812129
0.0441703917030329	0.999529862742715
0.0442089776054996	1.0047295069982
0.0442476309818365	1.00351664315992
0.0442863520091825	1.00291354043641
0.044325140865297	0.999476731130135
0.0443639977285626	1.0053481992928
0.0444029227779882	1.00092750030032
0.0444419161932114	1.00560830784804
0.0444809781545013	1.00239687885435
0.0445201088427614	1.00213295953225
0.0445593084395323	1.00501796137726
0.0445985771269946	1.00278084617537
0.0446379150879717	1.00469190679692
0.0446773225059325	1.00493737341098
0.0447167995649943	1.00558278309717
0.0447563464499259	1.00425668902649
0.0447959633461503	1.00429990407994
0.0448356504397474	1.00227612047933
0.0448754079174573	1.00145166695237
0.044915235966683	1.00173561681137
0.0449551347754934	0.999621564844884
0.0449951045326262	1.00279021045853
0.0450351454274909	1.00434346797094
0.0450752576501721	1.0046413295117
0.0451154413914317	1.00450027720649
0.045155696842713	1.00571157646964
0.0451960241961428	0.999419228519166
0.0452364236445351	1.00565369469989
0.0452768953813938	1.00389051623623
0.0453174396009158	1.0003807035984
0.0453580564979945	1.00330391717836
0.0453987462682224	1.00307229255828
0.0454395091078946	1.00123740614867
0.0454803452140117	1.00403335826621
0.0455212547842832	0.998355922962052
0.0455622380171308	0.995081534063739
0.0456032951116909	1.00568994019388
0.0456444262678189	0.993765737134226
0.0456856316860916	1.00190549550322
0.0457269115678105	0.99919637534865
0.0457682661150059	0.999780964745114
0.045809695530439	0.995067146186205
0.0458512000176062	0.99606812124459
0.045892779780742	0.989716573927186
0.0459344350248223	0.997427098640943
0.045976165955568	0.9931067250796
0.0460179727794481	0.986490747134464
0.0460598557036834	1.00035582436982
0.0461018149362498	0.99174705416378
0.0461438506858816	0.998371239012269
0.0461859631620752	0.988574025284438
0.0462281525750924	0.991309204564763
0.0462704191359641	0.98738667875896
0.0463127630564936	0.993740126890307
0.0463551845492601	0.981215133598473
0.0463976838276227	0.992460985531983
0.0464402611057234	0.988112617104089
0.0464829165984911	0.990907437682657
0.046525650521645	0.992673679167469
0.0465684630916983	0.982480253369615
0.0466113545259619	0.997507441164311
0.0466543250425481	0.988384698676111
0.0466973748603743	0.991198235921796
0.0467405041991663	0.988620208592461
0.0467837132794629	0.996886520941885
0.0468270023226187	0.988974638206124
0.0468703715508088	0.998678796584382
0.0469138211870317	0.990124278456133
0.0469573514551138	0.997356757266516
0.0470009625797131	0.998400181343605
0.0470446547863226	0.992239566340232
0.047088428301275	1.00051964905436
0.0471322833517458	0.99733694829908
0.0471762201657578	1.0012219805032
0.0472202389721848	0.998676284252348
0.0472643400007557	0.997326290341492
0.0473085234820582	0.998046831455465
0.0473527896475432	1.00279382344707
0.0473971387295286	0.993984464653837
0.0474415709612036	1.00007254617507
0.0474860865766325	1.00090383871925
0.0475306858107589	0.999952888449446
0.0475753688994099	1.00319131665452
0.0476201360793003	0.998185905541214
0.0476649875880367	1.00007601915906
0.0477099236641216	1.00240884257258
0.0477549445469579	1.00072058153067
0.0478000504768528	1.00000168819541
0.0478452416950224	1.00340042531097
0.0478905184435959	1.00184374858055
0.0479358809656199	1.00444753921452
0.0479813295050625	1.00349970033171
0.0480268643068181	1.00460258075293
0.0480724856167118	1.00304400862142
0.0481181936815032	0.999419690383227
0.0481639887488917	1.0035562597569
0.0482098710675203	1.00064612218638
0.0482558408869805	1.00337875271605
0.0483018984578165	1.00089962161607
0.0483480440315302	1.00273094553064
0.0483942778605853	1.00265905611155
0.0484406001984122	0.997641169289174
0.0484870112994126	0.997734063711039
0.0485335114189641	0.999264068718147
0.0485801008134247	0.995109723305594
0.048626779740138	0.989818736030238
0.0486735484574374	0.993323538879795
0.0487204072246513	0.988513191522427
0.0487673563021074	0.992344049908863
0.0488143959511383	0.978456662786222
0.0488615264340853	0.986373191675251
0.0489087480143044	0.985542017712629
0.0489560609561702	0.979022312352087
0.0490034655250815	0.978431282795004
0.049050961987466	0.977636890396874
0.0490985506107855	0.976747556732415
0.0491462316635405	0.979088751648048
0.0491940054152757	0.972499632122501
0.0492418721365847	0.969849611298431
0.0492898320991155	0.982894584773717
0.0493378855755753	0.965372164902426
0.049386032839736	0.973135292454829
0.0494342741664388	0.971058842313106
0.0494826098316003	0.975701861749122
0.0495310401122171	0.973868688155335
0.0495795652863711	0.975003498045997
0.0496281856332354	0.966059862136074
0.0496769014330788	0.982143874101672
0.0497257129672721	0.974620983322736
0.0497746205182928	0.968478442640387
0.0498236243697307	0.98061974703962
0.0498727248062939	0.971847479326375
0.0499219221138136	0.98690984051679
0.04997121657925	0.970552462358839
0.0500206084906978	0.981563816557385
0.050070098137392	0.98170838158813
0.0501196858097132	0.984800786177505
0.0501693717991937	0.975407774005858
0.0502191563985228	0.98379146188818
0.0502690399015527	0.990015194686901
0.0503190226033046	0.984890769643987
0.0503691047999738	0.987284460217187
0.0504192867889364	0.986039159478107
0.0504695688687545	0.998569348368972
0.0505199513391825	0.991747894553182
0.0505704345011729	0.994667954108884
0.0506210186568823	0.99585265114069
0.0506717041096775	1.00173758480856
0.0507224911641417	1.00017265261311
0.0507733801260801	0.999746736324312
0.0508243713025266	1.00377470039614
0.0508754650017498	1.00433290195302
0.0509266615332588	1.00374518977632
0.0509779612078103	1.00359975195076
0.051029364337414	1.00465760282396
0.0510808712353395	1.00444319851018
0.0511324822161224	1.00260978033592
0.0511841975955708	1.00294325261183
0.0512360176907719	1.00569350417546
0.051287942820098	1.00175429125803
0.0513399733032136	1.00130290259703
0.0513921094610815	0.999695647855436
0.0514443516159697	1.00077500883307
0.0514967000914578	0.99801052762107
0.0515491552124441	0.99263742602702
0.0516017173051516	0.994741990505811
0.0516543866971356	0.994687953346312
0.0517071637172898	0.991572249198429
0.0517600486958535	0.982125210942989
0.0518130419644187	0.989214537271358
0.0518661438559363	0.985139655362964
0.051919354704724	0.982926885329729
0.0519726748464725	0.97516231057271
0.052026104618253	0.971462392350052
0.0520796443585243	0.980959048802519
0.0521332944071399	0.965767374432221
0.052187055105355	0.967620586793627
0.0522409267958339	0.964440275131275
0.0522949098226573	0.975670891193333
0.0523490045313296	0.958658561416579
0.0524032112687863	0.958212346925645
0.0524575303834014	0.958442443982524
0.0525119622249946	0.969304805408995
0.0525665071448394	0.954765174829225
0.0526211654956701	0.945372901435964
0.0526759376316896	0.963214977910333
0.0527308239085772	0.954369797239076
0.052785824683496	0.964502627042873
0.0528409403151009	0.94543211365744
0.0528961711635463	0.961262459799188
0.0529515175904939	0.96120395327231
0.0530069799591208	0.960184711362144
0.0530625586341271	0.95153320988345
0.0531182539817441	0.971668880272185
0.0531740663697425	0.965826321673157
0.0532299961674401	0.969356245983703
0.0532860437457103	0.965829482720163
0.0533422094769901	0.958536291656005
0.0533984937352885	0.982213884577496
0.0534548968961947	0.966757821427061
0.0535114193368863	0.977896466630299
0.0535680614361381	0.979938666151647
0.0536248235743303	0.990475131203379
0.0536817061334569	0.98425574552746
0.0537387094971345	0.991082791694248
0.053795834050611	0.98611722325902
0.0538530801807739	0.995119781386627
0.0539104482761594	0.99844379551408
0.053967938726961	0.990197194476171
0.0540255519250383	1.0023129540334
0.0540832882639263	1.00079359436144
0.0541411481388438	1.0037503199004
0.0541991319467026	1.0017955221132
0.054257240086117	1.00447340993822
0.0543154729574122	1.00497681848478
0.0543738309626342	1.00423085709948
0.0544323145055585	1.00571415490621
0.0544909239916999	1.00532450801318
0.0545496598283212	1.00436806962575
0.0546085224244436	1.00219033319203
0.0546675121908551	1.0031827044921
0.0547266295401211	1.00022193443807
0.0547858748865932	0.993704105310574
0.0548452486464192	0.991323081524453
0.054904751237553	1.00192138892147
0.0549643830797643	0.993797164267273
0.0550241445946481	0.99161010309313
0.0550840362056353	0.990125216879305
0.0551440583380022	0.995197878171039
0.0552042114188807	0.993789514026436
0.0552644958772686	0.984808068189074
0.0553249121440395	0.979486297888245
0.0553854606519533	0.989034542444776
0.0554461418356665	0.988320771671631
0.0555069561317424	0.962366179407117
0.0555679039786619	0.987680555934831
0.0556289858168338	0.971456830874429
0.0556902020886053	0.986119069091914
0.0557515532382732	0.971074544874465
0.055813039712094	0.962086958356788
0.0558746619582952	0.982402349564861
0.0559364204270858	0.978677309440833
0.0559983155706677	0.964992918073099
0.0560603478432463	0.963544220323395
0.0561225177010421	0.980494852555375
0.0561848256023014	0.961181907895607
0.0562472720073077	0.979635995441867
0.0563098573783933	0.94225350736145
0.0563725821799504	0.973452375984092
0.0564354468784426	0.978943675021043
0.0564984519424168	0.964969131492206
0.0565615978425145	0.971720088561505
0.0566248850514834	0.97467893037363
0.0566883140441898	0.976538257159831
0.0567518852976297	0.970787170164016
0.0568155992909414	0.974102767138956
0.0568794565054173	0.961091858952161
0.0569434574245159	0.992802889277073
0.057007602533874	0.966757977105701
0.0570718923213194	0.972862014967211
0.0571363272768828	0.984703944406034
0.0572009078928102	0.987804862603873
0.057265634663576	0.990037528490887
0.057330508085895	0.984988082279327
0.0573955286587355	0.983751674720125
0.0574606968833319	0.996248849868219
0.0575260132631978	0.99319025423042
0.0575914783041385	0.982118433749771
0.0576570925142645	0.998499958913648
0.0577228564040047	0.993792643705009
0.0577887704861193	0.997935564723097
0.0578548352757132	0.995198872612548
0.0579210512902495	0.990518777247894
0.0579874190495632	0.997762085502747
0.0580539390758744	1.00268192621363
0.0581206118938022	0.986967592140541
0.0581874380303787	0.996778349857828
0.0582544180150625	1.00046895746664
0.0583215523797528	0.998506550362674
0.0583888416588039	0.999290264068491
0.0584562863890385	0.992179043447363
0.058523887109763	0.993126945672584
0.058591644362781	1.00310673802983
0.0586595586924083	0.998089301667938
0.0587276306454874	0.9874513416165
0.058795860771402	1.00254624277648
0.0588642496220918	0.997672886211465
0.0589327977520676	1.00266847929978
0.0590015057184262	1.00087449257231
0.0590703740808653	0.994923912355885
0.0591394034016988	1.0041880390952
0.0592085942458723	1.0033610327416
0.0592779471809783	0.997051626646636
0.0593474627772717	0.997774689542822
0.0594171416076856	1.00548359095149
0.0594869842478469	0.997009697413799
0.0595569912760922	1.00673521342609
0.0596271632734839	0.992227907111108
0.0596975008238259	0.996009681580697
0.05976800451368	1.0045152833001
0.0598386749323827	0.996985783252726
0.0599095126720605	0.996642093476675
0.0599805183276475	0.998662321797845
0.0600516924969017	1.00136575989523
0.0601230357804214	0.995327676222344
0.0601945487816627	0.998073714491738
0.0602662321069561	0.97953465475884
0.0603380863655237	0.999680677386847
0.0604101121694967	0.996353568702813
0.0604823101339324	0.983668358018452
0.0605546808768322	0.996903461204177
0.0606272250191586	0.994697632530158
0.0606999431848536	0.998233914667387
0.0607728360008561	0.993256164729609
0.0608459040971202	0.988889102710066
0.0609191481066333	0.984704519597572
0.0609925686654343	1.00306464639341
0.0610661664126319	0.968725278144213
0.0611399419904235	0.98705262685658
0.0612138960441137	0.988472499980047
0.0612880292221328	0.98478498594679
0.0613623421760564	0.991854319890597
0.0614368355606239	0.969534015493303
0.061511510033758	0.979873672955089
0.0615863662565841	0.994957491361595
0.0616614048934496	0.972662322698694
0.0617366266119439	0.96699375074008
0.0618120320829177	0.988755379397704
0.0618876219805035	0.969845713772542
0.0619633969821353	0.988984495647383
0.0620393577685689	0.963389688363844
0.0621155050239026	0.962698150210945
0.0621918394355972	0.991819107023256
0.0622683616944971	0.970727897304178
0.0623450724948509	0.954018156907326
0.0624219725343327	0.984890548337699
0.0624990625140629	0.969488455443727
0.0625763431386297	0.984098339352106
0.0626538151161107	0.974031618187714
0.062731479158094	0.960419695867375
0.0628093359797006	0.991668516698276
0.0628873862996062	0.975081229193337
0.0629656308400629	0.958460898757018
0.0630440703269219	0.983258677058348
0.0631227054896561	0.981881366794096
0.0632015370613819	0.971577604107263
0.0632805657788831	0.99157158384802
0.0633597923826329	0.964022166156719
0.0634392176168176	0.994589467541256
0.0635188422293595	0.98509834273614
0.0635986669719409	0.972699512249501
0.0636786926000271	0.990716170659486
0.0637589198728908	0.996481824763461
0.0638393495536359	0.99153222785773
0.0639199824092215	0.995864692484237
0.0640008192104865	0.985020308862527
0.0640818607321743	0.99968738919351
0.0641631077529573	0.997704672626039
0.0642445610554617	0.988556932238977
0.0643262214262931	1.00181685126266
0.0644080896560614	1.0032444888467
0.0644901665394067	1.00241746510044
0.0645724528750245	1.00257814576413
0.0646549494656921	1.00279854851365
0.0647376571182945	1.00550524191269
0.0648205766438505	0.998926718321392
0.0649037088575396	0.993569202577541
0.0649870545787286	1.00228044951644
0.0650706146309982	0.998250558175278
0.0651543898421706	1.00463681002049
0.0652383810443366	0.99814990731312
0.0653225890738831	1.00281838675336
0.0654070147715208	0.998602737549443
0.0654916589823126	0.991037272485708
0.0655765225557013	0.995679053487673
0.0656616063455383	1.00077694051882
0.065746911210112	0.967153456907706
0.065832438012177	0.997150209268398
0.065918187618983	0.97796605716135
0.0660041609023039	0.989064284323613
0.0660903587384679	0.982129337569877
0.0661767820083866	0.95508118135689
0.0662634315975855	0.98141034870029
0.0663503083962341	0.982049807555962
0.0664374132991763	0.941301194412818
0.0665247472059613	0.962474349910739
0.0666123110208743	0.967107867025321
0.066700105652968	0.943687170160993
0.0667881320160939	0.968486974298932
0.066876391028934	0.924916445728884
0.0669648836150329	0.942052296324696
0.0670536107028298	0.964639162208034
0.067142573225691	0.908278171915228
0.067231772121943	0.933469453296077
0.0673212083349048	0.952191301212761
0.067410882812922	0.918302137535682
0.0675007965093995	0.945752716026997
0.0675909503828358	0.897858932917167
0.067681345396857	0.927360377238871
0.0677719825202509	0.955708861998835
0.0678628627270019	0.91006927754751
0.0679539869963257	0.905378972935718
0.0680453563127044	0.947496100079739
0.0681369716659224	0.922755071767874
0.0682288340511013	0.938633433151981
0.068320944468737	0.91745960311529
0.0684133039247351	0.914941668532724
0.068505913430448	0.9644277595337
0.0685987740027117	0.912954899051178
0.068691886663883	0.93054842961924
0.0687852524418771	0.950958039475208
0.0688788723702053	0.956831039587565
0.0689727474880132	0.946522015045017
0.0690668788401191	0.957080394557383
0.069161267477053	0.942577213114411
0.0692559144550951	0.98789135896917
0.0693508208363161	0.947319207560745
0.069445987688616	0.957359872166998
0.0695414160857647	0.985008937567965
0.0696371071074424	0.976047947478932
0.0697330618392799	0.988066862693382
0.0698292813729002	0.980244317032169
0.0699257668059595	0.989108712273242
0.070022519242189	0.999599642231953
0.0701195397914371	0.993729697484658
0.0702168295697119	0.984152576336552
0.0703143896992238	1.00551189868499
0.0704122213084287	0.99487004671005
0.0705103255320716	1.00328314981909
0.0706087035112303	0.996667442891474
0.0707073563933598	1.00519417227805
0.0708062853323371	0.997331356257778
0.0709054914885055	0.989787866606366
0.0710049760287208	1.00124805705826
0.0711047401263965	0.995098661642638
0.0712047849615501	0.977263755176822
0.0713051117208497	0.999750179196301
0.0714057215976609	0.975616556405016
0.0715066157920938	0.991654533075901
0.0716077955110512	0.964435531822667
0.0717092619682765	0.953471432818123
0.0718110163844022	0.982773287841066
0.0719130599869988	0.960767834243069
0.0720153940106244	0.923795571002515
0.0721180196968742	0.964017436932572
0.072220938294431	0.938772209533038
0.0723241510591156	0.948346646973201
0.0724276592539379	0.932480370594258
0.0725314641491486	0.905338162013069
0.0726355670222911	0.945055923798514
0.0727399691582538	0.935004036527018
0.0728446718493229	0.883074878192906
0.0729496763952362	0.919325384339301
0.0730549841032362	0.921754216218819
0.0731605962881247	0.901539760076488
0.0732665142723177	0.914919711470482
0.0733727393859002	0.853124090172907
0.0734792729666823	0.938173312190633
0.0735861163602548	0.89132605529728
0.0736932709200464	0.892960197981834
0.0738007380073808	0.879257578775412
0.0739085189915337	0.926247450999068
0.074016615249792	0.889700950028523
0.0741250281675114	0.915882072834649
0.0742337591381765	0.877453810779603
0.0743428095634597	0.915175108379209
0.0744521808532823	0.933695348741442
0.0745618744258743	0.872543622245022
0.0746718917078365	0.944161796475054
0.0747822341342019	0.919702998913776
0.0748929031484984	0.954415540413258
0.0750039002028113	0.925157425152313
0.0751152267578473	0.939314232972741
0.0752268842829982	0.942580524231208
0.075338874256406	0.983055910921782
0.0754511981650276	0.922030127809307
0.0755638575047008	0.956160156497083
0.0756768537802109	0.978427196747754
0.0757901885053576	0.965644830378831
0.0759038632030223	0.985800805617294
0.0760178794052368	0.966164370567221
0.0761322386532519	0.986614111723213
0.0762469424976066	1.00044342005184
0.0763619924981986	0.986112020740941
0.0764773902243548	0.981354615600347
0.0765931372549027	1.00625080920301
0.0767092351782423	0.99370805273971
0.076825685592419	1.00200974399428
0.0769424901051965	1.00045672729994
0.0770596503341314	1.00164683040204
0.0771771679066472	1.00307896382562
0.0772950444601103	1.00192011467647
0.0774132816419055	1.0039399296358
0.077531881109513	0.992615214681266
0.0776508445305859	0.997783552485782
0.0777701735830282	1.00179609393353
0.0778898699550739	0.993956715561425
0.0780099353453663	0.992482466007124
0.0781303714630388	0.968294866554415
0.0782511800277956	0.989570888134747
0.0783723627699935	0.990735687909923
0.0784939214307251	0.975836848287693
0.0786158577619016	0.947980484987648
0.0787381735263371	0.988972053917599
0.0788608704978336	0.96171012214922
0.078983950461267	0.973812683639261
0.0791074152126731	0.932539316869394
0.0792312665593355	0.960567112496395
0.0793555063198733	0.963500691859192
0.0794801363243306	0.948341124470648
0.079605158414266	0.930470851614069
0.0797305744428435	0.941446703601385
0.0798563862749239	0.958909847759907
0.0799825957871575	0.933822868400847
0.0801092048680769	0.933102303607686
0.0802362154181919	0.907759084547786
0.080363629350084	0.975331376386135
0.0804914485885027	0.903486269253317
0.0806196750704623	0.94227236676221
0.08074831074534	0.91829366276298
0.0808773575749741	0.958475013174889
0.0810068175337644	0.929133654743842
0.0811366926087726	0.93412915272418
0.0812669847998239	0.912301321946188
0.0813976961196098	0.957488653680859
0.0815288285937915	0.933082780523916
0.0816603842611049	0.899849357812085
0.081792365173466	0.964086174913703
0.0819247733960776	0.932629478291157
0.0820576110075369	0.960406319838718
0.0821908800999449	0.919584809272098
0.0823245827790152	0.952506168938448
0.082458721164186	0.952906067943959
0.0825932973887311	0.976147127486928
0.0827283135998737	0.918660599733816
0.0828637719589003	0.959150606064792
0.0829996746412762	0.978691515547824
0.0831360238367615	0.971606512424661
0.0832728217495294	0.977483112608887
0.0834100705982845	0.9621596566216
0.0835477726163828	0.98396388040067
0.083685930051953	0.985968772814972
0.0838245451680187	0.981832126088404
0.0839636202426221	0.956287697855506
0.0841031575689486	1.00253741396435
0.084243159455453	0.983565605902678
0.0843836282259869	0.9887359533506
0.0845245662199269	0.984083090325798
0.084665975792305	0.988619056074506
0.0848078593139391	0.997426235354652
0.0849502191715663	0.990476435231848
0.0850930577679758	0.980082648950653
0.0852363775221452	0.980920080694195
0.0853801808693759	1.00513786524426
0.085524470261432	0.986486211887427
0.0856692481666789	0.99410532298761
0.0858145170702245	0.978327675953998
0.0859602794740614	0.996225699626291
0.0861065378972102	0.990908119192314
0.0862532948758651	0.991686602881147
0.0864005529635398	0.982789819070354
0.0865483147312164	0.977673328350425
0.0866965827674944	0.99091578741278
0.0868453596787424	0.982732536252053
0.0869946480892504	0.986302312676648
0.087144450641384	0.968040462954232
0.0872947699957408	0.988766041022991
0.0874456088313077	0.977700874668168
0.0875969698456199	0.985753470068881
0.0877488557549218	0.979666179304944
0.0879012692943294	0.990145336837857
0.0880542132179949	0.991568283063141
0.0882076902992719	0.96876083470479
0.0883617033308836	0.977115475294162
0.088516255125092	0.983294686763212
0.088671348513869	0.994422611761933
0.0888269863490695	0.956924374335063
0.0889831715026062	0.981426894707064
0.0891399068666261	0.980504653210029
0.0892971953536891	0.996575706271049
0.0894550398969486	0.964285450660601
0.0896134434503335	0.976795495168235
0.0897724089887326	0.971786429953701
0.089931939508181	0.993046348939244
0.0900920380260482	0.968210681275837
0.0902527075812283	0.954448578378267
0.0904139512343321	0.986355307290187
0.0905757720678819	0.980306158960445
0.0907381731865077	0.980872562334948
0.0909011577171455	0.953463757412225
0.0910647288092384	0.983419381070864
0.0912288896349393	0.966921659252798
0.0913936433893158	0.995648526436224
0.0915589932905578	0.927394433999321
0.0917249425801868	0.960030236439894
0.0918914945232678	0.98808798527933
0.0920586524086234	0.964533657504044
0.0922264195490505	0.952445760968509
0.0923947992815389	0.945225752704503
0.0925637949674924	0.981127320691493
0.0927334099929531	0.951536754668577
0.0929036477688268	0.966290317311391
0.0930745117311123	0.89555978071272
0.093246005341132	0.985168716959097
0.0934181320857662	0.949294545079065
0.0935908954776888	0.947293855145152
0.0937642990556068	0.943008707366974
0.0939383463845018	0.96762379490006
0.0941130410558739	0.960401850808142
0.0942883866879893	0.949240025348944
0.0944643869261297	0.941284289527247
0.0946410454428452	0.939048533225957
0.0948183659382096	0.988142597431524
0.0949963521400787	0.92062994319384
0.0951750078043515	0.960441189894584
0.0953543367152347	0.96248928171594
0.0955343426855094	0.981470593724526
0.095715029556802	0.953257565617369
0.0958964011998566	0.960683583133393
0.0960784615148123	0.960837025787504
0.0962612144314821	0.991112873258276
0.0964446639096361	0.956914467151498
0.096628813939287	0.957935612406898
0.0968136685409802	0.97654119799442
0.0969992317660853	0.985928514127098
0.0971855076970931	0.969294152058937
0.0973725004479144	0.962802644653614
0.097560214164183	0.981264624805798
0.0977486530235622	0.989712956021716
0.0979378212360545	0.974949146055763
0.0981277230443154	0.960014182139416
0.0983183627239701	0.988519240154662
0.0985097445839351	0.982627900737687
0.0987018729667423	0.980430058665091
0.0988947522488676	0.964288384588102
0.0990883868410631	0.977416920440658
0.0992827811886938	0.980447624218893
0.099477939772077	0.981037498946019
0.0996738671068274	0.982589520018887
0.0998705677442044	0.983109711089919
0.100068046271465	0.988405441234483
0.100266307312222	0.990189246972174
0.100465355526801	0.987790947598129
0.100665195612609	0.986133704380122
0.100865832304503	0.958527070834518
0.101067270375163	0.991719146139827
0.101269514635471	0.997257458400233
0.101472569934896	0.989254855391303
0.101676441161878	0.968171958615716
0.101881133244222	0.994289736075753
0.102086651149497	0.977070590640889
0.102292999885433	0.995941433938722
0.102500184500333	0.937866793091301
0.102708210083482	0.931085372159011
0.102917081765564	0.993849766400222
0.103126804719083	0.93999048934837
0.103337384158793	0.945084547066896
0.103548825342126	0.942737012938348
0.103761133569633	0.965224618892756
0.103974314185425	0.928390865731709
0.104188372577621	0.945679744164484
0.104403314178806	0.864919756381656
0.104619144466485	0.960438276820618
0.104835868963552	0.895060877024386
0.105053493238758	0.883624212457959
0.105272022907193	0.918610486905726
0.105491463630764	0.924228550385577
0.105711821118686	0.900416283490367
0.105933101127977	0.878797653929279
0.106155309463959	0.871252536585265
0.106378451980768	0.924466683942299
0.106602534581863	0.90582039469112
0.106827563220553	0.843600331023291
0.107053543900518	0.909542406743103
0.107280482676349	0.923568958485222
0.107508385654082	0.913781090593657
0.107737258991753	0.893092226526723
0.107967108899946	0.876212619204581
0.108197941642359	0.943258185427063
0.108429763536373	0.918964246212469
0.108662580953624	0.861968818447354
0.108896400320592	0.938477484844141
0.10913122811919	0.92267151116941
0.109367070887362	0.938035021599808
0.109603935219691	0.887407260885284
0.109841827768015	0.905414409590243
0.110080755242047	0.952177851341709
0.110320724410006	0.942820967196763
0.110561742099259	0.840793909087912
0.110803815196966	0.946987920743161
0.111046950650736	0.94161981704761
0.111291155469294	0.915746501834989
0.11153643672315	0.936753819094808
0.111782801545286	0.895611015852756
0.112030257131847	0.963470292790586
0.112278810742838	0.945181016477123
0.112528469702836	0.923017723307076
0.112779241401712	0.964799844069801
0.113031133295356	0.969305698422663
0.113284152906419	0.941883140923607
0.113538307825061	0.984363657532309
0.113793605709709	0.945538862997562
0.114050054287827	0.976004180675529
0.114307661356696	0.960403832894322
0.114566434784204	0.949092657827973
0.114826382509646	0.988225453453362
0.11508751254454	0.979742423223097
0.115349832973443	0.981139838995168
0.115613351954792	0.996902814132286
0.115878077721745	0.986262800920057
0.116144018583044	0.998794284098689
0.116411182923877	0.957622755576515
0.116679579206767	0.959732987421275
0.116949215972457	0.991672796082422
0.117220101840825	0.933890172182158
0.117492245511797	0.960536545827524
0.117765655766279	0.979502074925327
0.118040341467101	0.960310360467004
0.118316311559978	0.96107099843535
0.118593575074478	0.903588293063496
0.118872141125007	0.934746553635438
0.119152018911809	0.969248854577485
0.11943321772198	0.85984439604217
0.119715746930489	0.899564648409184
0.11999961600123	0.933115442587737
0.120284834488069	0.897224228208494
0.120571412035922	0.887316265031581
0.120859358381839	0.832937895749485
0.12114868335611	0.88073251881049
0.12143939688338	0.923910231938761
0.121731508983786	0.775524958693699
0.122025029774108	0.840264495474096
0.122319969468937	0.883947303737288
0.122616338381858	0.863017539506457
0.122914146926656	0.836134551332048
0.123213405618532	0.81089752086926
0.123514125075345	0.808436194724053
0.123816316018861	0.911132770807406
0.124119989276034	0.713113465682143
0.124425155780296	0.787411824591783
0.124731826572869	0.87751428484726
0.125040012804098	0.790044691299637
0.125349725734801	0.85661733280657
0.125660976737641	0.79183620859092
0.125973777298519	0.830721182516806
0.126288139017984	0.907998955053005
0.126604073612674	0.795145949660093
0.126921592916761	0.743559307206213
0.127240708883438	0.938707100271877
0.127561433586416	0.829440759238802
0.127883779221445	0.880290893042543
0.12820775810786	0.878336720944742
0.128533382690153	0.841832562515112
0.128860665539566	0.965031447834734
0.129189619355707	0.883650831641135
0.129520256968191	0.852730012875973
0.129852591338314	0.964971401555066
0.130186635560741	0.949527710633114
0.130522402865229	0.898563343868326
0.130859906618372	0.979503861422456
0.131199160325375	0.935403813245145
0.131540177631857	0.978219343800916
0.131882972325678	0.956904893463515
0.1322275583388	0.931570451340239
0.132573949749171	0.987425961830314
0.132922160782647	0.954584983318963
0.133272205814934	0.959270913370936
0.133624099373571	0.973331393251702
0.133977856139938	0.978666511456587
0.134333490951297	0.924267657905012
0.134691018802867	0.935594447238452
0.135050454849933	0.964737879354606
0.135411814409985	0.909598487252875
0.135775112964895	0.897657134256889
0.13614036616313	0.954077532857184
0.136507589821995	0.930910428179637
0.13687679992992	0.916223784326236
0.137248012648778	0.876605479130572
0.137621244316244	0.851812567750149
0.137996511448192	0.951486167985752
0.138373830741131	0.82814170198711
0.138753219074684	0.805835939344029
0.139134693514098	0.916988621308362
0.139518271312812	0.884365699760653
0.139903969915051	0.855178986868898
0.140291806958475	0.853588662658013
0.140681800276863	0.771493214517787
0.141073967902852	0.916943707570757
0.141468328070713	0.785069242305362
0.141864899219177	0.677290514299093
0.142263699994311	0.867543889541919
0.142664749252438	0.800008648082367
0.143068066063111	0.822732844031836
0.143473669712136	0.772317656678736
0.143881579704641	0.732750585275747
0.144291815768211	0.80395492220085
0.144704397856061	0.868371960299263
0.145119346150275	0.55459354763491
0.145536681065097	0.799655234721016
0.145956423250276	0.78759196079686
0.146378593594474	0.7317193035118
0.146803213228732	0.808368184967301
0.147230303529995	0.686270165715334
0.147659886124697	0.825863255571946
0.148091982892415	0.847053184269143
0.148526615969583	0.752017128521231
0.148963807753269	0.718752172146937
0.149403580905028	0.946032235969134
0.149845958354812	0.751715329072753
0.15029096330496	0.900402268291647
0.150738619234249	0.865039900122874
0.151188949902031	0.869861433197221
0.151641979352429	0.968160726049143
0.152097731918623	0.877131164347648
0.1525562322272	0.919491262162512
0.153017505202596	0.96213733866469
0.15348157607161	0.96978786468639
0.153948470368	0.911203566772478
0.154418213937172	0.995375314892135
0.154890832940944	0.930859948527064
0.155366353862409	0.968230513395979
0.155844803510873	0.952794395496718
0.156326209026902	0.888049192756408
0.156810597887449	0.965470722939718
0.157297997911084	0.961578986371692
0.157788437263319	0.941432762205474
0.158281944462033	0.910431517649711
0.158778548383	0.935113201734394
0.159278278265524	0.87699358288105
0.159781163718173	0.964607986779907
0.160287234724628	0.888293011825707
0.160796521649645	0.871578424223035
0.161309055245126	0.949018801309925
0.161824866656311	0.937696244073145
0.162343987428083	0.902164756312378
0.162866449511402	0.946335943039522
0.16339228526986	0.833670234271996
0.163921527486363	0.907021578603131
0.164454209369944	0.865384150543746
0.164990364562711	0.77738039535319
0.165530027146926	0.893966469924896
0.166073231652231	0.920091225640017
0.16662001306301	0.903761354447943
0.167170406825903	0.887325580857727
0.167724448857462	0.90184484239295
0.168282175551967	0.871727045748519
0.168843623789392	0.984244153745062
0.169408830943541	0.793433066334563
0.169977834890332	0.787376679918775
0.170550674016265	0.963805365826188
0.171127387227053	0.847634316847158
0.171708013956429	0.966185292374064
0.172292594175133	0.849543948109944
0.17288116840009	0.924432730939819
0.173473777703764	0.949466281886185
0.174070463723717	0.971260441192613
0.17467126867236	0.808359058065861
0.175276235346908	0.927687530348588
0.175885407139542	0.910827460726618
0.176498828047783	0.873618834879918
0.177116542685088	0.979459908927391
0.177738596291663	0.828661645077973
0.17836503474551	0.985265525226864
0.178995904573705	0.913572298769227
0.179631252963917	0.937615825431311
0.180271127776177	0.91187597357155
0.180915577554891	0.985843682474068
0.181564651541122	0.900110212442753
0.182218399685128	0.930500790080411
0.182876872659177	0.956118699386287
0.183540121870642	0.882837560635127
0.184208199475376	0.965726469737084
0.184881158391387	0.864017169738832
0.185559052312809	0.932294207516308
0.186241935724184	0.932722009236479
0.18692986391506	0.952395863336006
0.187622892994913	0.92926659399236
0.188321079908402	0.952627179653927
0.189024482450968	0.916823569898265
0.189733159284783	0.961866174047397
0.190447169955056	0.918202241494593
0.191166574906712	0.878700331171265
0.191891435501452	0.976520358197846
0.192621814035197	0.970612719236426
0.193357773755937	0.957600446212636
0.194099378881989	0.9883081966992
0.194846694620674	0.953552911313314
0.195599787187433	0.978411264153412
0.196358723825383	0.951113894959343
0.197123572825334	0.888835745804253
0.197894403546269	0.975641989968159
0.198671286436315	0.975661195391707
0.199454293054205	0.96709566971252
0.200243496091248	0.973346549646329
0.201038969393829	0.988337516056537
0.201840787986438	0.940551336460089
0.202649028095263	0.974253610622879
0.203463767172343	0.824200370258345
0.204285083920314	0.911784749196723
0.205113058317746	0.850244798964491
0.205947771645112	0.932723759866335
0.206789306511383	0.931178784016556
0.207637746881282	0.946473848590932
0.208493178103214	0.946566184075728
0.209355686937881	0.977743888094643
0.210225361587623	0.907113371398486
0.21110229172648	0.915604977718801
0.211986568531019	0.852617241640543
0.212878284711934	0.827793682247097
0.213777534546451	0.884816033827469
0.214684413911551	0.870003441643165
0.215599020318053	0.904885071462739
0.216521452945559	0.828984625168189
0.217451812678312	0.907774468502017
0.218390202141972	0.922053240677549
0.21933672574136	0.915458323255029
0.220291489699171	0.867318880377372
0.221254602095725	0.875882898345933
0.222226172909742	0.866110178975903
0.223206314060214	0.913947463496786
0.224195139449378	0.907878731194651
0.225192765006847	0.83161299479959
0.226199308734914	0.918626623725706
0.227214890755082	0.910219328266201
0.228239633355854	0.989846000733242
0.229273661041821	0.959608767369493
0.230317100584086	0.987423529067672
0.231370081072078	0.974720227010182
0.232432733966791	1.00001550935972
0.233505193155497	0.955963883082328
0.234587595007977	0.929810029688773
0.235680078434332	0.877400687179462
0.236782784944405	0.930368057692449
0.237895858708893	0.945381029356492
0.239019446622179	0.886291820817467
0.240153698366956	0.926772184443678
0.241298766480707	0.897181970116717
0.242454806424084	0.929004184023122
0.243621976651271	0.831629475015994
0.244800438682388	0.797392314162345
0.245990357178	0.847112108219262
0.247191900015822	0.862532125980923
0.248405238369668	0.754219852017708
0.249630546790751	0.805438526065048
0.25086800329139	0.84221780229172
0.252117789431224	0.816188840479465
0.253380090406018	0.8196643353145
0.254655095139145	0.65055732974399
0.255942996375849	0.807043670753816
0.257243990780377	0.799333856152344
0.258558279036096	0.684041533892512
0.25988606594869	0.903418738251461
0.26122756055255	0.734381213920444
0.262582976220487	0.87647564318735
0.263952530776866	0.690798584357903
0.265336446614308	0.846566585461216
0.266734950814076	0.622089214299419
0.268148275270295	0.981643865815235
0.269576656818134	0.50427010060536
0.271020337366117	0.792648518872555
0.272479564032699	0.664623879084709
0.273954589287281	0.718098189031497
0.275445671095834	0.808530342499124
0.2769530730713	0.559754792125711
0.278477064628959	0.86343444433239
0.280017921146955	0.750470673366362
0.281575924132184	0.758163866171031
0.283151361391747	0.5096344821456
0.284744527210188	0.907956584751571
0.28635572253276	0.638059242197379
0.287985255154937	0.822891449978163
0.289633439918441	0.666209236958101
0.291300598914033	0.747723622827751
0.292987061691357	0.861844652257749
0.294693165476108	0.75133385790994
0.296419255394832	0.887095083266951
0.29816568470768	0.828450812052133
0.29993281504943	0.848152146397845
0.301721016679139	0.846211303432793
0.303530668738771	0.967947146213374
0.305362159521193	0.880054357476217
0.307215886747937	0.913404080985705
0.309092257857127	0.939667954038129
0.310991690302036	0.964447126789125
0.312914611860717	0.927647535427249
0.31486146095718	0.951162116804241
0.316832686994653	0.932855376924474
0.318828750701425	0.922706293986937
0.32085012448985	0.902502227545518
0.322897292829098	0.869741820505709
0.324970752632264	0.871065718675601
0.327071013658487	0.844964151744762
0.329198598930764	0.764749871384487
0.331354045170185	0.792311542914816
0.333537903247326	0.751484753147359
0.335750738651626	0.761419952947897
0.337993131979559	0.83297503136004
0.34026567944251	0.68034860298608
0.342568993395271	0.577559090090058
0.344903702886155	0.81456448991307
0.347270454229755	0.58070048916415
0.349669911603448	0.687559924202477
0.352102757668799	0.461791494414367
0.354569694219097	0.641360783940726
0.357071442854287	0.649822545963465
0.359608745684696	0.712819781157679
0.362182366064962	0.484775360840647
0.364793089359716	0.672649900068018
0.367441723742616	0.59940681078194
0.370129101030441	0.354357808192639
0.372856077554065	0.769860535692838
0.375623535068214	0.3718567010372
0.378432381702039	0.791447677226125
0.381283552952661	0.468904378764121
0.384178012723977	0.675824684484754
0.387116754413132	0.603108197456413
0.39010080204725	0.776069762683189
0.393131211473142	0.479758092456852
0.396209071602904	0.632772745547173
0.399335505718485	0.663548002319409
0.402511672838513	0.54303004608842
0.405738769150871	0.809535303705198
0.409018029514742	0.429170977061213
0.41235072903609	0.846083977954306
0.415738184720791	0.571177721411847
0.419181757209927	0.812724032434741
0.422682852602036	0.679962640000714
0.426242924367456	0.708241083783865
0.429863475360226	0.7172476088665
0.433546059933408	0.832401859894371
0.437292286164073	0.837639776610495
0.441103818194651	0.783608510983033
0.444982378697804	0.919911370521409
0.44892975147249	0.844192909139219
0.45294778417944	0.914998729991173
0.457038391224863	0.947676921323474
0.46120355680183	0.965046680227208
0.465445338099494	0.961158309548268
0.469765868691045	0.923338068982774
0.474167362112131	0.957597938772345
0.478652115642351	0.944720456260013
0.483222514303387	0.957056340984614
0.487881035088404	0.90423347743114
0.49263025143848	0.903241959152546
0.497472837983046	0.75866966069388
0.502411575562701	0.837811388650787
0.507449356554216	0.807722542050061
0.51258919051915	0.809171467767798
0.517834210199263	0.593549898732081
0.52318767788381	0.641245011740441
0.528652992175936	0.644103605443545
0.534233695187623	0.599263916378744
0.53993348019524	0.497291475672681
0.54575619979043	0.573290033022815
0.551705874564152	0.643199964708487
0.557786702365016	0.673860398939194
0.564003068176691	0.670175057860335
0.57035955466326	0.643080864057712
0.576860953435784	0.859562563053456
0.58351227709831	0.498002276317675
0.590318772136954	0.691554065996478
0.597285932721713	0.546826408293531
0.604419515497316	0.729652408739312
0.611725555446804	0.696918971835585
0.619210382919701	0.619425889956477
0.626880641925777	0.65741858509196
0.634743309805515	0.691641946588365
0.642805718399671	0.748470121147793
0.651075576852961	0.519821432428913
0.659560996200929	0.731912672524596
0.668270515904838	0.369177450069204
0.677213132517066	0.769849930319687
0.68639833067926	0.50634332685035
0.6958361166778	0.573702385645938
0.705537054806118	0.516508274182706
0.715512306811677	0.588079282363403
0.72577367473727	0.523169658165331
0.736333647502356	0.353301107852787
0.747205451610975	0.708711829962841
0.758403106419124	0.707928162122561
0.769941484447182	0.771868935278035
0.781836377282962	0.621414313592615
0.794104567689473	0.796230689852553
0.806763908609784	0.690724782284817
0.819833409851118	0.628054206155234
0.833333333333333	0.668882305318755
