0.00999809636245232	0.088341746823492
0.00999999999999973	0.0528213258704563
0.0100019043625904	0.0807122524233695
0.0100038094506385	0.169246786565169
0.0100057152645588	0.273357174017672
0.0100076218047662	0.339464510992933
0.010009529071676	0.347824436538814
0.0100114370657036	0.325667335617103
0.010013345787265	0.322021859993866
0.0100152552367764	0.366744742779466
0.0100171654146543	0.446358550635368
0.0100190763213155	0.516201420479597
0.0100209879571772	0.538702583694348
0.0100229003226569	0.514467076763159
0.0100248134181724	0.479885161417221
0.0100267272441417	0.474433768049956
0.0100286418009833	0.506728206351743
0.010030557089116	0.549162860782804
0.0100324731089588	0.564492584726037
0.0100343898609311	0.538694052224793
0.0100363073454526	0.490849728075234
0.0100382255629434	0.453073267450321
0.0100401445138238	0.43992762273623
0.0100420641985145	0.435849899070682
0.0100439846174364	0.411881938854436
0.010045905771011	0.355514958169776
0.0100478276596597	0.286305537114598
0.0100497502838047	0.242478318036266
0.0100516736438681	0.248020473216801
0.0100535977402727	0.28853716696692
0.0100555225734413	0.319137279848925
0.0100574481437971	0.299383265680935
0.0100593744517638	0.226634903846423
0.0100613014977653	0.14041218137543
0.0100632292822258	0.0933083748419089
0.0100651578055699	0.111817842566054
0.0100670870682224	0.179077465956686
0.0100690170706085	0.251034646989308
0.0100709478131538	0.290199434371158
0.0100728792962842	0.291197779482568
0.0100748115204258	0.280589090496476
0.0100767444860052	0.291870235881418
0.0100786781934491	0.335553357181201
0.0100806126431848	0.388916407310164
0.0100825478356397	0.41407188894119
0.0100844837712417	0.389184402591066
0.0100864204504189	0.326817116939423
0.0100883578735999	0.264437578671389
0.0100902960412134	0.234568199343388
0.0100922349536885	0.238556393048656
0.0100941746114548	0.247189696581294
0.010096115014942	0.228917115896332
0.0100980561645803	0.179337750683891
0.0100999980608001	0.127196350277699
0.0101019407040323	0.115836633605578
0.0101038840947079	0.171057720735038
0.0101058282332584	0.273573529184512
0.0101077731201157	0.364418424768603
0.0101097187557117	0.388338712358339
0.0101116651404791	0.336186764871742
0.0101136122748505	0.250138835008442
0.0101155601592591	0.194314153777538
0.0101175087941384	0.212033900696896
0.0101194581799221	0.295662312050586
0.0101214083170444	0.394096034386279
0.0101233592059397	0.454154560141324
0.0101253108470428	0.460664867333449
0.0101272632407888	0.445515223303573
0.0101292163876133	0.459993067506257
0.0101311702879519	0.528689383484938
0.0101331249422409	0.623315010847273
0.0101350803509168	0.682158296980274
0.0101370365144162	0.657268228315168
0.0101389934331765	0.549595707232202
0.010140951107635	0.407708080115477
0.0101429095382296	0.291474402956474
0.0101448687253984	0.229258851231269
0.01014682866958	0.205836736696677
0.0101487893712132	0.188005350064946
0.0101507508307372	0.15977154917363
0.0101527130485915	0.137782573719979
0.0101546760252158	0.156157869981297
0.0101566397610506	0.230868957491687
0.0101586042565362	0.334554539134961
0.0101605695121136	0.409290149082547
0.010162535528224	0.40885519199586
0.0101645023053089	0.332588522212024
0.0101664698438102	0.223728962443031
0.0101684381441703	0.137942188505331
0.0101704072068317	0.108000816482735
0.0101723770322372	0.129265707488585
0.0101743476208303	0.174151335974128
0.0101763189730545	0.220561024938057
0.0101782910893538	0.267549716810103
0.0101802639701724	0.326483708402086
0.0101822376159551	0.401128283589732
0.0101842120271468	0.47706195140118
0.0101861872041929	0.52927898772862
0.010188163147539	0.54086285434056
0.0101901398576313	0.514518973836345
0.010192117334916	0.465078281362377
0.0101940955798399	0.40293047215162
0.0101960745928501	0.328037327342786
0.010198054374394	0.240146450216869
0.0102000349249193	0.153436276927123
0.0102020162448743	0.0988357774711277
0.0102039983347072	0.106348505259269
0.0102059811948671	0.178429339795076
0.0102079648258029	0.278533169486614
0.0102099492279642	0.350583137448405
0.010211934401801	0.357998569436129
0.0102139203477633	0.309762223100282
0.0102159070663018	0.250355576876146
0.0102178945578674	0.222623290620232
0.0102198828229113	0.234915217068949
0.0102218718618851	0.259439314950965
0.0102238616752408	0.264031107858201
0.0102258522634308	0.248616488770756
0.0102278436269077	0.249531956502849
0.0102298357661244	0.306301984270279
0.0102318286815345	0.421230445977799
0.0102338223735916	0.54640251765762
0.0102358168427498	0.612814231801264
0.0102378120894635	0.583746565814589
0.0102398081141876	0.485752167669372
0.0102418049173771	0.386224531737895
0.0102438024994876	0.338738479043232
0.0102458008609749	0.34247330096534
0.0102478000022953	0.34603021064623
0.0102497999239053	0.2953932359899
0.0102518006262618	0.188089905223052
0.0102538021098221	0.0811750786330373
0.0102558043750439	0.0454013030750726
0.0102578074223851	0.109605839712661
0.0102598112523041	0.23765657223137
0.0102618158652597	0.35182825721739
0.0102638212617108	0.388580812934342
0.0102658274421169	0.344445246263538
0.0102678344069379	0.271408168356419
0.0102698421566338	0.228939870323622
0.0102718506916651	0.238038876465428
0.0102738600124928	0.272538027682233
0.010275870119578	0.289918699729986
0.0102778810133824	0.273967673398301
0.0102798926943679	0.250708869068489
0.0102819051629968	0.263361814501088
0.0102839184197317	0.331404724170451
0.0102859324650358	0.430578898343521
0.0102879472993725	0.509280665058138
0.0102899629232054	0.52711692288393
0.0102919793369987	0.484660422477495
0.0102939965412169	0.420766772721198
0.0102960145363249	0.379731326282023
0.0102980333227879	0.375268012228404
0.0103000529010715	0.381861062382283
0.0103020732716415	0.360379764912505
0.0103040944349645	0.294193651366665
0.0103061163915069	0.204313947964123
0.0103081391417359	0.132687561408809
0.0103101626861188	0.109318053953326
0.0103121870251236	0.130513091513971
0.0103142121592182	0.164818069691785
0.0103162380888713	0.178446038300053
0.0103182648145517	0.158333471207508
0.0103202923367286	0.11790041227899
0.0103223206558718	0.083945999589312
0.0103243497724511	0.0752160582120297
0.010326379686937	0.0904104357015501
0.0103284103998002	0.114499128818439
0.0103304419115117	0.133919305055114
0.0103324742225431	0.146392829930954
0.0103345073333662	0.159955767046076
0.0103365412444532	0.183345208352416
0.0103385759562767	0.21525422184945
0.0103406114693097	0.242685739394695
0.0103426477840254	0.250508861735144
0.0103446849008977	0.233111191164057
0.0103467228204005	0.198995007435314
0.0103487615430084	0.166117620023094
0.0103508010691961	0.150710381732467
0.0103528413994389	0.156014551245401
0.0103548825342123	0.169459855636452
0.0103569244739923	0.171944643321871
0.0103589672192552	0.1530229953646
0.0103610107704777	0.12040831470178
0.0103630551281369	0.0960334353722378
0.0103651002927102	0.100640562611042
0.0103671462646755	0.13769373161165
0.010369193044511	0.189093952969289
0.0103712406326953	0.227214874807516
0.0103732890297072	0.23515415246787
0.0103753382360263	0.220230627008758
0.0103773882521321	0.209811898822965
0.0103794390785049	0.230887540054825
0.010381490715625	0.2885272535866
0.0103835431639734	0.361405146358321
0.0103855964240312	0.418458833246111
0.0103876504962802	0.442731584078389
0.0103897053812022	0.443601364137866
0.0103917610792798	0.447456601124445
0.0103938175909956	0.472855469739493
0.0103958749168328	0.511269754375572
0.0103979330572749	0.532593038600293
0.0103999920128059	0.511383121509175
0.0104020517839101	0.450087542958492
0.010404112371072	0.379620891550771
0.0104061737747769	0.336429463478267
0.0104082359955101	0.332974734666926
0.0104102990337575	0.346369263343617
0.0104123628900053	0.338131117424175
0.01041442756474	0.289801346855464
0.0104164930584488	0.222003233431663
0.010418559371619	0.179334222022433
0.0104206265047383	0.193949568240388
0.0104226944582948	0.256991930631945
0.0104247632327773	0.320898645260457
0.0104268328286744	0.33400534928183
0.0104289032464757	0.281638374903995
0.0104309744866707	0.19803383130044
0.0104330465497496	0.138506849916954
0.0104351194362028	0.136568499721462
0.0104371931465213	0.179530385436236
0.0104392676811963	0.220134996607966
0.0104413430407194	0.217479839294057
0.0104434192255827	0.174716992592287
0.0104454962362786	0.137443442703043
0.0104475740733	0.153329803023592
0.01044965273714	0.230626120080436
0.0104517322282924	0.328846785182099
0.010453812547251	0.387227114809169
0.0104558936945104	0.371877433882495
0.0104579756705652	0.304622056080642
0.0104600584759107	0.245451209520274
0.0104621421110425	0.243589449737738
0.0104642265764565	0.300620173424599
0.0104663118726491	0.372579781420784
0.0104683980001171	0.406476357556191
0.0104704849593576	0.3846216224815
0.0104725727508682	0.340666661655547
0.0104746613751469	0.330548301531642
0.010476750832692	0.383854325201824
0.0104788411240022	0.478558253286638
0.0104809322495768	0.557340387084216
0.0104830242099152	0.571082197164905
0.0104851170055175	0.517485691444154
0.0104872106368839	0.443821397555646
0.0104893051045152	0.410127421842592
0.0104914004089126	0.444346744190624
0.0104934965505776	0.525150512065786
0.0104955935300122	0.601711336272905
0.0104976913477186	0.633575381839388
0.0104997900041997	0.621487563198199
0.0105018894999586	0.604463101600961
0.0105039898354989	0.624420577710483
0.0105060910113245	0.688631818718806
0.0105081930279398	0.760651660589027
0.0105102958858496	0.785010905348762
0.010512399585559	0.727012076316328
0.0105145041275736	0.599644265731077
0.0105166095123993	0.457456027017075
0.0105187157405426	0.360970919984415
0.0105208228125103	0.338206955274536
0.0105229307288096	0.37103435810494
0.010525039489948	0.413542528911285
0.0105271490964336	0.426060010370438
0.0105292595487747	0.399430042076198
0.0105313708474803	0.354558351474498
0.0105334829930595	0.321382904386412
0.010535595986022	0.314398559398352
0.0105377098268779	0.323065735269801
0.0105398245161376	0.32369615339196
0.0105419400543119	0.301006540815353
0.0105440564419122	0.26003947870373
0.0105461736794501	0.220767702239501
0.0105482917674378	0.202709450339585
0.0105504107063878	0.210849472121881
0.010552530496813	0.232293315301891
0.0105546511392266	0.24777288787084
0.0105567726341426	0.249750718144535
0.010558894982075	0.250481104598972
0.0105610181835385	0.271790507749312
0.010563142239048	0.325039379084541
0.0105652671491188	0.397700608985587
0.010567392914267	0.45767508568692
0.0105695195350086	0.473453999419105
0.0105716470118604	0.436503639396901
0.0105737753453393	0.37028196954884
0.010575904535963	0.318818636672111
0.0105780345842492	0.321026267158896
0.0105801654907164	0.387257569247978
0.0105822972558832	0.493694923453937
0.0105844298802688	0.596972084864446
0.0105865633643927	0.658193275607587
0.0105886977087751	0.662777509673169
0.0105908329139362	0.626139599589811
0.0105929689803969	0.581412899854894
0.0105951059086785	0.55751912916531
0.0105972436993026	0.564671849576629
0.0105993823527914	0.59574091083316
0.0106015218696673	0.635623417126635
0.0106036622504532	0.668396183156926
0.0106058034956727	0.681463909996071
0.0106079456058493	0.669364249844451
0.0106100885815074	0.636068537058042
0.0106122324231715	0.593732324580039
0.0106143771313668	0.558493174197164
0.0106165227066186	0.544841872289609
0.0106186691494529	0.559783144798512
0.0106208164603961	0.59882049991206
0.0106229646399748	0.646093318580877
0.0106251136887163	0.679748687254619
0.0106272636071482	0.681884732852807
0.0106294143957984	0.649285193430356
0.0106315660551955	0.597405588307887
0.0106337185858684	0.55214372873151
0.0106358719883463	0.533783982895566
0.0106380262631591	0.54453495435938
0.0106401814108368	0.56729921347425
0.0106423374319102	0.57491232223648
0.0106444943269101	0.544199682432622
0.0106466520963682	0.468165523907191
0.0106488107408163	0.360516080916759
0.0106509702607867	0.249994161490458
0.0106531306568122	0.167363051336152
0.010655291929426	0.132277342984369
0.0106574540791617	0.147370426358727
0.0106596171065534	0.201626194019319
0.0106617810121355	0.278078395126724
0.010663945796443	0.359258401151455
0.0106661114600113	0.429248482871767
0.0106682780033761	0.475519186164251
0.0106704454270737	0.491811898256529
0.0106726137316408	0.480512037497715
0.0106747829176144	0.45300678657848
0.0106769529855321	0.426743854078542
0.0106791239359319	0.418253310272421
0.0106812957693522	0.434899729275803
0.0106834684863318	0.47108622568289
0.0106856420874101	0.512117883784405
0.0106878165731267	0.544073654236153
0.0106899919440219	0.56488151723295
0.0106921682006362	0.588674425215775
0.0106943453435108	0.636063253974681
0.010696523373187	0.714939782053902
0.0106987022902069	0.809170296960818
0.0107008820951127	0.885672803194961
0.0107030627884474	0.912084594053083
0.0107052443707541	0.87249983837764
0.0107074268425767	0.776083676272483
0.0107096102044592	0.655256382505886
0.0107117944569461	0.549888091790933
0.0107139796005827	0.485295017387482
0.0107161656359143	0.462537470551046
0.0107183525634868	0.468156749876925
0.0107205403838467	0.490612396212916
0.0107227290975407	0.527919446487947
0.0107249187051161	0.582555925109797
0.0107271092071206	0.649830018718064
0.0107293006041024	0.71025183044604
0.0107314928966101	0.735510212591581
0.0107336860851927	0.706811656371035
0.0107358801703997	0.630570006303182
0.0107380751527812	0.537326829252271
0.0107402710328874	0.464194110305395
0.0107424678112693	0.433324593100487
0.0107446654884781	0.440429414989108
0.0107468640650657	0.460521403257596
0.0107490635415841	0.467659036884136
0.0107512639185861	0.455355943031636
0.0107534651966248	0.441566670841029
0.0107556673762538	0.452462450235227
0.0107578704580269	0.497400291192093
0.0107600744424989	0.556200879416738
0.0107622793302245	0.589360620607945
0.0107644851217591	0.563366815981626
0.0107666918176586	0.472782744746408
0.0107688994184793	0.344221381902306
0.0107711079247779	0.220259089586568
0.0107733173371116	0.135081655170471
0.0107755276560381	0.0995167019332486
0.0107777388821155	0.104609552967976
0.0107799510159024	0.136460125601594
0.0107821640579579	0.1874062224969
0.0107843780088413	0.255389967491437
0.0107865928691128	0.335028363444423
0.0107888086393326	0.410863207255879
0.0107910253200617	0.46181777749014
0.0107932429118614	0.475706250076799
0.0107954614152935	0.460861056620126
0.0107976808309203	0.442392666429933
0.0107999011593045	0.444720848055929
0.0108021224010092	0.47441337225008
0.0108043445565982	0.517159672046866
0.0108065676266355	0.552128223166128
0.0108087916116858	0.572643251241089
0.010811016512314	0.594453188653411
0.0108132423290858	0.642131633660575
0.0108154690625669	0.723876540006061
0.010817696713324	0.815605409307284
0.0108199252819238	0.869078358128262
0.0108221547689339	0.842172802331736
0.0108243851749219	0.731080585341198
0.0108266165004563	0.578010784541422
0.0108288487461058	0.445249044788533
0.0108310819124397	0.374785672081221
0.0108333160000276	0.36510101010781
0.0108355510094398	0.382302277907801
0.0108377869412469	0.394416988751065
0.0108400237960201	0.398834173980351
0.0108422615743309	0.420134525896125
0.0108445002767515	0.481170370948265
0.0108467399038544	0.571507782387272
0.0108489804562125	0.64163850232531
0.0108512219343995	0.634991811070783
0.0108534643389892	0.535729462328668
0.0108557076705561	0.388345279725841
0.0108579519296751	0.268059572858531
0.0108601971169216	0.226819239279388
0.0108624432328715	0.257955311526532
0.0108646902781012	0.305644823557723
0.0108669382531874	0.314442370707557
0.0108691871587074	0.281822396631886
0.0108714369952391	0.266686978225356
0.0108736877633606	0.341614775208541
0.0108759394636507	0.526059317986579
0.0108781920966887	0.753569424461162
0.0108804456630542	0.903025872405592
0.0108827001633274	0.879238673166724
0.010884955598089	0.684274236965927
0.0108872119679201	0.420082229109538
0.0108894692734022	0.21903333366512
0.0108917275151176	0.156350472651413
0.0108939866936488	0.206665858839498
0.0108962468095788	0.273452617576407
0.0108985078634913	0.268957460689025
0.0109007698559702	0.182417748096732
0.0109030327876001	0.0838087675312374
0.010905296658966	0.0649086618189943
0.0109075614706533	0.166176949162836
0.0109098272232481	0.344155171539717
0.0109120939173368	0.503802091711717
0.0109143615535065	0.570063864096686
0.0109166301323444	0.540091596576363
0.0109188996544385	0.476313837936821
0.0109211701203774	0.452190823379042
0.0109234415307498	0.495496677556096
0.0109257138861452	0.571092310297123
0.0109279871871535	0.615026644159277
0.010930261434365	0.590529847007212
0.0109325366283706	0.518246603952443
0.0109348127697617	0.457255369450018
0.0109370898591302	0.455380586078303
0.0109393678970683	0.509631310332416
0.010941646884169	0.568611505337307
0.0109439268210255	0.575113452230323
0.0109462077082318	0.512936918346339
0.0109484895463821	0.420547961523267
0.0109507723360712	0.363534312896578
0.0109530560778945	0.386351810355145
0.0109553407724478	0.476708849910091
0.0109576264203274	0.570481850777292
0.0109599130221302	0.59553195390435
0.0109622005784533	0.519541946368767
0.0109644890898947	0.367771302764926
0.0109667785570526	0.205294337245131
0.0109690689805258	0.0988071454928819
0.0109713603609138	0.0790956176184705
0.0109736526988161	0.125913807817706
0.0109759459948333	0.185573348655725
0.010978240249566	0.208721421740105
0.0109805354636157	0.182279687003691
0.010982831637584	0.136039199826208
0.0109851287720734	0.122003196929321
0.0109874268676867	0.180133046001033
0.0109897259250271	0.310410293154233
0.0109920259446986	0.468149342995974
0.0109943269273054	0.588250097599301
0.0109966288734525	0.624481105664915
0.0109989317837451	0.575895311708547
0.0110012356587891	0.482784176617522
0.0110035404991909	0.398378002928239
0.0110058463055574	0.355901266431777
0.011008153078496	0.350983738279234
0.0110104608186145	0.351456269991204
0.0110127695265213	0.327846644057905
0.0110150792028254	0.279202609149821
0.0110173898481362	0.232167623028624
0.0110197014630636	0.215926594857923
0.0110220140482181	0.236447589188021
0.0110243276042107	0.272100629228546
0.0110266421316527	0.293576924020772
0.0110289576311563	0.291260170751009
0.0110312741033338	0.286036653116981
0.0110335915487984	0.310453731785255
0.0110359099681635	0.374061505127421
0.0110382293620432	0.446309024597351
0.0110405497310521	0.475897532570005
0.0110428710758052	0.431129656048385
0.0110451933969182	0.329112248694565
0.0110475166950071	0.230792428908312
0.0110498409706887	0.201504666257705
0.0110521662245799	0.264199835214249
0.0110544924572986	0.383106180689952
0.0110568196694629	0.49154471382284
0.0110591478616916	0.540949179065873
0.0110614770346038	0.533256080245554
0.0110638071888193	0.512479176674605
0.0110661383249584	0.522963988496447
0.0110684704436419	0.570146572896204
0.0110708035454912	0.616467499283366
0.011073137631128	0.613088961144109
0.0110754727011748	0.540138403622241
0.0110778087562544	0.423467111080408
0.0110801457969904	0.31362299832827
0.0110824838240065	0.245250314135951
0.0110848228379274	0.214018446984083
0.011087162839378	0.190071866968357
0.0110895038289838	0.15337021514764
0.0110918458073709	0.119259365442362
0.011094188775166	0.129450631078048
0.011096532732996	0.211755974629399
0.0110988776814888	0.344716399541849
0.0111012236212724	0.462889627966163
0.0111035705529755	0.500225963427654
0.0111059184772275	0.437360469805378
0.011108267394658	0.31877729982546
0.0111106173058974	0.224947942680996
0.0111129682115766	0.215002043604946
0.0111153201123269	0.283835303228629
0.0111176730087802	0.370352487974825
0.011120026901569	0.408838625252374
0.0111223817913262	0.379950253243695
0.0111247376786855	0.322726627148301
0.0111270945642807	0.30095989079853
0.0111294524487466	0.350725149884857
0.0111318113327182	0.449511470966647
0.0111341712168312	0.53109963146107
0.0111365321017219	0.536022441826458
0.011138893988027	0.459013780773439
0.0111412568763837	0.353483835527193
0.0111436207674299	0.287199440740514
0.011145985661804	0.287331719559798
0.0111483515601448	0.321157787428405
0.0111507184630919	0.325462604063598
0.0111530863712853	0.260623255968907
0.0111554552853654	0.148888083765617
0.0111578252059734	0.0642854325737436
0.0111601961337509	0.0766708017240324
0.01116256806934	0.193317780143018
0.0111649410133836	0.346676274284045
0.0111673149665248	0.439724273425959
0.0111696899294075	0.415599036468582
0.011172065902676	0.299817925541815
0.0111744428869754	0.183065076218678
0.0111768208829509	0.156642754532719
0.0111791998912487	0.247527604806135
0.0111815799125153	0.400285882943052
0.0111839609473977	0.51924955124025
0.0111863429965438	0.538401496114699
0.0111887260606017	0.46480589891704
0.0111911101402201	0.36532821607461
0.0111934952360484	0.312519668130125
0.0111958813487364	0.331792346455753
0.0111982684789347	0.386569381209816
0.0112006566272941	0.412575590361805
0.0112030457944662	0.375114833294213
0.0112054359811031	0.299048468731395
0.0112078271878575	0.243938062889848
0.0112102194153825	0.249453785928283
0.011212612664332	0.300794968813104
0.0112150069353602	0.340729595412447
0.0112174022291221	0.317274243687737
0.0112197985462731	0.23098002667994
0.0112221958874692	0.141878553537167
0.0112245942533669	0.124989359838657
0.0112269936446234	0.209212340418711
0.0112293940618964	0.350049641315776
0.0112317955058441	0.458115801060444
0.0112341979771253	0.463085143052675
0.0112366014763995	0.365412703938731
0.0112390060043265	0.235037017827176
0.0112414115615669	0.159280382190965
0.0112438181487817	0.182278888858567
0.0112462257666327	0.278566788260559
0.0112486344157819	0.376060344068732
0.0112510440968921	0.41095919234274
0.0112534548106268	0.372124664025668
0.0112558665576498	0.300181496116097
0.0112582793386256	0.248964595906264
0.0112606931542192	0.246310642528596
0.0112631080050963	0.28140717606428
0.011265523891923	0.321739873067831
0.0112679408153662	0.343199067457011
0.0112703587760931	0.347308337440606
0.0112727777747717	0.351342028569048
0.0112751978120704	0.363923569357191
0.0112776188886583	0.371283603371199
0.011280041005205	0.347421479636176
0.0112824641623808	0.279268328001909
0.0112848883608564	0.18348275857063
0.0112873136013031	0.0986643208462795
0.011289739884393	0.0593646967413855
0.0112921672107985	0.0724994956518081
0.0112945955811927	0.113317235287353
0.0112970249962493	0.144285799932244
0.0112994554566426	0.143010211917448
0.0113018869630473	0.116863916231243
0.0113043195161389	0.094082176933866
0.0113067531165934	0.101463249781132
0.0113091877650873	0.146471581606952
0.0113116234622979	0.214803321631736
0.0113140602089028	0.282509249324371
0.0113164980055804	0.331837663974967
0.0113189368530095	0.358798553670258
0.0113213767518698	0.368978871918477
0.0113238177028412	0.368137259230842
0.0113262597066045	0.35687141120198
0.0113287027638409	0.333016703860203
0.0113311468752323	0.297557141775337
0.011333592041461	0.257257215021311
0.0113360382632101	0.221467057235539
0.0113384855411632	0.196152547079574
0.0113409338760045	0.180192986596691
0.0113433832684189	0.16690416298144
0.0113458337190916	0.149616492324496
0.0113482852287088	0.126927891966085
0.0113507377979568	0.103483433434575
0.011353191427523	0.0860510566325288
0.0113556461180951	0.0788691163200235
0.0113581018703613	0.082160556955471
0.0113605586850108	0.093795216750799
0.0113630165627329	0.111515383037011
0.0113654755042179	0.133750151998128
0.0113679355101565	0.158511286380661
0.0113703965812401	0.181608292452214
0.0113728587181605	0.196951761730259
0.0113753219216104	0.200206447285101
0.0113777861922827	0.19300729508262
0.0113802515308714	0.183580247384118
0.0113827179380707	0.182670151411083
0.0113851854145756	0.197388281686637
0.0113876539610815	0.226939423060718
0.0113901235782848	0.262901560143918
0.011392594266882	0.293649679869321
0.0113950660275706	0.30977796077106
0.0113975388610485	0.30744271171383
0.0114000127680143	0.288865411931127
0.0114024877491671	0.260912526590925
0.0114049638052068	0.232921219673824
0.0114074409368338	0.214572992729821
0.011409919144749	0.213374609376019
0.011412398429654	0.230688354763783
0.011414878792251	0.25816410057033
0.011417360233243	0.279515147591561
0.0114198427533332	0.279111930166072
0.0114223263532258	0.252045368253209
0.0114248110336255	0.208863683305467
0.0114272967952375	0.171741761004055
0.0114297836387676	0.162655882290759
0.0114322715649225	0.188968740929916
0.0114347605744092	0.236944332931955
0.0114372506679354	0.280543833272375
0.0114397418462096	0.299716481632192
0.0114422341099406	0.293799483268855
0.0114447274598382	0.281065421562183
0.0114472218966123	0.286261838299588
0.011449717420974	0.324939886317855
0.0114522140336347	0.39507349547729
0.0114547117353063	0.48129732249057
0.0114572105267017	0.566184712161274
0.0114597104085341	0.636948709815229
0.0114622113815174	0.682975880246211
0.0114647134463662	0.691282420425776
0.0114672166037957	0.649093778038082
0.0114697208545217	0.553812491567152
0.0114722261992606	0.422083123500615
0.0114747326387295	0.289029309147743
0.011477240173646	0.193933618444715
0.0114797488047286	0.157954397905301
0.011482258532696	0.169585575905778
0.0114847693582678	0.192594098477135
0.0114872812821644	0.193170607301823
0.0114897943051064	0.165368833390539
0.0114923084278154	0.135581220623931
0.0114948236510135	0.14261162919397
0.0114973399754233	0.206493612543866
0.0114998574017682	0.309048846080135
0.0115023759307723	0.403581514516733
0.01150489556316	0.447964538014493
0.0115074162996568	0.433511893763358
0.0115099381409885	0.385921653237335
0.0115124610878815	0.34130564989555
0.0115149851410632	0.320628588595186
0.0115175103012612	0.321798115000239
0.0115200365692041	0.330964793013248
0.0115225639456209	0.340643194090525
0.0115250924312413	0.357801766967759
0.0115276220267957	0.392946429132802
0.0115301527330152	0.440416405302325
0.0115326845506313	0.472256987497535
0.0115352174803763	0.456157224917225
0.0115377515229832	0.384202984838516
0.0115402866791856	0.287472600680245
0.0115428229497176	0.220382032139955
0.0115453603353142	0.223060994775704
0.0115478988367109	0.291230909671454
0.0115504384546437	0.378396021712139
0.0115529791898497	0.428674487230767
0.0115555210430661	0.415915630474741
0.011558064015031	0.360721062766624
0.0115606081064834	0.312163294036231
0.0115631533181625	0.3085953079834
0.0115656996508084	0.34977033689989
0.0115682471051619	0.401007474942645
0.0115707956819642	0.422735696609544
0.0115733453819574	0.401325577156761
0.0115758962058843	0.358153163852281
0.011578448154488	0.330563478794588
0.0115810012285126	0.342017605397717
0.0115835554287028	0.388021713739211
0.0115861107558037	0.447136450862897
0.0115886672105615	0.501986263118764
0.0115912247937226	0.550076125604853
0.0115937835060344	0.597535279143542
0.0115963433482447	0.643612443733963
0.0115989043211022	0.670980047458203
0.0116014664253562	0.653532565314302
0.0116040296617565	0.578375449786345
0.0116065940310537	0.463313264930294
0.0116091595339991	0.351947984206472
0.0116117261713445	0.286672574200543
0.0116142939438426	0.280266848169232
0.0116168628522465	0.309490709176711
0.0116194328973103	0.334452984041957
0.0116220040797883	0.326469800975583
0.011624576400436	0.284575979797793
0.0116271498600091	0.232035638086056
0.0116297244592644	0.196656340002183
0.0116323001989589	0.18963390974813
0.0116348770798507	0.19999446511956
0.0116374551026982	0.207114296335358
0.0116400342682609	0.197734021746463
0.0116426145772986	0.174807855830125
0.0116451960305719	0.154596374946716
0.0116477786288422	0.154819448289897
0.0116503623728713	0.182668230410584
0.0116529472634219	0.23257361248506
0.0116555333012573	0.293427537321481
0.0116581204871416	0.35561882826837
0.0116607088218393	0.412086303143687
0.0116632983061159	0.455712957875949
0.0116658889407373	0.477579382221519
0.0116684807264703	0.469062846665241
0.0116710736640823	0.42788594068752
0.0116736677543412	0.363535748407382
0.011676262998016	0.295706864140645
0.011678859395876	0.244779955372768
0.0116814569486913	0.220799014652696
0.0116840556572328	0.218980376892417
0.011686655522272	0.224627789172729
0.011689256544581	0.223771658759985
0.0116918587249327	0.212239355147422
0.0116944620641007	0.196930888137322
0.0116970665628591	0.188957697249861
0.0116996722219831	0.194823765461553
0.0117022790422481	0.212451904138246
0.0117048870244305	0.233755638342093
0.0117074961693073	0.250736358913905
0.0117101064776562	0.2606520211526
0.0117127179502557	0.26684567062142
0.0117153305878847	0.274783757162335
0.0117179443913231	0.287056358818507
0.0117205593613515	0.302667591865568
0.0117231754987508	0.320984227141287
0.0117257928043031	0.344431026465437
0.011728411278791	0.375717856071637
0.0117310309229976	0.41250832214195
0.0117336517377069	0.445225941843075
0.0117362737237038	0.46096259202683
0.0117388968817734	0.451975327911862
0.0117415212127019	0.422667672360878
0.0117441467172762	0.388076116844672
0.0117467733962836	0.363384914438799
0.0117494012505123	0.352707776483994
0.0117520302807514	0.346760130333018
0.0117546604877903	0.331527240854411
0.0117572918724193	0.300652958745574
0.0117599244354296	0.261167496699467
0.0117625581776128	0.227691425797715
0.0117651930997614	0.209583682998388
0.0117678292026684	0.201910173120103
0.0117704664871279	0.189367796913005
0.0117731049539343	0.161186023578259
0.0117757446038829	0.1237193919793
0.0117783854377697	0.0980196993457332
0.0117810274563914	0.102622310130236
0.0117836706605455	0.136471231827121
0.0117863150510301	0.178409253864463
0.011788960628644	0.204519296432455
0.0117916073941869	0.208561494682373
0.011794255348459	0.208920779729284
0.0117969044922613	0.234959589288018
0.0117995548263956	0.300382873564722
0.0118022063516643	0.386223389177302
0.0118048590688706	0.452132090133
0.0118075129788183	0.466919227009878
0.0118101680823122	0.431033650711382
0.0118128243801575	0.374552683085363
0.0118154818731604	0.333839561043959
0.0118181405621276	0.323973756242175
0.0118208004478666	0.329893611562817
0.0118234615311856	0.325503058693028
0.0118261238128938	0.302383705338875
0.0118287872938007	0.279831293208074
0.0118314519747167	0.286736692581639
0.0118341178564532	0.331189916271304
0.0118367849398219	0.38537297232492
0.0118394532256354	0.402084985098945
0.0118421227147072	0.351694095705568
0.0118447934078514	0.249914741174593
0.0118474653058827	0.153056364102509
0.0118501384096167	0.120156965201119
0.0118528127198698	0.16838877312024
0.0118554882374589	0.259584837026905
0.0118581649632018	0.331166964383151
0.0118608428979171	0.344515896996066
0.011863522042424	0.311097050642814
0.0118662023975425	0.279977958077827
0.0118688839640934	0.30006777170657
0.011871566742898	0.384124227961178
0.0118742507347787	0.499240428891075
0.0118769359405584	0.591283313617094
0.0118796223610608	0.624682650639308
0.0118823099971103	0.604408190968356
0.0118849988495322	0.562327388379423
0.0118876889191524	0.524350346841077
0.0118903802067976	0.491046980919567
0.0118930727132952	0.447073748828574
0.0118957664394735	0.386468995098556
0.0118984613861613	0.328013541733593
0.0119011575541884	0.304776183390752
0.0119038549443853	0.335811276489704
0.011906553557583	0.404988271151885
0.0119092533946137	0.466068285336288
0.0119119544563099	0.472059911109246
0.0119146567435052	0.409284476352326
0.0119173602570337	0.31171605136613
0.0119200649977305	0.242164256838428
0.0119227709664313	0.25095647815379
0.0119254781639726	0.341507570482381
0.0119281865911916	0.467220073761356
0.0119308962489263	0.560660962902829
0.0119336071380156	0.574264271139702
0.011936319259299	0.506302400968962
0.0119390326136167	0.397856242342879
0.0119417472018099	0.306527578220995
0.0119444630247204	0.275805744581058
0.0119471800831907	0.316220116453795
0.0119498983780643	0.403125196592298
0.0119526179101853	0.48967757821329
0.0119553386803985	0.53082536202284
0.0119580606895497	0.507241834631882
0.0119607839384853	0.43395404846119
0.0119635084280525	0.348771360373423
0.0119662341590993	0.291808865575535
0.0119689611324745	0.289194687794835
0.0119716893490275	0.344342695355262
0.0119744188096088	0.437264898246535
0.0119771495150693	0.534874951944289
0.0119798814662609	0.608083259219726
0.0119826146640363	0.641136580341024
0.011985349109249	0.627448916141359
0.011988084802753	0.565532670654801
0.0119908217454033	0.465043379447931
0.0119935599380558	0.351697857488001
0.0119962993815669	0.258861433122721
0.011999040076794	0.212350776195309
0.0120017820245951	0.219474566688654
0.0120045252258292	0.263989538919442
0.012007269681356	0.310780904208629
0.0120100153920358	0.327060813310067
0.01201276235873	0.308958024099682
0.0120155105823006	0.288329498513076
0.0120182600636104	0.312343007878157
0.0120210108035229	0.411670550849202
0.0120237628029027	0.575068621767914
0.012026516062615	0.744654394923431
0.0120292705835256	0.842369605228282
0.0120320263665014	0.817329683659305
0.01203478341241	0.680267257327087
0.0120375417221197	0.497657003501569
0.0120403012964998	0.350312394781897
0.0120430621364201	0.287034844297908
0.0120458242427514	0.303550879998367
0.0120485876163654	0.35489315516636
0.0120513522581343	0.388336967063034
0.0120541181689314	0.377755498026701
0.0120568853496305	0.338943430786829
0.0120596538011065	0.311932686944305
0.012062423524235	0.325070688013962
0.0120651945198923	0.375482568157654
0.0120679667889555	0.437539941663322
0.0120707403323028	0.482539637848536
0.0120735151508128	0.496153242329916
0.0120762912453652	0.487341106687768
0.0120790686168405	0.479244963839196
0.0120818472661197	0.48646117930586
0.012084627194085	0.501342600218088
0.0120874084016193	0.501208855946329
0.012090190889606	0.467073026952294
0.0120929746589299	0.400605899858315
0.012095759710476	0.32725168250417
0.0120985460451306	0.278776144201653
0.0121013336637805	0.269268921946345
0.0121041225673136	0.28727964704779
0.0121069127566183	0.307529100849495
0.012109704232584	0.308950205620519
0.0121124969961009	0.287920983797538
0.01211529104806	0.259688536395908
0.0121180863893533	0.245009138565587
0.0121208830208733	0.251848438585016
0.0121236809435135	0.26862562728859
0.0121264801581682	0.273842249949522
0.0121292806657327	0.253378990449938
0.0121320824671028	0.213867349633346
0.0121348855631753	0.182470229167687
0.0121376899548479	0.1902445970818
0.0121404956430191	0.249914570982743
0.012143302628588	0.345354991554638
0.0121461109124549	0.439963615871919
0.0121489204955206	0.497276968872678
0.012151731378687	0.502314154456638
0.0121545435628566	0.472104015413663
0.012157357048933	0.446111488526627
0.0121601718378204	0.458664238668197
0.012162987930424	0.511780016750216
0.0121658053276496	0.570071911169694
0.0121686240304042	0.583057070904056
0.0121714440395953	0.519879678809959
0.0121742653561315	0.394271612775032
0.0121770879809221	0.263289644978253
0.0121799119148772	0.195813552742851
0.0121827371589079	0.226378364288653
0.012185563713926	0.328134813620749
0.0121883915808443	0.430280947922967
0.0121912207605763	0.467097576150344
0.0121940512540364	0.42005727933752
0.0121968830621399	0.327818038307768
0.0121997161858028	0.262150612953193
0.0122025506259422	0.280334645801677
0.0122053863834758	0.382939141723953
0.0122082234593224	0.515533797765594
0.0122110618544013	0.615956796032078
0.0122139015696331	0.659723428937361
0.0122167426059389	0.664915410114542
0.0122195849642408	0.665951519598061
0.0122224286454617	0.683402555428295
0.0122252736505256	0.707561675232728
0.0122281199803569	0.707940449844706
0.0122309676358813	0.664686839126988
0.0122338166180252	0.593291641791734
0.0122366669277157	0.536221463130328
0.0122395185658811	0.52595103148971
0.0122423715334502	0.551627718838372
0.012245225831353	0.563818352990493
0.0122480814605202	0.517579984810723
0.0122509384218833	0.413588240787471
0.0122537967163748	0.302971594412785
0.012256656344928	0.256248257939207
0.0122595173084771	0.313111149229212
0.0122623796079572	0.442907859523212
0.0122652432443042	0.558395299400279
0.0122681082184549	0.582798793584749
0.0122709745313471	0.506317269441403
0.0122738421839193	0.385828942985502
0.0122767111771109	0.305028644735965
0.0122795815118622	0.32397633301375
0.0122824531891146	0.437889746622243
0.01228532620981	0.577826207973842
0.0122882005748914	0.66370397572969
0.0122910762853026	0.662385861103786
0.0122939533419885	0.599214351621274
0.0122968317458945	0.526472535276634
0.0122997114979673	0.485701237366193
0.0123025925991542	0.488451002466791
0.0123054750504034	0.520161085185365
0.0123083588526642	0.558621986562029
0.0123112440068866	0.590451497293572
0.0123141305140215	0.613207625409353
0.0123170183750209	0.624468745237847
0.0123199075908373	0.612575237609582
0.0123227981624245	0.563795346983296
0.012325690090737	0.481012820644345
0.0123285833767301	0.391508110146269
0.0123314780213603	0.332186184144687
0.0123343740255846	0.324936946519665
0.0123372713903613	0.361228267739042
0.0123401701166493	0.404720012149609
0.0123430702054086	0.411740745425203
0.0123459716576	0.360998810598085
0.0123488744741851	0.272189631639493
0.0123517786561267	0.195691796363601
0.0123546842043882	0.179940541746495
0.0123575911199341	0.24223789056748
0.0123604994037297	0.361273317037317
0.0123634090567413	0.490490061770333
0.0123663200799361	0.58200550295572
0.0123692324742821	0.609262522668424
0.0123721462407483	0.576185179605296
0.0123750613803046	0.508264528773374
0.0123779778939219	0.435247761362809
0.0123808957825719	0.379106719167756
0.0123838150472271	0.35096132278438
0.0123867356888613	0.35172415147614
0.0123896577084488	0.372582122825571
0.012392581106965	0.396058384900142
0.0123955058853864	0.400147602261026
0.0123984320446901	0.367350051939832
0.0124013595858543	0.296172194614016
0.0124042885098581	0.207181894375896
0.0124072188176816	0.136485435343884
0.0124101505103056	0.117395800097616
0.012413083588712	0.159666295442786
0.0124160180538837	0.239938912970636
0.0124189539068044	0.312779071197228
0.0124218911484587	0.337407113406327
0.0124248297798322	0.302472967310263
0.0124277698019115	0.233073741841925
0.012430711215684	0.17625601185432
0.0124336540221381	0.173040233683328
0.0124365982222631	0.233890655571644
0.0124395438170494	0.334909572612651
0.012442490807488	0.436481372846746
0.0124454391945712	0.506548995606166
0.0124483889792921	0.530837159613646
0.0124513401626446	0.510400456043743
0.0124542927456238	0.456210065155262
0.0124572467292255	0.384545310067127
0.0124602021144467	0.313182673234596
0.0124631589022851	0.259782983369569
0.0124661170937394	0.239864317163044
0.0124690766898095	0.258605247879171
0.0124720376914959	0.300462545759357
0.0124750000998002	0.330723419334406
0.012477963915725	0.315592215530123
0.0124809291402739	0.248335751087152
0.0124838957744512	0.159613663090973
0.0124868638192624	0.101455023179772
0.0124898332757138	0.114912479956185
0.0124928041448128	0.202313025788062
0.0124957764275677	0.322147951287148
0.0124987501249877	0.413022750764802
0.0125017252380831	0.432498998067663
0.0125047017678649	0.380527557119469
0.0125076797153454	0.291582946284625
0.0125106590815377	0.209282786262709
0.0125136398674558	0.163434255477417
0.0125166220741147	0.1589300499503
0.0125196057025304	0.18069120305794
0.0125225907537199	0.210132264723192
0.0125255772287012	0.23587111836362
0.0125285651284932	0.24992756773466
0.0125315544541157	0.242467560417931
0.0125345452065896	0.207327961446111
0.0125375373869367	0.15257965068993
0.0125405309961799	0.103553040318245
0.0125435260353429	0.0923141028518539
0.0125465225054504	0.13713880655578
0.0125495204075283	0.225116024676972
0.0125525197426033	0.313395193326064
0.012555520511703	0.352878917948302
0.0125585227158561	0.320196385877039
0.0125615263560924	0.234662629818215
0.0125645314334424	0.146689033606318
0.0125675379489378	0.105868298662508
0.0125705459036113	0.130911131703511
0.0125735552984964	0.200621950566037
0.0125765661346279	0.270884284921556
0.0125795784130411	0.304803236300896
0.0125825921347729	0.293398215116294
0.0125856073008607	0.254239495408292
0.0125886239123431	0.215366682211474
0.0125916419702598	0.199233090292584
0.0125946614756512	0.214686813748901
0.012597682429559	0.257680402900678
0.0126007048330258	0.316681317819334
0.012603728687095	0.376547950372769
0.0126067539928114	0.419343784317523
0.0126097807512204	0.427288770845576
0.0126128089633686	0.391019616725573
0.0126158386303037	0.31784028523693
0.0126188697530742	0.231834966181947
0.0126219023327298	0.163607500191375
0.0126249363703209	0.134850118939028
0.0126279718668994	0.146745627278692
0.0126310088235178	0.180150946594241
0.0126340472412297	0.208377935866644
0.0126370871210898	0.213763755653212
0.0126401284641539	0.196826800636699
0.0126431712714785	0.173621025407769
0.0126462155441214	0.164591922369737
0.0126492612831413	0.182044809612557
0.012652308489598	0.22340376150407
0.0126553571645523	0.273188880549298
0.0126584073090659	0.310830814491154
0.0126614589242017	0.319526799851229
0.0126645120110235	0.292976656017205
0.0126675665705961	0.238206452461664
0.0126706226039855	0.173544511960733
0.0126736801122587	0.12198072600766
0.0126767390964834	0.101528265641473
0.0126797995577289	0.116320069360773
0.0126828614970649	0.153711500249344
0.0126859249155628	0.190469934454343
0.0126889898142944	0.205142578872079
0.0126920561943329	0.188982725734844
0.0126951240567526	0.149427834788724
0.0126981934026285	0.105747245643471
0.012701264233037	0.0799456756693029
0.0127043365490553	0.086915174408882
0.0127074103517617	0.128303614562544
0.0127104856422357	0.192651997406074
0.0127135624215576	0.260698674513288
0.0127166406908089	0.313236883769975
0.0127197204510721	0.33853233429568
0.0127228017034308	0.33642229709745
0.0127258844489695	0.317994163066376
0.0127289686887739	0.299836015214303
0.0127320544239308	0.292847992209451
0.0127351416555279	0.29381611797004
0.0127382303846541	0.29035580382279
0.0127413206123991	0.274566570703695
0.012744412339854	0.250722950082204
0.0127475055681107	0.233163298915205
0.0127506002982623	0.239016913502997
0.0127536965314029	0.278419524825049
0.0127567942686278	0.348281014531199
0.012759893511033	0.436404773660541
0.012762994259716	0.530685352060236
0.0127660965157751	0.622925970138414
0.0127692002803098	0.70513224773676
0.0127723055544205	0.762058922226024
0.012775412339209	0.76841858887755
0.0127785206357777	0.701305366254275
0.0127816304452305	0.562544014126126
0.0127847417686722	0.388334096428351
0.0127878546072086	0.23420804456849
0.0127909689619467	0.145677786154899
0.0127940848339945	0.133303417642829
0.0127972022244612	0.168955582824931
0.0128003211344569	0.208025747756612
0.012803441565093	0.22118954916759
0.0128065635174818	0.211987249398018
0.0128096869927367	0.209771656882884
0.0128128119919723	0.243157742731276
0.0128159385163042	0.312877569453341
0.0128190665668492	0.388987414771943
0.0128221961447249	0.436594177036933
0.0128253272510504	0.443623149905554
0.0128284598869457	0.425288455000264
0.0128315940535317	0.406807396765786
0.0128347297519307	0.401707931453262
0.0128378669832659	0.402728078854496
0.0128410057486618	0.39327769884208
0.0128441460492437	0.368740180795602
0.0128472878861384	0.345655123340404
0.0128504312604734	0.3492469151342
0.0128535761733776	0.389211539453116
0.0128567226259808	0.442756399575378
0.012859870619414	0.46265921208978
0.0128630201548093	0.411135120350002
0.0128661712333	0.292981627371984
0.0128693238560204	0.157507141791086
0.0128724780241058	0.0678973490295338
0.0128756337386929	0.0629277482315166
0.0128787910009194	0.136763635493756
0.0128819498119239	0.248060831003642
0.0128851101728463	0.349389016460074
0.0128882720848278	0.413437346550855
0.0128914355490105	0.439067693347526
0.0128946005665375	0.439417704789763
0.0128977671385533	0.425139491839455
0.0129009352662034	0.397339643215122
0.0129041049506344	0.356835133784005
0.0129072761929941	0.317476700476443
0.0129104489944313	0.304348878718659
0.0129136233560961	0.335919380144801
0.0129167992791396	0.407220124969517
0.0129199767647141	0.489409431676493
0.0129231558139731	0.548201299034833
0.012926336428071	0.568909660195179
0.0129295186081635	0.567996283450972
0.0129327023554075	0.581012066860673
0.012935887670961	0.6352507316137
0.0129390745559831	0.725266363255126
0.0129422630116339	0.809612925364632
0.0129454530390749	0.835339442573786
0.0129486446394686	0.77284553268566
0.0129518378139788	0.633363530072843
0.0129550325637702	0.459986827754483
0.0129582288900088	0.30366410913223
0.0129614267938618	0.199449373120314
0.0129646262764974	0.155730624030953
0.0129678273390852	0.160551627694161
0.0129710299827956	0.195035803223558
0.0129742342088004	0.241416704124297
0.0129774400182726	0.284149625413203
0.0129806474123862	0.309227847946801
0.0129838563923164	0.306502245258142
0.0129870669592397	0.277483753882918
0.0129902791143335	0.242580660808643
0.0129934928587767	0.235551593374542
0.012996708193749	0.284057290392248
0.0129999251204317	0.390515963900644
0.0130031436400068	0.526505184684924
0.0130063637536577	0.643457765304395
0.0130095854625692	0.695346124221965
0.0130128087679268	0.663731379897117
0.0130160336709175	0.570196533637958
0.0130192601727295	0.464869371918237
0.0130224882745519	0.39697619129054
0.0130257179775753	0.388226920688511
0.0130289492829912	0.425042672654457
0.0130321821919926	0.469629529685244
0.0130354167057733	0.481334389602385
0.0130386528255286	0.438573332996143
0.0130418905524548	0.349880489078291
0.0130451298877496	0.246916640610981
0.0130483708326117	0.165893680300242
0.013051613388241	0.130827074326384
0.0130548575558386	0.145814919743839
0.0130581033366069	0.1968119148636
0.0130613507317495	0.26081353136384
0.013064599742471	0.317050617921611
0.0130678503699773	0.354011103897333
0.0130711026154757	0.371263319437685
0.0130743564801744	0.378424225734785
0.013077611965283	0.391284950741606
0.0130808690720121	0.424394611271202
0.0130841278015738	0.483150769869374
0.0130873881551812	0.560376203207396
0.0130906501340486	0.638877689782651
0.0130939137393917	0.697300313063395
0.0130971789724271	0.7168462279478
0.013100445834373	0.689127109154707
0.0131037143264485	0.623547483832867
0.013106984449874	0.546761041571588
0.0131102562058713	0.49040094782734
0.0131135295956631	0.475423304911087
0.0131168046204735	0.502621519643275
0.0131200812815279	0.551018233511666
0.0131233595800529	0.585549615165402
0.0131266395172761	0.575211195614365
0.0131299210944266	0.510911921349251
0.0131332043127346	0.408011246711178
0.0131364891734315	0.294587132849924
0.01313977567775	0.197644209259955
0.0131430638269241	0.133107635740139
0.0131463536221889	0.101432176214662
0.0131496450647808	0.092644101201251
0.0131529381559374	0.0981711582797622
0.0131562328968976	0.118745902501113
0.0131595292889015	0.16210297816154
0.0131628273331905	0.23363848821025
0.0131661270310072	0.32739852885162
0.0131694283835953	0.424986613688962
0.0131727313922	0.504582620916185
0.0131760360580677	0.552346331179637
0.0131793423824459	0.567029578614621
0.0131826503665835	0.556802838046135
0.0131859600117306	0.532576547624342
0.0131892713191386	0.502174820326016
0.0131925842900599	0.468775721041503
0.0131958989257487	0.433944806109512
0.0131992152274598	0.401226684486264
0.0132025331964499	0.376210735661856
0.0132058528339764	0.362949070695486
0.0132091741412984	0.359861398995288
0.013212497119676	0.358982603479302
0.0132158217703707	0.349877996317501
0.0132191480946453	0.325359787529893
0.0132224760937636	0.28492711093723
0.0132258057689911	0.234245205721468
0.0132291371215942	0.181767448144856
0.0132324701528407	0.135393268824529
0.0132358048639999	0.101807812491451
0.013239141256342	0.0881487943400628
0.0132424793311387	0.102706244086476
0.013245819089663	0.152017544716916
0.013249160533189	0.235574865564577
0.0132525036629924	0.342676275120515
0.0132558484803499	0.454977768905088
0.0132591949865397	0.553483803530564
0.013262543182841	0.625126330472874
0.0132658930705346	0.665232881351055
0.0132692446509025	0.676171116768321
0.0132725979252279	0.664936584618428
0.0132759528947954	0.641393284280762
0.0132793095608908	0.616458327921528
0.0132826679248014	0.599047498378082
0.0132860279878155	0.59242730859075
0.0132893897512231	0.592542424557893
0.013292753216315	0.590558328395562
0.0132961183843838	0.578642844626943
0.0132994852567231	0.554839701260579
0.0133028538346279	0.523383795529893
0.0133062241193945	0.490056881627813
0.0133095961123206	0.455843122573044
0.0133129698147052	0.414498642102224
0.0133163452278484	0.357112304236676
0.0133197223530519	0.280549276342513
0.0133231011916186	0.194188426055158
0.0133264817448527	0.120468760350358
0.0133298640140597	0.0857433151325021
0.0133332480005466	0.104475789493231
0.0133366337056215	0.169827376271249
0.0133400211305939	0.25964783441571
0.0133434102767748	0.35104215471082
0.0133468011454763	0.431730769965944
0.013350193738012	0.501867656601418
0.0133535880556967	0.564999655484903
0.0133569840998466	0.616226157659392
0.0133603818717793	0.641657356731837
0.0133637813728136	0.630761796175106
0.0133671826042698	0.588325452057892
0.0133705855674695	0.535441657714907
0.0133739902637355	0.498115811223877
0.0133773966943922	0.489296010670484
0.0133808048607651	0.499079764078375
0.0133842147641813	0.504182896037519
0.013387626405969	0.487189905459342
0.0133910397874579	0.44784030206061
0.013394454909979	0.400512210683766
0.0133978717748648	0.361562358428915
0.0134012903834489	0.334412925162045
0.0134047107370665	0.305498710457399
0.0134081328370541	0.257134992516844
0.0134115566847495	0.185871690989832
0.0134149822814919	0.110584007364525
0.0134184096286218	0.0637720133117896
0.0134218387274813	0.0700608927985238
0.0134252695794136	0.127919649869064
0.0134287021857635	0.212144318298064
0.0134321365478769	0.293670208167394
0.0134355726671014	0.357076747987122
0.0134390105447857	0.405452052657122
0.0134424501822801	0.453082095774607
0.0134458915809361	0.509134574983857
0.0134493347421068	0.5652960045104
0.0134527796671464	0.602322499014702
0.0134562263574108	0.609045315166102
0.013459674814257	0.593373300625861
0.0134631250390435	0.577244510712342
0.0134665770331304	0.580740513923008
0.0134700307978789	0.605421479278031
0.0134734863346517	0.631561626135335
0.0134769436448129	0.63488335781483
0.0134804027297281	0.606389192098999
0.0134838635907641	0.556717525000313
0.0134873262292893	0.505415715875624
0.0134907906466734	0.465052712552683
0.0134942568442876	0.430450878602721
0.0134977248235042	0.383506413541512
0.0135011945856974	0.312083235371778
0.0135046661322425	0.225114899626087
0.0135081394645162	0.150056903406393
0.0135116145838968	0.115758614748074
0.0135150914917639	0.133228707251778
0.0135185701894984	0.188314494841731
0.0135220506784829	0.252802017617677
0.0135255329601013	0.304193561710626
0.0135290170357387	0.338138213256014
0.0135325029067821	0.36712173258777
0.0135359905746195	0.407530564570849
0.0135394800406406	0.463169955020184
0.0135429713062363	0.519781818048292
0.0135464643727992	0.55672572522555
0.0135499592417231	0.563283433964229
0.0135534559144034	0.544984362455119
0.0135569543922368	0.517809857005324
0.0135604546766216	0.495327345513996
0.0135639567689575	0.477890123228132
0.0135674606706455	0.454952403001074
0.0135709663830883	0.419698860212513
0.0135744739076897	0.379916650315536
0.0135779832458554	0.352938709911453
0.0135814943989922	0.349896904737818
0.0135850073685085	0.363831617820769
0.0135885221558141	0.371676275527882
0.0135920387623203	0.349232658182627
0.0135955571894399	0.289127379009096
0.0135990774385871	0.209107352429329
0.0136025995111775	0.142903116306338
0.0136061234086283	0.118048546199608
0.0136096491323582	0.137297775077395
0.0136131766837871	0.178635648883653
0.0136167060643367	0.212953109525328
0.01362023727543	0.224997306170695
0.0136237703184916	0.223011103268745
0.0136273051949473	0.23147078227366
0.0136308419062247	0.272369488155139
0.0136343804537527	0.3483682884584
0.0136379208389618	0.440399230003868
0.0136414630632838	0.52134876312359
0.0136450071281523	0.573794322378453
0.013648553035002	0.597101743036744
0.0136521007852694	0.601126225537217
0.0136556503803923	0.594828083691413
0.0136592018218102	0.578519631422766
0.013662755110964	0.545811800244554
0.0136663102492959	0.495402406844093
0.0136698672382499	0.440327882998419
0.0136734260792714	0.401214959131506
0.0136769867738072	0.38951841783908
0.0136805493233058	0.397810446217428
0.0136841137292171	0.403526880317289
0.0136876799929924	0.382976276448001
0.0136912481160848	0.328903841011845
0.0136948180999486	0.258437367217775
0.0136983899460398	0.201814562834314
0.013701963655816	0.181340228584669
0.013705539230736	0.198151913208714
0.0137091166722605	0.233990328210253
0.0137126959818515	0.265204534164884
0.0137162771609726	0.279631278384656
0.0137198602110888	0.282848168872583
0.0137234451336669	0.288964998323884
0.013727031930175	0.306160261025451
0.0137306206020828	0.329547125800956
0.0137342111508615	0.345985549104332
0.013737803577984	0.346949842924543
0.0137413978849246	0.33787135000458
0.0137449940731591	0.333759003025719
0.013748592144165	0.345058251524418
0.0137521920994212	0.367069015361467
0.0137557939404083	0.381334201217399
0.0137593976686082	0.36878110996005
0.0137630032855047	0.326265831091652
0.0137666107925829	0.272600088776491
0.0137702201913295	0.23729051695568
0.0137738314832329	0.24088477274714
0.0137774446697828	0.28161422774631
0.0137810597524707	0.336482874960973
0.0137846767327896	0.375611240097039
0.013788295612234	0.379870493871624
0.0137919163923	0.348940606158762
0.0137955390744854	0.295896709864462
0.0137991636602894	0.236626354236711
0.0138027901512129	0.183743440145272
0.0138064185487582	0.146229186947333
0.0138100488544294	0.130367415157062
0.013813681069732	0.13921562032
0.0138173151961733	0.170605423399166
0.0138209512352619	0.214892444062988
0.0138245891885083	0.256357730725807
0.0138282290574242	0.282200316968514
0.0138318708435234	0.294439623159073
0.0138355145483208	0.312866956262444
0.0138391601733333	0.363857443336703
0.0138428077200791	0.462260398040548
0.0138464571900781	0.5978533741658
0.0138501085848519	0.734603044483298
0.0138537619059236	0.825818447267179
0.0138574171548179	0.839006752246258
0.0138610743330611	0.774381522498207
0.0138647334421813	0.663339157398877
0.013868394483708	0.549021299890957
0.0138720574591724	0.464457706772145
0.0138757223701072	0.421461733941576
0.0138793892180469	0.412417831556342
0.0138830580045276	0.420117885587031
0.0138867287310869	0.428544788573723
0.0138904013992641	0.428469546535723
0.0138940760106001	0.417601362802666
0.0138977525666375	0.400025071233486
0.0139014310689206	0.386171093093348
0.013905111518995	0.389214104968452
0.0139087939184083	0.416907979845406
0.0139124782687095	0.464512679207693
0.0139161645714495	0.514379671003799
0.0139198528281806	0.542732902868909
0.0139235430404569	0.530868598244484
0.0139272352098339	0.476219832084117
0.0139309293378691	0.396477288023843
0.0139346254261215	0.321572260004216
0.0139383234761516	0.277951699645635
0.0139420234895218	0.276273265866627
0.013945725467796	0.308371985518008
0.0139494294125399	0.352622854629532
0.0139531353253208	0.385577387662983
0.0139568432077075	0.394556499056261
0.0139605530612707	0.382272649917599
0.0139642648875827	0.361672948762916
0.0139679786882175	0.348319723323454
0.0139716944647506	0.354690414600908
0.0139754122187594	0.38560502476616
0.0139791319518229	0.435342064084458
0.0139828536655218	0.488142304183335
0.0139865773614384	0.522886112638147
0.0139903030411567	0.522179464396581
0.0139940307062626	0.482678762320388
0.0139977603583433	0.418802002776616
0.014001491998988	0.35503447076621
0.0140052256297876	0.311237799128267
0.0140089612523345	0.290865370087596
0.014012698868223	0.280965898734541
0.0140164384790489	0.265385977310928
0.0140201800864098	0.241031474399314
0.0140239236919051	0.222598441128195
0.0140276692971359	0.231105520985859
0.0140314169037047	0.275822025898745
0.0140351665132162	0.344331852822135
0.0140389181272764	0.409457471596296
0.0140426717474932	0.449210858855188
0.0140464273754763	0.464229841673852
0.0140501850128369	0.477003352303559
0.0140539446611881	0.512158547239905
0.0140577063221448	0.573887394686545
0.0140614699973233	0.639552427933314
0.014065235688342	0.676641118752001
0.0140690033968208	0.671019843969463
0.0140727731243814	0.641262147598485
0.0140765448726473	0.624079847447884
0.0140803186432437	0.643708751547709
0.0140840944377974	0.690692724405908
0.0140878722579372	0.724512605364645
0.0140916521052935	0.701085247524674
0.0140954339814984	0.610496301720811
0.014099217888186	0.491902385486324
0.0141030038269918	0.405384658075165
0.0141067917995533	0.385036518760646
0.0141105818075098	0.414461893309007
0.0141143738525021	0.440945951496186
0.014118167936173	0.417317812295311
0.014121964060167	0.341961819595852
0.0141257622261304	0.261253385680437
0.0141295624357112	0.229441307690144
0.0141333646905591	0.264730730153867
0.0141371689923259	0.338263203171223
0.0141409753426648	0.39758870404908
0.014144783743231	0.405839506826042
0.0141485941956814	0.371288577086577
0.0141524067016747	0.341956698347626
0.0141562212628715	0.36505469363766
0.014160037880934	0.445780110091006
0.0141638565575263	0.540811518081122
0.0141676772943143	0.591070407653492
0.0141715000929657	0.568465560538176
0.01417532495515	0.498683089963887
0.0141791518825383	0.438536308136766
0.0141829808768039	0.428406807781592
0.0141868119396216	0.462785427017965
0.0141906450726681	0.498629087200795
0.014194480277622	0.489369859208214
0.0141983175561636	0.422516877548518
0.0142021569099749	0.33490288454512
0.0142059983407401	0.286138328329665
0.0142098418501448	0.310164428372166
0.0142136874398768	0.391746186671311
0.0142175351116254	0.482233540938085
0.0142213848670819	0.531173095635725
0.0142252367079395	0.516236357960874
0.0142290906358931	0.459068274603385
0.0142329466526394	0.407925778301477
0.0142368047598771	0.398325065456333
0.0142406649593066	0.432549107819387
0.0142445272526302	0.488492672551647
0.0142483916415522	0.537483997774527
0.0142522581277785	0.56330082467152
0.0142561267130169	0.574827248673595
0.0142599973989772	0.594180081157377
0.0142638701873709	0.630803741229876
0.0142677450799115	0.67233712582597
0.0142716220783142	0.69411886382259
0.0142755011842963	0.674252068469389
0.0142793823995767	0.611553228570139
0.0142832657258763	0.532081796543402
0.0142871511649179	0.469913353809471
0.0142910387184261	0.442647164563106
0.0142949283881275	0.444713857869708
0.0142988201757504	0.452811699065231
0.0143027140830251	0.439640023252025
0.0143066101116838	0.395463368650267
0.0143105082634606	0.336682428348444
0.0143144085400914	0.290337939125808
0.014318310943314	0.274450196288518
0.0143222154748681	0.288149254216622
0.0143261221364954	0.310883040276964
0.0143300309299395	0.316400524739988
0.0143339418569457	0.296054491424429
0.0143378549192614	0.266905752117687
0.0143417701186359	0.256199003383818
0.0143456874568202	0.278604020734591
0.0143496069355676	0.323237101930407
0.0143535285566329	0.361032957873896
0.0143574523217731	0.3693835395541
0.014361378232747	0.350671986226655
0.0143653062913154	0.327465789598354
0.0143692364992409	0.322168742914752
0.0143731688582882	0.337736038355829
0.0143771033702238	0.353219307093265
0.0143810400368162	0.341455877394164
0.0143849788598358	0.296009212496439
0.014388919841055	0.240930771011676
0.014392862982248	0.213866295912693
0.0143968082851912	0.237402180584187
0.0144007557516626	0.300821246854267
0.0144047053834425	0.366992302380762
0.0144086571823129	0.400050650237029
0.0144126111500579	0.390561154615811
0.0144165672884636	0.358039753663769
0.0144205255993178	0.33249792269863
0.0144244860844105	0.332393862422837
0.0144284487455337	0.356314460839139
0.0144324135844812	0.393359130896966
0.0144363806030488	0.439914090602272
0.0144403498030344	0.503868804225584
0.0144443211862378	0.59069720023358
0.0144482947544607	0.685991386213367
0.0144522705095069	0.754668591733517
0.0144562484531822	0.762786374653053
0.0144602285872943	0.706717956764022
0.0144642109136529	0.623896996543969
0.0144681954340698	0.570403967552537
0.0144721821503586	0.579005122625052
0.0144761710643352	0.632707669544601
0.0144801621778172	0.678560438456353
0.0144841554926243	0.670660690890378
0.0144881510105783	0.605855831514631
0.0144921487335029	0.523910005954569
0.0144961486632239	0.473788150367271
0.0145001508015691	0.472875820319912
0.0145041551503683	0.491887295346881
0.0145081617114532	0.480565041052647
0.0145121704866577	0.413084210461604
0.0145161814778177	0.309898782102162
0.0145201946867712	0.217359220912255
0.0145242101153579	0.170181797237874
0.0145282277654199	0.17089740125979
0.0145322476388012	0.197934179071069
0.0145362697373478	0.232922423579901
0.0145402940629079	0.28238021112472
0.0145443206173316	0.368166399023229
0.014548349402471	0.49322554961275
0.0145523804201804	0.62057541916593
0.0145564136723161	0.689440634019782
0.0145604491607365	0.656197990839824
0.014564486887302	0.530169064114118
0.014568526853875	0.375708017874718
0.0145725690623201	0.271558074764189
0.014576613514504	0.255946218880112
0.0145806602122952	0.303495790907801
0.0145847091575647	0.35273229181916
0.0145887603521852	0.359813244127372
0.0145928137980316	0.333387676081493
0.014596869496981	0.322183585598453
0.0146009274509125	0.367802674397263
0.0146049876617072	0.464477822796832
0.0146090501312485	0.560103724075961
0.0146131148614217	0.597761355299866
0.0146171818541143	0.561934119131169
0.0146212511112159	0.488363031350188
0.0146253226346181	0.43123358770828
0.0146293964262148	0.420693194981015
0.0146334724879019	0.446513002325555
0.0146375508215773	0.4772716161957
0.0146416314291412	0.495794226813075
0.0146457143124959	0.51710836089129
0.0146497994735456	0.56992833658242
0.014653886914197	0.660122282728073
0.0146579766363587	0.754174370035359
0.0146620686419414	0.799924403873616
0.014666162932858	0.767360653833667
0.0146702595110235	0.676243799723907
0.0146743583783551	0.58653904450797
0.0146784595367721	0.555339899535137
0.0146825629881961	0.593140631675863
0.0146866687345505	0.656693000272314
0.0146907767777611	0.685338493419058
0.0146948871197559	0.649576355844998
0.014698999762465	0.572097232491091
0.0147031147078206	0.506369488906195
0.014707231957757	0.491098826845922
0.0147113515142108	0.517773820251136
0.0147154733791209	0.538748300989125
0.014719597554428	0.507884734258074
0.0147237240420754	0.417933527644353
0.0147278528440082	0.305380572718817
0.0147319839621738	0.221474709335023
0.0147361173985221	0.193684993453667
0.0147402531550046	0.209878329190988
0.0147443912335756	0.236972081966327
0.0147485316361912	0.252449717297008
0.0147526743648097	0.259078220997504
0.0147568194213919	0.274556332753461
0.0147609668079005	0.30869223794219
0.0147651165263005	0.347731868577686
0.0147692685785592	0.361030605983228
0.014773422966646	0.327190404522836
0.0147775796925326	0.256469197982271
0.0147817387581929	0.187780579027524
0.014785900165603	0.162110101078199
0.0147900639167411	0.194348882950215
0.0147942300135879	0.264596525909607
0.0147983984581261	0.333306622497378
0.0148025692523409	0.368336508531909
0.0148067423982193	0.365654151125991
0.014810917897751	0.349939295758752
0.0148150957529278	0.354650826039403
0.0148192759657435	0.396604713290346
0.0148234585381944	0.464330882502028
0.0148276434722791	0.527267513770268
0.0148318307699984	0.55701279355275
0.0148360204333551	0.546029587580839
0.0148402124643547	0.512828301597637
0.0148444068650047	0.490028786266161
0.0148486036373148	0.501826828931076
0.0148528027832973	0.54671943243003
0.0148570043049665	0.599028274653369
0.0148612082043389	0.627454254076475
0.0148654144834337	0.616357655049416
0.0148696231442719	0.57573686397922
0.0148738341888772	0.533374950647819
0.0148780476192752	0.513077001055224
0.0148822634374942	0.515039739130082
0.0148864816455645	0.516252788404641
0.0148907022455188	0.492296324244754
0.0148949252393922	0.442110776272374
0.0148991506292218	0.3937472518372
0.0149033784170475	0.384288285719707
0.0149076086049111	0.428876617249753
0.0149118411948569	0.504225145506803
0.0149160761889315	0.56094299590039
0.0149203135891838	0.556966640302633
0.014924553397665	0.489163434731204
0.0149287956164288	0.398565738202216
0.014933040247531	0.34002487509108
0.0149372872930299	0.338260055645068
0.014941536754986	0.369531245249393
0.0149457886354624	0.384360800348097
0.0149500429365242	0.349518100204037
0.0149542996602392	0.276108039765421
0.0149585588086774	0.213302081449216
0.014962820383911	0.209138201018932
0.0149670843880148	0.268399927486331
0.0149713508230659	0.345772989931623
0.0149756196911438	0.379248594557436
0.0149798909943302	0.334913027996242
0.0149841647347093	0.232382874113225
0.0149884409143678	0.132205722255717
0.0149927195353946	0.0890786359335586
0.014997000599881	0.109525276051748
0.0150012841099208	0.153618965557813
0.01500557006761	0.174418607081399
0.0150098584750474	0.157618751563581
0.0150141493343336	0.133397335402127
0.0150184426475722	0.152152532148297
0.0150227384168687	0.240394486844368
0.0150270366443314	0.375605458521168
0.0150313373320709	0.502290591119918
0.0150356404822	0.570428306251096
0.0150399460968341	0.565600506346344
0.0150442541780912	0.514585461279312
0.0150485647280915	0.463689041824277
0.0150528777489575	0.444370297491868
0.0150571932428145	0.455115574780111
0.0150615112117899	0.47333991811431
0.0150658316580138	0.481289089606666
0.0150701545836186	0.481629533994228
0.0150744799907392	0.491797291203068
0.0150788078815129	0.524343996363619
0.0150831382580795	0.571660821684527
0.0150874711225812	0.608485453004324
0.0150918064771628	0.609422978452612
0.0150961443239715	0.567823584764041
0.0151004846651568	0.502190398016655
0.0151048275028709	0.444405689013057
0.0151091728392684	0.41853386171646
0.0151135206765064	0.427184036897086
0.0151178710167443	0.453698447522093
0.0151222238621444	0.474648418146143
0.015126579214871	0.472919913250063
0.0151309370770913	0.445066619647013
0.0151352974509747	0.401171272556646
0.0151396603386934	0.359209714507136
0.0151440257424217	0.337005145711057
0.0151483936643368	0.343706913677403
0.0151527641066183	0.373542562434367
0.0151571370714481	0.40613715810085
0.0151615125610109	0.415538350073495
0.0151658905774938	0.38561751258604
0.0151702711230865	0.324217986592212
0.0151746541999811	0.264032724285361
0.0151790398103723	0.244267803910496
0.0151834279564574	0.284069612882916
0.0151878186404361	0.367556064216421
0.0151922118645108	0.451607754573202
0.0151966076308864	0.49187931608983
0.0152010059417702	0.470458482603597
0.0152054067993724	0.406102104668753
0.0152098102059053	0.339576494169504
0.0152142161635843	0.305611985274835
0.0152186246746268	0.312368324427415
0.0152230357412533	0.342037140341714
0.0152274493656864	0.369545187747485
0.0152318655501516	0.383285194270956
0.015236284296877	0.391782525007856
0.015240705608093	0.411205265577988
0.0152451294860328	0.444668441059531
0.0152495559329323	0.475044701649126
0.0152539849510296	0.482144253535813
0.0152584165425659	0.467570860848111
0.0152628507097846	0.460171498272075
0.015267287454932	0.495352570997379
0.0152717267802568	0.584539672970133
0.0152761686880103	0.697545887632338
0.0152806131804467	0.774630780458477
0.0152850602598226	0.765387438869627
0.0152895099283972	0.666656072751033
0.0152939621884324	0.528852531052573
0.0152984170421929	0.424087058896358
0.0153028744919456	0.397430268092577
0.0153073345399605	0.436699104345997
0.0153117971885101	0.484786232584477
0.0153162624398694	0.485104472877521
0.0153207302963162	0.42395503971974
0.015325200760131	0.338171195273794
0.0153296738335968	0.28480422295001
0.0153341495189995	0.297771627554023
0.0153386278186273	0.364400953205758
0.0153431087347715	0.437801747291979
0.0153475922697258	0.474092990621837
0.0153520784257867	0.465157974293434
0.0153565672052533	0.439318286257469
0.0153610586104274	0.429625235546713
0.0153655526436137	0.441480954790275
0.0153700493071192	0.450066308542949
0.0153745486032541	0.426203404101087
0.0153790505343308	0.365982358136122
0.0153835551026648	0.29916608330181
0.015388062310574	0.266694264481862
0.0153925721603794	0.284518208037167
0.0153970846544043	0.327647729179655
0.015401599794975	0.34966977726817
0.0154061175844204	0.319998552002804
0.0154106380250723	0.249793480886869
0.0154151611192651	0.187132238010454
0.0154196868693359	0.181726704911656
0.0154242152776246	0.245037138677193
0.015428746346474	0.340192805505786
0.0154332800782293	0.410346607748693
0.0154378164752388	0.420646123571489
0.0154423555398535	0.381228576774916
0.015446897274427	0.335565953874023
0.0154514416813157	0.32453642629422
0.015455988762879	0.356398285496519
0.0154605385214789	0.407296334252295
0.0154650909594801	0.44794633488642
0.0154696460792502	0.470671773718947
0.0154742038831597	0.494636525698455
0.0154787643735817	0.545651020464976
0.0154833275528922	0.627565745031037
0.0154878934234699	0.711723311399421
0.0154924619876964	0.755490711580324
0.0154970332479561	0.733527209478194
0.0155016072066363	0.655966920127319
0.0155061838661269	0.560556683202539
0.0155107632288209	0.485393603543791
0.0155153452971138	0.443739220461878
0.0155199300734042	0.421240952506667
0.0155245175600934	0.395504422813576
0.0155291077595857	0.358712779449142
0.015533700674288	0.324360069754237
0.0155382963066103	0.313344421793081
0.0155428946589652	0.331244710536948
0.0155474957337683	0.357811627202687
0.0155520995334381	0.359855218275215
0.015556706060396	0.316361206786436
0.015561315317066	0.234250939648891
0.0155659273058753	0.143218763141308
0.0155705420292538	0.0754612982989512
0.0155751594896343	0.0464099621651523
0.0155797796894525	0.0500404714952166
0.015584402631147	0.0701849888772619
0.0155890283171593	0.0965922189808385
0.0155936567499338	0.131463123058175
0.0155982879319177	0.18205623896187
0.0156029218655614	0.247993004196468
0.0156075585533178	0.315046826089971
0.0156121979976431	0.360498671719289
0.0156168402009961	0.36685077317174
0.0156214851658388	0.33404205422915
0.015626132894636	0.279228717371105
0.0156307833898554	0.223787940636901
0.0156354366539677	0.180169664007322
0.0156400926894465	0.149180113753469
0.0156447514987684	0.126475836546266
0.0156494130844128	0.110990342577436
0.0156540774488624	0.108400329537835
0.0156587445946025	0.126619430503815
0.0156634145241216	0.167519018570518
0.0156680872399109	0.222686028415963
0.0156727627444649	0.276296677009529
0.0156774410402809	0.312887970181398
0.0156821221298592	0.326337996349881
0.015686806015703	0.325051710713175
0.0156914927003188	0.329007755209296
0.0156961821862156	0.359559509621109
0.015700874475906	0.427632028226835
0.015705569571905	0.526540401409541
0.0157102674767311	0.63362082813549
0.0157149681929055	0.720473601939476
0.0157196717229526	0.766327629707231
0.0157243780693998	0.767377304745488
0.0157290872347773	0.737273649949319
0.0157337992216186	0.697817642680536
0.0157385140324603	0.664542162047927
0.0157432316698417	0.637183574889966
0.0157479521363054	0.603142054191246
0.0157526754343969	0.551373983077571
0.015757401566665	0.484785511325206
0.0157621305356614	0.420858062127313
0.0157668623439408	0.380022297935558
0.0157715969940609	0.370375725437852
0.0157763344885829	0.38084294452797
0.0157810748300705	0.389430610991654
0.015785818021091	0.380121287947701
0.0157905640642144	0.353824700933182
0.0157953129620141	0.325005364611487
0.0158000647170662	0.306954817107206
0.0158048193319504	0.29646317268357
0.0158095768092491	0.273248136316436
0.0158143371515481	0.220173365416882
0.015819100361436	0.146782791046801
0.0158238664415048	0.0921752694961474
0.0158286353943494	0.102011699714206
0.0158334072225682	0.192184840580792
0.0158381819287623	0.324692655082219
0.0158429595155361	0.424141946659898
0.0158477399854973	0.430617385711763
0.0158525233412565	0.343968066821477
0.0158573095854277	0.224340718597912
0.0158620987206277	0.152492616947787
0.0158668907494769	0.173370663819959
0.0158716856745986	0.261060095138355
0.0158764834986193	0.340204914202245
0.0158812842241687	0.348857634953459
0.0158860878538796	0.287474531437112
0.0158908943903883	0.219026958058288
0.0158957038363339	0.22100038059511
0.0159005161943589	0.318622410552957
0.0159053314671089	0.457068041486674
0.0159101496572329	0.544980178448113
0.0159149707673828	0.526659923212335
0.0159197948002141	0.420784245023537
0.0159246217583852	0.306362246249226
0.0159294516445577	0.267127009850124
0.0159342844613968	0.328801649278951
0.0159391202115707	0.444087091983687
0.0159439588977506	0.542553002061138
0.0159488005226115	0.594890306737328
0.015953645088831	0.634380597900506
0.0159584925990906	0.721807923588878
0.0159633430560746	0.880019208440856
0.0159681964624708	1.05438555772212
0.0159730528209701	1.14497190835998
0.0159779121342667	1.08654633672679
0.0159827744050584	0.903064146211602
0.0159876396360457	0.693584444960581
0.015992507829933	0.564118319293132
0.0159973789894275	0.553753380486269
0.0160022531172401	0.61042396603573
0.0160071302160846	0.639368282045327
0.0160120102886785	0.584647433067202
0.0160168933377423	0.473558470077041
0.0160217793660001	0.390279446599662
0.0160266683761791	0.404861895909339
0.0160315603710099	0.513525144218703
0.0160364553532265	0.636770273701412
0.0160413533255662	0.679817399529311
0.0160462542907695	0.605340092525219
0.0160511582515806	0.4553734458537
0.0160560652107466	0.31112294519517
0.0160609751710184	0.23371328578126
0.01606588813515	0.230156388096325
0.0160708041058987	0.26164897882554
0.0160757230860256	0.284687448317868
0.0160806450782946	0.28909171938367
0.0160855700854734	0.297022071361176
0.0160904981103331	0.329520980905187
0.0160954291556478	0.379706704597966
0.0161003632241955	0.417026646021594
0.0161053003187573	0.414649820880264
0.0161102404421177	0.374199245118629
0.0161151835970648	0.32512035925798
0.0161201297863901	0.298557385017292
0.0161250790128883	0.300436951952296
0.0161300312793578	0.308713164267599
0.0161349865886003	0.296153638844932
0.016139944943421	0.256551072035544
0.0161449063466284	0.209119677702943
0.0161498708010347	0.178136310683176
0.0161548383094555	0.170465989930669
0.0161598088747096	0.173150266699123
0.0161647824996197	0.171018116996539
0.0161697591870115	0.165800872562379
0.0161747389397147	0.177412088441308
0.016179721760562	0.224219962398442
0.0161847076523899	0.300419791602271
0.0161896966180383	0.374512891125079
0.0161946886603506	0.414650972523132
0.0161996837821737	0.419133827777952
0.0162046819863581	0.420581763960529
0.0162096832757577	0.456381167721279
0.0162146876532299	0.532687743004035
0.0162196951216359	0.61469054444515
0.01622470568384	0.651459595561495
0.0162297193427105	0.617255422156366
0.0162347361011189	0.536254663022285
0.0162397559619404	0.465044605287709
0.0162447789280537	0.444672779672669
0.0162498050023411	0.467143585143204
0.0162548341876886	0.486538509937104
0.0162598664869854	0.462479697893422
0.0162649019031248	0.398803967560634
0.0162699404390032	0.343258639720256
0.0162749820975208	0.344333514944676
0.0162800268815815	0.40331304955969
0.0162850747940927	0.468016485426278
0.0162901258379652	0.47536769683454
0.0162951800161138	0.406463915113556
0.0163002373314567	0.307784815527196
0.0163052977869157	0.256302597349364
0.0163103613854163	0.294080369467493
0.0163154281298876	0.39190065571286
0.0163204980232624	0.475276576245691
0.0163255710684771	0.486528053270882
0.0163306472684718	0.431038408102358
0.0163357266261901	0.373309640370674
0.0163408091445794	0.382538050671931
0.0163458948265908	0.470603154611398
0.016350983675179	0.581593429935692
0.0163560756933025	0.642449353586945
0.0163611708839232	0.62272065488443
0.016366269250007	0.553556495562911
0.0163713707945234	0.498541150729191
0.0163764755204455	0.498783084813343
0.0163815834307503	0.535194431952843
0.0163866945284183	0.547138466118014
0.0163918088164339	0.492708747355682
0.0163969262977851	0.389971020512678
0.0164020469754637	0.303553397345507
0.0164071708524652	0.293373533084457
0.016412297931789	0.364583987785811
0.016417428216438	0.457306062549407
0.016422561709419	0.492388447126388
0.0164276984137426	0.439227416827154
0.016432838332423	0.343066190175438
0.0164379814684784	0.286890552573315
0.0164431278249305	0.32322675443121
0.0164482774048051	0.431293709666841
0.0164534302111316	0.531627623684227
0.0164585862469431	0.54757476236094
0.0164637455152769	0.466486689911288
0.0164689080191736	0.351133126550993
0.016474073761678	0.290466761256394
0.0164792427458385	0.329519680406189
0.0164844149747075	0.43654402935741
0.016489590451341	0.532196579142706
0.0164947691787992	0.55309502062422
0.0164999511601457	0.499110811795244
0.0165051363984483	0.430008982452931
0.0165103248967786	0.414066340189218
0.0165155166582119	0.469768140305624
0.0165207116858274	0.549868383659291
0.0165259099827084	0.579537740468654
0.0165311115519419	0.515346699136268
0.0165363163966187	0.379494756489554
0.0165415245198338	0.243807011532648
0.0165467359246857	0.176044795365371
0.0165519506142771	0.19222348579362
0.0165571685917146	0.251325472071319
0.0165623898601086	0.292127390242142
0.0165676144225734	0.283263485994377
0.0165728422822274	0.249159943264891
0.0165780734421927	0.248447622398052
0.0165833079055957	0.320588887551492
0.0165885456755663	0.447167229458657
0.0165937867552388	0.559430506170566
0.0165990311477511	0.586171133202183
0.0166042788562453	0.509246114321796
0.0166095298838673	0.383387049227863
0.0166147842337672	0.297249471522904
0.0166200419090988	0.305383946645505
0.0166253029130202	0.390041391234446
0.0166305672486933	0.480636965672411
0.0166358349192841	0.511601867687309
0.0166411059279625	0.47575933206533
0.0166463802779025	0.430937149951361
0.0166516579722821	0.449096441340684
0.0166569390142835	0.550515412036957
0.0166622234070926	0.682319248126431
0.0166675111538996	0.756821156469167
0.0166728022578987	0.716729639765177
0.0166780967222881	0.580215181640651
0.0166833945502702	0.430771951585064
0.0166886957450513	0.354111388652544
0.0166940003098418	0.37336882834789
0.0166993082478563	0.438300695411606
0.0167046195623134	0.471663581079319
0.0167099342564358	0.431225900781406
0.0167152523334504	0.342108884962033
0.016720573796588	0.274275274623846
0.0167258986490838	0.2803044140937
0.0167312268941768	0.348534670188405
0.0167365585351104	0.413787570682914
0.0167418935751321	0.412055274052432
0.0167472320174933	0.332707958270578
0.0167525738654498	0.228762686697404
0.0167579191222615	0.174688331601266
0.0167632677911925	0.204156061579669
0.0167686198755109	0.283524358633078
0.0167739753784891	0.344231043056781
0.0167793343034037	0.342096586681107
0.0167846966535355	0.29258423998507
0.0167900624321693	0.254991874225133
0.0167954316425943	0.279590663460993
0.016800804288104	0.362632177239465
0.0168061803719958	0.447941035421891
0.0168115598975717	0.472712255313407
0.0168169428681375	0.41844802129552
0.0168223292870035	0.325879267755159
0.0168277191574844	0.262377171624259
0.0168331124828987	0.268518585364888
0.0168385092665695	0.327548520180776
0.0168439095118242	0.382039797191827
0.0168493132219942	0.382440624909785
0.0168547204004154	0.326504383239168
0.0168601310504278	0.257997327711234
0.0168655451753758	0.228103845520674
0.0168709627786082	0.252728156839776
0.0168763838634779	0.300516061408581
0.0168818084333423	0.320447210501501
0.0168872364915629	0.284504024042063
0.0168926680415057	0.20972912205384
0.016898103086541	0.144173096660152
0.0169035416300435	0.130007253552881
0.0169089836753919	0.172416270912541
0.0169144292259698	0.239003403713723
0.0169198782851647	0.290095415121488
0.0169253308563687	0.312051481881157
0.0169307869429782	0.325080493991113
0.0169362465483941	0.362598636142594
0.0169417096760214	0.440296280959418
0.0169471763292698	0.538973367413103
0.0169526465115533	0.616228285476478
0.0169581202262903	0.637607225812661
0.0169635974769035	0.600303716212351
0.0169690782668202	0.532446723745616
0.0169745625994721	0.47150233262774
0.0169800504782952	0.437959727479913
0.0169855419067301	0.423783366825161
0.0169910368882219	0.404337124680682
0.0169965354262198	0.362399245785503
0.017002037524178	0.304240181687948
0.0170075431855548	0.256472373321937
0.017013052413813	0.245523138202227
0.01701856521242	0.27420018357656
0.0170240815848478	0.315448486827222
0.0170296015345726	0.329947918635753
0.0170351250650753	0.293440320662603
0.0170406521798414	0.214020410201663
0.0170461828823606	0.127536543764606
0.0170517171761276	0.0727074982098446
0.0170572550646413	0.0643698399427337
0.0170627965514052	0.0869678855404249
0.0170683416399274	0.11224587933133
0.0170738903337206	0.125334161058824
0.0170794426363019	0.139508612905157
0.0170849985511932	0.187571954634855
0.017090558081921	0.292946192720222
0.017096121232016	0.442540780269931
0.017101688005014	0.586326283802571
0.017107258404455	0.666051527398781
0.017112832433884	0.651941281410993
0.0171184100968502	0.562739559081609
0.0171239913969078	0.45486986163249
0.0171295763376155	0.385267344156774
0.0171351649225365	0.373866483508947
0.0171407571552388	0.394369175945178
0.0171463530392951	0.39915914870932
0.0171519525782826	0.358369974911953
0.0171575557757834	0.284742019482196
0.0171631626353841	0.225805230050907
0.0171687731606761	0.227764063302608
0.0171743873552554	0.298618491234906
0.0171800052227227	0.399016952079805
0.0171856267666835	0.466512462585991
0.0171912519907481	0.455856890838516
0.0171968808985313	0.369227181769234
0.0172025134936527	0.255107055500997
0.0172081497797368	0.175008452359535
0.0172137897604127	0.163543169256544
0.0172194334393143	0.211528477059099
0.0172250808200803	0.280977113374935
0.0172307319063542	0.338358025803796
0.017236386701784	0.380893243792671
0.017242045210023	0.434040901154513
0.0172477074347289	0.521407093708979
0.0172533733795643	0.63449680714076
0.0172590430481966	0.729544343322776
0.0172647164442982	0.755656025739209
0.0172703935715461	0.69511382432792
0.0172760744336223	0.584171023088309
0.0172817590342135	0.491941409652025
0.0172874473770113	0.469952046702646
0.0172931394657123	0.513094884041124
0.0172988353040178	0.562307361298875
0.017304534895634	0.548197253228603
0.0173102382442721	0.447350568809581
0.0173159453536481	0.308052947682216
0.017321656227483	0.218435928177713
0.0173273708695024	0.239248959268128
0.0173330892834373	0.355455669631004
0.0173388114730233	0.482079702675283
0.017344537442001	0.520498760015091
0.0173502671941159	0.429981397513301
0.0173560007331186	0.26164801962099
0.0173617380627645	0.122177585043047
0.0173674791868141	0.0959433392260357
0.0173732241090327	0.190459612711729
0.0173789728331908	0.339956087719892
0.0173847253630637	0.455442780860716
0.0173904817024319	0.487461030706334
0.0173962418550807	0.458241969921428
0.0174020058248005	0.434928543515777
0.0174077736153868	0.468277132476573
0.01741354523064	0.553682135764314
0.0174193206743657	0.641538524968777
0.0174250999503744	0.679500464028389
0.0174308830624818	0.653263113345066
0.0174366700145084	0.596141856404898
0.0174424608102802	0.55764859599279
0.0174482554536278	0.558006132560829
0.0174540539483874	0.571527087103213
0.0174598562983998	0.553058754601481
0.0174656625075113	0.481412967083605
0.0174714725795732	0.380809770632007
0.0174772865184417	0.302563993474445
0.0174831043279786	0.283901254471056
0.0174889260120503	0.318639940006296
0.0174947515745287	0.363166253819508
0.0175005810192909	0.372218743373317
0.017506414350219	0.334073545725945
0.0175122515712003	0.27605931106098
0.0175180926861273	0.239578979874755
0.0175239376988978	0.248525169023969
0.0175297866134146	0.293981140028897
0.0175356394335859	0.3428646643804
0.0175414961633251	0.363345101632861
0.0175473568065506	0.347915033312305
0.0175532213671864	0.315617007987802
0.0175590898491615	0.294160313180373
0.0175649622564102	0.30017215734983
0.0175708385928721	0.33258535406892
0.0175767188624921	0.379264683353496
0.0175826030692203	0.427158749928936
0.0175884912170121	0.467238717861642
0.0175943833098283	0.493671635515697
0.017600279351635	0.502425387967717
0.0176061793464034	0.491893029116922
0.0176120832981103	0.463855904093282
0.0176179912107376	0.423460745960754
0.0176239030882729	0.377513837054221
0.0176298189347087	0.330670607905353
0.0176357387540432	0.282970707080969
0.0176416625502798	0.233474556790683
0.0176475903274274	0.187598043527497
0.0176535220895002	0.159525134446396
0.0176594578405178	0.164743100166413
0.0176653975845053	0.206837657043222
0.0176713413254931	0.269609225536576
0.017677289067517	0.3238769521944
0.0176832408146185	0.345792229082568
0.0176891965708442	0.332239623303795
0.0176951563402464	0.301953373546989
0.0177011201268827	0.282456421864961
0.0177070879348163	0.291976061189341
0.0177130597681159	0.328692171769697
0.0177190356308555	0.374671603571533
0.0177250155271147	0.410804417392374
0.0177309994609787	0.430737763227338
0.0177369874365382	0.442427050754073
0.0177429794578892	0.457146758587802
0.0177489755291336	0.478177584711522
0.0177549756543785	0.498408214221159
0.0177609798377368	0.50501020180949
0.0177669880833268	0.487699853871959
0.0177730003952726	0.446455106028072
0.0177790167777036	0.39092532275274
0.017785037234755	0.33273452302822
0.0177910617705676	0.281640190747251
0.0177970903892875	0.246892325268851
0.0178031230950669	0.236783670294713
0.0178091598920633	0.256291818715599
0.01781520078444	0.304479791569483
0.0178212457763658	0.370248176439176
0.0178272948720154	0.431693635773545
0.0178333480755688	0.464891202499203
0.0178394053912121	0.456109407680582
0.0178454668231368	0.40901886594083
0.0178515323755402	0.343888408386767
0.0178576020526253	0.287858800679818
0.0178636758586008	0.26105345311748
0.0178697537976812	0.267897361910053
0.0178758358740866	0.297571209030039
0.0178819220920429	0.332526629165889
0.0178880124557819	0.360518382209277
0.017894106969541	0.379857708492963
0.0179002056375635	0.394356321420593
0.0179063084640982	0.406710245577935
0.0179124154534001	0.415395137672714
0.0179185266097298	0.414707143217035
0.0179246419373537	0.400395573540753
0.0179307614405441	0.376831560572631
0.017936885123579	0.355467179779146
0.0179430129907425	0.346524724441902
0.0179491450463242	0.353889389393284
0.01795528129462	0.375383275273949
0.0179614217399312	0.40682349222173
0.0179675663865654	0.446554093792858
0.0179737152388358	0.493705453935551
0.0179798683010618	0.542294275010886
0.0179860255775683	0.581268438809794
0.0179921870726866	0.600824453852074
0.0179983527907537	0.597858893165394
0.0180045227361124	0.578814526905681
0.0180106969131117	0.558571207972507
0.0180168753261065	0.551586964580779
0.0180230579794577	0.560690527917822
0.018029244877532	0.574865013884736
0.0180354360247024	0.577785260043
0.0180416314253477	0.559993046656964
0.0180478310838527	0.526589160347955
0.0180540350046085	0.493244325499826
0.0180602431920118	0.471124673826295
0.0180664556504657	0.455172327624494
0.0180726723843794	0.429765601587931
0.0180788933981677	0.386673468108414
0.0180851186962521	0.338343719325742
0.0180913482830598	0.31600496440405
0.0180975821630241	0.351529127543926
0.0181038203405846	0.451797195212848
0.018110062820187	0.586298456334834
0.0181163096062829	0.702620825786823
0.0181225607033304	0.757607171989174
0.0181288161157935	0.740186481249693
0.0181350758481423	0.67355615275431
0.0181413399048534	0.595942017108723
0.0181476082904093	0.533104936225359
0.0181538810092988	0.48695682140432
0.0181601580660169	0.448407808088518
0.0181664394650648	0.415736093859023
0.0181727252109501	0.399683400550199
0.0181790153081863	0.414365393729572
0.0181853097612934	0.462779989211778
0.0181916085747977	0.529413652670173
0.0181979117532316	0.589030486204267
0.0182042193011338	0.624397879032698
0.0182105312230495	0.635916456472689
0.01821684752353	0.636102242286576
0.0182231682071329	0.635140374366424
0.0182294932784223	0.628730057467484
0.0182358227419686	0.599257128452136
0.0182421566023483	0.53243347625032
0.0182484948641447	0.436049467663578
0.018254837531947	0.343605103899516
0.0182611846103512	0.298421686181092
0.0182675361039594	0.328660938276014
0.0182738920173803	0.429298536739637
0.0182802523552288	0.561977525156019
0.0182866171221264	0.673294310103121
0.0182929863227011	0.722789979500734
0.0182993599615871	0.705056316897414
0.0183057380434252	0.6512961179871
0.0183121205728628	0.609694827918292
0.0183185075545536	0.619111894250412
0.0183248989931578	0.690644725778843
0.0183312948933423	0.80230948350002
0.0183376952597802	0.908588207084858
0.0183441000971514	0.964187822167397
0.0183505094101423	0.9509854128478
0.0183569232034457	0.889338158002421
0.0183633414817611	0.822756236727242
0.0183697642497946	0.784984683309113
0.0183761915122587	0.773485909506574
0.0183826232738727	0.74899660965757
0.0183890595393625	0.663402979297589
0.0183955003134604	0.499873676197338
0.0184019456009056	0.29565135857403
0.0184083954064437	0.124526544845003
0.0184148497348272	0.0506337527659697
0.0184213085908152	0.092331238890877
0.0184277719791733	0.220133923861719
0.0184342399046739	0.3833503641318
0.0184407123720963	0.546210969560776
0.0184471893862262	0.704628107469016
0.0184536709518562	0.863668012020738
0.0184601570737856	1.0014915524943
0.0184666477568204	1.06736893793597
0.0184731430057735	1.01703769170938
0.0184796428254645	0.849128292023726
0.0184861472207197	0.616838292900736
0.0184926561963724	0.406554303909765
0.0184991697572624	0.28934424002912
0.0185056879082365	0.278257845723022
0.0185122106541485	0.328505805091027
0.0185187379998588	0.380187542048176
0.0185252699502348	0.407469973742554
0.0185318065101506	0.434885960581915
0.0185383476844873	0.508285023227825
0.0185448934781329	0.645003250582488
0.0185514438959824	0.803722943831739
0.0185579989429374	0.900973685790349
0.0185645586239069	0.868424522128926
0.0185711229438063	0.706055616626397
0.0185776919075585	0.483060332704609
0.0185842655200929	0.289785634731979
0.0185908437863462	0.185905817367635
0.0185974267112619	0.177807383469813
0.0186040142997906	0.230670764071891
0.01861060655689	0.303762873422227
0.0186172034875245	0.380472977324589
0.0186238050966661	0.467521496284292
0.0186304113892932	0.570526383064062
0.0186370223703917	0.67477517880856
0.0186436380449546	0.749396118891886
0.0186502584179817	0.769724492709979
0.0186568834944801	0.736317922475453
0.018663513279464	0.673849181604371
0.0186701477779547	0.613912495611731
0.0186767869949807	0.576385624205567
0.0186834309355776	0.560546727471642
0.0186900796047881	0.550951185355435
0.0186967330076622	0.532741127176325
0.0187033911492571	0.502135932393764
0.0187100540346371	0.464378660333153
0.0187167216688738	0.424755553211678
0.018723394057046	0.381783274011138
0.0187300712042397	0.328544194287808
0.0187367531155484	0.261460314452415
0.0187434397960724	0.187367628415102
0.0187501312509198	0.121566210354179
0.0187568274852057	0.0793098868191764
0.0187635285040525	0.0675507737896092
0.01877023431259	0.0822402295328536
0.0187769449159554	0.112319069380627
0.0187836603192932	0.146406796996453
0.0187903805277552	0.177455863511298
0.0187971055465006	0.203653994062944
0.018803835380696	0.225911024977765
0.0188105700355154	0.244565968456343
0.0188173095161403	0.258728392244662
0.0188240538277594	0.267561125192854
0.0188308029755692	0.271237390202512
0.0188375569647733	0.271934444774727
0.018844315800583	0.273834024100447
0.0188510794882169	0.280226561105079
0.0188578480329012	0.28979877220476
0.0188646214398697	0.295066291849145
0.0188713997143635	0.284756091262312
0.0188781828616315	0.251516101609643
0.0188849708869299	0.200135209002002
0.0188917637955226	0.146866663613392
0.0188985615926811	0.109136117164401
0.0189053642836843	0.0946467839031757
0.018912171873819	0.0973661828122524
0.0189189843683794	0.102783145602619
0.0189258017726673	0.100012660311242
0.0189326240919924	0.091807872153003
0.0189394513316717	0.0933620680756454
0.0189462834970303	0.119968929988697
0.0189531205934005	0.173019533877699
0.0189599626261227	0.23611523069779
0.0189668096005449	0.285188004610758
0.0189736615220226	0.304254157937544
0.0189805183959195	0.295251437684897
0.0189873802276066	0.276798507178084
0.0189942470224629	0.272580789282455
0.0190011187858751	0.295366805027947
0.0190079955232379	0.338542679205646
0.0190148772399536	0.382725978877589
0.0190217639414323	0.409969329564432
0.019028655633092	0.412486724182615
0.0190355523203587	0.392312361442374
0.0190424540086661	0.356770126481775
0.0190493607034558	0.314646277871302
0.0190562724101774	0.274754269966504
0.0190631891342882	0.24571215214086
0.0190701108812537	0.234168274055129
0.0190770376565472	0.240994447396826
0.0190839694656499	0.258991153799557
0.019090906314051	0.275264734240334
0.0190978482072478	0.277228034123651
0.0191047951507455	0.25853808505077
0.0191117471500573	0.221867600000175
0.0191187042107044	0.177445062778461
0.0191256663382163	0.138590581016078
0.0191326335381301	0.116962869827398
0.0191396058159913	0.11912261719694
0.0191465831773535	0.14376120261516
0.0191535656277783	0.179771707969284
0.0191605531728353	0.208515002424822
0.0191675458181025	0.213292631479298
0.0191745435691659	0.192768092161424
0.0191815464316196	0.167662299530865
0.0191885544110659	0.170710293739637
0.0191955675131154	0.223046670712043
0.0192025857433869	0.314179855032193
0.0192096091075072	0.401818880902444
0.0192166376111116	0.434852609012731
0.0192236712598435	0.388620173345897
0.0192307100593547	0.289105822932075
0.019237754015305	0.202006674123878
0.0192448031333629	0.188450080495488
0.0192518574192048	0.261947050190255
0.0192589168785158	0.380957755544949
0.019265981516989	0.480266821122818
0.0192730513403261	0.516255454541978
0.0192801263542371	0.492649285463169
0.0192872065644403	0.447729586066198
0.0192942919766626	0.416630038795698
0.0193013825966392	0.403945724644324
0.0193084784301136	0.388046945925416
0.019315579482838	0.34767642401883
0.0193226857605728	0.285170818878343
0.0193297972690873	0.226640652752201
0.0193369140141587	0.199156058428125
0.0193440360015733	0.205601485346104
0.0193511632371255	0.222708611673007
0.0193582957266185	0.226722396874878
0.0193654334758639	0.220620347598346
0.019372576490682	0.232836353599905
0.0193797247769016	0.28798962461052
0.0193868783403601	0.377691099837455
0.0193940371869037	0.456863147568293
0.0194012013223869	0.471299681201276
0.0194083707526732	0.399556294218271
0.0194155454836345	0.276112828540265
0.0194227255211516	0.173487879237912
0.0194299108711139	0.154630768929325
0.0194371015394194	0.230143137488365
0.0194442975319752	0.352239598405039
0.0194514988546968	0.452483719637944
0.0194587055135085	0.492964643170242
0.0194659175143435	0.486223469525306
0.0194731348631438	0.471017841596242
0.0194803575658602	0.471819666813445
0.0194875856284523	0.478978884337309
0.0194948190568884	0.463732303055541
0.0195020578571461	0.408787072867556
0.0195093020352114	0.323781854728975
0.0195165515970795	0.236735201955624
0.0195238065487543	0.174065127975109
0.0195310668962488	0.144194431515491
0.019538332645585	0.137301616596588
0.0195456038027937	0.142778918273943
0.0195528803739146	0.164350027244201
0.0195601623649968	0.212699576742484
0.0195674497820979	0.283822121422945
0.0195747426312849	0.34863904575596
0.0195820409186337	0.368173865152944
0.0195893446502293	0.324655322048785
0.0195966538321658	0.242134718476614
0.0196039684705464	0.177285238783679
0.0196112885714834	0.185447524527954
0.0196186141410981	0.283944225100088
0.0196259451855211	0.437715727422844
0.0196332817108923	0.581391897514812
0.0196406237233605	0.663604710273654
0.0196479712290838	0.678197936402568
0.0196553242342296	0.659846445208588
0.0196626827449744	0.650582871344253
0.0196700467675042	0.664185229026416
0.019677416308014	0.67864137195725
0.0196847913727081	0.660865269472584
0.0196921719678004	0.594799184080704
0.0196995580995137	0.489073056271354
0.0197069497740805	0.368730813087076
0.0197143469977425	0.262771437445857
0.0197217497767508	0.192199614429368
0.0197291581173658	0.164224849243359
0.0197365720258575	0.176357191055936
0.0197439915085051	0.222686049650164
0.0197514165715975	0.291378154678658
0.0197588472214329	0.356848611203576
0.0197662834643189	0.383730766523944
0.0197737253065728	0.348141244900006
0.0197811727545214	0.257502181174076
0.0197886258145008	0.151217736393831
0.019796084492857	0.0836136710433664
0.0198035487959452	0.0960393687835713
0.0198110187301305	0.190367719330675
0.0198184943017875	0.32596895335977
0.0198259755173003	0.446328831761851
0.0198334623830629	0.512137202403731
0.0198409549054787	0.517584490725897
0.0198484530909609	0.488058955659732
0.0198559569459324	0.463216893075988
0.0198634664768259	0.470562950271562
0.0198709816900836	0.50753793822037
0.0198785025921577	0.546586714807401
0.0198860291895101	0.555124045454163
0.0198935614886123	0.513401475217756
0.0199010994959459	0.423222285978787
0.0199086432180022	0.308345517891411
0.0199161926612823	0.206154094704143
0.0199237478322972	0.151391100513689
0.0199313087375678	0.15963419125455
0.0199388753836249	0.220246063039839
0.0199464477770093	0.302236845478963
0.0199540259242715	0.368689695228015
0.0199616098319721	0.392164656410444
0.0199691995066819	0.365417574692608
0.0199767949549813	0.304825117888758
0.0199843961834609	0.244524554646983
0.0199920031987215	0.220840162665393
0.0199996160073736	0.253603143942955
0.0200072346160381	0.336895703258757
0.0200148590313458	0.445709432482723
0.0200224892599377	0.551404985969136
0.0200301253084649	0.63405593261392
0.0200377671835886	0.686429843275943
0.0200454148919802	0.710627262317316
0.0200530684403214	0.711086304800378
0.020060727835304	0.690142967227867
0.02006839308363	0.649718806357591
0.0200760641920117	0.594855565289447
0.0200837411671716	0.533182165343903
0.0200914240158427	0.470132096146985
0.020099112744768	0.404287694901099
0.020106807360701	0.328994574432157
0.0201145078704056	0.243284074991342
0.0201222142806559	0.163889351486142
0.0201299265982366	0.122847073216151
0.0201376448299426	0.146739633066223
0.0201453689825792	0.232826458735081
0.0201530990629625	0.34231983480942
0.0201608350779186	0.419143026567681
0.0201685770342843	0.423677611470605
0.020176324938907	0.358406548216039
0.0201840787986446	0.266975791225912
0.0201918386203653	0.205796945029511
0.0201996044109482	0.206258652653049
0.0202073761772827	0.255377189746805
0.020215153926269	0.310708917475724
0.0202229376648179	0.337244065111713
0.0202307273998508	0.336086198534984
0.0202385231382997	0.340035671879856
0.0202463248871074	0.377769536575091
0.0202541326532275	0.440713141070722
0.0202619464436241	0.486176607754248
0.0202697662652722	0.47112894555954
0.0202775921251575	0.386444218968721
0.0202854240302765	0.269212228398277
0.0202932619876367	0.180473737346028
0.0203011060042561	0.157601820604612
0.0203089560871637	0.185586293109984
0.0203168122433996	0.218526832381374
0.0203246744800145	0.224516566048966
0.0203325428040701	0.211123146561786
0.020340417222639	0.218141910648601
0.020348297742805	0.283205371037291
0.0203561843716625	0.402724871755724
0.0203640771163173	0.525339346454796
0.0203719759838859	0.588263108647172
0.020379880981496	0.564140139096578
0.0203877921162864	0.480812912422138
0.0203957093954068	0.400348756374895
0.0204036328260183	0.373014761761058
0.020411562415293	0.403435241837675
0.0204194981704139	0.455145209958928
0.0204274400985756	0.48450279472204
0.0204353882069836	0.476678652185772
0.0204433425028548	0.457519214985122
0.0204513029934173	0.468011720460577
0.0204592696859102	0.522201004846105
0.0204672425875844	0.590649685897243
0.0204752217057016	0.623190946623864
0.0204832070475351	0.586120373822173
0.0204911986203695	0.485492310160082
0.0204991964315008	0.362769618639348
0.0205072004882364	0.265400616985726
0.0205152107978949	0.215885807054237
0.0205232273678067	0.205700738488738
0.0205312502053134	0.214105172590806
0.0205392793177682	0.229578655795925
0.0205473147125358	0.256148592733812
0.0205553563969923	0.303707664830297
0.0205634043785255	0.372521547916993
0.0205714586645347	0.444932423259295
0.020579519262431	0.492851532169495
0.0205875861796367	0.496764744746481
0.0205956594235861	0.45908720559532
0.020603739001725	0.399570577842692
0.0206118249215111	0.339953737912139
0.0206199171904135	0.292682375622365
0.0206280158159132	0.259116588817857
0.020636120805503	0.234354533142796
0.0206442321666874	0.214299614018894
0.0206523499069827	0.200042533364351
0.0206604740339172	0.195904056233437
0.0206686045550307	0.203300281286566
0.0206767414778752	0.216696014430738
0.0206848848100144	0.225232594821015
0.0206930345590241	0.218693193595891
0.0207011907324919	0.193773835576228
0.0207093533380173	0.156704048084441
0.0207175223832121	0.120921441496996
0.0207256978756998	0.101745815380255
0.020733879823116	0.111083931695484
0.0207420682331086	0.153933936432059
0.0207502631133372	0.226851790743957
0.0207584644714738	0.318367212836035
0.0207666723152025	0.412034774225031
0.0207748866522193	0.491973954712466
0.0207831074902328	0.54837927116673
0.0207913348369636	0.57993260445521
0.0207995687001443	0.592500037556829
0.0208078090875202	0.595748221051655
0.0208160560068486	0.599024487145574
0.020824309465899	0.606904891139283
0.0208325694724536	0.615919444889745
0.0208408360343066	0.615920048838051
0.0208491091592647	0.597748015635446
0.0208573888551472	0.562431693448152
0.0208656751297854	0.523319858805394
0.0208739679910234	0.497574295441806
0.0208822674467177	0.493012676669634
0.0208905735047372	0.500856602930735
0.0208988861729634	0.500849020071048
0.0209072054592904	0.476473122426431
0.0209155313716247	0.430077926684833
0.0209238639178856	0.385559917432342
0.0209322031060049	0.373611136260624
0.0209405489439271	0.409341192701018
0.0209489014396094	0.481754534466499
0.0209572606010216	0.564584404574318
0.0209656264361463	0.636930408338268
0.0209739989529789	0.695191868755523
0.0209823781595274	0.748943718786909
0.0209907640638128	0.805435814791411
0.0209991566738689	0.854965589730494
0.0210075559977422	0.87252408050638
0.0210159620434922	0.837872898140625
0.0210243748191913	0.755617442291345
0.0210327943329248	0.65578535394428
0.021041220592791	0.573379514653018
0.0210496536069011	0.522475550527528
0.0210580933833795	0.486679577907111
0.0210665399303633	0.436935440612049
0.021074993256003	0.362238344887535
0.0210834533684621	0.284502391268872
0.021091920275917	0.243541511937529
0.0211003939865574	0.265352823478119
0.0211088745085863	0.340025945995192
0.0211173618502197	0.427722292736161
0.0211258560196868	0.488750015085497
0.0211343570252302	0.512397706451259
0.0211428648751058	0.519352625235162
0.0211513795775824	0.536929067666364
0.0211599011409428	0.571654989863929
0.0211684295734824	0.603724947059175
0.0211769648835106	0.605889469067781
0.0211855070793499	0.570305116648171
0.0211940561693363	0.521122854793908
0.0212026121618192	0.498463135957122
0.0212111750651616	0.524949849820889
0.0212197448877399	0.587541762679317
0.0212283216379442	0.651361777411659
0.021236905324178	0.689141881090029
0.0212454959548584	0.700941141328043
0.0212540935384164	0.709830634218729
0.0212626980832962	0.736326778837894
0.0212713095979561	0.775161946284477
0.0212799280908679	0.798527357789728
0.0212885535705171	0.781482839017856
0.0212971860454031	0.725627982585919
0.021305825524039	0.661672533528931
0.0213144720149517	0.625495781146168
0.0213231255266821	0.626196932844674
0.0213317860677848	0.639713017760755
0.0213404536468283	0.635430265951994
0.0213491282723952	0.607059232202697
0.021357809953082	0.579898891350137
0.0213664986974991	0.59009497597719
0.0213751945142709	0.651943448232077
0.0213838974120361	0.74121562446129
0.021392607399447	0.810211672801676
0.0214013244851706	0.820952828725295
0.0214100486778875	0.771972540105635
0.0214187799862928	0.700415763895238
0.0214275184190957	0.653321108541028
0.0214362639850195	0.650291418378293
0.0214450166928019	0.674692306713258
0.0214537765511947	0.697194944387225
0.0214625435689643	0.701413610977991
0.0214713177548912	0.691504433501495
0.0214800991177702	0.682645432348337
0.0214888876664108	0.683028271134854
0.0214976834096366	0.682616370148311
0.0215064863562859	0.659929793252482
0.0215152965152113	0.598836635856488
0.02152411389528	0.500619346504045
0.0215329385053737	0.385758214855766
0.0215417703543888	0.284281508100047
0.0215506094512361	0.218425508232961
0.0215594558048412	0.191899928772575
0.0215683094241442	0.195885823856659
0.0215771703181001	0.222000795852067
0.0215860384956785	0.266787284558552
0.0215949139658636	0.328242109366572
0.0216037967376547	0.403765495490631
0.0216126868200657	0.48959824088531
0.0216215842221254	0.577690775087152
0.0216304889528775	0.653762265563546
0.0216394010213806	0.700462572043941
0.0216483204367081	0.703223182410848
0.0216572472079485	0.657683388247351
0.0216661813442054	0.576300820519215
0.0216751228545972	0.485366214493186
0.0216840717482574	0.411310058769945
0.0216930280343348	0.367766091874899
0.0217019917219931	0.351921765624012
0.0217109628204112	0.351179491476562
0.0217199413387833	0.356197198115968
0.0217289272863186	0.368121181471697
0.0217379206722417	0.391273711799035
0.0217469215057925	0.420988731305792
0.0217559297962261	0.441635489055934
0.021764945552813	0.436839611500686
0.0217739687848392	0.404262400218486
0.0217829995016058	0.363752759698345
0.0217920377124296	0.347778575036791
0.0218010834266428	0.377734794703924
0.021810136653593	0.446122847793709
0.0218191974026436	0.52056616705553
0.0218282656831732	0.566466964955486
0.0218373415045762	0.570382745820259
0.0218464248762627	0.546801288481669
0.0218555158076583	0.524317812570652
0.0218646143082044	0.522542225455462
0.0218737203873582	0.536448713626288
0.0218828340545924	0.539855710665519
0.0218919553193957	0.506677785162398
0.0219010841912726	0.432428676179553
0.0219102206797435	0.337455041626753
0.0219193647943446	0.251422503969993
0.021928516544628	0.195060299270173
0.0219376759401619	0.174522444250541
0.0219468429905303	0.18858288522542
0.0219560177053335	0.235822273473656
0.0219652000941876	0.312533878354352
0.0219743901667249	0.404985890848271
0.0219835879325939	0.486003018169242
0.021992793401459	0.523746275719293
0.0220020065830012	0.500324050437752
0.0220112274869173	0.425041470110301
0.0220204561229208	0.329682003337461
0.022029692500741	0.249423375512248
0.022038936630124	0.202718621873322
0.0220481885208319	0.1834289882615
0.0220574481826435	0.172739735673663
0.0220667156253539	0.161100020966589
0.0220759908587745	0.157112602862785
0.0220852738927335	0.17608579999649
0.0220945647370755	0.224291970914415
0.0221038634016616	0.293333673550322
0.0221131698963696	0.36491438447231
0.022122484231094	0.420097978461458
0.0221318064157459	0.446577808162791
0.022141136460253	0.440008567036758
0.02215047437456	0.400904501671528
0.0221598201686282	0.332524571647286
0.0221691738524357	0.244302977987143
0.0221785354359776	0.157405263376324
0.0221879049292657	0.101202738800653
0.0221972823423291	0.0976880153234361
0.0222066676852133	0.146564353151977
0.0222160609679812	0.223690150659669
0.0222254622007127	0.294199144109267
0.0222348713935046	0.333133529412497
0.022244288556471	0.339231063382837
0.022253713699743	0.329507792131597
0.0222631468334689	0.321060852254076
0.0222725879678142	0.317963680738094
0.0222820371129618	0.31122908837783
0.0222914942791117	0.288607949436057
0.0223009594764813	0.247585970052816
0.0223104327153054	0.200816232277294
0.0223199140058361	0.166366590374463
0.022329403358343	0.152638550916743
0.0223389007831133	0.155084491726303
0.0223484062904514	0.164898697335663
0.0223579198906795	0.176644133220199
0.0223674415941373	0.189016388344919
0.0223769714111821	0.201428418284186
0.0223865093521889	0.209670631565651
0.0223960554275504	0.205605076267611
0.022405609647677	0.184259552928575
0.0224151720229969	0.151818860588138
0.0224247425639561	0.124504223866836
0.0224343212810185	0.117865700924488
0.0224439081846656	0.135485564288252
0.0224535032853974	0.16702964453401
0.0224631065937312	0.197877099188236
0.0224727181202028	0.22069607012643
0.0224823378753659	0.238045204357308
0.0224919658697921	0.257026121135959
0.0225016021140713	0.282390058452488
0.0225112466188115	0.311242948052385
0.022520899394639	0.333645620724226
0.0225305604521981	0.340191424976822
0.0225402298021516	0.328108446970622
0.0225499074551806	0.300381988114092
0.0225595934219843	0.262772125612256
0.0225692877132805	0.222791608101863
0.0225789903398055	0.189605427712826
0.0225887013123139	0.173363926823425
0.022598420641579	0.181946704445028
0.0226081483383923	0.215030188162422
0.0226178844135642	0.261078479916969
0.0226276288779238	0.302056262417913
0.0226373817423185	0.323511946249619
0.0226471430176148	0.322786013176705
0.0226569127146977	0.308110420581258
0.022666690844471	0.289103396077028
0.0226764774178575	0.268382952691629
0.0226862724457987	0.241577593498054
0.0226960759392551	0.204189682300913
0.0227058879092062	0.159076498876475
0.0227157083666504	0.117563308282623
0.0227255373226052	0.0923501792110446
0.022735374788107	0.0895830525618899
0.0227452207742117	0.108583696135453
0.0227550752919939	0.147171318344906
0.0227649383525477	0.203504104277129
0.0227748099669864	0.270817246396871
0.0227846901464425	0.331087033124281
0.0227945789020679	0.357269542421526
0.0228044762450339	0.327577486256235
0.0228143821865311	0.244829700645273
0.0228242967377696	0.145411843966354
0.0228342199099791	0.0833797503527418
0.0228441517144086	0.0957702281567391
0.0228540921623269	0.178007205627504
0.0228640412650224	0.290313903486999
0.022873999033803	0.386630928779857
0.0228839654799965	0.443286599382678
0.0228939406149503	0.469039364220642
0.0229039244500317	0.48893458789283
0.0229139169966278	0.515554914525562
0.0229239182661456	0.536438392091499
0.0229339282700119	0.529620048396055
0.0229439470196738	0.490133507832781
0.0229539745265979	0.441474124939623
0.0229640108022714	0.418757309319706
0.0229740558582012	0.436822099590032
0.0229841097059144	0.475611856050637
0.0229941723569586	0.499772887703278
0.0230042438229012	0.495747306655687
0.0230143241153301	0.492373466832053
0.0230244132458536	0.541114908143029
0.0230345112261001	0.665956460862334
0.0230446180677187	0.827493339019652
0.0230547337823788	0.939994875662362
0.0230648583817702	0.931352169816795
0.0230749918776036	0.796424778999843
0.0230851342816098	0.60266939263375
0.0230952856055406	0.445955161386315
0.0231054458611684	0.38796806822196
0.0231156150602862	0.418371685309799
0.023125793214708	0.472207772733911
0.0231359803362683	0.490089731736146
0.0231461764368227	0.464807723758893
0.0231563815282478	0.433472628120987
0.0231665956224408	0.434442004749075
0.0231768187313202	0.47318326214834
0.0231870508668254	0.52027987796206
0.023197292040917	0.539737067182343
0.0232075422655767	0.522588509416094
0.0232178015528073	0.491809814463475
0.0232280699146329	0.47371406440893
0.0232383473630989	0.466527450485648
0.0232486339102721	0.43766269946627
0.0232589295682405	0.357086583355727
0.0232692343491137	0.237192542499113
0.0232795482650225	0.133978393977907
0.0232898713281196	0.106531657283882
0.0233002035505789	0.173413158023021
0.0233105449445962	0.295998204131287
0.0233208955223887	0.399787085796037
0.0233312552961956	0.426635150286724
0.0233416242782776	0.375908648319118
0.0233520024809174	0.294812352369057
0.0233623899164194	0.238113441916564
0.0233727865971099	0.238411765369026
0.0233831925353373	0.294355947110195
0.023393607743472	0.378093043185881
0.0234040322339062	0.463025256349393
0.0234144660190544	0.543848367006232
0.0234249091113533	0.627500182986089
0.0234353615232617	0.716014590484238
0.0234458232672605	0.803593486840365
0.0234562943558533	0.883639940713578
0.0234667748015656	0.955753355592782
0.0234772646169456	1.02485648622679
0.0234877638145638	1.0906645399916
0.0234982724070133	1.14027426187246
0.0235087904069096	1.15512985687924
0.0235193178268909	1.12764437554071
0.0235298546796181	1.07477784841606
0.0235404009777747	1.03386296814536
0.023550956734067	1.03721295497791
0.023561521961224	1.08779937716465
0.0235720966719978	1.15829916868379
0.023582680879163	1.21000509876658
0.0235932745955175	1.21622776654002
0.0236038778338822	1.17550709893022
0.0236144906071009	1.10326851483302
0.0236251129280404	1.01075032839209
0.0236357448095911	0.89710395452199
0.0236463862646661	0.761555492627796
0.0236570373062022	0.616384946959898
0.0236676979471592	0.484855906275906
0.0236783682005204	0.386221185353995
0.0236890480792926	0.321043432066057
0.023699737596506	0.272070525103165
0.0237104367652142	0.223868266968543
0.0237211455984946	0.182934166376479
0.0237318641094482	0.174879589198588
0.0237425923111995	0.218569918315706
0.023753330216897	0.302258428885727
0.0237640778397129	0.384441101559471
0.0237748351928431	0.419614794587872
0.0237856022895076	0.389452531200609
0.0237963791429502	0.315400571701933
0.023807165766439	0.242372618654458
0.0238179621732658	0.206430558363034
0.0238287683767468	0.211955169112824
0.0238395843902222	0.234666314593678
0.0238504102270565	0.245451230818668
0.0238612459006386	0.234059332590413
0.0238720914243815	0.213871713341115
0.0238829468117227	0.206811772608005
0.0238938120761244	0.223582858620993
0.0239046872310729	0.256305061975002
0.0239155722900793	0.288496241061193
0.0239264672666793	0.310457133755876
0.0239373721744332	0.324619694766461
0.0239482870269261	0.3397831425051
0.023959211837768	0.36474378423296
0.0239701466205934	0.407759159717724
0.0239810913890622	0.479601815671186
0.0239920461568587	0.592930135115568
0.0240030109376926	0.753792489718857
0.0240139857452987	0.953485386315287
0.0240249705934366	1.17083404967735
0.0240359654958914	1.38191052769089
0.0240469704664733	1.57087870894984
0.0240579855190179	1.73778352182425
0.0240690106673861	1.89266455354613
0.0240800459254642	2.03656333965066
0.0240910913071639	2.15371268594174
0.0241021468264227	2.22653256166912
0.0241132124972035	2.25276937012053
0.0241242883334947	2.24624175222966
0.0241353743493109	2.22482602748879
0.024146470558692	2.19480624853522
0.0241575769757039	2.14170349700332
0.0241686936144384	2.03995021256527
0.0241798204890133	1.87758121755872
0.0241909576135723	1.67196572555806
0.0242021050022853	1.45954958894727
0.0242132626693481	1.26869415896113
0.0242244306289831	1.10010108764277
0.0242356088954385	0.933027069053961
0.024246797482989	0.754089838549395
0.0242579964059358	0.582558317078229
0.0242692056786064	0.463826173965046
0.0242804253153547	0.431745582238083
0.0242916553305614	0.473199805404833
0.0243028957386336	0.527988721216904
0.0243141465540052	0.527831234263915
0.0243254077911368	0.448742412549282
0.0243366794645157	0.333904247662939
0.0243479615886564	0.258860565771576
0.0243592541780998	0.267632356255712
0.0243705572474144	0.341107420176337
0.0243818708111951	0.420779035988057
0.0243931948840646	0.460015362997775
0.0244045294806722	0.462263396294504
0.0244158746156947	0.476184803424936
0.0244272303038362	0.547180132576143
0.0244385965598282	0.668888318922659
0.0244499733984295	0.782758771584859
0.0244613608344265	0.822821050543623
0.0244727588826331	0.763400740391316
0.0244841675578909	0.63485330438295
0.0244955868750691	0.498685563816951
0.0245070168490648	0.401863999557231
0.0245184574948026	0.349847369551518
0.0245299088272354	0.322549351959292
0.0245413708613438	0.313802822462933
0.0245528436121363	0.351918745527202
0.0245643270946498	0.479011617744415
0.0245758213239492	0.707619381373933
0.0245873263151274	0.996763260676716
0.024598842083306	1.27284327602386
0.0246103686436345	1.48103596012232
0.0246219060112911	1.62662271774221
0.0246334542014825	1.77125460884642
0.0246450132294436	1.98323400063014
0.0246565831104383	2.28117883262748
0.024668163859759	2.61868716790187
0.0246797554927269	2.92000731440647
0.0246913580246919	3.13298406794634
0.0247029714710328	3.2577771120592
0.0247145958471575	3.33367082270747
0.0247262311685029	3.396616849457
0.0247378774505347	3.44254149596418
0.024749534708748	3.42898889004958
0.0247612029586671	3.31161093717544
0.0247728822158456	3.07980524300689
0.0247845724958664	2.76426406062928
0.0247962738143419	2.41763402382205
0.0248079861869138	2.08661849454952
0.0248197096292536	1.79528998254133
0.0248314441570624	1.54731864150448
0.0248431897860708	1.33835863465532
0.0248549465320395	1.1642336543273
0.0248667144107588	1.01882473541372
0.0248784934380491	0.888898457583721
0.0248902836297605	0.757936426109817
0.0249020850017735	0.619077895974526
0.0249138975699986	0.48306056905305
0.0249257213503764	0.372483711156607
0.0249375563588779	0.308875841241396
0.0249494026115044	0.301639985236954
0.0249612601242876	0.342956558525471
0.0249731289132898	0.411237613584502
0.0249850089946037	0.483003424444845
0.0249969003843528	0.545289983839861
0.0250088030986912	0.599155684230059
0.0250207171538038	0.65342581526997
0.0250326425659064	0.714388937906641
0.0250445793512457	0.777732677365096
0.0250565275260993	0.827593457596256
0.0250684871067762	0.844124507320444
0.0250804581096161	0.815153497895717
0.0250924405509903	0.744205772300307
0.0251044344473012	0.649869509228855
0.0251164398149827	0.557272960952182
0.0251284566705001	0.487325185784875
0.0251404850303501	0.450045028028064
0.0251525249110611	0.444335539779566
0.0251645763291934	0.462846101526289
0.0251766393013386	0.499289516714937
0.0251887138441206	0.554374219678675
0.0252007999741948	0.636198445094661
0.0252128977082489	0.754796376443037
0.0252250070630024	0.916477050872891
0.0252371280552072	1.12350427536098
0.0252492607016471	1.37624453835294
0.0252614050191385	1.6705126085691
0.0252735610245299	1.99138337329191
0.0252857287347026	2.31248717672644
0.02529790816657	2.60461808061311
0.0253100993370783	2.84947516479153
0.0253223022632065	3.05040593231003
0.0253345169619662	3.22862095386774
0.0253467434504019	3.40059734483892
0.025358981745591	3.55430694795785
0.0253712318646439	3.64926937582855
0.025383493824704	3.64406489278558
0.0253957676429481	3.5305898496851
0.025408053336586	3.34601930038895
0.0254203509228608	3.14758438534173
0.0254326604190493	2.96985158766335
0.0254449818424614	2.80328418237116
0.0254573152104408	2.61023142832806
0.0254696605403647	2.36237216602248
0.0254820178496443	2.06994845171533
0.0254943871557242	1.77713798768204
0.0255067684760832	1.52710877083966
0.025519161828234	1.33157505804592
0.0255315672297232	1.16844097736385
0.0255439846981318	1.00264184495453
0.0255564142510748	0.818825752639636
0.0255688559062016	0.644431253661113
0.0255813096811959	0.532858948913773
0.025593775593776	0.515398505606725
0.0256062536616947	0.574044338723653
0.0256187439027393	0.661083429611862
0.0256312463347322	0.740490495922854
0.0256437609755301	0.815886970326985
0.025656287843025	0.922308054077906
0.0256688269551436	1.08181627448749
0.0256813783298479	1.2625317786509
0.0256939419851349	1.38864993007397
0.0257065179390369	1.39735058720249
0.0257191062096214	1.28950830313542
0.0257317068149915	1.13015274358076
0.0257443197732856	0.999990737968345
0.0257569451026779	0.936726296890204
0.025769582821378	0.914466281688968
0.0257822329476315	0.879319404797528
0.0257948954997197	0.807248907807447
0.0258075704959599	0.729585273063967
0.0258202579547054	0.705724793477243
0.0258329578943456	0.771193120360539
0.0258456703333061	0.905298893782369
0.0258583952900488	1.04428008958169
0.0258711327830719	1.13049136897961
0.0258838828309103	1.15856467564868
0.0258966454521351	1.17947507039263
0.0259094206653543	1.25722971546276
0.0259222084892126	1.41604294629238
0.0259350089423914	1.6280017045388
0.0259478220436093	1.85117909132772
0.0259606478116216	2.07359765823841
0.0259734862652208	2.31813248999138
0.0259863374232367	2.60950236507315
0.0259992013045363	2.93532656314701
0.0260120779280239	3.23635432098385
0.0260249673126414	3.44229736835317
0.0260378694773682	3.52522266205342
0.0260507844412214	3.51617335562113
0.0260637122232558	3.47013153101138
0.0260766528425641	3.41723880528522
0.0260896063182768	3.34357706873229
0.0261025726695626	3.21728353942106
0.0261155519156283	3.03565413104628
0.0261285440757188	2.84401946052832
0.0261415491691173	2.70542238355456
0.0261545672151457	2.64959222205018
0.0261675982331641	2.64280088820051
0.0261806422425713	2.60502673353659
0.0261936992628048	2.47111643743689
0.026206769313341	2.24597739639597
0.026219852413695	1.99858500012456
0.0262329485834211	1.80515511971377
0.0262460578421124	1.69547648251818
0.0262591802094015	1.63893228114731
0.0262723157049601	1.58051390841129
0.0262854643484993	1.50295816331731
0.0262986261597697	1.45147861783232
0.0263118011585615	1.48771930202415
0.0263249893647046	1.62374916107669
0.0263381907980685	1.8031915242143
0.0263514054785629	1.9400603283678
0.0263646334261371	1.97954065993633
0.0263778746607808	1.93333547873757
0.0263911292025237	1.85775492386074
0.0264043970714358	1.79273239387613
0.0264176782876275	1.72353539447032
0.0264309728712497	1.60162121384996
0.0264442808424939	1.40091418772241
0.0264576022215922	1.15939952226855
0.0264709370288176	0.970155042346633
0.0264842852844839	0.920902273180244
0.0264976470089459	1.02537815754187
0.0265110222225995	1.20705259153011
0.026524410945882	1.35237055593054
0.0265378131992716	1.39035854754913
0.0265512290032884	1.33858830897888
0.0265646583784935	1.28191537391309
0.0265781013454901	1.29971525507456
0.0265915579249227	1.40304372334306
0.026605028137478	1.53358039557625
0.0266185120038844	1.61632685335321
0.0266320095449125	1.62236503502542
0.0266455207813748	1.59905996663672
0.0266590457341264	1.636096246871
0.0266725844240645	1.78751472722691
0.0266861368721288	2.03040320374372
0.0266997030993018	2.29746080372865
0.0267132831266084	2.52938222595292
0.0267268769751164	2.70027323181521
0.0267404846659367	2.81867387702416
0.0267541062202229	2.90534625497142
0.0267677416591719	2.96104369600692
0.0267813910040239	2.96556421565148
0.0267950542760622	2.91013294019433
0.0268087314966137	2.82044418495408
0.0268224226870491	2.75053301941167
0.0268361278687823	2.75553136806795
0.0268498470632713	2.85551415379925
0.0268635802920181	3.01835899548042
0.0268773275765683	3.18462766397421
0.0268910889385121	3.3100237083107
0.0269048643994836	3.38697516714974
0.0269186539811615	3.43889167986719
0.0269324577052686	3.49648746655037
0.0269462755935728	3.56947921080342
0.0269601076678862	3.63656352893563
0.026973953950066	3.66425117778452
0.0269878144620143	3.6357133747603
0.0270016892256782	3.56421987282402
0.0270155782630498	3.48400256626001
0.0270294815961668	3.42523833091765
0.027043399247112	3.39055957520908
0.0270573312380138	3.35418524672815
0.0270712775910463	3.28150679869273
0.0270852383284293	3.14835785434041
0.0270992134724284	2.94979206633958
0.0271132030453551	2.69940905210381
0.0271272070695674	2.41980609718158
0.0271412255674689	2.13089327148875
0.0271552585615101	1.84657070675027
0.0271693060741876	1.57707169185115
0.0271833681280447	1.33027877678127
0.0271974447456714	1.114517183065
0.0272115359497045	0.94336165250909
0.0272256417628278	0.83623755757515
0.027239762207772	0.812012064025946
0.0272538973073151	0.879022530830087
0.0272680470842824	1.02605539887542
0.0272822115615466	1.21964945345555
0.027296390762028	1.41156815798362
0.0273105847086945	1.55347731618096
0.0273247934245619	1.61279971158985
0.0273390169326937	1.58629030890157
0.0273532552562017	1.50532512672089
0.0273675084182457	1.42392857959916
0.027381776442034	1.39247094724694
0.0273960593508231	1.43147431055056
0.0274103571679182	1.52022516772215
0.027424669916673	1.61118875978493
0.0274389976204903	1.66236389270348
0.0274533403028215	1.66076289845815
0.0274676979871672	1.62314845815478
0.0274820706970773	1.58339354177309
0.027496458456151	1.57693578417562
0.0275108612880366	1.62702478052469
0.0275252792164325	1.73584049930914
0.0275397122650864	1.88257453655027
0.027554160457796	2.03370314189566
0.0275686238184089	2.16531489102425
0.0275831023708229	2.28284783653897
0.027597596138986	2.42379533165712
0.0276121051468965	2.64373694571176
0.0276266294186032	2.99174797628336
0.0276411689782056	3.48183470517795
0.0276557238498539	4.07711297020937
0.0276702940577491	4.70227378162817
0.0276848796261435	5.27656768416326
0.0276994805793403	5.74466106381928
0.0277140969416941	6.090846709507
0.0277287287376109	6.33440549768869
0.0277433759915483	6.51060120688289
0.0277580387280157	6.64606837233728
0.0277727169715741	6.73957520647409
0.0277874107468368	6.75999732390306
0.0278021200784688	6.66567012137037
0.0278168449911877	6.42948000865991
0.0278315855097634	6.05013380848882
0.0278463416590183	5.55114842293587
0.0278611134638274	4.97526367004452
0.0278759009491187	4.3723654146063
0.0278907041398731	3.78564378528883
0.0279055230611243	3.24482070173932
0.0279203577379597	2.76176829014609
0.0279352081955197	2.32669375423847
0.0279500744589984	1.9172112834767
0.0279649565536435	1.51847530114606
0.0279798545047566	1.13674942643329
0.0279947683376931	0.801780365271894
0.0280096980778625	0.559550739000207
0.0280246437507287	0.448798293201973
0.0280396053818097	0.472227422032406
0.0280545829966784	0.594310114230223
0.0280695766209619	0.768071923390607
0.0280845862803426	0.958440253788526
0.0280996120005575	1.14633191147294
0.0281146538073989	1.32233296985241
0.0281297117267142	1.47857826188656
0.0281447857844065	1.6041732851833
0.028159876006434	1.68682072489759
0.028174982418811	1.71583883549351
0.0281901050476075	1.68284784738051
0.0282052439189494	1.58435166759323
0.028220399059019	1.42658651080949
0.0282355704940547	1.22704049466242
0.0282507582503514	1.01313085160571
0.0282659623542607	0.819730376926159
0.0282811828321908	0.68074463881538
0.0282964197106068	0.616068855453753
0.0283116730160312	0.626920935096664
0.0283269427750433	0.705836689870508
0.0283422290142799	0.851792841399822
0.0283575317604356	1.07799790175345
0.0283728510402622	1.40611456494535
0.0283881868805697	1.85020007661272
0.0284035393082261	2.40596152042568
0.0284189083501573	3.05723294452783
0.0284342940333477	3.78982754439287
0.0284496963848401	4.5976523369966
0.0284651154317361	5.4790942790726
0.0284805512011957	6.42520542672413
0.0284960037204382	7.40310279873028
0.0285114730167419	8.34887919016169
0.0285269591174443	9.18281076713185
0.0285424620499424	9.8388446913049
0.0285579818416928	10.285127556353
0.0285735185202117	10.522017446733
0.0285890721130754	10.5657124204003
0.0286046426479203	10.4335201994267
0.0286202301524427	10.1376921368686
0.0286358346543998	9.68548701720202
0.0286514561816089	9.08328513674279
0.0286670947619484	8.34438171981589
0.0286827504233573	7.49612603866113
0.028698423193836	6.57898873050297
0.0287141131014457	5.63732965249669
0.0287298201743095	4.71039756686033
0.0287455444406116	3.82852027454204
0.0287612859285983	3.01262851436438
0.0287770446665776	2.27669626706191
0.0287928206829195	1.63421416549556
0.0288086140060566	1.10489272904136
0.0288244246644836	0.714137614257692
0.0288402526867578	0.48280127966391
0.0288560981014995	0.413915414524239
0.0288719609373916	0.485855168188782
0.0288878412231804	0.655663834824219
0.0289037389876753	0.870928963360406
0.0289196542597493	1.08552270265409
0.0289355870683388	1.26996926854317
0.0289515374424442	1.40895784004418
0.0289675054111299	1.49231074261376
0.0289834910035243	1.5139364507753
0.0289994942488202	1.47971202246269
0.0290155151762749	1.40949578401306
0.0290315538152105	1.32596783480237
0.0290476101950139	1.2396326856375
0.0290636843451369	1.14143452157885
0.0290797762950968	1.00897208154142
0.029095886074476	0.827676476995204
0.0291120137129228	0.615652340056633
0.029128159240151	0.429534291050619
0.0291443226859406	0.341896212402075
0.0291605040801376	0.405410615521692
0.0291767034526542	0.625758526324885
0.0291929208334694	0.960600028380567
0.0292091562526287	1.35344468542932
0.0292254097402444	1.7828514624049
0.0292416813264961	2.28375587873756
0.0292579710416304	2.92298769740867
0.0292742789159616	3.7510835528788
0.0292906049798713	4.76397321137846
0.0293069492638093	5.90123927177394
0.029323311798293	7.08238120977239
0.0293396926139082	8.24510622427454
0.0293560917413092	9.35256108236215
0.0293725092112187	10.3792639485347
0.0293889450544281	11.2992652765132
0.029405399301798	12.0836258026389
0.0294218719842579	12.7037356031174
0.0294383631328068	13.1335183433711
0.0294548727785133	13.3455122019081
0.0294714009525155	13.3081951466058
0.0294879476860216	12.9949207650304
0.0295045130103098	12.3991703864937
0.0295210969567289	11.5456337316449
0.029537699556698	10.4937386278562
0.0295543208417068	9.32975744274558
0.0295709608433163	8.14565657737498
0.0295876195931582	7.01341914955297
0.0296042971229358	5.96529765239377
0.0296209934644238	4.99063624849165
0.0296377086494686	4.06202534303989
0.0296544427099888	3.1781839214689
0.0296711956779747	2.38157637506957
0.0296879675854892	1.73365713125238
0.0297047584646677	1.2760533279158
0.0297215683477183	1.0087632557947
0.0297383972669221	0.893641420982835
0.0297552452546332	0.876450588164335
0.0297721123432793	0.911468688643951
0.0297889985653616	0.970972735095843
0.0298059039534548	1.03799660817854
0.0298228285402081	1.09749467203376
0.0298397723583444	1.13757056952671
0.0298567354406612	1.15666979005408
0.0298737178200309	1.16349034376364
0.0298907195294002	1.16442564819792
0.0299077406017913	1.15027976670672
0.0299247810703014	1.09719081594598
0.0299418409681033	0.982851007781393
0.0299589203284453	0.807111403994938
0.029976019184652	0.601902938627053
0.0299931375701236	0.420712388021553
0.0300102755183372	0.315527756749046
0.0300274330628459	0.318138495600651
0.03004461023728	0.432603048210219
0.0300618070753466	0.639364464426667
0.0300790236108301	0.912392384365924
0.0300962598775922	1.23987710760873
0.0301135159095724	1.62976985903259
0.0301307917407881	2.09843760416017
0.0301480874053347	2.65848355197983
0.0301654029373859	3.31519712242818
0.0301827383711942	4.07048945998587
0.0302000937410906	4.92725806496248
0.0302174690814853	5.88189386677433
0.0302348644268676	6.90608373604419
0.0302522798118063	7.94178555144493
0.0302697152709499	8.92225781210879
0.030287170839027	9.80206378665329
0.030304646550846	10.5724646176079
0.030322142441296	11.2491475191619
0.0303396585453465	11.8344670335566
0.030357194898048	12.2828338965103
0.0303747515345321	12.5095012685287
0.0303923284900115	12.4434751488273
0.0304099257997807	12.0759904183158
0.0304275434992158	11.4662590235835
0.0304451816237751	10.7092095235919
0.0304628402089991	9.88892984307705
0.0304805192905106	9.04349787037065
0.0304982189040156	8.16455617789861
0.0305159390853026	7.23164497815221
0.0305336798702437	6.24953958076589
0.0305514412947941	5.25967497918473
0.0305692233949931	4.32236810214764
0.0305870262069636	3.48518621369884
0.030604849766913	2.76164076125716
0.030622694111133	2.13752890231482
0.0306405592759999	1.60010763802845
0.0306584452979751	1.16259698229952
0.0306763522136051	0.857581528526276
0.0306942800595219	0.701311344197361
0.0307122288724431	0.661462909003247
0.0307301986891722	0.664022032141684
0.030748189546599	0.639861468143955
0.0307662014816998	0.572947592751269
0.0307842345315374	0.509524157409105
0.0308022887332616	0.518182167526996
0.0308203641241094	0.627961458113721
0.0308384607414055	0.792471790061597
0.0308565786225619	0.915299898507774
0.0308747178050788	0.921973420225267
0.0308928783265447	0.816831993878797
0.0309110602246364	0.677066373302252
0.0309292635371196	0.595841818642958
0.0309474883018489	0.620134368612951
0.0309657345567684	0.721856087553929
0.0309840023399114	0.823344677438446
0.0310022916894012	0.867237726894775
0.0310206026434512	0.871042926498605
0.031038935240365	0.909487208394824
0.031057289518537	1.05077332584151
0.0310756655164522	1.31630520120191
0.031094063272687	1.68826811398716
0.031112482825909	2.14159731164428
0.0311309242148776	2.67156197938564
0.0311493874784441	3.29245326164702
0.0311678726555521	4.00115154311805
0.0311863797852376	4.74354059645749
0.0312049089066294	5.42907443506331
0.0312234600589493	5.98721146720338
0.0312420332815127	6.41522723619956
0.0312606286137281	6.77660697413834
0.0312792460950984	7.14975804633309
0.0312978857652202	7.56352184821289
0.031316547663785	7.96729835742641
0.0313352318305786	8.26235810579981
0.0313539383054821	8.37498465395987
0.0313726671284718	8.30870931963823
0.0313914183396194	8.12976024658912
0.0314101919790928	7.90863834158135
0.0314289880871558	7.67013169256904
0.0314478067041687	7.38000058820519
0.0314666478705884	6.97552725887096
0.0314855116269692	6.422341095451
0.0315043980139622	5.74420518550035
0.0315233070723164	4.99698234150154
0.0315422388428787	4.22847589676076
0.0315611933665941	3.47098042668672
0.031580170684506	2.75734025100859
0.0315991708377567	2.12898443141397
0.0316181938675875	1.62814476574914
0.0316372398153392	1.28037729650548
0.0316563087224521	1.07411997241211
0.0316754006304666	0.955357073938456
0.0316945155810233	0.855750366967208
0.0317136536158634	0.738016761834366
0.0317328147768289	0.615475422943604
0.0317519991058631	0.529212605536158
0.0317712066450109	0.508026094902002
0.0317904374364186	0.545016319372146
0.0318096915223349	0.605878904735621
0.031828968945111	0.657007933215502
0.0318482697472006	0.686321263417426
0.0318675939711605	0.701116131960036
0.031886941659651	0.70986440908027
0.0319063128554358	0.706552282303237
0.0319257076013827	0.675087539903256
0.0319451259404639	0.612825048798952
0.0319645679157562	0.545404633884399
0.0319840335704411	0.512635089915429
0.0320035229478055	0.541245539341299
0.032023036091242	0.629903645015355
0.032042573044249	0.754519271542669
0.0320621338504309	0.889535132893961
0.0320817185534989	1.02986531712305
0.0321013271972711	1.19147956549515
0.0321209598256726	1.39007560792701
0.0321406164827361	1.62239793230281
0.0321602972126022	1.86897608960558
0.0321800020595196	2.11132254026874
0.0321997310678456	2.34316588381998
0.0322194842820462	2.56594895750345
0.0322392617466968	2.77542486454293
0.0322590635064822	2.95330314576006
0.032278889606197	3.07600863389428
0.032298740090746	3.13959057549532
0.0323186150051446	3.17634952572226
0.032338514394519	3.23754187499082
0.0323584383041066	3.35427732841045
0.0323783867792565	3.51278017825772
0.0323983598654296	3.661029120181
0.0324183576081989	3.73820323501095
0.0324383800532503	3.70813285755791
0.0324584272463823	3.57400472237057
0.0324784992335068	3.36328278936994
0.0324985960606496	3.10068827217864
0.0325187177739501	2.79996580782179
0.0325388644196623	2.48003265809158
0.0325590360441547	2.17761132515373
0.032579232693911	1.93431985125839
0.0325994544155303	1.76856870998886
0.0326197012557274	1.6582225339843
0.0326399732613333	1.55228430702585
0.0326602704792954	1.40989787783652
0.032680592956678	1.23656713247919
0.0327009407406627	1.08156166222574
0.0327213138785484	0.99810178150644
0.0327417124177522	0.999784351989317
0.0327621364058096	1.04383492559476
0.0327825858903745	1.05662727761774
0.0328030609192199	0.987754871404559
0.0328235615402385	0.846473814940895
0.0328440878014425	0.688789322506337
0.0328646397509643	0.571956244957029
0.0328852174370571	0.514997324914278
0.0329058209080948	0.496668142702455
0.0329264502125726	0.491105751025622
0.0329471053991075	0.496714199990366
0.0329677865164385	0.524122120978505
0.0329884936134271	0.569474832892941
0.0330092267390575	0.607224510696011
0.0330299859424374	0.601476921392422
0.0330507712727978	0.530975374512322
0.033071582779494	0.419075488567691
0.0330924205120054	0.333699366868356
0.0331132845199363	0.340026793336238
0.0331341748530162	0.446919152005035
0.0331550915611003	0.598965183088607
0.0331760346941695	0.719897615530566
0.0331970043023312	0.767893042207557
0.0332180004358196	0.757802986465743
0.033239023144996	0.740106436788067
0.0332600724803494	0.759723286444893
0.0332811484924965	0.82307927176274
0.0333022512321827	0.897655375498489
0.033323380750282	0.946767927444704
0.0333445370977976	0.961490143830144
0.0333657203258624	0.955452823592788
0.0333869304857392	0.938621036904762
0.0334081676288213	0.901769144736734
0.0334294318066329	0.822431098784566
0.0334507230708293	0.69109890757305
0.0334720414731977	0.537348135115308
0.0334933870656572	0.421261915668251
0.0335147599002595	0.389716484774653
0.0335361600291893	0.438737944072934
0.0335575875047646	0.516998379351672
0.0335790423794372	0.565067828903665
0.0336005247057932	0.554731627494689
0.0336220345365533	0.499667095790473
0.0336435719245732	0.437587342169752
0.0336651369228443	0.399986727492631
0.0336867295844938	0.390318480764406
0.0337083499627854	0.390622608020545
0.0337299981111195	0.389277874138276
0.0337516740830339	0.393356570544791
0.0337733779322041	0.412927124705429
0.0337951097124436	0.444764359061982
0.0338168694777046	0.475183214026939
0.0338386572820785	0.495216130333328
0.0338604731797958	0.514596888027514
0.0338823172252274	0.559813105317276
0.0339041894728842	0.650106162434819
0.0339260899774182	0.772054953975658
0.0339480187936226	0.879554190947427
0.0339699759764324	0.92056548118496
0.0339919615809248	0.870100946399273
0.0340139756623195	0.747145754135469
0.0340360182759798	0.604977260682812
0.0340580894774121	0.501739278978623
0.0340801893222671	0.47142809677313
0.0341023178663401	0.514209518666428
0.0341244751655714	0.608402024488375
0.0341466612760465	0.727089053480395
0.0341688762539972	0.842412707949969
0.0341911201558015	0.924058814369729
0.0342133930379845	0.948266542501634
0.0342356949572185	0.912251192863861
0.0342580259703237	0.837403871284102
0.0342803861342688	0.758439953522353
0.0343027755061712	0.705850148315015
0.0343251941432975	0.688457270955678
0.0343476421030643	0.685413148967417
0.0343701194430385	0.659200039713788
0.0343926262209376	0.585997020577241
0.0344151624946306	0.478883527578576
0.0344377283221382	0.382374131575884
0.0344603237616332	0.342130580453287
0.0344829488714415	0.375002198830416
0.0345056037100419	0.462068323912349
0.0345282883360674	0.563771107773646
0.0345510028083049	0.640960471444853
0.0345737471856964	0.671024357497187
0.034596521527339	0.652642566218679
0.0346193258924856	0.598779535178149
0.0346421603405457	0.531794287613161
0.0346650249310853	0.486282211438591
0.0346879197238281	0.50357425101372
0.0347108447786553	0.609875479687133
0.0347338001556068	0.793561803393445
0.0347567859148814	1.00016306698751
0.0347798021168373	1.15538871537722
0.0348028488219926	1.21083401051679
0.034825926091026	1.17513714544241
0.0348490339847773	1.09781192065232
0.0348721725642479	1.02492083687594
0.0348953418906011	0.969334498982429
0.0349185420251631	0.915419209246575
0.0349417730294232	0.845760781478198
0.0349650349650344	0.761341095177353
0.034988327893814	0.678010704263286
0.0350116518777443	0.608410300176665
0.0350350069789728	0.551236399138941
0.0350583932598129	0.499319130451077
0.0350818107827448	0.457983022722992
0.0351052596104153	0.452520828963756
0.0351287398056391	0.510841749924708
0.0351522514313991	0.63278026967892
0.0351757945508467	0.774942991232098
0.0351993692273028	0.869219604280004
0.0352229755242582	0.866595288711458
0.0352466135053738	0.775900852982327
0.0352702832344819	0.663969542319442
0.0352939847755861	0.61095697263067
0.0353177181928624	0.655035755592429
0.0353414835506593	0.771821368482681
0.0353652809134987	0.900355957136863
0.0353891103460766	0.988460316428966
0.0354129719132631	1.02561446350836
0.0354368656801037	1.0402412506944
0.0354607917118195	1.05833589080995
0.0354847500738077	1.06593157114527
0.0355087408316425	1.02253501147079
0.0355327640510756	0.909492609514986
0.0355568197980366	0.758887576938525
0.035580908138634	0.639201041304945
0.0356050291391552	0.605512373727734
0.0356291828660679	0.647142925584536
0.0356533693860198	0.692551639288596
0.0356775887658402	0.678735770862376
0.0357018410725398	0.605623703708349
0.0357261263733117	0.529633595637971
0.0357504447355319	0.524354469104539
0.0357747962267601	0.631955161269366
0.0357991809147401	0.831362879923456
0.0358235988674005	1.0615969973614
0.0358480501528555	1.27819029839286
0.0358725348394052	1.47853095431012
0.0358970529955367	1.68591708764545
0.0359216046899241	1.91828898632388
0.0359461899914298	2.16617755246539
0.0359708089691048	2.40556889841713
0.0359954616921892	2.62844172521213
0.0360201482301134	2.84270117924598
0.036044868652498	3.04807793319649
0.0360696230291552	3.22662993768215
0.0360944114300888	3.34757125480476
0.0361192339254955	3.38125676562838
0.036144090585765	3.32559463007444
0.0361689814814809	3.2158932348011
0.0361939066834214	3.09745834063434
0.0362188662625601	2.9908586870502
0.0362438602900662	2.88300188046482
0.0362688888373058	2.74551100280261
0.0362939519758421	2.5644652560373
0.0363190497774362	2.35649832951689
0.036344182314048	2.15099228227922
0.0363693496578365	1.95485747083338
0.036394551881161	1.74254185538158
0.0364197890565812	1.48615699822812
0.0364450612568583	1.19603503699874
0.0364703685549558	0.934274268977511
0.0364957110240398	0.78614363887508
0.0365210887374799	0.797980546765476
0.0365465017688501	0.924352129103466
0.036571950191929	1.04572286927274
0.0365974340807011	1.0574688482171
0.0366229535093573	0.949887330396834
0.0366485085522953	0.812332894363287
0.036674099284121	0.759133670774898
0.0366997257796483	0.824530166851325
0.036725388113901	0.921879970098704
0.0367510863621122	0.925089297279871
0.0367768205997263	0.787134261270126
0.0368025909023989	0.573946795373277
0.0368283973459977	0.407841293035389
0.0368542400066036	0.377091135406347
0.0368801189605111	0.466445851096366
0.036906034284229	0.570927596559402
0.0369319860544814	0.59149419530206
0.0369579743482085	0.515428685085571
0.0369839992425671	0.413762438232132
0.0370100608149313	0.375737021658681
0.0370361591428938	0.432031462876334
0.037062294304266	0.527418095320191
0.0370884663770793	0.575014492907352
0.0371146754395856	0.544170289733827
0.0371409215702581	0.501242500472254
0.0371672048477922	0.56954732808992
0.0371935253511062	0.835430361566531
0.0372198831593421	1.27786866656174
0.0372462783518664	1.78965820339448
0.0372727110082709	2.26376475463539
0.0372991812083735	2.66140771378427
0.0373256890322189	3.01934550416397
0.0373522345600797	3.40163860848777
0.0373788178724569	3.83170333918763
0.0374054390500808	4.26930914762815
0.0374320981739119	4.65590135811502
0.0374587953251417	4.96903457654971
0.0374855305851935	5.23185721343468
0.0375123040357231	5.48397513397693
0.0375391157586198	5.74405697124021
0.0375659658360074	5.99329259519906
0.0375928543502445	6.19254352345083
0.0376197813839258	6.31125151926437
0.0376467470198829	6.33911959763243
0.0376737513411849	6.28188361686864
0.0377007944311396	6.15290649091267
0.0377278763732941	5.96221617594804
0.0377549972514356	5.70930158221479
0.0377821571495925	5.38827875624728
0.0378093561520353	4.99809070778079
0.0378365943432772	4.54539630109407
0.037863871808075	4.04515656240507
0.0378911886314302	3.5261954202399
0.03791854489859	3.0296130260906
0.0379459406950476	2.59207485870635
0.0379733761065435	2.22722687381739
0.0380008512190667	1.91817763712798
0.0380283661188547	1.62623626386184
0.0380559208923955	1.31710054440043
0.0380835156264275	0.989153813388852
0.0381111504079411	0.678937718820545
0.0381388253241794	0.438040817703898
0.0381665404626389	0.298765571489542
0.0381942959110708	0.253080617934915
0.0382220917574817	0.261279971747003
0.0382499280901345	0.282664838235266
0.0382778049975496	0.300556825451219
0.0383057225685053	0.323176070426694
0.0383336808920394	0.362777938872569
0.0383616800574498	0.411392980331723
0.0383897201542953	0.441266716970619
0.0384178012723969	0.437991740715622
0.0384459235018386	0.427155540885943
0.0384740869329683	0.454202177574778
0.0385022916563987	0.535972775875978
0.0385305377630088	0.633564424261097
0.0385588253439441	0.673753655680328
0.038587154490618	0.608339822026028
0.038615525294713	0.467537392397255
0.0386439378481812	0.356272216020094
0.0386723922432456	0.387637577088545
0.038700888572401	0.606786095674493
0.038729426928415	0.964968055213369
0.0387580074043291	1.36151243074385
0.0387866300934596	1.72325061454091
0.0388152950893987	2.0607738207811
0.0388440024860155	2.45405999470655
0.0388727523774569	2.98306808922503
0.0389015448581488	3.66901426285427
0.038930380022797	4.46911604502937
0.0389592579663884	5.31214290605509
0.038988178784192	6.143290175865
0.0390171425717597	6.95260898399002
0.0390461494249277	7.76425567828924
0.0390751994398173	8.58951833415456
0.0391042927128362	9.39082278496606
0.0391334293406793	10.1004075957551
0.0391626094203301	10.6789377400419
0.0391918330490612	11.1575208963685
0.0392211003244363	11.6115131052285
0.0392504113443102	12.0664489036591
0.0392797662068309	12.4175745182405
0.0393091650104399	12.4600692043039
0.0393386078538737	12.0276496908376
0.0393680948361651	11.1251530831361
0.0393976260566437	9.94088294559767
0.0394272016149375	8.72957776101617
0.039456821610974	7.66064729213761
0.0394864861449811	6.74754995489095
0.0395161953174883	5.89873632473435
0.0395459492293279	5.02457161290141
0.0395757479816362	4.10904126762767
0.0396055916758545	3.21411732562229
0.0396354804137303	2.43069658120154
0.0396654142973186	1.81162782323419
0.0396953934289827	1.34778066750613
0.0397254179113958	1.00947221598259
0.0397554878475418	0.78661122337067
0.0397856033407169	0.679063277118823
0.0398157644945302	0.676089205304117
0.0398459714129056	0.755631736679194
0.0398762242000823	0.883204219220584
0.0399065229606164	1.0162542985427
0.0399368677993821	1.1382438273968
0.0399672588215727	1.28601516192685
0.0399976961327021	1.51921744654085
0.0400281798386057	1.85330675897753
0.0400587100454419	2.2210483293093
0.0400892868596932	2.49396780817256
0.0401199103881675	2.54768961555997
0.0401505807379991	2.33258188475541
0.0401812980166505	1.90911451772841
0.0402120623319129	1.42229653449846
0.0402428737919083	1.02291927506139
0.0402737325050899	0.788654130236846
0.0403046385802442	0.704640289943983
0.0403355921264917	0.706129340934623
0.0403665932532884	0.740316373202118
0.040397642070427	0.806715985145827
0.0404287386880382	0.953257511775534
0.0404598832165924	1.23922512702156
0.0404910757669003	1.70464727946799
0.0405223164501147	2.36600103501389
0.0405536053777318	3.22585581135505
0.0405849426615923	4.28410196592379
0.040616328413883	5.54111599152199
0.0406477627471377	6.98211131240171
0.0406792457742393	8.55379274670861
0.0407107776084203	10.1636230121815
0.0407423583632647	11.7133965870249
0.0407739881527093	13.1455672431217
0.0408056670910449	14.4640574755222
0.0408373952929178	15.7002376692582
0.040869172873331	16.8409316350045
0.040900999947646	17.7860010890147
0.0409328766315838	18.3805688918213
0.0409648030412263	18.4985307939089
0.0409967792930181	18.1181625687723
0.0410288055037674	17.334796557222
0.0410608817906479	16.2939792293921
0.0410930082712	15.0927525062264
0.0411251850633321	13.7412595824899
0.0411574122853222	12.2197456430314
0.0411896900558196	10.5546028943479
0.0412220184938457	8.83348028176963
0.0412543977187961	7.16340211874899
0.0412868278504419	5.61653879855107
0.0413193090089309	4.20781789022113
0.0413518413147894	2.93288138481194
0.0413844248889235	1.82951754627701
0.0414170598526208	0.988580237170248
0.0414497463275518	0.505434063805138
0.0414824844357711	0.419920946145979
0.0415152742997197	0.682729204734298
0.0415481160422255	1.16256327963166
0.0415810097865058	1.69886878702857
0.0416139556561682	2.17936934536193
0.0416469537752124	2.58790242751582
0.0416800042680317	2.98242903656187
0.0417131072594148	3.41839231546488
0.0417462628745468	3.88252199945119
0.0417794712390113	4.29519850168513
0.0418127324787919	4.56609050285658
0.0418460467202735	4.64996576417704
0.0418794140902444	4.56494222532713
0.0419128347158973	4.35477842763772
0.0419463087248315	4.03446960807187
0.0419798362450541	3.5895981054694
0.0420134174049818	3.02115002152805
0.0420470523334425	2.37266034424249
0.0420807411596772	1.72851634607715
0.0421144840133412	1.19130770660157
0.042148281024506	0.834297302710659
0.0421821323236611	0.672025952275406
0.0422160380417155	0.689979922378197
0.0422499983099994	0.89271734842468
0.0422840132602659	1.31909390015806
0.0423180830246927	2.02918080850176
0.0423522077358841	3.07829223256848
0.0423863875268723	4.47966385338929
0.0424206225311191	6.17725306435963
0.0424549128825181	8.05546230605684
0.042489258715396	9.97766195458195
0.0425236601645148	11.8333841370075
0.042558117365073	13.5770280166864
0.0425926304527078	15.2272882637468
0.0426271995634968	16.8193493334117
0.0426618248339595	18.3537632555707
0.0426965064010595	19.7689632657753
0.0427312444022063	20.9288245073069
0.0427660389752566	21.6477557150598
0.0428008902585167	21.7666796794204
0.042835798390744	21.2279541275841
0.0428707635111491	20.0996989675497
0.0429057857593974	18.5433472982278
0.0429408652756109	16.7356561443872
0.0429760022003706	14.7892492277215
0.0430111966747177	12.7454910678124
0.0430464488401558	10.6398645855857
0.0430817588386529	8.55081219296502
0.0431171268126433	6.58873045718265
0.0431525529050291	4.85857024611423
0.0431880372591828	3.42773135108548
0.0432235800189485	2.31185781505867
0.0432591813286445	1.4915410231787
0.0432948413330648	0.950548891410555
0.0433305601774813	0.696741161952716
0.0433663380076456	0.746284098575891
0.0434021749697914	1.08746116062941
0.0434380712106357	1.65109875977092
0.0434740268773817	2.31722232200414
0.04351004211772	2.97086918705498
0.0435461170798315	3.56741225755525
0.0435822519123885	4.14281003548508
0.0436184467645574	4.75630163079858
0.0436547017860004	5.41295228163062
0.043691017126878	6.02301754102799
0.0437273929378504	6.4358339735146
0.0437638293700802	6.5290632522893
0.0438003265752342	6.28331369998395
0.0438368847054856	5.78776160461245
0.0438735039135158	5.17229426114572
0.0439101843525173	4.51823116506807
0.0439469261761948	3.83255481350338
0.0439837295387683	3.10397418115456
0.0440205945949746	2.35726582146252
0.0440575215000698	1.6535718692781
0.0440945104098313	1.06961155178374
0.0441315614805602	0.683562268737016
0.0441686748690833	0.557220616791637
0.0442058507327555	0.714837192998441
0.0442430892294616	1.14378232053685
0.0442803905176193	1.82303393005123
0.0443177547561807	2.75178915186333
0.0443551821046349	3.95121990135857
0.0443926727230103	5.43222539214312
0.0444302267718767	7.14932263468838
0.0444678444123478	8.985547049425
0.0445055258060834	10.79239559046
0.0445432711152915	12.4517374588357
0.0445810805027312	13.90846106895
0.0446189541317144	15.1587794129024
0.0446568921661086	16.214013757506
0.044694894770339	17.0652662837488
0.044732962109391	17.6650234407052
0.0447710943488127	17.9340813822599
0.0448092916547168	17.7957947194455
0.0448475541937838	17.2233219036746
0.0448858821332637	16.2650717230784
0.0449242756409788	15.0268484180861
0.0449627348853263	13.6314534620385
0.0450012600352803	12.1833644474707
0.0450398512603945	10.7453784332972
0.0450785087308048	9.33912669931714
0.0451172326172319	7.98013042665952
0.0451560230909832	6.71304656277101
0.0451948803239562	5.60129682207891
0.0452338044886401	4.68533755732678
0.0452727957581194	3.95894819844167
0.0453118543060754	3.38795109145576
0.0453509803067896	2.95758342965893
0.0453901739351458	2.70340831140107
0.045429435366633	2.68612071951676
0.0454687647773478	2.92882142444362
0.0455081623439973	3.37610224318546
0.0455476282439013	3.90985203657467
0.0455871626549956	4.41195628704108
0.045626765755834	4.83056322046943
0.0456664377255915	5.19353044735369
0.0457061787440666	5.55661867799878
0.0457459889916845	5.93504455436359
0.0457858686494993	6.26845160889829
0.0458258178991971	6.43860962433342
0.0458658369230988	6.34203362107403
0.0459059259041624	5.97282220989246
0.0459460850259864	5.43148448987693
0.0459863144728121	4.84817692839669
0.046026614429527	4.29821596614178
0.0460669850816668	3.77600484165489
0.046107426615419	3.23409640064605
0.0461479392176255	2.65607809980075
0.0461885230757854	2.10433689670062
0.0462291783780578	1.69505147428824
0.046269905313265	1.52121825147054
0.0463107040708954	1.59076414958106
0.046351574841106	1.82924635349318
0.0463925178147261	2.14369145302909
0.0464335331832594	2.4927526733653
0.0464746211388877	2.90382252494182
0.0465157818744736	3.43052324193898
0.0465570155835635	4.09495870423707
0.0465983224603907	4.86530341519935
0.0466397026998784	5.68029529968402
0.0466811564976428	6.49027249762944
0.0467226840499963	7.28609508836497
0.0467642855539503	8.10296669209788
0.0468059612072186	8.98935025670733
0.0468477112082204	9.95529343907606
0.0468895357560836	10.9495292579459
0.0469314350506476	11.8922123573099
0.046973409292467	12.7296577328862
0.0470154586828141	13.4632824852181
0.0470575834236831	14.1300852997194
0.0470997837177924	14.7492814821753
0.0471420597685883	15.2849413786519
0.0471844117802482	15.6558604857905
0.047226839957684	15.7765132906695
0.0472693445065451	15.6095850310486
0.047311925633222	15.2070996808041
0.0473545835448497	14.7007570915657
0.0473973184493106	14.2351933119931
0.0474401305552385	13.8886516469758
0.0474830200720215	13.6285225951489
0.0475259872098056	13.3332359821363
0.0475690321794981	12.8830555814054
0.0476121551927713	12.2473245931562
0.0476553564620656	11.4921615885878
0.047698636200593	10.7215958465272
0.047741994622341	10.0077121044099
0.0477854319420756	9.35099621759625
0.0478289483753455	8.70033406054875
0.0478725441384849	8.0172191146952
0.0479162194486177	7.31703052140674
0.0479599745236608	6.65901977969108
0.0480038095823277	6.11390646646826
0.0480477248441324	5.73258505085285
0.0480917205293929	5.52503436184359
0.0481357968592347	5.4586453882418
0.048179954055595	5.47215844489394
0.0482241923412259	5.49804524400205
0.0482685119396983	5.48976547961679
0.048312913075406	5.43182784511323
0.048357395973569	5.32110245884096
0.0484019608602376	5.15315835548529
0.0484466079622961	4.93701312019239
0.0484913375074669	4.71423420248372
0.0485361497243139	4.55628909124554
0.0485810448422469	4.5309432918758
0.0486260230915251	4.6450520262031
0.0486710847032613	4.80867819012831
0.048716229909426	4.87349883954
0.0487614589428508	4.72336377818437
0.0488067720372329	4.33666105502413
0.0488521694271391	3.78641829289735
0.0488976513480097	3.20053901990282
0.0489432180361624	2.710823806299
0.0489888697287968	2.41221106663169
0.0490346066639984	2.3513547030258
0.0490804290807424	2.5511976404148
0.0491263372188983	3.04839589816641
0.0491723313192339	3.90826096618217
0.0492184116234193	5.20376415022402
0.0492645783740317	6.97559861131459
0.0493108318145589	9.20239219531313
0.0493571721894044	11.8008336975911
0.0494035997438909	14.6542547485314
0.0494501147242654	17.6461497060541
0.0494967173777027	20.6739914808426
0.0495434079523107	23.6424006651992
0.0495901866971341	26.4631196759567
0.0496370538621591	29.0789039118822
0.0496840096983179	31.4850775959444
0.0497310544574931	33.7219746280928
0.0497781883925221	35.8351979155221
0.049825411757202	37.8125111786371
0.0498727248062935	39.5340153945609
0.0499201277955264	40.7685671904302
0.0499676209816031	41.2030904910153
0.0500152046222044	40.5078254433276
0.050062878975993	38.4730444265759
0.0501106443026194	35.1590178042522
0.0501585008627254	30.9207835378341
0.0502064489179498	26.2678331270262
0.0502544887309326	21.6683674611145
0.0503026205653202	17.4388224946499
0.0503508446857696	13.7486303812942
0.0503991613579542	10.6721782888787
0.0504475708485677	8.23300478260695
0.0504960734253296	6.42855402595484
0.0505446693569901	5.23870649673964
0.0505933589133348	4.62288120657803
0.0506421423651898	4.51421863711845
0.0506910199844269	4.81895867634904
0.0507399920439684	5.42435800026076
0.0507890588177924	6.21239013315021
0.0508382205809377	7.07741446884648
0.050887477609509	7.94384351472239
0.0509368301806823	8.7632965777828
0.0509862785727097	9.49529071146938
0.0510358230649249	10.1111634229646
0.0510854639377485	10.6133832289614
0.051135201472693	11.0221931326327
0.0511850359523684	11.3342140233228
0.0512349676604876	11.4932234358966
0.0512849968818714	11.3808180834715
0.0513351239024542	10.8332765471466
0.0513853490092897	9.72325279403215
0.0514356724905556	8.08037430790944
0.05148609463556	6.13070649900949
0.0515366157347464	4.20728454991531
0.0515872360796994	2.61993438850692
0.0516379559631503	1.57428441732185
0.0516887756789829	1.1580905781537
0.051739695522239	1.38134115988111
0.051790715789124	2.24730124261479
0.0518418367770129	3.80986695534523
0.0518930587844562	6.18050818979867
0.0519443821111851	9.48838832014586
0.051995807058118	13.811663859937
0.0520473339273661	19.1082385064454
0.0520989630222392	25.2093023542742
0.0521506946472519	31.9148392679685
0.0522025291081294	39.1203019952744
0.0522544667118137	46.8485486453071
0.0523065077664695	55.1304008285313
0.0523586525814902	63.7832491420546
0.0524109014675044	72.2554804011568
0.0524632547363818	79.7555081298817
0.0525157127012394	85.6223172646445
0.0525682756764477	89.515578383841
0.0526209439776374	91.1598034798635
0.052673717921705	90.0384734792803
0.0527265978268197	85.6330655640319
0.0527795840124298	78.0584493900581
0.0528326767992688	68.2715682875722
0.0528858765093621	57.5927229793417
0.0529391834660334	47.1223872175449
0.0529925979939114	37.5028360576094
0.0530461204189362	28.9930657405921
0.0530997510683662	21.6627459199735
0.0531534902707843	15.5417764502008
0.0532073383561052	10.6604989791167
0.0532612956555818	7.02408875455594
0.0533153625018119	4.58239137310519
0.0533695392287453	3.21733700434123
0.0534238261716905	2.75439192948311
0.0534782236673218	2.99976366316962
0.0535327320536861	3.79351442640322
0.0535873516702097	5.06471824910747
0.053642082857706	6.85192576207263
0.0536969259583819	9.2219227730599
0.0537518813158452	12.0995435806627
0.0538069492751119	15.1705116691781
0.0538621301826133	17.9817252202942
0.0539174243862032	20.1458886611124
0.0539728322351653	21.468274092328
0.0540283540802205	21.9107284233705
0.0540839902735343	21.4604364930465
0.0541397411687246	20.079801785002
0.0541956071208684	17.8054291519052
0.05425158848651	14.8468444849879
0.0543076856236686	11.5610660843075
0.0543638988918454	8.34613412469286
0.0544202286520319	5.540334613725
0.054476675266717	3.3671725113181
0.0545332390998953	1.93450663528106
0.0545899205170749	1.28336216059273
0.0546467198852848	1.45338107752017
0.0547036375730832	2.5150182867156
0.0547606739505656	4.55457191845392
0.0548178293893724	7.65079167169921
0.0548751042626972	11.8718305889956
0.0549324989452952	17.2768452697347
0.0549900138134906	23.9357493466469
0.0550476492451858	32.0062329650565
0.0551054056198688	41.8084027721728
0.0551632833186223	53.7578462069086
0.0552212827241313	68.1183649155545
0.0552794042206922	84.6881827539096
0.055337648194221	102.547403594971
0.0553960150322618	119.949332611179
0.0554545051239954	134.499113298637
0.0555131188602482	143.805186747121
0.0555718566335005	146.379497219767
0.0556307188378957	142.056439605565
0.0556897058692486	131.756855652374
0.0557488181250549	117.166534929437
0.0558080560044995	100.393002571477
0.055867419908466	83.4055220819787
0.0559269102395453	67.584443836451
0.0559865274020451	53.6395786768845
0.0560462718019989	41.7642253282314
0.056106143847175	31.8465700143876
0.0561661439470861	23.6564394802137
0.0562262725129987	16.9586454158161
0.0562865299579418	11.554754186624
0.0563469166967175	7.30153194089173
0.0564074331459094	4.12123938769665
0.0564680797238928	1.98511417419485
0.0565288568508443	0.883441795686035
0.0565897649487514	0.809437519974846
0.0566508044414222	1.75308527412682
0.0567119757544953	3.70813973342551
0.0567732793154496	6.68943122294344
0.0568347155536147	10.6907239618186
0.0568962849001803	15.5468067734117
0.0569579877882065	20.8185095118094
0.0570198246526344	25.8182842944319
0.0570817959302954	29.7599955274492
0.0571439020599225	31.9810861131674
0.05720614348216	32.154182991198
0.057268520639574	30.3449504824719
0.0573310339766631	26.917250023009
0.0573936839398689	22.4151923981223
0.0574564709775865	17.4423146169703
0.0575193955401753	12.5478532753898
0.0575824580799696	8.18686055780096
0.0576456590512899	4.72011614482129
0.0577089989104532	2.37298460519141
0.0577724781157844	1.19616438013875
0.0578360971276272	1.09418779167295
0.0578998564083552	1.89320141121913
0.0579637564223833	3.42777180045656
0.0580277976361788	5.65259479901409
0.0580919805182725	8.70892032201485
0.0581563055392709	12.8603434142279
0.0582207731718668	18.3807257285077
0.0582853838908516	25.5269149526555
0.0583501381731263	34.5554677973006
0.0584150364977139	45.7119509114811
0.0584800793457708	59.1685619424177
0.0585452672005986	74.8659921509453
0.0586106005476566	92.328048752077
0.0586760798745731	110.54025546262
0.0587417056711583	127.766944604289
0.058807478429416	141.416587967205
0.058873398643556	148.576982464704
0.0589394668100066	147.382618137072
0.0590056834274268	138.164735339728
0.0590720489967194	123.250757091986
0.059138564021043	105.641184087405
0.0592052290058249	87.7596749700819
0.0592720444587742	71.0679983846288
0.0593390108898944	56.29184714459
0.0594061288114963	43.7040734289273
0.0594733987382115	33.3080772334365
0.0595408211870049	24.9492161576693
0.0596083966771886	18.3556486913981
0.0596761257304349	13.1665097718709
0.0597440088707895	9.02774578248997
0.0598120466246857	5.71338813545944
0.0598802395209572	3.16027027245255
0.0599485880908524	1.41405766237244
0.0600170928680479	0.572264753129693
0.0600857543886626	0.734942910825605
0.0601545731912714	1.9428477471504
0.0602235498169195	4.14209558176725
0.0602926848091366	7.19889243111523
0.0603619787139509	10.9283708536575
0.060431432079904	15.0918817370108
0.0605010454580646	19.3532906690881
0.060570819402044	23.2378659615254
0.0606407544680099	26.1660491058347
0.0607108512147018	27.6022450100617
0.0607811102034456	27.2637014967143
0.0608515319981687	25.2473029823755
0.0609221171654148	21.9727375393502
0.0609928662743596	17.9927486532758
0.0610637798968257	13.8161850741397
0.0611348586072981	9.83761146799708
0.0612061029829397	6.35286121595729
0.0612775136036071	3.58495969117118
0.0613490910518661	1.68151200167255
0.0614208359130075	0.706053516982745
0.0614927487750635	0.652114660432353
0.0615648302288232	1.47603306342526
0.0616370808678492	3.12789743984688
0.0617095012884935	5.56905978112213
0.0617820920899143	8.77795883223745
0.0618548538740923	12.7483143537753
0.0619277872458474	17.4853948903587
0.0620008928128556	23.005365804725
0.0620741711856654	29.335214551544
0.0621476229777154	36.5015708985419
0.0622212488053511	44.4746270110446
0.0622950492878421	53.0512097101027
0.0623690250473995	61.7322157178747
0.0624431767091937	69.6894969429589
0.0625175049013715	75.9038665657138
0.062592010255074	79.4758157744822
0.0626666934044549	79.954623161125
0.0627415549866979	77.4498942282022
0.0628165956420349	72.4595105389813
0.0628918160137648	65.6075124516878
0.0629672167482712	57.5038016791574
0.0630427984950414	48.7680854842143
0.0631185619066846	40.0815464405029
0.0631945076389512	32.0761730393089
0.0632706363507512	25.1222271917649
0.0633469487041739	19.2619787366049
0.0634234453645063	14.3574366806107
0.0635001270002531	10.2834426355524
0.0635769942831557	7.00286611728621
0.0636540478882124	4.5243802987551
0.0637312884936973	2.82875320688288
0.0638087167811811	1.82045021151509
0.0638863334355505	1.33912478933239
0.0639641391450288	1.23852846612107
0.0640421346011959	1.46798413181758
0.064120320499009	2.07085583975055
0.0641986975368234	3.0952737279571
0.0642772664164129	4.49232933589014
0.0643560278429909	6.07917680394083
0.0644349825252318	7.59774648928374
0.0645141311752917	8.81998531460568
0.0645934745088303	9.60928460773365
0.0646730132450322	9.92090689105489
0.0647527481066287	9.77954910202388
0.0648326798199198	9.23872154312095
0.0649128091147961	8.33628909128576
0.0649931367247609	7.10582722375148
0.0650736633869531	5.64557637753284
0.0651543898421691	4.15098021485789
0.0652353168348859	2.85647421449598
0.0653164451132839	1.93409917696328
0.06539777542927	1.4301786175168
0.0654793085385009	1.29436103183224
0.0655610452004061	1.47763051120213
0.0656429861782119	2.00806997543598
0.0657251322389651	2.97814671246085
0.0658074841535569	4.4649443146803
0.0658900426967467	6.45717792861284
0.065972808647187	8.84094607883239
0.0660557827874474	11.4482302987893
0.0661389659040393	14.1361472799581
0.0662223587874412	16.8423371676992
0.066305962232123	19.5648829717577
0.0663897770365718	22.2769625174218
0.0664738040033174	24.854865716894
0.0665580439389573	27.0849283789449
0.0666424976541831	28.7418086156468
0.0667271659638062	29.6792008688003
0.0668120496867841	29.8709796053926
0.0668971496462469	29.3828385016254
0.0669824666695236	28.3138012376269
0.0670680015881693	26.7568176437339
0.0671537552379919	24.7871298422764
0.0672397284590796	22.4681733369346
0.0673259220958281	19.8780413527151
0.0674123369969682	17.1372877860586
0.067498974015594	14.4025723028613
0.0675858340091907	11.8280056209677
0.0676729178396629	9.52163797594821
0.0677602263733633	7.51939396076927
0.0678477604811211	5.7994579257345
0.0679355210382712	4.33556038055864
0.0680235089246834	3.13917033751663
0.0681117250247917	2.25627182986327
0.0682001702276239	1.72927036530589
0.0682888454268316	1.54515023554628
0.0683777515207202	1.60561727026182
0.0684668894122792	1.7622936527641
0.068556260009213	1.8994033414779
0.0686458642239713	1.99002469935613
0.0687357029737805	2.08501052538793
0.0688257771806749	2.24862733987709
0.0689160877715284	2.48248954140513
0.0690066356780858	2.69460160824701
0.0690974218369954	2.75261175146507
0.069188447189841	2.5902116780763
0.0692797126831746	2.26771100743013
0.0693712192685489	1.92761310206441
0.0694629679025508	1.69012807922336
0.0695549595468345	1.57444361987296
0.0696471951681552	1.50857668556059
0.0697396757384027	1.41724492387859
0.0698324022346359	1.30236471051022
0.0699253756391169	1.24707072006648
0.0700185969393461	1.36566043307549
0.0701120671280966	1.75898104730316
0.0702057872034498	2.48693480148859
0.0702997581688309	3.54187546660015
0.0703939810330448	4.83885838513457
0.0704884568103118	6.24560411026582
0.0705831865203044	7.63609312281727
0.0706781711881839	8.93063594033685
0.0707734118446372	10.0940222041773
0.0708689095259143	11.1032255230398
0.0709646652738658	11.9321558373252
0.0710606801359807	12.5650283713982
0.0711569551654247	13.0042804045501
0.0712534914210786	13.268154132281
0.0713502899675774	13.3901712505558
0.0714473518753491	13.4044087104081
0.0715446782206542	13.328653285166
0.0716422700856258	13.1846221040788
0.0717401285583094	13.0184415465746
0.0718382547327032	12.8667324665928
0.0719366497087994	12.7094632587163
0.0720353145926249	12.4735107514365
0.0721342504962826	12.0770625387945
0.0722334585379938	11.461053651393
0.0723329398421396	10.5781552473542
0.0724326955393039	9.37998696854063
0.0725327267663159	7.86488098775499
0.0726330346662938	6.14459670086471
0.0727336203886875	4.44234277996267
0.0728344850893232	3.02434308689598
0.0729356299304476	2.10055988514261
0.0730370560807721	1.70972561763613
0.0731387647155184	1.67570669431898
0.0732407570164635	1.72713909106579
0.0733430341719855	1.67977167668671
0.0734455973771098	1.51996489081245
0.0735484478335559	1.37495670224608
0.0736515867497839	1.42416124792842
0.0737550153410422	1.77701136168086
0.0738587348294149	2.37327606729683
0.0739627464438701	3.00441600676495
0.0740670514203088	3.44952358411137
0.074171651001613	3.59542339667099
0.0742765464376958	3.46687872837643
0.0743817389855511	3.20023237002798
0.0744872299093033	2.99284634740688
0.0745930204802587	3.02489970944238
0.0746991119769558	3.39679181532491
0.0748055056852174	4.12133112489926
0.0749122028982023	5.12757899466501
0.0750192049164576	6.25285487867391
0.0751265130479718	7.28223965322115
0.0752341286082278	8.05705873913153
0.0753420529202569	8.55517579742076
0.0754502873146931	8.8732291723732
0.0755588331298272	9.1638366933827
0.0756676917116627	9.57904532824977
0.075776864413971	10.1891989282529
0.0758863525983477	10.8868338990523
0.075996157634269	11.4037141193304
0.076106280899149	11.4754879412851
0.0762167237783973	11.0075167447422
0.076327487665477	10.1263034879194
0.0764385739619631	9.11394206855075
0.0765499840776023	8.27961223997599
0.0766617194303717	7.8235408380903
0.0767737814465398	7.74057206112965
0.0768861715607267	7.8255210358363
0.0769988912159655	7.79135580738813
0.0771119418637637	7.43105634324565
0.0772253249641664	6.74053101010061
0.0773390419858181	5.93005412882734
0.0774530944060267	5.31604419344889
0.0775674837108274	5.18159077675288
0.0776822113950472	5.68700016141511
0.07779727896237	6.83194247426758
0.0779126879254022	8.44990965014218
0.0780284398057394	10.2445935843023
0.0781445361340325	11.8679550473974
0.0782609784500559	13.0137868907334
0.0783777683027754	13.5052631881663
0.0784949072504165	13.3412463189464
0.0786123968605343	12.6523728080199
0.0787302387100827	11.5806427464479
0.0788484343854858	10.1948123867662
0.0789669854827083	8.52711998957179
0.079085893607328	6.65667021771305
0.0792051603746077	4.735503556724
0.0793247874095687	2.97508273501173
0.0794447763470646	1.61800203734039
0.0795651288318555	0.867307225779463
0.0796858465186837	0.802611510312091
0.0798069310723487	1.33869576291244
0.0799283841677846	2.23553818812093
0.0800502074901367	3.15649832750049
0.0801724027348399	3.77704564540676
0.080294971607697	3.92823938130763
0.0804179158249581	3.6873966922217
0.080541237113401	3.32302256366294
0.0806649372104118	3.14843944101077
0.0807890178640666	3.40598373335667
0.0809134808332136	4.22542743430068
0.0810383278875566	5.64576304169136
0.0811635608077387	7.65840945520903
0.0812891813854267	10.1995030077877
0.081415191423397	13.106852718248
0.0815415927356215	16.135276381378
0.0816683871473548	19.0017398605413
0.0817955764952221	21.3592207250867
0.0819231626273075	22.7512681167928
0.0820511474032442	22.714726323129
0.0821795326943042	21.0399655403482
0.0823083203834899	17.9675433610888
0.0824375123656258	14.1614886596035
0.0825671105474519	10.5071035096643
0.0826971168477171	7.82262752082508
0.0828275331972742	6.59227758577337
0.0829583615391752	6.85095884019475
0.0830896038287679	8.22734003829936
0.0832212620337934	10.0547173141838
0.0833533381344845	11.5222872653449
0.0834858341236648	11.9301538477538
0.083618752006849	11.0252317684195
0.083752093802344	9.1568317559911
0.0838858615413513	7.02158261358319
0.08402005726807	5.1991733888126
0.0841546830398007	3.91915981052003
0.0842897409270512	3.18240277185447
0.084425233013642	2.98863917448475
0.084561161396814	3.42690906340141
0.0846975281873363	4.62965497963167
0.0848343355096157	6.75492545858316
0.0849715855018071	10.0097534622532
0.0851092803159246	14.5430253409075
0.0852474221179541	20.1503958232228
0.085386013087967	25.9935040421845
0.0855250554202348	30.6131417475738
0.0856645513233449	32.3746733411136
0.0858045030203174	30.2904970916348
0.0859449127487235	24.7457316113085
0.0860857827608044	17.4127151388714
0.086227115323592	10.3401649188058
0.0863689127190305	4.99761313980019
0.0865111772440988	1.93553367354224
0.0866539112109353	0.990268995239363
0.0867971169469624	1.60164456116147
0.0869407967950134	3.03408047599955
0.0870849531134602	4.55601504094805
0.0872295882763422	5.67857675035581
0.0873747046734971	6.37001524656394
0.0875203047106918	6.99064075309542
0.0876663908097558	7.92993583840155
0.0878129654087156	9.30648191409052
0.0879600309619298	10.9727573539137
0.0881075899402267	12.6336193390059
0.0882556448310423	13.8903006445008
0.0884041981385601	14.3842190567213
0.0885532523838524	14.1171146760429
0.088702810105023	13.5699402335496
0.0888528738573509	13.4209580619175
0.0890034462134363	14.1302575556619
0.0891545297633471	15.6762958373393
0.089306127114768	17.5529786530869
0.08945824089315	18.9611773214295
0.0896108737418622	19.0930096378929
0.0897640283223451	17.5155550406805
0.0899177073142649	14.5418422486717
0.09007191341567	11.2004878340058
0.0902266493431489	8.69988258625712
0.0903819178319897	7.81306671625042
0.0905377216363415	8.62827422590433
0.0906940635293765	10.6913570966183
0.0908509463034556	13.2428266964807
0.0910083727702938	15.3726784955781
0.0911663457611285	16.2390347147439
0.0913248681268893	15.4609084769976
0.0914839427383694	13.3709667512756
0.091643572486399	10.7930622914989
0.09180376028202	8.50348543403376
0.0919645090566637	6.82135468699596
0.092125821762329	5.64026153931565
0.0922877013717633	4.75832875190231
0.0924501508786451	4.11238866891831
0.0926131732977688	3.8074989908482
0.0927767716652306	4.07054077250926
0.0929409490386177	5.16629639143885
0.0931057084971983	7.2601556482295
0.0932710531421141	10.2992398277902
0.0934369860965753	13.9856890628006
0.0936035105060569	17.8336993253975
0.0937706295384973	21.2791590222576
0.0939383463844998	23.8149794239092
0.0941066642575349	25.110286937183
0.0942755863941463	25.1094746631364
0.0944451160541575	24.1167037208964
0.0946152565208823	22.6883901850257
0.0947860111013365	21.2810049470343
0.0949573831264517	19.9893019630481
0.0951293759512926	18.6039331562083
0.0953019929552756	16.8608633831427
0.0954752375423899	14.6764684207593
0.0956491131414218	12.2883693979966
0.0958236232061806	10.2347265828973
0.0959987712157273	9.07386008929445
0.0961745606746057	8.98287144482253
0.0963509951130764	9.60490705659377
0.0965280780873529	10.2998410942281
0.0967058131798407	10.5649454783804
0.0968842039993788	10.2654412432042
0.0970632541814839	9.5514360767167
0.0972429673885973	8.62294787902379
0.0974233473103351	7.55581948800706
0.09760439766374	6.30377507997649
0.0977861221935372	4.88664981578422
0.0979685246723921	3.63534907909059
0.098151608901172	3.20016871240405
0.0983353787092093	4.24184225503892
0.0985198379545694	7.10947220120543
0.0987049905243198	11.6974163277921
0.0988908403348037	17.4736651046048
0.0990773913319161	23.7331932866231
0.0992646474913827	29.9474173847545
0.0994526128190428	35.7955496667834
0.0996412913511348	40.8524925312744
0.0998306871545847	44.139352337865
0.100020804327299	43.8963851576633
0.10021164699846	38.7547279927832
0.100403219328823	29.7842178340696
0.100595525511024	20.1169245273078
0.100788569769878	12.4196307249133
0.100982356362695	7.74913156884338
0.101176889579589	5.94373250258376
0.101372173743795	6.18359039690385
0.101568213211992	7.49050832834531
0.101765012374624	9.17544788249216
0.10196257565623	10.9773602510717
0.102160907515772	12.857699130877
0.102360012446976	14.6238032232326
0.102559894978666	15.5816620406927
0.102760559675111	14.8619515969526
0.10296201113637	12.4946578842563
0.103164253998645	9.80441649835763
0.103367292934638	8.56074840794373
0.103571132653906	10.1445776977858
0.10377577790323	15.3761175078895
0.103981233466983	24.6039733096469
0.104187504167499	37.7730233768639
0.104394594865455	54.441222319109
0.10460251046025	73.6410957056499
0.104811255890391	93.3419049807836
0.105020836133888	109.453239605385
0.105231256208643	115.934745862138
0.105442521172857	108.644290344613
0.105654636125432	89.775149700367
0.105867606206381	66.2168338787057
0.106081436597246	44.4137483585913
0.106296132521513	27.7171759842089
0.106511699245044	16.7660414541762
0.106728142076502	10.8388055093433
0.106945466367789	8.84728062288597
0.107163677514487	9.80462582955646
0.107382780956307	12.9840436851389
0.107602782177535	17.6745153759838
0.107823686707495	22.4945138405389
0.10804550012101	25.2153235061411
0.108268228038871	24.053006801537
0.108491876128314	19.197398827058
0.108716450103497	12.6910989051508
0.108941955725988	7.06497993033889
0.10916839880526	4.21210375688474
0.109395785199187	5.08683359335052
0.10962412081455	10.0538695724395
0.10985341160755	19.5817790386956
0.110083663584323	34.9366837688953
0.110314882801467	58.1137980142465
0.110547075366573	89.8190007711686
0.11078024743876	124.990576259697
0.111014405229221	149.576088021063
0.111249555001779	148.959177837781
0.111485703073437	124.350336081448
0.11172285581495	90.886369631872
0.111961019651397	61.3276508652152
0.112200201062759	39.8350883384975
0.112440406584509	25.5713295213181
0.112681642808206	16.6030438065277
0.112923916382097	11.5198952076089
0.113167234011732	9.91775502222496
0.113411602460577	12.2626202260429
0.113657028550644	18.7194896910017
0.113903519163127	27.6325008932813
0.11415108123904	35.2083613284773
0.114399721779875	37.3037123301503
0.114649447848258	32.6485343605863
0.114900266568617	24.2021491689255
0.115152185127864	16.5281699397487
0.115405210776076	12.5858495967477
0.115659350827195	13.214082041599
0.115914612659729	18.2609305649624
0.116171003717471	27.7908938647917
0.116428531510217	43.1707814925433
0.116687203614502	67.7125458805559
0.116947027674343	106.178988826307
0.117208011401994	162.430065977821
0.117470162578704	231.499532029027
0.117733489055494	282.135309650753
0.11799799875394	267.277676007716
0.118263699666968	198.05420426006
0.118530599859659	127.456387709371
0.118798707470062	77.787418160381
0.119068030710025	46.9578613402524
0.119338577866034	28.7334697213396
0.119610357300058	18.2244619386652
0.119883377450415	12.2671311307273
0.120157646832643	9.68997419084333
0.120433174040387	10.7171056999458
0.120709967746295	15.248498043591
0.12098803670293	21.7985410668892
0.121267389743688	27.8373786346479
0.121548035783741	31.0459516339629
0.121829983820977	30.7929421310537
0.122113242936969	28.5549089171159
0.122397822297945	26.4011728265723
0.122683731155778	25.2905772042779
0.12297097884899	25.0159967842378
0.12325957480377	25.2238500338982
0.123549528534998	26.4261312752647
0.1238408496473	30.5547971698874
0.124133547836103	40.3165878349828
0.124427632888711	57.4307960084029
0.124723114685397	80.7641461261403
0.125020003200511	103.941484914106
0.125318308503598	114.912804378251
0.125618040760541	105.229589376789
0.125919210234712	80.8014556712725
0.126221827288148	54.7022853768408
0.126525902382735	34.8487373773958
0.126831446081415	22.8247430052789
0.12713846904941	17.554182768505
0.127446982055464	17.4761772544224
0.127756995973098	20.9863051109691
0.128068521781893	26.203545552538
0.128381570568781	30.7726761034519
0.128696153529362	32.2621876289186
0.129012281969242	29.4866173022464
0.129329967305383	23.6978309378006
0.129649221067479	17.7866132322794
0.12997005489935	14.1427606028194
0.130292480560361	13.5793229466064
0.130616509926854	15.6768837642129
0.130942154993609	19.4505554896266
0.131269427875324	23.8642470780635
0.131598340808118	28.3317370095671
0.131928906151052	33.2209619287635
0.132261136387683	39.9018182278956
0.13259504412763	49.9074423230515
0.132930642108173	63.5460211848624
0.133267943195871	78.7164076572599
0.133606960388207	90.786757783927
0.133947706815258	94.5305504785688
0.134290195741388	87.6577472193935
0.134634440566971	72.6069730050575
0.134980454830139	54.5672757723884
0.135328252208556	38.233766006179
0.135677846521219	26.1700674136721
0.136029251730291	18.927309244672
0.136382481942958	15.7979703548235
0.136737551413318	15.3869734120103
0.137094474544297	15.9198566504555
0.137453265889596	15.7395803227136
0.137813940155674	14.1368409891568
0.138176512203748	11.7142735328765
0.138540997051846	9.66187807752482
0.138907409876871	8.86947392006404
0.139275766016712	9.75525251937713
0.139646080972382	12.4067297767315
0.140018370410197	16.6713334564177
0.140392650163978	22.3531170420859
0.140768936237302	29.4126246035982
0.14114724480578	37.7108867965754
0.141527592219378	46.3317890784921
0.141909995004767	53.260635526292
0.142294469867722	56.216079346587
0.142681033695552	54.3875997600845
0.143069703559573	49.0862723650746
0.143460496717623	42.379328145772
0.143853430616612	35.7241597549479
0.144248522895124	29.761901040547
0.144645791386053	24.5858691298134
0.145045254119284	20.1013322730251
0.145446929324427	16.3268656500371
0.145850835433584	13.352932742151
0.146256991084173	11.138300265505
0.14666541512179	9.54863819454565
0.147076126603129	8.77377258686606
0.147489144798942	9.6974749068085
0.147904489197055	13.5501601457053
0.148322179505433	21.1149340531546
0.148742235655298	32.3324590955237
0.149164677804295	45.8551987883582
0.149589526339723	57.7595152550867
0.15001680188181	61.8553338359855
0.150446525287051	55.2770604180362
0.150878717651602	43.0771896656884
0.151313400314731	32.6760604968909
0.151750594862331	27.5969832982042
0.152190323130493	28.0410259950168
0.152632607209142	32.6799375833178
0.153077469445736	38.6905238420231
0.153524932449029	41.8875130768773
0.153975019092901	39.2528478078717
0.15442775252026	32.2708137002447
0.154883156147002	25.9802751935732
0.155341253666053	24.9781863791182
0.155802069051476	31.6647641033527
0.156265626562655	46.5943675051457
0.156731950748551	68.3750033298675
0.157201066452034	91.6033977615821
0.157672998814298	104.064048320112
0.158147773279351	93.6756316853082
0.158625415598588	66.2190115723828
0.159105951835445	39.3197748717754
0.159589408370144	22.2204114096563
0.160075811904517	14.7949178528262
0.160565189466923	14.3908541230479
0.161057568417254	19.0460441676348
0.161552976452037	26.8752040887055
0.162051441609624	34.9598416146454
0.162552992275481	40.8047705023907
0.163057657187581	43.988154710562
0.163565465441888	45.2586871454573
0.164076446497951	46.5648376433206
0.164590630184604	52.2635745345433
0.165108046705763	67.821576253177
0.165628726646349	96.1529045006774
0.166152700978306	131.344525030301
0.166680001066751	151.453550960279
0.167210658676226	133.682354289917
0.167744705977078	89.4037714740383
0.168282175551965	48.0696581451685
0.168823100402473	23.2738559319215
0.169367513955882	14.635873024113
0.169915450072043	18.2038940805681
0.170466943050403	29.4529580738537
0.171022027637159	40.9341963514567
0.171580739032558	42.2490476378083
0.172143112898338	30.6272958413241
0.172709185365314	16.0711447141166
0.173278993041115	8.36875067761987
0.17385257301808	10.8849395907113
0.174429962881303	24.4830700842175
0.175011200716845	49.4572472878803
0.175596325120107	82.2883346479738
0.176185375204374	112.059091906361
0.176778390609531	127.104278093262
0.177375411510954	123.306680453344
0.177976478628584	104.178888760509
0.178581633236184	78.4539001825276
0.17919091717079	54.4159257823608
0.179804372842347	36.8194062163667
0.180422043243555	27.3511378151238
0.181043971959909	25.2533575128317
0.181670203179954	27.2102846078934
0.182300781705751	28.2203126045713
0.182935752963558	24.9346589915487
0.183575163014744	18.6031203887011
0.184219058566922	13.7453884117637
0.184867486985328	14.9968874766143
0.185520496304431	25.7899430505968
0.186178135239797	47.5191457130135
0.186840453200203	76.3252017276178
0.187507500300011	99.9995397401344
0.188179327371812	106.561128154208
0.188855985979331	96.212477999419
0.189537528430629	76.3090104279102
0.190224007791575	54.6958728034334
0.190915477899624	37.5646269631719
0.191611993377889	27.7951339482319
0.192313609649527	25.4901995881799
0.193020382952439	28.9433287322144
0.193732370354297	34.3986288697145
0.194449629767904	36.9340108690168
0.195172219966898	34.4906080937081
0.195900200601805	30.728775869792
0.196633632216454	32.1933843080232
0.197372576264763	44.187185309549
0.198117095127904	68.9890307622265
0.198867252131856	101.599069791809
0.199623111565364	120.963189160934
0.2003847386983	105.122114810625
0.201152199800457	69.1054029922224
0.201925562160765	39.4113591353144
0.202704894106963	23.0542628106442
0.203490265025721	17.0791824458841
0.204281745383232	16.8849629267909
0.205079406746292	17.0051266308546
0.205883321803867	14.2906277143195
0.206693564389179	12.5593977740766
0.207510209502307	18.5858392040166
0.208333333333333	36.8772016492825
