0.00999809636245232	1.01265143554314
0.00999999999999973	0.97424987682043
0.0100019043625904	0.956512502038857
0.0100038094506385	0.990645092451598
0.0100057152645588	0.967058444901784
0.0100076218047662	0.963528606298397
0.010009529071676	0.970814888755986
0.0100114370657036	0.969526470620045
0.010013345787265	0.931707999216851
0.0100152552367764	1.00273614485193
0.0100171654146543	0.975958880514886
0.0100190763213155	0.97884182302964
0.0100209879571772	0.982785602029814
0.0100229003226569	1.02200611962749
0.0100248134181724	0.984559122750236
0.0100267272441417	1.00084136571228
0.0100286418009833	0.988683661939368
0.010030557089116	0.990402666077329
0.0100324731089588	0.965768986707621
0.0100343898609311	0.991752954335796
0.0100363073454526	0.962371900689158
0.0100382255629434	0.980689052145922
0.0100401445138238	0.992591285216654
0.0100420641985145	0.986542088523186
0.0100439846174364	0.983172310740394
0.010045905771011	0.980045609957148
0.0100478276596597	1.02625092088591
0.0100497502838047	0.970265858982679
0.0100516736438681	1.0097069557067
0.0100535977402727	0.978517892492351
0.0100555225734413	0.998594326649412
0.0100574481437971	1.01941930974369
0.0100593744517638	0.967344245363807
0.0100613014977653	0.974276504054654
0.0100632292822258	0.973236875519684
0.0100651578055699	0.951535162514557
0.0100670870682224	0.986726886302323
0.0100690170706085	0.986738596267345
0.0100709478131538	0.982469486568935
0.0100728792962842	0.948999373426309
0.0100748115204258	0.942816490365572
0.0100767444860052	0.94103270249879
0.0100786781934491	0.994778204133322
0.0100806126431848	0.979008713591079
0.0100825478356397	0.977506572479186
0.0100844837712417	0.980182045653942
0.0100864204504189	0.963708552556118
0.0100883578735999	0.949886760443743
0.0100902960412134	1.00871014587148
0.0100922349536885	0.934459402892525
0.0100941746114548	1.00747640225237
0.010096115014942	0.989130045149004
0.0100980561645803	1.01055298243413
0.0100999980608001	0.964374044474927
0.0101019407040323	0.9862089060634
0.0101038840947079	0.992102515751365
0.0101058282332584	0.943647595780789
0.0101077731201157	0.960773577879309
0.0101097187557117	0.965149086644795
0.0101116651404791	0.959302905965989
0.0101136122748505	0.965883529322117
0.0101155601592591	0.985531325999265
0.0101175087941384	1.00803458131363
0.0101194581799221	0.992861792046686
0.0101214083170444	0.984278466748741
0.0101233592059397	0.975439364958489
0.0101253108470428	0.987666575630358
0.0101272632407888	0.998243398377
0.0101292163876133	0.956802625372055
0.0101311702879519	0.97125932573195
0.0101331249422409	0.97303539308873
0.0101350803509168	0.936613300408203
0.0101370365144162	0.978805009917705
0.0101389934331765	1.02913078627409
0.010140951107635	0.948268408755369
0.0101429095382296	0.975794562855749
0.0101448687253984	0.973042307923579
0.01014682866958	0.999490381019466
0.0101487893712132	1.01302076510533
0.0101507508307372	0.983803410789849
0.0101527130485915	0.959923189450642
0.0101546760252158	0.931633802370071
0.0101566397610506	0.935939408846951
0.0101586042565362	0.93966546745517
0.0101605695121136	0.91827813278557
0.010162535528224	0.955043777390669
0.0101645023053089	0.988076050565647
0.0101664698438102	0.968181671225566
0.0101684381441703	0.986386636208564
0.0101704072068317	1.01226769034051
0.0101723770322372	0.998037572071185
0.0101743476208303	0.941823607405086
0.0101763189730545	0.985695040803509
0.0101782910893538	0.966826057157967
0.0101802639701724	0.968777980515377
0.0101822376159551	0.98364202513174
0.0101842120271468	0.972930786861463
0.0101861872041929	0.992814949632942
0.010188163147539	0.978341692356303
0.0101901398576313	1.02189736498465
0.010192117334916	0.958830057036169
0.0101940955798399	0.974027326908169
0.0101960745928501	1.01083773903299
0.010198054374394	0.944094926336461
0.0102000349249193	0.967465362629145
0.0102020162448743	0.993496445364782
0.0102039983347072	0.989307802962434
0.0102059811948671	0.98850510141617
0.0102079648258029	0.987778111536637
0.0102099492279642	0.992989790373671
0.010211934401801	0.942543040740462
0.0102139203477633	0.997157511624218
0.0102159070663018	0.935524494252721
0.0102178945578674	0.995584764463126
0.0102198828229113	1.01056129301844
0.0102218718618851	0.896758422623604
0.0102238616752408	0.943027491344412
0.0102258522634308	0.882963179667462
0.0102278436269077	0.971574017726635
0.0102298357661244	0.940739060884205
0.0102318286815345	0.869815386673474
0.0102338223735916	0.953846253172483
0.0102358168427498	0.97362387870574
0.0102378120894635	0.952042680609425
0.0102398081141876	0.957730862941895
0.0102418049173771	0.977038568950304
0.0102438024994876	0.996350049434394
0.0102458008609749	0.949109688700107
0.0102478000022953	0.964574341733483
0.0102497999239053	0.992782405427704
0.0102518006262618	0.99024467673643
0.0102538021098221	0.974770229727491
0.0102558043750439	0.964621030381725
0.0102578074223851	0.943390450291423
0.0102598112523041	1.01451859442863
0.0102618158652597	0.978047949680923
0.0102638212617108	0.998655557216916
0.0102658274421169	1.01200376406654
0.0102678344069379	0.947758617123202
0.0102698421566338	0.969609495852984
0.0102718506916651	0.970414850683798
0.0102738600124928	0.975289385660004
0.010275870119578	0.925467118800688
0.0102778810133824	0.988188142501446
0.0102798926943679	0.986514667703509
0.0102819051629968	0.966939208755255
0.0102839184197317	0.898504908630916
0.0102859324650358	1.01749096809271
0.0102879472993725	0.988977520624918
0.0102899629232054	0.985044105337347
0.0102919793369987	0.952615650428231
0.0102939965412169	0.979142204391127
0.0102960145363249	0.966155009671319
0.0102980333227879	0.992277398791729
0.0103000529010715	0.978670238750441
0.0103020732716415	0.957384825125077
0.0103040944349645	0.906178237585694
0.0103061163915069	0.975556357972129
0.0103081391417359	1.02504473402445
0.0103101626861188	0.993843628345312
0.0103121870251236	0.951133894453006
0.0103142121592182	0.946950897274228
0.0103162380888713	0.949546036616753
0.0103182648145517	1.03272069707443
0.0103202923367286	0.983505470121454
0.0103223206558718	0.984468335336752
0.0103243497724511	0.957429643721616
0.010326379686937	0.979264473373305
0.0103284103998002	1.01884037068504
0.0103304419115117	0.987018368123519
0.0103324742225431	0.949218716075445
0.0103345073333662	0.934639499719247
0.0103365412444532	0.965926559031752
0.0103385759562767	0.982541127926443
0.0103406114693097	1.0008987115562
0.0103426477840254	0.99040689544241
0.0103446849008977	0.989572663235613
0.0103467228204005	0.983199689417874
0.0103487615430084	0.94749422947849
0.0103508010691961	0.946189708758796
0.0103528413994389	1.01983965944425
0.0103548825342123	0.986570594873875
0.0103569244739923	0.972704318524864
0.0103589672192552	0.980453625089445
0.0103610107704777	0.990035586586704
0.0103630551281369	0.998157044022041
0.0103651002927102	1.00843912076953
0.0103671462646755	0.982455519632583
0.010369193044511	1.00155848469993
0.0103712406326953	0.99202748391318
0.0103732890297072	0.982507448977515
0.0103753382360263	0.962469722103153
0.0103773882521321	0.990741460441114
0.0103794390785049	0.988737807746457
0.010381490715625	0.96883701724381
0.0103835431639734	0.970267109586586
0.0103855964240312	0.982408425326676
0.0103876504962802	0.985837299057652
0.0103897053812022	0.997595264117956
0.0103917610792798	0.976582693136813
0.0103938175909956	0.970489231020492
0.0103958749168328	0.997108004238323
0.0103979330572749	0.949036276135703
0.0103999920128059	0.936415694783355
0.0104020517839101	0.967012732051443
0.010404112371072	0.998637055181719
0.0104061737747769	0.997596599307909
0.0104082359955101	0.957873577092693
0.0104102990337575	0.979626794168555
0.0104123628900053	0.963262289507519
0.01041442756474	0.966166091492004
0.0104164930584488	1.02140763547822
0.010418559371619	0.994086127135551
0.0104206265047383	1.01178736888584
0.0104226944582948	0.94197793403209
0.0104247632327773	0.977019136399883
0.0104268328286744	0.944616062780686
0.0104289032464757	0.961487214404541
0.0104309744866707	0.968470566888523
0.0104330465497496	0.975879685414603
0.0104351194362028	0.991135089428709
0.0104371931465213	0.961585743479915
0.0104392676811963	1.00250105880923
0.0104413430407194	0.968048668331085
0.0104434192255827	0.992376489331802
0.0104454962362786	0.955078911840691
0.0104475740733	0.979512839850375
0.01044965273714	0.964014599452309
0.0104517322282924	0.954406389048998
0.010453812547251	0.988778963230155
0.0104558936945104	0.9864631518019
0.0104579756705652	0.991231925794997
0.0104600584759107	0.969962826904038
0.0104621421110425	0.931390946844227
0.0104642265764565	0.991354061155483
0.0104663118726491	0.966420109134808
0.0104683980001171	0.949244425243881
0.0104704849593576	0.969666625195104
0.0104725727508682	1.00186056902331
0.0104746613751469	0.964306481431408
0.010476750832692	0.956784750556135
0.0104788411240022	0.872910178968151
0.0104809322495768	0.973253375169143
0.0104830242099152	1.02008714248895
0.0104851170055175	0.977991383664101
0.0104872106368839	0.963063145285687
0.0104893051045152	0.966211851422734
0.0104914004089126	0.993946018208628
0.0104934965505776	0.968773648076292
0.0104955935300122	0.976424001570922
0.0104976913477186	0.986021494065367
0.0104997900041997	1.01650485013394
0.0105018894999586	0.96947186817273
0.0105039898354989	0.940439793196551
0.0105060910113245	0.981789526435612
0.0105081930279398	0.986937003715891
0.0105102958858496	0.969178337284335
0.010512399585559	0.959886515786657
0.0105145041275736	0.979727652190726
0.0105166095123993	0.985788711551306
0.0105187157405426	1.03343098857882
0.0105208228125103	0.96482787869423
0.0105229307288096	0.968740069504235
0.010525039489948	1.00446894735334
0.0105271490964336	0.980748690777906
0.0105292595487747	0.941651497965467
0.0105313708474803	0.9547153115437
0.0105334829930595	0.965772840030207
0.010535595986022	1.01143021621846
0.0105377098268779	0.997915192196005
0.0105398245161376	0.943734102227897
0.0105419400543119	0.999538985552141
0.0105440564419122	0.895951700957456
0.0105461736794501	0.958721607045207
0.0105482917674378	0.961112059244599
0.0105504107063878	0.979952662071278
0.010552530496813	0.990953829344912
0.0105546511392266	0.946520219219989
0.0105567726341426	0.989553034075935
0.010558894982075	0.99938420024617
0.0105610181835385	1.00558311507617
0.010563142239048	0.971306115351965
0.0105652671491188	0.963033540694821
0.010567392914267	0.935309941884118
0.0105695195350086	1.00416794597747
0.0105716470118604	0.959304567908868
0.0105737753453393	0.975980686808801
0.010575904535963	0.942272760497602
0.0105780345842492	0.938133107517836
0.0105801654907164	0.988178840942836
0.0105822972558832	0.932246282121281
0.0105844298802688	0.966919510409032
0.0105865633643927	0.978673434176562
0.0105886977087751	0.999720109951813
0.0105908329139362	0.968635131133155
0.0105929689803969	0.966671446184243
0.0105951059086785	0.935363950218348
0.0105972436993026	0.979315611181673
0.0105993823527914	1.02052907563897
0.0106015218696673	1.02510735884858
0.0106036622504532	0.992286422296677
0.0106058034956727	0.974047094754217
0.0106079456058493	0.974733939701993
0.0106100885815074	0.925231741391167
0.0106122324231715	1.02432474613295
0.0106143771313668	0.988098996170825
0.0106165227066186	0.990564865686769
0.0106186691494529	0.978269695043358
0.0106208164603961	0.982570878663299
0.0106229646399748	0.900223470352283
0.0106251136887163	0.992978128480665
0.0106272636071482	0.920486965235473
0.0106294143957984	0.966284503834801
0.0106315660551955	0.984613632642698
0.0106337185858684	0.963338142244008
0.0106358719883463	0.96571446937711
0.0106380262631591	0.971452547289041
0.0106401814108368	0.939201468366287
0.0106423374319102	0.95648877637083
0.0106444943269101	0.954044539256365
0.0106466520963682	0.934130360439272
0.0106488107408163	0.994393694600842
0.0106509702607867	0.995580460749947
0.0106531306568122	0.929304943441512
0.010655291929426	0.941362244225836
0.0106574540791617	1.01161781832783
0.0106596171065534	0.98704603605065
0.0106617810121355	1.00461229563209
0.010663945796443	0.973666890949774
0.0106661114600113	0.979455284449005
0.0106682780033761	0.97275255135793
0.0106704454270737	0.948314027912783
0.0106726137316408	0.994373048090065
0.0106747829176144	0.983945942962455
0.0106769529855321	0.980765230533911
0.0106791239359319	0.99080896350284
0.0106812957693522	0.996479599549719
0.0106834684863318	0.96481099645142
0.0106856420874101	0.994310306618998
0.0106878165731267	0.963388374409617
0.0106899919440219	0.932515063520332
0.0106921682006362	0.995513909853416
0.0106943453435108	1.02268037979137
0.010696523373187	0.949209521152272
0.0106987022902069	1.02894115327143
0.0107008820951127	0.991091995328587
0.0107030627884474	0.913996098374917
0.0107052443707541	0.942312029174994
0.0107074268425767	0.909085623491296
0.0107096102044592	0.951490183100706
0.0107117944569461	0.977744097574473
0.0107139796005827	0.909340796787555
0.0107161656359143	0.929749100761281
0.0107183525634868	0.891621707402654
0.0107205403838467	0.969601007895962
0.0107227290975407	0.981873237576999
0.0107249187051161	0.898145946949062
0.0107271092071206	0.991215460231197
0.0107293006041024	0.977757396551845
0.0107314928966101	0.959114329234353
0.0107336860851927	0.965565280117848
0.0107358801703997	1.00819204482781
0.0107380751527812	0.992740569648599
0.0107402710328874	0.977606390480213
0.0107424678112693	1.03278772261008
0.0107446654884781	0.985264962370813
0.0107468640650657	0.986778728490301
0.0107490635415841	0.983055689725586
0.0107512639185861	0.978445316765498
0.0107534651966248	0.997286785320142
0.0107556673762538	1.00530103318005
0.0107578704580269	0.97761108283134
0.0107600744424989	0.962742192588622
0.0107622793302245	0.964528310422051
0.0107644851217591	0.989294327209379
0.0107666918176586	0.920235967876038
0.0107688994184793	0.979764319885156
0.0107711079247779	0.943936333387059
0.0107733173371116	0.953115341093486
0.0107755276560381	0.99915110732412
0.0107777388821155	0.952447228402036
0.0107799510159024	0.959953091488251
0.0107821640579579	0.959502907191679
0.0107843780088413	0.968284303787047
0.0107865928691128	0.974942369240339
0.0107888086393326	0.95319998622519
0.0107910253200617	1.00144089954713
0.0107932429118614	0.997614463765014
0.0107954614152935	0.990772501675634
0.0107976808309203	0.933073191769838
0.0107999011593045	0.979509688763855
0.0108021224010092	1.0018244109685
0.0108043445565982	0.970371904343364
0.0108065676266355	0.977039809234914
0.0108087916116858	0.979025316735456
0.010811016512314	0.999387955163554
0.0108132423290858	0.936452886741529
0.0108154690625669	0.97390717265544
0.010817696713324	1.00512234949973
0.0108199252819238	0.967312930157788
0.0108221547689339	0.97322212824639
0.0108243851749219	0.941069113831319
0.0108266165004563	0.9624289494124
0.0108288487461058	0.969586962592896
0.0108310819124397	0.973585169179123
0.0108333160000276	0.936628984099443
0.0108355510094398	0.967375726259645
0.0108377869412469	0.947283120071566
0.0108400237960201	1.00713893519759
0.0108422615743309	1.00192325642987
0.0108445002767515	0.999045120850521
0.0108467399038544	0.988793139126055
0.0108489804562125	1.00002502383202
0.0108512219343995	1.00572272657805
0.0108534643389892	1.01276461014109
0.0108557076705561	0.973619769131711
0.0108579519296751	0.947073553812563
0.0108601971169216	1.00286162577331
0.0108624432328715	1.00948609625815
0.0108646902781012	1.04453251719941
0.0108669382531874	0.972533425746258
0.0108691871587074	0.993468469222989
0.0108714369952391	0.989003951613671
0.0108736877633606	0.98527316410662
0.0108759394636507	1.01571315147802
0.0108781920966887	0.958066648710413
0.0108804456630542	0.949785079368291
0.0108827001633274	0.937030917968008
0.010884955598089	1.00424575030774
0.0108872119679201	0.927057054420952
0.0108894692734022	0.944812565104386
0.0108917275151176	0.975214494842763
0.0108939866936488	0.98080877424976
0.0108962468095788	1.00419682147721
0.0108985078634913	0.935972215996463
0.0109007698559702	0.990828947793171
0.0109030327876001	0.979909165418063
0.010905296658966	0.987615042752077
0.0109075614706533	1.0064603723066
0.0109098272232481	0.956245604751097
0.0109120939173368	0.939375658956672
0.0109143615535065	0.988394826410072
0.0109166301323444	0.989420310849057
0.0109188996544385	1.00160698474888
0.0109211701203774	0.978085624638138
0.0109234415307498	1.00349352235307
0.0109257138861452	0.944529077797923
0.0109279871871535	0.97910872695331
0.010930261434365	0.973949142433343
0.0109325366283706	0.976233098056965
0.0109348127697617	0.982023940652079
0.0109370898591302	0.948605305193125
0.0109393678970683	0.966219754555809
0.010941646884169	0.997554468912767
0.0109439268210255	0.986509145191702
0.0109462077082318	0.97380906621005
0.0109484895463821	0.972631661552165
0.0109507723360712	0.995812918013857
0.0109530560778945	1.0010410719533
0.0109553407724478	0.922080142014746
0.0109576264203274	0.92208280661646
0.0109599130221302	0.953673157740961
0.0109622005784533	0.978524615899915
0.0109644890898947	0.95383105200992
0.0109667785570526	0.98600943055253
0.0109690689805258	1.00094107182214
0.0109713603609138	0.96593432836237
0.0109736526988161	1.01728877634673
0.0109759459948333	0.987653845673681
0.010978240249566	0.91329039179893
0.0109805354636157	0.930452338278594
0.010982831637584	0.949782353670855
0.0109851287720734	0.997090463375223
0.0109874268676867	0.980262692295312
0.0109897259250271	0.926711362495585
0.0109920259446986	0.965488650138049
0.0109943269273054	0.975052019858193
0.0109966288734525	1.01491658656489
0.0109989317837451	1.00756722731025
0.0110012356587891	0.956334011017519
0.0110035404991909	1.00232233757389
0.0110058463055574	0.99590519505342
0.011008153078496	0.943228564889757
0.0110104608186145	0.979171365333996
0.0110127695265213	0.929374212099812
0.0110150792028254	0.989405521797912
0.0110173898481362	0.972815577486498
0.0110197014630636	0.950479797188619
0.0110220140482181	1.00004186927836
0.0110243276042107	0.946065898707211
0.0110266421316527	0.996165705283332
0.0110289576311563	0.92541126948862
0.0110312741033338	0.969357029059574
0.0110335915487984	0.965405521546147
0.0110359099681635	1.00253476780296
0.0110382293620432	0.978370575692511
0.0110405497310521	1.01115119305907
0.0110428710758052	0.979246941155286
0.0110451933969182	1.01084720056782
0.0110475166950071	0.975586305592111
0.0110498409706887	0.969803148246956
0.0110521662245799	0.998207975627368
0.0110544924572986	0.974107020775766
0.0110568196694629	0.979518973231346
0.0110591478616916	0.971341880329166
0.0110614770346038	0.965179463740945
0.0110638071888193	0.953627270938813
0.0110661383249584	0.990259963347259
0.0110684704436419	0.9652894842852
0.0110708035454912	1.00171137713699
0.011073137631128	0.972788938531426
0.0110754727011748	0.97816641222198
0.0110778087562544	0.966577230321025
0.0110801457969904	0.993377549776426
0.0110824838240065	0.983014572240318
0.0110848228379274	0.991176768245871
0.011087162839378	0.994724726324561
0.0110895038289838	1.0421537313605
0.0110918458073709	1.03094542685359
0.011094188775166	0.942472827400426
0.011096532732996	0.968470338048968
0.0110988776814888	0.98791924654132
0.0111012236212724	0.999978146369725
0.0111035705529755	0.975010389701462
0.0111059184772275	0.953374973623699
0.011108267394658	1.01181481573289
0.0111106173058974	0.984012037323251
0.0111129682115766	1.05734513629874
0.0111153201123269	0.981521450345135
0.0111176730087802	0.979505477994027
0.011120026901569	0.938273247256593
0.0111223817913262	0.961560182588968
0.0111247376786855	0.956745888917574
0.0111270945642807	1.01459831155492
0.0111294524487466	0.971486982893317
0.0111318113327182	0.955377075616175
0.0111341712168312	0.935611639239951
0.0111365321017219	0.975171314652096
0.011138893988027	1.00484587716698
0.0111412568763837	1.00257828355764
0.0111436207674299	0.944434779988548
0.011145985661804	0.986730383223381
0.0111483515601448	0.955481256653656
0.0111507184630919	1.01048692305302
0.0111530863712853	0.959996185550567
0.0111554552853654	0.987797275120344
0.0111578252059734	0.974747728931124
0.0111601961337509	0.986838634514118
0.01116256806934	0.968015892185407
0.0111649410133836	0.975451913317879
0.0111673149665248	0.999930670803714
0.0111696899294075	0.972632036737521
0.011172065902676	0.991991103843222
0.0111744428869754	0.951656971334094
0.0111768208829509	0.994580303775916
0.0111791998912487	0.96912429011901
0.0111815799125153	1.01424277403433
0.0111839609473977	0.959359333026803
0.0111863429965438	0.979413501601721
0.0111887260606017	0.912219372346054
0.0111911101402201	0.971741676518899
0.0111934952360484	1.00404958505273
0.0111958813487364	0.941137936998978
0.0111982684789347	0.968685520686961
0.0112006566272941	0.851440220087883
0.0112030457944662	0.951892533065116
0.0112054359811031	0.921867958031978
0.0112078271878575	0.982773819782826
0.0112102194153825	1.02189030931614
0.011212612664332	0.93123019363296
0.0112150069353602	0.946869727747238
0.0112174022291221	0.987483566697068
0.0112197985462731	0.971303721722301
0.0112221958874692	0.92985769239161
0.0112245942533669	0.961596829188596
0.0112269936446234	0.926683116661301
0.0112293940618964	1.02009341599785
0.0112317955058441	1.03848897267571
0.0112341979771253	0.981354543318992
0.0112366014763995	1.00041989594699
0.0112390060043265	1.00482207820959
0.0112414115615669	0.989222220345016
0.0112438181487817	0.97812385558601
0.0112462257666327	0.947130374329585
0.0112486344157819	0.985719650179994
0.0112510440968921	0.991301801284378
0.0112534548106268	0.995165131605248
0.0112558665576498	0.93490024383189
0.0112582793386256	0.983411726780683
0.0112606931542192	0.944710418485559
0.0112631080050963	0.890599014016917
0.011265523891923	0.970995846425872
0.0112679408153662	0.978580337276879
0.0112703587760931	0.960400652380673
0.0112727777747717	1.00866523942523
0.0112751978120704	0.966541116358181
0.0112776188886583	0.985980069954468
0.011280041005205	0.975848186787812
0.0112824641623808	0.952082776182168
0.0112848883608564	0.968838390614729
0.0112873136013031	1.01178794379788
0.011289739884393	0.998342770248571
0.0112921672107985	0.997830034686781
0.0112945955811927	1.00921097337378
0.0112970249962493	0.965985572870717
0.0112994554566426	0.956479242332083
0.0113018869630473	0.969425137336984
0.0113043195161389	0.948304769003739
0.0113067531165934	1.00600251569074
0.0113091877650873	1.00932525572502
0.0113116234622979	0.945822314375071
0.0113140602089028	0.964588788059179
0.0113164980055804	0.969350848647358
0.0113189368530095	0.949515916078452
0.0113213767518698	1.00455252301486
0.0113238177028412	0.983427063639786
0.0113262597066045	0.967471011312144
0.0113287027638409	0.948543607297072
0.0113311468752323	0.992719666123572
0.011333592041461	0.997252495223601
0.0113360382632101	0.992597823800471
0.0113384855411632	1.02957038912408
0.0113409338760045	1.02541837594371
0.0113433832684189	0.984752168522529
0.0113458337190916	0.956133863893666
0.0113482852287088	0.929465577049359
0.0113507377979568	0.960613651298635
0.011353191427523	1.02034139113105
0.0113556461180951	0.969178660200683
0.0113581018703613	1.01206459079596
0.0113605586850108	0.961558764116192
0.0113630165627329	0.967192281771871
0.0113654755042179	0.95163321932985
0.0113679355101565	0.926711716744073
0.0113703965812401	0.952927345964763
0.0113728587181605	0.940534816876313
0.0113753219216104	1.00803205796671
0.0113777861922827	0.972488912735712
0.0113802515308714	0.999746857226331
0.0113827179380707	1.00945443268133
0.0113851854145756	0.980930592704522
0.0113876539610815	0.961713829707998
0.0113901235782848	1.03426861397864
0.011392594266882	0.961000057884709
0.0113950660275706	0.980488035212231
0.0113975388610485	0.951907893010981
0.0114000127680143	0.961167517289774
0.0114024877491671	0.999304330038491
0.0114049638052068	0.962130385651831
0.0114074409368338	0.98056487238268
0.011409919144749	0.947419499890142
0.011412398429654	0.983666313844553
0.011414878792251	0.973366035851852
0.011417360233243	0.99186640869863
0.0114198427533332	0.985171156752183
0.0114223263532258	0.960870519978509
0.0114248110336255	0.987204709638968
0.0114272967952375	0.94360143532244
0.0114297836387676	0.96947731537255
0.0114322715649225	0.991829701870846
0.0114347605744092	0.968979119249187
0.0114372506679354	1.0022328092644
0.0114397418462096	0.952099467753406
0.0114422341099406	0.946757985449048
0.0114447274598382	0.989581725029651
0.0114472218966123	0.960066550016761
0.011449717420974	0.977254140554374
0.0114522140336347	0.976572960873084
0.0114547117353063	0.990045174154267
0.0114572105267017	0.988766695767996
0.0114597104085341	0.99774117323003
0.0114622113815174	0.959945062942104
0.0114647134463662	0.912476104347726
0.0114672166037957	0.956809965055926
0.0114697208545217	1.00983664421168
0.0114722261992606	1.02303353091934
0.0114747326387295	0.980430335635593
0.011477240173646	1.00015073356117
0.0114797488047286	0.9717408217544
0.011482258532696	0.980763374147865
0.0114847693582678	0.963546804496553
0.0114872812821644	0.983411013401682
0.0114897943051064	0.999324233570011
0.0114923084278154	0.925056861745775
0.0114948236510135	0.970067391080504
0.0114973399754233	0.96343549608
0.0114998574017682	1.00986353501462
0.0115023759307723	0.938583121787357
0.01150489556316	0.963039771133711
0.0115074162996568	0.946437238342655
0.0115099381409885	0.981938584028931
0.0115124610878815	0.957828800363052
0.0115149851410632	0.971514649983483
0.0115175103012612	0.984281423966604
0.0115200365692041	0.992581725834018
0.0115225639456209	0.97150615914552
0.0115250924312413	1.01633966690848
0.0115276220267957	0.940165872188331
0.0115301527330152	1.01412997965643
0.0115326845506313	0.953084560198638
0.0115352174803763	1.00345269674508
0.0115377515229832	0.97898529216861
0.0115402866791856	0.977276078901355
0.0115428229497176	0.973567832474515
0.0115453603353142	0.991714693281343
0.0115478988367109	1.00550744029468
0.0115504384546437	0.943490088311561
0.0115529791898497	0.971726384681176
0.0115555210430661	0.948575886467458
0.011558064015031	0.978555551984841
0.0115606081064834	0.933722691180073
0.0115631533181625	0.965303578200949
0.0115656996508084	0.982084825413911
0.0115682471051619	0.971027666103475
0.0115707956819642	0.995420973889925
0.0115733453819574	0.986750366325455
0.0115758962058843	1.00444440830925
0.011578448154488	0.970403181682116
0.0115810012285126	0.987590150705905
0.0115835554287028	0.994074100843756
0.0115861107558037	0.97891963481792
0.0115886672105615	0.931254885438174
0.0115912247937226	0.980378467002756
0.0115937835060344	0.976100370412196
0.0115963433482447	1.03720596249613
0.0115989043211022	1.0016355000352
0.0116014664253562	1.00780515187725
0.0116040296617565	0.983547666320386
0.0116065940310537	0.962177524433757
0.0116091595339991	0.913952770205764
0.0116117261713445	0.968838842844377
0.0116142939438426	0.969618661094121
0.0116168628522465	0.953825929944249
0.0116194328973103	1.00485643386078
0.0116220040797883	0.96330967821283
0.011624576400436	0.958260434170906
0.0116271498600091	0.965710198984075
0.0116297244592644	0.954294249479147
0.0116323001989589	0.977057611804187
0.0116348770798507	0.968318055654309
0.0116374551026982	0.961115935106507
0.0116400342682609	0.988081195257163
0.0116426145772986	0.951220343897557
0.0116451960305719	0.996930557958478
0.0116477786288422	0.974099263264697
0.0116503623728713	0.930031598007894
0.0116529472634219	0.983317935959073
0.0116555333012573	0.954407152050844
0.0116581204871416	0.959373232160456
0.0116607088218393	0.97691808136733
0.0116632983061159	0.969350763919817
0.0116658889407373	0.9992860151328
0.0116684807264703	0.979010757169534
0.0116710736640823	0.991088449334631
0.0116736677543412	0.995001328236233
0.011676262998016	0.915796380620009
0.011678859395876	1.00520182740829
0.0116814569486913	0.90071128557882
0.0116840556572328	0.966058045659446
0.011686655522272	0.907211034321373
0.011689256544581	1.00034880685045
0.0116918587249327	0.984993793597012
0.0116944620641007	0.925092739664365
0.0116970665628591	0.975837229731232
0.0116996722219831	0.947117356187931
0.0117022790422481	0.965440894020899
0.0117048870244305	0.984512435742639
0.0117074961693073	0.99134787893646
0.0117101064776562	0.901449166564718
0.0117127179502557	0.98192867689541
0.0117153305878847	0.968672966884674
0.0117179443913231	0.97361895769737
0.0117205593613515	1.01124882946029
0.0117231754987508	0.985232200689028
0.0117257928043031	1.00452483960498
0.011728411278791	0.961726101051543
0.0117310309229976	1.02114143889962
0.0117336517377069	0.98787488626419
0.0117362737237038	0.996854587146207
0.0117388968817734	0.973658846578387
0.0117415212127019	0.999001636623773
0.0117441467172762	0.955857263417612
0.0117467733962836	0.936745535862338
0.0117494012505123	0.933478725275748
0.0117520302807514	0.995542436672364
0.0117546604877903	0.992510295402431
0.0117572918724193	0.980343265008047
0.0117599244354296	1.02471002737122
0.0117625581776128	0.975803711093184
0.0117651930997614	0.995839861215306
0.0117678292026684	1.0083339772154
0.0117704664871279	0.915957459306023
0.0117731049539343	0.973219235560534
0.0117757446038829	0.960528436668228
0.0117783854377697	1.01533406729989
0.0117810274563914	0.977850200547634
0.0117836706605455	0.952949742833763
0.0117863150510301	0.965754782910718
0.011788960628644	0.988903285308603
0.0117916073941869	1.00654794914116
0.011794255348459	0.953660720184612
0.0117969044922613	0.960539724528143
0.0117995548263956	0.991045128615515
0.0118022063516643	0.908322325210624
0.0118048590688706	0.925939293260381
0.0118075129788183	0.986459027790306
0.0118101680823122	0.963159919210129
0.0118128243801575	0.996600321978453
0.0118154818731604	0.963883481810318
0.0118181405621276	0.921712093270405
0.0118208004478666	0.975922105165802
0.0118234615311856	1.00106360712913
0.0118261238128938	0.987103285168666
0.0118287872938007	1.0039198256477
0.0118314519747167	0.964834332124148
0.0118341178564532	0.974184446748936
0.0118367849398219	0.99634961237063
0.0118394532256354	1.01671169230337
0.0118421227147072	0.974568277477383
0.0118447934078514	0.974832000136445
0.0118474653058827	0.984961146062306
0.0118501384096167	1.00360823098007
0.0118528127198698	0.988858470864251
0.0118554882374589	1.00954854878709
0.0118581649632018	0.994030045684099
0.0118608428979171	0.981117030206747
0.011863522042424	0.98714029156871
0.0118662023975425	0.956490033344653
0.0118688839640934	0.976564630034424
0.011871566742898	0.976186478832078
0.0118742507347787	0.979522386947402
0.0118769359405584	0.973856893647608
0.0118796223610608	0.9541036623835
0.0118823099971103	0.975330819926393
0.0118849988495322	0.990631189231946
0.0118876889191524	0.99972579106877
0.0118903802067976	0.992864294367959
0.0118930727132952	1.01269459197441
0.0118957664394735	0.984017554578551
0.0118984613861613	0.974929425396777
0.0119011575541884	0.967712180824925
0.0119038549443853	0.959515838443561
0.011906553557583	0.955202190904251
0.0119092533946137	1.01737004081756
0.0119119544563099	0.991298951061263
0.0119146567435052	0.990200736461447
0.0119173602570337	1.00312632912839
0.0119200649977305	1.03379169179052
0.0119227709664313	1.01458611217359
0.0119254781639726	0.980097255616354
0.0119281865911916	0.994223188174734
0.0119308962489263	0.972807957947514
0.0119336071380156	0.998488283046733
0.011936319259299	0.97443780030633
0.0119390326136167	0.933982999666313
0.0119417472018099	0.973985178278534
0.0119444630247204	0.987536169060079
0.0119471800831907	0.973141897327603
0.0119498983780643	0.978835746172
0.0119526179101853	0.998231407586845
0.0119553386803985	0.992000736821677
0.0119580606895497	0.982579256052289
0.0119607839384853	1.02398371802478
0.0119635084280525	0.952120765162579
0.0119662341590993	0.969631111383255
0.0119689611324745	0.979386214637019
0.0119716893490275	0.961558484458572
0.0119744188096088	1.00364493592256
0.0119771495150693	0.95736577505654
0.0119798814662609	1.01610161807136
0.0119826146640363	0.938287311559656
0.011985349109249	0.943927313613079
0.011988084802753	0.912999889267749
0.0119908217454033	0.965443754306845
0.0119935599380558	0.926480862815192
0.0119962993815669	0.980553406207468
0.011999040076794	0.957310122420618
0.0120017820245951	1.01845228104184
0.0120045252258292	0.964603248223363
0.012007269681356	1.00095025408179
0.0120100153920358	0.960298965133844
0.01201276235873	0.956315374889883
0.0120155105823006	0.961735099079371
0.0120182600636104	0.943079887967404
0.0120210108035229	0.981082310810857
0.0120237628029027	0.962249703953258
0.012026516062615	0.962946002115249
0.0120292705835256	0.980190433267057
0.0120320263665014	0.965550544221883
0.01203478341241	0.969135336244105
0.0120375417221197	0.96548104902557
0.0120403012964998	0.95184346405756
0.0120430621364201	0.947891240643908
0.0120458242427514	0.954552941970312
0.0120485876163654	0.994245720202712
0.0120513522581343	0.958745763152602
0.0120541181689314	0.974266881000848
0.0120568853496305	0.947522848196893
0.0120596538011065	1.00409120194911
0.012062423524235	0.999329796575116
0.0120651945198923	1.01058376592375
0.0120679667889555	1.00819392172293
0.0120707403323028	0.995587901864335
0.0120735151508128	0.948038978164349
0.0120762912453652	0.986073204568958
0.0120790686168405	1.01854024534235
0.0120818472661197	1.00901167953674
0.012084627194085	1.00874421875107
0.0120874084016193	0.967116473531824
0.012090190889606	0.962835582081946
0.0120929746589299	0.940604971281762
0.012095759710476	0.975833930686616
0.0120985460451306	0.954506336816043
0.0121013336637805	0.986953503663761
0.0121041225673136	0.961714116798667
0.0121069127566183	0.96169805755941
0.012109704232584	0.979679166702425
0.0121124969961009	0.936239346076787
0.01211529104806	1.01481072975948
0.0121180863893533	0.956693403397173
0.0121208830208733	0.985874413694126
0.0121236809435135	0.95804888691288
0.0121264801581682	1.00480794518449
0.0121292806657327	0.946339723151013
0.0121320824671028	1.03223633450748
0.0121348855631753	0.974828547373239
0.0121376899548479	0.97564285652001
0.0121404956430191	0.946439782291873
0.012143302628588	0.968515425481772
0.0121461109124549	0.943083419313002
0.0121489204955206	0.95639430167776
0.012151731378687	0.977615584529655
0.0121545435628566	0.9747324355066
0.012157357048933	0.984830142657706
0.0121601718378204	1.03224139260456
0.012162987930424	0.907691413948678
0.0121658053276496	0.959413701987361
0.0121686240304042	0.838241176251416
0.0121714440395953	0.933538363462967
0.0121742653561315	0.818094881131058
0.0121770879809221	0.992637122330036
0.0121799119148772	0.927287103042343
0.0121827371589079	0.969521941886075
0.012185563713926	0.981801027958847
0.0121883915808443	1.01106907443643
0.0121912207605763	0.968280120194578
0.0121940512540364	1.01895242927205
0.0121968830621399	0.954049687636217
0.0121997161858028	0.976679543176561
0.0122025506259422	0.97914713485245
0.0122053863834758	1.00486843539495
0.0122082234593224	0.980361593868894
0.0122110618544013	0.963425002533447
0.0122139015696331	0.9507282729594
0.0122167426059389	0.975890840562674
0.0122195849642408	0.975272256981558
0.0122224286454617	0.964245458472444
0.0122252736505256	1.01778428917889
0.0122281199803569	0.959007083023434
0.0122309676358813	0.966702164660511
0.0122338166180252	0.951153043581362
0.0122366669277157	0.930063247916939
0.0122395185658811	0.936126784373319
0.0122423715334502	0.959276565702398
0.012245225831353	0.988298870043508
0.0122480814605202	0.94386149835993
0.0122509384218833	1.01959015991888
0.0122537967163748	0.984525068662169
0.012256656344928	1.00186130643917
0.0122595173084771	0.973010211731481
0.0122623796079572	0.957685269592644
0.0122652432443042	0.990478314112623
0.0122681082184549	0.94808515949781
0.0122709745313471	1.00398101882522
0.0122738421839193	1.01090492013006
0.0122767111771109	1.01140288262322
0.0122795815118622	0.966879548953326
0.0122824531891146	0.985326960336367
0.01228532620981	1.00355297087285
0.0122882005748914	0.999866153186369
0.0122910762853026	1.01182548928041
0.0122939533419885	0.961177829376426
0.0122968317458945	0.945573118865599
0.0122997114979673	0.947010612490499
0.0123025925991542	0.943977528006887
0.0123054750504034	0.970141745060151
0.0123083588526642	0.976932997818942
0.0123112440068866	0.944335230112704
0.0123141305140215	0.950320588968779
0.0123170183750209	0.983666788906064
0.0123199075908373	1.00294103052067
0.0123227981624245	1.02267926790586
0.012325690090737	0.985597962713528
0.0123285833767301	0.978873286765023
0.0123314780213603	0.985396931882083
0.0123343740255846	0.952542441890441
0.0123372713903613	0.9899473763627
0.0123401701166493	0.96654273041339
0.0123430702054086	0.996956395895614
0.0123459716576	1.00478479010013
0.0123488744741851	0.978901082773319
0.0123517786561267	0.957612337502608
0.0123546842043882	0.968898612947988
0.0123575911199341	0.978303978897353
0.0123604994037297	0.945795215466892
0.0123634090567413	0.932522157901808
0.0123663200799361	0.945525617422394
0.0123692324742821	0.996513760598404
0.0123721462407483	0.939159538708728
0.0123750613803046	1.02157974732532
0.0123779778939219	0.940216149462846
0.0123808957825719	0.989072698524779
0.0123838150472271	0.982959609926999
0.0123867356888613	0.998226951571206
0.0123896577084488	0.98025609161656
0.012392581106965	0.998216372441024
0.0123955058853864	0.950667061971899
0.0123984320446901	0.993671577452297
0.0124013595858543	0.989885158813342
0.0124042885098581	1.03203972274318
0.0124072188176816	0.979043747432542
0.0124101505103056	1.01258797416333
0.012413083588712	0.946488402995545
0.0124160180538837	0.95016667487711
0.0124189539068044	0.97475513557759
0.0124218911484587	0.970939088493277
0.0124248297798322	0.960061546615362
0.0124277698019115	0.981925605860132
0.012430711215684	0.984611237093986
0.0124336540221381	0.968298346378106
0.0124365982222631	0.961922858094356
0.0124395438170494	1.01729601942724
0.012442490807488	0.924925571794799
0.0124454391945712	0.981676901089033
0.0124483889792921	0.923757575633638
0.0124513401626446	0.982994520447686
0.0124542927456238	0.978035734167938
0.0124572467292255	0.963744110137419
0.0124602021144467	0.977165314460789
0.0124631589022851	0.992986647903944
0.0124661170937394	0.992439072673152
0.0124690766898095	0.959127849038895
0.0124720376914959	0.95362731900924
0.0124750000998002	0.958641471934835
0.012477963915725	0.928713177503834
0.0124809291402739	0.938076789456391
0.0124838957744512	0.942632157158843
0.0124868638192624	0.965289089385446
0.0124898332757138	0.971571460511913
0.0124928041448128	0.948490173339055
0.0124957764275677	0.963278623156912
0.0124987501249877	0.982808209488059
0.0125017252380831	0.962630817310246
0.0125047017678649	1.0092107094143
0.0125076797153454	0.935020295885765
0.0125106590815377	0.96975000596493
0.0125136398674558	0.957796377134061
0.0125166220741147	0.964410931552836
0.0125196057025304	0.988831622769481
0.0125225907537199	1.00533145438225
0.0125255772287012	0.996124029172298
0.0125285651284932	1.01122073631332
0.0125315544541157	0.963777582814882
0.0125345452065896	0.928522523326959
0.0125375373869367	0.989662903853713
0.0125405309961799	0.964229109335143
0.0125435260353429	0.961831758429775
0.0125465225054504	0.977924319084337
0.0125495204075283	0.99337186806049
0.0125525197426033	0.972271641678959
0.012555520511703	0.938717041980318
0.0125585227158561	0.939554409812123
0.0125615263560924	0.939094349991787
0.0125645314334424	1.00320277619237
0.0125675379489378	0.974572373214774
0.0125705459036113	0.950503691577664
0.0125735552984964	0.94946568362782
0.0125765661346279	0.935623267217425
0.0125795784130411	0.925472688803806
0.0125825921347729	0.952687612065503
0.0125856073008607	1.00723940033693
0.0125886239123431	0.954590118885154
0.0125916419702598	0.97095839894286
0.0125946614756512	1.01420102292338
0.012597682429559	1.0181135694613
0.0126007048330258	1.0191639423126
0.012603728687095	1.00192944184907
0.0126067539928114	1.00442098245666
0.0126097807512204	0.988097961796059
0.0126128089633686	0.998091635960219
0.0126158386303037	0.984266153842284
0.0126188697530742	0.964204258327065
0.0126219023327298	0.973983699797207
0.0126249363703209	0.975865940808907
0.0126279718668994	0.971591985534646
0.0126310088235178	0.968601478827056
0.0126340472412297	0.983338178584403
0.0126370871210898	0.979657318887264
0.0126401284641539	0.991060713528554
0.0126431712714785	0.968955565406715
0.0126462155441214	1.01380681550505
0.0126492612831413	0.894970167477272
0.012652308489598	0.981455553515477
0.0126553571645523	0.863650786483951
0.0126584073090659	0.942671618929868
0.0126614589242017	0.823441166561163
0.0126645120110235	0.94903878928326
0.0126675665705961	0.870339071178017
0.0126706226039855	0.944941364865936
0.0126736801122587	0.952195178690372
0.0126767390964834	0.973858619140572
0.0126797995577289	0.959328606883046
0.0126828614970649	0.961697442961695
0.0126859249155628	0.944774295645972
0.0126889898142944	0.976057933281898
0.0126920561943329	0.947743041780779
0.0126951240567526	0.983884916793276
0.0126981934026285	0.985582467967566
0.012701264233037	0.996380950704295
0.0127043365490553	0.957248484654276
0.0127074103517617	0.970923145895389
0.0127104856422357	0.988658500888972
0.0127135624215576	0.987029258865573
0.0127166406908089	0.960697658395252
0.0127197204510721	0.936086474236811
0.0127228017034308	0.969824737589391
0.0127258844489695	0.913987312889634
0.0127289686887739	0.949754276703923
0.0127320544239308	0.937032563794917
0.0127351416555279	0.987336376325476
0.0127382303846541	0.99707404753681
0.0127413206123991	1.01133974663466
0.012744412339854	0.985432469345486
0.0127475055681107	0.944001759737428
0.0127506002982623	0.960303033301735
0.0127536965314029	0.96948644144789
0.0127567942686278	0.981027481431264
0.012759893511033	0.999387116063889
0.012762994259716	0.998828264629178
0.0127660965157751	1.01100604865169
0.0127692002803098	0.995558591683184
0.0127723055544205	0.969800563497587
0.012775412339209	0.988758016805868
0.0127785206357777	0.974216484587576
0.0127816304452305	0.989884478895493
0.0127847417686722	0.987042603658535
0.0127878546072086	1.00585704919586
0.0127909689619467	0.951421398155671
0.0127940848339945	0.988687338186959
0.0127972022244612	0.97435132825528
0.0128003211344569	0.974836022280804
0.012803441565093	0.964721824663912
0.0128065635174818	0.96648563379464
0.0128096869927367	1.00264191508559
0.0128128119919723	0.966461329471066
0.0128159385163042	0.976580338801874
0.0128190665668492	0.931856933911385
0.0128221961447249	0.953184754260614
0.0128253272510504	0.931641141926224
0.0128284598869457	0.97408840635386
0.0128315940535317	0.98451835964892
0.0128347297519307	0.983987117840019
0.0128378669832659	0.993793633676221
0.0128410057486618	1.01448516254462
0.0128441460492437	1.00064395380154
0.0128472878861384	1.00860141573696
0.0128504312604734	0.989878599846676
0.0128535761733776	0.992482131366836
0.0128567226259808	1.03077380693029
0.012859870619414	1.01643964384092
0.0128630201548093	0.985485272209937
0.0128661712333	0.987771589959674
0.0128693238560204	0.996634982047354
0.0128724780241058	0.980728328570541
0.0128756337386929	1.00817405289162
0.0128787910009194	0.998506963001655
0.0128819498119239	1.00871613231387
0.0128851101728463	1.02009752473111
0.0128882720848278	0.997046831193934
0.0128914355490105	0.979674493415913
0.0128946005665375	1.00145916453975
0.0128977671385533	0.969464104355442
0.0129009352662034	0.97083706479827
0.0129041049506344	1.00972277761667
0.0129072761929941	0.968938990646004
0.0129104489944313	1.00981314728532
0.0129136233560961	0.992391614604122
0.0129167992791396	1.01168194024665
0.0129199767647141	0.989193667428244
0.0129231558139731	0.972547591808119
0.012926336428071	0.989956487344941
0.0129295186081635	1.00410719578454
0.0129327023554075	0.932109287093986
0.012935887670961	0.929699309405105
0.0129390745559831	0.953875101900657
0.0129422630116339	0.966998779501329
0.0129454530390749	0.952085525029753
0.0129486446394686	1.00251124176888
0.0129518378139788	1.00028926567552
0.0129550325637702	1.01493223091648
0.0129582288900088	0.982957882805408
0.0129614267938618	0.975622697449223
0.0129646262764974	0.980141962820864
0.0129678273390852	0.991305063487958
0.0129710299827956	0.991889407719994
0.0129742342088004	0.950250278339182
0.0129774400182726	0.938291033041375
0.0129806474123862	0.93084157856753
0.0129838563923164	0.91944429210142
0.0129870669592397	0.93360027139261
0.0129902791143335	0.963731981905533
0.0129934928587767	0.917071972607974
0.012996708193749	0.977054313484302
0.0129999251204317	0.926588125539693
0.0130031436400068	0.960770450903663
0.0130063637536577	0.982953231747883
0.0130095854625692	0.995719421627888
0.0130128087679268	0.981329626974907
0.0130160336709175	0.958876932429491
0.0130192601727295	0.977744016013008
0.0130224882745519	0.974725029035136
0.0130257179775753	0.97590724656357
0.0130289492829912	0.964497139469922
0.0130321821919926	0.991885464047886
0.0130354167057733	0.940455461510712
0.0130386528255286	0.927665856160503
0.0130418905524548	0.972120038554508
0.0130451298877496	0.980322410933801
0.0130483708326117	0.98380231790375
0.013051613388241	0.995224845408932
0.0130548575558386	0.996611904480765
0.0130581033366069	0.949958101642533
0.0130613507317495	0.969981737098516
0.013064599742471	0.927364448442028
0.0130678503699773	0.971896536455114
0.0130711026154757	0.969359943029266
0.0130743564801744	0.97437302101025
0.013077611965283	0.952599729741658
0.0130808690720121	0.957868634544023
0.0130841278015738	0.968425197466192
0.0130873881551812	0.971739482442692
0.0130906501340486	1.01157138540476
0.0130939137393917	0.970795938744219
0.0130971789724271	0.957799636675423
0.013100445834373	0.977988954822866
0.0131037143264485	0.925884588387246
0.013106984449874	0.997751565871034
0.0131102562058713	0.963767119166812
0.0131135295956631	0.96060222321442
0.0131168046204735	0.953402508367009
0.0131200812815279	0.992738606168366
0.0131233595800529	0.988049113764013
0.0131266395172761	1.02771511908275
0.0131299210944266	0.998236201030467
0.0131332043127346	1.02244945834404
0.0131364891734315	0.92900555010084
0.01313977567775	0.975403704666348
0.0131430638269241	0.951884839150678
0.0131463536221889	1.00180047388001
0.0131496450647808	0.926345149513267
0.0131529381559374	1.00108858643206
0.0131562328968976	0.982788556920309
0.0131595292889015	0.976616745807571
0.0131628273331905	0.989839130217123
0.0131661270310072	0.955796100672206
0.0131694283835953	0.996956253271732
0.0131727313922	0.966687898900778
0.0131760360580677	0.973477269589126
0.0131793423824459	0.937218075159059
0.0131826503665835	0.947247246815949
0.0131859600117306	0.946340704192795
0.0131892713191386	0.946619183632351
0.0131925842900599	0.963804018498714
0.0131958989257487	0.963449202749778
0.0131992152274598	1.01559168399821
0.0132025331964499	0.977835730239564
0.0132058528339764	0.977483441587998
0.0132091741412984	0.978012581458555
0.013212497119676	0.95279617450507
0.0132158217703707	1.00831769951195
0.0132191480946453	0.943467780573591
0.0132224760937636	0.960132223081158
0.0132258057689911	0.953305403943436
0.0132291371215942	0.912642791782872
0.0132324701528407	0.940529718773828
0.0132358048639999	1.0007098548377
0.013239141256342	0.986688996861329
0.0132424793311387	1.00523619627737
0.013245819089663	1.00101058848206
0.013249160533189	1.01425239324312
0.0132525036629924	0.964932715507781
0.0132558484803499	1.01077765908606
0.0132591949865397	0.999129829071847
0.013262543182841	0.990272973472961
0.0132658930705346	1.00743921234053
0.0132692446509025	1.0154970069884
0.0132725979252279	1.00305147800898
0.0132759528947954	1.00380992344308
0.0132793095608908	0.985006742620741
0.0132826679248014	0.959699716770429
0.0132860279878155	0.971516198981694
0.0132893897512231	0.975185434172005
0.013292753216315	1.00944706076613
0.0132961183843838	1.00106375114508
0.0132994852567231	0.976663763354955
0.0133028538346279	0.963434286364576
0.0133062241193945	0.932429915776655
0.0133095961123206	0.949849418365025
0.0133129698147052	0.972029743162648
0.0133163452278484	0.961943412642977
0.0133197223530519	0.981253483666871
0.0133231011916186	0.954010854420884
0.0133264817448527	0.987232360973092
0.0133298640140597	0.981102514283418
0.0133332480005466	0.972080851730063
0.0133366337056215	0.933945327854575
0.0133400211305939	0.993060038876258
0.0133434102767748	0.983282100951081
0.0133468011454763	0.96607623664405
0.013350193738012	0.95697327932996
0.0133535880556967	0.985241615721886
0.0133569840998466	0.941000695870567
0.0133603818717793	1.02772943265433
0.0133637813728136	0.96162586820078
0.0133671826042698	0.973998987037217
0.0133705855674695	0.962013425782754
0.0133739902637355	0.950657400505619
0.0133773966943922	0.987667174193862
0.0133808048607651	0.971540137980491
0.0133842147641813	1.02677218355325
0.013387626405969	0.989905359430939
0.0133910397874579	0.976514946097065
0.013394454909979	0.964332843279571
0.0133978717748648	1.00303394045219
0.0134012903834489	1.00947613655751
0.0134047107370665	1.00476281831605
0.0134081328370541	0.954915826869099
0.0134115566847495	0.984443232756378
0.0134149822814919	0.982242045693989
0.0134184096286218	0.957851126215532
0.0134218387274813	0.981803700913893
0.0134252695794136	0.963413888348638
0.0134287021857635	1.01982012936583
0.0134321365478769	0.970927952483819
0.0134355726671014	0.992656025815029
0.0134390105447857	0.97067701880413
0.0134424501822801	0.97537505989375
0.0134458915809361	1.0040249822682
0.0134493347421068	0.934405962721173
0.0134527796671464	1.0010382841815
0.0134562263574108	0.914204276415717
0.013459674814257	0.962101663833677
0.0134631250390435	0.926252296036432
0.0134665770331304	0.994619766939833
0.0134700307978789	0.95258272920917
0.0134734863346517	0.957294815739654
0.0134769436448129	0.975646318945419
0.0134804027297281	0.979315775447373
0.0134838635907641	0.969995187018959
0.0134873262292893	0.950911466222069
0.0134907906466734	1.00205985198166
0.0134942568442876	0.992282336415768
0.0134977248235042	0.950507758728862
0.0135011945856974	0.954939178980034
0.0135046661322425	0.952100734923173
0.0135081394645162	0.988855243106545
0.0135116145838968	0.981802766389993
0.0135150914917639	0.989989471979657
0.0135185701894984	1.00587176612974
0.0135220506784829	0.99519752785769
0.0135255329601013	0.971485191234199
0.0135290170357387	0.9793327310493
0.0135325029067821	1.00417153735706
0.0135359905746195	1.02511605485508
0.0135394800406406	0.987755751774131
0.0135429713062363	1.01566608045319
0.0135464643727992	1.00044418308838
0.0135499592417231	0.985518536617021
0.0135534559144034	1.0061172880836
0.0135569543922368	0.960647358538345
0.0135604546766216	1.00282225313502
0.0135639567689575	0.972497136935529
0.0135674606706455	1.03121648337589
0.0135709663830883	0.975030547688666
0.0135744739076897	1.02867754846117
0.0135779832458554	0.98015787211315
0.0135814943989922	1.01935662279474
0.0135850073685085	0.969490227458401
0.0135885221558141	1.02186700708344
0.0135920387623203	0.969925407818632
0.0135955571894399	0.942515020082685
0.0135990774385871	0.978434669582972
0.0136025995111775	0.987304123481706
0.0136061234086283	1.0083553617865
0.0136096491323582	0.990094744539493
0.0136131766837871	0.964264519152624
0.0136167060643367	0.96360913453047
0.01362023727543	0.970767190562693
0.0136237703184916	0.992415738170896
0.0136273051949473	0.956598649232005
0.0136308419062247	1.00075625288191
0.0136343804537527	0.932887295898864
0.0136379208389618	0.9943446358954
0.0136414630632838	0.915314398057015
0.0136450071281523	0.964956851920212
0.013648553035002	0.947701171966755
0.0136521007852694	0.984999248095189
0.0136556503803923	0.955825471613859
0.0136592018218102	1.03163070231598
0.013662755110964	0.939375321207424
0.0136663102492959	0.949251321866784
0.0136698672382499	0.994592472430254
0.0136734260792714	1.00349599565209
0.0136769867738072	0.97810091614141
0.0136805493233058	0.991545892345816
0.0136841137292171	0.98059591904206
0.0136876799929924	1.00195946822776
0.0136912481160848	1.02130463536172
0.0136948180999486	1.01797087529764
0.0136983899460398	0.959081062783158
0.013701963655816	0.993416984961767
0.013705539230736	0.982302657928726
0.0137091166722605	0.937903157186853
0.0137126959818515	0.972922015804342
0.0137162771609726	0.966296500755963
0.0137198602110888	0.947430324236776
0.0137234451336669	0.995958850640816
0.013727031930175	0.997725979864023
0.0137306206020828	1.01489607598113
0.0137342111508615	1.00049660605063
0.013737803577984	1.00456779524499
0.0137413978849246	1.02512585981655
0.0137449940731591	0.987455048900918
0.013748592144165	1.0084042760681
0.0137521920994212	0.988419008546749
0.0137557939404083	0.990052883635305
0.0137593976686082	0.989564214867529
0.0137630032855047	0.969707030164371
0.0137666107925829	0.987775575410686
0.0137702201913295	0.986504328351766
0.0137738314832329	0.979967099807601
0.0137774446697828	0.957045501152457
0.0137810597524707	0.920143985395951
0.0137846767327896	1.01268936443054
0.013788295612234	1.02194176926621
0.0137919163923	0.989873560377658
0.0137955390744854	0.970710173584708
0.0137991636602894	0.983452036354391
0.0138027901512129	1.00759052542285
0.0138064185487582	0.971501848157903
0.0138100488544294	0.96046511892218
0.013813681069732	1.02850486386782
0.0138173151961733	1.00218230148423
0.0138209512352619	0.996431492632811
0.0138245891885083	0.996479044162256
0.0138282290574242	1.0042518217042
0.0138318708435234	0.994269549933396
0.0138355145483208	1.00261923229113
0.0138391601733333	0.982116636200977
0.0138428077200791	0.98726167083069
0.0138464571900781	1.00973982465227
0.0138501085848519	0.944831890569533
0.0138537619059236	0.981241868953866
0.0138574171548179	0.955937923137226
0.0138610743330611	0.997784406162935
0.0138647334421813	0.970267385552182
0.013868394483708	1.00421939267329
0.0138720574591724	0.996076119312007
0.0138757223701072	0.964670171906793
0.0138793892180469	0.99843116024593
0.0138830580045276	0.980990011312725
0.0138867287310869	0.985079534219104
0.0138904013992641	0.997340393760638
0.0138940760106001	0.975176106619859
0.0138977525666375	0.983483134982125
0.0139014310689206	0.986072191970053
0.013905111518995	0.927482151702122
0.0139087939184083	0.936522320618706
0.0139124782687095	0.926087255087715
0.0139161645714495	0.996379707363238
0.0139198528281806	0.965527268626459
0.0139235430404569	0.968928268449153
0.0139272352098339	0.982935266521511
0.0139309293378691	0.956448248815946
0.0139346254261215	0.942545096825581
0.0139383234761516	0.960353806111957
0.0139420234895218	0.942667935409362
0.013945725467796	0.967049647455988
0.0139494294125399	0.885626925993993
0.0139531353253208	0.908893808509979
0.0139568432077075	0.91333133184466
0.0139605530612707	0.938726738888308
0.0139642648875827	0.934020942723594
0.0139679786882175	0.973463405643756
0.0139716944647506	0.966445172203726
0.0139754122187594	0.960613898921682
0.0139791319518229	0.961273323591668
0.0139828536655218	0.96734961833145
0.0139865773614384	0.937809122832575
0.0139903030411567	0.977017720847029
0.0139940307062626	0.942091381412216
0.0139977603583433	0.992062570184766
0.014001491998988	0.992210790521513
0.0140052256297876	0.943559646887943
0.0140089612523345	0.970628700492614
0.014012698868223	0.992284087778324
0.0140164384790489	0.928328858012854
0.0140201800864098	0.98802751707408
0.0140239236919051	0.959227482482801
0.0140276692971359	0.932603810668699
0.0140314169037047	0.929630797603633
0.0140351665132162	0.960165167425155
0.0140389181272764	0.946066490705243
0.0140426717474932	0.991637620934616
0.0140464273754763	1.01134555074238
0.0140501850128369	0.986009656608831
0.0140539446611881	0.98590449810088
0.0140577063221448	1.00615417939386
0.0140614699973233	0.954897555488086
0.014065235688342	0.948214747589088
0.0140690033968208	1.00392161080663
0.0140727731243814	0.999993513139412
0.0140765448726473	0.988773582641645
0.0140803186432437	0.974006433287755
0.0140840944377974	0.981345352198877
0.0140878722579372	0.942708352873286
0.0140916521052935	0.988330332821305
0.0140954339814984	0.996513982920838
0.014099217888186	1.00007660440462
0.0141030038269918	1.00823066858605
0.0141067917995533	0.995203267510854
0.0141105818075098	1.02565481899658
0.0141143738525021	0.934170451368748
0.014118167936173	0.970564196553239
0.014121964060167	0.834484020538032
0.0141257622261304	0.968475992632204
0.0141295624357112	0.865587951362514
0.0141333646905591	0.961931563660553
0.0141371689923259	0.91617263837903
0.0141409753426648	0.984429735116793
0.014144783743231	0.971778934396912
0.0141485941956814	0.921738061753666
0.0141524067016747	0.969103466339365
0.0141562212628715	0.953712091828023
0.014160037880934	1.00003550458062
0.0141638565575263	0.996989895067519
0.0141676772943143	0.995468182329991
0.0141715000929657	0.982894781231399
0.01417532495515	0.984856388227617
0.0141791518825383	0.997994461573891
0.0141829808768039	0.968799270577659
0.0141868119396216	0.923990738912617
0.0141906450726681	0.97508951762205
0.014194480277622	0.94759406375705
0.0141983175561636	0.934813641789044
0.0142021569099749	0.920978380378219
0.0142059983407401	0.980882463562014
0.0142098418501448	0.944656712137637
0.0142136874398768	0.998091117171152
0.0142175351116254	1.01470625531389
0.0142213848670819	1.04586090301568
0.0142252367079395	1.02678082534923
0.0142290906358931	0.973288013631144
0.0142329466526394	0.968565099888293
0.0142368047598771	0.9894896390241
0.0142406649593066	0.971395749572008
0.0142445272526302	0.988221747273676
0.0142483916415522	1.00216133267353
0.0142522581277785	0.988615203063671
0.0142561267130169	0.958325048271553
0.0142599973989772	1.02447316583593
0.0142638701873709	0.962857718978899
0.0142677450799115	0.965097270006412
0.0142716220783142	0.996618878458131
0.0142755011842963	0.985689285018338
0.0142793823995767	0.961732182854656
0.0142832657258763	0.983839511141369
0.0142871511649179	0.981391656768698
0.0142910387184261	0.989744147107149
0.0142949283881275	1.00207046235111
0.0142988201757504	0.981524044461582
0.0143027140830251	0.985931783381463
0.0143066101116838	0.994110571407462
0.0143105082634606	0.976733809503768
0.0143144085400914	1.01898999798432
0.014318310943314	0.993718002781128
0.0143222154748681	0.95563772834746
0.0143261221364954	0.979354688583747
0.0143300309299395	0.991417486257526
0.0143339418569457	1.04136726457604
0.0143378549192614	1.00131254321961
0.0143417701186359	0.970332580326195
0.0143456874568202	0.952206623199516
0.0143496069355676	0.990837542492594
0.0143535285566329	1.01288658805733
0.0143574523217731	0.979311735273988
0.014361378232747	0.970617640689692
0.0143653062913154	0.968180056488722
0.0143692364992409	0.992526984716527
0.0143731688582882	0.969036519176032
0.0143771033702238	1.00676549816644
0.0143810400368162	0.998291024737995
0.0143849788598358	0.949487991158124
0.014388919841055	0.957598963581376
0.014392862982248	0.953058068198101
0.0143968082851912	0.966637217851154
0.0144007557516626	0.958861247666256
0.0144047053834425	0.999330586147163
0.0144086571823129	0.992585467802122
0.0144126111500579	0.947142313511487
0.0144165672884636	0.914580370890367
0.0144205255993178	1.01877064313231
0.0144244860844105	0.921757837202579
0.0144284487455337	1.00189615539898
0.0144324135844812	0.972044241291885
0.0144363806030488	0.983297270229835
0.0144403498030344	0.933022758563626
0.0144443211862378	0.913534628809386
0.0144482947544607	0.928332710201451
0.0144522705095069	0.966214763356688
0.0144562484531822	0.951447202602047
0.0144602285872943	0.963848911637691
0.0144642109136529	0.971475331185121
0.0144681954340698	0.95458613962371
0.0144721821503586	0.996987448299851
0.0144761710643352	1.00064969599242
0.0144801621778172	1.00451875250555
0.0144841554926243	1.02927229581303
0.0144881510105783	0.989866416702944
0.0144921487335029	0.98623312242498
0.0144961486632239	0.973749668845665
0.0145001508015691	0.986994970229288
0.0145041551503683	0.95308073120386
0.0145081617114532	0.925026590748003
0.0145121704866577	0.952654974091087
0.0145161814778177	0.933378065635337
0.0145201946867712	0.996238279869753
0.0145242101153579	1.0212421278263
0.0145282277654199	0.971542346323967
0.0145322476388012	1.01654751748878
0.0145362697373478	1.00981118650097
0.0145402940629079	0.984248850351362
0.0145443206173316	1.01356788565581
0.014548349402471	0.945564891986349
0.0145523804201804	0.994573625693667
0.0145564136723161	0.983590331106518
0.0145604491607365	0.965847165727283
0.014564486887302	0.979170269648602
0.014568526853875	0.981900242936145
0.0145725690623201	1.0228958803305
0.014576613514504	1.01438278541912
0.0145806602122952	0.979148973431646
0.0145847091575647	1.00385989855217
0.0145887603521852	0.979977238782411
0.0145928137980316	1.01586540639748
0.014596869496981	0.980518653736414
0.0146009274509125	0.954067523283321
0.0146049876617072	0.976230462619017
0.0146090501312485	0.853642255815988
0.0146131148614217	0.960931541217058
0.0146171818541143	0.878099071462967
0.0146212511112159	0.973765414114232
0.0146253226346181	0.947266723179645
0.0146293964262148	0.940973960614972
0.0146334724879019	0.997751541313799
0.0146375508215773	0.954521989785622
0.0146416314291412	0.9825018866158
0.0146457143124959	0.998407739604966
0.0146497994735456	0.99773641611748
0.014653886914197	1.01290418171973
0.0146579766363587	0.971760771541749
0.0146620686419414	1.02782385832116
0.014666162932858	0.993005725773715
0.0146702595110235	0.960536043447919
0.0146743583783551	0.987465135359528
0.0146784595367721	0.998721749218221
0.0146825629881961	0.976664023319387
0.0146866687345505	0.998087713593127
0.0146907767777611	0.938368752314858
0.0146948871197559	0.971870727812291
0.014698999762465	0.959848356294176
0.0147031147078206	1.01493680421241
0.014707231957757	0.956119995633251
0.0147113515142108	1.00849079679205
0.0147154733791209	1.02286755787824
0.014719597554428	0.972809448318321
0.0147237240420754	0.978624794302191
0.0147278528440082	0.976572742116503
0.0147319839621738	0.964663965414308
0.0147361173985221	0.97898945981816
0.0147402531550046	1.00247631190424
0.0147443912335756	0.999769301226675
0.0147485316361912	1.00015023072887
0.0147526743648097	0.949416376985972
0.0147568194213919	0.962057707601749
0.0147609668079005	0.948170209729676
0.0147651165263005	0.901500192056115
0.0147692685785592	0.951582376944943
0.014773422966646	0.973646257375446
0.0147775796925326	1.00662125003723
0.0147817387581929	0.988975197425236
0.014785900165603	1.00130049058883
0.0147900639167411	0.987731654083845
0.0147942300135879	0.99346124895399
0.0147983984581261	0.971523130883971
0.0148025692523409	0.960950061315125
0.0148067423982193	1.01957787503584
0.014810917897751	0.968100448065359
0.0148150957529278	1.02426175658182
0.0148192759657435	1.02652602656451
0.0148234585381944	1.01215051518713
0.0148276434722791	0.99838425595868
0.0148318307699984	0.982106084660326
0.0148360204333551	0.97104313944652
0.0148402124643547	0.957146538726261
0.0148444068650047	0.983282090208075
0.0148486036373148	0.993593427287514
0.0148528027832973	1.01473748489886
0.0148570043049665	0.985128273555672
0.0148612082043389	0.965236469144194
0.0148654144834337	0.933149902590319
0.0148696231442719	0.957982332119598
0.0148738341888772	0.976812099555786
0.0148780476192752	0.939141578067462
0.0148822634374942	0.981952910102686
0.0148864816455645	0.984555532995581
0.0148907022455188	0.953558832444658
0.0148949252393922	1.0261466228393
0.0148991506292218	0.909123453443842
0.0149033784170475	0.996884850536381
0.0149076086049111	0.99336658796146
0.0149118411948569	0.944088113360411
0.0149160761889315	0.99666977693041
0.0149203135891838	0.97594816615148
0.014924553397665	0.950825708634783
0.0149287956164288	0.938372825686206
0.014933040247531	0.984642738327428
0.0149372872930299	0.940635559671902
0.014941536754986	0.997712290309138
0.0149457886354624	0.946643165594022
0.0149500429365242	0.96151286596062
0.0149542996602392	0.98544376480258
0.0149585588086774	0.998022167955039
0.014962820383911	0.986659936634218
0.0149670843880148	0.985927320649834
0.0149713508230659	0.985600469884575
0.0149756196911438	0.991701815174451
0.0149798909943302	0.963901628402312
0.0149841647347093	0.992249788421203
0.0149884409143678	0.946635380530252
0.0149927195353946	0.9284750297669
0.014997000599881	0.994755696416598
0.0150012841099208	0.974398673259126
0.01500557006761	0.998957992920152
0.0150098584750474	0.943284289103037
0.0150141493343336	0.951605190036866
0.0150184426475722	0.954354278041977
0.0150227384168687	0.99511663057113
0.0150270366443314	0.974261191687947
0.0150313373320709	1.01425333333544
0.0150356404822	0.966166028268459
0.0150399460968341	0.978504245724403
0.0150442541780912	1.0068777297661
0.0150485647280915	1.00403786597096
0.0150528777489575	0.971467377244376
0.0150571932428145	0.932820391208877
0.0150615112117899	0.937095563050438
0.0150658316580138	0.996901150460817
0.0150701545836186	1.01855368994972
0.0150744799907392	0.987888167510034
0.0150788078815129	1.03674702864534
0.0150831382580795	0.95986808238483
0.0150874711225812	0.9643852904951
0.0150918064771628	0.9635454153542
0.0150961443239715	0.847244946428317
0.0151004846651568	0.964772762981007
0.0151048275028709	0.894183946290847
0.0151091728392684	0.975196872173097
0.0151135206765064	1.00919548456848
0.0151178710167443	0.943120021635673
0.0151222238621444	0.980958382420838
0.015126579214871	0.997085064144336
0.0151309370770913	1.01112530217689
0.0151352974509747	1.00479420844673
0.0151396603386934	0.996866097542032
0.0151440257424217	1.02028615034813
0.0151483936643368	1.02040195808206
0.0151527641066183	0.982790208194639
0.0151571370714481	0.955581300221414
0.0151615125610109	0.969563919154418
0.0151658905774938	0.966178023213995
0.0151702711230865	0.947059927371032
0.0151746541999811	0.951487728390275
0.0151790398103723	0.975879426462947
0.0151834279564574	0.988695285504173
0.0151878186404361	0.976577462716759
0.0151922118645108	1.00671527928291
0.0151966076308864	1.00214408955984
0.0152010059417702	0.986418275121498
0.0152054067993724	0.985464162669112
0.0152098102059053	1.01145241053525
0.0152142161635843	0.97160345369409
0.0152186246746268	0.953368179864756
0.0152230357412533	0.963469028772835
0.0152274493656864	1.01710466206482
0.0152318655501516	0.997292018098157
0.015236284296877	0.99126579222665
0.015240705608093	0.949275557918385
0.0152451294860328	0.959923269321442
0.0152495559329323	0.947973100994454
0.0152539849510296	1.02275442284929
0.0152584165425659	0.980843146170058
0.0152628507097846	0.996406655393302
0.015267287454932	0.983147683122386
0.0152717267802568	1.02104214897364
0.0152761686880103	0.989251345001398
0.0152806131804467	1.00212570578524
0.0152850602598226	1.01297925677853
0.0152895099283972	1.00264726611089
0.0152939621884324	1.00723283192976
0.0152984170421929	1.00738515376014
0.0153028744919456	1.01584254795545
0.0153073345399605	0.994421056570463
0.0153117971885101	0.981289538724544
0.0153162624398694	0.991766136906465
0.0153207302963162	0.968549947651987
0.015325200760131	0.985515142521762
0.0153296738335968	0.976759099549157
0.0153341495189995	0.945674267151968
0.0153386278186273	0.979838607437628
0.0153431087347715	0.946393759238104
0.0153475922697258	0.988663259065704
0.0153520784257867	0.966063164444841
0.0153565672052533	0.97021361513828
0.0153610586104274	0.996274288154595
0.0153655526436137	0.963094365302175
0.0153700493071192	0.937844760671464
0.0153745486032541	1.00390822427714
0.0153790505343308	0.963410603364711
0.0153835551026648	0.976176903961771
0.015388062310574	0.984152659055456
0.0153925721603794	0.966434836226228
0.0153970846544043	0.988210864691807
0.015401599794975	0.980760467125625
0.0154061175844204	0.9925404607716
0.0154106380250723	0.961899237182494
0.0154151611192651	0.942292365863648
0.0154196868693359	0.925634772038896
0.0154242152776246	0.977348991817087
0.015428746346474	0.989568096970592
0.0154332800782293	0.990918449691075
0.0154378164752388	1.00117161284591
0.0154423555398535	0.970752829823905
0.015446897274427	1.00722478086708
0.0154514416813157	0.937388342058416
0.015455988762879	0.928458952293653
0.0154605385214789	0.893132009867313
0.0154650909594801	1.01193391051945
0.0154696460792502	1.00468184393745
0.0154742038831597	0.940972949777365
0.0154787643735817	0.950633362616501
0.0154833275528922	0.965875261015822
0.0154878934234699	0.963065596670146
0.0154924619876964	0.982077550643565
0.0154970332479561	1.00609903852526
0.0155016072066363	0.993455806838005
0.0155061838661269	0.992134883482551
0.0155107632288209	0.970166641573963
0.0155153452971138	0.946460302593181
0.0155199300734042	0.990546355460317
0.0155245175600934	0.953961143533008
0.0155291077595857	1.02843824912876
0.015533700674288	0.9617942113604
0.0155382963066103	0.96049082462375
0.0155428946589652	0.949491983857686
0.0155474957337683	0.94066595792044
0.0155520995334381	1.01957355591948
0.015556706060396	1.04318477643683
0.015561315317066	1.02755860897203
0.0155659273058753	0.994262817161366
0.0155705420292538	0.996266081687463
0.0155751594896343	0.898410856322571
0.0155797796894525	0.944995440522552
0.015584402631147	0.870142434347455
0.0155890283171593	0.977506223864323
0.0155936567499338	0.992573046011383
0.0155982879319177	0.931714188236978
0.0156029218655614	0.993215149505335
0.0156075585533178	0.955629654537758
0.0156121979976431	0.954451046276128
0.0156168402009961	0.973368980694191
0.0156214851658388	0.988714799373624
0.015626132894636	1.0348646444748
0.0156307833898554	0.990851497551542
0.0156354366539677	0.987439050208408
0.0156400926894465	0.9550792816584
0.0156447514987684	0.976201603740132
0.0156494130844128	0.96795564997261
0.0156540774488624	0.957796279017519
0.0156587445946025	0.966967539304628
0.0156634145241216	0.995184539608929
0.0156680872399109	0.997971795973637
0.0156727627444649	0.974097988621628
0.0156774410402809	0.974654618112904
0.0156821221298592	0.985067760786241
0.015686806015703	0.991776099752613
0.0156914927003188	0.994598058076435
0.0156961821862156	0.969284227363305
0.015700874475906	0.970885511844408
0.015705569571905	0.985646942101173
0.0157102674767311	1.00456535319234
0.0157149681929055	0.975016408659273
0.0157196717229526	0.999862024180808
0.0157243780693998	0.966391719010514
0.0157290872347773	0.967006195901535
0.0157337992216186	0.958232149155576
0.0157385140324603	0.99237725819875
0.0157432316698417	1.00429002827123
0.0157479521363054	0.956744852681828
0.0157526754343969	0.973859578916542
0.015757401566665	0.917061038517732
0.0157621305356614	0.952511706511361
0.0157668623439408	1.01631400993425
0.0157715969940609	1.02836299477357
0.0157763344885829	1.0036401482651
0.0157810748300705	1.02236550112187
0.015785818021091	1.0371787050179
0.0157905640642144	0.999134906190388
0.0157953129620141	1.01832461357224
0.0158000647170662	0.992237099020857
0.0158048193319504	1.01836432336908
0.0158095768092491	0.977322801505223
0.0158143371515481	0.973114699500841
0.015819100361436	0.968087043626727
0.0158238664415048	0.986597928400566
0.0158286353943494	0.992538309480192
0.0158334072225682	1.02402328405422
0.0158381819287623	0.924581465447551
0.0158429595155361	1.0142114070559
0.0158477399854973	1.02487479533736
0.0158525233412565	0.957026019217685
0.0158573095854277	0.950517175824588
0.0158620987206277	0.960990932050887
0.0158668907494769	0.92486059574422
0.0158716856745986	0.969518960635999
0.0158764834986193	1.0105955621441
0.0158812842241687	0.956310212551201
0.0158860878538796	1.0075442469726
0.0158908943903883	0.996564696052016
0.0158957038363339	1.01762305343098
0.0159005161943589	0.97206422142008
0.0159053314671089	0.985833737592607
0.0159101496572329	0.986244678401014
0.0159149707673828	0.952327146127229
0.0159197948002141	0.983677841133382
0.0159246217583852	0.965928267398191
0.0159294516445577	0.981449128316153
0.0159342844613968	0.906614781876184
0.0159391202115707	0.951090525679893
0.0159439588977506	0.986685747592394
0.0159488005226115	1.01671923646078
0.015953645088831	0.997265778992468
0.0159584925990906	0.954263580695398
0.0159633430560746	0.943349455356463
0.0159681964624708	0.959377979270803
0.0159730528209701	0.988905481463584
0.0159779121342667	0.938581794778329
0.0159827744050584	0.946769242586417
0.0159876396360457	0.958317902299705
0.015992507829933	0.972734876737617
0.0159973789894275	0.969045707100737
0.0160022531172401	0.973761620431992
0.0160071302160846	1.00726017689199
0.0160120102886785	1.0231339581973
0.0160168933377423	0.954327623287544
0.0160217793660001	1.01440289996772
0.0160266683761791	0.981610190551817
0.0160315603710099	0.970218208657993
0.0160364553532265	0.971468163122675
0.0160413533255662	0.964505575857367
0.0160462542907695	0.998564977910901
0.0160511582515806	0.983656161411611
0.0160560652107466	0.982658644693945
0.0160609751710184	0.948526677956954
0.01606588813515	0.979287427442739
0.0160708041058987	0.877546780083159
0.0160757230860256	0.936847943340148
0.0160806450782946	0.982083593740091
0.0160855700854734	0.910393109459504
0.0160904981103331	1.00782315361337
0.0160954291556478	0.91869443413103
0.0161003632241955	0.978030501311912
0.0161053003187573	1.02012661930553
0.0161102404421177	1.00264607148002
0.0161151835970648	1.01593898757233
0.0161201297863901	1.00542242402243
0.0161250790128883	0.992587157284376
0.0161300312793578	0.994344563185247
0.0161349865886003	0.993296645438918
0.016139944943421	0.956736657625824
0.0161449063466284	0.974334504841792
0.0161498708010347	0.955264210824586
0.0161548383094555	0.982780438930151
0.0161598088747096	0.937177202373726
0.0161647824996197	0.953540289104884
0.0161697591870115	0.96512976411266
0.0161747389397147	1.01910187033296
0.016179721760562	0.969859652296223
0.0161847076523899	0.967939931574733
0.0161896966180383	0.982769804403771
0.0161946886603506	0.995718637324002
0.0161996837821737	0.984947540744695
0.0162046819863581	0.967203702335652
0.0162096832757577	0.932372799643585
0.0162146876532299	1.01173007322632
0.0162196951216359	1.01569910480048
0.01622470568384	0.952538709891535
0.0162297193427105	0.932070723246802
0.0162347361011189	0.977620474964627
0.0162397559619404	0.958699250636301
0.0162447789280537	0.955691036423564
0.0162498050023411	0.959349741099549
0.0162548341876886	1.03294815023335
0.0162598664869854	1.01772122078638
0.0162649019031248	1.01156620061888
0.0162699404390032	0.99068851130187
0.0162749820975208	1.01732219158165
0.0162800268815815	0.978193746135724
0.0162850747940927	0.998243173984336
0.0162901258379652	0.976702209076663
0.0162951800161138	0.982101124219698
0.0163002373314567	0.954369402708609
0.0163052977869157	0.972722152595767
0.0163103613854163	0.983648192845511
0.0163154281298876	0.949641419467686
0.0163204980232624	1.0065838742107
0.0163255710684771	0.93220071313004
0.0163306472684718	0.954875273167205
0.0163357266261901	1.02990895857748
0.0163408091445794	0.909771908839132
0.0163458948265908	0.938595887692988
0.016350983675179	0.995110039483336
0.0163560756933025	0.954269715460385
0.0163611708839232	0.982252025888051
0.016366269250007	1.00692932024489
0.0163713707945234	0.971816731197422
0.0163764755204455	1.00813756922112
0.0163815834307503	1.00504576539704
0.0163866945284183	0.976091168294691
0.0163918088164339	0.984033116089176
0.0163969262977851	0.965652194559981
0.0164020469754637	1.01630233765099
0.0164071708524652	0.913199338935518
0.016412297931789	0.982516219779471
0.016417428216438	0.909828584934154
0.016422561709419	0.910614518223523
0.0164276984137426	0.991932502608136
0.016432838332423	0.952922630585949
0.0164379814684784	0.968940116157608
0.0164431278249305	0.993373854914854
0.0164482774048051	0.985716093762069
0.0164534302111316	0.957470635665407
0.0164585862469431	0.973594750194441
0.0164637455152769	0.972965509628938
0.0164689080191736	0.958522771340684
0.016474073761678	0.980666893571975
0.0164792427458385	0.964734848011126
0.0164844149747075	0.974708681138045
0.016489590451341	0.996391749295575
0.0164947691787992	0.987511085690333
0.0164999511601457	1.00319837854708
0.0165051363984483	0.979214443612494
0.0165103248967786	0.968574355571721
0.0165155166582119	1.00390392456047
0.0165207116858274	1.01297510663251
0.0165259099827084	1.00396630658784
0.0165311115519419	0.986265436676867
0.0165363163966187	0.948151486617806
0.0165415245198338	0.937871189116101
0.0165467359246857	0.973117195738151
0.0165519506142771	0.973229491256788
0.0165571685917146	0.866249937425688
0.0165623898601086	0.95466930776493
0.0165676144225734	0.973024919150364
0.0165728422822274	0.939889417819811
0.0165780734421927	0.974915598770137
0.0165833079055957	0.966585873776386
0.0165885456755663	0.933234467518942
0.0165937867552388	1.00049256444369
0.0165990311477511	0.958663201971886
0.0166042788562453	1.00031054766955
0.0166095298838673	0.995774092265611
0.0166147842337672	0.964695313105662
0.0166200419090988	0.992481366249675
0.0166253029130202	1.00725133040535
0.0166305672486933	0.978255023115435
0.0166358349192841	0.991791200713265
0.0166411059279625	0.924422286597592
0.0166463802779025	0.939861897792237
0.0166516579722821	0.964731053471897
0.0166569390142835	0.954834314994043
0.0166622234070926	1.00667467905278
0.0166675111538996	0.997359029436766
0.0166728022578987	1.00223580686041
0.0166780967222881	0.960457191283465
0.0166833945502702	0.960937661961059
0.0166886957450513	0.985478187785526
0.0166940003098418	1.01775382414525
0.0166993082478563	1.00921195599461
0.0167046195623134	1.00763475373862
0.0167099342564358	0.981172276146789
0.0167152523334504	0.918719673976627
0.016720573796588	1.0081273243039
0.0167258986490838	0.991042722087168
0.0167312268941768	0.941181715328964
0.0167365585351104	0.976198852933414
0.0167418935751321	0.960064620345599
0.0167472320174933	0.998360929542065
0.0167525738654498	1.00911070951078
0.0167579191222615	0.971317420931624
0.0167632677911925	0.982343740266298
0.0167686198755109	0.999144442511516
0.0167739753784891	0.974255678314623
0.0167793343034037	0.971336735875355
0.0167846966535355	0.957786861748132
0.0167900624321693	0.960021778155444
0.0167954316425943	1.01761243368222
0.016800804288104	1.01295266546966
0.0168061803719958	0.965320024067921
0.0168115598975717	0.934702360908267
0.0168169428681375	0.983602636401869
0.0168223292870035	1.00218587980102
0.0168277191574844	0.948555516313119
0.0168331124828987	0.970501076431779
0.0168385092665695	0.965654937611141
0.0168439095118242	0.98026973237359
0.0168493132219942	0.991132209959967
0.0168547204004154	0.982309286504576
0.0168601310504278	0.977158455494788
0.0168655451753758	1.00683206755203
0.0168709627786082	1.02607146975118
0.0168763838634779	0.94243750352742
0.0168818084333423	0.972307507043608
0.0168872364915629	0.988780733739743
0.0168926680415057	0.987179838268952
0.016898103086541	0.944421357998688
0.0169035416300435	0.981896333364944
0.0169089836753919	0.973067810857304
0.0169144292259698	1.01770131291327
0.0169198782851647	0.979924229751885
0.0169253308563687	0.991262076307561
0.0169307869429782	0.952380147916718
0.0169362465483941	1.00663817581742
0.0169417096760214	1.01232167189213
0.0169471763292698	0.977879591547961
0.0169526465115533	0.974054495185071
0.0169581202262903	0.974746642510994
0.0169635974769035	1.00133328471053
0.0169690782668202	0.982414424033419
0.0169745625994721	0.96944157406913
0.0169800504782952	0.982725972300387
0.0169855419067301	1.0316696309512
0.0169910368882219	0.974088718403754
0.0169965354262198	0.96476200944173
0.017002037524178	0.996308159170133
0.0170075431855548	1.02272516063923
0.017013052413813	1.02851501308402
0.01701856521242	0.934100522653465
0.0170240815848478	0.994701871119821
0.0170296015345726	0.98967536815273
0.0170351250650753	0.909143660226314
0.0170406521798414	0.957305108755977
0.0170461828823606	0.974676753226101
0.0170517171761276	0.950772093758057
0.0170572550646413	1.00752179690351
0.0170627965514052	0.986360444433914
0.0170683416399274	0.976065994740177
0.0170738903337206	1.03835077440879
0.0170794426363019	1.01120741249581
0.0170849985511932	0.977830440591195
0.017090558081921	1.02406933337158
0.017096121232016	0.966902185550905
0.017101688005014	0.97065776336839
0.017107258404455	0.992821493950663
0.017112832433884	0.96693369535921
0.0171184100968502	1.00634227918922
0.0171239913969078	0.988339517865485
0.0171295763376155	1.00235003177396
0.0171351649225365	0.948230356967405
0.0171407571552388	0.971535947314357
0.0171463530392951	0.936618978066965
0.0171519525782826	0.999310019704476
0.0171575557757834	0.996288091780863
0.0171631626353841	0.976120358363452
0.0171687731606761	0.944264825402404
0.0171743873552554	0.989502397686612
0.0171800052227227	0.996746394373138
0.0171856267666835	0.971757776239655
0.0171912519907481	0.982802228191513
0.0171968808985313	1.03271024361551
0.0172025134936527	0.971892968553258
0.0172081497797368	1.00249307601708
0.0172137897604127	0.957913029813943
0.0172194334393143	0.95286420695671
0.0172250808200803	0.964164049340009
0.0172307319063542	0.953898709182177
0.017236386701784	0.97678554148951
0.017242045210023	1.02598525572981
0.0172477074347289	0.973122431304894
0.0172533733795643	0.999727967353321
0.0172590430481966	0.979729955663721
0.0172647164442982	1.0091213259417
0.0172703935715461	0.95988519172826
0.0172760744336223	1.03948309750229
0.0172817590342135	0.993102367182951
0.0172874473770113	0.989425335356353
0.0172931394657123	0.994487635313378
0.0172988353040178	0.982308401757786
0.017304534895634	0.992132011952793
0.0173102382442721	0.98739310058362
0.0173159453536481	0.989944480503444
0.017321656227483	0.946870386400381
0.0173273708695024	0.97703322869564
0.0173330892834373	1.00950704697522
0.0173388114730233	0.978088302681785
0.017344537442001	0.987071073085673
0.0173502671941159	0.978442563484102
0.0173560007331186	1.01656252907899
0.0173617380627645	0.958604625797897
0.0173674791868141	0.993975976554746
0.0173732241090327	0.99564656158314
0.0173789728331908	1.00107277984265
0.0173847253630637	0.927315119655348
0.0173904817024319	0.937130791212565
0.0173962418550807	1.01943615584236
0.0174020058248005	0.962090830733972
0.0174077736153868	0.965994382089711
0.01741354523064	0.951800999913192
0.0174193206743657	0.913072296659682
0.0174250999503744	0.984459332375821
0.0174308830624818	0.974777881987583
0.0174366700145084	0.922241477982361
0.0174424608102802	0.937377872111269
0.0174482554536278	0.961695062161571
0.0174540539483874	1.01371483248108
0.0174598562983998	0.954276818196582
0.0174656625075113	0.952852006785398
0.0174714725795732	0.965980055395507
0.0174772865184417	0.957955577259986
0.0174831043279786	0.947210623410433
0.0174889260120503	0.986467998633996
0.0174947515745287	0.997545997763906
0.0175005810192909	0.984442419088117
0.017506414350219	0.948738581564946
0.0175122515712003	0.980187092873305
0.0175180926861273	1.02600813027579
0.0175239376988978	0.945065370490256
0.0175297866134146	0.952069907616626
0.0175356394335859	0.97212194101199
0.0175414961633251	0.943928921130886
0.0175473568065506	0.993315356612187
0.0175532213671864	0.988625025119876
0.0175590898491615	1.00675843663938
0.0175649622564102	0.947999261401597
0.0175708385928721	1.00816794840054
0.0175767188624921	1.00398592826263
0.0175826030692203	1.00174479967959
0.0175884912170121	0.991550083717693
0.0175943833098283	1.00768191954155
0.017600279351635	0.992367142308166
0.0176061793464034	0.983000793360063
0.0176120832981103	0.990300104784771
0.0176179912107376	0.997514679376871
0.0176239030882729	0.969037169343704
0.0176298189347087	0.898642430155781
0.0176357387540432	1.02328934459206
0.0176416625502798	1.01578162480928
0.0176475903274274	0.970154180275066
0.0176535220895002	0.988315785587561
0.0176594578405178	0.913114190645714
0.0176653975845053	0.962594680669769
0.0176713413254931	1.02929006039009
0.017677289067517	1.0203550950954
0.0176832408146185	0.977166134033139
0.0176891965708442	0.97416469607772
0.0176951563402464	0.982600536906266
0.0177011201268827	1.01285188885098
0.0177070879348163	0.947470694666311
0.0177130597681159	1.01415870827916
0.0177190356308555	0.980813469703729
0.0177250155271147	0.957528888829565
0.0177309994609787	1.00679845503889
0.0177369874365382	1.00250867879623
0.0177429794578892	0.984729678393588
0.0177489755291336	1.01247804658413
0.0177549756543785	0.984451528259151
0.0177609798377368	1.00470566454552
0.0177669880833268	0.998567152822164
0.0177730003952726	0.916987192840877
0.0177790167777036	1.00103775752972
0.017785037234755	1.01955868584238
0.0177910617705676	0.968819880157615
0.0177970903892875	0.99066425935043
0.0178031230950669	1.01151104091246
0.0178091598920633	0.983917080714213
0.01781520078444	0.974985015264329
0.0178212457763658	0.999418805572228
0.0178272948720154	0.979925548220558
0.0178333480755688	0.997568400333465
0.0178394053912121	1.05511502874956
0.0178454668231368	0.975656265399932
0.0178515323755402	1.00068010121571
0.0178576020526253	0.960428852708156
0.0178636758586008	1.01982551039817
0.0178697537976812	0.959210508703527
0.0178758358740866	0.984848492280697
0.0178819220920429	1.02798680070446
0.0178880124557819	1.01077250201614
0.017894106969541	0.951736853019509
0.0179002056375635	0.969771624553369
0.0179063084640982	0.954918423781675
0.0179124154534001	0.975222234887695
0.0179185266097298	1.00377303447369
0.0179246419373537	0.982923661098386
0.0179307614405441	0.980972817121932
0.017936885123579	0.937622544547994
0.0179430129907425	0.997927256062146
0.0179491450463242	0.942383524730841
0.01795528129462	0.98528159033273
0.0179614217399312	0.968248263289718
0.0179675663865654	0.933985954810986
0.0179737152388358	0.968985036519287
0.0179798683010618	0.984433560752816
0.0179860255775683	0.972803664448777
0.0179921870726866	0.953945263933627
0.0179983527907537	1.01399754069721
0.0180045227361124	0.978243706628338
0.0180106969131117	0.920666655246335
0.0180168753261065	0.964000575879625
0.0180230579794577	0.99586723960169
0.018029244877532	1.00722257319319
0.0180354360247024	0.967326491908162
0.0180416314253477	0.975561797640153
0.0180478310838527	1.00863459356193
0.0180540350046085	0.969850287519658
0.0180602431920118	0.955998218351139
0.0180664556504657	1.00431815542858
0.0180726723843794	0.989780707500991
0.0180788933981677	0.974035318995571
0.0180851186962521	1.02484874949433
0.0180913482830598	1.04628715011684
0.0180975821630241	0.976552633076747
0.0181038203405846	1.02006281732048
0.018110062820187	0.951559259949786
0.0181163096062829	0.962418019159552
0.0181225607033304	0.998361006173938
0.0181288161157935	0.962519045125903
0.0181350758481423	0.956417113770712
0.0181413399048534	1.006257415597
0.0181476082904093	0.979627899731969
0.0181538810092988	0.986857136145076
0.0181601580660169	1.00755798694713
0.0181664394650648	0.996247574302023
0.0181727252109501	1.00667781423709
0.0181790153081863	0.940825185362184
0.0181853097612934	0.965461729207037
0.0181916085747977	1.01072836746456
0.0181979117532316	1.0241754177609
0.0182042193011338	0.935248273223135
0.0182105312230495	0.934646035297772
0.01821684752353	0.948910347468104
0.0182231682071329	0.966798658999365
0.0182294932784223	0.957825861304877
0.0182358227419686	1.01415501138333
0.0182421566023483	0.975255475693361
0.0182484948641447	1.00283007163281
0.018254837531947	0.948717532371019
0.0182611846103512	0.942187406552212
0.0182675361039594	1.01644999147688
0.0182738920173803	1.02211888499596
0.0182802523552288	1.00887877282884
0.0182866171221264	1.00527371460775
0.0182929863227011	0.964634157977531
0.0182993599615871	0.999164575581196
0.0183057380434252	0.964363808278443
0.0183121205728628	0.989357776541351
0.0183185075545536	0.966529963386381
0.0183248989931578	0.994999777857904
0.0183312948933423	0.978478825500365
0.0183376952597802	0.972903794204522
0.0183441000971514	1.00657269494453
0.0183505094101423	0.977747318179998
0.0183569232034457	0.992058255793379
0.0183633414817611	1.00280961065665
0.0183697642497946	0.984216276739109
0.0183761915122587	0.993207340917202
0.0183826232738727	0.981198383748879
0.0183890595393625	1.00142245722435
0.0183955003134604	0.931438418216535
0.0184019456009056	0.973906094992052
0.0184083954064437	0.983615099620242
0.0184148497348272	0.96783511803248
0.0184213085908152	0.975026840520933
0.0184277719791733	0.944017779307344
0.0184342399046739	0.943911737415981
0.0184407123720963	0.982745546828175
0.0184471893862262	0.938434585327532
0.0184536709518562	0.923400177037117
0.0184601570737856	0.932588956511964
0.0184666477568204	0.942445598071668
0.0184731430057735	1.01233723588013
0.0184796428254645	1.0110618690388
0.0184861472207197	0.943646452534073
0.0184926561963724	1.00031926601432
0.0184991697572624	1.00812260748067
0.0185056879082365	0.878854701511535
0.0185122106541485	0.988859718917594
0.0185187379998588	0.962633066362262
0.0185252699502348	0.952930208711762
0.0185318065101506	0.934467532232617
0.0185383476844873	0.989729573393872
0.0185448934781329	0.9645220666008
0.0185514438959824	0.960753426226652
0.0185579989429374	1.00895923522115
0.0185645586239069	1.02857965913157
0.0185711229438063	0.983514841725542
0.0185776919075585	1.02820084779298
0.0185842655200929	1.01947092931948
0.0185908437863462	0.99695716798199
0.0185974267112619	0.988016003127687
0.0186040142997906	0.971825105820844
0.01861060655689	0.979925966776043
0.0186172034875245	0.993984472823024
0.0186238050966661	0.952011010424021
0.0186304113892932	0.98721459800286
0.0186370223703917	0.94240155018528
0.0186436380449546	0.99716013522175
0.0186502584179817	0.981975802548976
0.0186568834944801	0.95165154139069
0.018663513279464	0.972570932249361
0.0186701477779547	0.990235667217087
0.0186767869949807	0.992908647985132
0.0186834309355776	0.986380008944047
0.0186900796047881	0.989891975607137
0.0186967330076622	0.942780619482741
0.0187033911492571	0.939169015541335
0.0187100540346371	0.935719524713836
0.0187167216688738	0.945355143705191
0.018723394057046	0.993052173399392
0.0187300712042397	0.998642605162002
0.0187367531155484	0.995695601014527
0.0187434397960724	0.956036119156662
0.0187501312509198	0.968978045314295
0.0187568274852057	1.02942820065322
0.0187635285040525	1.03753007961882
0.01877023431259	0.990288395434937
0.0187769449159554	0.968233981024547
0.0187836603192932	0.968019535222726
0.0187903805277552	0.992557861128532
0.0187971055465006	0.913635431230829
0.018803835380696	0.986199553811563
0.0188105700355154	0.989120234971965
0.0188173095161403	1.01780793793687
0.0188240538277594	0.967791230912508
0.0188308029755692	1.01540327709098
0.0188375569647733	0.984038131405596
0.018844315800583	0.990152891759132
0.0188510794882169	0.977210610734995
0.0188578480329012	1.01572853047757
0.0188646214398697	0.935151055778546
0.0188713997143635	0.917340407542729
0.0188781828616315	1.01830741183539
0.0188849708869299	0.974955135362224
0.0188917637955226	0.982329367927849
0.0188985615926811	1.00521736261531
0.0189053642836843	1.0066010404378
0.018912171873819	0.929354256055234
0.0189189843683794	1.01522532523534
0.0189258017726673	1.02606010993082
0.0189326240919924	0.94585992476614
0.0189394513316717	0.970105455488882
0.0189462834970303	0.933564588661854
0.0189531205934005	1.00478462581798
0.0189599626261227	1.01565852172509
0.0189668096005449	0.990056749487419
0.0189736615220226	0.969367883509778
0.0189805183959195	0.969703304589989
0.0189873802276066	0.95211203957507
0.0189942470224629	0.985059934541836
0.0190011187858751	0.87159632194275
0.0190079955232379	0.990204412674452
0.0190148772399536	1.00468854574515
0.0190217639414323	0.953338206776609
0.019028655633092	0.953437184668674
0.0190355523203587	0.981111648942408
0.0190424540086661	0.980115642881056
0.0190493607034558	0.999264076225604
0.0190562724101774	1.01477033672013
0.0190631891342882	1.00754555444621
0.0190701108812537	0.957251701497638
0.0190770376565472	0.966913108693034
0.0190839694656499	0.928979925383829
0.019090906314051	0.984600384351368
0.0190978482072478	0.957943839702344
0.0191047951507455	0.953081004654957
0.0191117471500573	0.968143532559577
0.0191187042107044	1.0155689663917
0.0191256663382163	0.99850309065771
0.0191326335381301	1.03353811336178
0.0191396058159913	1.01805059739765
0.0191465831773535	0.991453086812861
0.0191535656277783	0.947206330294292
0.0191605531728353	0.972767055092106
0.0191675458181025	1.01775109846082
0.0191745435691659	0.983713572017911
0.0191815464316196	0.944868469553038
0.0191885544110659	0.97684384452336
0.0191955675131154	0.942422344026758
0.0192025857433869	0.946942981900157
0.0192096091075072	0.973806941092451
0.0192166376111116	1.01252361164234
0.0192236712598435	0.970939765059495
0.0192307100593547	0.966592370788165
0.019237754015305	0.9924874980538
0.0192448031333629	1.01254338964534
0.0192518574192048	0.982458112237166
0.0192589168785158	0.947732296864156
0.019265981516989	1.03041205014507
0.0192730513403261	0.933515636263253
0.0192801263542371	1.01001177127636
0.0192872065644403	0.998219094557689
0.0192942919766626	0.961781310734361
0.0193013825966392	0.926546162826683
0.0193084784301136	1.03441812515156
0.019315579482838	0.966179399787757
0.0193226857605728	1.00006660483876
0.0193297972690873	1.01917839532763
0.0193369140141587	1.02839261062394
0.0193440360015733	0.94716992577707
0.0193511632371255	1.030793953236
0.0193582957266185	0.977056572088965
0.0193654334758639	1.00642390785443
0.019372576490682	1.01891875105257
0.0193797247769016	0.97710303071057
0.0193868783403601	0.992305839122062
0.0193940371869037	1.00807955880865
0.0194012013223869	0.989470282903287
0.0194083707526732	0.970160488288933
0.0194155454836345	0.980327505385287
0.0194227255211516	0.967614066571172
0.0194299108711139	0.96636271366117
0.0194371015394194	0.99696248912662
0.0194442975319752	0.990235919928077
0.0194514988546968	0.97553889979058
0.0194587055135085	0.964074612730653
0.0194659175143435	0.962830960499027
0.0194731348631438	0.981670822364946
0.0194803575658602	0.878931455972634
0.0194875856284523	0.983099286914764
0.0194948190568884	0.935942177444935
0.0195020578571461	1.00800999647322
0.0195093020352114	0.954163119370049
0.0195165515970795	0.962672849970995
0.0195238065487543	1.01467809999101
0.0195310668962488	0.969479463037958
0.019538332645585	1.01376341530044
0.0195456038027937	1.02146851678833
0.0195528803739146	0.962355847900244
0.0195601623649968	0.989799596125875
0.0195674497820979	0.962113292220164
0.0195747426312849	0.977938453886298
0.0195820409186337	0.991118977994352
0.0195893446502293	0.993659194667614
0.0195966538321658	0.964516919433273
0.0196039684705464	0.97956791440027
0.0196112885714834	0.978314952054681
0.0196186141410981	1.03354915434412
0.0196259451855211	0.999401478516409
0.0196332817108923	0.912331139892484
0.0196406237233605	0.953516067946826
0.0196479712290838	0.989480717370007
0.0196553242342296	0.983956882985265
0.0196626827449744	1.00856220805004
0.0196700467675042	0.95364765897891
0.019677416308014	0.940161903724981
0.0196847913727081	0.952373247920838
0.0196921719678004	0.906791552655505
0.0196995580995137	1.04436874699122
0.0197069497740805	0.995445515557671
0.0197143469977425	1.00358571643595
0.0197217497767508	0.968074165674221
0.0197291581173658	1.00420706179803
0.0197365720258575	1.00034538623649
0.0197439915085051	1.0022717805791
0.0197514165715975	1.04942014305272
0.0197588472214329	1.00323812861024
0.0197662834643189	0.981263271548975
0.0197737253065728	0.997215831668881
0.0197811727545214	0.999383856872721
0.0197886258145008	0.992028152986465
0.019796084492857	0.995241615245902
0.0198035487959452	0.973863747419099
0.0198110187301305	1.04486633249491
0.0198184943017875	0.970801881617071
0.0198259755173003	0.940632299837424
0.0198334623830629	0.953038597654071
0.0198409549054787	1.01357775496004
0.0198484530909609	0.958134186342212
0.0198559569459324	1.03666306413605
0.0198634664768259	0.959848905470539
0.0198709816900836	1.00256559860744
0.0198785025921577	1.00630925597424
0.0198860291895101	0.941624859019626
0.0198935614886123	0.989531462073275
0.0199010994959459	0.943658454768318
0.0199086432180022	0.924638890791242
0.0199161926612823	0.991961995130975
0.0199237478322972	0.962617770266852
0.0199313087375678	1.03304047192144
0.0199388753836249	0.970414463563178
0.0199464477770093	1.0019453055053
0.0199540259242715	0.979643920980321
0.0199616098319721	0.933531802965503
0.0199691995066819	0.972032634408386
0.0199767949549813	0.905070270428156
0.0199843961834609	0.977234997408815
0.0199920031987215	0.973500982442575
0.0199996160073736	0.987141451481929
0.0200072346160381	1.00582264707446
0.0200148590313458	0.987881746087422
0.0200224892599377	0.987770313777022
0.0200301253084649	1.00630584410577
0.0200377671835886	1.00660005325863
0.0200454148919802	0.975530330032957
0.0200530684403214	1.01986367815797
0.020060727835304	1.04313065197754
0.02006839308363	0.984577532766647
0.0200760641920117	0.941334820964811
0.0200837411671716	0.982740778101831
0.0200914240158427	0.985272219633341
0.020099112744768	1.02884533217491
0.020106807360701	0.982761894767458
0.0201145078704056	1.02297535414623
0.0201222142806559	0.96852303922093
0.0201299265982366	0.986379023979217
0.0201376448299426	1.01258648757351
0.0201453689825792	0.986630694188534
0.0201530990629625	0.989061699768619
0.0201608350779186	1.01115752779481
0.0201685770342843	0.962049412726512
0.020176324938907	0.996878109320526
0.0201840787986446	0.937463438671456
0.0201918386203653	1.02440180776927
0.0201996044109482	1.01930134071413
0.0202073761772827	1.00918997182766
0.020215153926269	0.990474822976657
0.0202229376648179	0.97916896147213
0.0202307273998508	1.01067059224073
0.0202385231382997	1.00846780966619
0.0202463248871074	1.00048667675551
0.0202541326532275	0.966384054254604
0.0202619464436241	0.962754948128725
0.0202697662652722	1.00182284305935
0.0202775921251575	1.00702120752679
0.0202854240302765	0.985008580307877
0.0202932619876367	1.00989316520564
0.0203011060042561	0.98184913638439
0.0203089560871637	0.967017676059494
0.0203168122433996	1.00118712704783
0.0203246744800145	1.02777076334756
0.0203325428040701	0.936326933071235
0.020340417222639	0.968759223334072
0.020348297742805	0.976800026252901
0.0203561843716625	1.00833900714621
0.0203640771163173	1.01126961101309
0.0203719759838859	1.00072654692687
0.020379880981496	1.01262883455278
0.0203877921162864	0.982418497808343
0.0203957093954068	0.953674832439131
0.0204036328260183	0.928277075187522
0.020411562415293	0.998070589168821
0.0204194981704139	0.989250115420291
0.0204274400985756	0.997399124219426
0.0204353882069836	0.941983623945541
0.0204433425028548	0.889142004431185
0.0204513029934173	0.92031511123602
0.0204592696859102	0.96091271539749
0.0204672425875844	0.95586914241635
0.0204752217057016	0.949998732952457
0.0204832070475351	0.970811432201256
0.0204911986203695	0.982409646191765
0.0204991964315008	0.987118149358658
0.0205072004882364	1.00199025204391
0.0205152107978949	1.00974166416211
0.0205232273678067	0.998347410466973
0.0205312502053134	0.98663949709192
0.0205392793177682	0.971001262315324
0.0205473147125358	1.00565736634044
0.0205553563969923	0.949853599399608
0.0205634043785255	0.976098161155063
0.0205714586645347	1.01726329079587
0.020579519262431	0.977569908667768
0.0205875861796367	0.967178224318887
0.0205956594235861	0.998264551237428
0.020603739001725	0.984768337321559
0.0206118249215111	0.973689829135087
0.0206199171904135	0.960036039452102
0.0206280158159132	0.975528648103804
0.020636120805503	0.996768767371885
0.0206442321666874	0.988251046240166
0.0206523499069827	1.00909288967743
0.0206604740339172	0.987772260605169
0.0206686045550307	0.970594458878428
0.0206767414778752	0.985971876544467
0.0206848848100144	0.968762304018192
0.0206930345590241	0.998239949206407
0.0207011907324919	0.990539546585773
0.0207093533380173	1.00105837212191
0.0207175223832121	1.01087200461173
0.0207256978756998	1.01010431273573
0.020733879823116	1.004421403499
0.0207420682331086	1.01248533139653
0.0207502631133372	1.00700151476828
0.0207584644714738	0.983224805100804
0.0207666723152025	0.970486701479703
0.0207748866522193	0.957283978077298
0.0207831074902328	0.948028661268819
0.0207913348369636	1.02027875832396
0.0207995687001443	0.967743761404359
0.0208078090875202	0.972037172144457
0.0208160560068486	0.958802841336555
0.020824309465899	1.0008719530366
0.0208325694724536	0.988980231944992
0.0208408360343066	1.02438882054793
0.0208491091592647	0.967427434660782
0.0208573888551472	0.989299788772839
0.0208656751297854	1.04160589870904
0.0208739679910234	0.981933147483282
0.0208822674467177	0.966883738934302
0.0208905735047372	0.927990753812936
0.0208988861729634	0.95196383500316
0.0209072054592904	0.989343890116559
0.0209155313716247	1.00022711072599
0.0209238639178856	0.90548557193225
0.0209322031060049	0.970283399400011
0.0209405489439271	0.83793765022901
0.0209489014396094	0.955217467780879
0.0209572606010216	0.934040873779886
0.0209656264361463	1.03079497320385
0.0209739989529789	0.980818016186928
0.0209823781595274	0.98170116388655
0.0209907640638128	0.976961507554047
0.0209991566738689	0.991856613254231
0.0210075559977422	1.00157266713474
0.0210159620434922	1.00271431953628
0.0210243748191913	0.993773855340953
0.0210327943329248	0.967552629700093
0.021041220592791	0.935729012642504
0.0210496536069011	1.01250855004026
0.0210580933833795	0.93774167807621
0.0210665399303633	0.971499215694207
0.021074993256003	1.01002959584749
0.0210834533684621	0.970620819934358
0.021091920275917	1.01109644021012
0.0211003939865574	0.985480042194356
0.0211088745085863	0.982469336423352
0.0211173618502197	0.961712761746894
0.0211258560196868	0.963044840964109
0.0211343570252302	0.965365996983822
0.0211428648751058	1.00399438728672
0.0211513795775824	0.984572110230936
0.0211599011409428	1.01979708802044
0.0211684295734824	1.01866829542035
0.0211769648835106	1.00064117210661
0.0211855070793499	0.988645908687968
0.0211940561693363	0.983571964229547
0.0212026121618192	1.02870387146774
0.0212111750651616	0.989972502549624
0.0212197448877399	0.991590964458792
0.0212283216379442	0.995026413614347
0.021236905324178	1.05560951598597
0.0212454959548584	0.962909626269516
0.0212540935384164	0.999418655496427
0.0212626980832962	0.995550966773153
0.0212713095979561	0.985671586574539
0.0212799280908679	0.913040707621364
0.0212885535705171	0.978185557860404
0.0212971860454031	0.952978212423641
0.021305825524039	0.977519481073484
0.0213144720149517	0.991666080579279
0.0213231255266821	0.98857813215709
0.0213317860677848	1.01842416776238
0.0213404536468283	0.992184782296711
0.0213491282723952	0.973743375407558
0.021357809953082	0.95320453797565
0.0213664986974991	0.933929550447967
0.0213751945142709	0.989313766553373
0.0213838974120361	1.01787510513703
0.021392607399447	0.995618882361844
0.0214013244851706	0.985805522000388
0.0214100486778875	0.935434757487296
0.0214187799862928	0.982331322260364
0.0214275184190957	0.852786286799037
0.0214362639850195	0.958096874791366
0.0214450166928019	0.913005125158333
0.0214537765511947	1.01904813792171
0.0214625435689643	0.946561043595368
0.0214713177548912	1.03537121297267
0.0214800991177702	0.983325935866474
0.0214888876664108	0.969361218554538
0.0214976834096366	1.02365396317093
0.0215064863562859	1.02592820267288
0.0215152965152113	1.04125986914517
0.02152411389528	0.97440255029143
0.0215329385053737	0.991932445616086
0.0215417703543888	0.952046688074216
0.0215506094512361	1.03570455253201
0.0215594558048412	0.977407019776539
0.0215683094241442	0.967879322271085
0.0215771703181001	0.959218577561378
0.0215860384956785	0.991643508248548
0.0215949139658636	0.949362595951817
0.0216037967376547	1.03628210042521
0.0216126868200657	0.986312926088478
0.0216215842221254	0.993467751253242
0.0216304889528775	1.00056984116321
0.0216394010213806	0.999137515375812
0.0216483204367081	1.01591900397554
0.0216572472079485	0.995881507901129
0.0216661813442054	0.970510497511408
0.0216751228545972	1.00568263402442
0.0216840717482574	1.02433063561875
0.0216930280343348	0.999184082329823
0.0217019917219931	1.02555566685916
0.0217109628204112	1.04179614822817
0.0217199413387833	0.999640635706604
0.0217289272863186	0.988096185430666
0.0217379206722417	1.00402311508835
0.0217469215057925	0.997155983620745
0.0217559297962261	0.983315794270601
0.021764945552813	0.974108423393225
0.0217739687848392	0.971782339167614
0.0217829995016058	1.00723073537386
0.0217920377124296	0.916594982640744
0.0218010834266428	0.963999121350061
0.021810136653593	0.99454453464846
0.0218191974026436	1.00464729708627
0.0218282656831732	1.00229655197719
0.0218373415045762	0.983493668334339
0.0218464248762627	1.00179247005199
0.0218555158076583	0.975005438128734
0.0218646143082044	0.990066812468303
0.0218737203873582	0.978957674088725
0.0218828340545924	0.935954761240792
0.0218919553193957	0.950735007590362
0.0219010841912726	0.927908055111416
0.0219102206797435	0.912666794288346
0.0219193647943446	0.957935299986801
0.021928516544628	0.964876185718528
0.0219376759401619	0.945337170008701
0.0219468429905303	0.994843012691695
0.0219560177053335	0.95896015005863
0.0219652000941876	0.948707437730204
0.0219743901667249	1.02107253546484
0.0219835879325939	0.977759085990297
0.021992793401459	0.951775419064965
0.0220020065830012	0.941670373004038
0.0220112274869173	0.954891322574356
0.0220204561229208	0.962636902131623
0.022029692500741	0.998679587860426
0.022038936630124	1.01769391348005
0.0220481885208319	0.990537457305536
0.0220574481826435	0.935024547128433
0.0220667156253539	1.00777936042295
0.0220759908587745	0.972281621539969
0.0220852738927335	0.987583200975771
0.0220945647370755	1.01087857422444
0.0221038634016616	0.995868069851855
0.0221131698963696	0.991441080742335
0.022122484231094	1.00338749091707
0.0221318064157459	0.999669237158399
0.022141136460253	1.02507589341087
0.02215047437456	1.00544396026887
0.0221598201686282	1.00275394220294
0.0221691738524357	1.01482841037127
0.0221785354359776	1.02569052411896
0.0221879049292657	1.00697199903447
0.0221972823423291	1.00994599924579
0.0222066676852133	1.01778189654585
0.0222160609679812	1.00718775474552
0.0222254622007127	1.02318753890587
0.0222348713935046	1.03470298329416
0.022244288556471	0.992018401199563
0.022253713699743	1.04655241955374
0.0222631468334689	0.979599279329641
0.0222725879678142	0.94957243848443
0.0222820371129618	0.957178755172306
0.0222914942791117	0.975381563599043
0.0223009594764813	1.03354535898685
0.0223104327153054	0.965033142157847
0.0223199140058361	1.01678915797773
0.022329403358343	0.987366585158524
0.0223389007831133	0.95126638688485
0.0223484062904514	0.963410105127164
0.0223579198906795	0.972637363670104
0.0223674415941373	1.00950147961891
0.0223769714111821	0.926211874097772
0.0223865093521889	1.00576789072957
0.0223960554275504	0.964377722664043
0.022405609647677	0.922609108738838
0.0224151720229969	0.983711670476365
0.0224247425639561	0.934809117100568
0.0224343212810185	0.953902846817946
0.0224439081846656	0.935828197788287
0.0224535032853974	0.955852046088433
0.0224631065937312	1.02752042414245
0.0224727181202028	0.997019412410891
0.0224823378753659	0.979403322573752
0.0224919658697921	0.949016652359526
0.0225016021140713	0.945548273281183
0.0225112466188115	0.967275447367087
0.022520899394639	0.921381447074739
0.0225305604521981	0.986556481070571
0.0225402298021516	0.992220059857914
0.0225499074551806	0.998477205329974
0.0225595934219843	1.00543987594241
0.0225692877132805	1.00323037868626
0.0225789903398055	1.01022299279648
0.0225887013123139	0.969587856992834
0.022598420641579	0.978252661742892
0.0226081483383923	0.942221718314015
0.0226178844135642	0.966194422830918
0.0226276288779238	1.00861302755324
0.0226373817423185	0.983046831937401
0.0226471430176148	1.00138496029651
0.0226569127146977	0.965022053587884
0.022666690844471	1.0078753272511
0.0226764774178575	1.03810210127342
0.0226862724457987	1.027080259845
0.0226960759392551	0.999219150240778
0.0227058879092062	1.00605153693077
0.0227157083666504	1.00006014089466
0.0227255373226052	1.00150857923021
0.022735374788107	0.984855460795461
0.0227452207742117	0.999511581329965
0.0227550752919939	0.939314298677938
0.0227649383525477	0.934705545288697
0.0227748099669864	0.999076389552906
0.0227846901464425	0.999656750594999
0.0227945789020679	1.01481459188648
0.0228044762450339	0.975091435907656
0.0228143821865311	0.99637377664269
0.0228242967377696	0.942212832440877
0.0228342199099791	0.964459624663363
0.0228441517144086	0.945504271550246
0.0228540921623269	0.962112230540369
0.0228640412650224	0.936618880230558
0.022873999033803	0.982539690769116
0.0228839654799965	0.974287183400751
0.0228939406149503	0.949975148025271
0.0229039244500317	0.983414693065427
0.0229139169966278	0.985462150959441
0.0229239182661456	0.983734051403371
0.0229339282700119	0.977338720621181
0.0229439470196738	0.964758524019982
0.0229539745265979	0.982324894547993
0.0229640108022714	0.970544091564113
0.0229740558582012	0.97509626246963
0.0229841097059144	0.956803301666154
0.0229941723569586	0.972893163622835
0.0230042438229012	0.921243418218241
0.0230143241153301	0.989720557675912
0.0230244132458536	0.922963021028404
0.0230345112261001	0.985360153168175
0.0230446180677187	0.995615699792481
0.0230547337823788	1.01102199611999
0.0230648583817702	0.966617128225961
0.0230749918776036	0.994547304248683
0.0230851342816098	1.00158416329349
0.0230952856055406	0.993693188580445
0.0231054458611684	1.0153558328268
0.0231156150602862	1.02003562501246
0.023125793214708	0.996046513185009
0.0231359803362683	0.965940711999228
0.0231461764368227	0.968067754467016
0.0231563815282478	0.990964969308804
0.0231665956224408	1.0134042759811
0.0231768187313202	0.954084905622097
0.0231870508668254	1.03040889701584
0.023197292040917	1.04747413191307
0.0232075422655767	1.00013592731176
0.0232178015528073	0.961652608709741
0.0232280699146329	1.01377645337665
0.0232383473630989	0.983047955286732
0.0232486339102721	0.92238116531815
0.0232589295682405	1.00493761303312
0.0232692343491137	1.02131143204088
0.0232795482650225	1.01170306656381
0.0232898713281196	1.0049375314207
0.0233002035505789	1.00812158875459
0.0233105449445962	0.982568628543408
0.0233208955223887	0.972125253964365
0.0233312552961956	0.95620939825028
0.0233416242782776	0.951923400001268
0.0233520024809174	0.943481750688124
0.0233623899164194	0.911344395480545
0.0233727865971099	0.976667913499945
0.0233831925353373	0.951882869344181
0.023393607743472	0.978971911905457
0.0234040322339062	0.988040846771861
0.0234144660190544	0.999689925519269
0.0234249091113533	0.989073346236766
0.0234353615232617	0.99570635748261
0.0234458232672605	0.996378624381978
0.0234562943558533	0.989858158281745
0.0234667748015656	0.94249235870768
0.0234772646169456	0.955877030428019
0.0234877638145638	0.954150650147026
0.0234982724070133	0.9978310359955
0.0235087904069096	0.982309989354626
0.0235193178268909	0.964008759975535
0.0235298546796181	0.985449245682625
0.0235404009777747	0.95200520212089
0.023550956734067	1.0113633167262
0.023561521961224	0.99193261824643
0.0235720966719978	0.962770140117666
0.023582680879163	0.953702716314203
0.0235932745955175	0.969504615440028
0.0236038778338822	0.928793955204982
0.0236144906071009	0.991850579832602
0.0236251129280404	1.01424761205302
0.0236357448095911	0.960561535818402
0.0236463862646661	0.97114422100126
0.0236570373062022	1.02627801949627
0.0236676979471592	1.00466185642321
0.0236783682005204	1.01794783910379
0.0236890480792926	1.00528323468805
0.023699737596506	1.0293801733223
0.0237104367652142	0.982306149819747
0.0237211455984946	0.929650080818137
0.0237318641094482	0.934273078691385
0.0237425923111995	1.00131523219823
0.023753330216897	0.986841329179367
0.0237640778397129	1.00484988628727
0.0237748351928431	0.979750870270841
0.0237856022895076	0.9612020443096
0.0237963791429502	1.00175058985231
0.023807165766439	0.968513632238236
0.0238179621732658	0.987767167048999
0.0238287683767468	0.99756648597541
0.0238395843902222	0.928458654224306
0.0238504102270565	0.880061537827535
0.0238612459006386	0.907486865513776
0.0238720914243815	0.966933803878966
0.0238829468117227	0.961862080628066
0.0238938120761244	1.01438334769318
0.0239046872310729	1.00066526781321
0.0239155722900793	1.03396656668017
0.0239264672666793	1.01468184553049
0.0239373721744332	0.976549567731945
0.0239482870269261	1.03222646720282
0.023959211837768	0.97136633225238
0.0239701466205934	0.944207321174486
0.0239810913890622	0.94271750074604
0.0239920461568587	0.993806016457771
0.0240030109376926	0.967944946122209
0.0240139857452987	1.01365617483283
0.0240249705934366	0.954933869666747
0.0240359654958914	0.943495584149721
0.0240469704664733	0.984523160623109
0.0240579855190179	0.996456343042582
0.0240690106673861	1.01881808170859
0.0240800459254642	0.94691980889414
0.0240910913071639	1.04110597924171
0.0241021468264227	0.947795307260703
0.0241132124972035	0.980586925642355
0.0241242883334947	1.00013012760974
0.0241353743493109	0.975275441847199
0.024146470558692	0.956384601654604
0.0241575769757039	0.969321260683085
0.0241686936144384	1.02481716834429
0.0241798204890133	0.965629739208752
0.0241909576135723	1.01669686162346
0.0242021050022853	0.967856591321326
0.0242132626693481	1.0028512937668
0.0242244306289831	0.975082484934636
0.0242356088954385	0.961749423658154
0.024246797482989	0.942257063107491
0.0242579964059358	0.985733342436056
0.0242692056786064	1.01671466511088
0.0242804253153547	0.968813606140702
0.0242916553305614	0.972624867754462
0.0243028957386336	0.996127339098006
0.0243141465540052	0.998125207980151
0.0243254077911368	0.937635593585329
0.0243366794645157	0.876035284981485
0.0243479615886564	0.882045684668001
0.0243592541780998	0.921901566723966
0.0243705572474144	0.996687037477838
0.0243818708111951	0.997434593214373
0.0243931948840646	0.964141630575981
0.0244045294806722	1.00102617166426
0.0244158746156947	1.00803449111253
0.0244272303038362	1.02097956198989
0.0244385965598282	0.996025595511736
0.0244499733984295	0.927931246923602
0.0244613608344265	0.961976895193399
0.0244727588826331	0.923871308624069
0.0244841675578909	0.991349174761552
0.0244955868750691	0.994058230564391
0.0245070168490648	1.00399917786561
0.0245184574948026	0.959655569165305
0.0245299088272354	1.01338902592514
0.0245413708613438	1.02540112617393
0.0245528436121363	1.05598723209062
0.0245643270946498	1.03631449636155
0.0245758213239492	1.04349249742161
0.0245873263151274	1.00664059235186
0.024598842083306	1.00016063646125
0.0246103686436345	0.974460127757663
0.0246219060112911	0.92082741777054
0.0246334542014825	0.938493099364436
0.0246450132294436	0.99802431271853
0.0246565831104383	1.00445788820226
0.024668163859759	1.01156374820065
0.0246797554927269	1.03261095679544
0.0246913580246919	0.991553397173403
0.0247029714710328	1.040260604709
0.0247145958471575	0.970102339783413
0.0247262311685029	0.969923584212164
0.0247378774505347	1.01527402574338
0.024749534708748	1.03306319612609
0.0247612029586671	0.978151694309067
0.0247728822158456	0.990880397227196
0.0247845724958664	0.975275962587147
0.0247962738143419	0.996432180806398
0.0248079861869138	0.996917617409902
0.0248197096292536	0.975663709037243
0.0248314441570624	0.959327918654325
0.0248431897860708	0.937013573568325
0.0248549465320395	0.946929115549772
0.0248667144107588	1.01607384282744
0.0248784934380491	1.03572811453965
0.0248902836297605	1.0287020590151
0.0249020850017735	1.02098352397939
0.0249138975699986	0.989677738148123
0.0249257213503764	0.9410690467345
0.0249375563588779	0.92922984403683
0.0249494026115044	0.950783983311381
0.0249612601242876	0.969742442363293
0.0249731289132898	0.981271515147787
0.0249850089946037	1.01702004025087
0.0249969003843528	1.04177782087181
0.0250088030986912	1.0370569893681
0.0250207171538038	1.01835794568764
0.0250326425659064	0.989822173484338
0.0250445793512457	1.01044756792724
0.0250565275260993	1.00151549135134
0.0250684871067762	0.985652466637534
0.0250804581096161	0.986775591847951
0.0250924405509903	0.951789298265795
0.0251044344473012	0.948761532899043
0.0251164398149827	0.991473157833777
0.0251284566705001	1.01102155563713
0.0251404850303501	0.992946646701818
0.0251525249110611	0.990710126640476
0.0251645763291934	0.998680548812419
0.0251766393013386	0.996088533066266
0.0251887138441206	1.03659356313646
0.0252007999741948	0.99747854684503
0.0252128977082489	0.993325342495529
0.0252250070630024	1.01360810957563
0.0252371280552072	0.946955894366924
0.0252492607016471	0.958352811642278
0.0252614050191385	0.954509036881708
0.0252735610245299	0.938478181344663
0.0252857287347026	0.981123560435296
0.02529790816657	0.945849654290723
0.0253100993370783	0.87620151195424
0.0253223022632065	0.877652400537011
0.0253345169619662	0.896740276817363
0.0253467434504019	0.943593808038731
0.025358981745591	0.947415977594142
0.0253712318646439	0.980513398603844
0.025383493824704	0.947005523731181
0.0253957676429481	0.912893000612547
0.025408053336586	0.919995940240849
0.0254203509228608	0.984809523995108
0.0254326604190493	0.978044095394364
0.0254449818424614	0.938645654875864
0.0254573152104408	0.955542561983253
0.0254696605403647	0.964689212637282
0.0254820178496443	0.981832900006856
0.0254943871557242	0.98409124866921
0.0255067684760832	0.991790456661177
0.025519161828234	0.993086314536425
0.0255315672297232	0.982915393867538
0.0255439846981318	0.991674979902541
0.0255564142510748	1.01467739492677
0.0255688559062016	1.04355376663995
0.0255813096811959	0.998095415294732
0.025593775593776	0.997303615112024
0.0256062536616947	0.927213252813619
0.0256187439027393	1.00294896273917
0.0256312463347322	0.991187001726215
0.0256437609755301	0.95893714041289
0.025656287843025	0.975955130757447
0.0256688269551436	1.0153560548687
0.0256813783298479	1.04949737666324
0.0256939419851349	0.993504058913494
0.0257065179390369	0.993929397867255
0.0257191062096214	1.03789399986372
0.0257317068149915	0.994493685395641
0.0257443197732856	0.987781629395942
0.0257569451026779	0.991523887923573
0.025769582821378	0.99698265229623
0.0257822329476315	1.00217022562744
0.0257948954997197	0.969497146112146
0.0258075704959599	0.992454580116736
0.0258202579547054	1.02418967604838
0.0258329578943456	1.02653388853343
0.0258456703333061	0.984403193285891
0.0258583952900488	0.946016812098135
0.0258711327830719	0.998579794348165
0.0258838828309103	0.980648383593502
0.0258966454521351	0.988834866848055
0.0259094206653543	1.01598753423142
0.0259222084892126	0.978046463420268
0.0259350089423914	0.935435617599911
0.0259478220436093	0.921194819958589
0.0259606478116216	0.920690955751359
0.0259734862652208	0.95134114296423
0.0259863374232367	0.972352978209525
0.0259992013045363	0.963150278683458
0.0260120779280239	0.980870368720528
0.0260249673126414	0.970845321252501
0.0260378694773682	0.972722356547935
0.0260507844412214	0.962355242529037
0.0260637122232558	1.00368061107869
0.0260766528425641	0.999887118597651
0.0260896063182768	0.965135106134272
0.0261025726695626	0.996054759837723
0.0261155519156283	0.967637708371945
0.0261285440757188	0.977629288402706
0.0261415491691173	0.97487859806853
0.0261545672151457	0.978680248186412
0.0261675982331641	1.01721388321959
0.0261806422425713	1.01463154801485
0.0261936992628048	1.01493947403718
0.026206769313341	1.03931287469691
0.026219852413695	0.977544306523808
0.0262329485834211	0.991085697823272
0.0262460578421124	0.960766431440558
0.0262591802094015	0.991969786781863
0.0262723157049601	0.967332070944099
0.0262854643484993	0.942341031266433
0.0262986261597697	0.903991287477476
0.0263118011585615	0.890470389878113
0.0263249893647046	0.876638008206601
0.0263381907980685	0.988225567403063
0.0263514054785629	0.928387250455702
0.0263646334261371	0.947196643333681
0.0263778746607808	0.974890085969193
0.0263911292025237	0.938839855521613
0.0264043970714358	0.987016508805652
0.0264176782876275	0.934947495964751
0.0264309728712497	0.928876156850279
0.0264442808424939	0.91955102583213
0.0264576022215922	0.975615098676704
0.0264709370288176	0.998805612030806
0.0264842852844839	0.993874734869821
0.0264976470089459	1.02006114747003
0.0265110222225995	1.02466475653494
0.026524410945882	1.01675002452668
0.0265378131992716	0.998813051278748
0.0265512290032884	1.00924360968946
0.0265646583784935	1.01929637078801
0.0265781013454901	0.960732119709769
0.0265915579249227	0.918228491098872
0.026605028137478	0.95857981747837
0.0266185120038844	0.979737227820221
0.0266320095449125	0.960962413870614
0.0266455207813748	0.942749174419948
0.0266590457341264	0.942697303978542
0.0266725844240645	0.978675635422511
0.0266861368721288	0.946559098215137
0.0266997030993018	0.950018941664774
0.0267132831266084	0.935618802709837
0.0267268769751164	0.945712339888535
0.0267404846659367	0.995090882138641
0.0267541062202229	1.01379497418836
0.0267677416591719	1.02101865726786
0.0267813910040239	1.02016821102025
0.0267950542760622	1.0053842686851
0.0268087314966137	1.01306357203882
0.0268224226870491	0.984298100228711
0.0268361278687823	1.0065660537359
0.0268498470632713	0.984790915626482
0.0268635802920181	0.98685266604128
0.0268773275765683	0.965858614046312
0.0268910889385121	0.974142132617342
0.0269048643994836	0.930984124519431
0.0269186539811615	0.946496564119713
0.0269324577052686	0.98024434093886
0.0269462755935728	0.960168100022414
0.0269601076678862	0.943382042386086
0.026973953950066	0.997969319678093
0.0269878144620143	0.957797658014974
0.0270016892256782	1.00639971356071
0.0270155782630498	1.00295760713173
0.0270294815961668	0.972950522801813
0.027043399247112	1.0023541651228
0.0270573312380138	1.0092735266121
0.0270712775910463	1.02366715354235
0.0270852383284293	0.968852750112803
0.0270992134724284	0.986120520828906
0.0271132030453551	0.994621980731795
0.0271272070695674	1.02615955857101
0.0271412255674689	1.0026177466907
0.0271552585615101	0.971370101275684
0.0271693060741876	0.966558655888585
0.0271833681280447	0.974712730084623
0.0271974447456714	0.985299597718821
0.0272115359497045	1.01432699523598
0.0272256417628278	1.00965729463336
0.027239762207772	1.01100985581133
0.0272538973073151	1.00915847176658
0.0272680470842824	1.0182702468933
0.0272822115615466	1.01841138451304
0.027296390762028	0.972086121891715
0.0273105847086945	0.984749156708786
0.0273247934245619	0.958884616472272
0.0273390169326937	0.99118440317324
0.0273532552562017	1.03721446887527
0.0273675084182457	1.00152558875864
0.027381776442034	0.968874814709349
0.0273960593508231	0.96027445529876
0.0274103571679182	0.942837703643523
0.027424669916673	0.987737312453352
0.0274389976204903	0.979653638071607
0.0274533403028215	1.00262157509795
0.0274676979871672	1.01919319930425
0.0274820706970773	1.03831467969894
0.027496458456151	1.04762671945141
0.0275108612880366	1.01319548749209
0.0275252792164325	1.02809793687855
0.0275397122650864	1.01157861294633
0.027554160457796	0.96502613809405
0.0275686238184089	0.970527667260389
0.0275831023708229	1.00633181849114
0.027597596138986	0.977779599138843
0.0276121051468965	1.00619682947744
0.0276266294186032	0.967456904269017
0.0276411689782056	0.964450091225857
0.0276557238498539	0.937214459025529
0.0276702940577491	0.938693309122302
0.0276848796261435	0.932964910403803
0.0276994805793403	0.922833916894151
0.0277140969416941	0.95288903504245
0.0277287287376109	0.924579634049496
0.0277433759915483	0.899244419885862
0.0277580387280157	0.869268428156309
0.0277727169715741	0.834725401203471
0.0277874107468368	0.891192393995752
0.0278021200784688	1.00913216504403
0.0278168449911877	0.980856282996674
0.0278315855097634	0.946810411425552
0.0278463416590183	1.00455598990841
0.0278611134638274	0.97837262744561
0.0278759009491187	0.95447808205586
0.0278907041398731	0.970882116602949
0.0279055230611243	0.957576508473573
0.0279203577379597	0.94021105010098
0.0279352081955197	1.00056426814358
0.0279500744589984	0.951560307637618
0.0279649565536435	1.00518269762214
0.0279798545047566	1.03298324274171
0.0279947683376931	0.99389683989234
0.0280096980778625	0.962403460224241
0.0280246437507287	1.03905227926702
0.0280396053818097	0.965410272402403
0.0280545829966784	0.954240214566326
0.0280695766209619	0.996585875963276
0.0280845862803426	0.954208923591397
0.0280996120005575	0.989814169759608
0.0281146538073989	0.991424782799771
0.0281297117267142	0.969536577025445
0.0281447857844065	1.02591367596398
0.028159876006434	1.00481089409677
0.028174982418811	1.0158996069847
0.0281901050476075	1.00461483561239
0.0282052439189494	1.02321151021975
0.028220399059019	1.01668473342664
0.0282355704940547	1.01415488628053
0.0282507582503514	0.967581563035937
0.0282659623542607	0.995425795008848
0.0282811828321908	0.974290872434298
0.0282964197106068	0.969704144207263
0.0283116730160312	0.980199603954696
0.0283269427750433	1.00376357963056
0.0283422290142799	0.999708051066341
0.0283575317604356	0.985552813250514
0.0283728510402622	0.916431882900781
0.0283881868805697	0.960407680244129
0.0284035393082261	0.937075997413164
0.0284189083501573	0.953620344377121
0.0284342940333477	0.988005578103825
0.0284496963848401	0.975084797416057
0.0284651154317361	0.978851769848577
0.0284805512011957	0.972066255077913
0.0284960037204382	0.983068937258335
0.0285114730167419	0.965723640404782
0.0285269591174443	1.00159729837759
0.0285424620499424	0.962942396003602
0.0285579818416928	0.940790435216468
0.0285735185202117	0.976978584965317
0.0285890721130754	1.02493990289017
0.0286046426479203	0.992460773825983
0.0286202301524427	0.969297070367634
0.0286358346543998	0.938414228985265
0.0286514561816089	0.967652154191541
0.0286670947619484	1.00008613847869
0.0286827504233573	0.982937011587766
0.028698423193836	1.01575579912145
0.0287141131014457	1.01415008562739
0.0287298201743095	0.962525545834496
0.0287455444406116	0.870828633654741
0.0287612859285983	0.981094573032036
0.0287770446665776	0.968905033110109
0.0287928206829195	0.966807200813318
0.0288086140060566	0.97896670505483
0.0288244246644836	0.99260649320002
0.0288402526867578	1.03370747274489
0.0288560981014995	0.960633057080563
0.0288719609373916	0.966983126890301
0.0288878412231804	0.950687330219064
0.0289037389876753	0.966095586634544
0.0289196542597493	1.0135293371294
0.0289355870683388	1.00652230069428
0.0289515374424442	0.986238563238247
0.0289675054111299	1.01786705078725
0.0289834910035243	1.02750473599571
0.0289994942488202	0.951376227656152
0.0290155151762749	0.98243522397351
0.0290315538152105	0.950015783043291
0.0290476101950139	1.04076194142916
0.0290636843451369	1.02484517559133
0.0290797762950968	1.01007158340032
0.029095886074476	1.00316760967631
0.0291120137129228	0.957349442759437
0.029128159240151	0.971413647281843
0.0291443226859406	0.998497308376055
0.0291605040801376	1.00110189028232
0.0291767034526542	0.96579997141281
0.0291929208334694	0.982074892796522
0.0292091562526287	0.992041354200343
0.0292254097402444	0.986747310195788
0.0292416813264961	0.980788443464833
0.0292579710416304	0.962488501704034
0.0292742789159616	0.919117461193807
0.0292906049798713	0.977365662822119
0.0293069492638093	1.00680416670304
0.029323311798293	0.986320503261125
0.0293396926139082	0.928703438545786
0.0293560917413092	0.940784359427747
0.0293725092112187	0.945057411866796
0.0293889450544281	0.943866206622362
0.029405399301798	0.946853239501196
0.0294218719842579	0.990739248932254
0.0294383631328068	0.982430827200714
0.0294548727785133	0.883345926382808
0.0294714009525155	0.940276698247434
0.0294879476860216	0.987374196227349
0.0295045130103098	0.972112445043035
0.0295210969567289	0.923768332434031
0.029537699556698	0.920727042729212
0.0295543208417068	0.956657786229129
0.0295709608433163	0.946234053399987
0.0295876195931582	0.978305561118217
0.0296042971229358	0.978485841314936
0.0296209934644238	0.94031103157113
0.0296377086494686	0.978032420338079
0.0296544427099888	1.02887605170944
0.0296711956779747	0.991289234636357
0.0296879675854892	0.990465733195161
0.0297047584646677	0.885332708412263
0.0297215683477183	0.906737665135559
0.0297383972669221	0.987238905669721
0.0297552452546332	0.965882001394157
0.0297721123432793	1.00052359419977
0.0297889985653616	1.04101432000954
0.0298059039534548	0.995674928531752
0.0298228285402081	0.944230039183699
0.0298397723583444	0.949386756439263
0.0298567354406612	0.981482522777031
0.0298737178200309	0.985955540063133
0.0298907195294002	1.01215264712664
0.0299077406017913	1.02769348406075
0.0299247810703014	0.970502957446929
0.0299418409681033	1.00858873756556
0.0299589203284453	0.999384029887833
0.029976019184652	1.01267441140444
0.0299931375701236	0.974276908158605
0.0300102755183372	1.03662541972961
0.0300274330628459	1.0432286962975
0.03004461023728	1.01337807387142
0.0300618070753466	0.999108418352356
0.0300790236108301	0.99555145794624
0.0300962598775922	0.985067891152187
0.0301135159095724	1.00775360772078
0.0301307917407881	0.994163630440342
0.0301480874053347	0.984191334880818
0.0301654029373859	0.946371878824855
0.0301827383711942	0.970752374228069
0.0302000937410906	0.958878532487825
0.0302174690814853	0.954519397579349
0.0302348644268676	0.890590520264338
0.0302522798118063	0.948406264799139
0.0302697152709499	0.983375853140621
0.030287170839027	0.955626429645766
0.030304646550846	0.979917560193306
0.030322142441296	0.959908824995193
0.0303396585453465	0.940682646615046
0.030357194898048	0.91383362044258
0.0303747515345321	0.928496480859829
0.0303923284900115	0.938092835872688
0.0304099257997807	0.981058313578355
0.0304275434992158	1.0085132659975
0.0304451816237751	0.892779327541235
0.0304628402089991	0.980458696361531
0.0304805192905106	0.949042902868287
0.0304982189040156	0.930451077031837
0.0305159390853026	1.00536427289695
0.0305336798702437	1.01456778313003
0.0305514412947941	0.951885863602361
0.0305692233949931	0.985542184176114
0.0305870262069636	0.975053883298792
0.030604849766913	0.97566954701057
0.030622694111133	0.968700126570149
0.0306405592759999	1.01946246477326
0.0306584452979751	0.992487125068823
0.0306763522136051	1.0073566219678
0.0306942800595219	0.90761204743968
0.0307122288724431	0.962066210074088
0.0307301986891722	0.967838112878684
0.030748189546599	1.01386830894783
0.0307662014816998	1.03919693960841
0.0307842345315374	0.975117578582048
0.0308022887332616	0.973731944363475
0.0308203641241094	0.988675042819622
0.0308384607414055	0.955876758196227
0.0308565786225619	1.0050339621269
0.0308747178050788	0.988512127745704
0.0308928783265447	1.0330707132998
0.0309110602246364	0.97630091835172
0.0309292635371196	0.919300107003335
0.0309474883018489	1.0088378681352
0.0309657345567684	0.984540542978019
0.0309840023399114	0.983660154146867
0.0310022916894012	1.02460862201983
0.0310206026434512	0.983402116607122
0.031038935240365	1.0059923863737
0.031057289518537	1.03692152628751
0.0310756655164522	0.984685722332949
0.031094063272687	0.972020321806232
0.031112482825909	1.04699086784833
0.0311309242148776	0.999156981419496
0.0311493874784441	0.925682986559489
0.0311678726555521	0.885824707447792
0.0311863797852376	0.981166651351342
0.0312049089066294	0.960833516383802
0.0312234600589493	0.945385730806959
0.0312420332815127	0.951209935231942
0.0312606286137281	1.00176754055318
0.0312792460950984	1.001928359182
0.0312978857652202	0.974557785064946
0.031316547663785	0.958411813611331
0.0313352318305786	0.932920433151891
0.0313539383054821	0.943633940757434
0.0313726671284718	0.961153313409193
0.0313914183396194	0.960176094730029
0.0314101919790928	0.936561320938028
0.0314289880871558	0.977023753271735
0.0314478067041687	1.01075923853144
0.0314666478705884	0.923635881202839
0.0314855116269692	1.00394945283759
0.0315043980139622	0.96886022863903
0.0315233070723164	0.965730940465083
0.0315422388428787	1.02311318503099
0.0315611933665941	0.970837050612205
0.031580170684506	0.952560508870746
0.0315991708377567	1.03770898169842
0.0316181938675875	0.999156346357571
0.0316372398153392	0.938268848055087
0.0316563087224521	0.923096572799019
0.0316754006304666	0.949667332947447
0.0316945155810233	0.979623257573245
0.0317136536158634	0.9408089313791
0.0317328147768289	0.960827292835873
0.0317519991058631	1.00084502340167
0.0317712066450109	1.01649442029896
0.0317904374364186	1.00267689910286
0.0318096915223349	0.996706055019054
0.031828968945111	1.00424336167436
0.0318482697472006	0.973881213351224
0.0318675939711605	0.963233133518636
0.031886941659651	0.932736561630053
0.0319063128554358	1.06576510657157
0.0319257076013827	0.986729607003514
0.0319451259404639	1.02764958119677
0.0319645679157562	1.01425488022987
0.0319840335704411	0.964130995638889
0.0320035229478055	0.9787212256527
0.032023036091242	1.00454255580388
0.032042573044249	0.985656512956521
0.0320621338504309	0.984451312481713
0.0320817185534989	0.942976732066475
0.0321013271972711	1.02265500731771
0.0321209598256726	0.980052017135596
0.0321406164827361	0.872617548825381
0.0321602972126022	0.948728081320735
0.0321800020595196	0.986606141978834
0.0321997310678456	0.924464839973111
0.0322194842820462	0.981612037474073
0.0322392617466968	1.04910668045688
0.0322590635064822	0.983439488008742
0.032278889606197	0.990150438247021
0.032298740090746	0.948770498989659
0.0323186150051446	0.960286177719077
0.032338514394519	0.957612251865046
0.0323584383041066	0.962504654634695
0.0323783867792565	0.990832907868553
0.0323983598654296	0.974388093449467
0.0324183576081989	0.919890754550344
0.0324383800532503	0.998596388952133
0.0324584272463823	0.951239016651354
0.0324784992335068	0.947031110417578
0.0324985960606496	1.02271971613741
0.0325187177739501	0.963299359372782
0.0325388644196623	1.00218456157272
0.0325590360441547	0.956808411087036
0.032579232693911	0.993049120346565
0.0325994544155303	1.00499270169868
0.0326197012557274	0.97239761274384
0.0326399732613333	1.03197151604488
0.0326602704792954	0.974257232253907
0.032680592956678	0.956825656362707
0.0327009407406627	1.02689205903095
0.0327213138785484	0.96622902329459
0.0327417124177522	0.983269404969614
0.0327621364058096	0.992378646770439
0.0327825858903745	0.994959118281458
0.0328030609192199	0.986925847312729
0.0328235615402385	1.02264123561187
0.0328440878014425	0.976797402052143
0.0328646397509643	1.02462507568589
0.0328852174370571	0.975370274065732
0.0329058209080948	1.03395613603875
0.0329264502125726	0.974235613766364
0.0329471053991075	0.997927068066427
0.0329677865164385	0.990558479130925
0.0329884936134271	1.0010450838771
0.0330092267390575	0.983170875232851
0.0330299859424374	1.02803381290997
0.0330507712727978	0.993813602112482
0.033071582779494	0.972700407178984
0.0330924205120054	1.01120488101414
0.0331132845199363	0.911421844128339
0.0331341748530162	0.948475402819608
0.0331550915611003	1.01986475255392
0.0331760346941695	0.917330177948115
0.0331970043023312	1.00596808853186
0.0332180004358196	1.03805569510018
0.033239023144996	1.02503553686697
0.0332600724803494	0.994350146858066
0.0332811484924965	0.99906512840772
0.0333022512321827	0.979613851474471
0.033323380750282	0.989430174412734
0.0333445370977976	0.977585683733399
0.0333657203258624	0.950059909626068
0.0333869304857392	0.995347946387341
0.0334081676288213	0.961201430262188
0.0334294318066329	0.966932508707848
0.0334507230708293	0.975125195049138
0.0334720414731977	0.998209282808119
0.0334933870656572	1.00704154819178
0.0335147599002595	1.00605255528191
0.0335361600291893	0.931574188849421
0.0335575875047646	1.00079944748121
0.0335790423794372	1.01978588297233
0.0336005247057932	0.922232229951826
0.0336220345365533	0.934425868026935
0.0336435719245732	0.971900521497642
0.0336651369228443	0.944637302499183
0.0336867295844938	0.984577510184918
0.0337083499627854	1.06470658443676
0.0337299981111195	1.03419634698964
0.0337516740830339	1.02492741243695
0.0337733779322041	0.974649002484302
0.0337951097124436	0.969700941901135
0.0338168694777046	0.97113571496958
0.0338386572820785	1.01577051788625
0.0338604731797958	0.97428693620043
0.0338823172252274	1.03188308685537
0.0339041894728842	0.9582718578935
0.0339260899774182	0.972088239337319
0.0339480187936226	0.96013224192598
0.0339699759764324	1.04877692968951
0.0339919615809248	0.977778691793815
0.0340139756623195	1.01425334389752
0.0340360182759798	0.977781029743492
0.0340580894774121	0.98960473530916
0.0340801893222671	0.999647084966433
0.0341023178663401	0.994623711458481
0.0341244751655714	0.957974118114383
0.0341466612760465	0.987696139216866
0.0341688762539972	0.92540633963967
0.0341911201558015	1.04003539332153
0.0342133930379845	1.03460245968047
0.0342356949572185	1.00470710539757
0.0342580259703237	1.02476724903569
0.0342803861342688	0.954888755105924
0.0343027755061712	0.984975803079016
0.0343251941432975	1.01166406934564
0.0343476421030643	1.02367968123485
0.0343701194430385	1.00900062990797
0.0343926262209376	0.992231550048864
0.0344151624946306	0.975274741362242
0.0344377283221382	1.0399226488331
0.0344603237616332	0.962770495942468
0.0344829488714415	0.963110155817507
0.0345056037100419	0.963937147795565
0.0345282883360674	0.98959066188555
0.0345510028083049	1.02816767042108
0.0345737471856964	0.91468820692568
0.034596521527339	0.970328905444809
0.0346193258924856	0.996284004631407
0.0346421603405457	0.97541360919109
0.0346650249310853	0.97889238318252
0.0346879197238281	1.00622337434694
0.0347108447786553	1.02038629696888
0.0347338001556068	0.98152397732202
0.0347567859148814	1.02707893253012
0.0347798021168373	0.987585880795729
0.0348028488219926	0.993473984735572
0.034825926091026	1.00679964251478
0.0348490339847773	1.02797982048772
0.0348721725642479	1.00029706195695
0.0348953418906011	0.995049261242669
0.0349185420251631	0.99417974091974
0.0349417730294232	1.02379816261696
0.0349650349650344	0.979904722380912
0.034988327893814	0.958912051892595
0.0350116518777443	0.971177980837958
0.0350350069789728	0.991931359172233
0.0350583932598129	1.05120157349527
0.0350818107827448	0.876105807101201
0.0351052596104153	0.996254165000737
0.0351287398056391	0.970709851794162
0.0351522514313991	1.01533358323502
0.0351757945508467	1.00965498201513
0.0351993692273028	1.03838045514087
0.0352229755242582	0.998461372185629
0.0352466135053738	1.02920692436704
0.0352702832344819	1.01114047973148
0.0352939847755861	0.997868662040057
0.0353177181928624	1.00550325270852
0.0353414835506593	1.03955387044422
0.0353652809134987	0.987845749010591
0.0353891103460766	0.990957385013142
0.0354129719132631	1.00276820684564
0.0354368656801037	0.93713377559742
0.0354607917118195	1.03155386151906
0.0354847500738077	0.939865655666803
0.0355087408316425	1.02066738095152
0.0355327640510756	0.906680189962482
0.0355568197980366	1.01531013051832
0.035580908138634	0.86727776332558
0.0356050291391552	0.981681978623498
0.0356291828660679	1.02721244809267
0.0356533693860198	0.99903735037675
0.0356775887658402	1.02222053105001
0.0357018410725398	1.04575169798165
0.0357261263733117	0.994154384189487
0.0357504447355319	1.02442777053981
0.0357747962267601	1.03011971598838
0.0357991809147401	1.08005442354004
0.0358235988674005	0.9706496889417
0.0358480501528555	0.989537581102412
0.0358725348394052	0.982576908369468
0.0358970529955367	0.980770745903246
0.0359216046899241	0.997767437257165
0.0359461899914298	0.902737415944848
0.0359708089691048	1.03377608363357
0.0359954616921892	1.02622842266024
0.0360201482301134	0.903664998238182
0.036044868652498	0.948030009123083
0.0360696230291552	1.00189638176028
0.0360944114300888	0.965637525372536
0.0361192339254955	0.981984774168072
0.036144090585765	0.993452871764017
0.0361689814814809	1.0385026563665
0.0361939066834214	1.02706906162345
0.0362188662625601	0.945893243089842
0.0362438602900662	1.04045009012201
0.0362688888373058	0.9924996922921
0.0362939519758421	1.00974249830069
0.0363190497774362	0.950330644036422
0.036344182314048	0.98830174745926
0.0363693496578365	0.934073703602079
0.036394551881161	1.06019618770758
0.0364197890565812	0.976714239177946
0.0364450612568583	0.926110234239972
0.0364703685549558	1.01513030366432
0.0364957110240398	0.991414224916162
0.0365210887374799	0.923000166437961
0.0365465017688501	1.0022804997094
0.036571950191929	0.994799942242589
0.0365974340807011	1.02632594677934
0.0366229535093573	1.03502570844273
0.0366485085522953	1.03176390918306
0.036674099284121	1.01964042901292
0.0366997257796483	0.967476997689774
0.036725388113901	1.03748629356795
0.0367510863621122	1.03843123176754
0.0367768205997263	1.05658069621094
0.0368025909023989	1.04871953021172
0.0368283973459977	0.988208384181674
0.0368542400066036	0.977504349964998
0.0368801189605111	1.05497167153256
0.036906034284229	0.903826047046634
0.0369319860544814	0.96423726237827
0.0369579743482085	0.991977896979464
0.0369839992425671	1.01688085887851
0.0370100608149313	0.892393656915551
0.0370361591428938	1.00652610607992
0.037062294304266	0.978741075982437
0.0370884663770793	1.03621448462081
0.0371146754395856	1.02717245690248
0.0371409215702581	1.03426794129185
0.0371672048477922	1.03425951358124
0.0371935253511062	1.04785840547808
0.0372198831593421	1.03826442451314
0.0372462783518664	0.995753933382804
0.0372727110082709	1.03697135111644
0.0372991812083735	1.07080292722733
0.0373256890322189	0.96839071290584
0.0373522345600797	1.01628109570964
0.0373788178724569	0.981230570719718
0.0374054390500808	0.940967690486003
0.0374320981739119	0.998420413185006
0.0374587953251417	0.976492168586512
0.0374855305851935	1.00898293148929
0.0375123040357231	1.01843312714237
0.0375391157586198	0.958526921196393
0.0375659658360074	0.974709020350112
0.0375928543502445	0.976187068138154
0.0376197813839258	0.995835216565178
0.0376467470198829	1.00947431415416
0.0376737513411849	1.0045395097409
0.0377007944311396	0.992347592655835
0.0377278763732941	0.987609452831905
0.0377549972514356	0.994004452164484
0.0377821571495925	0.951998459345773
0.0378093561520353	0.935789755546123
0.0378365943432772	1.0180846688363
0.037863871808075	0.886260098717112
0.0378911886314302	0.962059758199197
0.03791854489859	0.99344172432744
0.0379459406950476	0.951295096269288
0.0379733761065435	0.953795906158305
0.0380008512190667	0.928194273827097
0.0380283661188547	0.999966232029361
0.0380559208923955	0.975547382267432
0.0380835156264275	1.00353855031861
0.0381111504079411	0.98035581787806
0.0381388253241794	0.957766682457728
0.0381665404626389	1.01576062288332
0.0381942959110708	1.01840688452465
0.0382220917574817	1.04176185687079
0.0382499280901345	1.04565868438086
0.0382778049975496	1.03637742192032
0.0383057225685053	1.00189467260296
0.0383336808920394	1.03468062083371
0.0383616800574498	0.905248902281631
0.0383897201542953	1.00409074940923
0.0384178012723969	0.993173763512742
0.0384459235018386	1.00555856310426
0.0384740869329683	0.928725631048311
0.0385022916563987	0.974134937820316
0.0385305377630088	1.0083895791096
0.0385588253439441	1.06201604051179
0.038587154490618	1.0102123120506
0.038615525294713	1.05997616579308
0.0386439378481812	1.00674855828599
0.0386723922432456	1.02434069074487
0.038700888572401	1.03718744801402
0.038729426928415	1.013869591963
0.0387580074043291	0.995909441389244
0.0387866300934596	1.02465397781808
0.0388152950893987	0.967004398487295
0.0388440024860155	0.982333233346417
0.0388727523774569	0.977475563888264
0.0389015448581488	0.94868681889216
0.038930380022797	0.959289509197415
0.0389592579663884	0.876487038697296
0.038988178784192	0.985239390783725
0.0390171425717597	0.947961518197959
0.0390461494249277	1.02232464590133
0.0390751994398173	0.972027171042865
0.0391042927128362	0.977266064297742
0.0391334293406793	0.994290084238654
0.0391626094203301	0.955811337871253
0.0391918330490612	0.967520629316203
0.0392211003244363	0.981255252764725
0.0392504113443102	0.98911148705594
0.0392797662068309	0.910863288575562
0.0393091650104399	0.991406450847074
0.0393386078538737	0.900330400662136
0.0393680948361651	0.919941975036244
0.0393976260566437	0.984418488363314
0.0394272016149375	0.889599683798113
0.039456821610974	1.00610472958565
0.0394864861449811	0.985916396635266
0.0395161953174883	0.947143095587278
0.0395459492293279	0.96088884449397
0.0395757479816362	0.951880221406632
0.0396055916758545	0.973245770983423
0.0396354804137303	0.985021233073979
0.0396654142973186	0.984762872712474
0.0396953934289827	0.940263254589213
0.0397254179113958	0.940797747231025
0.0397554878475418	0.968901120885671
0.0397856033407169	0.965512716613431
0.0398157644945302	0.92790378979854
0.0398459714129056	0.984687118453142
0.0398762242000823	0.981172730780856
0.0399065229606164	0.954456844871846
0.0399368677993821	0.970392610911968
0.0399672588215727	1.01153449600232
0.0399976961327021	1.03861271295377
0.0400281798386057	0.969455959694365
0.0400587100454419	0.987718414286278
0.0400892868596932	0.950816020856371
0.0401199103881675	1.04293140110633
0.0401505807379991	1.01194398563271
0.0401812980166505	0.985903965444703
0.0402120623319129	1.02081094362495
0.0402428737919083	1.01657679141455
0.0402737325050899	1.0041520375489
0.0403046385802442	0.952533302582145
0.0403355921264917	0.987732029631165
0.0403665932532884	0.955918272298703
0.040397642070427	0.947566463396339
0.0404287386880382	0.961684683593875
0.0404598832165924	0.927918954333682
0.0404910757669003	1.04277707237233
0.0405223164501147	0.987423202696655
0.0405536053777318	0.964170518419148
0.0405849426615923	0.967805163540564
0.040616328413883	1.01495542410329
0.0406477627471377	1.00886606664856
0.0406792457742393	0.95709200867556
0.0407107776084203	0.992583831811056
0.0407423583632647	0.97669184939309
0.0407739881527093	0.974915303387885
0.0408056670910449	0.955385016471521
0.0408373952929178	0.987688094063961
0.040869172873331	0.909664089067829
0.040900999947646	0.973953899500673
0.0409328766315838	0.96777388244205
0.0409648030412263	0.949783677619004
0.0409967792930181	0.931980274899016
0.0410288055037674	0.97554491147142
0.0410608817906479	0.945469873419367
0.0410930082712	0.957902534177824
0.0411251850633321	0.92829760630213
0.0411574122853222	0.916836901880379
0.0411896900558196	0.96895129657291
0.0412220184938457	0.911191931914448
0.0412543977187961	0.98556906284523
0.0412868278504419	1.00005965900319
0.0413193090089309	1.0068936074816
0.0413518413147894	0.948532170516343
0.0413844248889235	0.945566453099001
0.0414170598526208	0.935859138217445
0.0414497463275518	1.01104722397313
0.0414824844357711	1.02321527656647
0.0415152742997197	0.995165601672617
0.0415481160422255	1.02358854523014
0.0415810097865058	1.02147311179434
0.0416139556561682	0.971173650355826
0.0416469537752124	0.983086182283035
0.0416800042680317	1.0155749051083
0.0417131072594148	1.05600766482104
0.0417462628745468	0.988387286164283
0.0417794712390113	0.984106144927852
0.0418127324787919	1.02260160918812
0.0418460467202735	1.0088425748471
0.0418794140902444	0.920745558056486
0.0419128347158973	0.979656824916753
0.0419463087248315	0.993744972064249
0.0419798362450541	0.988851433980622
0.0420134174049818	1.03568900358799
0.0420470523334425	0.965302547252216
0.0420807411596772	1.0444257528793
0.0421144840133412	1.01439040399381
0.042148281024506	1.00194574263373
0.0421821323236611	1.03424580147462
0.0422160380417155	1.01797326629448
0.0422499983099994	0.963950490307249
0.0422840132602659	0.994262907895371
0.0423180830246927	1.03635283754137
0.0423522077358841	1.02361065448673
0.0423863875268723	0.950820313477934
0.0424206225311191	0.969518877828017
0.0424549128825181	0.958077790521638
0.042489258715396	1.03856072082332
0.0425236601645148	0.951184512851093
0.042558117365073	0.926096160666651
0.0425926304527078	0.928854058543849
0.0426271995634968	0.952410168777385
0.0426618248339595	0.974832615491783
0.0426965064010595	0.965894236198666
0.0427312444022063	0.933271838782448
0.0427660389752566	0.955760634422701
0.0428008902585167	0.939266674878039
0.042835798390744	0.902815711452027
0.0428707635111491	0.943077986776781
0.0429057857593974	0.954436936451772
0.0429408652756109	0.954473185008319
0.0429760022003706	1.00806577677816
0.0430111966747177	0.998654800550465
0.0430464488401558	1.01062789276052
0.0430817588386529	0.988326483991426
0.0431171268126433	0.920868027374149
0.0431525529050291	1.02982663432733
0.0431880372591828	1.04795517273205
0.0432235800189485	0.993959841316879
0.0432591813286445	1.01329314820554
0.0432948413330648	0.964528337642246
0.0433305601774813	0.967036426041917
0.0433663380076456	0.905065560596777
0.0434021749697914	0.965408056419806
0.0434380712106357	1.03882439829625
0.0434740268773817	1.03985976656251
0.04351004211772	0.977521158370529
0.0435461170798315	0.998996120708057
0.0435822519123885	1.00208931686718
0.0436184467645574	0.98642224858379
0.0436547017860004	1.046025549051
0.043691017126878	1.0036244351427
0.0437273929378504	0.952653904677622
0.0437638293700802	1.05467605329067
0.0438003265752342	0.972154667730299
0.0438368847054856	0.980595244853912
0.0438735039135158	0.983990888150419
0.0439101843525173	0.976259615913264
0.0439469261761948	1.04681568957486
0.0439837295387683	0.991875386619481
0.0440205945949746	1.01314639710936
0.0440575215000698	1.02449826824821
0.0440945104098313	0.975721438805304
0.0441315614805602	1.01062914818301
0.0441686748690833	0.982100972338704
0.0442058507327555	1.00346476820382
0.0442430892294616	1.03015344490727
0.0442803905176193	1.01149798963312
0.0443177547561807	0.831114520737017
0.0443551821046349	0.927496006582966
0.0443926727230103	1.02155684773833
0.0444302267718767	0.957468447564804
0.0444678444123478	0.99902479903098
0.0445055258060834	0.963402017070239
0.0445432711152915	0.931486413538945
0.0445810805027312	1.01802261628378
0.0446189541317144	1.00529035229517
0.0446568921661086	0.961123028235631
0.044694894770339	0.908944391840989
0.044732962109391	0.943056563244401
0.0447710943488127	0.966385944939336
0.0448092916547168	0.906221517301874
0.0448475541937838	0.916477683785302
0.0448858821332637	0.975918007450459
0.0449242756409788	1.04186104294242
0.0449627348853263	0.958574817902794
0.0450012600352803	0.966943114135245
0.0450398512603945	0.989059953894632
0.0450785087308048	0.961661894799503
0.0451172326172319	0.971031605682846
0.0451560230909832	0.984719092997035
0.0451948803239562	0.9669611714752
0.0452338044886401	1.01284895922149
0.0452727957581194	0.943149348583087
0.0453118543060754	0.888450613669558
0.0453509803067896	1.0358803668114
0.0453901739351458	1.06070888032863
0.045429435366633	1.01463142119249
0.0454687647773478	0.950124887099031
0.0455081623439973	0.900435653362575
0.0455476282439013	1.04337697587713
0.0455871626549956	0.992537569216351
0.045626765755834	1.02838880460956
0.0456664377255915	0.996710601098869
0.0457061787440666	1.03264328733322
0.0457459889916845	0.979854176895406
0.0457858686494993	0.951004256335695
0.0458258178991971	1.00658878184746
0.0458658369230988	0.991500200727327
0.0459059259041624	1.00753743779659
0.0459460850259864	0.990828865590923
0.0459863144728121	1.02778298580454
0.046026614429527	0.92962677395279
0.0460669850816668	1.0285972934943
0.046107426615419	0.965943766020056
0.0461479392176255	1.02007739955048
0.0461885230757854	1.00780478145669
0.0462291783780578	1.00269899733909
0.046269905313265	0.988290192141317
0.0463107040708954	0.93594939203113
0.046351574841106	1.0248897242893
0.0463925178147261	0.987681249711194
0.0464335331832594	1.03178477850682
0.0464746211388877	0.896448291205808
0.0465157818744736	1.02098320413152
0.0465570155835635	0.978658228214622
0.0465983224603907	1.00214916747438
0.0466397026998784	0.972584032112432
0.0466811564976428	0.94899908425026
0.0467226840499963	0.9337415263181
0.0467642855539503	0.947652995979638
0.0468059612072186	0.965074516139001
0.0468477112082204	1.01288057843719
0.0468895357560836	1.03604514714067
0.0469314350506476	0.982783809078807
0.046973409292467	0.954559001676394
0.0470154586828141	0.914867746958162
0.0470575834236831	0.93142111353003
0.0470997837177924	0.951344469610462
0.0471420597685883	0.947001884206861
0.0471844117802482	0.964446092399818
0.047226839957684	0.963981266457599
0.0472693445065451	0.955582682365348
0.047311925633222	0.9618247663331
0.0473545835448497	0.974260267479946
0.0473973184493106	1.05422459867135
0.0474401305552385	0.958229713881771
0.0474830200720215	0.980148827162935
0.0475259872098056	0.935202087908385
0.0475690321794981	0.950666225437972
0.0476121551927713	0.956435346368836
0.0476553564620656	1.01303277409241
0.047698636200593	0.914907893245945
0.047741994622341	1.00141697349169
0.0477854319420756	0.979197217615256
0.0478289483753455	0.98141329940145
0.0478725441384849	1.009780687208
0.0479162194486177	0.956290974992048
0.0479599745236608	0.947530252262349
0.0480038095823277	0.991554563865707
0.0480477248441324	0.999868456805825
0.0480917205293929	1.05923497184802
0.0481357968592347	1.01086721261673
0.048179954055595	0.986227435583799
0.0482241923412259	0.969581824320212
0.0482685119396983	1.00603027909963
0.048312913075406	0.972496450045098
0.048357395973569	1.04130009257192
0.0484019608602376	1.00187586511743
0.0484466079622961	0.955623434720459
0.0484913375074669	1.02545036055098
0.0485361497243139	0.958034272066609
0.0485810448422469	0.955043099193998
0.0486260230915251	1.00748610596338
0.0486710847032613	0.946315249502568
0.048716229909426	1.01749798588475
0.0487614589428508	0.934253786178828
0.0488067720372329	1.08371178037539
0.0488521694271391	1.02170830598201
0.0488976513480097	1.0092730674691
0.0489432180361624	1.01470871479215
0.0489888697287968	1.0400982391423
0.0490346066639984	1.04613799989961
0.0490804290807424	1.00036382832
0.0491263372188983	1.04465336308455
0.0491723313192339	0.990621108365927
0.0492184116234193	0.979288836242198
0.0492645783740317	1.011949912717
0.0493108318145589	1.04364896648239
0.0493571721894044	0.987556692584428
0.0494035997438909	0.963783195951834
0.0494501147242654	0.92723601575498
0.0494967173777027	0.909482634856075
0.0495434079523107	0.887643491769704
0.0495901866971341	0.970217383553584
0.0496370538621591	0.968766888920711
0.0496840096983179	0.933675854567495
0.0497310544574931	0.983974912599855
0.0497781883925221	0.956619445030422
0.049825411757202	0.883218946744406
0.0498727248062935	0.896538365248486
0.0499201277955264	0.891298680435189
0.0499676209816031	0.875312586884564
0.0500152046222044	0.898063306170277
0.050062878975993	0.927909446808765
0.0501106443026194	0.871610052302575
0.0501585008627254	0.846224048514281
0.0502064489179498	0.940156040414387
0.0502544887309326	0.975901536965209
0.0503026205653202	1.00051934030157
0.0503508446857696	0.957226211835104
0.0503991613579542	0.993698886552448
0.0504475708485677	1.01270220119974
0.0504960734253296	1.05010387907805
0.0505446693569901	1.05784621251469
0.0505933589133348	0.990466943756634
0.0506421423651898	0.98630337480461
0.0506910199844269	0.980111000386067
0.0507399920439684	0.950408239232629
0.0507890588177924	1.03021104176311
0.0508382205809377	1.03859762315406
0.050887477609509	1.04027283010498
0.0509368301806823	0.968111151987206
0.0509862785727097	0.93891308291782
0.0510358230649249	0.985314191623708
0.0510854639377485	0.981081946138352
0.051135201472693	0.923401514360256
0.0511850359523684	0.94116825643606
0.0512349676604876	0.929237672760795
0.0512849968818714	0.984629355103912
0.0513351239024542	1.01010993299274
0.0513853490092897	0.982419449935123
0.0514356724905556	1.06059648144897
0.05148609463556	1.01572337492327
0.0515366157347464	1.03266078842288
0.0515872360796994	1.06275783531189
0.0516379559631503	1.04334481343863
0.0516887756789829	1.00563684960065
0.051739695522239	1.02043363497505
0.051790715789124	1.05600845671811
0.0518418367770129	0.966739803317325
0.0518930587844562	0.945863428126011
0.0519443821111851	0.974885962439875
0.051995807058118	0.942519043260725
0.0520473339273661	1.01352893228853
0.0520989630222392	0.989908903463377
0.0521506946472519	0.896022477578558
0.0522025291081294	0.932956616331359
0.0522544667118137	0.893773449494568
0.0523065077664695	0.888141533187968
0.0523586525814902	0.804918396261936
0.0524109014675044	0.769118605435812
0.0524632547363818	0.77707945725682
0.0525157127012394	0.809122749703668
0.0525682756764477	0.799636396751004
0.0526209439776374	0.794217931889294
0.052673717921705	0.80533634927457
0.0527265978268197	0.80699190056577
0.0527795840124298	0.828720282500496
0.0528326767992688	0.852821658619278
0.0528858765093621	0.872586946576352
0.0529391834660334	0.869572549795185
0.0529925979939114	0.879829779000959
0.0530461204189362	0.921276478588919
0.0530997510683662	0.95994797993394
0.0531534902707843	0.982050158251537
0.0532073383561052	0.990930903242767
0.0532612956555818	1.03148987185969
0.0533153625018119	0.962843308514843
0.0533695392287453	0.934489357849422
0.0534238261716905	0.981671861271574
0.0534782236673218	1.0129466176649
0.0535327320536861	1.02864569137148
0.0535873516702097	1.00691816660379
0.053642082857706	1.00753092309906
0.0536969259583819	0.998648776248192
0.0537518813158452	0.97674219039164
0.0538069492751119	0.961611010593008
0.0538621301826133	0.943234360992501
0.0539174243862032	0.944984104181252
0.0539728322351653	0.939481668128242
0.0540283540802205	0.922836874791761
0.0540839902735343	0.866270784668921
0.0541397411687246	0.935831262611373
0.0541956071208684	1.0069455155508
0.05425158848651	0.993373896056711
0.0543076856236686	0.978514494066114
0.0543638988918454	1.02144544868838
0.0544202286520319	1.00203645462005
0.054476675266717	1.03672589595047
0.0545332390998953	1.04152013124141
0.0545899205170749	0.98563390999548
0.0546467198852848	0.950373465918378
0.0547036375730832	0.962947074542664
0.0547606739505656	0.973748756394334
0.0548178293893724	0.942705298634165
0.0548751042626972	0.889098625829102
0.0549324989452952	0.923669550693371
0.0549900138134906	0.955244296593277
0.0550476492451858	0.913572373807703
0.0551054056198688	0.874212670793336
0.0551632833186223	0.862795022524808
0.0552212827241313	0.800070372625615
0.0552794042206922	0.762783123045371
0.055337648194221	0.717969401298908
0.0553960150322618	0.767490875981688
0.0554545051239954	0.734693494948969
0.0555131188602482	0.760908186145269
0.0555718566335005	0.747409804680352
0.0556307188378957	0.741363892170912
0.0556897058692486	0.750436349661083
0.0557488181250549	0.746911664410198
0.0558080560044995	0.782192272306781
0.055867419908466	0.807141186783914
0.0559269102395453	0.785914634419016
0.0559865274020451	0.862053225490524
0.0560462718019989	0.911222956010055
0.056106143847175	0.935780906460478
0.0561661439470861	0.962319921971251
0.0562262725129987	0.954578985795415
0.0562865299579418	0.980645968563443
0.0563469166967175	0.9972830003548
0.0564074331459094	1.01233414244084
0.0564680797238928	0.984731713603044
0.0565288568508443	0.988633619296473
0.0565897649487514	1.01601410026302
0.0566508044414222	1.03285933668743
0.0567119757544953	1.01577410933851
0.0567732793154496	1.03429172957544
0.0568347155536147	0.984246557781692
0.0568962849001803	1.01066610640861
0.0569579877882065	0.975215788157645
0.0570198246526344	0.937134204826598
0.0570817959302954	0.916007189567607
0.0571439020599225	0.932610302464877
0.05720614348216	0.962067153562806
0.057268520639574	0.867638964732105
0.0573310339766631	0.936680990527628
0.0573936839398689	0.984844935221305
0.0574564709775865	0.923897273690063
0.0575193955401753	0.933071377081063
0.0575824580799696	1.01928163144594
0.0576456590512899	1.04609196948152
0.0577089989104532	1.04253408703393
0.0577724781157844	1.01163941808
0.0578360971276272	1.03254200878307
0.0578998564083552	0.969532062607181
0.0579637564223833	1.01035486464906
0.0580277976361788	0.973238345208158
0.0580919805182725	0.958390958741025
0.0581563055392709	0.976389501882678
0.0582207731718668	0.911046516178931
0.0582853838908516	0.894767323125883
0.0583501381731263	0.893219257970421
0.0584150364977139	0.838460938652968
0.0584800793457708	0.838055416553524
0.0585452672005986	0.800972060327809
0.0586106005476566	0.755472472417313
0.0586760798745731	0.770185810086649
0.0587417056711583	0.724324477053765
0.058807478429416	0.73674925813245
0.058873398643556	0.714417526967439
0.0589394668100066	0.675552126936799
0.0590056834274268	0.743569699688003
0.0590720489967194	0.718129158537424
0.059138564021043	0.770778778347184
0.0592052290058249	0.80329967993601
0.0592720444587742	0.804728894347166
0.0593390108898944	0.822953780055228
0.0594061288114963	0.879263558687185
0.0594733987382115	0.904693489686195
0.0595408211870049	0.948906108313342
0.0596083966771886	0.999083008716736
0.0596761257304349	0.956617244548521
0.0597440088707895	0.954444317751273
0.0598120466246857	0.975377909424944
0.0598802395209572	0.930419682180051
0.0599485880908524	1.02749143667394
0.0600170928680479	1.01799809370649
0.0600857543886626	1.09759686303276
0.0601545731912714	0.984442653833049
0.0602235498169195	1.00188250053372
0.0602926848091366	1.01928352066906
0.0603619787139509	0.932631431512312
0.060431432079904	0.94594836914801
0.0605010454580646	0.920959028480266
0.060570819402044	1.04447492298054
0.0606407544680099	0.942295334165722
0.0607108512147018	0.951692054844289
0.0607811102034456	0.917961082904681
0.0608515319981687	0.997325717961527
0.0609221171654148	0.904146039427807
0.0609928662743596	0.959046950075011
0.0610637798968257	1.04545506444838
0.0611348586072981	0.994559246643124
0.0612061029829397	1.05121179649195
0.0612775136036071	0.985616716383566
0.0613490910518661	0.980580338809092
0.0614208359130075	0.977232704922514
0.0614927487750635	0.998538413991417
0.0615648302288232	1.01641583134498
0.0616370808678492	0.99246233622836
0.0617095012884935	0.968592352850769
0.0617820920899143	0.97983203110923
0.0618548538740923	0.968674865906253
0.0619277872458474	0.98042965039144
0.0620008928128556	0.926401096866217
0.0620741711856654	0.878542686895592
0.0621476229777154	0.857537162754964
0.0622212488053511	0.88965025735985
0.0622950492878421	0.817489867320811
0.0623690250473995	0.760226773841974
0.0624431767091937	0.828822771167475
0.0625175049013715	0.764282624677087
0.062592010255074	0.792519398190534
0.0626666934044549	0.74911663144294
0.0627415549866979	0.777034905638511
0.0628165956420349	0.791904646924593
0.0628918160137648	0.825512127012993
0.0629672167482712	0.834955496828321
0.0630427984950414	0.829921377661642
0.0631185619066846	0.895284183103281
0.0631945076389512	0.939776819714012
0.0632706363507512	0.900044411081332
0.0633469487041739	0.891550841349922
0.0634234453645063	0.977188438891608
0.0635001270002531	0.958326234974026
0.0635769942831557	1.04376663254889
0.0636540478882124	1.01939454399419
0.0637312884936973	0.965002885193798
0.0638087167811811	0.992935444812125
0.0638863334355505	0.961504118138086
0.0639641391450288	1.0305615456956
0.0640421346011959	1.05710752637295
0.064120320499009	1.06145355609215
0.0641986975368234	1.04324190122282
0.0642772664164129	1.00622963062262
0.0643560278429909	0.994655889910725
0.0644349825252318	0.938192704757099
0.0645141311752917	1.07327047565949
0.0645934745088303	0.969627468007638
0.0646730132450322	0.966098575780529
0.0647527481066287	0.950165093241869
0.0648326798199198	0.938666356849181
0.0649128091147961	1.01310732109392
0.0649931367247609	1.06303150041645
0.0650736633869531	1.00332832172051
0.0651543898421691	0.993117462894537
0.0652353168348859	1.01834986534094
0.0653164451132839	1.00155397812624
0.06539777542927	1.0225479171675
0.0654793085385009	1.05470544365421
0.0655610452004061	1.00693130853186
0.0656429861782119	1.06427559392069
0.0657251322389651	1.00905086249189
0.0658074841535569	0.975074564154357
0.0658900426967467	0.977882060106241
0.065972808647187	0.993421905741832
0.0660557827874474	0.955640827792519
0.0661389659040393	0.981250229611891
0.0662223587874412	0.940936776246473
0.066305962232123	0.949672241728343
0.0663897770365718	0.889071146413234
0.0664738040033174	0.89350583550184
0.0665580439389573	0.891344962589946
0.0666424976541831	0.913788493035845
0.0667271659638062	0.91677546845148
0.0668120496867841	0.880741650484257
0.0668971496462469	0.875705231280609
0.0669824666695236	0.89275757686214
0.0670680015881693	0.937668227217521
0.0671537552379919	0.890574781641397
0.0672397284590796	0.839868188338988
0.0673259220958281	0.896271807938582
0.0674123369969682	0.962494316044778
0.067498974015594	0.883788345628436
0.0675858340091907	0.968663663216575
0.0676729178396629	0.958347203493099
0.0677602263733633	0.977398804120577
0.0678477604811211	1.0188833396864
0.0679355210382712	1.06564070049086
0.0680235089246834	1.01548211005327
0.0681117250247917	0.998308917837959
0.0682001702276239	1.05559549308116
0.0682888454268316	1.04182989641099
0.0683777515207202	1.02615358578474
0.0684668894122792	0.992269002984648
0.068556260009213	1.01422390138293
0.0686458642239713	1.04035070148947
0.0687357029737805	1.01942322240276
0.0688257771806749	0.974474594129159
0.0689160877715284	1.0055282241677
0.0690066356780858	1.00965739442299
0.0690974218369954	1.00878792021688
0.069188447189841	0.99402348002882
0.0692797126831746	1.02814442863624
0.0693712192685489	1.05524120979987
0.0694629679025508	1.06274425112184
0.0695549595468345	1.02479690692949
0.0696471951681552	1.06791768498442
0.0697396757384027	1.08134485906109
0.0698324022346359	1.0426984952364
0.0699253756391169	1.00998011990839
0.0700185969393461	0.987591521853702
0.0701120671280966	1.04588827090153
0.0702057872034498	1.00846768129546
0.0702997581688309	1.03200299857803
0.0703939810330448	0.981741360165069
0.0704884568103118	0.988843769795072
0.0705831865203044	0.994155461128457
0.0706781711881839	0.978616331579442
0.0707734118446372	0.928435744422525
0.0708689095259143	0.984133739439465
0.0709646652738658	0.970599386579822
0.0710606801359807	0.975772926584616
0.0711569551654247	0.951571611477323
0.0712534914210786	0.920660016042217
0.0713502899675774	0.979767443974304
0.0714473518753491	0.904101095688552
0.0715446782206542	0.963824728881096
0.0716422700856258	0.934860993846532
0.0717401285583094	0.897550852282424
0.0718382547327032	0.92945797689231
0.0719366497087994	0.967008187299449
0.0720353145926249	0.974450295907265
0.0721342504962826	0.969399645031978
0.0722334585379938	0.948728220951151
0.0723329398421396	0.986199008249785
0.0724326955393039	0.941886071829386
0.0725327267663159	0.980524895738546
0.0726330346662938	0.955880786978566
0.0727336203886875	0.925659205379936
0.0728344850893232	0.992346110121959
0.0729356299304476	1.03425851460408
0.0730370560807721	1.00642385829505
0.0731387647155184	1.03255381015193
0.0732407570164635	1.04767593950481
0.0733430341719855	1.05116980037027
0.0734455973771098	1.05712123122144
0.0735484478335559	1.07457120884206
0.0736515867497839	1.01251367821097
0.0737550153410422	1.07548212950387
0.0738587348294149	0.981011688536084
0.0739627464438701	1.05221470873176
0.0740670514203088	1.04670693394646
0.074171651001613	1.01941596838761
0.0742765464376958	1.01231142264592
0.0743817389855511	1.05040820361889
0.0744872299093033	0.992519798447854
0.0745930204802587	1.06970627405579
0.0746991119769558	1.05781982699321
0.0748055056852174	0.985353404471923
0.0749122028982023	1.04225727084274
0.0750192049164576	0.94538020008417
0.0751265130479718	1.05224905932308
0.0752341286082278	1.03525300134351
0.0753420529202569	0.995002141297974
0.0754502873146931	0.936996711916184
0.0755588331298272	0.957997290702925
0.0756676917116627	1.04576062069438
0.075776864413971	1.01999248417031
0.0758863525983477	0.981609607067279
0.075996157634269	1.04516803515548
0.076106280899149	0.902364490009347
0.0762167237783973	1.00639923858176
0.076327487665477	0.985610335174276
0.0764385739619631	0.989845111984336
0.0765499840776023	0.958413254008725
0.0766617194303717	1.007145656293
0.0767737814465398	1.037196609656
0.0768861715607267	0.965588316976972
0.0769988912159655	0.976457746083826
0.0771119418637637	1.01905046319411
0.0772253249641664	0.973779991795109
0.0773390419858181	1.02619241205346
0.0774530944060267	1.03230461596905
0.0775674837108274	1.00332968174499
0.0776822113950472	0.975414598002458
0.07779727896237	1.00679704728619
0.0779126879254022	1.01308343879523
0.0780284398057394	0.99022837076914
0.0781445361340325	1.03924801033937
0.0782609784500559	0.937413146155869
0.0783777683027754	0.99598023024688
0.0784949072504165	0.984464975394257
0.0786123968605343	0.992368791945213
0.0787302387100827	0.985721248675351
0.0788484343854858	0.95224165114744
0.0789669854827083	0.920160573389012
0.079085893607328	1.00461357541356
0.0792051603746077	1.02685760043309
0.0793247874095687	1.05153339510146
0.0794447763470646	1.02413601298704
0.0795651288318555	1.02093657288355
0.0796858465186837	1.0816616006638
0.0798069310723487	1.02597087986184
0.0799283841677846	1.01050528988789
0.0800502074901367	1.01559860358955
0.0801724027348399	0.98323224391251
0.080294971607697	0.996497198172201
0.0804179158249581	1.04215033388629
0.080541237113401	1.01365975699992
0.0806649372104118	1.01502330105016
0.0807890178640666	1.02939700369886
0.0809134808332136	1.04228007403354
0.0810383278875566	1.03268044143624
0.0811635608077387	0.981254663470006
0.0812891813854267	0.89212256415983
0.081415191423397	0.943612934652203
0.0815415927356215	1.02015478539237
0.0816683871473548	1.00335164482845
0.0817955764952221	0.953856308722901
0.0819231626273075	0.911280921550698
0.0820511474032442	1.01373127942617
0.0821795326943042	0.985752207496403
0.0823083203834899	0.979545036997737
0.0824375123656258	0.983252801612011
0.0825671105474519	1.01801289539255
0.0826971168477171	1.00804003603146
0.0828275331972742	0.934250146399339
0.0829583615391752	0.996909119732496
0.0830896038287679	1.02685311544882
0.0832212620337934	0.999929170286679
0.0833533381344845	0.958889747938938
0.0834858341236648	1.014365158528
0.083618752006849	0.971500115509175
0.083752093802344	1.03070992047854
0.0838858615413513	1.07824328908873
0.08402005726807	1.01180272244553
0.0841546830398007	1.03674304647575
0.0842897409270512	1.00417375208095
0.084425233013642	1.05651847205167
0.084561161396814	1.04766412842641
0.0846975281873363	0.919096333270388
0.0848343355096157	1.05710032852245
0.0849715855018071	0.969768670698495
0.0851092803159246	1.03226568003111
0.0852474221179541	0.965482629856109
0.085386013087967	0.934907914167843
0.0855250554202348	0.944718199824606
0.0856645513233449	0.882567654396572
0.0858045030203174	0.937456132097658
0.0859449127487235	0.979068186142882
0.0860857827608044	0.972335319956897
0.086227115323592	0.989702843332213
0.0863689127190305	1.00579201918101
0.0865111772440988	1.0694437196969
0.0866539112109353	1.05370911850663
0.0867971169469624	1.02953955884698
0.0869407967950134	1.00979525015262
0.0870849531134602	1.01211088145087
0.0872295882763422	1.00242905600054
0.0873747046734971	1.0369534081183
0.0875203047106918	1.03063246570745
0.0876663908097558	1.00393974797159
0.0878129654087156	0.999271570097296
0.0879600309619298	1.03693071700744
0.0881075899402267	0.977521926855608
0.0882556448310423	0.989059759814725
0.0884041981385601	1.05100531902673
0.0885532523838524	1.01254815608157
0.088702810105023	0.957305736285513
0.0888528738573509	1.06827726089245
0.0890034462134363	1.07051169079767
0.0891545297633471	1.0109471535112
0.089306127114768	1.01610398341998
0.08945824089315	0.970686039772782
0.0896108737418622	0.962412676742429
0.0897640283223451	1.00947539648195
0.0899177073142649	1.02364517012604
0.09007191341567	0.946032664703459
0.0902266493431489	1.0057001142127
0.0903819178319897	0.98113405970985
0.0905377216363415	0.908378990399908
0.0906940635293765	0.975931985196579
0.0908509463034556	0.986876265933596
0.0910083727702938	1.02635724806605
0.0911663457611285	0.996342602024534
0.0913248681268893	1.05610490848571
0.0914839427383694	0.994776892862277
0.091643572486399	0.983656242414626
0.09180376028202	1.07816854724424
0.0919645090566637	1.05555602470501
0.092125821762329	1.04544876540013
0.0922877013717633	1.06900922320844
0.0924501508786451	1.10030809654211
0.0926131732977688	1.08674323988042
0.0927767716652306	1.10972141933643
0.0929409490386177	1.05432945842986
0.0931057084971983	1.02775319712437
0.0932710531421141	1.02551709306267
0.0934369860965753	1.01548301893466
0.0936035105060569	1.01805560677236
0.0937706295384973	0.99733853282127
0.0939383463844998	0.942798038614906
0.0941066642575349	0.960830611324296
0.0942755863941463	0.968084333453139
0.0944451160541575	0.915931518052466
0.0946152565208823	1.00509431783376
0.0947860111013365	0.972294914672196
0.0949573831264517	0.897663268033984
0.0951293759512926	0.991383403266244
0.0953019929552756	1.03383940323417
0.0954752375423899	0.952868702131612
0.0956491131414218	1.07196601797664
0.0958236232061806	1.03787468257154
0.0959987712157273	1.04675005928043
0.0961745606746057	1.09214023496307
0.0963509951130764	1.03114067113854
0.0965280780873529	1.02904350963784
0.0967058131798407	1.00815014984349
0.0968842039993788	1.00697764613101
0.0970632541814839	1.07505615568215
0.0972429673885973	1.04422713813899
0.0974233473103351	0.990152845136289
0.09760439766374	1.02172126703955
0.0977861221935372	1.04398356668847
0.0979685246723921	1.06267091633452
0.098151608901172	1.08681720236001
0.0983353787092093	1.00719679076983
0.0985198379545694	1.07599897607858
0.0987049905243198	1.02305730428618
0.0988908403348037	1.02926407729043
0.0990773913319161	1.00610398977887
0.0992646474913827	0.975575593729781
0.0994526128190428	0.950111220341765
0.0996412913511348	0.94844001476823
0.0998306871545847	0.887117843115295
0.100020804327299	0.933567285299437
0.10021164699846	0.911814143255189
0.100403219328823	0.990427886205559
0.100595525511024	0.965065459337386
0.100788569769878	1.0802230826276
0.100982356362695	1.06092940635831
0.101176889579589	1.05667050791158
0.101372173743795	1.01138288194006
0.101568213211992	1.06120318356462
0.101765012374624	1.01798094561507
0.10196257565623	1.11973423711327
0.102160907515772	1.05315016377769
0.102360012446976	1.03599037158832
0.102559894978666	1.00726664497645
0.102760559675111	1.00364552224226
0.10296201113637	1.06295117501313
0.103164253998645	1.05668824663841
0.103367292934638	1.05111905015646
0.103571132653906	1.00199064352569
0.10377577790323	1.00771591442846
0.103981233466983	1.02810497870048
0.104187504167499	0.917439185049496
0.104394594865455	0.967606632643887
0.10460251046025	0.881680007617913
0.104811255890391	0.836350843662623
0.105020836133888	0.831877371404989
0.105231256208643	0.78667008956371
0.105442521172857	0.840493728543134
0.105654636125432	0.850474511205204
0.105867606206381	0.86959356594521
0.106081436597246	0.925801297183385
0.106296132521513	0.953623058506558
0.106511699245044	1.00878280642617
0.106728142076502	0.994116461327317
0.106945466367789	1.07308952331871
0.107163677514487	1.00003453822595
0.107382780956307	1.08908371236313
0.107602782177535	1.04063598746433
0.107823686707495	1.01605024064391
0.10804550012101	1.03085992044214
0.108268228038871	0.942614002646189
0.108491876128314	0.990327117886144
0.108716450103497	1.00641699527848
0.108941955725988	1.05008870007881
0.10916839880526	1.06809950821351
0.109395785199187	1.05048503680048
0.10962412081455	0.981714516037316
0.10985341160755	0.981343386091341
0.110083663584323	0.967424063292314
0.110314882801467	0.884805302809729
0.110547075366573	0.833408980859675
0.11078024743876	0.750950152447951
0.111014405229221	0.769704507511985
0.111249555001779	0.774550102760141
0.111485703073437	0.798971673496111
0.11172285581495	0.872760761939977
0.111961019651397	0.89684102665333
0.112200201062759	0.940332586293798
0.112440406584509	0.93408787123372
0.112681642808206	0.99339467910204
0.112923916382097	1.02318326255412
0.113167234011732	1.00277493568182
0.113411602460577	1.05336255630891
0.113657028550644	1.01979136674941
0.113903519163127	1.0137460156776
0.11415108123904	0.991384853055122
0.114399721779875	1.05788048657723
0.114649447848258	0.941262102545015
0.114900266568617	1.03454647060235
0.115152185127864	1.01094181341895
0.115405210776076	1.04313319675942
0.115659350827195	1.07152331548224
0.115914612659729	1.00058589261691
0.116171003717471	1.01325369377698
0.116428531510217	0.950307311231902
0.116687203614502	0.859829488800108
0.116947027674343	0.80009128022051
0.117208011401994	0.739711881554562
0.117470162578704	0.655872480541758
0.117733489055494	0.592095914188195
0.11799799875394	0.615333243168702
0.118263699666968	0.688736356091024
0.118530599859659	0.767161085393024
0.118798707470062	0.835866150754366
0.119068030710025	0.895652475864874
0.119338577866034	0.984371489324024
0.119610357300058	1.04438072136216
0.119883377450415	0.985696415565051
0.120157646832643	1.08746448139018
0.120433174040387	1.01225635765726
0.120709967746295	1.03469116136047
0.12098803670293	1.01820724426172
0.121267389743688	1.01818951083104
0.121548035783741	1.06119734836251
0.121829983820977	1.03159821716158
0.122113242936969	0.998775007695924
0.122397822297945	1.01627417674921
0.122683731155778	0.994686594557418
0.12297097884899	0.981035011956196
0.12325957480377	0.995746476689767
0.123549528534998	0.93313397275879
0.1238408496473	0.994069718987201
0.124133547836103	0.923199549633637
0.124427632888711	0.887062373480014
0.124723114685397	0.833335620448215
0.125020003200511	0.779187794417528
0.125318308503598	0.766286421099028
0.125618040760541	0.817109560109999
0.125919210234712	0.874581523247062
0.126221827288148	0.923549577197668
0.126525902382735	0.95021917598406
0.126831446081415	1.00219537410003
0.12713846904941	1.00538630610613
0.127446982055464	1.08627873170712
0.127756995973098	1.02413781250788
0.128068521781893	1.06152083622471
0.128381570568781	1.00409188167777
0.128696153529362	0.96825606962925
0.129012281969242	0.990625301781728
0.129329967305383	1.04602271482849
0.129649221067479	1.04552971134399
0.12997005489935	1.00147457695172
0.130292480560361	1.0469157345025
0.130616509926854	1.07587830990541
0.130942154993609	1.03715180467485
0.131269427875324	1.03579645119532
0.131598340808118	0.988970515693942
0.131928906151052	1.03557539637422
0.132261136387683	0.953821751762727
0.13259504412763	0.915177559933973
0.132930642108173	0.881114733275207
0.133267943195871	0.856672101171468
0.133606960388207	0.813173677498903
0.133947706815258	0.79496154901129
0.134290195741388	0.838386062313272
0.134634440566971	0.850416348077206
0.134980454830139	0.930704542282998
0.135328252208556	0.949947670042477
0.135677846521219	1.01288263039392
0.136029251730291	1.03568985186741
0.136382481942958	1.05962434813518
0.136737551413318	1.13387856211011
0.137094474544297	1.06292123618328
0.137453265889596	1.10407399752442
0.137813940155674	1.06474219268668
0.138176512203748	1.07588074576153
0.138540997051846	1.07782976114374
0.138907409876871	1.10432504933753
0.139275766016712	1.00818202104641
0.139646080972382	1.07112602214582
0.140018370410197	1.04438236795847
0.140392650163978	1.05359449926603
0.140768936237302	1.01090246938594
0.14114724480578	1.01148163146991
0.141527592219378	0.936324926062388
0.141909995004767	0.93817437869823
0.142294469867722	0.92867655583892
0.142681033695552	0.87568094077111
0.143069703559573	0.914838534832048
0.143460496717623	0.938532485402152
0.143853430616612	0.951390070888302
0.144248522895124	1.00043408062036
0.144645791386053	0.979903715458378
0.145045254119284	1.04017357920288
0.145446929324427	1.08296205349849
0.145850835433584	1.04686718557738
0.146256991084173	1.05384461782468
0.14666541512179	1.03256493278622
0.147076126603129	1.030109984729
0.147489144798942	1.05548538588621
0.147904489197055	1.04850825926698
0.148322179505433	1.01640476754793
0.148742235655298	1.00230296012486
0.149164677804295	0.967758180343616
0.149589526339723	0.980714934404868
0.15001680188181	0.990588837850396
0.150446525287051	0.923139068353803
0.150878717651602	1.02290708835369
0.151313400314731	0.926717847721102
0.151750594862331	0.98624874284362
0.152190323130493	0.983659413462773
0.152632607209142	0.976932729065753
0.153077469445736	1.03168751870098
0.153524932449029	0.951042524264046
0.153975019092901	0.993425594398436
0.15442775252026	0.987107361810071
0.154883156147002	1.05959143177671
0.155341253666053	1.02820208428308
0.155802069051476	1.0166044599464
0.156265626562655	0.924562498819891
0.156731950748551	0.88630104092477
0.157201066452034	0.803950800407506
0.157672998814298	0.794287969671941
0.158147773279351	0.855732828377825
0.158625415598588	0.958985119582375
0.159105951835445	0.998987586226801
0.159589408370144	1.11035140423373
0.160075811904517	1.15161213012087
0.160565189466923	1.12244691828927
0.161057568417254	1.09768044917849
0.161552976452037	1.06287433677568
0.162051441609624	1.0402563636549
0.162552992275481	1.04997086650469
0.163057657187581	1.04985917871046
0.163565465441888	1.00364438917384
0.164076446497951	0.973284293328251
0.164590630184604	0.962857530621873
0.165108046705763	0.897265256330443
0.165628726646349	0.816713800709543
0.166152700978306	0.756204634109358
0.166680001066751	0.743447246224195
0.167210658676226	0.761585119440601
0.167744705977078	0.849713433013008
0.168282175551965	0.953147322261215
0.168823100402473	1.01648573883055
0.169367513955882	1.08995339773313
0.169915450072043	1.05879290052277
0.170466943050403	1.03306424714548
0.171022027637159	0.986430994124822
0.171580739032558	0.989778546231947
0.172143112898338	1.03780076905537
0.172709185365314	1.05054468809607
0.173278993041115	1.05140428528499
0.17385257301808	1.05955545823257
0.174429962881303	1.04896201211588
0.175011200716845	0.95143638658504
0.175596325120107	0.858655205843848
0.176185375204374	0.768461452302985
0.176778390609531	0.725732575862671
0.177375411510954	0.736918952327869
0.177976478628584	0.822336895589319
0.178581633236184	0.916035145680966
0.17919091717079	1.00130713482743
0.179804372842347	1.03894223317867
0.180422043243555	1.08522726566617
0.181043971959909	1.07862225450477
0.181670203179954	1.02497149521543
0.182300781705751	1.00997570276182
0.182935752963558	1.03532280491385
0.183575163014744	1.0968088015234
0.184219058566922	1.06422287863568
0.184867486985328	1.08038262453999
0.185520496304431	1.03472914318377
0.186178135239797	0.996449873585361
0.186840453200203	0.868803647178865
0.187507500300011	0.757854666004163
0.188179327371812	0.728817878096324
0.188855985979331	0.745999876106793
0.189537528430629	0.842000868951837
0.190224007791575	0.926476919557508
0.190915477899624	1.02723787561427
0.191611993377889	1.06655492862338
0.192313609649527	1.10843481447911
0.193020382952439	1.07518555099098
0.193732370354297	1.05602358080579
0.194449629767904	1.04261236135753
0.195172219966898	1.04857458687793
0.195900200601805	1.04250030010251
0.196633632216454	1.01506645720516
0.197372576264763	0.966027128403426
0.198117095127904	0.900607579766167
0.198867252131856	0.830364971158076
0.199623111565364	0.766719170528149
0.2003847386983	0.776512174170918
0.201152199800457	0.871087219543315
0.201925562160765	0.991448986720716
0.202704894106963	1.05278698706946
0.203490265025721	1.0933670162804
0.204281745383232	1.06723038020215
0.205079406746292	1.07174184273249
0.205883321803867	1.02464587609706
0.206693564389179	1.10915789072775
0.207510209502307	1.06692497379095
0.208333333333333	1.0479324813914
