0.00999809636245232	0.088341746823492
0.00999999999999973	0.0528213253122228
0.0100019043625904	0.0807122533940997
0.0100038094506385	0.169246786964518
0.0100057152645588	0.273357175725652
0.0100076218047662	0.339464511945801
0.010009529071676	0.347824439514788
0.0100114370657036	0.325667335617103
0.010013345787265	0.322021860254886
0.0100152552367764	0.366744742779466
0.0100171654146543	0.44635854696583
0.0100190763213155	0.516201420479597
0.0100209879571772	0.538702586759966
0.0100229003226569	0.514467073343016
0.0100248134181724	0.479885159214904
0.0100267272441417	0.474433769705514
0.0100286418009833	0.506728212945987
0.010030557089116	0.549162861236196
0.0100324731089588	0.564492584726037
0.0100343898609311	0.538694048847604
0.0100363073454526	0.490849728075234
0.0100382255629434	0.453073268275209
0.0100401445138238	0.439927622892733
0.0100420641985145	0.435849898324058
0.0100439846174364	0.411881936238625
0.010045905771011	0.355514956098098
0.0100478276596597	0.286305538548574
0.0100497502838047	0.242478318036266
0.0100516736438681	0.248020472679209
0.0100535977402727	0.28853716696692
0.0100555225734413	0.319137276189176
0.0100574481437971	0.29938326436034
0.0100593744517638	0.226634898324341
0.0100613014977653	0.140412181395139
0.0100632292822258	0.0933083752507879
0.0100651578055699	0.111817840354917
0.0100670870682224	0.179077463888343
0.0100690170706085	0.251034646105984
0.0100709478131539	0.290199434371158
0.0100728792962842	0.291197778872494
0.0100748115204258	0.280589090496476
0.0100767444860052	0.291870238049734
0.0100786781934491	0.33555336070015
0.0100806126431848	0.388916407636332
0.0100825478356397	0.41407188683272
0.0100844837712417	0.389184402873294
0.0100864204504189	0.326817116613758
0.0100883578735999	0.264437578671389
0.0100902960412134	0.234568199026822
0.0100922349536885	0.238556393048656
0.0100941746114548	0.247189693107222
0.010096115014942	0.228917118408644
0.0100980561645803	0.179337752119146
0.0100999980608001	0.12719634983384
0.0101019407040323	0.11583663267552
0.0101038840947079	0.171057720957711
0.0101058282332584	0.273573529184512
0.0101077731201157	0.36441842767375
0.0101097187557117	0.388338712358339
0.0101116651404791	0.336186763161819
0.0101136122748505	0.250138836148373
0.0101155601592591	0.194314153893743
0.0101175087941384	0.212033899630314
0.0101194581799221	0.295662311341483
0.0101214083170444	0.394096034413462
0.0101233592059397	0.454154563465362
0.0101253108470428	0.460664863076694
0.0101272632407888	0.445515223303573
0.0101292163876133	0.459993069483481
0.0101311702879519	0.528689383484938
0.0101331249422409	0.623315011060567
0.0101350803509168	0.682158300473152
0.0101370365144162	0.657268226353179
0.0101389934331765	0.54959570620454
0.010140951107635	0.407708080015863
0.0101429095382296	0.291474401457445
0.0101448687253984	0.229258851231269
0.01014682866958	0.205836738735533
0.0101487893712132	0.188005350064946
0.0101507508307372	0.159771549059229
0.0101527130485915	0.137782571579154
0.0101546760252158	0.156157871621099
0.0101566397610506	0.230868956518765
0.0101586042565362	0.334554537098827
0.0101605695121136	0.409290147379603
0.010162535528224	0.40885519199586
0.0101645023053089	0.332588519283339
0.0101664698438102	0.223728962443031
0.0101684381441703	0.137942188986706
0.0101704072068317	0.1080008155014
0.0101723770322372	0.129265707333298
0.0101743476208303	0.174151333089608
0.0101763189730545	0.220561028153697
0.0101782910893538	0.26754971518948
0.0101802639701724	0.326483705753779
0.0101822376159551	0.401128284939023
0.0101842120271468	0.47706195140118
0.0101861872041929	0.529278986242281
0.010188163147539	0.54086285434056
0.0101901398576313	0.514518974252723
0.010192117334916	0.465078282694847
0.0101940955798399	0.402930473880945
0.0101960745928501	0.328037327914216
0.010198054374394	0.24014644824153
0.0102000349249193	0.153436279574479
0.0102020162448743	0.0988357774711277
0.0102039983347072	0.106348506352338
0.0102059811948671	0.178429339795076
0.0102079648258029	0.27853317316458
0.0102099492279642	0.350583138311767
0.010211934401801	0.357998569581701
0.0102139203477633	0.309762223669968
0.0102159070663018	0.250355578233377
0.0102178945578674	0.222623287540086
0.0102198828229113	0.234915217068949
0.0102218718618851	0.259439314452185
0.0102238616752408	0.264031107858201
0.0102258522634308	0.248616490066061
0.0102278436269077	0.249531957027382
0.0102298357661244	0.306301985695391
0.0102318286815345	0.421230445100039
0.0102338223735916	0.546402518486521
0.0102358168427498	0.612814237249368
0.0102378120894635	0.583746571250885
0.0102398081141876	0.485752169872487
0.0102418049173771	0.386224531737895
0.0102438024994876	0.338738474456341
0.0102458008609749	0.34247330096534
0.0102478000022953	0.346030212525395
0.0102497999239053	0.295393235179963
0.0102518006262618	0.18808990609617
0.0102538021098221	0.0811750791443964
0.0102558043750439	0.0454013031058322
0.0102578074223851	0.109605837751414
0.0102598112523041	0.23765657223137
0.0102618158652597	0.351828257808883
0.0102638212617108	0.388580812934342
0.0102658274421169	0.344445242801768
0.0102678344069379	0.271408171677699
0.0102698421566338	0.228939874352077
0.0102718506916651	0.238038873829121
0.0102738600124928	0.2725380240492
0.010275870119578	0.289918699478657
0.0102778810133824	0.273967673398301
0.0102798926943679	0.250708867591945
0.0102819051629968	0.263361814501088
0.0102839184197317	0.331404723702812
0.0102859324650358	0.43057889741844
0.0102879472993725	0.509280665627914
0.0102899629232054	0.527116925257334
0.0102919793369987	0.484660420761021
0.0102939965412169	0.420766774086162
0.0102960145363249	0.379731325447265
0.0102980333227879	0.375268011099963
0.0103000529010715	0.381861062382283
0.0103020732716416	0.360379761512129
0.0103040944349645	0.294193651366665
0.0103061163915069	0.204313947756362
0.0103081391417359	0.13268756369184
0.0103101626861188	0.109318054252649
0.0103121870251236	0.13051309390243
0.0103142121592182	0.164818068263205
0.0103162380888713	0.17844603779292
0.0103182648145517	0.158333471207508
0.0103202923367286	0.117900413286291
0.0103223206558718	0.083945999589312
0.0103243497724511	0.0752160595774859
0.010326379686937	0.0904104352916066
0.0103284103998002	0.114499130242797
0.0103304419115117	0.133919306760276
0.0103324742225431	0.146392829678332
0.0103345073333662	0.159955766730781
0.0103365412444532	0.183345208352416
0.0103385759562767	0.215254223491013
0.0103406114693097	0.242685739394695
0.0103426477840254	0.250508864822789
0.0103446849008977	0.233111189250259
0.0103467228204005	0.19899500396165
0.0103487615430084	0.166117616519822
0.0103508010691961	0.150710382198536
0.0103528413994389	0.156014551726437
0.0103548825342123	0.169459855550842
0.0103569244739923	0.171944643992588
0.0103589672192552	0.1530229953646
0.0103610107704777	0.120408313856579
0.0103630551281369	0.0960334353722378
0.0103651002927102	0.100640563711638
0.0103671462646755	0.137693731868003
0.010369193044511	0.189093953635945
0.0103712406326953	0.227214876344603
0.0103732890297072	0.235154153194295
0.0103753382360263	0.220230628129835
0.0103773882521321	0.209811898822965
0.0103794390785049	0.230887540160667
0.010381490715625	0.2885272535866
0.0103835431639734	0.361405145435245
0.0103855964240312	0.418458830252745
0.0103876504962802	0.442731581123008
0.0103897053812022	0.443601365726787
0.0103917610792798	0.447456602168786
0.0103938175909956	0.472855468682686
0.0103958749168328	0.511269754375572
0.0103979330572749	0.532593037323201
0.0103999920128059	0.511383121509175
0.0104020517839101	0.450087541993851
0.010404112371072	0.379620889941819
0.0104061737747769	0.336429464009395
0.0104082359955101	0.332974736003714
0.0104102990337575	0.346369261555852
0.0104123628900053	0.338131120047163
0.01041442756474	0.289801348804236
0.0104164930584488	0.222003232643368
0.010418559371619	0.179334222022433
0.0104206265047383	0.193949567137957
0.0104226944582948	0.256991930631945
0.0104247632327773	0.320898641597708
0.0104268328286744	0.334005348028008
0.0104289032464757	0.281638373364599
0.0104309744866707	0.198033832261303
0.0104330465497496	0.138506848011146
0.0104351194362028	0.13656849924919
0.0104371931465213	0.179530385436236
0.0104392676811963	0.22013499809874
0.0104413430407194	0.217479839294057
0.0104434192255827	0.174716992809187
0.0104454962362786	0.137443441661523
0.0104475740733	0.153329803586668
0.01044965273714	0.230626120830144
0.0104517322282924	0.328846782394133
0.010453812547251	0.387227118228006
0.0104558936945104	0.371877433882495
0.0104579756705652	0.304622055783957
0.0104600584759107	0.245451209520274
0.0104621421110425	0.243589447835875
0.0104642265764565	0.300620169786013
0.0104663118726491	0.372579784885831
0.0104683980001171	0.406476356220233
0.0104704849593576	0.384621623144618
0.0104725727508682	0.340666658347777
0.0104746613751469	0.330548300024928
0.010476750832692	0.383854323805005
0.0104788411240022	0.478558253286638
0.0104809322495768	0.55734038557966
0.0104830242099152	0.571082197164905
0.0104851170055175	0.517485692279326
0.0104872106368839	0.443821398183177
0.0104893051045152	0.410127425189222
0.0104914004089126	0.444346744594264
0.0104934965505776	0.525150514572775
0.0104955935300122	0.601711337059884
0.0104976913477186	0.633575381839388
0.0104997900041997	0.62148756741133
0.0105018894999586	0.604463101600961
0.0105039898354989	0.62442057696779
0.0105060910113245	0.688631820369822
0.0105081930279398	0.760651663221621
0.0105102958858496	0.785010904395411
0.010512399585559	0.727012073732177
0.0105145041275736	0.599644264223684
0.0105166095123993	0.457456027017075
0.0105187157405426	0.360970920745971
0.0105208228125103	0.338206955274536
0.0105229307288096	0.371034357726101
0.010525039489948	0.413542526609291
0.0105271490964336	0.426060008771772
0.0105292595487747	0.399430040650661
0.0105313708474803	0.354558349951993
0.0105334829930595	0.321382903435923
0.010535595986022	0.314398560689863
0.0105377098268779	0.323065736404125
0.0105398245161376	0.32369615339196
0.0105419400543119	0.301006541587176
0.0105440564419122	0.26003947870373
0.0105461736794501	0.220767702497043
0.0105482917674378	0.20270944950702
0.0105504107063878	0.210849471380881
0.010552530496813	0.232293317982193
0.0105546511392266	0.24777288592831
0.0105567726341426	0.249750720988358
0.010558894982075	0.250481104598972
0.0105610181835385	0.271790511988835
0.010563142239048	0.325039379084541
0.0105652671491188	0.397700609686506
0.010567392914267	0.457675087085565
0.0105695195350086	0.473454001508888
0.0105716470118604	0.436503638429877
0.0105737753453393	0.370281966822129
0.010575904535963	0.318818636136258
0.0105780345842492	0.321026267158896
0.0105801654907164	0.387257568381395
0.0105822972558832	0.493694923453937
0.0105844298802688	0.596972085513967
0.0105865633643927	0.658193273413379
0.0105886977087751	0.662777515271097
0.0105908329139362	0.626139593377701
0.0105929689803969	0.581412899979703
0.0105951059086785	0.557519130455361
0.0105972436993026	0.564671855461554
0.0105993823527914	0.595740912355157
0.0106015218696673	0.635623417126635
0.0106036622504532	0.668396182293049
0.0106058034956727	0.681463909996071
0.0106079456058493	0.669364247904989
0.0106100885815074	0.636068536119266
0.0106122324231715	0.593732326501105
0.0106143771313668	0.558493175692652
0.0106165227066186	0.544841872908316
0.0106186691494529	0.559783145531786
0.0106208164603961	0.59882049991206
0.0106229646399748	0.646093319574956
0.0106251136887163	0.679748687254619
0.0106272636071482	0.681884733554397
0.0106294143957984	0.649285194101044
0.0106315660551955	0.597405587241438
0.0106337185858684	0.552143728895248
0.0106358719883463	0.533783980314481
0.0106380262631591	0.544534954824605
0.0106401814108368	0.56729921347425
0.0106423374319102	0.57491232541044
0.0106444943269101	0.544199682432622
0.0106466520963682	0.468165521778112
0.0106488107408163	0.360516078483403
0.0106509702607867	0.24999415764129
0.0106531306568122	0.167363050153264
0.010655291929426	0.132277344450971
0.0106574540791617	0.147370427319841
0.0106596171065534	0.201626196371295
0.0106617810121355	0.278078392589236
0.010663945796443	0.359258401151455
0.0106661114600113	0.429248482959733
0.0106682780033761	0.475519186164251
0.0106704454270738	0.491811898638522
0.0106726137316408	0.480512034034005
0.0106747829176144	0.45300678663138
0.0106769529855321	0.426743856966103
0.0106791239359319	0.418253309909109
0.0106812957693522	0.434899728792895
0.0106834684863318	0.47108622568289
0.0106856420874101	0.512117885448223
0.0106878165731267	0.544073654236153
0.0106899919440219	0.564881517095704
0.0106921682006362	0.588674427387992
0.0106943453435108	0.63606325366463
0.010696523373187	0.714939777033368
0.0106987022902069	0.809170294352656
0.0107008820951127	0.8856728006757
0.0107030627884474	0.912084594053083
0.0107052443707541	0.872499842143855
0.0107074268425767	0.776083676272483
0.0107096102044592	0.655256383036585
0.0107117944569461	0.549888092828769
0.0107139796005827	0.485295020012663
0.0107161656359143	0.46253746899121
0.0107183525634868	0.468156746413848
0.0107205403838467	0.490612399434642
0.0107227290975407	0.527919443004665
0.0107249187051161	0.582555927264266
0.0107271092071206	0.649830018718064
0.0107293006041024	0.710251838420057
0.0107314928966101	0.735510212591581
0.0107336860851927	0.706811655834362
0.0107358801703997	0.630570005455275
0.0107380751527812	0.537326829040433
0.0107402710328874	0.464194109798292
0.0107424678112693	0.433324596495839
0.0107446654884781	0.440429415808261
0.0107468640650657	0.460521403257596
0.0107490635415841	0.467659038057018
0.0107512639185861	0.455355943031636
0.0107534651966248	0.441566670043577
0.0107556673762538	0.452462451057664
0.010757870458027	0.497400288353173
0.0107600744424989	0.556200886254699
0.0107622793302245	0.589360621709613
0.0107644851217591	0.563366820292564
0.0107666918176586	0.472782744746408
0.0107688994184793	0.344221380734496
0.0107711079247779	0.220259089586568
0.0107733173371116	0.135081658110025
0.0107755276560381	0.0995167019332486
0.0107777388821155	0.10460955175037
0.0107799510159024	0.136460124847297
0.0107821640579579	0.187406226764893
0.0107843780088413	0.255389968379647
0.0107865928691128	0.335028362758299
0.0107888086393326	0.410863203596687
0.0107910253200617	0.46181777749014
0.0107932429118614	0.47570625338245
0.0107954614152935	0.460861056620126
0.0107976808309203	0.442392669151116
0.0107999011593045	0.444720845005189
0.0108021224010092	0.474413372001615
0.0108043445565982	0.51715966786421
0.0108065676266355	0.552128223288495
0.0108087916116858	0.572643252275214
0.010811016512314	0.594453188653411
0.0108132423290858	0.642131634753738
0.0108154690625669	0.723876540006061
0.010817696713324	0.815605408885058
0.0108199252819238	0.869078363359121
0.0108221547689339	0.842172806437307
0.0108243851749219	0.731080590838385
0.0108266165004563	0.578010786874023
0.0108288487461058	0.445249043844388
0.0108310819124397	0.374785672081221
0.0108333160000276	0.36510100841922
0.0108355510094398	0.382302277907801
0.0108377869412469	0.394416988546083
0.0108400237960201	0.398834173980351
0.0108422615743309	0.420134526865936
0.0108445002767515	0.481170371773115
0.0108467399038544	0.571507782469062
0.0108489804562125	0.641638510059451
0.0108512219343995	0.634991802027115
0.0108534643389892	0.535729466746497
0.0108557076705561	0.388345279725841
0.0108579519296751	0.268059570141519
0.0108601971169216	0.226819239279388
0.0108624432328715	0.25795531178487
0.0108646902781012	0.305644824177652
0.0108669382531874	0.314442369348457
0.0108691871587074	0.281822397784737
0.0108714369952391	0.266686977738782
0.0108736877633606	0.341614779280015
0.0108759394636507	0.526059317986579
0.0108781920966887	0.753569418931423
0.0108804456630542	0.903025872405592
0.0108827001633274	0.879238677479291
0.010884955598089	0.6842742454994
0.0108872119679201	0.420082229962067
0.0108894692734022	0.219033331862933
0.0108917275151176	0.156350468393948
0.0108939866936488	0.206665858068391
0.0108962468095788	0.273452617576407
0.0108985078634913	0.26895746129942
0.0109007698559702	0.182417748096732
0.0109030327876001	0.0838087673239081
0.010905296658966	0.0649086618189943
0.0109075614706533	0.166176949998451
0.0109098272232481	0.344155172949151
0.0109120939173368	0.50380208895635
0.0109143615535065	0.570063864825844
0.0109166301323444	0.540091593678945
0.0109188996544386	0.47631383861414
0.0109211701203774	0.452190823379042
0.0109234415307498	0.495496676580431
0.0109257138861452	0.571092310297123
0.0109279871871535	0.615026639320194
0.010930261434365	0.590529853593761
0.0109325366283706	0.518246605440167
0.0109348127697617	0.457255371235897
0.0109370898591302	0.4553805863109
0.0109393678970683	0.509631309076842
0.010941646884169	0.568611505337307
0.0109439268210255	0.575113449173391
0.0109462077082318	0.512936918346339
0.0109484895463821	0.420547960721453
0.0109507723360712	0.363534312531193
0.0109530560778945	0.386351812120732
0.0109553407724478	0.476708850397885
0.0109576264203274	0.570481847871906
0.0109599130221302	0.595531958434282
0.0109622005784533	0.519541946368767
0.0109644890898947	0.367771299011649
0.0109667785570526	0.205294337245131
0.0109690689805259	0.0988071457678858
0.0109713603609138	0.0790956176184705
0.0109736526988161	0.12591380924221
0.0109759459948333	0.185573350343418
0.010978240249566	0.208721423008195
0.0109805354636157	0.182279688331328
0.010982831637584	0.136039197481376
0.0109851287720734	0.122003198609191
0.0109874268676867	0.180133046001033
0.0109897259250271	0.310410291987138
0.0109920259446986	0.468149342995974
0.0109943269273054	0.588250091700976
0.0109966288734525	0.624481107094325
0.0109989317837451	0.57589531354418
0.0110012356587891	0.482784173192016
0.0110035404991909	0.398378005568611
0.0110058463055574	0.355901268755141
0.011008153078496	0.350983738279234
0.0110104608186145	0.351456272755392
0.0110127695265213	0.327846644057905
0.0110150792028254	0.279202609859485
0.0110173898481362	0.232167623257363
0.0110197014630636	0.215926596892074
0.0110220140482181	0.236447586902086
0.0110243276042107	0.272100631198405
0.0110266421316527	0.293576919990173
0.0110289576311563	0.291260170929554
0.0110312741033338	0.286036652295642
0.0110335915487984	0.310453731785255
0.0110359099681635	0.374061506878838
0.0110382293620432	0.446309024597351
0.0110405497310521	0.475897532400364
0.0110428710758052	0.43112965959599
0.0110451933969182	0.329112247204162
0.0110475166950071	0.230792429138732
0.0110498409706887	0.201504666635294
0.0110521662245799	0.264199836420855
0.0110544924572986	0.383106180689952
0.0110568196694629	0.49154470891829
0.0110591478616916	0.540949179065873
0.0110614770346038	0.533256074915761
0.0110638071888193	0.512479178212793
0.0110661383249584	0.52296398484767
0.0110684704436419	0.570146573507541
0.0110708035454912	0.61646749980677
0.011073137631128	0.613088959222218
0.0110754727011748	0.540138403622241
0.0110778087562544	0.423467113033786
0.0110801457969904	0.31362299832827
0.0110824838240065	0.245250312080469
0.0110848228379274	0.2140184443522
0.011087162839378	0.190071865370857
0.0110895038289838	0.153370214004146
0.0110918458073709	0.119259366198286
0.011094188775166	0.129450629561101
0.011096532732996	0.211755976338727
0.0110988776814888	0.344716400560196
0.0111012236212724	0.462889627966163
0.0111035705529755	0.50022596697907
0.0111059184772275	0.437360469805378
0.011108267394658	0.318777296909418
0.0111106173058974	0.224947940275259
0.0111129682115766	0.215002043476316
0.0111153201123269	0.283835302716403
0.0111176730087802	0.37035248830892
0.011120026901569	0.408838625358777
0.0111223817913262	0.379950253243695
0.0111247376786855	0.322726623648195
0.0111270945642807	0.30095989079853
0.0111294524487466	0.350725150040029
0.0111318113327182	0.449511469569478
0.0111341712168312	0.531099625467301
0.0111365321017219	0.536022440196005
0.011138893988027	0.459013778991265
0.0111412568763837	0.353483834604123
0.0111436207674299	0.287199440740514
0.011145985661804	0.28733172220815
0.0111483515601448	0.321157787428405
0.0111507184630919	0.325462599833057
0.0111530863712853	0.260623265400997
0.0111554552853654	0.148888083844653
0.0111578252059734	0.0642854311838101
0.0111601961337509	0.0766708022491059
0.01116256806934	0.193317778633577
0.0111649410133836	0.346676279265516
0.0111673149665248	0.439724266301131
0.0111696899294075	0.415599036468582
0.011172065902676	0.299817924758542
0.0111744428869754	0.183065076218678
0.0111768208829509	0.156642754798418
0.0111791998912487	0.247527602779911
0.0111815799125153	0.400285885444637
0.0111839609473977	0.519249551955331
0.0111863429965438	0.538401498570273
0.0111887260606017	0.464805898254548
0.0111911101402201	0.36532821607461
0.0111934952360484	0.312519669059346
0.0111958813487364	0.331792346455753
0.0111982684789347	0.386569375603417
0.0112006566272941	0.412575590829618
0.0112030457944662	0.375114835935097
0.0112054359811031	0.299048468768727
0.0112078271878575	0.243938061963183
0.0112102194153825	0.249453783603977
0.011212612664332	0.300794968813104
0.0112150069353602	0.340729597081968
0.0112174022291221	0.317274243687737
0.0112197985462731	0.230980022928934
0.0112221958874692	0.141878549456363
0.0112245942533669	0.124989356757434
0.0112269936446234	0.209212340754988
0.0112293940618964	0.350049638348792
0.0112317955058441	0.45811580474202
0.0112341979771253	0.463085147513757
0.0112366014763995	0.365412700133286
0.0112390060043265	0.235037017827176
0.0112414115615669	0.159280381509626
0.0112438181487818	0.182278888858567
0.0112462257666327	0.278566789087944
0.0112486344157819	0.376060344999767
0.0112510440968921	0.410959193482915
0.0112534548106268	0.372124659556772
0.0112558665576498	0.300181494201812
0.0112582793386256	0.248964597334161
0.0112606931542192	0.246310642528596
0.0112631080050963	0.2814071765389
0.011265523891923	0.321739873067831
0.0112679408153662	0.343199061374368
0.0112703587760931	0.347308340724563
0.0112727777747717	0.351342028795744
0.0112751978120704	0.363923567296698
0.0112776188886583	0.371283601108754
0.011280041005205	0.347421478627053
0.0112824641623808	0.279268328001909
0.0112848883608564	0.183482759637359
0.0112873136013031	0.0986643208462795
0.011289739884393	0.0593646957571795
0.0112921672107985	0.0724994959806958
0.0112945955811927	0.113317238102033
0.0112970249962493	0.144285797430554
0.0112994554566426	0.143010213854129
0.0113018869630473	0.116863916291067
0.0113043195161389	0.0940821782834252
0.0113067531165934	0.101463250489744
0.0113091877650873	0.146471581606952
0.0113116234622979	0.214803322416301
0.0113140602089028	0.282509249324371
0.0113164980055804	0.331837661477375
0.0113189368530095	0.358798553723968
0.0113213767518698	0.368978875641241
0.0113238177028412	0.368137263142771
0.0113262597066045	0.356871412242809
0.0113287027638409	0.333016705836613
0.0113311468752323	0.297557141775337
0.011333592041461	0.257257214861715
0.0113360382632101	0.221467057235539
0.0113384855411632	0.196152547751224
0.0113409338760045	0.180192986812951
0.0113433832684189	0.166904163304537
0.0113458337190917	0.149616492988213
0.0113482852287088	0.126927892451761
0.0113507377979568	0.103483435325562
0.011353191427523	0.0860510566325288
0.0113556461180951	0.0788691159901015
0.0113581018703613	0.082160556955471
0.0113605586850108	0.0937952165157225
0.0113630165627329	0.111515383176859
0.0113654755042179	0.133750149120432
0.0113679355101565	0.158511284075131
0.0113703965812401	0.181608292744864
0.0113728587181605	0.196951763713173
0.0113753219216104	0.200206447053866
0.0113777861922827	0.193007294485583
0.0113802515308714	0.183580247384118
0.0113827179380707	0.182670151523521
0.0113851854145756	0.197388281686637
0.0113876539610815	0.226939422341683
0.0113901235782848	0.262901560262673
0.011392594266882	0.293649678237878
0.0113950660275706	0.309777959610833
0.0113975388610485	0.307442712817564
0.0114000127680143	0.288865413525999
0.0114024877491671	0.260912526590925
0.0114049638052068	0.232921218619617
0.0114074409368338	0.214572992729821
0.011409919144749	0.213374609211692
0.011412398429654	0.230688354982657
0.011414878792251	0.258164103274108
0.011417360233243	0.279515145697971
0.0114198427533332	0.279111931747492
0.0114223263532258	0.252045368290126
0.0114248110336255	0.208863683305467
0.0114272967952375	0.171741760679048
0.0114297836387676	0.162655882290759
0.0114322715649225	0.188968741544857
0.0114347605744092	0.236944331961976
0.0114372506679354	0.280543834805365
0.0114397418462096	0.299716480923337
0.0114422341099406	0.293799483670386
0.0114447274598382	0.281065420424829
0.0114472218966123	0.286261837256046
0.011449717420974	0.32493988614401
0.0114522140336347	0.39507349547729
0.0114547117353063	0.481297321927205
0.0114572105267017	0.566184712161274
0.0114597104085341	0.636948709032922
0.0114622113815174	0.682975882477753
0.0114647134463662	0.691282419547103
0.0114672166037957	0.64909377982077
0.0114697208545217	0.553812489581443
0.0114722261992606	0.422083120966089
0.0114747326387295	0.289029309147743
0.0114772401736461	0.193933619268627
0.0114797488047286	0.157954397905301
0.011482258532696	0.169585575583874
0.0114847693582678	0.192594098556243
0.0114872812821644	0.193170606476298
0.0114897943051064	0.165368833520999
0.0114923084278154	0.135581220312465
0.0114948236510135	0.14261162995567
0.0114973399754233	0.206493612543866
0.0114998574017682	0.309048846745394
0.0115023759307723	0.403581514516733
0.01150489556316	0.4479645367625
0.0115074162996568	0.433511895055018
0.0115099381409885	0.385921653604915
0.0115124610878815	0.341305647042725
0.0115149851410632	0.320628589612659
0.0115175103012612	0.321798115066503
0.0115200365692041	0.330964792617239
0.0115225639456209	0.340643192949923
0.0115250924312413	0.357801766967759
0.0115276220267957	0.392946428136436
0.0115301527330152	0.440416405302325
0.0115326845506313	0.472256985943503
0.0115352174803763	0.456157224796358
0.0115377515229832	0.384202984972664
0.0115402866791856	0.287472601820808
0.0115428229497176	0.220382032776737
0.0115453603353142	0.223060993994005
0.0115478988367109	0.291230909671454
0.0115504384546438	0.378396020249991
0.0115529791898497	0.428674487230767
0.0115555210430661	0.415915628859934
0.011558064015031	0.360721064202209
0.0115606081064834	0.312163293991751
0.0115631533181625	0.308595310265437
0.0115656996508084	0.34977033504
0.0115682471051619	0.401007473805998
0.0115707956819642	0.422735696609544
0.0115733453819574	0.401325576576477
0.0115758962058843	0.358153163852281
0.011578448154488	0.330563476943343
0.0115810012285126	0.342017606684318
0.0115835554287028	0.388021713843707
0.0115861107558037	0.447136451658804
0.0115886672105615	0.50198626696124
0.0115912247937226	0.55007612595619
0.0115937835060344	0.597535279337169
0.0115963433482447	0.643612443823127
0.0115989043211022	0.670980047458203
0.0116014664253562	0.65353256816985
0.0116040296617565	0.578375449786345
0.0116065940310537	0.463313262629604
0.0116091595339991	0.351947983389032
0.0116117261713445	0.286672573806836
0.0116142939438426	0.280266849801709
0.0116168628522465	0.309490707176691
0.0116194328973103	0.334452981593382
0.0116220040797883	0.326469800975583
0.011624576400436	0.284575979103496
0.0116271498600091	0.232035638086056
0.0116297244592644	0.196656339022385
0.0116323001989589	0.189633911827506
0.0116348770798507	0.199994467396868
0.0116374551026982	0.207114294896476
0.0116400342682609	0.197734022562019
0.0116426145772986	0.174807855153501
0.0116451960305719	0.154596374946716
0.0116477786288422	0.154819448186891
0.0116503623728713	0.182668230410584
0.0116529472634219	0.232573612840405
0.0116555333012573	0.293427537046142
0.0116581204871416	0.355618824366886
0.0116607088218393	0.412086302634959
0.0116632983061159	0.455712957317846
0.0116658889407373	0.477579380697314
0.0116684807264703	0.469062843492114
0.0116710736640823	0.427885942702782
0.0116736677543412	0.363535748407382
0.011676262998016	0.295706864074333
0.011678859395876	0.244779955372768
0.0116814569486913	0.220799014804051
0.0116840556572328	0.21898037610278
0.011686655522272	0.224627788290716
0.011689256544581	0.223771657717657
0.0116918587249327	0.212239354522415
0.0116944620641007	0.196930889439096
0.0116970665628591	0.188957697249861
0.0116996722219831	0.19482376619953
0.0117022790422481	0.212451904138246
0.0117048870244305	0.233755638573618
0.0117074961693073	0.250736361026905
0.0117101064776562	0.260652022510817
0.0117127179502557	0.266845671368867
0.0117153305878847	0.27478375584808
0.0117179443913231	0.287056359333847
0.0117205593613515	0.302667591865568
0.0117231754987508	0.320984225994242
0.0117257928043031	0.344431026465437
0.011728411278791	0.375717854692197
0.0117310309229976	0.412508322704299
0.0117336517377069	0.445225942504446
0.0117362737237038	0.46096259132304
0.0117388968817734	0.451975329817523
0.0117415212127019	0.422667673218683
0.0117441467172762	0.388076115681038
0.0117467733962836	0.363384915034578
0.0117494012505123	0.352707776483994
0.0117520302807514	0.346760129577268
0.0117546604877903	0.331527240854411
0.0117572918724193	0.300652959181788
0.0117599244354296	0.261167497071976
0.0117625581776128	0.227691426182199
0.0117651930997614	0.209583683413418
0.0117678292026684	0.201910172697246
0.0117704664871279	0.189367798137904
0.0117731049539343	0.161186023578259
0.0117757446038829	0.123719391859006
0.0117783854377697	0.0980196993457332
0.0117810274563914	0.10262231011891
0.0117836706605455	0.136471231530202
0.0117863150510301	0.178409254727779
0.011788960628644	0.204519295386723
0.0117916073941869	0.208561495166185
0.011794255348459	0.208920779134662
0.0117969044922613	0.234959589288018
0.0117995548263956	0.300382875112362
0.0118022063516643	0.386223389177302
0.0118048590688706	0.452132088114611
0.0118075129788183	0.466919226714513
0.0118101680823122	0.431033651513929
0.0118128243801575	0.37455268277157
0.0118154818731604	0.333839561364479
0.0118181405621276	0.3239737572445
0.0118208004478666	0.329893610755463
0.0118234615311856	0.325503060053211
0.0118261238128938	0.302383705338875
0.0118287872938007	0.279831293724083
0.0118314519747167	0.286736692581639
0.0118341178564532	0.331189917239008
0.0118367849398219	0.38537297333814
0.0118394532256354	0.402084988054036
0.0118421227147072	0.351694093763959
0.0118447934078514	0.249914741323234
0.0118474653058827	0.15305636215018
0.0118501384096167	0.120156965201119
0.0118528127198698	0.168388776237687
0.0118554882374589	0.259584837026905
0.0118581649632018	0.331166967875911
0.0118608428979171	0.344515898115485
0.011863522042424	0.311097052560775
0.0118662023975425	0.279977959596325
0.0118688839640934	0.300067773793199
0.011871566742898	0.384124229598912
0.0118742507347787	0.499240428891075
0.0118769359405584	0.591283311158151
0.0118796223610608	0.624682650639308
0.0118823099971103	0.604408189880382
0.0118849988495322	0.562327388379423
0.0118876889191524	0.524350345449914
0.0118903802067976	0.491046983618352
0.0118930727132952	0.447073749851947
0.0118957664394735	0.386468993415014
0.0118984613861613	0.328013540150762
0.0119011575541884	0.304776185035381
0.0119038549443853	0.335811276489704
0.011906553557583	0.404988273791478
0.0119092533946137	0.466068285336288
0.0119119544563099	0.472059912374317
0.0119146567435052	0.409284476764623
0.0119173602570337	0.311716049915048
0.0119200649977305	0.24216425648048
0.0119227709664313	0.250956475537064
0.0119254781639726	0.341507568672009
0.0119281865911916	0.467220073761356
0.0119308962489263	0.560660963986466
0.0119336071380156	0.574264271139702
0.011936319259299	0.506302399671453
0.0119390326136167	0.397856238229847
0.0119417472018099	0.306527578922611
0.0119444630247204	0.27580574497009
0.0119471800831907	0.316220118873246
0.0119498983780643	0.403125198653477
0.0119526179101853	0.48967757821329
0.0119553386803985	0.530825365288575
0.0119580606895497	0.507241834631882
0.0119607839384853	0.433954048239549
0.0119635084280525	0.348771360373423
0.0119662341590993	0.291808865663485
0.0119689611324745	0.289194688037609
0.0119716893490275	0.344342699017688
0.0119744188096088	0.437264895132137
0.0119771495150693	0.534874950321024
0.0119798814662609	0.60808325872835
0.0119826146640363	0.641136580341024
0.011985349109249	0.627448912750614
0.011988084802753	0.565532670654801
0.0119908217454033	0.465043378549543
0.0119935599380558	0.351697854513326
0.0119962993815669	0.258861432731865
0.011999040076794	0.212350776538643
0.0120017820245951	0.219474565934134
0.0120045252258292	0.263989539105751
0.012007269681356	0.310780904208629
0.0120100153920358	0.327060813747504
0.01201276235873	0.308958024099682
0.0120155105823006	0.288329497547953
0.0120182600636104	0.312343007558588
0.0120210108035229	0.41167055116868
0.0120237628029027	0.575068621742593
0.012026516062615	0.744654399179756
0.0120292705835256	0.842369601029064
0.0120320263665014	0.817329683659305
0.01203478341241	0.680267253081476
0.0120375417221197	0.497657003501569
0.0120403012964998	0.350312394432139
0.0120430621364201	0.287034844297908
0.0120458242427514	0.303550880811533
0.0120485876163654	0.354893154408313
0.0120513522581343	0.388336968464053
0.0120541181689314	0.37775550085398
0.0120568853496305	0.338943432710277
0.0120596538011065	0.31193268557989
0.012062423524235	0.325070688013962
0.0120651945198923	0.375482565168324
0.0120679667889555	0.437539941663322
0.0120707403323028	0.482539635962222
0.0120735151508128	0.496153240713395
0.0120762912453652	0.48734110974973
0.0120790686168405	0.479244962476658
0.0120818472661197	0.486461178968759
0.012084627194085	0.501342596905185
0.0120874084016193	0.501208855946329
0.012090190889606	0.467073027845035
0.0120929746589299	0.400605899858315
0.012095759710476	0.327251681522475
0.0120985460451306	0.278776144613267
0.0121013336637806	0.269268919927351
0.0121041225673136	0.287279646242795
0.0121069127566183	0.307529100049566
0.012109704232584	0.308950204713306
0.0121124969961009	0.287920983797538
0.01211529104806	0.2596885368848
0.0121180863893533	0.245009138565587
0.0121208830208733	0.251848437639522
0.0121236809435135	0.26862562728859
0.0121264801581682	0.273842250490138
0.0121292806657327	0.253378990601452
0.0121320824671028	0.213867350668558
0.0121348855631753	0.182470228090789
0.0121376899548479	0.190244596993354
0.0121404956430191	0.249914572150501
0.012143302628588	0.345354991554638
0.0121461109124549	0.439963614809394
0.0121489204955206	0.497276968872678
0.012151731378687	0.502314157234603
0.0121545435628566	0.472104016007123
0.012157357048933	0.446111489375834
0.0121601718378204	0.458664237811844
0.012162987930424	0.511780017200694
0.0121658053276496	0.570071910953637
0.0121686240304042	0.583057070904056
0.0121714440395953	0.519879683788479
0.0121742653561315	0.394271612775032
0.0121770879809221	0.263289643625505
0.0121799119148772	0.195813552951101
0.0121827371589079	0.226378364300812
0.012185563713926	0.32813481206539
0.0121883915808443	0.430280947399219
0.0121912207605763	0.467097576378988
0.0121940512540364	0.420057279717342
0.0121968830621399	0.327818039127231
0.0121997161858028	0.262150612953193
0.0122025506259422	0.280334646092378
0.0122053863834758	0.382939141723953
0.0122082234593224	0.515533793775026
0.0122110618544013	0.61595679275635
0.0122139015696331	0.659723431269569
0.0122167426059389	0.664915410866857
0.0122195849642408	0.665951516706398
0.0122224286454617	0.683402555980557
0.0122252736505256	0.707561675232728
0.0122281199803569	0.707940448300483
0.0122309676358813	0.664686839126988
0.0122338166180252	0.593291642241194
0.0122366669277157	0.536221461680915
0.0122395185658811	0.525951028559974
0.0122423715334502	0.551627716375255
0.012245225831353	0.563818355160275
0.0122480814605202	0.517579988256498
0.0122509384218833	0.413588240787471
0.0122537967163748	0.302971593802643
0.012256656344928	0.256248257939207
0.0122595173084771	0.313111146912576
0.0122623796079572	0.44290785829775
0.0122652432443042	0.558395302558483
0.0122681082184549	0.582798794707764
0.0122709745313471	0.506317270237222
0.0122738421839193	0.385828943969749
0.0122767111771109	0.305028645277686
0.0122795815118623	0.323976335378407
0.0122824531891146	0.437889746926177
0.01228532620981	0.577826208653075
0.0122882005748914	0.663703976054829
0.0122910762853026	0.662385861245373
0.0122939533419885	0.599214348427633
0.0122968317458945	0.526472535634614
0.0122997114979673	0.485701238742136
0.0123025925991542	0.488451002675722
0.0123054750504034	0.520161086814341
0.0123083588526642	0.55862198754499
0.0123112440068866	0.590451500151286
0.0123141305140215	0.613207624222397
0.0123170183750209	0.624468743125871
0.0123199075908373	0.612575236207352
0.0123227981624245	0.5637953473078
0.012325690090737	0.481012819135162
0.0123285833767301	0.391508110386511
0.0123314780213603	0.33218618322301
0.0123343740255846	0.324936946859954
0.0123372713903613	0.361228269602846
0.0123401701166493	0.404720009218228
0.0123430702054086	0.411740744830571
0.0123459716576	0.36099881224535
0.0123488744741851	0.272189632069929
0.0123517786561267	0.195691796558406
0.0123546842043882	0.179940542246919
0.0123575911199341	0.242237890771235
0.0123604994037297	0.361273314214985
0.0123634090567413	0.490490063174572
0.0123663200799361	0.582005498950664
0.0123692324742821	0.609262522278845
0.0123721462407483	0.576185180857706
0.0123750613803046	0.508264528751232
0.0123779778939219	0.435247760340915
0.0123808957825719	0.379106718390294
0.0123838150472271	0.350961323204815
0.0123867356888613	0.351724152095171
0.0123896577084488	0.372582124097824
0.012392581106965	0.39605838457022
0.0123955058853864	0.400147599153578
0.0123984320446901	0.367350049291722
0.0124013595858543	0.296172195549179
0.0124042885098581	0.207181893223527
0.0124072188176816	0.136485434793884
0.0124101505103056	0.117395799414355
0.012413083588712	0.159666295458878
0.0124160180538837	0.239938913218153
0.0124189539068044	0.312779070626813
0.0124218911484587	0.337407112423384
0.0124248297798322	0.302472968646574
0.0124277698019115	0.233073741983918
0.012430711215684	0.176256011225062
0.0124336540221381	0.173040233997487
0.0124365982222631	0.233890656696268
0.0124395438170494	0.334909572973983
0.012442490807488	0.436481374193049
0.0124454391945712	0.506548995788784
0.0124483889792921	0.530837158785807
0.0124513401626446	0.510400454015134
0.0124542927456238	0.456210065204718
0.0124572467292255	0.384545307710941
0.0124602021144467	0.31318267274764
0.0124631589022851	0.259782982878018
0.0124661170937394	0.239864317370216
0.0124690766898095	0.258605247567022
0.0124720376914959	0.300462546512915
0.0124750000998002	0.330723418355217
0.0124779639157251	0.315592213964766
0.0124809291402739	0.248335752242165
0.0124838957744512	0.159613662181778
0.0124868638192624	0.101455023192739
0.0124898332757138	0.11491247966824
0.0124928041448128	0.202313024660794
0.0124957764275677	0.322147953041388
0.0124987501249877	0.413022749882706
0.0125017252380831	0.432498998438216
0.0125047017678649	0.380527558045134
0.0125076797153455	0.291582944561128
0.0125106590815377	0.209282785376464
0.0125136398674558	0.16343425630043
0.0125166220741147	0.158930048823456
0.0125196057025304	0.180691204831399
0.0125225907537199	0.210132264708809
0.0125255772287012	0.235871116376312
0.0125285651284932	0.249927567019616
0.0125315544541157	0.242467561655644
0.0125345452065896	0.207327961848798
0.0125375373869367	0.152579649167064
0.0125405309961799	0.103553039500265
0.0125435260353429	0.0923141026478785
0.0125465225054504	0.137138806402038
0.0125495204075283	0.2251160241372
0.0125525197426033	0.313395192942963
0.012555520511703	0.352878918590028
0.0125585227158561	0.320196386852836
0.0125615263560924	0.234662631924122
0.0125645314334424	0.146689034488395
0.0125675379489378	0.105868297396083
0.0125705459036113	0.130911131668973
0.0125735552984964	0.200621949760233
0.0125765661346279	0.270884285092775
0.0125795784130411	0.304803233381742
0.0125825921347729	0.293398212988075
0.0125856073008607	0.254239496062963
0.0125886239123431	0.215366682166586
0.0125916419702598	0.199233090427986
0.0125946614756512	0.214686811701953
0.0125976824295591	0.257680402705205
0.0126007048330258	0.316681316511884
0.012603728687095	0.376547951649811
0.0126067539928114	0.419343783087633
0.0126097807512204	0.427288769974523
0.0126128089633686	0.391019617647488
0.0126158386303037	0.317840284688029
0.0126188697530742	0.231834967833865
0.0126219023327298	0.163607500148872
0.012624936370321	0.134850119669742
0.0126279718668994	0.146745627026494
0.0126310088235178	0.180150946476263
0.0126340472412297	0.208377936723571
0.0126370871210898	0.213763754821955
0.0126401284641539	0.196826800975
0.0126431712714785	0.17362102458041
0.0126462155441214	0.164591921664363
0.0126492612831413	0.182044809865701
0.012652308489598	0.223403760196966
0.0126553571645523	0.273188878985045
0.0126584073090659	0.310830814869699
0.0126614589242017	0.319526801261785
0.0126645120110235	0.292976657057135
0.0126675665705961	0.23820645401368
0.0126706226039855	0.17354451174536
0.0126736801122587	0.121980726899839
0.0126767390964834	0.101528266321793
0.0126797995577289	0.116320070983906
0.012682861497065	0.153711500609392
0.0126859249155628	0.190469935453276
0.0126889898142944	0.205142578384992
0.0126920561943329	0.188982725409786
0.0126951240567526	0.149427835027671
0.0126981934026285	0.105747246011857
0.012701264233037	0.0799456756078526
0.0127043365490553	0.0869151744595889
0.0127074103517617	0.128303615978172
0.0127104856422357	0.192651998684672
0.0127135624215576	0.260698674238423
0.0127166406908089	0.313236883000591
0.0127197204510721	0.338532335811974
0.0127228017034308	0.336422292959888
0.0127258844489695	0.317994161738622
0.0127289686887739	0.299836014005966
0.0127320544239308	0.292847992037044
0.0127351416555279	0.293816119027694
0.0127382303846541	0.29035580332574
0.0127413206123991	0.274566569526061
0.012744412339854	0.250722949607191
0.0127475055681107	0.233163298446396
0.0127506002982623	0.239016911778463
0.012753696531403	0.278419524636928
0.0127567942686278	0.348281014150502
0.012759893511033	0.436404773987247
0.012762994259716	0.530685354199509
0.0127660965157751	0.622925968667494
0.0127692002803098	0.705132249663434
0.0127723055544205	0.762058923990626
0.012775412339209	0.768418589247579
0.0127785206357777	0.701305367507727
0.0127816304452305	0.562544014329749
0.0127847417686722	0.388334096437766
0.0127878546072086	0.234208044113907
0.0127909689619467	0.145677786318314
0.0127940848339945	0.133303416626388
0.0127972022244612	0.168955582474527
0.0128003211344569	0.208025746733128
0.012803441565093	0.221189548542525
0.0128065635174818	0.211987249558522
0.0128096869927367	0.20977165926232
0.0128128119919723	0.243157744361673
0.0128159385163042	0.312877568664579
0.0128190665668492	0.388987414027993
0.0128221961447249	0.436594179320659
0.0128253272510504	0.443623149647319
0.0128284598869457	0.425288455184553
0.0128315940535317	0.406807395085215
0.0128347297519307	0.401707929171346
0.0128378669832659	0.402728076853979
0.0128410057486618	0.393277701601169
0.0128441460492437	0.368740182222764
0.0128472878861384	0.345655122971421
0.0128504312604734	0.349246914662634
0.0128535761733776	0.389211540297017
0.0128567226259808	0.442756398643451
0.012859870619414	0.462659213472998
0.0128630201548093	0.411135122015762
0.0128661712333	0.292981625063497
0.0128693238560204	0.157507142538746
0.0128724780241058	0.0678973477569754
0.0128756337386929	0.0629277476900491
0.0128787910009194	0.136763634514324
0.0128819498119239	0.248060830678591
0.0128851101728463	0.349389015865343
0.0128882720848278	0.413437347889196
0.0128914355490105	0.43906769266229
0.0128946005665375	0.439417709059556
0.0128977671385533	0.425139491470282
0.0129009352662034	0.397339645443239
0.0129041049506344	0.35683513637353
0.0129072761929941	0.317476701481127
0.0129104489944313	0.304348880321241
0.0129136233560961	0.335919379780005
0.0129167992791396	0.40722012521218
0.0129199767647141	0.489409431716292
0.0129231558139731	0.548201297193691
0.012926336428071	0.568909660682385
0.0129295186081635	0.567996282653666
0.0129327023554076	0.581012066293957
0.012935887670961	0.635250730220366
0.0129390745559831	0.725266362925117
0.0129422630116339	0.809612921383916
0.0129454530390749	0.835339442059191
0.0129486446394686	0.772845535790557
0.0129518378139788	0.63336353380573
0.0129550325637702	0.459986826258224
0.0129582288900088	0.303664109247553
0.0129614267938618	0.199449372002176
0.0129646262764974	0.155730624354866
0.0129678273390852	0.160551629361159
0.0129710299827956	0.195035803975797
0.0129742342088004	0.241416704515121
0.0129774400182726	0.284149625482438
0.0129806474123862	0.309227847971184
0.0129838563923164	0.306502245695596
0.0129870669592397	0.277483751667268
0.0129902791143335	0.242580663280929
0.0129934928587767	0.235551594027755
0.012996708193749	0.284057291652899
0.0129999251204317	0.390515965091603
0.0130031436400068	0.526505185112602
0.0130063637536577	0.64345776414395
0.0130095854625692	0.695346125990307
0.0130128087679268	0.663731384704215
0.0130160336709175	0.570196530955855
0.0130192601727295	0.464869372421965
0.0130224882745519	0.396976188703698
0.0130257179775753	0.388226919558865
0.0130289492829912	0.425042671658422
0.0130321821919926	0.469629530531751
0.0130354167057733	0.48133438685157
0.0130386528255286	0.438573333138834
0.0130418905524548	0.349880489293318
0.0130451298877496	0.246916642044563
0.0130483708326117	0.165893678814663
0.013051613388241	0.130827073916588
0.0130548575558386	0.145814920806702
0.0130581033366069	0.196811918240113
0.0130613507317495	0.260813531684674
0.013064599742471	0.317050619314214
0.0130678503699774	0.35401110275096
0.0130711026154757	0.371263321188421
0.0130743564801744	0.378424225055401
0.013077611965283	0.391284949296736
0.0130808690720121	0.424394608424341
0.0130841278015738	0.483150771205627
0.0130873881551812	0.560376202545681
0.0130906501340486	0.638877689414728
0.0130939137393917	0.697300312517187
0.0130971789724272	0.716846228809484
0.013100445834373	0.689127110109798
0.0131037143264485	0.623547481944993
0.013106984449874	0.546761041893017
0.0131102562058713	0.490400947955941
0.0131135295956631	0.475423304067594
0.0131168046204735	0.50262151747182
0.0131200812815279	0.551018235020928
0.0131233595800529	0.585549615065699
0.0131266395172761	0.57521119725767
0.0131299210944266	0.510911920086002
0.0131332043127346	0.408011245280698
0.0131364891734315	0.294587132445448
0.01313977567775	0.197644208756061
0.0131430638269241	0.133107636335317
0.0131463536221889	0.101432175894426
0.0131496450647808	0.0926441024657971
0.0131529381559374	0.0981711560537952
0.0131562328968976	0.118745903778807
0.0131595292889015	0.162102977647324
0.0131628273331905	0.233638487360854
0.0131661270310072	0.327398527689815
0.0131694283835953	0.424986613687813
0.0131727313922	0.504582621570179
0.0131760360580677	0.552346330497159
0.0131793423824459	0.567029578506926
0.0131826503665835	0.556802836394277
0.0131859600117306	0.532576547084538
0.0131892713191386	0.502174820726509
0.01319258429006	0.468775722190355
0.0131958989257487	0.433944806570391
0.0131992152274598	0.401226683867131
0.0132025331964499	0.376210734364758
0.0132058528339764	0.362949069584472
0.0132091741412984	0.359861400470686
0.013212497119676	0.358982603203179
0.0132158217703708	0.349877997254624
0.0132191480946453	0.325359788808022
0.0132224760937636	0.284927112531357
0.0132258057689911	0.234245205046882
0.0132291371215942	0.181767447094943
0.0132324701528407	0.135393269740942
0.0132358048639999	0.101807813244188
0.013239141256342	0.0881487943021806
0.0132424793311387	0.102706243982003
0.013245819089663	0.152017544859257
0.013249160533189	0.235574864996602
0.0132525036629924	0.342676274213473
0.01325584848035	0.454977768487634
0.0132591949865397	0.553483803751227
0.013262543182841	0.625126329234367
0.0132658930705346	0.665232881405152
0.0132692446509025	0.676171116150567
0.0132725979252279	0.66493658577936
0.0132759528947954	0.641393285513685
0.0132793095608908	0.616458327640464
0.0132826679248014	0.599047497532248
0.0132860279878155	0.592427308977461
0.0132893897512231	0.59254242610276
0.013292753216315	0.590558327755341
0.0132961183843838	0.578642846391116
0.0132994852567231	0.5548397022999
0.0133028538346279	0.523383795639067
0.0133062241193945	0.490056880848299
0.0133095961123207	0.455843124168266
0.0133129698147052	0.414498642159532
0.0133163452278484	0.3571123040005
0.0133197223530519	0.280549277159752
0.0133231011916186	0.194188426701615
0.0133264817448527	0.120468761064016
0.0133298640140597	0.0857433150549457
0.0133332480005466	0.104475789831557
0.0133366337056215	0.169827376251485
0.0133400211305939	0.259647835399717
0.0133434102767748	0.351042154618375
0.0133468011454763	0.431730769986957
0.013350193738012	0.501867658614918
0.0133535880556967	0.564999654349043
0.0133569840998466	0.616226159638621
0.0133603818717793	0.641657356659826
0.0133637813728136	0.630761794304201
0.0133671826042698	0.588325451923399
0.0133705855674695	0.53544165916745
0.0133739902637355	0.498115812194205
0.0133773966943922	0.489296010830277
0.0133808048607652	0.499079764447933
0.0133842147641813	0.504182894005631
0.013387626405969	0.487189905736161
0.0133910397874579	0.447840303247523
0.013394454909979	0.400512211582514
0.0133978717748648	0.361562358639675
0.0134012903834489	0.334412924863471
0.0134047107370665	0.30549870985878
0.0134081328370541	0.25713499254468
0.0134115566847495	0.185871689656122
0.0134149822814919	0.110584008586545
0.0134184096286218	0.0637720130494336
0.0134218387274813	0.070060892279931
0.0134252695794136	0.127919649678593
0.0134287021857635	0.212144318545179
0.0134321365478769	0.293670208509594
0.0134355726671014	0.357076747510444
0.0134390105447857	0.405452053460133
0.0134424501822801	0.453082094768889
0.0134458915809361	0.509134573972093
0.0134493347421068	0.565296003899557
0.0134527796671464	0.60232250060011
0.0134562263574108	0.609045315412235
0.013459674814257	0.593373300103156
0.0134631250390435	0.577244510396642
0.0134665770331304	0.580740513165218
0.0134700307978789	0.605421478487532
0.0134734863346517	0.631561627145126
0.0134769436448129	0.634883359915016
0.0134804027297281	0.606389193187523
0.0134838635907641	0.556717524081721
0.0134873262292893	0.505415715274196
0.0134907906466734	0.465052713264099
0.0134942568442876	0.430450878865612
0.0134977248235042	0.383506413507996
0.0135011945856974	0.312083236778853
0.0135046661322425	0.225114898224526
0.0135081394645162	0.150056905390897
0.0135116145838968	0.115758614730791
0.0135150914917639	0.133228706729343
0.0135185701894984	0.188314494915604
0.0135220506784829	0.252802018817666
0.0135255329601013	0.304193559931033
0.0135290170357387	0.338138214521202
0.0135325029067821	0.36712173319719
0.0135359905746195	0.40753056579791
0.0135394800406406	0.46316995504929
0.0135429713062363	0.519781818108572
0.0135464643727992	0.556725721765444
0.0135499592417231	0.563283433278158
0.0135534559144034	0.544984363444078
0.0135569543922368	0.517809855497558
0.0135604546766216	0.495327345092506
0.0135639567689575	0.477890122226634
0.0135674606706455	0.454952402836785
0.0135709663830883	0.419698861649655
0.0135744739076897	0.379916650465678
0.0135779832458554	0.352938710640801
0.0135814943989922	0.349896904980606
0.0135850073685085	0.363831618196387
0.0135885221558141	0.371676274255945
0.0135920387623203	0.349232661250859
0.0135955571894399	0.289127379139194
0.0135990774385871	0.209107350689638
0.0136025995111775	0.142903115952238
0.0136061234086283	0.118048546209051
0.0136096491323582	0.137297771627841
0.0136131766837871	0.178635649331999
0.0136167060643367	0.212953108055676
0.0136202372754301	0.224997305832767
0.0136237703184916	0.223011103106404
0.0136273051949473	0.231470781315924
0.0136308419062247	0.272369488121246
0.0136343804537527	0.348368290623046
0.0136379208389618	0.440399228669906
0.0136414630632838	0.521348762284909
0.0136450071281523	0.573794322598035
0.013648553035002	0.597101742999762
0.0136521007852694	0.601126227075732
0.0136556503803923	0.594828083549497
0.0136592018218102	0.578519631781579
0.013662755110964	0.545811799944932
0.0136663102492959	0.495402406608819
0.0136698672382499	0.440327881264495
0.0136734260792714	0.401214960547517
0.0136769867738072	0.389518418262128
0.0136805493233058	0.397810444847988
0.0136841137292171	0.403526878389814
0.0136876799929924	0.382976279095901
0.0136912481160848	0.328903841083123
0.0136948180999486	0.258437367182385
0.0136983899460398	0.20181456381146
0.013701963655816	0.181340229090744
0.013705539230736	0.1981519142709
0.0137091166722605	0.233990328488895
0.0137126959818515	0.265204533228864
0.0137162771609726	0.279631278805661
0.0137198602110888	0.28284816761911
0.0137234451336669	0.288964997473574
0.013727031930175	0.306160261126123
0.0137306206020828	0.329547126261031
0.0137342111508615	0.34598554933145
0.013737803577984	0.346949842768889
0.0137413978849246	0.337871351092918
0.0137449940731591	0.333759002501805
0.013748592144165	0.34505825086116
0.0137521920994212	0.367069014132174
0.0137557939404083	0.381334201174126
0.0137593976686082	0.368781110864937
0.0137630032855047	0.326265831317928
0.0137666107925829	0.272600088325569
0.0137702201913295	0.237290516647052
0.0137738314832329	0.240884773289506
0.0137774446697828	0.281614228130531
0.0137810597524707	0.336482876674457
0.0137846767327896	0.375611239960734
0.013788295612234	0.379870494928934
0.0137919163923	0.348940607383651
0.0137955390744854	0.295896710084829
0.0137991636602895	0.236626354621271
0.0138027901512129	0.18374344086278
0.0138064185487582	0.146229187081293
0.0138100488544294	0.130367416200665
0.013813681069732	0.139215620180125
0.0138173151961733	0.170605423726726
0.0138209512352619	0.214892442954432
0.0138245891885083	0.256357729960745
0.0138282290574242	0.282200317383938
0.0138318708435234	0.294439624038106
0.0138355145483208	0.312866956034967
0.0138391601733333	0.363857443023042
0.0138428077200791	0.46226039881302
0.0138464571900781	0.597853372086783
0.0138501085848519	0.734603047120261
0.0138537619059236	0.825818443473818
0.0138574171548179	0.839006751966781
0.0138610743330611	0.77438152221684
0.0138647334421813	0.663339159655742
0.013868394483708	0.549021301136683
0.0138720574591724	0.464457706330715
0.0138757223701072	0.421461733974985
0.0138793892180469	0.412417833152269
0.0138830580045276	0.420117885809768
0.0138867287310869	0.428544789729859
0.0138904013992641	0.428469548001447
0.0138940760106001	0.417601361755012
0.0138977525666375	0.400025071733422
0.0139014310689206	0.386171093054007
0.013905111518995	0.389214104403982
0.0139087939184083	0.416907978000154
0.0139124782687096	0.464512679001295
0.0139161645714495	0.514379672686621
0.0139198528281806	0.542732907386296
0.0139235430404569	0.530868596321004
0.0139272352098339	0.476219833279536
0.0139309293378691	0.39647728645843
0.0139346254261215	0.321572260460886
0.0139383234761516	0.277951700485062
0.0139420234895218	0.276273265008081
0.013945725467796	0.308371986401952
0.0139494294125399	0.352622850548518
0.0139531353253208	0.385577384214992
0.0139568432077075	0.39455649919205
0.0139605530612707	0.382272648672124
0.0139642648875827	0.361672946624006
0.0139679786882175	0.348319723082794
0.0139716944647506	0.354690414928697
0.0139754122187594	0.385605026595083
0.0139791319518229	0.435342063524511
0.0139828536655218	0.48814230532999
0.0139865773614384	0.522886114183389
0.0139903030411567	0.522179462828458
0.0139940307062626	0.482678764855617
0.0139977603583433	0.418802005414166
0.014001491998988	0.355034468891139
0.0140052256297876	0.311237798080559
0.0140089612523345	0.290865368444933
0.014012698868223	0.280965897355198
0.0140164384790489	0.265385977418839
0.0140201800864098	0.241031475765181
0.0140239236919051	0.22259844282667
0.0140276692971359	0.231105520736869
0.0140314169037047	0.275822025633637
0.0140351665132162	0.344331852358671
0.0140389181272764	0.409457472925941
0.0140426717474932	0.44921085823916
0.0140464273754763	0.464229841311145
0.0140501850128369	0.47700335188032
0.0140539446611882	0.512158547871982
0.0140577063221448	0.573887393365187
0.0140614699973233	0.639552423656635
0.014065235688342	0.676641120012203
0.0140690033968208	0.671019844093732
0.0140727731243815	0.641262149472971
0.0140765448726473	0.624079847322806
0.0140803186432437	0.643708752755168
0.0140840944377974	0.690692723033168
0.0140878722579372	0.724512606665301
0.0140916521052935	0.701085245797591
0.0140954339814984	0.610496305059139
0.014099217888186	0.491902385593705
0.0141030038269918	0.405384658896606
0.0141067917995533	0.385036520335186
0.0141105818075098	0.41446189405025
0.0141143738525021	0.440945950460936
0.014118167936173	0.417317812897076
0.014121964060167	0.341961818740482
0.0141257622261304	0.261253386730964
0.0141295624357112	0.229441309024926
0.0141333646905591	0.264730729496534
0.0141371689923259	0.338263206088992
0.0141409753426648	0.39758870419607
0.014144783743231	0.405839506755146
0.0141485941956814	0.37128857919528
0.0141524067016747	0.341956698423209
0.0141562212628715	0.365054693388154
0.014160037880934	0.44578010873964
0.0141638565575263	0.540811518946626
0.0141676772943143	0.591070409910512
0.0141715000929657	0.568465563745375
0.01417532495515	0.498683089661081
0.0141791518825383	0.438536309454341
0.0141829808768039	0.428406809789424
0.0141868119396216	0.462785426790933
0.0141906450726681	0.498629087995192
0.014194480277622	0.489369859579185
0.0141983175561636	0.422516877734115
0.0142021569099749	0.334902885053115
0.0142059983407401	0.286138329960312
0.0142098418501448	0.310164428052525
0.0142136874398768	0.391746188641493
0.0142175351116254	0.48223354247759
0.0142213848670819	0.531173095907164
0.0142252367079395	0.516236357372352
0.0142290906358931	0.459068273421654
0.0142329466526394	0.407925777323216
0.0142368047598771	0.398325066069433
0.0142406649593066	0.432549108300311
0.0142445272526302	0.488492671853068
0.0142483916415522	0.537483998698193
0.0142522581277785	0.563300828223541
0.0142561267130169	0.574827250467092
0.0142599973989772	0.594180082077657
0.0142638701873709	0.630803741795003
0.0142677450799115	0.672337124814081
0.0142716220783142	0.694118862840559
0.0142755011842963	0.674252066282377
0.0142793823995767	0.611553231359114
0.0142832657258763	0.532081796776007
0.0142871511649179	0.469913353267845
0.0142910387184261	0.44264716501345
0.0142949283881275	0.444713856669163
0.0142988201757504	0.452811700778134
0.0143027140830251	0.439640024069749
0.0143066101116838	0.395463368140126
0.0143105082634606	0.336682428331864
0.0143144085400914	0.290337940276995
0.014318310943314	0.274450193533917
0.0143222154748681	0.288149255266052
0.0143261221364954	0.310883043323467
0.0143300309299395	0.31640052314216
0.0143339418569457	0.296054495919969
0.0143378549192614	0.266905752228378
0.0143417701186359	0.256199003958579
0.0143456874568202	0.278604021957799
0.0143496069355676	0.323237102425606
0.0143535285566329	0.361032958913784
0.0143574523217731	0.369383541020475
0.014361378232747	0.350671985023288
0.0143653062913154	0.327465790183174
0.0143692364992409	0.322168740487688
0.0143731688582882	0.337736039351509
0.0143771033702238	0.353219307926676
0.0143810400368162	0.341455874553145
0.0143849788598358	0.29600921277774
0.014388919841055	0.240930770801205
0.014392862982248	0.213866296027502
0.0143968082851912	0.237402180977255
0.0144007557516626	0.300821246815068
0.0144047053834425	0.366992302889999
0.0144086571823129	0.400050650116067
0.0144126111500579	0.390561151697888
0.0144165672884636	0.358039753326413
0.0144205255993178	0.332497922080558
0.0144244860844105	0.332393862920309
0.0144284487455337	0.356314460531053
0.0144324135844812	0.393359129545526
0.0144363806030488	0.439914088742497
0.0144403498030344	0.503868804415382
0.0144443211862378	0.590697200373545
0.0144482947544607	0.68599138307751
0.0144522705095069	0.754668591131046
0.0144562484531822	0.762786374011298
0.0144602285872943	0.706717958172992
0.0144642109136529	0.623896996503101
0.0144681954340698	0.570403966689725
0.0144721821503586	0.579005120747118
0.0144761710643352	0.632707666655001
0.0144801621778172	0.678560435737054
0.0144841554926243	0.670660692216809
0.0144881510105783	0.605855830604482
0.0144921487335029	0.523910003141907
0.0144961486632239	0.473788150945259
0.0145001508015691	0.472875820903573
0.0145041551503683	0.49188729631268
0.0145081617114532	0.48056504176992
0.0145121704866577	0.413084209572345
0.0145161814778177	0.309898781876287
0.0145201946867712	0.217359220234254
0.0145242101153579	0.170181797710378
0.0145282277654199	0.170897402171057
0.0145322476388012	0.197934179568218
0.0145362697373478	0.232922422497617
0.0145402940629079	0.282380212873561
0.0145443206173316	0.368166397504879
0.014548349402471	0.493225549425505
0.0145523804201804	0.620575420100754
0.0145564136723161	0.689440631467738
0.0145604491607365	0.656197987892204
0.014564486887302	0.530169064060744
0.014568526853875	0.37570801750469
0.0145725690623201	0.271558074718438
0.014576613514504	0.255946219361996
0.0145806602122952	0.303495791472833
0.0145847091575647	0.352732292645903
0.0145887603521852	0.35981324535439
0.0145928137980316	0.333387676684181
0.014596869496981	0.322183585877852
0.0146009274509125	0.367802676010968
0.0146049876617072	0.464477822686365
0.0146090501312485	0.560103722790412
0.0146131148614217	0.597761355864909
0.0146171818541143	0.561934119753037
0.0146212511112159	0.48836303271568
0.0146253226346181	0.43123358721922
0.0146293964262148	0.42069319471086
0.0146334724879019	0.446513000442867
0.0146375508215773	0.477271612137787
0.0146416314291412	0.49579422589471
0.0146457143124959	0.517108360563036
0.0146497994735456	0.569928335763428
0.0146538869141971	0.660122284379219
0.0146579766363587	0.754174372185242
0.0146620686419414	0.799924399531372
0.014666162932858	0.767360648505648
0.0146702595110235	0.676243796501126
0.0146743583783551	0.586539044989327
0.0146784595367721	0.555339899924984
0.0146825629881961	0.593140630487963
0.0146866687345505	0.656693002028432
0.0146907767777611	0.68533849581927
0.014694887119756	0.649576357598615
0.014698999762465	0.572097233042727
0.0147031147078206	0.506369489889908
0.014707231957757	0.491098823795581
0.0147113515142108	0.517773820866296
0.0147154733791209	0.538748300197468
0.014719597554428	0.507884733222637
0.0147237240420754	0.417933527641551
0.0147278528440082	0.305380572431082
0.0147319839621738	0.221474709965126
0.0147361173985221	0.193684993884078
0.0147402531550046	0.209878328157735
0.0147443912335756	0.236972078690208
0.0147485316361912	0.252449718135684
0.0147526743648097	0.259078221046117
0.0147568194213919	0.27455633196235
0.0147609668079005	0.308692236790835
0.0147651165263005	0.347731869897705
0.0147692685785592	0.361030607269955
0.014773422966646	0.327190406455874
0.0147775796925326	0.256469198530851
0.0147817387581929	0.187780578625716
0.014785900165603	0.162110101225267
0.0147900639167411	0.194348881973945
0.0147942300135879	0.264596525549254
0.0147983984581262	0.333306623254154
0.0148025692523409	0.368336510975192
0.0148067423982193	0.365654151049138
0.014810917897751	0.349939296271979
0.0148150957529278	0.354650825752734
0.0148192759657435	0.39660471381637
0.0148234585381944	0.464330880704371
0.0148276434722791	0.527267515431917
0.0148318307699984	0.557012796236951
0.0148360204333551	0.546029587182264
0.0148402124643547	0.512828300279563
0.0148444068650047	0.490028787599805
0.0148486036373148	0.501826829905759
0.0148528027832973	0.546719433522229
0.0148570043049665	0.599028272333463
0.0148612082043389	0.627454252069951
0.0148654144834337	0.616357653696691
0.0148696231442719	0.575736865088408
0.0148738341888772	0.533374950227447
0.0148780476192752	0.513077000231433
0.0148822634374942	0.515039740252862
0.0148864816455645	0.516252789058402
0.0148907022455188	0.492296325343947
0.0148949252393922	0.442110776362374
0.0148991506292218	0.393747251376582
0.0149033784170475	0.384288286146789
0.0149076086049111	0.428876618630249
0.0149118411948569	0.504225145334799
0.0149160761889315	0.560942993745665
0.0149203135891838	0.556966637103465
0.0149245533976651	0.489163434974473
0.0149287956164288	0.398565739246985
0.014933040247531	0.340024876140203
0.0149372872930299	0.338260054992978
0.014941536754986	0.369531245459329
0.0149457886354624	0.384360800976731
0.0149500429365242	0.349518096630219
0.0149542996602392	0.276108039457108
0.0149585588086774	0.213302080591778
0.014962820383911	0.209138199936648
0.0149670843880148	0.268399928647869
0.0149713508230659	0.34577298960191
0.0149756196911438	0.379248596364967
0.0149798909943302	0.334913027290897
0.0149841647347093	0.23238287687734
0.0149884409143678	0.132205722655448
0.0149927195353946	0.0890786357831929
0.014997000599881	0.109525275934044
0.0150012841099208	0.153618965583855
0.01500557006761	0.174418604838538
0.0150098584750474	0.157618751061476
0.0150141493343336	0.13339733532419
0.0150184426475722	0.152152531854454
0.0150227384168687	0.240394486541356
0.0150270366443314	0.375605460207718
0.0150313373320709	0.502290598182769
0.0150356404822	0.570428306836809
0.0150399460968342	0.56560050980233
0.0150442541780912	0.514585461491859
0.0150485647280915	0.463689042269078
0.0150528777489575	0.444370298633159
0.0150571932428145	0.455115575985449
0.0150615112117899	0.473339919107651
0.0150658316580138	0.481289088951618
0.0150701545836186	0.481629533581621
0.0150744799907392	0.4917972901104
0.0150788078815129	0.524343996047636
0.0150831382580795	0.571660821040269
0.0150874711225812	0.608485455586317
0.0150918064771629	0.609422978909782
0.0150961443239715	0.567823583960499
0.0151004846651568	0.502190397103115
0.0151048275028709	0.444405688247053
0.0151091728392684	0.418533860867687
0.0151135206765064	0.427184037780566
0.0151178710167443	0.4536984476529
0.0151222238621444	0.47464841707605
0.015126579214871	0.472919911889231
0.0151309370770913	0.445066620161122
0.0151352974509747	0.40117127152527
0.0151396603386934	0.359209715323054
0.0151440257424217	0.337005145677835
0.0151483936643368	0.343706914522763
0.0151527641066183	0.373542563158381
0.0151571370714481	0.406137154461777
0.0151615125610109	0.415538352063909
0.0151658905774939	0.385617515431614
0.0151702711230865	0.324217991072003
0.0151746541999811	0.264032722726259
0.0151790398103723	0.244267803918336
0.0151834279564574	0.284069613828054
0.0151878186404361	0.367556063863189
0.0151922118645108	0.451607753357268
0.0151966076308864	0.491879314972739
0.0152010059417702	0.470458485980478
0.0152054067993724	0.406102106832522
0.0152098102059053	0.339576493834002
0.0152142161635843	0.30561198669193
0.0152186246746268	0.312368326242478
0.0152230357412533	0.342037139933626
0.0152274493656864	0.369545187591036
0.0152318655501516	0.383285195779186
0.015236284296877	0.391782524258728
0.015240705608093	0.4112052660414
0.0152451294860328	0.444668439087708
0.0152495559329323	0.47504470250287
0.0152539849510296	0.482144253610248
0.0152584165425659	0.467570860926353
0.0152628507097846	0.460171498199413
0.015267287454932	0.495352571958693
0.0152717267802568	0.584539671358765
0.0152761686880103	0.697545886345632
0.0152806131804467	0.77463077879214
0.0152850602598226	0.765387441817564
0.0152895099283972	0.666656074742004
0.0152939621884325	0.528852529648882
0.0152984170421929	0.42408705801422
0.0153028744919456	0.397430268111313
0.0153073345399605	0.436699105511168
0.0153117971885101	0.48478623253553
0.0153162624398694	0.4851044721214
0.0153207302963162	0.423955041207876
0.015325200760131	0.338171195795605
0.0153296738335968	0.284804223046034
0.0153341495189995	0.297771624770183
0.0153386278186273	0.36440095412119
0.0153431087347715	0.437801751683026
0.0153475922697258	0.474092991059138
0.0153520784257867	0.465157973096051
0.0153565672052533	0.439318285820219
0.0153610586104274	0.42962523300877
0.0153655526436137	0.441480952942143
0.0153700493071193	0.450066310147503
0.0153745486032541	0.426203407864907
0.0153790505343308	0.36598235810395
0.0153835551026648	0.299166084571712
0.015388062310574	0.266694265746446
0.0153925721603794	0.284518209380457
0.0153970846544043	0.327647728648363
0.015401599794975	0.349669778588367
0.0154061175844204	0.319998549654927
0.0154106380250723	0.249793480707387
0.0154151611192651	0.187132238397522
0.0154196868693359	0.181726705797155
0.0154242152776246	0.245037138158515
0.015428746346474	0.340192805589913
0.0154332800782293	0.41034660838424
0.0154378164752388	0.42064612196121
0.0154423555398535	0.381228575567242
0.015446897274427	0.335565952849411
0.0154514416813157	0.324536426026019
0.015455988762879	0.356398283921883
0.0154605385214789	0.407296336458449
0.0154650909594801	0.447946335272155
0.0154696460792503	0.470671771769218
0.0154742038831597	0.494636523633352
0.0154787643735817	0.545651020819119
0.0154833275528922	0.627565745914095
0.0154878934234699	0.711723310859429
0.0154924619876964	0.755490712055486
0.0154970332479561	0.733527209725527
0.0155016072066363	0.655966918595786
0.0155061838661269	0.56055668237672
0.0155107632288209	0.485393603598829
0.0155153452971138	0.443739221109237
0.0155199300734042	0.42124095021459
0.0155245175600934	0.395504424021279
0.0155291077595857	0.358712778190813
0.015533700674288	0.324360070134325
0.0155382963066103	0.313344421356264
0.0155428946589652	0.331244709496354
0.0155474957337683	0.357811629191462
0.0155520995334382	0.359855218400606
0.015556706060396	0.316361204816149
0.0155613153170661	0.234250940353964
0.0155659273058754	0.143218763649389
0.0155705420292538	0.075461298791502
0.0155751594896343	0.0464099621455296
0.0155797796894525	0.0500404712600971
0.015584402631147	0.0701849885132187
0.0155890283171593	0.0965922190765155
0.0155936567499338	0.13146312165687
0.0155982879319177	0.182056239134514
0.0156029218655614	0.247993003161878
0.0156075585533178	0.315046826657998
0.0156121979976431	0.360498672678819
0.0156168402009961	0.366850772214285
0.0156214851658388	0.334042054646362
0.015626132894636	0.279228717295394
0.0156307833898554	0.223787939176882
0.0156354366539677	0.180169665108751
0.0156400926894465	0.149180113084829
0.0156447514987684	0.126475837369285
0.0156494130844128	0.110990342386611
0.0156540774488624	0.108400329825382
0.0156587445946025	0.126619430736702
0.0156634145241216	0.167519017855141
0.0156680872399109	0.222686028150513
0.0156727627444649	0.276296677272454
0.0156774410402809	0.312887970632486
0.0156821221298592	0.326337997152375
0.015686806015703	0.32505171062722
0.0156914927003188	0.329007754356525
0.0156961821862156	0.359559509817255
0.015700874475906	0.427632028389948
0.015705569571905	0.526540401274634
0.0157102674767311	0.633620830994324
0.0157149681929055	0.720473600064182
0.0157196717229526	0.766327630109779
0.0157243780693998	0.767377307179415
0.0157290872347773	0.737273648969278
0.0157337992216186	0.697817639973655
0.0157385140324603	0.664542161688285
0.0157432316698417	0.637183576006682
0.0157479521363054	0.603142054144351
0.0157526754343969	0.551373983445637
0.0157574015666651	0.484785508652193
0.0157621305356614	0.420858061888873
0.0157668623439408	0.380022297841626
0.0157715969940609	0.370375726072302
0.0157763344885829	0.380842944229811
0.0157810748300705	0.389430611486008
0.015785818021091	0.380121285248987
0.0157905640642144	0.353824700024408
0.0157953129620141	0.325005365751037
0.0158000647170662	0.3069548163484
0.0158048193319504	0.29646317336577
0.0158095768092491	0.273248134989384
0.0158143371515481	0.220173364342158
0.015819100361436	0.146782790713965
0.0158238664415048	0.0921752697196472
0.0158286353943495	0.102011700403466
0.0158334072225682	0.192184841976578
0.0158381819287623	0.324692657719368
0.0158429595155361	0.424141945106506
0.0158477399854973	0.430617381846101
0.0158525233412565	0.343968069511771
0.0158573095854277	0.224340720147355
0.0158620987206277	0.152492615777579
0.0158668907494769	0.173370663366839
0.0158716856745986	0.261060094886485
0.0158764834986193	0.340204912363846
0.0158812842241687	0.34885763557995
0.0158860878538797	0.287474532822756
0.0158908943903883	0.219026957330982
0.0158957038363339	0.221000376258491
0.0159005161943589	0.318622409053651
0.0159053314671089	0.457068040973549
0.0159101496572329	0.54498018476824
0.0159149707673829	0.526659922951008
0.0159197948002141	0.420784243065959
0.0159246217583852	0.306362245950054
0.0159294516445577	0.267127008676605
0.0159342844613968	0.328801647856497
0.0159391202115707	0.4440870889942
0.0159439588977506	0.542553002340153
0.0159488005226115	0.594890309416278
0.0159536450888311	0.634380596502015
0.0159584925990906	0.721807925434862
0.0159633430560746	0.880019207928741
0.0159681964624708	1.05438556040614
0.0159730528209701	1.14497190866102
0.0159779121342667	1.08654634176126
0.0159827744050584	0.903064146752757
0.0159876396360457	0.693584446535394
0.015992507829933	0.564118319549396
0.0159973789894275	0.553753380833526
0.0160022531172401	0.61042396986784
0.0160071302160846	0.639368279284432
0.0160120102886785	0.58464743302294
0.0160168933377423	0.473558468963758
0.0160217793660001	0.390279447979976
0.0160266683761791	0.404861894400633
0.0160315603710099	0.513525141728588
0.0160364553532265	0.636770274439663
0.0160413533255662	0.679817398841087
0.0160462542907696	0.605340095132776
0.0160511582515806	0.455373446313484
0.0160560652107466	0.311122945755051
0.0160609751710184	0.233713285686952
0.01606588813515	0.230156389254629
0.0160708041058988	0.261648978239847
0.0160757230860256	0.284687448098653
0.0160806450782946	0.289091719443944
0.0160855700854734	0.297022071929505
0.0160904981103331	0.32952098150444
0.0160954291556478	0.3797067049591
0.0161003632241955	0.417026646708637
0.0161053003187573	0.414649821547813
0.0161102404421177	0.374199247685232
0.0161151835970648	0.325120358581402
0.0161201297863901	0.29855738359234
0.0161250790128883	0.300436950483212
0.0161300312793578	0.308713166275014
0.0161349865886003	0.296153638793914
0.016139944943421	0.256551071974139
0.0161449063466284	0.209119677417075
0.0161498708010347	0.178136308857043
0.0161548383094555	0.170465988047959
0.0161598088747096	0.173150264819611
0.0161647824996197	0.171018116272868
0.0161697591870115	0.165800873568569
0.0161747389397147	0.17741208848237
0.016179721760562	0.224219963549216
0.0161847076523899	0.300419791166931
0.0161896966180383	0.374512890943217
0.0161946886603506	0.414650971753878
0.0161996837821737	0.419133828380521
0.0162046819863581	0.420581765088936
0.0162096832757577	0.456381167751891
0.0162146876532299	0.532687742559848
0.0162196951216359	0.614690544660276
0.01622470568384	0.651459598141731
0.0162297193427105	0.617255420202725
0.0162347361011189	0.536254662663686
0.0162397559619404	0.465044604625751
0.0162447789280537	0.444672780380125
0.0162498050023411	0.467143587987596
0.0162548341876886	0.486538510202382
0.0162598664869855	0.462479698730954
0.0162649019031248	0.398803967534666
0.0162699404390032	0.343258639133194
0.0162749820975208	0.3443335157862
0.0162800268815815	0.403313052249331
0.0162850747940927	0.468016486471152
0.0162901258379652	0.475367695783041
0.0162951800161138	0.406463917540387
0.0163002373314567	0.307784814140039
0.0163052977869157	0.256302597375807
0.0163103613854163	0.294080368409268
0.0163154281298876	0.39190065534542
0.0163204980232624	0.475276577662824
0.0163255710684771	0.486528057184361
0.0163306472684718	0.431038409657617
0.0163357266261901	0.373309641003161
0.0163408091445794	0.382538052671809
0.0163458948265908	0.470603156773017
0.016350983675179	0.581593429954946
0.0163560756933025	0.642449351432706
0.0163611708839232	0.622720655549037
0.016366269250007	0.553556496812022
0.0163713707945234	0.498541152982571
0.0163764755204455	0.498783081022881
0.0163815834307503	0.535194432252052
0.0163866945284183	0.547138467232552
0.0163918088164339	0.49270874652915
0.0163969262977851	0.38997102092326
0.0164020469754637	0.303553396765621
0.0164071708524652	0.293373532451378
0.016412297931789	0.364583989048564
0.016417428216438	0.457306062533534
0.016422561709419	0.492388450645874
0.0164276984137426	0.439227414738367
0.016432838332423	0.34306618952559
0.0164379814684784	0.286890551524182
0.0164431278249305	0.323226752786604
0.0164482774048051	0.431293707300366
0.0164534302111316	0.531627619432522
0.0164585862469431	0.547574763983964
0.0164637455152769	0.466486691120284
0.0164689080191736	0.351133125574183
0.016474073761678	0.290466761552753
0.0164792427458385	0.329519679856513
0.0164844149747075	0.436544028169517
0.016489590451341	0.532196581608768
0.0164947691787992	0.553095022919026
0.0164999511601457	0.499110810556028
0.0165051363984483	0.430008983881646
0.0165103248967786	0.41406633975361
0.0165155166582119	0.469768140714895
0.0165207116858274	0.549868381994968
0.0165259099827084	0.579537742017668
0.0165311115519419	0.515346703091553
0.0165363163966187	0.379494757178074
0.0165415245198338	0.243807011467108
0.0165467359246857	0.17604479488897
0.0165519506142771	0.192223486337082
0.0165571685917146	0.251325471010756
0.0165623898601086	0.292127391609961
0.0165676144225734	0.283263487079612
0.0165728422822274	0.249159941094
0.0165780734421927	0.248447621598453
0.0165833079055957	0.32058888759774
0.0165885456755663	0.447167230937443
0.0165937867552388	0.559430506539308
0.0165990311477511	0.586171136055255
0.0166042788562453	0.509246115094204
0.0166095298838673	0.383387049547896
0.0166147842337672	0.297249469764275
0.0166200419090988	0.305383945706505
0.0166253029130202	0.390041390943531
0.0166305672486933	0.480636965607708
0.0166358349192841	0.511601869135855
0.0166411059279625	0.475759331053284
0.0166463802779025	0.430937148827943
0.0166516579722821	0.449096441642986
0.0166569390142835	0.550515413141194
0.0166622234070926	0.682319247581167
0.0166675111538996	0.756821157881943
0.0166728022578987	0.716729637659586
0.0166780967222881	0.580215181502698
0.0166833945502702	0.430771952891518
0.0166886957450513	0.354111388399136
0.0166940003098418	0.373368829425886
0.0166993082478563	0.438300695666874
0.0167046195623134	0.471663579236223
0.0167099342564358	0.43122589911333
0.0167152523334504	0.342108884406026
0.016720573796588	0.274275275012501
0.0167258986490838	0.280304415001436
0.0167312268941768	0.348534669832882
0.0167365585351104	0.413787568663004
0.0167418935751321	0.412055275242835
0.0167472320174933	0.332707960259401
0.0167525738654498	0.228762688436096
0.0167579191222616	0.174688331821903
0.0167632677911925	0.204156061425909
0.0167686198755109	0.283524358502508
0.0167739753784891	0.344231043044195
0.0167793343034037	0.342096586936886
0.0167846966535355	0.292584241267457
0.0167900624321693	0.254991873422296
0.0167954316425943	0.279590663084829
0.016800804288104	0.36263217496956
0.0168061803719959	0.447941032916412
0.0168115598975717	0.472712254675921
0.0168169428681375	0.418448019781858
0.0168223292870035	0.325879265013963
0.0168277191574844	0.262377170386357
0.0168331124828987	0.268518585158073
0.0168385092665696	0.327548521044657
0.0168439095118242	0.382039797167121
0.0168493132219942	0.382440625438682
0.0168547204004154	0.326504382557617
0.0168601310504278	0.257997327265914
0.0168655451753758	0.228103845638298
0.0168709627786082	0.252728158194533
0.0168763838634779	0.300516059302057
0.0168818084333423	0.320447209789393
0.0168872364915629	0.284504026824218
0.0168926680415057	0.209729119600502
0.0168981030865411	0.144173093854029
0.0169035416300435	0.130007252780245
0.0169089836753919	0.172416270320471
0.0169144292259698	0.239003401592793
0.0169198782851647	0.290095415008367
0.0169253308563687	0.312051481641527
0.0169307869429782	0.325080493348411
0.0169362465483941	0.362598636123914
0.0169417096760214	0.440296280979602
0.0169471763292699	0.538973368339756
0.0169526465115533	0.616228284842554
0.0169581202262903	0.637607228119188
0.0169635974769035	0.600303714432062
0.0169690782668202	0.532446724051993
0.0169745625994721	0.471502333738611
0.0169800504782952	0.437959726734577
0.0169855419067301	0.423783367479852
0.0169910368882219	0.404337124717374
0.0169965354262198	0.362399245568277
0.017002037524178	0.304240181891316
0.0170075431855548	0.256472374710643
0.017013052413813	0.245523136012627
0.0170185652124201	0.274200184286264
0.0170240815848478	0.31544848578921
0.0170296015345726	0.329947917855821
0.0170351250650753	0.293440318063014
0.0170406521798414	0.214020411978118
0.0170461828823606	0.12753654400042
0.0170517171761276	0.0727074999110619
0.0170572550646413	0.0643698398331909
0.0170627965514052	0.0869678857702722
0.0170683416399274	0.112245879869823
0.0170738903337206	0.125334160630986
0.0170794426363019	0.139508614044184
0.0170849985511932	0.187571954830891
0.017090558081921	0.292946191580509
0.017096121232016	0.442540781664056
0.017101688005014	0.586326283424692
0.017107258404455	0.666051530461347
0.017112832433884	0.651941282081599
0.0171184100968502	0.562739556505698
0.0171239913969078	0.454869861880812
0.0171295763376155	0.385267344099302
0.0171351649225365	0.373866482862379
0.0171407571552388	0.394369176721957
0.0171463530392951	0.399159148980732
0.0171519525782826	0.358369973605935
0.0171575557757834	0.284742020658398
0.0171631626353842	0.225805228721862
0.0171687731606761	0.227764063764705
0.0171743873552554	0.298618489959259
0.0171800052227227	0.399016951718812
0.0171856267666836	0.466512461378221
0.0171912519907481	0.455856892257518
0.0171968808985313	0.369227186292696
0.0172025134936527	0.255107055434005
0.0172081497797368	0.175008453413462
0.0172137897604127	0.163543169612951
0.0172194334393143	0.211528475794668
0.0172250808200803	0.280977113686411
0.0172307319063542	0.338358026007528
0.0172363867017841	0.380893242908501
0.017242045210023	0.434040902320372
0.0172477074347289	0.521407091601758
0.0172533733795643	0.634496807485114
0.0172590430481967	0.729544342440262
0.0172647164442982	0.755656030598936
0.0172703935715461	0.695113827204696
0.0172760744336223	0.584171022186566
0.0172817590342135	0.49194141029539
0.0172874473770113	0.469952044678089
0.0172931394657123	0.513094882818549
0.0172988353040178	0.562307363248606
0.017304534895634	0.548197253656254
0.0173102382442721	0.447350568678954
0.0173159453536481	0.308052946789788
0.017321656227483	0.218435927546936
0.0173273708695024	0.239248961112052
0.0173330892834373	0.355455668883204
0.0173388114730233	0.4820797018809
0.017344537442001	0.52049876023762
0.0173502671941159	0.429981397328609
0.0173560007331186	0.261648018990897
0.0173617380627645	0.12217758444287
0.0173674791868141	0.0959433394447905
0.0173732241090327	0.190459612395507
0.0173789728331908	0.33995608694433
0.0173847253630637	0.455442778714756
0.0173904817024319	0.487461031635408
0.0173962418550807	0.458241969128794
0.0174020058248005	0.434928542818489
0.0174077736153868	0.468277133604363
0.01741354523064	0.553682137410284
0.0174193206743657	0.641538526002706
0.0174250999503744	0.679500462356078
0.0174308830624818	0.653263112780285
0.0174366700145084	0.596141857601137
0.0174424608102802	0.557648595089972
0.0174482554536278	0.558006134917979
0.0174540539483874	0.571527085855802
0.0174598562983998	0.553058756377817
0.0174656625075113	0.481412969332593
0.0174714725795732	0.380809773606643
0.0174772865184417	0.302563993033258
0.0174831043279786	0.283901254529077
0.0174889260120503	0.318639939203504
0.0174947515745288	0.363166255623914
0.017500581019291	0.372218742637146
0.017506414350219	0.334073545601479
0.0175122515712003	0.276059311180156
0.0175180926861273	0.23957897859851
0.0175239376988978	0.248525166803162
0.0175297866134146	0.293981139726517
0.0175356394335859	0.342864665315889
0.0175414961633251	0.363345099838268
0.0175473568065506	0.3479150336965
0.0175532213671864	0.315617007120226
0.0175590898491615	0.29416031333375
0.0175649622564102	0.300172157642537
0.0175708385928721	0.332585353374131
0.0175767188624921	0.379264684488276
0.0175826030692203	0.427158751470335
0.0175884912170121	0.467238717461879
0.0175943833098283	0.493671635250165
0.017600279351635	0.502425387066648
0.0176061793464034	0.491893028039231
0.0176120832981103	0.463855902430358
0.0176179912107376	0.42346074674772
0.0176239030882729	0.377513836900068
0.0176298189347087	0.33067060901163
0.0176357387540432	0.282970707068702
0.0176416625502798	0.233474557191324
0.0176475903274274	0.187598044571926
0.0176535220895002	0.159525134405932
0.0176594578405178	0.16474309973333
0.0176653975845053	0.20683765817985
0.0176713413254931	0.269609225480534
0.017677289067517	0.323876952935185
0.0176832408146185	0.345792227497461
0.0176891965708442	0.332239623366336
0.0176951563402464	0.301953372840359
0.0177011201268827	0.28245642114081
0.0177070879348164	0.291976062455763
0.0177130597681159	0.328692171925841
0.0177190356308555	0.37467160221265
0.0177250155271147	0.410804416687085
0.0177309994609787	0.430737763188362
0.0177369874365382	0.442427050881811
0.0177429794578892	0.457146757829552
0.0177489755291336	0.478177584201111
0.0177549756543785	0.498408215013369
0.0177609798377368	0.505010201486918
0.0177669880833269	0.487699855845574
0.0177730003952726	0.446455104095543
0.0177790167777037	0.390925322822826
0.0177850372347551	0.332734524015454
0.0177910617705676	0.281640190422341
0.0177970903892875	0.246892324374281
0.0178031230950669	0.236783668950627
0.0178091598920633	0.256291818368573
0.01781520078444	0.304479791454242
0.0178212457763658	0.370248177751019
0.0178272948720154	0.431693635852701
0.0178333480755688	0.464891202494283
0.0178394053912121	0.45610940632659
0.0178454668231368	0.409018864882252
0.0178515323755402	0.343888408549837
0.0178576020526253	0.287858801476983
0.0178636758586008	0.261053452322603
0.0178697537976812	0.267897360828139
0.0178758358740866	0.29757120930403
0.0178819220920429	0.332526629305072
0.0178880124557819	0.360518380796806
0.017894106969541	0.379857706961707
0.0179002056375635	0.394356319464431
0.0179063084640982	0.406710244812729
0.0179124154534002	0.41539513742702
0.0179185266097299	0.414707145017503
0.0179246419373538	0.400395573312824
0.0179307614405441	0.376831562738838
0.0179368851235791	0.355467178044546
0.0179430129907425	0.346524723897058
0.0179491450463242	0.353889387408663
0.01795528129462	0.375383275265691
0.0179614217399312	0.406823491684604
0.0179675663865654	0.446554094064637
0.0179737152388358	0.493705454670275
0.0179798683010618	0.542294275747142
0.0179860255775683	0.581268441717795
0.0179921870726866	0.600824450032411
0.0179983527907537	0.597858892187004
0.0180045227361124	0.578814529575776
0.0180106969131117	0.558571208703652
0.0180168753261065	0.551586964137736
0.0180230579794577	0.56069052842119
0.018029244877532	0.574865013571073
0.0180354360247024	0.57778525842553
0.0180416314253477	0.559993045777095
0.0180478310838528	0.526589162346278
0.0180540350046085	0.493244324247355
0.0180602431920118	0.471124668604464
0.0180664556504658	0.455172326717916
0.0180726723843794	0.429765603305676
0.0180788933981677	0.386673467246043
0.0180851186962521	0.338343719241304
0.0180913482830598	0.316004963693637
0.0180975821630241	0.351529127493125
0.0181038203405846	0.451797196370064
0.018110062820187	0.586298453048891
0.018116309606283	0.702620824987226
0.0181225607033304	0.757607180372265
0.0181288161157935	0.740186482197734
0.0181350758481423	0.673556154665037
0.0181413399048534	0.595942016839288
0.0181476082904093	0.533104933428096
0.0181538810092988	0.486956824849989
0.0181601580660169	0.448407808406956
0.0181664394650648	0.415736094924717
0.0181727252109501	0.399683402015436
0.0181790153081863	0.414365392194846
0.0181853097612934	0.462779987166489
0.0181916085747977	0.529413653026637
0.0181979117532316	0.589030483741925
0.0182042193011338	0.624397879011226
0.0182105312230495	0.635916459214236
0.01821684752353	0.636102240017643
0.0182231682071329	0.635140374490341
0.0182294932784223	0.628730057571711
0.0182358227419686	0.599257127317019
0.0182421566023483	0.532433476873836
0.0182484948641447	0.436049468715071
0.018254837531947	0.343605105949052
0.0182611846103512	0.298421685766383
0.0182675361039594	0.328660938528701
0.0182738920173803	0.429298537011845
0.0182802523552288	0.561977525524984
0.0182866171221264	0.673294309080548
0.0182929863227011	0.722789980313847
0.0182993599615871	0.705056317150489
0.0183057380434252	0.651296118607691
0.0183121205728628	0.609694827533823
0.0183185075545536	0.619111894775778
0.0183248989931578	0.690644727003144
0.0183312948933423	0.802309484619895
0.0183376952597802	0.908588208883129
0.0183441000971514	0.964187818455931
0.0183505094101423	0.950985414378503
0.0183569232034457	0.889338159545756
0.0183633414817611	0.822756234914779
0.0183697642497946	0.784984683105382
0.0183761915122587	0.773485906190349
0.0183826232738727	0.748996611829333
0.0183890595393625	0.663402978738624
0.0183955003134604	0.499873673839813
0.0184019456009056	0.295651362699791
0.0184083954064437	0.124526545276088
0.0184148497348272	0.0506337526261624
0.0184213085908152	0.0923312378081514
0.0184277719791733	0.220133924056594
0.0184342399046739	0.383350366683489
0.0184407123720963	0.546210967122958
0.0184471893862262	0.70462810420634
0.0184536709518562	0.863668013031281
0.0184601570737856	1.00149155188286
0.0184666477568204	1.06736894051797
0.0184731430057736	1.01703768673209
0.0184796428254645	0.849128290769586
0.0184861472207197	0.616838294204379
0.0184926561963724	0.406554305088938
0.0184991697572624	0.289344237561754
0.0185056879082365	0.278257844659006
0.0185122106541485	0.328505804570576
0.0185187379998588	0.380187543430257
0.0185252699502348	0.407469974711658
0.0185318065101506	0.434885960799304
0.0185383476844873	0.508285022052398
0.0185448934781329	0.645003250568848
0.0185514438959824	0.803722942440391
0.0185579989429374	0.900973688985688
0.0185645586239069	0.868424522999503
0.0185711229438063	0.706055612747621
0.0185776919075585	0.483060331090856
0.0185842655200929	0.2897856375602
0.0185908437863462	0.185905816238606
0.0185974267112619	0.177807383958702
0.0186040142997906	0.230670763875001
0.01861060655689	0.303762873081266
0.0186172034875246	0.380472977278509
0.0186238050966661	0.467521494619414
0.0186304113892932	0.570526381489013
0.0186370223703917	0.674775177909526
0.0186436380449546	0.749396121279067
0.0186502584179817	0.769724489977829
0.0186568834944801	0.736317923632559
0.018663513279464	0.673849183025053
0.0186701477779547	0.613912496427421
0.0186767869949807	0.576385627621269
0.0186834309355776	0.560546727968267
0.0186900796047881	0.550951185103476
0.0186967330076622	0.532741125766868
0.0187033911492571	0.502135931288331
0.0187100540346371	0.464378658330439
0.0187167216688738	0.424755552665587
0.018723394057046	0.38178327405995
0.0187300712042397	0.32854419397159
0.0187367531155484	0.261460314042631
0.0187434397960724	0.187367629898999
0.0187501312509198	0.121566211004007
0.0187568274852057	0.0793098878890763
0.0187635285040525	0.0675507726948423
0.01877023431259	0.0822402300991365
0.0187769449159554	0.112319069069267
0.0187836603192932	0.146406796314201
0.0187903805277552	0.177455863843304
0.0187971055465006	0.203653992383487
0.018803835380696	0.225911025927588
0.0188105700355154	0.244565969458136
0.0188173095161403	0.258728391878824
0.0188240538277594	0.267561124501164
0.0188308029755692	0.271237390335889
0.0188375569647733	0.271934445911075
0.018844315800583	0.273834024493931
0.0188510794882169	0.280226559874762
0.0188578480329012	0.289798769695225
0.0188646214398697	0.295066293957927
0.0188713997143635	0.284756090964342
0.0188781828616315	0.251516101773243
0.0188849708869299	0.200135208763397
0.0188917637955226	0.146866663948048
0.0188985615926811	0.109136116880234
0.0189053642836844	0.0946467840561023
0.018912171873819	0.0973661830327992
0.0189189843683794	0.102783145650797
0.0189258017726673	0.100012661104576
0.0189326240919924	0.091807872073722
0.0189394513316717	0.0933620682975172
0.0189462834970303	0.119968929819943
0.0189531205934005	0.173019533437296
0.0189599626261227	0.236115230709664
0.0189668096005449	0.285188006364285
0.0189736615220226	0.304254155375823
0.0189805183959195	0.295251436459911
0.0189873802276066	0.276798506734807
0.0189942470224629	0.272580790758894
0.0190011187858752	0.295366804279967
0.0190079955232379	0.338542681213052
0.0190148772399536	0.382725977768092
0.0190217639414323	0.409969329349636
0.019028655633092	0.412486722438418
0.0190355523203587	0.392312361100052
0.0190424540086661	0.356770127282764
0.0190493607034558	0.314646278082803
0.0190562724101774	0.274754271023879
0.0190631891342882	0.24571215264456
0.0190701108812537	0.234168276183105
0.0190770376565472	0.240994446259797
0.0190839694656499	0.258991154270833
0.019090906314051	0.275264733076467
0.0190978482072478	0.277228032246369
0.0191047951507455	0.258538083953355
0.0191117471500573	0.221867598943418
0.0191187042107044	0.177445063936185
0.0191256663382163	0.138590580766144
0.0191326335381301	0.116962871023192
0.0191396058159913	0.119122616785758
0.0191465831773535	0.143761203142379
0.0191535656277783	0.17977170778871
0.0191605531728354	0.208515000099323
0.0191675458181026	0.213292634548815
0.0191745435691659	0.192768092857204
0.0191815464316196	0.167662300292698
0.0191885544110659	0.170710293162978
0.0191955675131154	0.223046672601392
0.0192025857433869	0.314179854301285
0.0192096091075072	0.401818879672978
0.0192166376111116	0.434852605452787
0.0192236712598435	0.388620172185887
0.0192307100593547	0.289105824648502
0.019237754015305	0.202006675212236
0.0192448031333629	0.188450080135291
0.0192518574192048	0.261947049170872
0.0192589168785158	0.380957755541707
0.019265981516989	0.480266819697544
0.0192730513403261	0.516255455166163
0.0192801263542371	0.492649286447831
0.0192872065644404	0.447729585640371
0.0192942919766626	0.416630038412853
0.0193013825966392	0.403945724164675
0.0193084784301136	0.388046947485594
0.019315579482838	0.347676420643228
0.0193226857605728	0.285170815601432
0.0193297972690873	0.226640652640056
0.0193369140141587	0.199156059773186
0.0193440360015733	0.20560148423364
0.0193511632371255	0.222708611124393
0.0193582957266185	0.226722396938329
0.0193654334758639	0.220620346228234
0.019372576490682	0.2328363536675
0.0193797247769016	0.287989623805855
0.0193868783403602	0.377691098432476
0.0193940371869037	0.456863146696089
0.0194012013223869	0.471299682615593
0.0194083707526732	0.399556296442243
0.0194155454836345	0.276112825654763
0.0194227255211516	0.173487879864226
0.0194299108711139	0.154630768126144
0.0194371015394195	0.230143138376185
0.0194442975319752	0.352239597817505
0.0194514988546968	0.452483720845437
0.0194587055135085	0.49296464405233
0.0194659175143435	0.486223470244975
0.0194731348631438	0.471017842070841
0.0194803575658602	0.47181966497817
0.0194875856284523	0.478978887385573
0.0194948190568884	0.463732302233435
0.0195020578571461	0.408787071985412
0.0195093020352114	0.323781856965366
0.0195165515970795	0.236735202007605
0.0195238065487543	0.174065128356332
0.0195310668962489	0.144194432510364
0.019538332645585	0.137301617145656
0.0195456038027937	0.142778915369765
0.0195528803739146	0.164350027234777
0.0195601623649968	0.212699578357519
0.0195674497820979	0.283822120932817
0.0195747426312849	0.348639047329744
0.0195820409186337	0.368173867155757
0.0195893446502293	0.324655323156708
0.0195966538321659	0.242134719037207
0.0196039684705464	0.177285238475344
0.0196112885714834	0.185447523879793
0.0196186141410981	0.283944223805168
0.0196259451855211	0.437715724239155
0.0196332817108923	0.58139189625983
0.0196406237233605	0.663604712005226
0.0196479712290838	0.678197935394581
0.0196553242342296	0.65984644508828
0.0196626827449744	0.650582870731919
0.0196700467675042	0.66418523104045
0.019677416308014	0.678641371755472
0.0196847913727081	0.660865270597351
0.0196921719678004	0.594799181538102
0.0196995580995137	0.489073054660927
0.0197069497740805	0.368730814208809
0.0197143469977425	0.262771436731125
0.0197217497767508	0.19219961528328
0.0197291581173658	0.164224848573448
0.0197365720258575	0.176357191467918
0.0197439915085051	0.222686050453554
0.0197514165715975	0.291378153132478
0.0197588472214329	0.356848610056269
0.0197662834643189	0.383730766793547
0.0197737253065728	0.348141246862677
0.0197811727545214	0.257502182306065
0.0197886258145008	0.151217735457032
0.019796084492857	0.0836136708853862
0.0198035487959452	0.0960393690190393
0.0198110187301305	0.190367719280279
0.0198184943017875	0.325968952100778
0.0198259755173003	0.446328831883963
0.0198334623830629	0.512137200051513
0.0198409549054787	0.517584487844162
0.0198484530909609	0.488058954832787
0.0198559569459324	0.463216892037544
0.0198634664768259	0.47056295158474
0.0198709816900836	0.507537940396586
0.0198785025921577	0.546586718128896
0.0198860291895101	0.555124043893788
0.0198935614886123	0.513401472127197
0.0199010994959459	0.423222284505428
0.0199086432180022	0.308345519119098
0.0199161926612823	0.20615409453108
0.0199237478322972	0.151391100703033
0.0199313087375678	0.159634191544793
0.0199388753836249	0.22024606282159
0.0199464477770093	0.302236846062222
0.0199540259242715	0.368689697586734
0.0199616098319721	0.392164655456843
0.0199691995066819	0.36541757498373
0.0199767949549813	0.304825116767181
0.0199843961834609	0.244524554837477
0.0199920031987215	0.220840162894976
0.0199996160073736	0.253603144478243
0.0200072346160381	0.336895702996091
0.0200148590313458	0.445709432657491
0.0200224892599377	0.551404984922755
0.0200301253084649	0.634055928681226
0.0200377671835886	0.686429845840977
0.0200454148919802	0.710627262340043
0.0200530684403214	0.71108630399688
0.020060727835304	0.69014296797555
0.02006839308363	0.649718806962218
0.0200760641920117	0.594855564277133
0.0200837411671716	0.533182164664487
0.0200914240158427	0.470132095758968
0.020099112744768	0.404287693906263
0.020106807360701	0.328994573137
0.0201145078704056	0.243284073929719
0.020122214280656	0.163889351774746
0.0201299265982366	0.122847072917648
0.0201376448299426	0.146739633365034
0.0201453689825793	0.232826459091049
0.0201530990629625	0.342319835844872
0.0201608350779186	0.419143025559905
0.0201685770342843	0.423677613962025
0.0201763249389071	0.358406546457611
0.0201840787986446	0.266975793999907
0.0201918386203653	0.20579694601972
0.0201996044109482	0.206258653173066
0.0202073761772827	0.255377188674539
0.020215153926269	0.310708919042974
0.0202229376648179	0.337244065832282
0.0202307273998508	0.336086198702756
0.0202385231382997	0.340035669195349
0.0202463248871075	0.377769536146364
0.0202541326532275	0.440713138897161
0.0202619464436241	0.486176604630125
0.0202697662652722	0.47112894637892
0.0202775921251575	0.386444216000021
0.0202854240302765	0.269212229135246
0.0202932619876367	0.180473735542339
0.0203011060042561	0.157601821254066
0.0203089560871637	0.185586294126781
0.0203168122433996	0.21852683458261
0.0203246744800145	0.224516564650418
0.0203325428040701	0.211123146017613
0.020340417222639	0.218141909447523
0.020348297742805	0.283205371226235
0.0203561843716625	0.402724874344679
0.0203640771163173	0.525339346093158
0.0203719759838859	0.588263109447963
0.020379880981496	0.564140140835563
0.0203877921162864	0.480812911509368
0.0203957093954069	0.400348754034906
0.0204036328260184	0.373014761821106
0.020411562415293	0.403435242662368
0.0204194981704139	0.455145210149467
0.0204274400985756	0.484502795009538
0.0204353882069836	0.476678652847142
0.0204433425028548	0.457519215532446
0.0204513029934173	0.468011720619984
0.0204592696859102	0.522201007196176
0.0204672425875844	0.590649685167052
0.0204752217057016	0.623190950239319
0.0204832070475351	0.586120373780571
0.0204911986203695	0.485492310389233
0.0204991964315008	0.362769618807857
0.0205072004882364	0.265400616744203
0.0205152107978949	0.215885808267281
0.0205232273678067	0.205700736802476
0.0205312502053134	0.214105173437272
0.0205392793177682	0.22957865694405
0.0205473147125358	0.256148592059191
0.0205553563969923	0.303707665899118
0.0205634043785255	0.372521547279667
0.0205714586645348	0.444932422207021
0.020579519262431	0.492851533496525
0.0205875861796367	0.496764743346963
0.0205956594235861	0.459087202383906
0.0206037390017251	0.399570578685202
0.0206118249215111	0.339953738544495
0.0206199171904135	0.292682374456554
0.0206280158159132	0.259116587955341
0.020636120805503	0.23435453278418
0.0206442321666874	0.214299613755587
0.0206523499069827	0.200042533295185
0.0206604740339172	0.19590405564889
0.0206686045550307	0.203300282253494
0.0206767414778752	0.216696015243554
0.0206848848100144	0.225232594231225
0.0206930345590241	0.218693192713012
0.0207011907324919	0.193773834670494
0.0207093533380173	0.15670404861611
0.0207175223832121	0.120921441453487
0.0207256978756998	0.1017458151115
0.020733879823116	0.111083931700686
0.0207420682331086	0.153933936394493
0.0207502631133372	0.226851792082407
0.0207584644714738	0.318367213979922
0.0207666723152025	0.412034772461957
0.0207748866522193	0.491973954975615
0.0207831074902329	0.548379271007664
0.0207913348369636	0.579932603476325
0.0207995687001444	0.592500038426907
0.0208078090875202	0.595748221389496
0.0208160560068486	0.599024489527116
0.020824309465899	0.606904890053951
0.0208325694724536	0.615919446760553
0.0208408360343066	0.615920048608568
0.0208491091592648	0.597748014153332
0.0208573888551472	0.56243169321404
0.0208656751297854	0.523319857493101
0.0208739679910234	0.497574296305278
0.0208822674467177	0.493012675670508
0.0208905735047372	0.500856600877356
0.0208988861729634	0.500849020468604
0.0209072054592904	0.476473123757058
0.0209155313716247	0.430077927334822
0.0209238639178856	0.385559916602415
0.0209322031060049	0.373611137130957
0.0209405489439271	0.409341192791713
0.0209489014396094	0.481754533589464
0.0209572606010216	0.56458440578667
0.0209656264361463	0.636930411012332
0.0209739989529789	0.695191866791203
0.0209823781595274	0.74894371806746
0.0209907640638128	0.805435817247716
0.0209991566738689	0.854965589751463
0.0210075559977422	0.872524078091189
0.0210159620434922	0.837872897525173
0.0210243748191913	0.755617437047337
0.0210327943329248	0.655785354898882
0.021041220592791	0.573379512912897
0.0210496536069011	0.522475552519849
0.0210580933833795	0.486679577544484
0.0210665399303633	0.436935441614751
0.0210749932560031	0.362238342568723
0.0210834533684621	0.284502389871274
0.021091920275917	0.24354151264697
0.0211003939865574	0.265352823600241
0.0211088745085863	0.34002594615016
0.0211173618502197	0.427722292976131
0.0211258560196868	0.488750014372659
0.0211343570252302	0.512397705278072
0.0211428648751058	0.519352623710016
0.0211513795775825	0.536929068168025
0.0211599011409428	0.571654989805873
0.0211684295734824	0.603724950231754
0.0211769648835106	0.605889472098149
0.0211855070793499	0.570305117329257
0.0211940561693363	0.521122854352867
0.0212026121618192	0.498463137254933
0.0212111750651616	0.524949848201936
0.0212197448877399	0.587541760387054
0.0212283216379442	0.651361778559541
0.021236905324178	0.689141878275616
0.0212454959548585	0.700941142225217
0.0212540935384164	0.709830636162598
0.0212626980832962	0.736326778049294
0.0212713095979561	0.775161949353819
0.0212799280908679	0.798527353678719
0.0212885535705171	0.78148284222856
0.0212971860454031	0.72562798498322
0.021305825524039	0.661672531865674
0.0213144720149517	0.625495781503185
0.0213231255266821	0.626196934363239
0.0213317860677848	0.639713019187637
0.0213404536468283	0.63543026650126
0.0213491282723953	0.607059230200641
0.021357809953082	0.579898891035708
0.0213664986974991	0.590094976354359
0.0213751945142709	0.651943447855596
0.0213838974120361	0.741215625940438
0.0213926073994471	0.810211671350016
0.0214013244851706	0.820952828281894
0.0214100486778875	0.771972542305568
0.0214187799862928	0.700415761989455
0.0214275184190957	0.653321106766841
0.0214362639850195	0.650291420695609
0.0214450166928019	0.674692301543733
0.0214537765511947	0.697194943556881
0.0214625435689643	0.701413608389101
0.0214713177548912	0.691504435140695
0.0214800991177702	0.682645434225417
0.0214888876664108	0.683028269795767
0.0214976834096366	0.682616369083321
0.0215064863562859	0.659929796564169
0.0215152965152113	0.598836636534021
0.02152411389528	0.500619347768157
0.0215329385053738	0.385758213202973
0.0215417703543888	0.284281506873293
0.0215506094512361	0.21842550833482
0.0215594558048412	0.191899929238488
0.0215683094241442	0.195885825612551
0.0215771703181001	0.222000796204313
0.0215860384956785	0.266787284635287
0.0215949139658636	0.328242106232771
0.0216037967376547	0.403765496979187
0.0216126868200657	0.489598240668418
0.0216215842221254	0.577690775363752
0.0216304889528775	0.653762263473676
0.0216394010213806	0.700462570680041
0.0216483204367081	0.703223181377531
0.0216572472079485	0.657683390289757
0.0216661813442054	0.57630082264512
0.0216751228545972	0.485366215819334
0.0216840717482574	0.411310059903101
0.0216930280343348	0.367766089780734
0.0217019917219931	0.351921764450519
0.0217109628204112	0.351179492087953
0.0217199413387833	0.356197199513496
0.0217289272863186	0.368121181452571
0.0217379206722417	0.391273712216076
0.0217469215057925	0.420988729344978
0.0217559297962261	0.441635487982249
0.021764945552813	0.43683961355569
0.0217739687848392	0.4042624017571
0.0217829995016058	0.363752759576613
0.0217920377124296	0.347778573975731
0.0218010834266428	0.377734794122294
0.021810136653593	0.446122850282952
0.0218191974026436	0.520566171095187
0.0218282656831732	0.566466964310728
0.0218373415045762	0.570382743510289
0.0218464248762627	0.546801289723738
0.0218555158076583	0.524317810654969
0.0218646143082044	0.522542227522438
0.0218737203873582	0.536448712102498
0.0218828340545924	0.53985571042301
0.0218919553193957	0.506677785624845
0.0219010841912726	0.432428679351928
0.0219102206797435	0.337455041652004
0.0219193647943446	0.25142250545265
0.021928516544628	0.195060299659693
0.0219376759401619	0.174522446797589
0.0219468429905303	0.188582885590749
0.0219560177053335	0.235822273634147
0.0219652000941876	0.312533880571426
0.0219743901667249	0.40498588996245
0.0219835879325939	0.486003017669058
0.021992793401459	0.523746274086733
0.0220020065830012	0.500324052833517
0.0220112274869173	0.425041471413476
0.0220204561229208	0.329682003019775
0.022029692500741	0.249423374751754
0.022038936630124	0.202718622190493
0.0220481885208319	0.18342898850134
0.0220574481826435	0.172739734928927
0.0220667156253539	0.161100020615456
0.0220759908587745	0.157112603254966
0.0220852738927335	0.176085799013972
0.0220945647370755	0.224291970268864
0.0221038634016616	0.293333674887027
0.0221131698963696	0.364914383354
0.022122484231094	0.420097979044043
0.0221318064157459	0.446577809564328
0.022141136460253	0.440008565832204
0.02215047437456	0.400904501810451
0.0221598201686282	0.332524571442063
0.0221691738524357	0.244302978612475
0.0221785354359776	0.157405262162865
0.0221879049292658	0.101202738562659
0.0221972823423291	0.0976880162416791
0.0222066676852133	0.146564353877151
0.0222160609679812	0.223690150007967
0.0222254622007127	0.294199145189778
0.0222348713935047	0.333133527138618
0.022244288556471	0.339231063005797
0.022253713699743	0.329507791327153
0.0222631468334689	0.321060853254586
0.0222725879678142	0.317963681218909
0.0222820371129618	0.311229089076043
0.0222914942791117	0.288607949166218
0.0223009594764813	0.247585970116734
0.0223104327153054	0.200816233538884
0.0223199140058361	0.166366590842364
0.022329403358343	0.152638548766009
0.0223389007831133	0.155084492110407
0.0223484062904514	0.164898698463887
0.0223579198906795	0.176644133429079
0.0223674415941373	0.189016386766325
0.0223769714111821	0.201428419707248
0.0223865093521889	0.209670631672135
0.0223960554275504	0.205605076998392
0.022405609647677	0.184259552464875
0.0224151720229969	0.151818860209771
0.0224247425639561	0.124504223940543
0.0224343212810185	0.117865701021348
0.0224439081846657	0.135485564909
0.0224535032853974	0.167029643701528
0.0224631065937312	0.197877099467401
0.0224727181202028	0.220696068705561
0.0224823378753659	0.238045207042729
0.0224919658697921	0.257026120911914
0.0225016021140713	0.282390058759368
0.0225112466188115	0.311242947441942
0.022520899394639	0.333645620841168
0.0225305604521981	0.340191423425254
0.0225402298021516	0.328108446896546
0.0225499074551806	0.300381988910067
0.0225595934219843	0.262772125528132
0.0225692877132805	0.222791610268951
0.0225789903398055	0.189605427739525
0.0225887013123139	0.173363927291273
0.022598420641579	0.181946704489478
0.0226081483383923	0.215030187274242
0.0226178844135642	0.261078478918702
0.0226276288779238	0.302056262496718
0.0226373817423185	0.32351194636672
0.0226471430176148	0.322786012157399
0.0226569127146977	0.308110419738183
0.022666690844471	0.289103396539496
0.0226764774178575	0.2683829542635
0.0226862724457987	0.241577595067634
0.0226960759392552	0.204189681586441
0.0227058879092063	0.159076498660308
0.0227157083666505	0.117563308176024
0.0227255373226052	0.0923501794371513
0.0227353747881071	0.0895830531779041
0.0227452207742117	0.108583694841308
0.0227550752919939	0.147171318931941
0.0227649383525477	0.203504104552647
0.0227748099669864	0.270817245653995
0.0227846901464425	0.331087033233176
0.0227945789020679	0.357269540427361
0.0228044762450339	0.32757748552195
0.0228143821865311	0.244829702278495
0.0228242967377697	0.145411844206883
0.0228342199099791	0.0833797501137238
0.0228441517144086	0.0957702286016067
0.022854092162327	0.178007206753402
0.0228640412650224	0.290313902439769
0.022873999033803	0.386630930778047
0.0228839654799965	0.443286599940539
0.0228939406149503	0.469039363810754
0.0229039244500317	0.488934587624603
0.0229139169966278	0.515554914616288
0.0229239182661456	0.536438391063596
0.022933928270012	0.529620046204843
0.0229439470196738	0.490133506375084
0.022953974526598	0.441474124929032
0.0229640108022714	0.418757308966738
0.0229740558582012	0.436822098769163
0.0229841097059144	0.4756118566348
0.0229941723569586	0.499772887560438
0.0230042438229012	0.495747307701412
0.0230143241153301	0.492373465563945
0.0230244132458536	0.541114909279249
0.0230345112261001	0.665956462374384
0.0230446180677187	0.8274933385251
0.0230547337823788	0.939994879492166
0.0230648583817702	0.931352168536896
0.0230749918776036	0.796424780632626
0.0230851342816098	0.60266939290026
0.0230952856055406	0.445955160854206
0.0231054458611684	0.387968069226627
0.0231156150602862	0.41837168525156
0.023125793214708	0.472207770309905
0.0231359803362683	0.490089730801538
0.0231461764368227	0.464807722708163
0.0231563815282478	0.433472627657714
0.0231665956224408	0.434442004217767
0.0231768187313202	0.473183262374836
0.0231870508668254	0.520279876450471
0.023197292040917	0.539737068611086
0.0232075422655767	0.522588508769806
0.0232178015528073	0.491809816269503
0.0232280699146329	0.473714062626977
0.0232383473630989	0.466527450296995
0.0232486339102721	0.437662699904224
0.0232589295682405	0.357086584587574
0.0232692343491137	0.237192542205535
0.0232795482650225	0.133978393980117
0.0232898713281196	0.106531657019533
0.0233002035505789	0.17341315797179
0.0233105449445962	0.295998203046403
0.0233208955223887	0.399787083140385
0.0233312552961956	0.426635151351064
0.0233416242782777	0.375908647926956
0.0233520024809174	0.294812352894149
0.0233623899164194	0.238113441948218
0.0233727865971099	0.23841176439392
0.0233831925353374	0.294355947241348
0.023393607743472	0.378093043373729
0.0234040322339062	0.463025255856987
0.0234144660190544	0.543848366313967
0.0234249091113533	0.627500183791288
0.0234353615232617	0.71601458949956
0.0234458232672605	0.803593488453408
0.0234562943558533	0.883639940373501
0.0234667748015656	0.955753354406766
0.0234772646169456	1.02485648705716
0.0234877638145638	1.09066454053524
0.0234982724070133	1.14027426197838
0.0235087904069096	1.15512985834253
0.023519317826891	1.12764437601503
0.0235298546796182	1.07477784779876
0.0235404009777748	1.03386296794621
0.023550956734067	1.03721295452832
0.023561521961224	1.08779937678546
0.0235720966719978	1.15829916781434
0.023582680879163	1.21000509674855
0.0235932745955176	1.21622776970678
0.0236038778338822	1.17550709889084
0.0236144906071009	1.1032685157937
0.0236251129280404	1.01075032893475
0.0236357448095911	0.897103953083653
0.0236463862646661	0.761555494437865
0.0236570373062022	0.61638494598611
0.0236676979471592	0.484855906092971
0.0236783682005204	0.386221186008756
0.0236890480792926	0.321043432674998
0.023699737596506	0.272070524159069
0.0237104367652142	0.223868265973581
0.0237211455984946	0.182934166554146
0.0237318641094482	0.174879589346591
0.0237425923111995	0.218569918352599
0.023753330216897	0.302258427406684
0.0237640778397129	0.384441101199913
0.0237748351928431	0.419614796824144
0.0237856022895076	0.389452532452915
0.0237963791429502	0.315400570922323
0.023807165766439	0.242372619362534
0.0238179621732658	0.206430559568631
0.0238287683767468	0.211955170300467
0.0238395843902222	0.234666314102053
0.0238504102270565	0.245451230446987
0.0238612459006386	0.234059332496634
0.0238720914243815	0.21387171360693
0.0238829468117228	0.20681177218857
0.0238938120761244	0.223582859168663
0.0239046872310729	0.256305061378277
0.0239155722900793	0.288496240174964
0.0239264672666793	0.310457133754282
0.0239373721744332	0.324619694889603
0.0239482870269262	0.339783141915082
0.023959211837768	0.36474378516579
0.0239701466205935	0.40775916040368
0.0239810913890622	0.479601813529946
0.0239920461568587	0.592930135032314
0.0240030109376926	0.753792492883032
0.0240139857452987	0.953485386575467
0.0240249705934366	1.17083405031608
0.0240359654958914	1.38191052995182
0.0240469704664734	1.57087870923474
0.024057985519018	1.73778352206614
0.0240690106673861	1.89266455041673
0.0240800459254642	2.03656334232175
0.0240910913071639	2.15371268613146
0.0241021468264227	2.2265325617221
0.0241132124972035	2.25276937045491
0.0241242883334948	2.24624175192004
0.0241353743493109	2.22482602625042
0.024146470558692	2.19480624876204
0.0241575769757039	2.14170349878588
0.0241686936144384	2.03995021042847
0.0241798204890133	1.87758121753259
0.0241909576135723	1.67196572547643
0.0242021050022853	1.45954959106273
0.0242132626693481	1.26869415847111
0.0242244306289831	1.10010108788498
0.0242356088954385	0.933027068937204
0.024246797482989	0.754089836669662
0.0242579964059358	0.582558315747141
0.0242692056786064	0.463826173671935
0.0242804253153547	0.431745583237151
0.0242916553305614	0.473199803150113
0.0243028957386336	0.527988722911929
0.0243141465540052	0.527831232962162
0.0243254077911368	0.448742410498904
0.0243366794645157	0.333904247529366
0.0243479615886564	0.258860565651835
0.0243592541780998	0.267632356458619
0.0243705572474144	0.341107420687361
0.0243818708111952	0.420779035961212
0.0243931948840646	0.460015362907612
0.0244045294806722	0.46226339716725
0.0244158746156947	0.476184802795884
0.0244272303038362	0.547180131832331
0.0244385965598282	0.668888317612528
0.0244499733984295	0.782758771815724
0.0244613608344265	0.822821053339331
0.0244727588826331	0.763400733935323
0.0244841675578909	0.63485330322566
0.0244955868750691	0.498685567124158
0.0245070168490648	0.40186399745748
0.0245184574948026	0.349847369367441
0.0245299088272354	0.322549352141994
0.0245413708613438	0.313802822541202
0.0245528436121363	0.351918745705547
0.0245643270946498	0.479011616497219
0.0245758213239492	0.707619381868731
0.0245873263151274	0.99676325827516
0.024598842083306	1.27284327262259
0.0246103686436345	1.48103596352944
0.0246219060112912	1.62662271605565
0.0246334542014825	1.77125460754211
0.0246450132294436	1.98323400064977
0.0246565831104384	2.28117883277309
0.0246681638597591	2.61868716751972
0.0246797554927269	2.92000731523939
0.0246913580246919	3.13298406857598
0.0247029714710328	3.25777710985823
0.0247145958471576	3.33367082260922
0.0247262311685029	3.39661684916619
0.0247378774505347	3.44254149598518
0.024749534708748	3.42898889053304
0.0247612029586671	3.31161093505999
0.0247728822158456	3.0798052420594
0.0247845724958664	2.76426405922585
0.0247962738143419	2.41763402352491
0.0248079861869138	2.08661849562252
0.0248197096292536	1.79528998157194
0.0248314441570624	1.54731864163841
0.0248431897860708	1.33835863334397
0.0248549465320395	1.16423365324811
0.0248667144107588	1.01882473566944
0.0248784934380491	0.888898456832192
0.0248902836297605	0.757936427915301
0.0249020850017735	0.619077894523971
0.0249138975699986	0.483060570890895
0.0249257213503764	0.372483711579143
0.0249375563588779	0.30887584126557
0.0249494026115044	0.301639984910673
0.0249612601242876	0.342956558541151
0.0249731289132898	0.411237613705368
0.0249850089946037	0.483003424183675
0.0249969003843528	0.545289985391045
0.0250088030986912	0.59915568349251
0.0250207171538038	0.653425815869828
0.0250326425659064	0.714388937698841
0.0250445793512457	0.777732677395284
0.0250565275260994	0.827593456241833
0.0250684871067762	0.844124507119094
0.0250804581096161	0.815153497506384
0.0250924405509903	0.744205772466606
0.0251044344473012	0.649869510248939
0.0251164398149827	0.557272960405361
0.0251284566705001	0.487325185408751
0.0251404850303501	0.450045028193512
0.0251525249110611	0.444335539531759
0.0251645763291934	0.462846099321598
0.0251766393013387	0.499289516474146
0.0251887138441206	0.554374220692625
0.0252007999741948	0.636198445372042
0.0252128977082489	0.754796376578588
0.0252250070630024	0.916477050689023
0.0252371280552072	1.12350427498938
0.0252492607016471	1.37624453800823
0.0252614050191385	1.67051260930672
0.02527356102453	1.99138337438159
0.0252857287347026	2.31248717673012
0.02529790816657	2.60461807963939
0.0253100993370783	2.84947516448556
0.0253223022632065	3.05040593326551
0.0253345169619662	3.22862095404808
0.0253467434504019	3.40059734548583
0.025358981745591	3.55430694723223
0.0253712318646439	3.64926937461427
0.0253834938247041	3.6440648934696
0.0253957676429481	3.53058985102866
0.025408053336586	3.34601930087523
0.0254203509228609	3.14758438552418
0.0254326604190493	2.96985158826795
0.0254449818424614	2.80328418248877
0.0254573152104408	2.61023142918559
0.0254696605403647	2.36237216965911
0.0254820178496443	2.06994845193292
0.0254943871557242	1.77713798691328
0.0255067684760832	1.52710877028471
0.025519161828234	1.33157505784966
0.0255315672297232	1.16844097890981
0.0255439846981318	1.00264184585079
0.0255564142510748	0.818825750104194
0.0255688559062016	0.644431253646157
0.0255813096811959	0.532858947997382
0.025593775593776	0.515398506234609
0.0256062536616947	0.574044340001927
0.0256187439027394	0.661083429155848
0.0256312463347322	0.74049049665114
0.0256437609755301	0.815886970687879
0.025656287843025	0.922308056057185
0.0256688269551436	1.08181627352407
0.0256813783298479	1.26253177947046
0.0256939419851349	1.38864993030147
0.0257065179390369	1.39735058784415
0.0257191062096214	1.28950830125215
0.0257317068149915	1.13015274429731
0.0257443197732856	0.999990738106176
0.0257569451026779	0.936726296483381
0.025769582821378	0.914466281996964
0.0257822329476315	0.879319404494188
0.0257948954997197	0.807248906782244
0.0258075704959599	0.72958527310527
0.0258202579547054	0.705724793236385
0.0258329578943456	0.771193121787163
0.0258456703333061	0.905298893518159
0.0258583952900488	1.04428008878935
0.025871132783072	1.13049137026324
0.0258838828309103	1.15856467456333
0.0258966454521351	1.17947507154562
0.0259094206653543	1.25722971470581
0.0259222084892126	1.41604294579558
0.0259350089423914	1.62800170458613
0.0259478220436093	1.85117909261268
0.0259606478116216	2.07359765805657
0.0259734862652208	2.31813249048609
0.0259863374232367	2.60950236620978
0.0259992013045363	2.93532656289952
0.0260120779280239	3.23635432244465
0.0260249673126414	3.44229736854718
0.0260378694773682	3.52522266282211
0.0260507844412214	3.51617335731498
0.0260637122232558	3.47013153076325
0.0260766528425641	3.41723880564384
0.0260896063182768	3.34357706805666
0.0261025726695626	3.21728353801321
0.0261155519156283	3.03565412882378
0.0261285440757188	2.84401946023698
0.0261415491691173	2.70542238348239
0.0261545672151457	2.64959222160748
0.0261675982331641	2.64280088705457
0.0261806422425713	2.60502673283493
0.0261936992628049	2.47111643944206
0.026206769313341	2.24597739745256
0.0262198524136951	1.99858499874662
0.0262329485834211	1.80515511807815
0.0262460578421124	1.69547648487236
0.0262591802094015	1.63893227980364
0.0262723157049601	1.58051390733505
0.0262854643484993	1.50295816493058
0.0262986261597697	1.45147861805769
0.0263118011585615	1.48771929911145
0.0263249893647046	1.62374916181464
0.0263381907980686	1.80319152473376
0.0263514054785629	1.94006032924792
0.0263646334261371	1.97954065806642
0.0263778746607808	1.93333547950636
0.0263911292025237	1.85775492301292
0.0264043970714358	1.79273239364589
0.0264176782876275	1.72353539359721
0.0264309728712497	1.60162121580107
0.0264442808424939	1.40091418697569
0.0264576022215922	1.15939952274014
0.0264709370288176	0.970155042865486
0.0264842852844839	0.920902273157613
0.0264976470089459	1.02537815884073
0.0265110222225995	1.2070525891613
0.026524410945882	1.35237055422256
0.0265378131992717	1.39035854576714
0.0265512290032884	1.33858830963424
0.0265646583784935	1.2819153736496
0.0265781013454901	1.29971525463443
0.0265915579249227	1.40304372634965
0.026605028137478	1.53358039580848
0.0266185120038844	1.61632685286199
0.0266320095449125	1.62236503467028
0.0266455207813748	1.59905996556687
0.0266590457341264	1.63609624701361
0.0266725844240645	1.78751472531853
0.0266861368721288	2.03040320193393
0.0266997030993018	2.29746080054019
0.0267132831266084	2.52938222406822
0.0267268769751165	2.70027323308122
0.0267404846659367	2.8186738743762
0.0267541062202229	2.90534625524806
0.0267677416591719	2.96104369543659
0.0267813910040239	2.96556421639715
0.0267950542760622	2.91013293712173
0.0268087314966138	2.82044418478473
0.0268224226870491	2.7505330179539
0.0268361278687823	2.75553136695342
0.0268498470632714	2.8555141529564
0.0268635802920181	3.01835899426493
0.0268773275765684	3.1846276662179
0.0268910889385121	3.31002370857256
0.0269048643994836	3.38697516364448
0.0269186539811615	3.43889167820723
0.0269324577052686	3.49648746455355
0.0269462755935728	3.56947921042362
0.0269601076678862	3.63656353291768
0.026973953950066	3.66425117793201
0.0269878144620143	3.63571337696811
0.0270016892256782	3.56421987173014
0.0270155782630498	3.48400256560854
0.0270294815961668	3.42523833293449
0.027043399247112	3.39055957580691
0.0270573312380138	3.3541852510944
0.0270712775910463	3.28150679791315
0.0270852383284293	3.14835785413774
0.0270992134724284	2.94979206666186
0.0271132030453552	2.69940905170252
0.0271272070695674	2.41980609605145
0.0271412255674689	2.13089327047748
0.0271552585615101	1.84657070759964
0.0271693060741876	1.5770716922551
0.0271833681280447	1.33027877614077
0.0271974447456714	1.11451718131065
0.0272115359497046	0.943361650711504
0.0272256417628278	0.836237558859449
0.027239762207772	0.81201206485989
0.0272538973073151	0.879022532382338
0.0272680470842824	1.0260554002012
0.0272822115615467	1.21964944980157
0.027296390762028	1.41156815691218
0.0273105847086945	1.55347731438872
0.0273247934245619	1.61279971274257
0.0273390169326937	1.5862903103349
0.0273532552562017	1.50532512643633
0.0273675084182457	1.42392857848212
0.027381776442034	1.39247094902735
0.0273960593508231	1.43147431068795
0.0274103571679182	1.5202251683854
0.027424669916673	1.61118875822449
0.0274389976204903	1.66236389127685
0.0274533403028215	1.66076289898863
0.0274676979871672	1.62314845813918
0.0274820706970774	1.58339354116434
0.027496458456151	1.57693578210404
0.0275108612880366	1.62702478110736
0.0275252792164325	1.73584049825255
0.0275397122650864	1.88257453458256
0.027554160457796	2.03370314242893
0.0275686238184089	2.16531489267052
0.0275831023708229	2.28284783449984
0.027597596138986	2.42379533194573
0.0276121051468965	2.64373694598657
0.0276266294186032	2.9917479760707
0.0276411689782056	3.48183470759055
0.0276557238498539	4.0771129692245
0.0276702940577491	4.70227378303976
0.0276848796261435	5.27656768157634
0.0276994805793403	5.74466106168146
0.0277140969416941	6.09084670996007
0.0277287287376109	6.33440549865216
0.0277433759915484	6.51060120584595
0.0277580387280157	6.64606837041813
0.0277727169715742	6.73957520826275
0.0277874107468368	6.7599973212774
0.0278021200784688	6.66567012081897
0.0278168449911877	6.42948000692543
0.0278315855097634	6.05013380723132
0.0278463416590183	5.55114842083869
0.0278611134638274	4.97526367228988
0.0278759009491187	4.3723654159008
0.0278907041398731	3.78564378652209
0.0279055230611243	3.24482069907448
0.0279203577379597	2.76176829059974
0.0279352081955197	2.32669375112674
0.0279500744589984	1.91721128515087
0.0279649565536436	1.51847530204346
0.0279798545047566	1.136749428135
0.0279947683376931	0.80178036643452
0.0280096980778625	0.559550738047211
0.0280246437507287	0.448798294531081
0.0280396053818097	0.472227421436244
0.0280545829966784	0.594310111691076
0.028069576620962	0.768071925914145
0.0280845862803426	0.958440254357164
0.0280996120005575	1.14633191166763
0.0281146538073989	1.32233296862637
0.0281297117267143	1.47857826480198
0.0281447857844065	1.60417328579245
0.028159876006434	1.68682072476929
0.028174982418811	1.71583883411552
0.0281901050476075	1.68284784712934
0.0282052439189494	1.58435166745422
0.028220399059019	1.42658651085335
0.0282355704940547	1.2270404948305
0.0282507582503514	1.01313085205131
0.0282659623542607	0.819730377150446
0.0282811828321908	0.680744638971105
0.0282964197106069	0.616068855423293
0.0283116730160312	0.626920935149525
0.0283269427750433	0.705836689294729
0.0283422290142799	0.851792840511131
0.0283575317604356	1.07799790184715
0.0283728510402622	1.40611456365425
0.0283881868805697	1.85020007859009
0.0284035393082261	2.40596151827189
0.0284189083501573	3.05723294437375
0.0284342940333477	3.78982754677298
0.0284496963848402	4.5976523371758
0.0284651154317361	5.47909427816635
0.0284805512011957	6.42520542581636
0.0284960037204382	7.40310279556212
0.0285114730167419	8.34887919093973
0.0285269591174443	9.18281076623057
0.0285424620499424	9.83884469268318
0.0285579818416928	10.2851275564425
0.0285735185202117	10.5220174412969
0.0285890721130755	10.5657124225711
0.0286046426479203	10.4335202023354
0.0286202301524427	10.1376921388804
0.0286358346543998	9.68548701627958
0.0286514561816089	9.08328513371425
0.0286670947619484	8.34438171373159
0.0286827504233573	7.49612604146924
0.028698423193836	6.57898873210332
0.0287141131014457	5.63732964929179
0.0287298201743095	4.71039756456111
0.0287455444406116	3.8285202735079
0.0287612859285983	3.01262851355493
0.0287770446665776	2.27669626655095
0.0287928206829196	1.63421416682636
0.0288086140060566	1.10489273097032
0.0288244246644836	0.714137614068274
0.0288402526867578	0.48280127857768
0.0288560981014995	0.413915414524707
0.0288719609373916	0.485855168138243
0.0288878412231804	0.655663834245055
0.0289037389876753	0.870928963977116
0.0289196542597493	1.08552270161252
0.0289355870683388	1.26996926807754
0.0289515374424442	1.40895784008854
0.0289675054111299	1.49231074386096
0.0289834910035243	1.51393645030702
0.0289994942488202	1.47971202145357
0.0290155151762749	1.40949578437206
0.0290315538152106	1.32596783445506
0.0290476101950139	1.23963268563948
0.0290636843451369	1.14143452110004
0.0290797762950968	1.00897208284726
0.029095886074476	0.827676476542882
0.0291120137129228	0.615652340083461
0.029128159240151	0.429534291398566
0.0291443226859406	0.341896212157898
0.0291605040801376	0.405410615656549
0.0291767034526542	0.625758526239935
0.0291929208334694	0.960600025746881
0.0292091562526287	1.3534446863177
0.0292254097402444	1.78285146214219
0.0292416813264961	2.28375587832667
0.0292579710416304	2.9229876975878
0.0292742789159616	3.75108355270791
0.0292906049798713	4.76397321216279
0.0293069492638093	5.90123927340523
0.029323311798293	7.08238120856775
0.0293396926139082	8.24510622723499
0.0293560917413092	9.35256108488053
0.0293725092112187	10.3792639497458
0.0293889450544281	11.2992652774169
0.029405399301798	12.0836258011903
0.0294218719842579	12.7037356047411
0.0294383631328069	13.133518344373
0.0294548727785133	13.3455122043167
0.0294714009525155	13.3081951456701
0.0294879476860216	12.9949207661331
0.0295045130103099	12.3991703843777
0.0295210969567289	11.5456337294462
0.029537699556698	10.4937386319337
0.0295543208417068	9.32975744479829
0.0295709608433163	8.1456565795845
0.0295876195931582	7.01341914687061
0.0296042971229358	5.96529765304503
0.0296209934644238	4.99063624953752
0.0296377086494687	4.06202534347813
0.0296544427099888	3.17818392053337
0.0296711956779747	2.3815763749529
0.0296879675854892	1.73365713111482
0.0297047584646677	1.27605332847725
0.0297215683477183	1.00876325350986
0.0297383972669221	0.893641420406859
0.0297552452546332	0.876450589029704
0.0297721123432793	0.91146868837254
0.0297889985653616	0.970972736713427
0.0298059039534548	1.03799660997828
0.0298228285402081	1.09749467368517
0.0298397723583444	1.13757056782351
0.0298567354406613	1.1566697895917
0.0298737178200309	1.16349034570029
0.0298907195294002	1.1644256480282
0.0299077406017913	1.15027976626981
0.0299247810703014	1.09719081638703
0.0299418409681033	0.982851007535778
0.0299589203284453	0.807111405962029
0.029976019184652	0.601902938692794
0.0299931375701237	0.420712388397234
0.0300102755183372	0.315527757788763
0.0300274330628459	0.318138495453949
0.03004461023728	0.432603048616565
0.0300618070753466	0.639364464310392
0.0300790236108301	0.912392384186383
0.0300962598775922	1.23987710744135
0.0301135159095724	1.62976986088062
0.0301307917407881	2.09843760536224
0.0301480874053347	2.65848355161444
0.0301654029373859	3.31519712245901
0.0301827383711942	4.07048946090484
0.0302000937410906	4.92725806531437
0.0302174690814853	5.88189386784204
0.0302348644268676	6.90608373551814
0.0302522798118063	7.94178555173773
0.0302697152709499	8.9222578135416
0.030287170839027	9.80206378381884
0.030304646550846	10.5724646111584
0.030322142441296	11.24914752087
0.0303396585453465	11.8344670322208
0.030357194898048	12.2828338973902
0.0303747515345321	12.5095012662424
0.0303923284900115	12.4434751444197
0.0304099257997807	12.0759904154493
0.0304275434992158	11.4662590228791
0.0304451816237751	10.709209527414
0.0304628402089991	9.88892984310339
0.0304805192905107	9.04349787147367
0.0304982189040156	8.16455617347539
0.0305159390853026	7.2316449784231
0.0305336798702437	6.2495395821636
0.0305514412947941	5.25967498085185
0.0305692233949931	4.32236810189067
0.0305870262069636	3.48518621101065
0.0306048497669131	2.76164076207619
0.030622694111133	2.13752890033711
0.0306405592759999	1.60010763639763
0.0306584452979751	1.16259698142254
0.0306763522136051	0.857581529195023
0.0306942800595219	0.701311345351927
0.0307122288724431	0.66146290874615
0.0307301986891722	0.664022031556448
0.0307481895465991	0.639861468109409
0.0307662014816998	0.572947593838464
0.0307842345315374	0.50952415837559
0.0308022887332616	0.518182168684384
0.0308203641241095	0.62796145717241
0.0308384607414055	0.792471789315152
0.0308565786225619	0.915299900203413
0.0308747178050788	0.921973419115007
0.0308928783265447	0.816831994334744
0.0309110602246364	0.677066373907573
0.0309292635371196	0.595841819977947
0.0309474883018489	0.620134369278042
0.0309657345567684	0.721856086282358
0.0309840023399114	0.823344678499747
0.0310022916894012	0.867237725445525
0.0310206026434512	0.871042927311568
0.031038935240365	0.909487209929374
0.031057289518537	1.05077332618561
0.0310756655164522	1.3163052014825
0.031094063272687	1.68826811189914
0.031112482825909	2.14159731304957
0.0311309242148776	2.6715619786535
0.0311493874784441	3.29245326425387
0.0311678726555521	4.00115153872819
0.0311863797852376	4.74354059716941
0.0312049089066294	5.42907443843342
0.0312234600589494	5.98721146616634
0.0312420332815127	6.41522723515552
0.0312606286137281	6.77660697368541
0.0312792460950984	7.14975804695448
0.0312978857652202	7.5635218471136
0.031316547663785	7.9672983567954
0.0313352318305786	8.26235810486415
0.0313539383054821	8.37498465583063
0.0313726671284718	8.30870931987921
0.0313914183396194	8.12976024387998
0.0314101919790928	7.90863834180314
0.0314289880871558	7.6701316915175
0.0314478067041687	7.38000058574922
0.0314666478705885	6.97552726102723
0.0314855116269692	6.42234109337092
0.0315043980139622	5.7442051861178
0.0315233070723164	4.99698234089737
0.0315422388428787	4.22847589509015
0.0315611933665941	3.47098042709471
0.031580170684506	2.75734025133526
0.0315991708377567	2.12898443243286
0.0316181938675875	1.62814476577019
0.0316372398153392	1.28037729605285
0.0316563087224521	1.0741199724622
0.0316754006304666	0.955357073878715
0.0316945155810233	0.855750366258601
0.0317136536158634	0.738016763050411
0.0317328147768289	0.615475423626085
0.0317519991058632	0.529212606097912
0.0317712066450109	0.508026093524738
0.0317904374364186	0.54501632088356
0.0318096915223349	0.605878902901476
0.031828968945111	0.657007933118508
0.0318482697472006	0.686321264985462
0.0318675939711606	0.701116133698931
0.031886941659651	0.709864410410323
0.0319063128554358	0.706552282141387
0.0319257076013827	0.67508753869951
0.031945125940464	0.612825048812772
0.0319645679157562	0.545404634223038
0.0319840335704411	0.512635089255589
0.0320035229478055	0.541245539150037
0.032023036091242	0.629903644654821
0.032042573044249	0.754519269757841
0.0320621338504309	0.889535133799077
0.0320817185534989	1.02986531615259
0.0321013271972711	1.19147956380044
0.0321209598256726	1.39007561065515
0.0321406164827361	1.62239793144978
0.0321602972126022	1.86897609026252
0.0321800020595196	2.11132254296478
0.0321997310678456	2.34316588651613
0.0322194842820462	2.56594895387676
0.0322392617466969	2.77542486284846
0.0322590635064822	2.95330314631232
0.032278889606197	3.07600863244661
0.032298740090746	3.13959057596423
0.0323186150051446	3.17634952433489
0.032338514394519	3.23754187563499
0.0323584383041066	3.3542773300841
0.0323783867792566	3.51278017842315
0.0323983598654296	3.66102911878292
0.032418357608199	3.73820323595112
0.0324383800532503	3.70813286140978
0.0324584272463823	3.57400472070587
0.0324784992335069	3.36328278950595
0.0324985960606496	3.10068827370467
0.0325187177739501	2.79996580611786
0.0325388644196623	2.4800326583113
0.0325590360441547	2.1776113251326
0.032579232693911	1.93431985198088
0.0325994544155303	1.76856871088931
0.0326197012557275	1.65822253360652
0.0326399732613333	1.55228430768997
0.0326602704792954	1.40989787717975
0.032680592956678	1.23656713272105
0.0327009407406627	1.08156166333724
0.0327213138785484	0.998101779819935
0.0327417124177523	0.999784350078074
0.0327621364058096	1.04383492257991
0.0327825858903745	1.05662727560413
0.0328030609192199	0.987754870813546
0.0328235615402385	0.846473813850275
0.0328440878014425	0.688789321809375
0.0328646397509643	0.571956243999719
0.0328852174370571	0.514997324605467
0.0329058209080948	0.49666814346107
0.0329264502125726	0.491105750240938
0.0329471053991075	0.496714199440367
0.0329677865164385	0.524122120016504
0.0329884936134271	0.569474831401924
0.0330092267390575	0.607224510726487
0.0330299859424374	0.601476922713321
0.0330507712727979	0.530975373733104
0.033071582779494	0.419075488038142
0.0330924205120054	0.333699367257491
0.0331132845199363	0.340026793637516
0.0331341748530162	0.446919153544232
0.0331550915611003	0.598965182270023
0.0331760346941695	0.719897616458434
0.0331970043023312	0.767893040816565
0.0332180004358196	0.757802986884542
0.033239023144996	0.740106436832058
0.0332600724803494	0.759723286767429
0.0332811484924965	0.823079271572396
0.0333022512321827	0.89765537681963
0.033323380750282	0.946767927099033
0.0333445370977976	0.961490143227153
0.0333657203258624	0.95545282407733
0.0333869304857392	0.938621036949468
0.0334081676288213	0.901769143547283
0.0334294318066329	0.822431098821103
0.0334507230708293	0.691098907551508
0.0334720414731977	0.53734813499483
0.0334933870656572	0.421261916122099
0.0335147599002595	0.38971648434114
0.0335361600291893	0.438737944795169
0.0335575875047646	0.516998379257992
0.0335790423794372	0.565067827620571
0.0336005247057932	0.554731627419184
0.0336220345365533	0.499667095983838
0.0336435719245732	0.437587343193229
0.0336651369228443	0.399986727770172
0.0336867295844938	0.390318482244103
0.0337083499627854	0.390622608279883
0.0337299981111195	0.389277874370936
0.0337516740830339	0.393356570278009
0.0337733779322041	0.412927123954385
0.0337951097124436	0.444764358300618
0.0338168694777046	0.475183213697452
0.0338386572820785	0.495216131143677
0.0338604731797958	0.514596887593844
0.0338823172252274	0.559813105883512
0.0339041894728842	0.650106161998719
0.0339260899774182	0.772054952985023
0.0339480187936226	0.879554192138925
0.0339699759764324	0.920565482609821
0.0339919615809248	0.870100946592772
0.0340139756623196	0.747145753405049
0.0340360182759798	0.60497726049277
0.0340580894774121	0.501739279304713
0.0340801893222671	0.471428097163832
0.0341023178663402	0.514209518046543
0.0341244751655714	0.608402024229833
0.0341466612760465	0.727089052760988
0.0341688762539972	0.842412708106655
0.0341911201558015	0.924058813846989
0.0342133930379845	0.948266541185001
0.0342356949572185	0.912251193152887
0.0342580259703237	0.837403871724985
0.0342803861342688	0.758439955099206
0.0343027755061712	0.705850147893081
0.0343251941432975	0.688457270980845
0.0343476421030643	0.68541315085046
0.0343701194430385	0.659200037952
0.0343926262209376	0.585997021952809
0.0344151624946306	0.478883527308109
0.0344377283221382	0.382374130612877
0.0344603237616332	0.342130580318489
0.0344829488714415	0.375002199652877
0.0345056037100419	0.462068324573694
0.0345282883360674	0.563771106892636
0.0345510028083049	0.640960471077289
0.0345737471856964	0.671024357400967
0.034596521527339	0.652642566919122
0.0346193258924856	0.598779534689502
0.0346421603405457	0.531794286660881
0.0346650249310853	0.486282210766804
0.0346879197238281	0.503574251087773
0.0347108447786553	0.609875479706796
0.0347338001556068	0.793561805096896
0.0347567859148814	1.00016306559969
0.0347798021168373	1.15538871489135
0.0348028488219926	1.21083400803838
0.034825926091026	1.17513714564298
0.0348490339847774	1.09781191996585
0.0348721725642479	1.02492083677386
0.0348953418906011	0.969334497622024
0.0349185420251631	0.915419209179838
0.0349417730294232	0.845760779992541
0.0349650349650344	0.761341094519915
0.034988327893814	0.678010704401198
0.0350116518777443	0.608410301469882
0.0350350069789728	0.551236400556247
0.0350583932598129	0.499319131254057
0.0350818107827448	0.457983024106489
0.0351052596104153	0.452520828941262
0.0351287398056391	0.51084175052333
0.0351522514313991	0.632780270335178
0.0351757945508467	0.774942992639763
0.0351993692273029	0.869219602467514
0.0352229755242582	0.866595289908682
0.0352466135053738	0.77590085261839
0.0352702832344819	0.663969542364759
0.0352939847755861	0.610956973673384
0.0353177181928624	0.655035755376966
0.0353414835506593	0.771821368596072
0.0353652809134988	0.900355957431474
0.0353891103460766	0.988460316922321
0.0354129719132631	1.02561446166566
0.0354368656801037	1.04024125106045
0.0354607917118195	1.05833589075659
0.0354847500738077	1.06593157299357
0.0355087408316425	1.02253501169106
0.0355327640510756	0.909492608790753
0.0355568197980367	0.75888757645542
0.035580908138634	0.639201039304697
0.0356050291391552	0.605512373717372
0.0356291828660679	0.6471429221348
0.0356533693860199	0.692551640405087
0.0356775887658402	0.678735771700061
0.0357018410725398	0.605623704588872
0.0357261263733117	0.529633595843716
0.0357504447355319	0.524354468981654
0.0357747962267601	0.631955160274266
0.0357991809147401	0.831362880863221
0.0358235988674005	1.06159699753461
0.0358480501528555	1.27819029813103
0.0358725348394052	1.47853095338572
0.0358970529955367	1.68591708519852
0.0359216046899241	1.91828898495382
0.0359461899914298	2.16617755274137
0.0359708089691048	2.40556889854548
0.0359954616921892	2.62844172493767
0.0360201482301134	2.8427011812705
0.036044868652498	3.04807793547641
0.0360696230291552	3.22662993777793
0.0360944114300888	3.34757125474009
0.0361192339254955	3.38125676493021
0.036144090585765	3.32559463087867
0.0361689814814809	3.21589323508256
0.0361939066834214	3.0974583389627
0.0362188662625601	2.99085868764793
0.0362438602900663	2.88300187926301
0.0362688888373059	2.74551100316151
0.0362939519758421	2.5644652553945
0.0363190497774363	2.35649832839931
0.036344182314048	2.15099228397304
0.0363693496578365	1.95485747018217
0.036394551881161	1.74254185606111
0.0364197890565812	1.48615699845569
0.0364450612568583	1.19603503586357
0.0364703685549559	0.934274268668848
0.0364957110240398	0.786143639498379
0.03652108873748	0.797980546777289
0.0365465017688501	0.924352127459469
0.036571950191929	1.04572286818276
0.0365974340807011	1.05746884901568
0.0366229535093573	0.949887331003399
0.0366485085522953	0.812332893231436
0.036674099284121	0.759133670640879
0.0366997257796484	0.824530168628491
0.036725388113901	0.921879968999433
0.0367510863621122	0.925089296845489
0.0367768205997264	0.787134261873635
0.0368025909023989	0.573946795701415
0.0368283973459978	0.407841293898773
0.0368542400066037	0.377091135260727
0.0368801189605111	0.466445849740773
0.036906034284229	0.570927596728673
0.0369319860544814	0.591494193561822
0.0369579743482085	0.515428684944611
0.0369839992425671	0.413762439674915
0.0370100608149313	0.375737021113577
0.0370361591428938	0.432031465770259
0.037062294304266	0.527418094303846
0.0370884663770793	0.57501449342252
0.0371146754395856	0.544170290445625
0.0371409215702581	0.501242499744417
0.0371672048477922	0.569547327392091
0.0371935253511063	0.835430362380737
0.0372198831593422	1.2778686675316
0.0372462783518665	1.78965820312936
0.0372727110082709	2.26376475320757
0.0372991812083735	2.66140771519473
0.0373256890322189	3.01934550429266
0.0373522345600797	3.40163860921362
0.0373788178724569	3.83170333737705
0.0374054390500808	4.26930914726285
0.0374320981739119	4.65590136036657
0.0374587953251417	4.9690345758743
0.0374855305851935	5.23185721356094
0.0375123040357231	5.48397513567698
0.0375391157586199	5.74405697237524
0.0375659658360074	5.99329259593335
0.0375928543502445	6.19254352459947
0.0376197813839258	6.31125152138168
0.0376467470198829	6.33911959742626
0.0376737513411849	6.28188361932661
0.0377007944311396	6.15290649107038
0.0377278763732941	5.96221617495062
0.0377549972514356	5.70930158184164
0.0377821571495925	5.3882787575587
0.0378093561520353	4.99809070715924
0.0378365943432772	4.54539630313943
0.037863871808075	4.04515655985672
0.0378911886314303	3.52619542008713
0.03791854489859	3.02961302453076
0.0379459406950476	2.59207485932648
0.0379733761065435	2.22722687147311
0.0380008512190667	1.91817763782792
0.0380283661188547	1.62623626448308
0.0380559208923955	1.31710054487113
0.0380835156264275	0.989153814772623
0.0381111504079411	0.678937718600833
0.0381388253241794	0.438040817828924
0.0381665404626389	0.298765572032833
0.0381942959110708	0.253080619117048
0.0382220917574817	0.261279970993149
0.0382499280901346	0.282664839710406
0.0382778049975496	0.300556826052388
0.0383057225685053	0.323176069233056
0.0383336808920395	0.362777939265621
0.0383616800574498	0.411392980971826
0.0383897201542953	0.441266717525612
0.0384178012723969	0.437991739513812
0.0384459235018386	0.427155539384195
0.0384740869329683	0.454202177518716
0.0385022916563987	0.535972774894924
0.0385305377630088	0.633564421762811
0.0385588253439441	0.67375365533697
0.0385871544906181	0.60833982276871
0.0386155252947131	0.467537392235742
0.0386439378481812	0.35627221717203
0.0386723922432456	0.387637577715615
0.038700888572401	0.606786095151745
0.038729426928415	0.964968054458335
0.0387580074043291	1.36151243271318
0.0387866300934596	1.72325061771302
0.0388152950893987	2.06077381837474
0.0388440024860155	2.45405999429836
0.0388727523774569	2.98306808989744
0.0389015448581488	3.66901426706457
0.038930380022797	4.469116046143
0.0389592579663884	5.31214290967952
0.038988178784192	6.14329017590154
0.0390171425717597	6.95260898266657
0.0390461494249277	7.76425567578745
0.0390751994398173	8.58951833057457
0.0391042927128362	9.39082278417097
0.0391334293406793	10.1004075949894
0.0391626094203301	10.6789377416492
0.0391918330490613	11.1575208982599
0.0392211003244363	11.6115131087082
0.0392504113443102	12.0664489067714
0.0392797662068309	12.4175745157934
0.0393091650104399	12.4600692043772
0.0393386078538737	12.0276496901892
0.0393680948361651	11.1251530860125
0.0393976260566437	9.94088294485298
0.0394272016149375	8.72957776079851
0.039456821610974	7.66064729217804
0.0394864861449811	6.74754995558388
0.0395161953174883	5.89873632287695
0.0395459492293279	5.02457161220465
0.0395757479816362	4.10904126793954
0.0396055916758545	3.21411732530187
0.0396354804137303	2.43069658145645
0.0396654142973186	1.81162782266821
0.0396953934289827	1.34778066957284
0.0397254179113958	1.00947221558305
0.0397554878475418	0.786611225053602
0.0397856033407169	0.679063277148114
0.0398157644945303	0.676089207037021
0.0398459714129056	0.755631736221907
0.0398762242000823	0.883204219079684
0.0399065229606164	1.01625429828922
0.0399368677993821	1.13824382780557
0.0399672588215727	1.28601516179503
0.0399976961327021	1.51921744570935
0.0400281798386057	1.85330675841559
0.0400587100454419	2.22104832904155
0.0400892868596932	2.49396780686039
0.0401199103881675	2.54768961518409
0.0401505807379991	2.33258188393972
0.0401812980166505	1.9091145185541
0.0402120623319129	1.42229653597524
0.0402428737919083	1.02291927486737
0.0402737325050899	0.78865413093642
0.0403046385802443	0.704640290270591
0.0403355921264918	0.706129340686487
0.0403665932532884	0.740316372797298
0.040397642070427	0.806715986359165
0.0404287386880383	0.953257513041203
0.0404598832165924	1.23922512719228
0.0404910757669003	1.70464728222651
0.0405223164501147	2.36600103409519
0.0405536053777318	3.22585581208009
0.0405849426615923	4.2841019659806
0.040616328413883	5.54111599120153
0.0406477627471377	6.98211131252542
0.0406792457742393	8.55379274543685
0.0407107776084203	10.1636230115316
0.0407423583632647	11.7133965853584
0.0407739881527093	13.1455672420193
0.0408056670910449	14.4640574748367
0.0408373952929178	15.7002376675002
0.0408691728733311	16.8409316377258
0.0409009999476461	17.7860010909264
0.0409328766315838	18.3805688903603
0.0409648030412263	18.498530800936
0.0409967792930181	18.118162568893
0.0410288055037674	17.3347965550074
0.041060881790648	16.2939792260417
0.0410930082712	15.09275250944
0.0411251850633321	13.741259584602
0.0411574122853223	12.2197456462177
0.0411896900558196	10.5546028973584
0.0412220184938457	8.83348028499222
0.0412543977187962	7.16340212265962
0.0412868278504419	5.61653879941101
0.0413193090089309	4.20781789235002
0.0413518413147894	2.93288138444068
0.0413844248889235	1.82951754645793
0.0414170598526209	0.988580237580562
0.0414497463275518	0.505434062967514
0.0414824844357712	0.419920945889321
0.0415152742997197	0.682729207229206
0.0415481160422255	1.16256327688622
0.0415810097865058	1.69886878760784
0.0416139556561682	2.17936934643734
0.0416469537752124	2.58790242710632
0.0416800042680318	2.98242903896707
0.0417131072594148	3.41839231453686
0.0417462628745468	3.88252200070041
0.0417794712390113	4.29519850309164
0.0418127324787919	4.56609050490494
0.0418460467202736	4.64996576511241
0.0418794140902444	4.56494222855952
0.0419128347158974	4.35477842797786
0.0419463087248315	4.03446961084488
0.0419798362450541	3.58959810395025
0.0420134174049818	3.02115002441615
0.0420470523334425	2.37266034251891
0.0420807411596772	1.72851634814836
0.0421144840133412	1.1913077052745
0.042148281024506	0.834297304254134
0.0421821323236611	0.672025953065642
0.0422160380417155	0.689979922481967
0.0422499983099994	0.892717349225144
0.0422840132602659	1.31909389591363
0.0423180830246928	2.02918080992595
0.0423522077358842	3.0782922336035
0.0423863875268723	4.47966385093732
0.0424206225311191	6.17725306389196
0.0424549128825181	8.05546230345193
0.0424892587153961	9.97766195295745
0.0425236601645149	11.8333841349811
0.0425581173650731	13.5770280188378
0.0425926304527079	15.2272882584978
0.0426271995634968	16.8193493360512
0.0426618248339595	18.3537632524647
0.0426965064010595	19.7689632665485
0.0427312444022063	20.9288245107835
0.0427660389752566	21.6477557249327
0.0428008902585167	21.7666796869952
0.042835798390744	21.2279541232512
0.0428707635111491	20.0996989715269
0.0429057857593974	18.5433472948206
0.042940865275611	16.7356561462577
0.0429760022003706	14.7892492290161
0.0430111966747177	12.745491069395
0.0430464488401558	10.6398645871686
0.043081758838653	8.55081219078089
0.0431171268126433	6.58873045845676
0.0431525529050292	4.85857024646662
0.0431880372591828	3.42773134939802
0.0432235800189485	2.31185781443222
0.0432591813286445	1.49154102198927
0.0432948413330648	0.950548893398538
0.0433305601774813	0.696741161132981
0.0433663380076457	0.746284099051038
0.0434021749697914	1.08746115955516
0.0434380712106357	1.65109876098735
0.0434740268773817	2.31722231965351
0.0435100421177201	2.9708691900804
0.0435461170798315	3.56741225582512
0.0435822519123885	4.14281003433813
0.0436184467645574	4.75630163159465
0.0436547017860005	5.41295228140899
0.043691017126878	6.02301754074522
0.0437273929378504	6.43583397419682
0.0437638293700802	6.52906324788457
0.0438003265752342	6.28331369865515
0.0438368847054856	5.78776160415649
0.0438735039135158	5.17229426415344
0.0439101843525173	4.51823116557827
0.0439469261761948	3.83255481296514
0.0439837295387683	3.10397418189966
0.0440205945949746	2.35726582163754
0.0440575215000698	1.65357186940456
0.0440945104098313	1.06961154943448
0.0441315614805602	0.683562267506817
0.0441686748690833	0.557220615745882
0.0442058507327555	0.714837191723272
0.0442430892294617	1.143782322091
0.0442803905176193	1.82303392914091
0.0443177547561807	2.75178915270376
0.0443551821046349	3.95121990191601
0.0443926727230103	5.43222538866149
0.0444302267718767	7.14932263402481
0.0444678444123478	8.98554705420341
0.0445055258060834	10.7923955935664
0.0445432711152915	12.4517374606523
0.0445810805027312	13.9084610661248
0.0446189541317144	15.1587794153552
0.0446568921661086	16.2140137595298
0.044694894770339	17.06526628142
0.0447329621093911	17.6650234407214
0.0447710943488127	17.9340813775629
0.0448092916547168	17.7957947192281
0.0448475541937838	17.2233219012987
0.0448858821332637	16.2650717234938
0.0449242756409788	15.0268484202801
0.0449627348853263	13.6314534573798
0.0450012600352803	12.1833644508893
0.0450398512603945	10.7453784320024
0.0450785087308049	9.33912669954109
0.0451172326172319	7.98013042498415
0.0451560230909833	6.71304656457027
0.0451948803239562	5.60129682088063
0.0452338044886402	4.68533755628909
0.0452727957581194	3.958948199003
0.0453118543060754	3.38795109421836
0.0453509803067896	2.95758342925632
0.0453901739351458	2.70340831154591
0.045429435366633	2.68612071937757
0.0454687647773478	2.92882142558735
0.0455081623439973	3.37610224368996
0.0455476282439014	3.90985203497464
0.0455871626549956	4.41195628708357
0.045626765755834	4.83056321844052
0.0456664377255915	5.19353044674946
0.0457061787440666	5.55661867878224
0.0457459889916845	5.93504455397447
0.0457858686494993	6.26845160892753
0.0458258178991971	6.43860962486206
0.0458658369230988	6.34203362229786
0.0459059259041624	5.97282220740963
0.0459460850259864	5.43148449000339
0.0459863144728122	4.84817692751301
0.046026614429527	4.29821596477358
0.0460669850816668	3.77600484162966
0.0461074266154191	3.2340964005699
0.0461479392176256	2.65607809831824
0.0461885230757854	2.10433689527626
0.0462291783780578	1.6950514738053
0.046269905313265	1.52121825305771
0.0463107040708954	1.59076414822105
0.0463515748411061	1.82924635442043
0.0463925178147261	2.14369145495492
0.0464335331832594	2.49275267251259
0.0464746211388877	2.90382252545388
0.0465157818744736	3.43052324000096
0.0465570155835635	4.09495870364705
0.0465983224603907	4.86530341645653
0.0466397026998784	5.68029529732939
0.0466811564976428	6.49027249765699
0.0467226840499963	7.28609508961415
0.0467642855539503	8.10296669152844
0.0468059612072186	8.98935025681186
0.0468477112082205	9.95529343901824
0.0468895357560837	10.9495292580403
0.0469314350506477	11.8922123570851
0.046973409292467	12.7296577324186
0.0470154586828142	13.4632824836296
0.0470575834236832	14.130085301035
0.0470997837177924	14.7492814801272
0.0471420597685883	15.2849413775912
0.0471844117802482	15.6558604857529
0.047226839957684	15.776513288311
0.0472693445065451	15.609585029004
0.0473119256332221	15.2070996813026
0.0473545835448497	14.7007570930236
0.0473973184493107	14.2351933113959
0.0474401305552385	13.8886516437255
0.0474830200720215	13.6285225959005
0.0475259872098056	13.333235984349
0.0475690321794981	12.8830555805228
0.0476121551927714	12.2473245933208
0.0476553564620656	11.49216158934
0.047698636200593	10.7215958441886
0.047741994622341	10.0077121044156
0.0477854319420757	9.35099621895931
0.0478289483753455	8.70033405932728
0.0478725441384849	8.01721911436007
0.0479162194486177	7.31703052053053
0.0479599745236608	6.65901977752757
0.0480038095823277	6.11390646620611
0.0480477248441324	5.73258505006873
0.0480917205293929	5.52503436034392
0.0481357968592348	5.45864538807731
0.0481799540555951	5.47215844259215
0.0482241923412259	5.49804524280368
0.0482685119396984	5.48976547907298
0.048312913075406	5.43182784559748
0.048357395973569	5.32110245710018
0.0484019608602376	5.15315835454645
0.0484466079622962	4.93701312099262
0.0484913375074669	4.71423420137739
0.0485361497243139	4.55628909117528
0.0485810448422469	4.53094329222345
0.0486260230915251	4.64505202754154
0.0486710847032614	4.80867818896466
0.048716229909426	4.8734988393377
0.0487614589428508	4.72336377922683
0.048806772037233	4.33666105523534
0.0488521694271392	3.78641829423128
0.0488976513480097	3.20053902024349
0.0489432180361624	2.71082380564183
0.0489888697287969	2.41221106612508
0.0490346066639984	2.35135470340496
0.0490804290807424	2.55119763902496
0.0491263372188983	3.04839589815749
0.0491723313192339	3.90826096583979
0.0492184116234193	5.20376415061103
0.0492645783740317	6.97559861238546
0.0493108318145589	9.20239219902012
0.0493571721894044	11.8008336989489
0.049403599743891	14.654254745099
0.0494501147242654	17.6461497063535
0.0494967173777027	20.6739914797167
0.0495434079523107	23.642400664837
0.0495901866971341	26.4631196760499
0.0496370538621591	29.0789039105984
0.0496840096983179	31.4850775974998
0.0497310544574931	33.7219746293924
0.0497781883925221	35.8351979153643
0.049825411757202	37.8125111797706
0.0498727248062936	39.5340153959986
0.0499201277955264	40.768567188336
0.0499676209816032	41.2030904868381
0.0500152046222044	40.5078254443817
0.0500628789759931	38.4730444283719
0.0501106443026194	35.1590177972141
0.0501585008627254	30.9207835448007
0.0502064489179498	26.2678331232116
0.0502544887309327	21.6683674579155
0.0503026205653202	17.438822497892
0.0503508446857697	13.7486303798585
0.0503991613579542	10.672178284954
0.0504475708485677	8.23300478209848
0.0504960734253297	6.42855402812015
0.0505446693569902	5.23870649755506
0.0505933589133348	4.62288120513655
0.0506421423651898	4.51421863588948
0.0506910199844269	4.81895867765879
0.0507399920439685	5.42435799844319
0.0507890588177925	6.21239013452142
0.0508382205809377	7.07741446958853
0.0508874776095091	7.94384351559194
0.0509368301806823	8.76329657913884
0.0509862785727097	9.49529071172899
0.0510358230649249	10.1111634201692
0.0510854639377485	10.6133832274227
0.051135201472693	11.0221931333632
0.0511850359523685	11.3342140237364
0.0512349676604876	11.4932234349073
0.0512849968818714	11.3808180848907
0.0513351239024543	10.8332765489171
0.0513853490092897	9.723252790225
0.0514356724905556	8.08037430718784
0.05148609463556	6.13070649755363
0.0515366157347464	4.20728455039739
0.0515872360796994	2.61993438845166
0.0516379559631504	1.57428441823023
0.051688775678983	1.15809057769936
0.051739695522239	1.38134115863949
0.051790715789124	2.24730124024019
0.051841836777013	3.80986695633434
0.0518930587844562	6.18050818871936
0.0519443821111851	9.48838831812113
0.051995807058118	13.8116638591305
0.0520473339273661	19.108238507338
0.0520989630222392	25.2093023489962
0.0521506946472519	31.914839268169
0.0522025291081294	39.1203019919933
0.0522544667118137	46.8485486429902
0.0523065077664695	55.130400829718
0.0523586525814902	63.7832491397694
0.0524109014675044	72.2554804003161
0.0524632547363818	79.7555081302724
0.0525157127012394	85.6223172664314
0.0525682756764478	89.5155783769905
0.0526209439776374	91.1598034914914
0.052673717921705	90.038473480782
0.0527265978268197	85.6330655541388
0.0527795840124298	78.0584493863286
0.0528326767992688	68.2715682846827
0.0528858765093621	57.5927229856702
0.0529391834660334	47.122387219653
0.0529925979939114	37.5028360641622
0.0530461204189362	28.9930657409307
0.0530997510683662	21.662745919821
0.0531534902707843	15.5417764482281
0.0532073383561053	10.6604989770314
0.0532612956555818	7.02408875587537
0.0533153625018119	4.58239137381206
0.0533695392287453	3.21733700383881
0.0534238261716906	2.75439192972071
0.0534782236673219	2.99976366187798
0.0535327320536861	3.79351442514432
0.0535873516702098	5.06471824669813
0.0536420828577061	6.8519257598998
0.0536969259583819	9.22192277055751
0.0537518813158452	12.0995435800745
0.053806949275112	15.1705116719232
0.0538621301826134	17.9817252217415
0.0539174243862032	20.1458886618148
0.0539728322351653	21.4682740934477
0.0540283540802205	21.9107284227692
0.0540839902735344	21.4604364924448
0.0541397411687246	20.0798017831895
0.0541956071208684	17.8054291550971
0.0542515884865101	14.8468444823245
0.0543076856236686	11.5610660864087
0.0543638988918455	8.3461341236553
0.0544202286520319	5.54033461343274
0.054476675266717	3.36717251011407
0.0545332390998954	1.93450663658662
0.0545899205170749	1.28336216290562
0.0546467198852848	1.45338107730201
0.0547036375730832	2.51501828802571
0.0547606739505656	4.55457191942127
0.0548178293893724	7.65079167387248
0.0548751042626973	11.8718305909584
0.0549324989452952	17.2768452700474
0.0549900138134906	23.9357493494445
0.0550476492451858	32.0062329676424
0.0551054056198689	41.8084027742307
0.0551632833186223	53.7578462038962
0.0552212827241313	68.1183649156801
0.0552794042206922	84.6881827477824
0.055337648194221	102.547403591542
0.0553960150322618	119.949332599764
0.0554545051239954	134.49911329465
0.0555131188602482	143.805186751266
0.0555718566335006	146.379497235795
0.0556307188378957	142.056439618772
0.0556897058692487	131.756855657126
0.0557488181250549	117.166534918555
0.0558080560044995	100.393002567729
0.055867419908466	83.4055220803451
0.0559269102395453	67.584443831277
0.0559865274020451	53.6395786860771
0.0560462718019989	41.764225327902
0.056106143847175	31.8465700110121
0.0561661439470862	23.6564394812545
0.0562262725129987	16.9586454179236
0.0562865299579419	11.5547541842176
0.0563469166967175	7.30153194201172
0.0564074331459094	4.12123938665766
0.0564680797238928	1.98511417495029
0.0565288568508444	0.883441794995826
0.0565897649487515	0.809437519769255
0.0566508044414222	1.75308527353062
0.0567119757544953	3.70813973369674
0.0567732793154497	6.68943122227567
0.0568347155536148	10.6907239647698
0.0568962849001803	15.5468067735305
0.0569579877882066	20.8185095105248
0.0570198246526344	25.8182842948884
0.0570817959302954	29.7599955263456
0.0571439020599225	31.9810861163337
0.05720614348216	32.1541829930271
0.057268520639574	30.3449504808294
0.0573310339766631	26.9172500304882
0.0573936839398689	22.4151923968068
0.0574564709775865	17.4423146159142
0.0575193955401753	12.5478532800884
0.0575824580799697	8.18686055840626
0.05764565905129	4.7201161444793
0.0577089989104533	2.37298460584611
0.0577724781157844	1.19616438056477
0.0578360971276272	1.09418779151576
0.0578998564083553	1.89320141141479
0.0579637564223834	3.42777180140657
0.0580277976361788	5.65259480044747
0.0580919805182726	8.70892032192521
0.0581563055392709	12.8603434157712
0.0582207731718669	18.3807257268546
0.0582853838908516	25.5269149482326
0.0583501381731263	34.5554677947915
0.058415036497714	45.7119509062487
0.0584800793457708	59.1685619437312
0.0585452672005987	74.8659921550519
0.0586106005476566	92.3280487434758
0.0586760798745732	110.540255467271
0.0587417056711584	127.766944622325
0.0588074784294161	141.416587985692
0.058873398643556	148.576982469926
0.0589394668100066	147.38261813792
0.0590056834274269	138.164735330853
0.0590720489967195	123.250757084409
0.059138564021043	105.641184074393
0.0592052290058249	87.759674967507
0.0592720444587743	71.0679983864545
0.0593390108898944	56.2918471492429
0.0594061288114964	43.7040734304253
0.0594733987382115	33.3080772320409
0.0595408211870049	24.949216151345
0.0596083966771887	18.3556486925335
0.0596761257304349	13.1665097712728
0.0597440088707896	9.02774578095166
0.0598120466246857	5.71338813669389
0.0598802395209572	3.16027027322839
0.0599485880908524	1.4140576627205
0.060017092868048	0.572264753414113
0.0600857543886626	0.734942910859738
0.0601545731912714	1.94284774958291
0.0602235498169195	4.14209558164477
0.0602926848091366	7.19889243214375
0.060361978713951	10.9283708517125
0.060431432079904	15.0918817367679
0.0605010454580646	19.3532906697498
0.060570819402044	23.2378659561842
0.0606407544680099	26.1660491111293
0.0607108512147018	27.6022450138888
0.0607811102034457	27.2637014974663
0.0608515319981687	25.2473029834307
0.0609221171654149	21.9727375435553
0.0609928662743597	17.9927486562291
0.0610637798968258	13.8161850685435
0.0611348586072981	9.83761146843283
0.0612061029829398	6.35286121531131
0.0612775136036071	3.5849596893075
0.0613490910518661	1.68151200165471
0.0614208359130076	0.706053517585653
0.0614927487750636	0.652114659926425
0.0615648302288233	1.47603306377339
0.0616370808678492	3.12789744089518
0.0617095012884935	5.56905978109674
0.0617820920899143	8.77795883070531
0.0618548538740923	12.748314352884
0.0619277872458475	17.4853948921537
0.0620008928128556	23.0053658017572
0.0620741711856654	29.3352145497087
0.0621476229777155	36.5015708955166
0.0622212488053511	44.4746270117012
0.0622950492878421	53.0512097099196
0.0623690250473996	61.7322157103854
0.0624431767091937	69.6894969379859
0.0625175049013715	75.9038665674653
0.0625920102550741	79.4758157721881
0.062666693404455	79.9546231633442
0.0627415549866979	77.4498942212321
0.062816595642035	72.4595105335894
0.0628918160137649	65.6075124624633
0.0629672167482713	57.5038016789143
0.0630427984950414	48.768085486817
0.0631185619066846	40.0815464338118
0.0631945076389512	32.0761730379773
0.0632706363507513	25.122227194528
0.0633469487041739	19.2619787377227
0.0634234453645063	14.3574366808051
0.0635001270002531	10.2834426349634
0.0635769942831558	7.00286611660085
0.0636540478882124	4.52438029905244
0.0637312884936973	2.82875320688869
0.0638087167811811	1.82045020955699
0.0638863334355506	1.33912478930098
0.0639641391450288	1.23852846607408
0.0640421346011959	1.46798413170612
0.0641203204990091	2.07085583901045
0.0641986975368235	3.09527372709103
0.0642772664164129	4.49232933759271
0.064356027842991	6.07917680335413
0.0644349825252318	7.5977464891394
0.0645141311752917	8.81998531667046
0.0645934745088303	9.60928460966506
0.0646730132450322	9.92090688808486
0.0647527481066287	9.7795490981734
0.0648326798199198	9.23872154152236
0.0649128091147961	8.3362890922088
0.064993136724761	7.10582722355318
0.0650736633869531	5.64557637757207
0.0651543898421691	4.15098021419576
0.0652353168348859	2.85647421423274
0.0653164451132839	1.93409917619212
0.0653977754292701	1.43017861745286
0.0654793085385009	1.29436103213423
0.0655610452004061	1.47763051175113
0.0656429861782119	2.00806997563365
0.0657251322389651	2.97814671259219
0.0658074841535569	4.46494431408433
0.0658900426967468	6.45717792963492
0.0659728086471871	8.8409460799156
0.0660557827874474	11.4482302986125
0.0661389659040394	14.136147280067
0.0662223587874412	16.8423371696385
0.066305962232123	19.5648829713961
0.0663897770365719	22.2769625172472
0.0664738040033175	24.8548657134884
0.0665580439389574	27.0849283779117
0.0666424976541832	28.741808617088
0.0667271659638063	29.6792008742412
0.0668120496867842	29.870979603553
0.0668971496462469	29.3828384981875
0.0669824666695237	28.313801239293
0.0670680015881693	26.75681764133
0.067153755237992	24.7871298447496
0.0672397284590797	22.4681733400614
0.0673259220958281	19.8780413524109
0.0674123369969682	17.1372877869367
0.067498974015594	14.402572301136
0.0675858340091907	11.8280056195612
0.067672917839663	9.52163797600344
0.0677602263733633	7.51939396051752
0.0678477604811211	5.7994579258752
0.0679355210382712	4.33556038026635
0.0680235089246834	3.13917033785455
0.0681117250247917	2.25627182918036
0.068200170227624	1.72927036371886
0.0682888454268317	1.54515023500274
0.0683777515207203	1.60561726945315
0.0684668894122793	1.76229365416552
0.068556260009213	1.89940334123013
0.0686458642239713	1.99002469915112
0.0687357029737805	2.08501052487607
0.068825777180675	2.24862733970693
0.0689160877715285	2.4824895400126
0.0690066356780859	2.69460160872559
0.0690974218369955	2.7526117519474
0.0691884471898411	2.59021167912915
0.0692797126831746	2.26771100807902
0.0693712192685489	1.92761310173148
0.0694629679025509	1.69012807903213
0.0695549595468346	1.57444362108084
0.0696471951681552	1.50857668565615
0.0697396757384027	1.41724492441357
0.0698324022346359	1.30236471060313
0.069925375639117	1.24707072009931
0.0700185969393461	1.36566043440411
0.0701120671280966	1.75898104722192
0.0702057872034498	2.48693480247029
0.070299758168831	3.54187546646171
0.0703939810330448	4.83885838347166
0.0704884568103118	6.24560410857093
0.0705831865203044	7.63609312160095
0.0706781711881839	8.9306359407905
0.0707734118446373	10.094022205904
0.0708689095259144	11.103225521458
0.0709646652738659	11.9321558370269
0.0710606801359808	12.5650283678537
0.0711569551654247	13.0042804036453
0.0712534914210787	13.2681541307235
0.0713502899675775	13.3901712493661
0.0714473518753491	13.4044087088008
0.0715446782206543	13.3286532806918
0.0716422700856259	13.1846221031106
0.0717401285583094	13.0184415503284
0.0718382547327033	12.8667324678623
0.0719366497087995	12.7094632577243
0.0720353145926249	12.4735107512189
0.0721342504962827	12.0770625394661
0.0722334585379938	11.4610536506397
0.0723329398421396	10.5781552438913
0.0724326955393039	9.37998696674257
0.072532726766316	7.86488098877924
0.0726330346662938	6.14459670021007
0.0727336203886875	4.44234277807713
0.0728344850893232	3.02434308817427
0.0729356299304476	2.10055988442943
0.0730370560807722	1.70972561757679
0.0731387647155185	1.67570669411131
0.0732407570164636	1.72713909082744
0.0733430341719855	1.67977167604445
0.0734455973771099	1.51996489170097
0.0735484478335559	1.3749567020676
0.073651586749784	1.42416124809297
0.0737550153410422	1.77701136124144
0.0738587348294149	2.37327606780423
0.0739627464438702	3.00441600463059
0.0740670514203088	3.44952358783292
0.074171651001613	3.59542339387528
0.0742765464376959	3.46687872463305
0.0743817389855511	3.20023236828557
0.0744872299093034	2.99284634745027
0.0745930204802587	3.02489970977273
0.0746991119769558	3.39679181569238
0.0748055056852175	4.12133112538693
0.0749122028982023	5.12757899167797
0.0750192049164576	6.2528548768241
0.0751265130479718	7.28223965065928
0.0752341286082278	8.05705874009596
0.075342052920257	8.55517579623466
0.0754502873146931	8.87322917342014
0.0755588331298272	9.16383669387194
0.0756676917116627	9.5790453299019
0.0757768644139711	10.1891989296353
0.0758863525983477	10.8868339013701
0.075996157634269	11.4037141183827
0.0761062808991491	11.4754879400838
0.0762167237783974	11.0075167439525
0.076327487665477	10.126303486887
0.0764385739619632	9.11394207035289
0.0765499840776023	8.27961224082919
0.0766617194303718	7.82354083994241
0.0767737814465399	7.74057206002378
0.0768861715607268	7.82552103372005
0.0769988912159655	7.79135580796328
0.0771119418637638	7.43105634228514
0.0772253249641665	6.74053100797253
0.0773390419858181	5.93005412708463
0.0774530944060267	5.31604419436503
0.0775674837108274	5.18159077572845
0.0776822113950472	5.68700016102404
0.07779727896237	6.83194247739092
0.0779126879254023	8.44990965172935
0.0780284398057394	10.2445935877251
0.0781445361340325	11.8679550507225
0.078260978450056	13.0137868884225
0.0783777683027755	13.5052631870392
0.0784949072504166	13.3412463140854
0.0786123968605343	12.6523728079815
0.0787302387100828	11.5806427474512
0.0788484343854858	10.1948123849975
0.0789669854827084	8.52711998995894
0.0790858936073281	6.65667021602684
0.0792051603746077	4.73550355915259
0.0793247874095687	2.97508273595496
0.0794447763470646	1.61800203779708
0.0795651288318556	0.867307226389899
0.0796858465186837	0.802611509582817
0.0798069310723488	1.33869576207368
0.0799283841677847	2.23553818752627
0.0800502074901368	3.15649832669259
0.08017240273484	3.77704564692635
0.080294971607697	3.92823938207989
0.0804179158249582	3.68739669186208
0.0805412371134011	3.32302256216756
0.0806649372104119	3.14843944230866
0.0807890178640666	3.40598373402508
0.0809134808332136	4.22542743462933
0.0810383278875567	5.6457630449716
0.0811635608077387	7.65840945441878
0.0812891813854268	10.1995030066774
0.0814151914233971	13.106852718551
0.0815415927356216	16.1352763864796
0.0816683871473549	19.0017398585928
0.0817955764952221	21.3592207233819
0.0819231626273076	22.7512681082389
0.0820511474032443	22.7147263162038
0.0821795326943043	21.0399655418205
0.0823083203834899	17.9675433579582
0.0824375123656258	14.1614886586289
0.082567110547452	10.5071035102
0.0826971168477172	7.82262751935959
0.0828275331972743	6.59227758513378
0.0829583615391752	6.85095883918135
0.0830896038287679	8.22734003742879
0.0832212620337935	10.0547173176284
0.0833533381344846	11.5222872657762
0.0834858341236649	11.9301538421323
0.083618752006849	11.0252317690358
0.083752093802344	9.15683176239305
0.0838858615413514	7.02158261398198
0.08402005726807	5.19917338805464
0.0841546830398008	3.91915981152528
0.0842897409270513	3.1824027704214
0.0844252330136421	2.98863917474228
0.0845611613968141	3.42690906526426
0.0846975281873364	4.62965497907055
0.0848343355096158	6.7549254563119
0.0849715855018072	10.0097534605518
0.0851092803159246	14.5430253402121
0.0852474221179541	20.1503958235985
0.0853860130879671	25.9935040407275
0.0855250554202349	30.6131417426094
0.085664551323345	32.3746733290251
0.0858045030203175	30.2904971025413
0.0859449127487236	24.7457316066572
0.0860857827608045	17.4127151379845
0.0862271153235921	10.3401649192868
0.0863689127190305	4.99761314088711
0.0865111772440989	1.93553367303974
0.0866539112109354	0.990268995897897
0.0867971169469625	1.60164456084166
0.0869407967950134	3.03408047534937
0.0870849531134602	4.55601504188404
0.0872295882763423	5.67857675080254
0.0873747046734972	6.37001524633814
0.0875203047106918	6.99064075546798
0.0876663908097559	7.92993583831525
0.0878129654087156	9.3064819131299
0.0879600309619299	10.9727573467196
0.0881075899402268	12.6336193362868
0.0882556448310424	13.890300639438
0.0884041981385602	14.3842190579076
0.0885532523838525	14.1171146771158
0.0887028101050231	13.5699402341501
0.088852873857351	13.4209580609062
0.0890034462134364	14.1302575577464
0.0891545297633472	15.676295842214
0.0893061271147681	17.5529786489961
0.08945824089315	18.961177313391
0.0896108737418623	19.0930096336529
0.0897640283223452	17.5155550371849
0.0899177073142649	14.5418422514856
0.09007191341567	11.2004878365437
0.090226649343149	8.69988258555685
0.0903819178319898	7.81306671658783
0.0905377216363415	8.62827422636617
0.0906940635293766	10.6913570975703
0.0908509463034557	13.2428266931047
0.0910083727702938	15.3726784901969
0.0911663457611285	16.2390347190762
0.0913248681268894	15.4609084797217
0.0914839427383695	13.3709667513267
0.0916435724863991	10.7930622935694
0.0918037602820201	8.50348543473085
0.0919645090566638	6.82135468730613
0.0921258217623291	5.64026153894376
0.0922877013717634	4.75832875151977
0.0924501508786452	4.11238866984354
0.0926131732977688	3.80749899069437
0.0927767716652307	4.07054077265714
0.0929409490386178	5.1662963906897
0.0931057084971983	7.26015564835029
0.0932710531421142	10.2992398277413
0.0934369860965754	13.9856890619931
0.093603510506057	17.833699325501
0.0937706295384974	21.2791590191746
0.0939383463844999	23.8149794252498
0.094106664257535	25.110286941364
0.0942755863941463	25.1094746669739
0.0944451160541576	24.1167037219807
0.0946152565208824	22.6883901855052
0.0947860111013366	21.2810049440773
0.0949573831264518	19.9893019612972
0.0951293759512927	18.603933157946
0.0953019929552756	16.860863382854
0.09547523754239	14.6764684236915
0.0956491131414219	12.2883693965368
0.0958236232061807	10.2347265824981
0.0959987712157274	9.07386009017583
0.0961745606746058	8.98287144448926
0.0963509951130765	9.60490705579942
0.096528078087353	10.2998410953882
0.0967058131798408	10.5649454781621
0.0968842039993789	10.2654412433778
0.0970632541814839	9.5514360783788
0.0972429673885974	8.62294787948964
0.0974233473103352	7.55581948724271
0.0976043976637401	6.30377507859648
0.0977861221935372	4.88664981754655
0.0979685246723922	3.63534907923479
0.0981516089011721	3.20016871207487
0.0983353787092094	4.24184225528681
0.0985198379545695	7.10947220053352
0.0987049905243199	11.6974163319026
0.0988908403348038	17.4736651014823
0.0990773913319161	23.7331932874978
0.0992646474913828	29.9474173865758
0.0994526128190429	35.7955496652153
0.0996412913511349	40.8524925339294
0.0998306871545848	44.1393523401966
0.100020804327299	43.8963851546632
0.10021164699846	38.754727994061
0.100403219328823	29.7842178312289
0.100595525511024	20.1169245276319
0.100788569769878	12.4196307267094
0.100982356362695	7.7491315693568
0.101176889579589	5.94373250159363
0.101372173743795	6.18359039466741
0.101568213211992	7.49050832653579
0.101765012374624	9.17544788562949
0.10196257565623	10.9773602510007
0.102160907515773	12.8576991315655
0.102360012446976	14.6238032229379
0.102559894978666	15.5816620401132
0.102760559675111	14.8619515967516
0.10296201113637	12.4946578847297
0.103164253998645	9.80441649804438
0.103367292934638	8.56074840727839
0.103571132653906	10.1445776971579
0.10377577790323	15.3761175078307
0.103981233466983	24.6039733092288
0.104187504167499	37.7730233797293
0.104394594865455	54.4412223245198
0.10460251046025	73.6410957018475
0.104811255890392	93.3419049804244
0.105020836133888	109.453239603767
0.105231256208643	115.934745862119
0.105442521172857	108.644290347599
0.105654636125432	89.7751496944677
0.105867606206381	66.2168338760785
0.106081436597246	44.4137483581911
0.106296132521513	27.7171759795397
0.106511699245044	16.7660414540021
0.106728142076502	10.8388055101665
0.106945466367789	8.84728062324544
0.107163677514487	9.80462582904547
0.107382780956307	12.9840436863187
0.107602782177535	17.6745153756908
0.107823686707495	22.4945138390856
0.10804550012101	25.2153235063001
0.108268228038872	24.0530068039156
0.108491876128314	19.1973988285919
0.108716450103497	12.6910989047335
0.108941955725988	7.06497993078469
0.10916839880526	4.212103755391
0.109395785199187	5.08683359335875
0.10962412081455	10.0538695728007
0.10985341160755	19.5817790383381
0.110083663584323	34.9366837694121
0.110314882801467	58.1137980120486
0.110547075366573	89.8190007705689
0.11078024743876	124.99057625904
0.111014405229221	149.576088024053
0.111249555001779	148.959177818729
0.111485703073437	124.350336086318
0.11172285581495	90.8863696419711
0.111961019651397	61.3276508633371
0.112200201062759	39.8350883377698
0.112440406584509	25.5713295182427
0.112681642808206	16.6030438076078
0.112923916382097	11.5198952092769
0.113167234011732	9.9177550222917
0.113411602460577	12.2626202266816
0.113657028550645	18.7194896899603
0.113903519163127	27.6325008891101
0.11415108123904	35.2083613274898
0.114399721779876	37.3037123310386
0.114649447848258	32.6485343640482
0.114900266568617	24.2021491690612
0.115152185127864	16.5281699389119
0.115405210776076	12.5858495990399
0.115659350827195	13.2140820409786
0.115914612659729	18.2609305674046
0.116171003717471	27.7908938647423
0.116428531510217	43.1707814920204
0.116687203614502	67.712545881334
0.116947027674344	106.178988820408
0.117208011401994	162.430065971364
0.117470162578704	231.499532012763
0.117733489055494	282.135309663133
0.11799799875394	267.27767602453
0.118263699666968	198.054204272002
0.118530599859659	127.456387721436
0.118798707470062	77.7874181586209
0.119068030710025	46.9578613419296
0.119338577866034	28.7334697225762
0.119610357300058	18.2244619393632
0.119883377450415	12.2671311314447
0.120157646832643	9.68997419265416
0.120433174040387	10.7171057015118
0.120709967746296	15.2484980439331
0.12098803670293	21.7985410647068
0.121267389743688	27.8373786308589
0.121548035783741	31.0459516376975
0.121829983820977	30.7929421307081
0.122113242936969	28.5549089197759
0.122397822297945	26.4011728273407
0.122683731155778	25.2905772057217
0.122970978848991	25.0159967853666
0.12325957480377	25.2238500348636
0.123549528534998	26.4261312762705
0.1238408496473	30.5547971705623
0.124133547836103	40.3165878409938
0.124427632888711	57.4307960066836
0.124723114685397	80.7641461256399
0.125020003200511	103.941484909794
0.125318308503598	114.912804368762
0.125618040760541	105.229589396071
0.125919210234712	80.8014556817415
0.126221827288148	54.7022853742543
0.126525902382735	34.8487373757118
0.126831446081415	22.8247430020841
0.12713846904941	17.5541827674791
0.127446982055464	17.4761772581788
0.127756995973098	20.9863051045155
0.128068521781893	26.2035455521076
0.128381570568781	30.7726760986946
0.128696153529362	32.2621876332837
0.129012281969242	29.4866173008738
0.129329967305383	23.6978309341058
0.129649221067479	17.7866132287416
0.12997005489935	14.1427606024717
0.130292480560361	13.5793229455829
0.130616509926854	15.6768837653468
0.130942154993609	19.4505554879544
0.131269427875325	23.8642470762434
0.131598340808118	28.3317370100529
0.131928906151052	33.2209619276103
0.132261136387683	39.9018182276824
0.13259504412763	49.9074423234624
0.132930642108173	63.5460211813132
0.133267943195871	78.7164076617575
0.133606960388207	90.786757782021
0.133947706815258	94.530550490992
0.134290195741388	87.6577472285294
0.134634440566972	72.6069730039628
0.13498045483014	54.5672757738305
0.135328252208556	38.2337660043905
0.135677846521219	26.1700674125346
0.136029251730291	18.92730924563
0.136382481942958	15.7979703561523
0.136737551413318	15.3869734128264
0.137094474544297	15.9198566510665
0.137453265889597	15.7395803207398
0.137813940155674	14.1368409901723
0.138176512203749	11.7142735336209
0.138540997051847	9.66187807762907
0.138907409876872	8.86947392183208
0.139275766016712	9.75525251923927
0.139646080972383	12.406729775716
0.140018370410197	16.6713334562859
0.140392650163978	22.3531170435551
0.140768936237302	29.4126246034692
0.14114724480578	37.7108867999017
0.141527592219378	46.3317890769337
0.141909995004767	53.2606355302737
0.142294469867722	56.2160793463748
0.142681033695552	54.3875997694443
0.143069703559573	49.086272355811
0.143460496717623	42.3793281462372
0.143853430616612	35.724159753104
0.144248522895125	29.7619010394577
0.144645791386053	24.5858691330659
0.145045254119284	20.1013322716066
0.145446929324427	16.3268656519338
0.145850835433584	13.3529327430973
0.146256991084173	11.1383002657226
0.14666541512179	9.54863819407322
0.147076126603129	8.77377258660366
0.147489144798942	9.69747490629789
0.147904489197055	13.5501601431257
0.148322179505434	21.1149340550254
0.148742235655298	32.3324590917134
0.149164677804295	45.8551987942696
0.149589526339723	57.7595152616113
0.15001680188181	61.8553338339605
0.150446525287051	55.2770604077505
0.150878717651602	43.0771896637422
0.151313400314731	32.6760604970598
0.151750594862331	27.5969833028629
0.152190323130493	28.0410259939825
0.152632607209142	32.6799375823459
0.153077469445736	38.6905238370168
0.153524932449029	41.8875130738495
0.153975019092902	39.2528478090278
0.15442775252026	32.2708136988915
0.154883156147002	25.9802751946036
0.155341253666053	24.9781863796027
0.155802069051476	31.6647641004155
0.156265626562655	46.5943675032286
0.156731950748551	68.3750033304027
0.157201066452034	91.6033977639006
0.157672998814298	104.064048323177
0.158147773279351	93.6756316852532
0.158625415598588	66.2190115717085
0.159105951835445	39.3197748697517
0.159589408370145	22.2204114103692
0.160075811904517	14.7949178531002
0.160565189466923	14.390854124559
0.161057568417254	19.0460441662172
0.161552976452037	26.8752040895134
0.162051441609624	34.9598416143178
0.162552992275481	40.8047705015957
0.163057657187581	43.9881547151355
0.163565465441888	45.2586871440252
0.164076446497952	46.5648376441559
0.164590630184604	52.2635745324199
0.165108046705764	67.8215762488845
0.165628726646349	96.1529044882006
0.166152700978306	131.344525012655
0.166680001066751	151.4535509811
0.167210658676226	133.682354282702
0.167744705977079	89.4037714771225
0.168282175551965	48.0696581420697
0.168823100402474	23.2738559336233
0.169367513955883	14.6358730227176
0.169915450072044	18.2038940787705
0.170466943050403	29.4529580743095
0.171022027637159	40.9341963506301
0.171580739032559	42.2490476355098
0.172143112898339	30.6272958460289
0.172709185365314	16.0711447130513
0.173278993041115	8.36875067756647
0.17385257301808	10.8849395892555
0.174429962881303	24.4830700873712
0.175011200716845	49.4572472830578
0.175596325120107	82.2883346471963
0.176185375204374	112.059091909369
0.176778390609531	127.104278094403
0.177375411510954	123.306680457571
0.177976478628584	104.178888754314
0.178581633236184	78.4539001899084
0.17919091717079	54.4159257854673
0.179804372842347	36.8194062173545
0.180422043243555	27.3511378183548
0.181043971959909	25.2533575095056
0.181670203179955	27.2102846084974
0.182300781705751	28.220312606803
0.182935752963559	24.9346589906804
0.183575163014744	18.6031203884952
0.184219058566923	13.745388411916
0.184867486985328	14.9968874767624
0.185520496304431	25.7899430506887
0.186178135239797	47.5191457139509
0.186840453200203	76.3252017278344
0.187507500300012	99.9995397388702
0.188179327371812	106.561128154812
0.188855985979331	96.2124780011057
0.189537528430629	76.3090104276299
0.190224007791575	54.6958728047466
0.190915477899624	37.5646269640554
0.191611993377889	27.7951339485538
0.192313609649527	25.490199588047
0.19302038295244	28.9433287320213
0.193732370354297	34.3986288699315
0.194449629767905	36.9340108698641
0.195172219966899	34.4906080934423
0.195900200601805	30.7287758700302
0.196633632216454	32.1933843084411
0.197372576264763	44.1871853102823
0.198117095127904	68.9890307615902
0.198867252131857	101.599069791516
0.199623111565364	120.963189159004
0.200384738698301	105.122114811402
0.201152199800457	69.1054029915055
0.201925562160765	39.4113591344361
0.202704894106963	23.0542628104573
0.203490265025721	17.079182445335
0.204281745383232	16.8849629267476
0.205079406746292	17.0051266306732
0.205883321803867	14.2906277135917
0.206693564389179	12.5593977740571
0.207510209502308	18.5858392037004
0.208333333333333	36.8772016496393
