0.00999809636245232	1.87106759349037
0.00999999999999973	1.71030979777865
0.0100019043625904	1.6497357270509
0.0100038094506385	1.73548674825936
0.0100057152645588	1.73567455362784
0.0100076218047662	1.68853868945522
0.010009529071676	1.76258873395274
0.0100114370657036	1.68371543939136
0.010013345787265	1.60553428932508
0.0100152552367764	1.82792666095349
0.0100171654146543	1.73904483864561
0.0100190763213155	1.70339766341359
0.0100209879571772	1.71423676207967
0.0100229003226569	1.89686106547494
0.0100248134181724	1.75485960649341
0.0100267272441417	1.75667298124477
0.0100286418009833	1.77806356240047
0.010030557089116	1.751960548072
0.0100324731089588	1.72919895299211
0.0100343898609311	1.75024225918412
0.0100363073454526	1.69577990178097
0.0100382255629434	1.74459659816128
0.0100401445138238	1.75109205185413
0.0100420641985145	1.74400829945474
0.0100439846174364	1.72161413165653
0.010045905771011	1.7523327502061
0.0100478276596597	1.88362962083114
0.0100497502838047	1.68858061506528
0.0100516736438681	1.84235231732288
0.0100535977402727	1.74039430865194
0.0100555225734413	1.76286532875218
0.0100574481437971	1.85670580852341
0.0100593744517638	1.73062669926877
0.0100613014977653	1.73725047637684
0.0100632292822258	1.74482782909733
0.0100651578055699	1.71836863500441
0.0100670870682224	1.78174836548266
0.0100690170706085	1.77492716627678
0.0100709478131538	1.75359748087297
0.0100728792962842	1.6031692999347
0.0100748115204258	1.62434238456997
0.0100767444860052	1.62248822887449
0.0100786781934491	1.75605488336592
0.0100806126431848	1.72444316630523
0.0100825478356397	1.75773691812109
0.0100844837712417	1.72025475746774
0.0100864204504189	1.74798237898044
0.0100883578735999	1.64748815943848
0.0100902960412134	1.79041929391781
0.0100922349536885	1.61956689799232
0.0100941746114548	1.78210518800033
0.010096115014942	1.76797062042735
0.0100980561645803	1.81941780812611
0.0100999980608001	1.69024260632295
0.0101019407040323	1.77012637265932
0.0101038840947079	1.75441906123454
0.0101058282332584	1.61592563552525
0.0101077731201157	1.64167261124255
0.0101097187557117	1.71365022448067
0.0101116651404791	1.74058226002713
0.0101136122748505	1.66709295619551
0.0101155601592591	1.72305353937045
0.0101175087941384	1.81141314712002
0.0101194581799221	1.75511182486048
0.0101214083170444	1.71039034646969
0.0101233592059397	1.6708257889461
0.0101253108470428	1.75539294008575
0.0101272632407888	1.77295927532112
0.0101292163876133	1.66346551064599
0.0101311702879519	1.7175657269469
0.0101331249422409	1.68453169755182
0.0101350803509168	1.58962797510555
0.0101370365144162	1.73353401673673
0.0101389934331765	1.87505543382046
0.010140951107635	1.644583918103
0.0101429095382296	1.78656093172474
0.0101448687253984	1.71730553714866
0.01014682866958	1.78467438959525
0.0101487893712132	1.89048026239412
0.0101507508307372	1.75909610248184
0.0101527130485915	1.72702154276724
0.0101546760252158	1.62165625129413
0.0101566397610506	1.63358914265403
0.0101586042565362	1.66654425076297
0.0101605695121136	1.56160725780143
0.010162535528224	1.67608118149412
0.0101645023053089	1.76371270482538
0.0101664698438102	1.69988721960241
0.0101684381441703	1.72008665686049
0.0101704072068317	1.79211112384397
0.0101723770322372	1.77372891881943
0.0101743476208303	1.616301733288
0.0101763189730545	1.72778897574245
0.0101782910893538	1.69708201080548
0.0101802639701724	1.69462545249456
0.0101822376159551	1.74752567316774
0.0101842120271468	1.7081596302576
0.0101861872041929	1.76645330002693
0.010188163147539	1.75906925293145
0.0101901398576313	1.83910686175495
0.010192117334916	1.6587212102563
0.0101940955798399	1.70719027467043
0.0101960745928501	1.81451675496498
0.010198054374394	1.59556990827832
0.0102000349249193	1.70740878706083
0.0102020162448743	1.76649640114881
0.0102039983347072	1.75682442593063
0.0102059811948671	1.776068479149
0.0102079648258029	1.72304366309082
0.0102099492279642	1.77744459960864
0.010211934401801	1.69019288369348
0.0102139203477633	1.79404163014898
0.0102159070663018	1.5653701239637
0.0102178945578674	1.76511076099866
0.0102198828229113	1.82025318099285
0.0102218718618851	1.46356507783367
0.0102238616752408	1.59892103401252
0.0102258522634308	1.44363971343223
0.0102278436269077	1.75257032013943
0.0102298357661244	1.57914330792662
0.0102318286815345	1.41009574163495
0.0102338223735916	1.67186949139565
0.0102358168427498	1.74952503377875
0.0102378120894635	1.65124074097805
0.0102398081141876	1.67502969468994
0.0102418049173771	1.71223922749289
0.0102438024994876	1.75238851504259
0.0102458008609749	1.62382725020013
0.0102478000022953	1.7160906654292
0.0102497999239053	1.74940494229515
0.0102518006262618	1.75212398409063
0.0102538021098221	1.68016799979345
0.0102558043750439	1.70929531636168
0.0102578074223851	1.60157600450466
0.0102598112523041	1.81565791879382
0.0102618158652597	1.70210454195619
0.0102638212617108	1.81211847002324
0.0102658274421169	1.85407166965136
0.0102678344069379	1.67970761672509
0.0102698421566338	1.69261019565683
0.0102718506916651	1.62536304249563
0.0102738600124928	1.75456794663763
0.010275870119578	1.58273904348632
0.0102778810133824	1.76863990145979
0.0102798926943679	1.75705778478092
0.0102819051629968	1.67404060625624
0.0102839184197317	1.50745191630291
0.0102859324650358	1.85736666012957
0.0102879472993725	1.76978888275065
0.0102899629232054	1.78761777714538
0.0102919793369987	1.65717244542264
0.0102939965412169	1.74115766672692
0.0102960145363249	1.68612325807903
0.0102980333227879	1.79940396962839
0.0103000529010715	1.6719327370481
0.0103020732716415	1.62205875487398
0.0103040944349645	1.51621391803675
0.0103061163915069	1.73271335692305
0.0103081391417359	1.89322822476698
0.0103101626861188	1.75826097429281
0.0103121870251236	1.63249622451196
0.0103142121592182	1.64883159285358
0.0103162380888713	1.64031377934419
0.0103182648145517	1.88411379869155
0.0103202923367286	1.74598117768755
0.0103223206558718	1.73424353054372
0.0103243497724511	1.62100121339379
0.010326379686937	1.74820278644593
0.0103284103998002	1.83240093516634
0.0103304419115117	1.75734286399889
0.0103324742225431	1.67309660220001
0.0103345073333662	1.65776942556997
0.0103365412444532	1.69275037503967
0.0103385759562767	1.79093913978161
0.0103406114693097	1.79892374140628
0.0103426477840254	1.76261707172367
0.0103446849008977	1.79143236784781
0.0103467228204005	1.73742194357656
0.0103487615430084	1.63064946431463
0.0103508010691961	1.63712647829677
0.0103528413994389	1.84630564390429
0.0103548825342123	1.74069582103623
0.0103569244739923	1.66679269527074
0.0103589672192552	1.71055865395398
0.0103610107704777	1.75248308550662
0.0103630551281369	1.74710360510109
0.0103651002927102	1.81498608084653
0.0103671462646755	1.74889013526615
0.010369193044511	1.81419544584847
0.0103712406326953	1.73532857825844
0.0103732890297072	1.71644045199148
0.0103753382360263	1.73008276024051
0.0103773882521321	1.79509488448244
0.0103794390785049	1.77896072504734
0.010381490715625	1.68202924202734
0.0103835431639734	1.70292428851623
0.0103855964240312	1.74401208369176
0.0103876504962802	1.70124620525923
0.0103897053812022	1.76982486887799
0.0103917610792798	1.71345705565558
0.0103938175909956	1.72206605919604
0.0103958749168328	1.82013937724358
0.0103979330572749	1.65143418057754
0.0103999920128059	1.62662332613504
0.0104020517839101	1.75364319509202
0.010404112371072	1.81087086803693
0.0104061737747769	1.80718815793096
0.0104082359955101	1.67056532146969
0.0104102990337575	1.73780115232519
0.0104123628900053	1.72691398085938
0.01041442756474	1.73466196935916
0.0104164930584488	1.8291228720282
0.010418559371619	1.75309942020793
0.0104206265047383	1.82890113548607
0.0104226944582948	1.64730155280944
0.0104247632327773	1.76774898333561
0.0104268328286744	1.66899485640928
0.0104289032464757	1.66364259607525
0.0104309744866707	1.73487393236299
0.0104330465497496	1.73343165745034
0.0104351194362028	1.77388532189859
0.0104371931465213	1.67439641632311
0.0104392676811963	1.79613536360272
0.0104413430407194	1.66973703303304
0.0104434192255827	1.75175132846957
0.0104454962362786	1.64371341723943
0.0104475740733	1.72763278159436
0.01044965273714	1.70310357779731
0.0104517322282924	1.64134559330179
0.010453812547251	1.76022422317034
0.0104558936945104	1.76072343987495
0.0104579756705652	1.77572627501616
0.0104600584759107	1.70499220990628
0.0104621421110425	1.53759798988088
0.0104642265764565	1.82182549231314
0.0104663118726491	1.70895141843733
0.0104683980001171	1.67700341693295
0.0104704849593576	1.69776522095736
0.0104725727508682	1.81137855374911
0.0104746613751469	1.72175164642815
0.010476750832692	1.70284653469967
0.0104788411240022	1.45116796580406
0.0104809322495768	1.72197732883511
0.0104830242099152	1.84617151179257
0.0104851170055175	1.76417921067208
0.0104872106368839	1.655119443037
0.0104893051045152	1.65982058229368
0.0104914004089126	1.77854158113155
0.0104934965505776	1.6923402318085
0.0104955935300122	1.66872444790732
0.0104976913477186	1.76679592974549
0.0104997900041997	1.81994304116517
0.0105018894999586	1.70885550003887
0.0105039898354989	1.6056795260712
0.0105060910113245	1.71006450787699
0.0105081930279398	1.77193033350028
0.0105102958858496	1.72603420334234
0.010512399585559	1.65101612114846
0.0105145041275736	1.75655811976517
0.0105166095123993	1.7534497199156
0.0105187157405426	1.85387106895373
0.0105208228125103	1.68772508183194
0.0105229307288096	1.6774825773859
0.010525039489948	1.81074522712941
0.0105271490964336	1.74781846364468
0.0105292595487747	1.63731207385716
0.0105313708474803	1.64236829278858
0.0105334829930595	1.68734935708856
0.010535595986022	1.79398843659771
0.0105377098268779	1.79285662089434
0.0105398245161376	1.62962197644134
0.0105419400543119	1.79469824015553
0.0105440564419122	1.50065097920641
0.0105461736794501	1.66119306639034
0.0105482917674378	1.70931887931849
0.0105504107063878	1.74020432143141
0.010552530496813	1.7918212530225
0.0105546511392266	1.65272877549888
0.0105567726341426	1.77239277376684
0.010558894982075	1.75067859025147
0.0105610181835385	1.80354442403816
0.010563142239048	1.74611875766316
0.0105652671491188	1.65057413142707
0.010567392914267	1.60809060559995
0.0105695195350086	1.79987859539793
0.0105716470118604	1.65292610176923
0.0105737753453393	1.70121285780016
0.010575904535963	1.64324745243563
0.0105780345842492	1.63068078073658
0.0105801654907164	1.77928172573877
0.0105822972558832	1.57791191737085
0.0105844298802688	1.64224071821153
0.0105865633643927	1.74592748555971
0.0105886977087751	1.79045165954001
0.0105908329139362	1.68713070484456
0.0105929689803969	1.66811955698899
0.0105951059086785	1.63717206953671
0.0105972436993026	1.70877459761874
0.0105993823527914	1.83748026767944
0.0106015218696673	1.85203015890578
0.0106036622504532	1.79499849913531
0.0106058034956727	1.70989824295933
0.0106079456058493	1.72175183019831
0.0106100885815074	1.57576214412309
0.0106122324231715	1.88790627205202
0.0106143771313668	1.7410874637135
0.0106165227066186	1.74431156251033
0.0106186691494529	1.77503966292631
0.0106208164603961	1.75528838396141
0.0106229646399748	1.52633625669748
0.0106251136887163	1.7417800231155
0.0106272636071482	1.5698321531923
0.0106294143957984	1.68675736287081
0.0106315660551955	1.84443113564411
0.0106337185858684	1.65262873363929
0.0106358719883463	1.70605776689326
0.0106380262631591	1.71764161335979
0.0106401814108368	1.63850110057843
0.0106423374319102	1.69318527514876
0.0106444943269101	1.67672248580183
0.0106466520963682	1.63115245100984
0.0106488107408163	1.76970918379624
0.0106509702607867	1.78748626883946
0.0106531306568122	1.55406028124548
0.010655291929426	1.6313271666343
0.0106574540791617	1.91831090348644
0.0106596171065534	1.80057311645103
0.0106617810121355	1.806215025808
0.010663945796443	1.69854682449569
0.0106661114600113	1.74130200280225
0.0106682780033761	1.74084348191014
0.0106704454270737	1.66542959748754
0.0106726137316408	1.76774609694073
0.0106747829176144	1.76489721164273
0.0106769529855321	1.68265386229483
0.0106791239359319	1.77313136942152
0.0106812957693522	1.77802216978947
0.0106834684863318	1.67973339131208
0.0106856420874101	1.76710806754229
0.0106878165731267	1.70710068049563
0.0106899919440219	1.58032420791333
0.0106921682006362	1.79057095631966
0.0106943453435108	1.85735324757095
0.010696523373187	1.65588921049224
0.0106987022902069	1.91719991063209
0.0107008820951127	1.71949630928154
0.0107030627884474	1.57432921881328
0.0107052443707541	1.6066765780944
0.0107074268425767	1.55084820423305
0.0107096102044592	1.62260116287915
0.0107117944569461	1.73396634568402
0.0107139796005827	1.49788850638343
0.0107161656359143	1.56160917061764
0.0107183525634868	1.48080004178912
0.0107205403838467	1.73769523902028
0.0107227290975407	1.73614099626768
0.0107249187051161	1.53482025052433
0.0107271092071206	1.75243859006475
0.0107293006041024	1.76177058787471
0.0107314928966101	1.65797646799981
0.0107336860851927	1.6486244999689
0.0107358801703997	1.76575506773352
0.0107380751527812	1.77735958780514
0.0107402710328874	1.74394397253259
0.0107424678112693	1.85151301177086
0.0107446654884781	1.74182727552261
0.0107468640650657	1.70532319104016
0.0107490635415841	1.73225168579254
0.0107512639185861	1.74348489134772
0.0107534651966248	1.8063710384549
0.0107556673762538	1.79759016211517
0.0107578704580269	1.72342828206732
0.0107600744424989	1.68238102171222
0.0107622793302245	1.7323377142193
0.0107644851217591	1.74616997000064
0.0107666918176586	1.58065949940295
0.0107688994184793	1.7293314111793
0.0107711079247779	1.57195816125324
0.0107733173371116	1.63895192212624
0.0107755276560381	1.8101675130523
0.0107777388821155	1.70410980515044
0.0107799510159024	1.68655088699324
0.0107821640579579	1.63154983668808
0.0107843780088413	1.72732977231953
0.0107865928691128	1.72520784323607
0.0107888086393326	1.66982946377672
0.0107910253200617	1.79230267400171
0.0107932429118614	1.73845018687096
0.0107954614152935	1.74102969726583
0.0107976808309203	1.59006047155446
0.0107999011593045	1.75044566754496
0.0108021224010092	1.82261396367534
0.0108043445565982	1.69065400069018
0.0108065676266355	1.69350614462093
0.0108087916116858	1.7149352206766
0.010811016512314	1.79127434945184
0.0108132423290858	1.60425863514993
0.0108154690625669	1.70123868474548
0.010817696713324	1.7922381695774
0.0108199252819238	1.68511713363481
0.0108221547689339	1.72793187214111
0.0108243851749219	1.62287814964035
0.0108266165004563	1.68541000793891
0.0108288487461058	1.69872519845099
0.0108310819124397	1.73375963981033
0.0108333160000276	1.60485630410673
0.0108355510094398	1.68831905427895
0.0108377869412469	1.62800626968644
0.0108400237960201	1.79916041727147
0.0108422615743309	1.82465209916113
0.0108445002767515	1.8005803859765
0.0108467399038544	1.77674767598436
0.0108489804562125	1.80174061382645
0.0108512219343995	1.79934566748974
0.0108534643389892	1.82544521416395
0.0108557076705561	1.74470743144114
0.0108579519296751	1.65797862112283
0.0108601971169216	1.8366621028048
0.0108624432328715	1.8427418470383
0.0108646902781012	1.93849121147794
0.0108669382531874	1.75602145491099
0.0108691871587074	1.77926980837308
0.0108714369952391	1.75870172544396
0.0108736877633606	1.75091809555833
0.0108759394636507	1.86480167456828
0.0108781920966887	1.71551621061845
0.0108804456630542	1.66159280180315
0.0108827001633274	1.59947441121994
0.010884955598089	1.81892547262355
0.0108872119679201	1.5791184246169
0.0108894692734022	1.61966154909523
0.0108917275151176	1.73451916265082
0.0108939866936488	1.76952321486429
0.0108962468095788	1.80819614038641
0.0108985078634913	1.62825881025578
0.0109007698559702	1.76255574998015
0.0109030327876001	1.7381788097491
0.010905296658966	1.77275768159972
0.0109075614706533	1.79056363696446
0.0109098272232481	1.60470382138303
0.0109120939173368	1.63192117483647
0.0109143615535065	1.77119592917604
0.0109166301323444	1.76079545787893
0.0109188996544385	1.79213764253645
0.0109211701203774	1.71372946614432
0.0109234415307498	1.80808702155825
0.0109257138861452	1.6084732345235
0.0109279871871535	1.74654712345191
0.010930261434365	1.71913872432197
0.0109325366283706	1.73578557315592
0.0109348127697617	1.7871945941244
0.0109370898591302	1.63251425795758
0.0109393678970683	1.71753002263561
0.010941646884169	1.79406802637465
0.0109439268210255	1.75258263105064
0.0109462077082318	1.68440912439351
0.0109484895463821	1.66985713572481
0.0109507723360712	1.76368487446382
0.0109530560778945	1.78391822963865
0.0109553407724478	1.61270914888014
0.0109576264203274	1.54406673409349
0.0109599130221302	1.63118660660267
0.0109622005784533	1.7428595764262
0.0109644890898947	1.6897845689545
0.0109667785570526	1.76154626698731
0.0109690689805258	1.78670055753982
0.0109713603609138	1.68852662969722
0.0109736526988161	1.78534902578829
0.0109759459948333	1.72661082788991
0.010978240249566	1.54149928741789
0.0109805354636157	1.60035400343998
0.010982831637584	1.67440820022132
0.0109851287720734	1.80641389537147
0.0109874268676867	1.7640207770814
0.0109897259250271	1.5927724295875
0.0109920259446986	1.71770297506391
0.0109943269273054	1.71619977180111
0.0109966288734525	1.83990381318872
0.0109989317837451	1.85462646021477
0.0110012356587891	1.68125844300656
0.0110035404991909	1.78272615993166
0.0110058463055574	1.80073150191385
0.011008153078496	1.63595335878748
0.0110104608186145	1.69877128325606
0.0110127695265213	1.60406128220566
0.0110150792028254	1.70984290482895
0.0110173898481362	1.71913959366704
0.0110197014630636	1.65039243204543
0.0110220140482181	1.80360314908231
0.0110243276042107	1.69668705716959
0.0110266421316527	1.79891790036687
0.0110289576311563	1.60974780544246
0.0110312741033338	1.71682195447644
0.0110335915487984	1.69527495391611
0.0110359099681635	1.78680936932237
0.0110382293620432	1.72363840508939
0.0110405497310521	1.79610461386976
0.0110428710758052	1.775396043819
0.0110451933969182	1.81307194083071
0.0110475166950071	1.73218962286422
0.0110498409706887	1.6979498735248
0.0110521662245799	1.72808591670504
0.0110544924572986	1.71685421545169
0.0110568196694629	1.70646472746172
0.0110591478616916	1.72467366517442
0.0110614770346038	1.66923229347682
0.0110638071888193	1.70116953478505
0.0110661383249584	1.74701568523278
0.0110684704436419	1.64132500753725
0.0110708035454912	1.79009719940947
0.011073137631128	1.75873849948748
0.0110754727011748	1.72755919552204
0.0110778087562544	1.67396543077388
0.0110801457969904	1.78154038074562
0.0110824838240065	1.72841213262473
0.0110848228379274	1.77199965348667
0.011087162839378	1.77145787650252
0.0110895038289838	1.92299815530266
0.0110918458073709	1.86558187105002
0.011094188775166	1.65997104844904
0.011096532732996	1.6773237712823
0.0110988776814888	1.77486591002985
0.0111012236212724	1.85330310038175
0.0111035705529755	1.7481347424022
0.0111059184772275	1.64397803313308
0.011108267394658	1.81403226864597
0.0111106173058974	1.76517729834177
0.0111129682115766	1.946070795702
0.0111153201123269	1.76283747758677
0.0111176730087802	1.69925402608895
0.011120026901569	1.64920083204766
0.0111223817913262	1.73039325028395
0.0111247376786855	1.6401211446907
0.0111270945642807	1.8190723847173
0.0111294524487466	1.7074727349903
0.0111318113327182	1.67446177687974
0.0111341712168312	1.58653152349571
0.0111365321017219	1.71538179744717
0.011138893988027	1.7841874500252
0.0111412568763837	1.82973585056796
0.0111436207674299	1.66977016007198
0.011145985661804	1.73778668304013
0.0111483515601448	1.63572246276262
0.0111507184630919	1.80320225833163
0.0111530863712853	1.63233516791987
0.0111554552853654	1.7248932168821
0.0111578252059734	1.74597279529853
0.0111601961337509	1.76842766217003
0.01116256806934	1.69003436701248
0.0111649410133836	1.70749794590847
0.0111673149665248	1.80357118091104
0.0111696899294075	1.65866254320912
0.011172065902676	1.75235653553228
0.0111744428869754	1.64660145722204
0.0111768208829509	1.76380085423708
0.0111791998912487	1.71366562069655
0.0111815799125153	1.82431886532191
0.0111839609473977	1.6725378617307
0.0111863429965438	1.73712126479017
0.0111887260606017	1.54500444794052
0.0111911101402201	1.6763509909296
0.0111934952360484	1.82851669089738
0.0111958813487364	1.67755723886635
0.0111982684789347	1.65853434423072
0.0112006566272941	1.31896220686979
0.0112030457944662	1.61130389194605
0.0112054359811031	1.60492489854697
0.0112078271878575	1.76240042948953
0.0112102194153825	1.88016188104203
0.011212612664332	1.5703193091978
0.0112150069353602	1.66533934729093
0.0112174022291221	1.79333720068827
0.0112197985462731	1.72596214565705
0.0112221958874692	1.56033986121249
0.0112245942533669	1.69436781252812
0.0112269936446234	1.58086913740697
0.0112293940618964	1.8226436344081
0.0112317955058441	1.89866523626682
0.0112341979771253	1.73970380482448
0.0112366014763995	1.75591638402612
0.0112390060043265	1.76737148983614
0.0112414115615669	1.76639992979812
0.0112438181487817	1.7489889909532
0.0112462257666327	1.67909592974962
0.0112486344157819	1.74569343553149
0.0112510440968921	1.7629615591433
0.0112534548106268	1.82113601422422
0.0112558665576498	1.56484499034628
0.0112582793386256	1.72840127729005
0.0112606931542192	1.61102192498171
0.0112631080050963	1.48916619477301
0.011265523891923	1.7705694849607
0.0112679408153662	1.79848865397487
0.0112703587760931	1.67721906652956
0.0112727777747717	1.8518808658145
0.0112751978120704	1.6572038220749
0.0112776188886583	1.72852579700876
0.011280041005205	1.72619309655818
0.0112824641623808	1.64514758299424
0.0112848883608564	1.69540236426335
0.0112873136013031	1.82414587439814
0.011289739884393	1.79995483593784
0.0112921672107985	1.78095479382749
0.0112945955811927	1.7637857467458
0.0112970249962493	1.71111018383218
0.0112994554566426	1.65925610374867
0.0113018869630473	1.7086996521091
0.0113043195161389	1.66645000007794
0.0113067531165934	1.74539767691903
0.0113091877650873	1.80182426569468
0.0113116234622979	1.62086841067791
0.0113140602089028	1.70686234911097
0.0113164980055804	1.71051579447529
0.0113189368530095	1.66363524180918
0.0113213767518698	1.8358807373277
0.0113238177028412	1.77353485102489
0.0113262597066045	1.71243989684984
0.0113287027638409	1.63194215937182
0.0113311468752323	1.78833392435282
0.011333592041461	1.8032142629479
0.0113360382632101	1.79833695600355
0.0113384855411632	1.86568771467099
0.0113409338760045	1.87491128183076
0.0113433832684189	1.73647541278421
0.0113458337190916	1.67293908087399
0.0113482852287088	1.58759120282895
0.0113507377979568	1.70126929343687
0.011353191427523	1.86926647530009
0.0113556461180951	1.74401253580564
0.0113581018703613	1.84244165978481
0.0113605586850108	1.69570047773887
0.0113630165627329	1.70926693331494
0.0113654755042179	1.66447040813725
0.0113679355101565	1.58219391862386
0.0113703965812401	1.70373554574259
0.0113728587181605	1.6071023937896
0.0113753219216104	1.81422322635211
0.0113777861922827	1.6886529306772
0.0113802515308714	1.76671199301125
0.0113827179380707	1.81773594652292
0.0113851854145756	1.73680079895608
0.0113876539610815	1.66704612418126
0.0113901235782848	1.88161394093097
0.011392594266882	1.70089181330549
0.0113950660275706	1.69983011933295
0.0113975388610485	1.64831305816624
0.0114000127680143	1.6812395176591
0.0114024877491671	1.8018663725793
0.0114049638052068	1.68324240348192
0.0114074409368338	1.72765694743581
0.011409919144749	1.64618415316832
0.011412398429654	1.7551733693543
0.011414878792251	1.74283806106342
0.011417360233243	1.83596651709846
0.0114198427533332	1.81101758798365
0.0114223263532258	1.67074929453819
0.0114248110336255	1.75544462987836
0.0114272967952375	1.62957534993901
0.0114297836387676	1.71284875955516
0.0114322715649225	1.76954364712251
0.0114347605744092	1.69578416315659
0.0114372506679354	1.74859056877674
0.0114397418462096	1.69134629141331
0.0114422341099406	1.62219875524753
0.0114447274598382	1.75637884606743
0.0114472218966123	1.65006917174172
0.011449717420974	1.69985931031872
0.0114522140336347	1.69771957069847
0.0114547117353063	1.76554664173221
0.0114572105267017	1.72595366201523
0.0114597104085341	1.78850393216582
0.0114622113815174	1.69391880119407
0.0114647134463662	1.57964128630199
0.0114672166037957	1.65429471011752
0.0114697208545217	1.87210122889806
0.0114722261992606	1.83337000645142
0.0114747326387295	1.70271995634901
0.011477240173646	1.80679190449862
0.0114797488047286	1.71683176444979
0.011482258532696	1.73127346584827
0.0114847693582678	1.66077720441047
0.0114872812821644	1.72701076244288
0.0114897943051064	1.75348813443205
0.0114923084278154	1.60316818112925
0.0114948236510135	1.68886645261175
0.0114973399754233	1.69983279485069
0.0114998574017682	1.76866065658634
0.0115023759307723	1.61352741277318
0.01150489556316	1.72598947116551
0.0115074162996568	1.63130789535846
0.0115099381409885	1.72470732647646
0.0115124610878815	1.67582727347926
0.0115149851410632	1.71483605112638
0.0115175103012612	1.76470283665097
0.0115200365692041	1.79766071134584
0.0115225639456209	1.72476778418639
0.0115250924312413	1.81285634921406
0.0115276220267957	1.62124985759394
0.0115301527330152	1.81517359078561
0.0115326845506313	1.65272400006605
0.0115352174803763	1.77719257985291
0.0115377515229832	1.72495178629036
0.0115402866791856	1.74736530656402
0.0115428229497176	1.72193604328368
0.0115453603353142	1.7244864418112
0.0115478988367109	1.79758351914831
0.0115504384546437	1.62411503550453
0.0115529791898497	1.70313348695998
0.0115555210430661	1.66696319786503
0.011558064015031	1.70054653650137
0.0115606081064834	1.57988192686266
0.0115631533181625	1.68248305297468
0.0115656996508084	1.69850195353778
0.0115682471051619	1.73002377471081
0.0115707956819642	1.76460471756076
0.0115733453819574	1.75675308449321
0.0115758962058843	1.78457613275017
0.011578448154488	1.72634794784073
0.0115810012285126	1.79436472067465
0.0115835554287028	1.7906099757349
0.0115861107558037	1.74920961456528
0.0115886672105615	1.58574434605244
0.0115912247937226	1.76814076907763
0.0115937835060344	1.66652528995774
0.0115963433482447	1.8667104630746
0.0115989043211022	1.83770677561866
0.0116014664253562	1.90762023580708
0.0116040296617565	1.75006950079199
0.0116065940310537	1.70420436585175
0.0116091595339991	1.58850171929266
0.0116117261713445	1.75120070329684
0.0116142939438426	1.74634456685623
0.0116168628522465	1.67147551767027
0.0116194328973103	1.82235819895054
0.0116220040797883	1.73258590763452
0.011624576400436	1.68028815092589
0.0116271498600091	1.67582733482412
0.0116297244592644	1.64061853467097
0.0116323001989589	1.68754119396314
0.0116348770798507	1.66491844139301
0.0116374551026982	1.66228368320445
0.0116400342682609	1.75486932220283
0.0116426145772986	1.63718889215906
0.0116451960305719	1.78691225988627
0.0116477786288422	1.69907382155552
0.0116503623728713	1.58420010371515
0.0116529472634219	1.72134782152874
0.0116555333012573	1.62781776445727
0.0116581204871416	1.66202303670278
0.0116607088218393	1.69731552831875
0.0116632983061159	1.69515198916792
0.0116658889407373	1.78067620866121
0.0116684807264703	1.73049813223453
0.0116710736640823	1.82437226700414
0.0116736677543412	1.75221219589682
0.011676262998016	1.5802007154068
0.011678859395876	1.76406091779931
0.0116814569486913	1.50877250688255
0.0116840556572328	1.6918995185655
0.011686655522272	1.5214690052921
0.011689256544581	1.78945080454436
0.0116918587249327	1.76371688122685
0.0116944620641007	1.56335572908156
0.0116970665628591	1.70239637409946
0.0116996722219831	1.66771914876287
0.0117022790422481	1.65959619347581
0.0117048870244305	1.72755988824063
0.0117074961693073	1.80442034597706
0.0117101064776562	1.50167909225245
0.0117127179502557	1.71620797394181
0.0117153305878847	1.63440106005658
0.0117179443913231	1.74193021925082
0.0117205593613515	1.79854324847325
0.0117231754987508	1.73649079838138
0.0117257928043031	1.80469171676599
0.011728411278791	1.70494330202544
0.0117310309229976	1.85287735364325
0.0117336517377069	1.74470698189843
0.0117362737237038	1.77048559944524
0.0117388968817734	1.68066363455755
0.0117415212127019	1.84826909561087
0.0117441467172762	1.70202949886562
0.0117467733962836	1.63561957079477
0.0117494012505123	1.62144789030049
0.0117520302807514	1.79266907319767
0.0117546604877903	1.76396754271674
0.0117572918724193	1.75529573345012
0.0117599244354296	1.86274974555535
0.0117625581776128	1.73133903126565
0.0117651930997614	1.75228291783047
0.0117678292026684	1.81346499938406
0.0117704664871279	1.54427650656304
0.0117731049539343	1.68628229839698
0.0117757446038829	1.71722513486865
0.0117783854377697	1.84795677744499
0.0117810274563914	1.70699338074858
0.0117836706605455	1.68676332210508
0.0117863150510301	1.65340518362512
0.011788960628644	1.73322519210317
0.0117916073941869	1.78978320575073
0.011794255348459	1.6698955137328
0.0117969044922613	1.64367414321245
0.0117995548263956	1.78025124327987
0.0118022063516643	1.53718660017983
0.0118048590688706	1.59633664141306
0.0118075129788183	1.78913598403721
0.0118101680823122	1.69636572010716
0.0118128243801575	1.79048504292288
0.0118154818731604	1.67254263215317
0.0118181405621276	1.58013624525656
0.0118208004478666	1.71560909712392
0.0118234615311856	1.75103670394188
0.0118261238128938	1.72273972013677
0.0118287872938007	1.81674546043253
0.0118314519747167	1.68630908371535
0.0118341178564532	1.70233125971971
0.0118367849398219	1.76500811044311
0.0118394532256354	1.82715939187561
0.0118421227147072	1.72188118736504
0.0118447934078514	1.80601991967664
0.0118474653058827	1.79819567506373
0.0118501384096167	1.81068622747406
0.0118528127198698	1.74176931735299
0.0118554882374589	1.77078352171377
0.0118581649632018	1.74498101985483
0.0118608428979171	1.75377784596171
0.011863522042424	1.727759473088
0.0118662023975425	1.63355004118958
0.0118688839640934	1.70459747240527
0.011871566742898	1.69861099576758
0.0118742507347787	1.72760683494971
0.0118769359405584	1.72835665105507
0.0118796223610608	1.62622027981787
0.0118823099971103	1.75341120062026
0.0118849988495322	1.76821604570585
0.0118876889191524	1.76336113579738
0.0118903802067976	1.75599283212349
0.0118930727132952	1.85501520520389
0.0118957664394735	1.76922027509199
0.0118984613861613	1.7531212682986
0.0119011575541884	1.72499297255314
0.0119038549443853	1.66862543477503
0.011906553557583	1.64978783625272
0.0119092533946137	1.8337371976227
0.0119119544563099	1.75580252158455
0.0119146567435052	1.78141523228391
0.0119173602570337	1.81820560243032
0.0119200649977305	1.88415159144005
0.0119227709664313	1.82019852513579
0.0119254781639726	1.72870559436526
0.0119281865911916	1.74083914403567
0.0119308962489263	1.71826661711749
0.0119336071380156	1.77071968080715
0.011936319259299	1.71580815812845
0.0119390326136167	1.5933256489991
0.0119417472018099	1.68147002076992
0.0119444630247204	1.72514318346368
0.0119471800831907	1.7324236581619
0.0119498983780643	1.72323964929768
0.0119526179101853	1.7393685558778
0.0119553386803985	1.73540619692109
0.0119580606895497	1.76992282921638
0.0119607839384853	1.90228973817141
0.0119635084280525	1.65762988608456
0.0119662341590993	1.67775589588382
0.0119689611324745	1.72637902658555
0.0119716893490275	1.70019610596706
0.0119744188096088	1.867875417988
0.0119771495150693	1.65038898222538
0.0119798814662609	1.8659954670549
0.0119826146640363	1.58987514815488
0.011985349109249	1.62901162237504
0.011988084802753	1.5352054078215
0.0119908217454033	1.68811444017969
0.0119935599380558	1.62883398541824
0.0119962993815669	1.72518198593327
0.011999040076794	1.70980500753246
0.0120017820245951	1.8558794903153
0.0120045252258292	1.68483202626768
0.012007269681356	1.79706643324759
0.0120100153920358	1.70116850377493
0.01201276235873	1.64735970600953
0.0120155105823006	1.65174363496864
0.0120182600636104	1.62351490448997
0.0120210108035229	1.72319332942173
0.0120237628029027	1.65787041089174
0.012026516062615	1.7061365954237
0.0120292705835256	1.73217465674807
0.0120320263665014	1.67761750490753
0.01203478341241	1.70783115875286
0.0120375417221197	1.6942816570583
0.0120403012964998	1.63841039441414
0.0120430621364201	1.62428712549577
0.0120458242427514	1.62937602505157
0.0120485876163654	1.74581475758512
0.0120513522581343	1.61872135954679
0.0120541181689314	1.72343429025405
0.0120568853496305	1.70399284068664
0.0120596538011065	1.81316929319747
0.012062423524235	1.78970640577723
0.0120651945198923	1.83575861373712
0.0120679667889555	1.79383286261679
0.0120707403323028	1.82158498674946
0.0120735151508128	1.6396852909274
0.0120762912453652	1.73387256952548
0.0120790686168405	1.82956571627741
0.0120818472661197	1.86612391809464
0.012084627194085	1.82599035492468
0.0120874084016193	1.72693220884284
0.012090190889606	1.66298523612025
0.0120929746589299	1.67479793031805
0.012095759710476	1.71797948240105
0.0120985460451306	1.67914313778107
0.0121013336637805	1.77472071186007
0.0121041225673136	1.66811635684001
0.0121069127566183	1.69178513320998
0.012109704232584	1.72478149138173
0.0121124969961009	1.63270582654751
0.01211529104806	1.79902131472625
0.0121180863893533	1.63861923650499
0.0121208830208733	1.77113716918857
0.0121236809435135	1.64957204921672
0.0121264801581682	1.80337072957811
0.0121292806657327	1.61877357649286
0.0121320824671028	1.89723274791635
0.0121348855631753	1.73219246392476
0.0121376899548479	1.75089337780524
0.0121404956430191	1.61791891342227
0.012143302628588	1.67525568882996
0.0121461109124549	1.59160878437267
0.0121489204955206	1.663457796976
0.012151731378687	1.71742719278775
0.0121545435628566	1.74741230432376
0.012157357048933	1.79541582336032
0.0121601718378204	1.90194553430323
0.012162987930424	1.54838594284241
0.0121658053276496	1.6600207608588
0.0121686240304042	1.32167086908971
0.0121714440395953	1.58730377916127
0.0121742653561315	1.2517713022113
0.0121770879809221	1.72983676174964
0.0121799119148772	1.55859522775715
0.0121827371589079	1.71289277309544
0.012185563713926	1.75434324668786
0.0121883915808443	1.79538903976085
0.0121912207605763	1.66356043051555
0.0121940512540364	1.87021430125252
0.0121968830621399	1.61471213098369
0.0121997161858028	1.74362041474223
0.0122025506259422	1.68583034087982
0.0122053863834758	1.79387979339354
0.0122082234593224	1.72364711471393
0.0122110618544013	1.72697739972234
0.0122139015696331	1.63906363217309
0.0122167426059389	1.70339560067195
0.0122195849642408	1.72175470523819
0.0122224286454617	1.67932101996301
0.0122252736505256	1.90314168858858
0.0122281199803569	1.63153596490807
0.0122309676358813	1.69157317919853
0.0122338166180252	1.64117125412279
0.0122366669277157	1.58081373820838
0.0122395185658811	1.58020093564446
0.0122423715334502	1.65349947079945
0.012245225831353	1.7498670734828
0.0122480814605202	1.68916882792838
0.0122509384218833	1.84409571862816
0.0122537967163748	1.79995812745454
0.012256656344928	1.79688402908321
0.0122595173084771	1.71677193757202
0.0122623796079572	1.63156705612827
0.0122652432443042	1.74263823129149
0.0122681082184549	1.63466501316617
0.0122709745313471	1.7624613109668
0.0122738421839193	1.79469952575718
0.0122767111771109	1.7840715115319
0.0122795815118622	1.69679094936608
0.0122824531891146	1.74873739331828
0.01228532620981	1.82675692590705
0.0122882005748914	1.80029897554103
0.0122910762853026	1.81731502069203
0.0122939533419885	1.65650611314391
0.0122968317458945	1.63955598258333
0.0122997114979673	1.65549741791349
0.0123025925991542	1.64765312271897
0.0123054750504034	1.72143618764615
0.0123083588526642	1.71228480794973
0.0123112440068866	1.60528436313344
0.0123141305140215	1.65576725971954
0.0123170183750209	1.71583934874902
0.0123199075908373	1.80014911196015
0.0123227981624245	1.86619136451308
0.012325690090737	1.72878886443452
0.0123285833767301	1.68737127364276
0.0123314780213603	1.79487086736459
0.0123343740255846	1.69607488418604
0.0123372713903613	1.80899279683447
0.0123401701166493	1.71386072745939
0.0123430702054086	1.82176325597747
0.0123459716576	1.78287164598868
0.0123488744741851	1.70888287332674
0.0123517786561267	1.64395633487261
0.0123546842043882	1.70105854416422
0.0123575911199341	1.73533942631963
0.0123604994037297	1.64071437659397
0.0123634090567413	1.55783861726299
0.0123663200799361	1.64141580111543
0.0123692324742821	1.81898700244003
0.0123721462407483	1.62667326100089
0.0123750613803046	1.85347060726858
0.0123779778939219	1.63068597740284
0.0123808957825719	1.75278327904515
0.0123838150472271	1.7473404785067
0.0123867356888613	1.80688007526744
0.0123896577084488	1.73248765550455
0.012392581106965	1.78939975072196
0.0123955058853864	1.60908811446916
0.0123984320446901	1.7982159086042
0.0124013595858543	1.75658957742553
0.0124042885098581	1.88125405572658
0.0124072188176816	1.74849067741712
0.0124101505103056	1.81571147956355
0.012413083588712	1.64935958319678
0.0124160180538837	1.62570771667047
0.0124189539068044	1.74434759756353
0.0124218911484587	1.67336266489699
0.0124248297798322	1.67115587229369
0.0124277698019115	1.71775452707612
0.012430711215684	1.76451459056032
0.0124336540221381	1.7390907295635
0.0124365982222631	1.65776856760703
0.0124395438170494	1.83772708267612
0.012442490807488	1.55110267754253
0.0124454391945712	1.71149134493523
0.0124483889792921	1.51263093202712
0.0124513401626446	1.75091313982077
0.0124542927456238	1.69760208101132
0.0124572467292255	1.67804200610021
0.0124602021144467	1.70591639279183
0.0124631589022851	1.77569293129703
0.0124661170937394	1.76697717812621
0.0124690766898095	1.67909053411822
0.0124720376914959	1.64895238504428
0.0124750000998002	1.7170239270905
0.012477963915725	1.61278909495627
0.0124809291402739	1.59493850524249
0.0124838957744512	1.64788869113051
0.0124868638192624	1.69265892041069
0.0124898332757138	1.74414100255107
0.0124928041448128	1.66149782223901
0.0124957764275677	1.70289768352333
0.0124987501249877	1.72934286964015
0.0125017252380831	1.66398178577638
0.0125047017678649	1.79077097802528
0.0125076797153454	1.57199526641534
0.0125106590815377	1.68770716230442
0.0125136398674558	1.64584716384665
0.0125166220741147	1.7005199827863
0.0125196057025304	1.72201747859168
0.0125225907537199	1.80973729456752
0.0125255772287012	1.7636811516839
0.0125285651284932	1.80488275544458
0.0125315544541157	1.66558274945483
0.0125345452065896	1.55704640125624
0.0125375373869367	1.785253389274
0.0125405309961799	1.66320529102386
0.0125435260353429	1.68007925641608
0.0125465225054504	1.69794158865553
0.0125495204075283	1.81198110797801
0.0125525197426033	1.71451768770672
0.012555520511703	1.64912985085685
0.0125585227158561	1.65155039884722
0.0125615263560924	1.62975878037393
0.0125645314334424	1.83135014414456
0.0125675379489378	1.73407645230798
0.0125705459036113	1.69801104594086
0.0125735552984964	1.66934041681592
0.0125765661346279	1.66772528697398
0.0125795784130411	1.58790768239817
0.0125825921347729	1.69430691693744
0.0125856073008607	1.83577351585692
0.0125886239123431	1.66834709418646
0.0125916419702598	1.70900111469558
0.0125946614756512	1.83921212302167
0.012597682429559	1.81833259768499
0.0126007048330258	1.88547510606255
0.012603728687095	1.76144388052106
0.0126067539928114	1.81434246335258
0.0126097807512204	1.79660577482164
0.0126128089633686	1.79527129176563
0.0126158386303037	1.73160270107225
0.0126188697530742	1.64513031002213
0.0126219023327298	1.69073598139816
0.0126249363703209	1.6927286619263
0.0126279718668994	1.68678447422929
0.0126310088235178	1.68007226475977
0.0126340472412297	1.74976360627247
0.0126370871210898	1.73195310093999
0.0126401284641539	1.76079122090932
0.0126431712714785	1.73344911928544
0.0126462155441214	1.8259626248764
0.0126492612831413	1.52022675296552
0.012652308489598	1.69564850017765
0.0126553571645523	1.38377215691723
0.0126584073090659	1.59055474456758
0.0126614589242017	1.25824621735618
0.0126645120110235	1.58386621928903
0.0126675665705961	1.38359341396233
0.0126706226039855	1.5944476071455
0.0126736801122587	1.65907861514311
0.0126767390964834	1.74894526905182
0.0126797995577289	1.70717100135171
0.0126828614970649	1.66526582566023
0.0126859249155628	1.58720674095241
0.0126889898142944	1.67214847544872
0.0126920561943329	1.6359312862138
0.0126951240567526	1.7205519420898
0.0126981934026285	1.7602792596065
0.012701264233037	1.75139869014078
0.0127043365490553	1.65060483123773
0.0127074103517617	1.73826424699575
0.0127104856422357	1.75207436109029
0.0127135624215576	1.79496016762301
0.0127166406908089	1.67025879657713
0.0127197204510721	1.62534761834924
0.0127228017034308	1.69609125665068
0.0127258844489695	1.55647494943921
0.0127289686887739	1.6490772761087
0.0127320544239308	1.60454883389479
0.0127351416555279	1.74395534078122
0.0127382303846541	1.85156603778593
0.0127413206123991	1.85845356934064
0.012744412339854	1.79762094282273
0.0127475055681107	1.62861477759765
0.0127506002982623	1.6833546499619
0.0127536965314029	1.68405080461982
0.0127567942686278	1.7404414671154
0.012759893511033	1.78720699310759
0.012762994259716	1.80862846331998
0.0127660965157751	1.79668762718156
0.0127692002803098	1.8020111092784
0.0127723055544205	1.67855707431274
0.012775412339209	1.78869682597752
0.0127785206357777	1.70239920335067
0.0127816304452305	1.73115943027227
0.0127847417686722	1.75015553864684
0.0127878546072086	1.84514866940328
0.0127909689619467	1.66961403428157
0.0127940848339945	1.74650548425013
0.0127972022244612	1.69022551747
0.0128003211344569	1.76162238457257
0.012803441565093	1.67982971269745
0.0128065635174818	1.71734370257606
0.0128096869927367	1.80711691193371
0.0128128119919723	1.70022064719316
0.0128159385163042	1.71689426798644
0.0128190665668492	1.58575831356522
0.0128221961447249	1.62128133936025
0.0128253272510504	1.63098284928159
0.0128284598869457	1.71113411622323
0.0128315940535317	1.74442877767673
0.0128347297519307	1.78727510028688
0.0128378669832659	1.78506907396494
0.0128410057486618	1.83709354658642
0.0128441460492437	1.77540473788682
0.0128472878861384	1.82470282071903
0.0128504312604734	1.73658964292517
0.0128535761733776	1.75250864909466
0.0128567226259808	1.88422349084699
0.012859870619414	1.88968133436007
0.0128630201548093	1.77479352701414
0.0128661712333	1.76769264117705
0.0128693238560204	1.76771176251843
0.0128724780241058	1.74883394817426
0.0128756337386929	1.84573603006446
0.0128787910009194	1.78065744637849
0.0128819498119239	1.82513597984453
0.0128851101728463	1.84450843300889
0.0128882720848278	1.76032187045844
0.0128914355490105	1.7251553944638
0.0128946005665375	1.80056462103873
0.0128977671385533	1.75306835106198
0.0129009352662034	1.6938580224411
0.0129041049506344	1.8262512661812
0.0129072761929941	1.73688362130951
0.0129104489944313	1.81435875722921
0.0129136233560961	1.79897791708597
0.0129167992791396	1.81436447930397
0.0129199767647141	1.7542514825847
0.0129231558139731	1.7010788316207
0.012926336428071	1.77824031732188
0.0129295186081635	1.82016523732555
0.0129327023554075	1.54463976285687
0.012935887670961	1.55962112113396
0.0129390745559831	1.67101763604997
0.0129422630116339	1.70550850709283
0.0129454530390749	1.65052519396759
0.0129486446394686	1.76640325741524
0.0129518378139788	1.82499452592138
0.0129550325637702	1.83458633140661
0.0129582288900088	1.73341677047656
0.0129614267938618	1.6978796438763
0.0129646262764974	1.75014857839819
0.0129678273390852	1.81459923225772
0.0129710299827956	1.77235752882165
0.0129742342088004	1.66556895161052
0.0129774400182726	1.58212857401391
0.0129806474123862	1.56569908833027
0.0129838563923164	1.54889746045504
0.0129870669592397	1.60255611002252
0.0129902791143335	1.69712468011512
0.0129934928587767	1.56166270866196
0.012996708193749	1.69203471438402
0.0129999251204317	1.5578166010222
0.0130031436400068	1.68776922713464
0.0130063637536577	1.76140322724405
0.0130095854625692	1.76269893229607
0.0130128087679268	1.73148723292657
0.0130160336709175	1.6324626352235
0.0130192601727295	1.7706079145604
0.0130224882745519	1.72749538678755
0.0130257179775753	1.72952756465955
0.0130289492829912	1.69909202043062
0.0130321821919926	1.79779382968635
0.0130354167057733	1.65699753600409
0.0130386528255286	1.61510967195841
0.0130418905524548	1.67718116813023
0.0130451298877496	1.73024713046239
0.0130483708326117	1.76196132176177
0.013051613388241	1.82457799856662
0.0130548575558386	1.82935267173043
0.0130581033366069	1.66196902448789
0.0130613507317495	1.7472539024743
0.013064599742471	1.56520297784962
0.0130678503699773	1.71296513502855
0.0130711026154757	1.66412938687856
0.0130743564801744	1.69875712790015
0.013077611965283	1.64672792370173
0.0130808690720121	1.66855437721039
0.0130841278015738	1.68700501758659
0.0130873881551812	1.70333983151829
0.0130906501340486	1.81926704162461
0.0130939137393917	1.72681819311893
0.0130971789724271	1.67405963380506
0.013100445834373	1.73312425034843
0.0131037143264485	1.5444007368698
0.013106984449874	1.76174334627586
0.0131102562058713	1.6525333475499
0.0131135295956631	1.63683101371614
0.0131168046204735	1.63812709912914
0.0131200812815279	1.78675234960348
0.0131233595800529	1.78863190653673
0.0131266395172761	1.87280687136164
0.0131299210944266	1.81523812354899
0.0131332043127346	1.87546811506187
0.0131364891734315	1.6149538815713
0.01313977567775	1.7036880652886
0.0131430638269241	1.67534076976253
0.0131463536221889	1.81813298078786
0.0131496450647808	1.58078438926878
0.0131529381559374	1.79011864549742
0.0131562328968976	1.70898391376897
0.0131595292889015	1.73853863997294
0.0131628273331905	1.77615829314757
0.0131661270310072	1.65573098356685
0.0131694283835953	1.77065892590371
0.0131727313922	1.6368205966325
0.0131760360580677	1.70470339096847
0.0131793423824459	1.5875647930591
0.0131826503665835	1.64103193890813
0.0131859600117306	1.65500809382036
0.0131892713191386	1.65079073887803
0.0131925842900599	1.70815405305479
0.0131958989257487	1.70674555281326
0.0131992152274598	1.86241123879891
0.0132025331964499	1.759539361564
0.0132058528339764	1.71582647393863
0.0132091741412984	1.71949414184508
0.013212497119676	1.64392640724264
0.0132158217703707	1.81706963273596
0.0132191480946453	1.61265047772168
0.0132224760937636	1.67203946410999
0.0132258057689911	1.62489960134235
0.0132291371215942	1.56474220014195
0.0132324701528407	1.6117117645052
0.0132358048639999	1.73296868975954
0.013239141256342	1.75303425197814
0.0132424793311387	1.80430054058147
0.013245819089663	1.77722073694513
0.013249160533189	1.76379875036285
0.0132525036629924	1.67440621428125
0.0132558484803499	1.78449522036995
0.0132591949865397	1.78498588095686
0.013262543182841	1.79642152233746
0.0132658930705346	1.77179986356949
0.0132692446509025	1.79514608662363
0.0132725979252279	1.78065772694595
0.0132759528947954	1.81093928637259
0.0132793095608908	1.69692723756139
0.0132826679248014	1.65451995713933
0.0132860279878155	1.63727913196573
0.0132893897512231	1.72499055890733
0.013292753216315	1.84153359808993
0.0132961183843838	1.81107607030253
0.0132994852567231	1.72039261546838
0.0133028538346279	1.71739753664614
0.0133062241193945	1.54469955094815
0.0133095961123206	1.63387237850778
0.0133129698147052	1.6652319937098
0.0133163452278484	1.65230859257436
0.0133197223530519	1.71105195557761
0.0133231011916186	1.70288918908193
0.0133264817448527	1.76134157205127
0.0133298640140597	1.76698587099915
0.0133332480005466	1.74264365203965
0.0133366337056215	1.60713202880764
0.0133400211305939	1.80370761516521
0.0133434102767748	1.76562475212831
0.0133468011454763	1.70349714749731
0.013350193738012	1.64992549186588
0.0133535880556967	1.73741978942465
0.0133569840998466	1.61800554012815
0.0133603818717793	1.8458507916303
0.0133637813728136	1.68972933987283
0.0133671826042698	1.76496081115142
0.0133705855674695	1.70919502361275
0.0133739902637355	1.69300143267495
0.0133773966943922	1.73134204499831
0.0133808048607651	1.70125102344089
0.0133842147641813	1.85277993253896
0.013387626405969	1.75878642049767
0.0133910397874579	1.723499655604
0.013394454909979	1.67561365801282
0.0133978717748648	1.81546327387086
0.0134012903834489	1.78644473139355
0.0134047107370665	1.83363406475327
0.0134081328370541	1.71524736239157
0.0134115566847495	1.75970483774621
0.0134149822814919	1.71769235056592
0.0134184096286218	1.66157606417144
0.0134218387274813	1.7337579673089
0.0134252695794136	1.67332851427942
0.0134287021857635	1.86694112919856
0.0134321365478769	1.69652583198103
0.0134355726671014	1.77333295740424
0.0134390105447857	1.73261151593977
0.0134424501822801	1.77884706027282
0.0134458915809361	1.7798554714762
0.0134493347421068	1.59684845208982
0.0134527796671464	1.80919581319152
0.0134562263574108	1.56370510511372
0.013459674814257	1.66739932396842
0.0134631250390435	1.59085751329513
0.0134665770331304	1.77570402662358
0.0134700307978789	1.64967552273603
0.0134734863346517	1.64860291718264
0.0134769436448129	1.70039133088219
0.0134804027297281	1.75526902401722
0.0134838635907641	1.68914053965735
0.0134873262292893	1.61900517408027
0.0134907906466734	1.75327254162106
0.0134942568442876	1.75316426442293
0.0134977248235042	1.63955301397167
0.0135011945856974	1.65855730938241
0.0135046661322425	1.61533574953403
0.0135081394645162	1.74793887559783
0.0135116145838968	1.68963526232223
0.0135150914917639	1.73427598836461
0.0135185701894984	1.77646046511806
0.0135220506784829	1.74800001382176
0.0135255329601013	1.71508607993965
0.0135290170357387	1.7644109310572
0.0135325029067821	1.84900349136566
0.0135359905746195	1.81389105524934
0.0135394800406406	1.73214869345769
0.0135429713062363	1.79655239649101
0.0135464643727992	1.82379625604982
0.0135499592417231	1.75990665721252
0.0135534559144034	1.82518801074881
0.0135569543922368	1.61813421849711
0.0135604546766216	1.75727432782643
0.0135639567689575	1.77507731026659
0.0135674606706455	1.87465862822431
0.0135709663830883	1.69953457348196
0.0135744739076897	1.84840400897067
0.0135779832458554	1.7353923995992
0.0135814943989922	1.84690084314042
0.0135850073685085	1.69586642572266
0.0135885221558141	1.81990300080684
0.0135920387623203	1.69636844008568
0.0135955571894399	1.60330161101979
0.0135990774385871	1.7162359140123
0.0136025995111775	1.79585878004921
0.0136061234086283	1.84288604895508
0.0136096491323582	1.76415750432788
0.0136131766837871	1.70218043685819
0.0136167060643367	1.72226360618658
0.01362023727543	1.73883594158646
0.0136237703184916	1.74774418746747
0.0136273051949473	1.70684450969246
0.0136308419062247	1.78728630839837
0.0136343804537527	1.58511269736002
0.0136379208389618	1.75073305165209
0.0136414630632838	1.54497921813585
0.0136450071281523	1.68840602639026
0.013648553035002	1.63768333446451
0.0136521007852694	1.76796870572307
0.0136556503803923	1.69598239314023
0.0136592018218102	1.88752021933863
0.013662755110964	1.67601024771935
0.0136663102492959	1.7082760159757
0.0136698672382499	1.77421551609358
0.0136734260792714	1.79592134564466
0.0136769867738072	1.69809359734273
0.0136805493233058	1.7561867458361
0.0136841137292171	1.72402287416548
0.0136876799929924	1.85038821159302
0.0136912481160848	1.86474547334116
0.0136948180999486	1.79901808954562
0.0136983899460398	1.71000937647734
0.013701963655816	1.78972256365192
0.013705539230736	1.73325031397846
0.0137091166722605	1.61299893134076
0.0137126959818515	1.69040396362666
0.0137162771609726	1.69361127700972
0.0137198602110888	1.62921649955546
0.0137234451336669	1.83861016375061
0.013727031930175	1.77825192183572
0.0137306206020828	1.81308881414091
0.0137342111508615	1.76368491209108
0.013737803577984	1.81182048520221
0.0137413978849246	1.92200447355389
0.0137449940731591	1.78554419144401
0.013748592144165	1.80573974043576
0.0137521920994212	1.75619167385223
0.0137557939404083	1.75566673869773
0.0137593976686082	1.75443810408579
0.0137630032855047	1.66930436352737
0.0137666107925829	1.74105824815733
0.0137702201913295	1.75126273940122
0.0137738314832329	1.77490393556321
0.0137774446697828	1.6859644447695
0.0137810597524707	1.56991303413136
0.0137846767327896	1.84880213881663
0.013788295612234	1.85817842347891
0.0137919163923	1.80107321631248
0.0137955390744854	1.65635298968222
0.0137991636602894	1.71485886433744
0.0138027901512129	1.79955342650899
0.0138064185487582	1.72723445885072
0.0138100488544294	1.68225278537947
0.013813681069732	1.83903382099748
0.0138173151961733	1.79250313189526
0.0138209512352619	1.78831900942725
0.0138245891885083	1.74442797414584
0.0138282290574242	1.77607948094791
0.0138318708435234	1.78920652024506
0.0138355145483208	1.79257611720935
0.0138391601733333	1.75984560461337
0.0138428077200791	1.73247009139522
0.0138464571900781	1.78011995934525
0.0138501085848519	1.60924894565575
0.0138537619059236	1.73725505193377
0.0138574171548179	1.65419593820229
0.0138610743330611	1.74857448321461
0.0138647334421813	1.69837949147265
0.013868394483708	1.84483038041832
0.0138720574591724	1.78271738236654
0.0138757223701072	1.67800418527333
0.0138793892180469	1.76963721794842
0.0138830580045276	1.69975967045599
0.0138867287310869	1.72414869514737
0.0138904013992641	1.77898739235759
0.0138940760106001	1.71727515794586
0.0138977525666375	1.79042023227704
0.0139014310689206	1.78673996241419
0.013905111518995	1.58171918766898
0.0139087939184083	1.560467090274
0.0139124782687095	1.50410512051108
0.0139161645714495	1.71563396486308
0.0139198528281806	1.66451441675441
0.0139235430404569	1.6875726287023
0.0139272352098339	1.7084022978585
0.0139309293378691	1.66170333813743
0.0139346254261215	1.5874240471043
0.0139383234761516	1.64273923810061
0.0139420234895218	1.55694441664003
0.013945725467796	1.68920310834796
0.0139494294125399	1.44012706134511
0.0139531353253208	1.52357688909511
0.0139568432077075	1.50777928120201
0.0139605530612707	1.57440541728747
0.0139642648875827	1.60261756604589
0.0139679786882175	1.70066573096104
0.0139716944647506	1.65548074163248
0.0139754122187594	1.6568760051178
0.0139791319518229	1.66438834158265
0.0139828536655218	1.70636629928676
0.0139865773614384	1.60306527832723
0.0139903030411567	1.76611327393863
0.0139940307062626	1.63605859619455
0.0139977603583433	1.74454008490478
0.014001491998988	1.73293390269881
0.0140052256297876	1.61590480967948
0.0140089612523345	1.68968967433363
0.014012698868223	1.74449733844087
0.0140164384790489	1.5595351331865
0.0140201800864098	1.75973432148968
0.0140239236919051	1.67155831168942
0.0140276692971359	1.62942913009357
0.0140314169037047	1.59552142463831
0.0140351665132162	1.70025897378766
0.0140389181272764	1.60318788334539
0.0140426717474932	1.79788439336097
0.0140464273754763	1.804966395246
0.0140501850128369	1.74793970912604
0.0140539446611881	1.75221790697462
0.0140577063221448	1.79008002272659
0.0140614699973233	1.67736135543381
0.014065235688342	1.66069723669367
0.0140690033968208	1.85573849101652
0.0140727731243814	1.75671704392104
0.0140765448726473	1.79060402891218
0.0140803186432437	1.66618130033636
0.0140840944377974	1.73311988408115
0.0140878722579372	1.61575330021045
0.0140916521052935	1.75335931939616
0.0140954339814984	1.77561352946325
0.014099217888186	1.84254686441487
0.0141030038269918	1.83595304988169
0.0141067917995533	1.77880037825103
0.0141105818075098	1.8531169642163
0.0141143738525021	1.6150797586536
0.014118167936173	1.67325663122987
0.014121964060167	1.3295999960538
0.0141257622261304	1.64774451168113
0.0141295624357112	1.38409443732586
0.0141333646905591	1.65335787058975
0.0141371689923259	1.6080605115744
0.0141409753426648	1.75880209513971
0.014144783743231	1.74987540374918
0.0141485941956814	1.58866206404291
0.0141524067016747	1.69601631885929
0.0141562212628715	1.64476362636875
0.014160037880934	1.77072675790949
0.0141638565575263	1.74920779535755
0.0141676772943143	1.77376615660366
0.0141715000929657	1.6844388569744
0.01417532495515	1.77077179318979
0.0141791518825383	1.78476796412228
0.0141829808768039	1.66996340904119
0.0141868119396216	1.59543750189351
0.0141906450726681	1.7024330787644
0.014194480277622	1.64769750875408
0.0141983175561636	1.58842794988269
0.0142021569099749	1.5652827481409
0.0142059983407401	1.72872296026012
0.0142098418501448	1.65542265272559
0.0142136874398768	1.82736339263431
0.0142175351116254	1.83003453964666
0.0142213848670819	1.97718960840697
0.0142252367079395	1.85984409411865
0.0142290906358931	1.70096714117962
0.0142329466526394	1.67362074825729
0.0142368047598771	1.74602833255045
0.0142406649593066	1.67916006073213
0.0142445272526302	1.75296120259908
0.0142483916415522	1.73722558048268
0.0142522581277785	1.70835904895622
0.0142561267130169	1.64113815369499
0.0142599973989772	1.87157298541623
0.0142638701873709	1.68931463186038
0.0142677450799115	1.71709170196645
0.0142716220783142	1.80442814791586
0.0142755011842963	1.74849376592816
0.0142793823995767	1.67111893764168
0.0142832657258763	1.72811581504844
0.0142871511649179	1.70939073899944
0.0142910387184261	1.7284799631457
0.0142949283881275	1.75832258209243
0.0142988201757504	1.71915421897371
0.0143027140830251	1.75213346560805
0.0143066101116838	1.77210815483319
0.0143105082634606	1.74674752839503
0.0143144085400914	1.83410444244346
0.014318310943314	1.79790645674223
0.0143222154748681	1.63408569875975
0.0143261221364954	1.72381740194847
0.0143300309299395	1.73398053591092
0.0143339418569457	1.89129178418221
0.0143378549192614	1.78425574736717
0.0143417701186359	1.71699791279361
0.0143456874568202	1.68759539123296
0.0143496069355676	1.77337333443417
0.0143535285566329	1.8018530239468
0.0143574523217731	1.72134241279792
0.014361378232747	1.71084600893734
0.0143653062913154	1.69969409534079
0.0143692364992409	1.78655710001901
0.0143731688582882	1.71103940195656
0.0143771033702238	1.81628129741453
0.0143810400368162	1.80860236304346
0.0143849788598358	1.67483024581898
0.014388919841055	1.74124108650614
0.014392862982248	1.68683508783439
0.0143968082851912	1.69047137183796
0.0144007557516626	1.65648723472997
0.0144047053834425	1.80911154269094
0.0144086571823129	1.75993644439889
0.0144126111500579	1.6267703143478
0.0144165672884636	1.51358276272395
0.0144205255993178	1.81790111837964
0.0144244860844105	1.5978440142587
0.0144284487455337	1.7821773944981
0.0144324135844812	1.66417633291358
0.0144363806030488	1.73719861062754
0.0144403498030344	1.5676981570965
0.0144443211862378	1.53152086369269
0.0144482947544607	1.54762869041326
0.0144522705095069	1.73684780292265
0.0144562484531822	1.62622496498902
0.0144602285872943	1.67702060759251
0.0144642109136529	1.69011641966327
0.0144681954340698	1.64374313016773
0.0144721821503586	1.75768063288913
0.0144761710643352	1.75536742017539
0.0144801621778172	1.79539909902275
0.0144841554926243	1.9181592031041
0.0144881510105783	1.71322781943972
0.0144921487335029	1.72629346045832
0.0144961486632239	1.72204626259683
0.0145001508015691	1.73931709115605
0.0145041551503683	1.70117220450719
0.0145081617114532	1.58438136968695
0.0145121704866577	1.62917910869478
0.0145161814778177	1.60633304265318
0.0145201946867712	1.76206741837826
0.0145242101153579	1.82980351651703
0.0145282277654199	1.73219122552317
0.0145322476388012	1.84045178508395
0.0145362697373478	1.77708448543915
0.0145402940629079	1.74855262750199
0.0145443206173316	1.78628790151997
0.014548349402471	1.61914662557911
0.0145523804201804	1.79533021030968
0.0145564136723161	1.72236236613288
0.0145604491607365	1.6891979570655
0.014564486887302	1.74805529227776
0.014568526853875	1.72844496399753
0.0145725690623201	1.83957045229261
0.014576613514504	1.83742131687601
0.0145806602122952	1.75770148631375
0.0145847091575647	1.81062092146279
0.0145887603521852	1.7901122492336
0.0145928137980316	1.83305369348793
0.014596869496981	1.73796068593855
0.0146009274509125	1.62625739973763
0.0146049876617072	1.66100792815901
0.0146090501312485	1.33100088251888
0.0146131148614217	1.60273669269053
0.0146171818541143	1.45439530888615
0.0146212511112159	1.71065921599943
0.0146253226346181	1.65640603159343
0.0146293964262148	1.61475838152096
0.0146334724879019	1.77669611314703
0.0146375508215773	1.62606456537953
0.0146416314291412	1.72006581341352
0.0146457143124959	1.80086353773339
0.0146497994735456	1.80278114890137
0.014653886914197	1.76442739931047
0.0146579766363587	1.71037452305667
0.0146620686419414	1.87772720055469
0.014666162932858	1.80205285743686
0.0146702595110235	1.69121927382797
0.0146743583783551	1.6974963708589
0.0146784595367721	1.80163364688921
0.0146825629881961	1.71025227846122
0.0146866687345505	1.79737841728697
0.0146907767777611	1.61859030121664
0.0146948871197559	1.69370206450874
0.014698999762465	1.6508802572743
0.0147031147078206	1.84113331271791
0.014707231957757	1.64210221400022
0.0147113515142108	1.83618238757911
0.0147154733791209	1.87623390293256
0.014719597554428	1.69271132149401
0.0147237240420754	1.64739652772286
0.0147278528440082	1.69253365924916
0.0147319839621738	1.64032831395293
0.0147361173985221	1.75322780372418
0.0147402531550046	1.84738469691794
0.0147443912335756	1.79183935583553
0.0147485316361912	1.76030263298903
0.0147526743648097	1.67143405593871
0.0147568194213919	1.68599424008908
0.0147609668079005	1.64897265577523
0.0147651165263005	1.48345281693823
0.0147692685785592	1.67441454051827
0.014773422966646	1.71753200232948
0.0147775796925326	1.82788827638063
0.0147817387581929	1.6940106341172
0.014785900165603	1.77877780012414
0.0147900639167411	1.74502425229332
0.0147942300135879	1.7677249493997
0.0147983984581261	1.72004481755137
0.0148025692523409	1.67879338757349
0.0148067423982193	1.8666754796332
0.014810917897751	1.67733520310115
0.0148150957529278	1.90218536148623
0.0148192759657435	1.85476128634582
0.0148234585381944	1.80320390073786
0.0148276434722791	1.76141697757869
0.0148318307699984	1.75365340634403
0.0148360204333551	1.70911870802367
0.0148402124643547	1.63980862751022
0.0148444068650047	1.7420561863139
0.0148486036373148	1.79241078140211
0.0148528027832973	1.86261445262033
0.0148570043049665	1.75463043880172
0.0148612082043389	1.67193963327382
0.0148654144834337	1.61673712252057
0.0148696231442719	1.6885911061708
0.0148738341888772	1.7223208137018
0.0148780476192752	1.6258145085783
0.0148822634374942	1.73459866168569
0.0148864816455645	1.74570383038023
0.0148907022455188	1.69563449467747
0.0148949252393922	1.85201651395863
0.0148991506292218	1.54498367653798
0.0149033784170475	1.78673688864114
0.0149076086049111	1.78033622076302
0.0149118411948569	1.59340672664123
0.0149160761889315	1.76718259449977
0.0149203135891838	1.74435143929799
0.014924553397665	1.64979741128022
0.0149287956164288	1.63024787535778
0.014933040247531	1.71888529798314
0.0149372872930299	1.59240765044742
0.014941536754986	1.81452317044781
0.0149457886354624	1.57993374802562
0.0149500429365242	1.67503882241391
0.0149542996602392	1.74583818806662
0.0149585588086774	1.80856980513114
0.014962820383911	1.73214148249418
0.0149670843880148	1.74784830737568
0.0149713508230659	1.73758532542594
0.0149756196911438	1.7706208036619
0.0149798909943302	1.69130531497909
0.0149841647347093	1.75400361755678
0.0149884409143678	1.68546368587141
0.0149927195353946	1.59265413942793
0.014997000599881	1.75483866522663
0.0150012841099208	1.73477479711716
0.01500557006761	1.87047622200829
0.0150098584750474	1.68445864696513
0.0150141493343336	1.64493521864259
0.0150184426475722	1.65172763485519
0.0150227384168687	1.75347317998052
0.0150270366443314	1.68953714331449
0.0150313373320709	1.8050142940351
0.0150356404822	1.6890880055731
0.0150399460968341	1.7368751940607
0.0150442541780912	1.8017092379126
0.0150485647280915	1.78918598821674
0.0150528777489575	1.6616885857196
0.0150571932428145	1.62492165807309
0.0150615112117899	1.60902170965774
0.0150658316580138	1.79222999813414
0.0150701545836186	1.83951627842757
0.0150744799907392	1.76367548677567
0.0150788078815129	1.85845763330031
0.0150831382580795	1.64709409020006
0.0150874711225812	1.70997011100597
0.0150918064771628	1.67867410059433
0.0150961443239715	1.36633205548413
0.0151004846651568	1.6556302614715
0.0151048275028709	1.45415755514701
0.0151091728392684	1.73461392644503
0.0151135206765064	1.85502090694137
0.0151178710167443	1.65770829337679
0.0151222238621444	1.72988193704103
0.015126579214871	1.81418683522211
0.0151309370770913	1.83602148442311
0.0151352974509747	1.79424581083521
0.0151396603386934	1.82335304127257
0.0151440257424217	1.87247619319612
0.0151483936643368	1.84320257627603
0.0151527641066183	1.76405044582609
0.0151571370714481	1.69076773968447
0.0151615125610109	1.6634268079364
0.0151658905774938	1.72092285728853
0.0151702711230865	1.61229843475932
0.0151746541999811	1.6291787164186
0.0151790398103723	1.7522670148415
0.0151834279564574	1.74422119352303
0.0151878186404361	1.77213516730626
0.0151922118645108	1.84142576733935
0.0151966076308864	1.81177525031198
0.0152010059417702	1.69867919208551
0.0152054067993724	1.72252456602741
0.0152098102059053	1.8223528712012
0.0152142161635843	1.64949460839457
0.0152186246746268	1.66448480460223
0.0152230357412533	1.67768505058801
0.0152274493656864	1.85166369386213
0.0152318655501516	1.77007568110779
0.015236284296877	1.76694227744423
0.015240705608093	1.62348000102405
0.0152451294860328	1.71077141194691
0.0152495559329323	1.68126926457312
0.0152539849510296	1.86738062994622
0.0152584165425659	1.68407117973386
0.0152628507097846	1.78343235573903
0.015267287454932	1.71891794281672
0.0152717267802568	1.83570452219793
0.0152761686880103	1.76542040164914
0.0152806131804467	1.77726292140217
0.0152850602598226	1.83740221203725
0.0152895099283972	1.79525723682088
0.0152939621884324	1.80689654827678
0.0152984170421929	1.84099929063591
0.0153028744919456	1.8709286479834
0.0153073345399605	1.75101125818639
0.0153117971885101	1.73523439943378
0.0153162624398694	1.74114100415553
0.0153207302963162	1.73160705145243
0.015325200760131	1.74982120878344
0.0153296738335968	1.72600648127297
0.0153341495189995	1.60851160587724
0.0153386278186273	1.72372031025026
0.0153431087347715	1.67449292037688
0.0153475922697258	1.79131269617134
0.0153520784257867	1.68477940698427
0.0153565672052533	1.74109157473809
0.0153610586104274	1.74766983943364
0.0153655526436137	1.66407771259107
0.0153700493071192	1.56425934482842
0.0153745486032541	1.80454458376427
0.0153790505343308	1.71745350184851
0.0153835551026648	1.68441658786417
0.015388062310574	1.75945319422473
0.0153925721603794	1.64919772571305
0.0153970846544043	1.75598016853868
0.015401599794975	1.78867723908608
0.0154061175844204	1.77316783707273
0.0154106380250723	1.65085713947919
0.0154151611192651	1.62421583658212
0.0154196868693359	1.5833831268144
0.0154242152776246	1.68631800919546
0.015428746346474	1.74252506569364
0.0154332800782293	1.73549291275124
0.0154378164752388	1.78579478686753
0.0154423555398535	1.69250521776759
0.015446897274427	1.81006169217963
0.0154514416813157	1.59779554598442
0.015455988762879	1.55868579136793
0.0154605385214789	1.5096921976239
0.0154650909594801	1.91032823673202
0.0154696460792502	1.83135341563254
0.0154742038831597	1.62758818662594
0.0154787643735817	1.64768523144342
0.0154833275528922	1.71101327718466
0.0154878934234699	1.69207789540477
0.0154924619876964	1.71960651580489
0.0154970332479561	1.81130055781375
0.0155016072066363	1.87202093011535
0.0155061838661269	1.79499052547028
0.0155107632288209	1.68809028020194
0.0155153452971138	1.65374390905247
0.0155199300734042	1.77746405289426
0.0155245175600934	1.65199800982204
0.0155291077595857	1.8270157839926
0.015533700674288	1.72338557185811
0.0155382963066103	1.63517921593478
0.0155428946589652	1.64459349349916
0.0155474957337683	1.59391372077968
0.0155520995334381	1.85571561447039
0.015556706060396	1.87724855461914
0.015561315317066	1.92442980550398
0.0155659273058753	1.77478409310322
0.0155705420292538	1.75332589786893
0.0155751594896343	1.53400701265769
0.0155797796894525	1.63702442259427
0.015584402631147	1.41712155491189
0.0155890283171593	1.75645802816044
0.0155936567499338	1.80252108905568
0.0155982879319177	1.60760731877423
0.0156029218655614	1.79130788940693
0.0156075585533178	1.66785828565451
0.0156121979976431	1.62901305025408
0.0156168402009961	1.67339517041057
0.0156214851658388	1.69126190963547
0.015626132894636	1.9133420951509
0.0156307833898554	1.7873618995505
0.0156354366539677	1.73131467463698
0.0156400926894465	1.70380352043594
0.0156447514987684	1.71095157681022
0.0156494130844128	1.68426458308557
0.0156540774488624	1.6441277200146
0.0156587445946025	1.65116604987586
0.0156634145241216	1.76772727268114
0.0156680872399109	1.78798088678239
0.0156727627444649	1.69483056550182
0.0156774410402809	1.79000998255608
0.0156821221298592	1.75274914269847
0.015686806015703	1.79303019540501
0.0156914927003188	1.74762266699827
0.0156961821862156	1.72730383932758
0.015700874475906	1.70730591591916
0.015705569571905	1.71778363917436
0.0157102674767311	1.81545877718126
0.0157149681929055	1.69968332652411
0.0157196717229526	1.74782873622665
0.0157243780693998	1.69756114059239
0.0157290872347773	1.71808172670853
0.0157337992216186	1.69638678719605
0.0157385140324603	1.75781444858567
0.0157432316698417	1.80540577654967
0.0157479521363054	1.74142216505986
0.0157526754343969	1.69983187039633
0.015757401566665	1.57111569589661
0.0157621305356614	1.67191822186266
0.0157668623439408	1.83415778147582
0.0157715969940609	1.90814296217226
0.0157763344885829	1.76819041939986
0.0157810748300705	1.85481917265721
0.015785818021091	1.91042547160564
0.0157905640642144	1.85991595427786
0.0157953129620141	1.83841048036472
0.0158000647170662	1.77945724829306
0.0158048193319504	1.84915037551773
0.0158095768092491	1.75754362706275
0.0158143371515481	1.70092596726614
0.015819100361436	1.67005444286499
0.0158238664415048	1.73716791666302
0.0158286353943494	1.78523400120246
0.0158334072225682	1.8439291268309
0.0158381819287623	1.57459590452948
0.0158429595155361	1.85423789727905
0.0158477399854973	1.90308881345227
0.0158525233412565	1.62957800654204
0.0158573095854277	1.62395046016548
0.0158620987206277	1.66566272565383
0.0158668907494769	1.59708936821396
0.0158716856745986	1.69083163386073
0.0158764834986193	1.84847270059444
0.0158812842241687	1.62081951923904
0.0158860878538796	1.84106993396079
0.0158908943903883	1.75308522398593
0.0158957038363339	1.82361041987407
0.0159005161943589	1.66423444561947
0.0159053314671089	1.7993866871984
0.0159101496572329	1.75078179749282
0.0159149707673828	1.61062496736033
0.0159197948002141	1.71145819457024
0.0159246217583852	1.66499127181865
0.0159294516445577	1.76666805951188
0.0159342844613968	1.4825526619222
0.0159391202115707	1.66570654521222
0.0159439588977506	1.76154293312931
0.0159488005226115	1.86894377275416
0.015953645088831	1.78683583158514
0.0159584925990906	1.71707597390528
0.0159633430560746	1.65574272463218
0.0159681964624708	1.65950301684711
0.0159730528209701	1.76857060698756
0.0159779121342667	1.53558425043163
0.0159827744050584	1.62856609214205
0.0159876396360457	1.63037563747581
0.015992507829933	1.7155801117522
0.0159973789894275	1.69816660006649
0.0160022531172401	1.70035377715839
0.0160071302160846	1.82473293908623
0.0160120102886785	1.85738404207591
0.0160168933377423	1.65285357738637
0.0160217793660001	1.83259288359695
0.0160266683761791	1.75926771536109
0.0160315603710099	1.72420443536026
0.0160364553532265	1.72325238693947
0.0160413533255662	1.67635337395671
0.0160462542907695	1.82673274858719
0.0160511582515806	1.77729046832828
0.0160560652107466	1.75361365137679
0.0160609751710184	1.65431386057842
0.01606588813515	1.70667872365569
0.0160708041058987	1.43455053384072
0.0160757230860256	1.65745714040296
0.0160806450782946	1.75231715400418
0.0160855700854734	1.54819458007935
0.0160904981103331	1.83515794610112
0.0160954291556478	1.59287035415744
0.0161003632241955	1.69219411476664
0.0161053003187573	1.79870653881287
0.0161102404421177	1.80007729347565
0.0161151835970648	1.89457642350958
0.0161201297863901	1.7979678442297
0.0161250790128883	1.74137418259843
0.0161300312793578	1.80707238050315
0.0161349865886003	1.80093168830255
0.016139944943421	1.6416548293252
0.0161449063466284	1.73186863883022
0.0161498708010347	1.69251690593622
0.0161548383094555	1.75840988149883
0.0161598088747096	1.60741934502367
0.0161647824996197	1.58795770737675
0.0161697591870115	1.7051805987228
0.0161747389397147	1.87366077139981
0.016179721760562	1.70651515049665
0.0161847076523899	1.6754965398544
0.0161896966180383	1.71913863971278
0.0161946886603506	1.73821832287791
0.0161996837821737	1.75127670778275
0.0162046819863581	1.66662727141546
0.0162096832757577	1.58662030004857
0.0162146876532299	1.81143858678837
0.0162196951216359	1.76926884073121
0.01622470568384	1.66508660433304
0.0162297193427105	1.56260257378544
0.0162347361011189	1.74243427759453
0.0162397559619404	1.68434565655522
0.0162447789280537	1.65170054130274
0.0162498050023411	1.66196425534808
0.0162548341876886	1.91809926819213
0.0162598664869854	1.85497032721932
0.0162649019031248	1.77709415317233
0.0162699404390032	1.77654915204549
0.0162749820975208	1.84843507312328
0.0162800268815815	1.73666828726464
0.0162850747940927	1.80550831982488
0.0162901258379652	1.77337310657508
0.0162951800161138	1.75036623882073
0.0163002373314567	1.65686107833503
0.0163052977869157	1.70099108631099
0.0163103613854163	1.74720257509246
0.0163154281298876	1.65699563381775
0.0163204980232624	1.79153257788733
0.0163255710684771	1.60732720472084
0.0163306472684718	1.66785180356695
0.0163357266261901	1.88475296148502
0.0163408091445794	1.49729121262349
0.0163458948265908	1.57414147374535
0.016350983675179	1.77282116385042
0.0163560756933025	1.7003797679473
0.0163611708839232	1.73481776732567
0.016366269250007	1.81290861891586
0.0163713707945234	1.70865039524355
0.0163764755204455	1.81443880775491
0.0163815834307503	1.7946443878549
0.0163866945284183	1.70784549853118
0.0163918088164339	1.70116174128907
0.0163969262977851	1.65991175449852
0.0164020469754637	1.82036511059853
0.0164071708524652	1.55753290732334
0.016412297931789	1.77322067663317
0.016417428216438	1.57112759693311
0.016422561709419	1.5209731425556
0.0164276984137426	1.72424952363995
0.016432838332423	1.65539471048879
0.0164379814684784	1.76883517656694
0.0164431278249305	1.76280215373117
0.0164482774048051	1.73514893089014
0.0164534302111316	1.68316940965159
0.0164585862469431	1.71772600138757
0.0164637455152769	1.68682855675074
0.0164689080191736	1.64354342699252
0.016474073761678	1.71833987532282
0.0164792427458385	1.63671820758818
0.0164844149747075	1.69179546905997
0.016489590451341	1.80822803987443
0.0164947691787992	1.77408852477198
0.0164999511601457	1.8116161695775
0.0165051363984483	1.7415005673199
0.0165103248967786	1.70238240492419
0.0165155166582119	1.81506348860012
0.0165207116858274	1.80494977926393
0.0165259099827084	1.78494094101031
0.0165311115519419	1.76838930537339
0.0165363163966187	1.70073675467829
0.0165415245198338	1.62612330045453
0.0165467359246857	1.74190526798721
0.0165519506142771	1.74176276191919
0.0165571685917146	1.3876216157869
0.0165623898601086	1.68479200124157
0.0165676144225734	1.72486990646862
0.0165728422822274	1.62301373507399
0.0165780734421927	1.68370899129697
0.0165833079055957	1.72078830640548
0.0165885456755663	1.59358185001825
0.0165937867552388	1.81238005963596
0.0165990311477511	1.68764083443449
0.0166042788562453	1.79578967958069
0.0166095298838673	1.76704624271935
0.0166147842337672	1.69487008020801
0.0166200419090988	1.82631078004486
0.0166253029130202	1.82614914757774
0.0166305672486933	1.69543179069878
0.0166358349192841	1.766267270596
0.0166411059279625	1.56592363404489
0.0166463802779025	1.61575169528997
0.0166516579722821	1.66660570496263
0.0166569390142835	1.71587266889365
0.0166622234070926	1.83477613960507
0.0166675111538996	1.74844767058257
0.0166728022578987	1.79393221727995
0.0166780967222881	1.62506204266886
0.0166833945502702	1.70974264365791
0.0166886957450513	1.7575749068991
0.0166940003098418	1.81450374030204
0.0166993082478563	1.77025095614933
0.0167046195623134	1.74943481458015
0.0167099342564358	1.73698411575645
0.0167152523334504	1.55644269983971
0.016720573796588	1.82362354360328
0.0167258986490838	1.77677479619797
0.0167312268941768	1.58117194793958
0.0167365585351104	1.75297268249631
0.0167418935751321	1.66357063977788
0.0167472320174933	1.77027418289633
0.0167525738654498	1.78159985270795
0.0167579191222615	1.75577016273737
0.0167632677911925	1.77353560743765
0.0167686198755109	1.8216214897781
0.0167739753784891	1.7666601812668
0.0167793343034037	1.7090123857692
0.0167846966535355	1.68958368518475
0.0167900624321693	1.67748074126751
0.0167954316425943	1.82952735755812
0.016800804288104	1.83104120234929
0.0168061803719958	1.67996467670307
0.0168115598975717	1.58967831369673
0.0168169428681375	1.70152888902739
0.0168223292870035	1.77645777511663
0.0168277191574844	1.64954863482448
0.0168331124828987	1.67607642691512
0.0168385092665695	1.71421955302623
0.0168439095118242	1.73442578732246
0.0168493132219942	1.80397157929943
0.0168547204004154	1.71822222935285
0.0168601310504278	1.74541774937114
0.0168655451753758	1.80727263789835
0.0168709627786082	1.81442122168783
0.0168763838634779	1.63408609732628
0.0168818084333423	1.73687115107671
0.0168872364915629	1.79040084641437
0.0168926680415057	1.70685410681761
0.016898103086541	1.6418730133533
0.0169035416300435	1.70539002838787
0.0169089836753919	1.72247598358871
0.0169144292259698	1.87877994064686
0.0169198782851647	1.7063329156629
0.0169253308563687	1.78043060690734
0.0169307869429782	1.61046456783596
0.0169362465483941	1.76110552889993
0.0169417096760214	1.87312876452948
0.0169471763292698	1.69776847317951
0.0169526465115533	1.72105478577133
0.0169581202262903	1.75400621458705
0.0169635974769035	1.74874019397452
0.0169690782668202	1.79309626989158
0.0169745625994721	1.67464585514103
0.0169800504782952	1.74425519035286
0.0169855419067301	1.86070642310377
0.0169910368882219	1.71062493001674
0.0169965354262198	1.64953283794812
0.017002037524178	1.75139180895043
0.0170075431855548	1.88172171189864
0.017013052413813	1.85062913488214
0.01701856521242	1.61631411191104
0.0170240815848478	1.77571470975057
0.0170296015345726	1.76274653358948
0.0170351250650753	1.47741728554316
0.0170406521798414	1.66473444844262
0.0170461828823606	1.79399955577272
0.0170517171761276	1.6381780243843
0.0170572550646413	1.76991250202946
0.0170627965514052	1.79660088210634
0.0170683416399274	1.74162083468146
0.0170738903337206	1.86948959319152
0.0170794426363019	1.83053221736413
0.0170849985511932	1.7069723507076
0.017090558081921	1.8219810084753
0.017096121232016	1.67414031478787
0.017101688005014	1.68042221690583
0.017107258404455	1.72831741993597
0.017112832433884	1.7496421911865
0.0171184100968502	1.82038951430438
0.0171239913969078	1.78716394563839
0.0171295763376155	1.82483603143858
0.0171351649225365	1.6551838477662
0.0171407571552388	1.70276127452425
0.0171463530392951	1.60987006841158
0.0171519525782826	1.78489466023261
0.0171575557757834	1.77134335447954
0.0171631626353841	1.7423872356533
0.0171687731606761	1.61045867414828
0.0171743873552554	1.73712741306617
0.0171800052227227	1.76343765582214
0.0171856267666835	1.67870825738682
0.0171912519907481	1.72366547244567
0.0171968808985313	1.8759787167332
0.0172025134936527	1.69309447884089
0.0172081497797368	1.74895493576251
0.0172137897604127	1.6198957726308
0.0172194334393143	1.6793773397297
0.0172250808200803	1.66266305930415
0.0172307319063542	1.70305829355297
0.017236386701784	1.7446902304177
0.017242045210023	1.85156543886841
0.0172477074347289	1.71270174465944
0.0172533733795643	1.79918699033642
0.0172590430481966	1.73265457518531
0.0172647164442982	1.87960903980808
0.0172703935715461	1.6797692760563
0.0172760744336223	1.91544320761985
0.0172817590342135	1.76941976586749
0.0172874473770113	1.7822544325424
0.0172931394657123	1.77938521848401
0.0172988353040178	1.70102805422681
0.017304534895634	1.7125198129313
0.0173102382442721	1.75882127620281
0.0173159453536481	1.71145219087412
0.017321656227483	1.63985495435908
0.0173273708695024	1.70857428310755
0.0173330892834373	1.82901729404732
0.0173388114730233	1.75143389765875
0.017344537442001	1.73593830848093
0.0173502671941159	1.74386906473745
0.0173560007331186	1.82562623511331
0.0173617380627645	1.68994970001111
0.0173674791868141	1.80777164996778
0.0173732241090327	1.76203661298486
0.0173789728331908	1.81981349805294
0.0173847253630637	1.56586297686496
0.0173904817024319	1.58731304011226
0.0173962418550807	1.92335095251095
0.0174020058248005	1.77223085166274
0.0174077736153868	1.64921746722373
0.01741354523064	1.64622225100998
0.0174193206743657	1.52279155115587
0.0174250999503744	1.78044165150454
0.0174308830624818	1.72543083915121
0.0174366700145084	1.55282359297706
0.0174424608102802	1.65680809271467
0.0174482554536278	1.64099687372182
0.0174540539483874	1.85788531371347
0.0174598562983998	1.66629508911144
0.0174656625075113	1.68886293372647
0.0174714725795732	1.6667762736834
0.0174772865184417	1.69928226852346
0.0174831043279786	1.62264067384379
0.0174889260120503	1.79743868891626
0.0174947515745287	1.75582950361238
0.0175005810192909	1.75498166078095
0.017506414350219	1.6408563507083
0.0175122515712003	1.75118511941178
0.0175180926861273	1.84184169055023
0.0175239376988978	1.65855193761917
0.0175297866134146	1.67399977548134
0.0175356394335859	1.6840233319683
0.0175414961633251	1.62354804545347
0.0175473568065506	1.78444943617382
0.0175532213671864	1.79993455110731
0.0175590898491615	1.81318815210194
0.0175649622564102	1.59287687250715
0.0175708385928721	1.832110249401
0.0175767188624921	1.80818791594695
0.0175826030692203	1.82198590876308
0.0175884912170121	1.81511606432768
0.0175943833098283	1.80166202175113
0.017600279351635	1.72548891770326
0.0176061793464034	1.7578296087651
0.0176120832981103	1.80017986277945
0.0176179912107376	1.78292893925264
0.0176239030882729	1.72706631849141
0.0176298189347087	1.48604549552895
0.0176357387540432	1.85477078204581
0.0176416625502798	1.87099252889106
0.0176475903274274	1.68023456877617
0.0176535220895002	1.72654316817907
0.0176594578405178	1.50381472477906
0.0176653975845053	1.65902841382374
0.0176713413254931	1.86798671874694
0.017677289067517	1.84622776827209
0.0176832408146185	1.72813054138552
0.0176891965708442	1.73127909882271
0.0176951563402464	1.71269165634027
0.0177011201268827	1.79222999626523
0.0177070879348163	1.65809914491238
0.0177130597681159	1.83166530818291
0.0177190356308555	1.77532311189585
0.0177250155271147	1.71459612314277
0.0177309994609787	1.80891863819616
0.0177369874365382	1.79601496480751
0.0177429794578892	1.75664531701545
0.0177489755291336	1.86307774735725
0.0177549756543785	1.77867877546768
0.0177609798377368	1.80876152737633
0.0177669880833268	1.79530880282201
0.0177730003952726	1.58475427852272
0.0177790167777036	1.77279382903675
0.017785037234755	1.84230550840326
0.0177910617705676	1.69500324062329
0.0177970903892875	1.72021715628746
0.0178031230950669	1.8256036251388
0.0178091598920633	1.70537236652044
0.01781520078444	1.7225353199465
0.0178212457763658	1.81848883971037
0.0178272948720154	1.73912146007531
0.0178333480755688	1.81233444119117
0.0178394053912121	1.96619548236599
0.0178454668231368	1.72224081538706
0.0178515323755402	1.75401847325273
0.0178576020526253	1.68833547804642
0.0178636758586008	1.87355963409325
0.0178697537976812	1.67235144931763
0.0178758358740866	1.76259073841703
0.0178819220920429	1.90563346311513
0.0178880124557819	1.85194364600255
0.017894106969541	1.64639735617665
0.0179002056375635	1.70734537070359
0.0179063084640982	1.6694444011595
0.0179124154534001	1.68628134519284
0.0179185266097298	1.78319345714242
0.0179246419373537	1.6743378739548
0.0179307614405441	1.74918925551231
0.017936885123579	1.61563893828418
0.0179430129907425	1.79548849984342
0.0179491450463242	1.6293436291384
0.01795528129462	1.72463892540898
0.0179614217399312	1.71555109332842
0.0179675663865654	1.58104334537629
0.0179737152388358	1.6780312058195
0.0179798683010618	1.71805149539998
0.0179860255775683	1.68134153570083
0.0179921870726866	1.67041106811301
0.0179983527907537	1.85375906261565
0.0180045227361124	1.70476009383966
0.0180106969131117	1.61294105622051
0.0180168753261065	1.69854273909698
0.0180230579794577	1.71558471890031
0.018029244877532	1.77731999554035
0.0180354360247024	1.70688060710451
0.0180416314253477	1.71656262393763
0.0180478310838527	1.80732069067628
0.0180540350046085	1.73489947128009
0.0180602431920118	1.64448728669442
0.0180664556504657	1.79341836905971
0.0180726723843794	1.79834622627143
0.0180788933981677	1.72339296670722
0.0180851186962521	1.88803109055598
0.0180913482830598	1.98866612649957
0.0180975821630241	1.73218352316934
0.0181038203405846	1.85855699439906
0.018110062820187	1.65322757750887
0.0181163096062829	1.65904827210564
0.0181225607033304	1.83215827677224
0.0181288161157935	1.67005608256228
0.0181350758481423	1.72640692976454
0.0181413399048534	1.78190433231856
0.0181476082904093	1.70487164924386
0.0181538810092988	1.74744813277871
0.0181601580660169	1.78902783434391
0.0181664394650648	1.80841435184494
0.0181727252109501	1.82506948215932
0.0181790153081863	1.56890032787468
0.0181853097612934	1.67987376718999
0.0181916085747977	1.80250264630406
0.0181979117532316	1.82986491779924
0.0182042193011338	1.64175076499714
0.0182105312230495	1.60704409763648
0.01821684752353	1.67105898466302
0.0182231682071329	1.70825348987569
0.0182294932784223	1.63035619668314
0.0182358227419686	1.87575759536969
0.0182421566023483	1.74947233863381
0.0182484948641447	1.82120286789899
0.018254837531947	1.66762314000591
0.0182611846103512	1.64586268461318
0.0182675361039594	1.90063619398114
0.0182738920173803	1.89183581279918
0.0182802523552288	1.83002789019686
0.0182866171221264	1.79506888051857
0.0182929863227011	1.68158347235471
0.0182993599615871	1.7497100976057
0.0183057380434252	1.69466379049406
0.0183121205728628	1.76240212294162
0.0183185075545536	1.62633427479965
0.0183248989931578	1.78838231731406
0.0183312948933423	1.74622985645171
0.0183376952597802	1.70693801529152
0.0183441000971514	1.80268945328356
0.0183505094101423	1.74127808803634
0.0183569232034457	1.80582676208047
0.0183633414817611	1.82112731414482
0.0183697642497946	1.78652389310886
0.0183761915122587	1.77716634175289
0.0183826232738727	1.74569874168378
0.0183890595393625	1.77582884435986
0.0183955003134604	1.56683689467502
0.0184019456009056	1.7482061744668
0.0184083954064437	1.76262569482915
0.0184148497348272	1.67974680044251
0.0184213085908152	1.70477241563664
0.0184277719791733	1.64200417437796
0.0184342399046739	1.66267231350353
0.0184407123720963	1.71952540206395
0.0184471893862262	1.57008808957737
0.0184536709518562	1.5859999646418
0.0184601570737856	1.62529745370804
0.0184666477568204	1.59677574797467
0.0184731430057735	1.77049453630323
0.0184796428254645	1.83452263950186
0.0184861472207197	1.65913477944361
0.0184926561963724	1.75313634049702
0.0184991697572624	1.82925593425713
0.0185056879082365	1.40735416404484
0.0185122106541485	1.73148802509075
0.0185187379998588	1.67832380376212
0.0185252699502348	1.66546392567854
0.0185318065101506	1.62325293262395
0.0185383476844873	1.77632976451815
0.0185448934781329	1.64418715382884
0.0185514438959824	1.72538903094969
0.0185579989429374	1.79203184301239
0.0185645586239069	1.8572926493456
0.0185711229438063	1.73434303162909
0.0185776919075585	1.88021333286438
0.0185842655200929	1.79816863708128
0.0185908437863462	1.80811920780674
0.0185974267112619	1.77788844331296
0.0186040142997906	1.72206105902909
0.01861060655689	1.72634308317936
0.0186172034875245	1.78531099696292
0.0186238050966661	1.6395081790365
0.0186304113892932	1.74424933496435
0.0186370223703917	1.61160505755235
0.0186436380449546	1.79170434161874
0.0186502584179817	1.71513834085866
0.0186568834944801	1.656319753286
0.018663513279464	1.69679600000595
0.0186701477779547	1.76742909291583
0.0186767869949807	1.75843961553846
0.0186834309355776	1.73989310941845
0.0186900796047881	1.77826476554065
0.0186967330076622	1.67211030609623
0.0187033911492571	1.63390314057887
0.0187100540346371	1.61215767399738
0.0187167216688738	1.65202115574236
0.018723394057046	1.82187542934743
0.0187300712042397	1.78394486420859
0.0187367531155484	1.79304113851108
0.0187434397960724	1.68499717217826
0.0187501312509198	1.70820117039152
0.0187568274852057	1.86733375447188
0.0187635285040525	1.91729630758958
0.01877023431259	1.78115058690845
0.0187769449159554	1.70788149608481
0.0187836603192932	1.69971592724804
0.0187903805277552	1.74226386611205
0.0187971055465006	1.5644986414303
0.018803835380696	1.73066734312515
0.0188105700355154	1.72956817466799
0.0188173095161403	1.8758070298406
0.0188240538277594	1.758164106311
0.0188308029755692	1.83437031777822
0.0188375569647733	1.77023394110066
0.018844315800583	1.76766065907644
0.0188510794882169	1.71046509334724
0.0188578480329012	1.86662237969361
0.0188646214398697	1.67969030384557
0.0188713997143635	1.49394101473036
0.0188781828616315	1.86803190167571
0.0188849708869299	1.69076269499501
0.0188917637955226	1.75307443558849
0.0188985615926811	1.79957112423478
0.0189053642836843	1.83016037294806
0.018912171873819	1.55625810710518
0.0189189843683794	1.82598493706422
0.0189258017726673	1.82401634944252
0.0189326240919924	1.6292270915451
0.0189394513316717	1.68771735540513
0.0189462834970303	1.61063687989547
0.0189531205934005	1.79674007012419
0.0189599626261227	1.80169023629503
0.0189668096005449	1.78152695399166
0.0189736615220226	1.71147760599282
0.0189805183959195	1.68853331363495
0.0189873802276066	1.65687843036757
0.0189942470224629	1.78258843486811
0.0190011187858751	1.36015921900343
0.0190079955232379	1.77010222326517
0.0190148772399536	1.84192958271466
0.0190217639414323	1.65701559979921
0.019028655633092	1.62431558388267
0.0190355523203587	1.7367333245566
0.0190424540086661	1.71942569638809
0.0190493607034558	1.79195108142369
0.0190562724101774	1.78872932216141
0.0190631891342882	1.84538914639381
0.0190701108812537	1.70053194073717
0.0190770376565472	1.64867645647678
0.0190839694656499	1.59312423816422
0.019090906314051	1.70724748456104
0.0190978482072478	1.67049298029573
0.0191047951507455	1.69278938570724
0.0191117471500573	1.74315492955561
0.0191187042107044	1.7912368513241
0.0191256663382163	1.81724341289527
0.0191326335381301	1.87300786089234
0.0191396058159913	1.85855839316018
0.0191465831773535	1.74243069718299
0.0191535656277783	1.60743014115533
0.0191605531728353	1.70439137345781
0.0191675458181025	1.897686729652
0.0191745435691659	1.75025655177675
0.0191815464316196	1.69125648635552
0.0191885544110659	1.75825716271474
0.0191955675131154	1.63203838659754
0.0192025857433869	1.66056424596919
0.0192096091075072	1.74367557630307
0.0192166376111116	1.79573455492466
0.0192236712598435	1.7343234994123
0.0192307100593547	1.74008683326205
0.019237754015305	1.83300515772846
0.0192448031333629	1.85838848801881
0.0192518574192048	1.77112405499811
0.0192589168785158	1.68206307582328
0.019265981516989	1.85226041885775
0.0192730513403261	1.59212960474347
0.0192801263542371	1.76317630208573
0.0192872065644403	1.7747385484792
0.0192942919766626	1.68760407438681
0.0193013825966392	1.52074922575423
0.0193084784301136	1.89992480199641
0.019315579482838	1.71050507444243
0.0193226857605728	1.7807540678275
0.0193297972690873	1.87787641511647
0.0193369140141587	1.8954291670496
0.0193440360015733	1.6453771615874
0.0193511632371255	1.8772380760869
0.0193582957266185	1.75559801797786
0.0193654334758639	1.78760933298803
0.019372576490682	1.81916637387299
0.0193797247769016	1.73392581005496
0.0193868783403601	1.74426963380988
0.0193940371869037	1.81678107432731
0.0194012013223869	1.72336945349183
0.0194083707526732	1.7001670430926
0.0194155454836345	1.76012192722114
0.0194227255211516	1.67390422500624
0.0194299108711139	1.68647534346728
0.0194371015394194	1.80043277296765
0.0194442975319752	1.76073613291284
0.0194514988546968	1.79793181604727
0.0194587055135085	1.69287485092748
0.0194659175143435	1.6589616738298
0.0194731348631438	1.69430245775592
0.0194803575658602	1.43878340669114
0.0194875856284523	1.72135775632192
0.0194948190568884	1.57713220715681
0.0195020578571461	1.80886064865027
0.0195093020352114	1.68861255221992
0.0195165515970795	1.65471388337999
0.0195238065487543	1.86720613984378
0.0195310668962488	1.67315154457601
0.019538332645585	1.86034632239599
0.0195456038027937	1.81337085582191
0.0195528803739146	1.71106492414972
0.0195601623649968	1.75549193873328
0.0195674497820979	1.69542671804264
0.0195747426312849	1.69070454873805
0.0195820409186337	1.78198535179985
0.0195893446502293	1.78502570587777
0.0195966538321658	1.76651784407296
0.0196039684705464	1.7632219009939
0.0196112885714834	1.74325319553565
0.0196186141410981	1.93512969599476
0.0196259451855211	1.77238763429956
0.0196332817108923	1.53739312585254
0.0196406237233605	1.6899855342723
0.0196479712290838	1.79650619715496
0.0196553242342296	1.73089218304024
0.0196626827449744	1.84407523275876
0.0196700467675042	1.62681123627017
0.019677416308014	1.66254080180558
0.0196847913727081	1.68212517398486
0.0196921719678004	1.51039321787208
0.0196995580995137	1.96458056888715
0.0197069497740805	1.77586505526921
0.0197143469977425	1.8372048265777
0.0197217497767508	1.70284606164896
0.0197291581173658	1.79658714435561
0.0197365720258575	1.8018560123084
0.0197439915085051	1.84707358912527
0.0197514165715975	1.97978232424669
0.0197588472214329	1.75756673068539
0.0197662834643189	1.7191158235454
0.0197737253065728	1.77292390084257
0.0197811727545214	1.7479475540238
0.0197886258145008	1.78619539354434
0.019796084492857	1.77630739709389
0.0198035487959452	1.73379779777164
0.0198110187301305	1.90097368507137
0.0198184943017875	1.73970608871296
0.0198259755173003	1.61398247199761
0.0198334623830629	1.64890847501566
0.0198409549054787	1.8210164287604
0.0198484530909609	1.62380659101382
0.0198559569459324	1.89310222324736
0.0198634664768259	1.64303558274876
0.0198709816900836	1.84833036373043
0.0198785025921577	1.81471824284615
0.0198860291895101	1.57667952981835
0.0198935614886123	1.81434799378786
0.0199010994959459	1.62358610994089
0.0199086432180022	1.50932674308073
0.0199161926612823	1.75432758356361
0.0199237478322972	1.65561380101096
0.0199313087375678	1.88755899534285
0.0199388753836249	1.7266216806561
0.0199464477770093	1.81533582971719
0.0199540259242715	1.73658215224062
0.0199616098319721	1.57806710718912
0.0199691995066819	1.75064122695686
0.0199767949549813	1.48504890868553
0.0199843961834609	1.74849972098782
0.0199920031987215	1.71748101600557
0.0199996160073736	1.77386155773002
0.0200072346160381	1.81588638048235
0.0200148590313458	1.73342629087622
0.0200224892599377	1.776448707856
0.0200301253084649	1.82998617568363
0.0200377671835886	1.85999013737006
0.0200454148919802	1.67748907678738
0.0200530684403214	1.83635364257914
0.020060727835304	1.94559496886818
0.02006839308363	1.80071050653316
0.0200760641920117	1.64386323172208
0.0200837411671716	1.70854803163094
0.0200914240158427	1.75799692541586
0.020099112744768	1.86066129846883
0.020106807360701	1.76584227674098
0.0201145078704056	1.84496796050511
0.0201222142806559	1.70368626769122
0.0201299265982366	1.77338554854488
0.0201376448299426	1.85968872199587
0.0201453689825792	1.75281646434813
0.0201530990629625	1.76719137694227
0.0201608350779186	1.86059838524368
0.0201685770342843	1.68373303889994
0.020176324938907	1.77996733791759
0.0201840787986446	1.61551750130643
0.0201918386203653	1.82673852312135
0.0201996044109482	1.87230456606886
0.0202073761772827	1.8219578388427
0.020215153926269	1.72788011853995
0.0202229376648179	1.74176423989982
0.0202307273998508	1.80470621377833
0.0202385231382997	1.83421641063878
0.0202463248871074	1.75039454014278
0.0202541326532275	1.69890004434987
0.0202619464436241	1.70789861303265
0.0202697662652722	1.82125025601651
0.0202775921251575	1.79120475289597
0.0202854240302765	1.75428530474741
0.0202932619876367	1.81656750882254
0.0203011060042561	1.74284190275372
0.0203089560871637	1.71641381456631
0.0203168122433996	1.81196984771835
0.0203246744800145	1.9262490418177
0.0203325428040701	1.58565575484554
0.020340417222639	1.72641459086819
0.020348297742805	1.70120450259737
0.0203561843716625	1.83523570184458
0.0203640771163173	1.83505370775069
0.0203719759838859	1.79367008192677
0.020379880981496	1.8443865991271
0.0203877921162864	1.67373903265372
0.0203957093954068	1.59832425247653
0.0204036328260183	1.54703198939752
0.020411562415293	1.80544872286663
0.0204194981704139	1.76403780506511
0.0204274400985756	1.78810640442192
0.0204353882069836	1.62119774684453
0.0204433425028548	1.45628912210093
0.0204513029934173	1.55608778008985
0.0204592696859102	1.6701359628556
0.0204672425875844	1.67626498432226
0.0204752217057016	1.67633694074677
0.0204832070475351	1.72663913186345
0.0204911986203695	1.69515880890489
0.0204991964315008	1.77140144979543
0.0205072004882364	1.79026006009145
0.0205152107978949	1.81719671010954
0.0205232273678067	1.74348923316537
0.0205312502053134	1.7719681732589
0.0205392793177682	1.67699722801537
0.0205473147125358	1.81743028542348
0.0205553563969923	1.63766800480601
0.0205634043785255	1.72952117780999
0.0205714586645347	1.82849052180567
0.020579519262431	1.70640622587489
0.0205875861796367	1.73558720147528
0.0205956594235861	1.79912906093094
0.020603739001725	1.70541132140202
0.0206118249215111	1.73747039000161
0.0206199171904135	1.6513427112159
0.0206280158159132	1.72605903077455
0.020636120805503	1.77399992897286
0.0206442321666874	1.75422715483561
0.0206523499069827	1.79965994828028
0.0206604740339172	1.71683295335149
0.0206686045550307	1.75576933549633
0.0206767414778752	1.74625133393614
0.0206848848100144	1.67476149717286
0.0206930345590241	1.7494652383214
0.0207011907324919	1.78827665997802
0.0207093533380173	1.76213200175872
0.0207175223832121	1.83626037292077
0.0207256978756998	1.84491935699072
0.020733879823116	1.79914890530638
0.0207420682331086	1.78110151749768
0.0207502631133372	1.80512300204158
0.0207584644714738	1.74036461613221
0.0207666723152025	1.65700960028621
0.0207748866522193	1.64816977264881
0.0207831074902328	1.62650245261386
0.0207913348369636	1.92846598075364
0.0207995687001443	1.72780009827331
0.0208078090875202	1.72509789126435
0.0208160560068486	1.6654003800997
0.020824309465899	1.81300191811031
0.0208325694724536	1.75130044319196
0.0208408360343066	1.83888996589327
0.0208491091592647	1.68554593266955
0.0208573888551472	1.79478805071047
0.0208656751297854	1.92389819733531
0.0208739679910234	1.67904816273412
0.0208822674467177	1.65873880835614
0.0208905735047372	1.56755881358798
0.0208988861729634	1.67927843400226
0.0209072054592904	1.74764848657114
0.0209155313716247	1.82441017890508
0.0209238639178856	1.51521651003305
0.0209322031060049	1.77884943749689
0.0209405489439271	1.34758183707201
0.0209489014396094	1.66734804429204
0.0209572606010216	1.62857924558928
0.0209656264361463	1.8968410441666
0.0209739989529789	1.78430313024714
0.0209823781595274	1.76117530271163
0.0209907640638128	1.67505535088951
0.0209991566738689	1.71249531896217
0.0210075559977422	1.73115091849885
0.0210159620434922	1.82045852133677
0.0210243748191913	1.75105363520543
0.0210327943329248	1.69937218980344
0.021041220592791	1.61647780213975
0.0210496536069011	1.82096477712597
0.0210580933833795	1.60106296629134
0.0210665399303633	1.76089363454211
0.021074993256003	1.82527278069791
0.0210834533684621	1.73876300822478
0.021091920275917	1.85316385745145
0.0211003939865574	1.73828862284078
0.0211088745085863	1.74592314052719
0.0211173618502197	1.66262866942729
0.0211258560196868	1.67707069450806
0.0211343570252302	1.67704675682202
0.0211428648751058	1.74445023601237
0.0211513795775824	1.7474731275439
0.0211599011409428	1.88483760515554
0.0211684295734824	1.8263222850131
0.0211769648835106	1.76790925270685
0.0211855070793499	1.7328144863624
0.0211940561693363	1.73050158838963
0.0212026121618192	1.84683623157249
0.0212111750651616	1.750394311632
0.0212197448877399	1.7699141734621
0.0212283216379442	1.78990110834712
0.021236905324178	1.97405050757261
0.0212454959548584	1.66538598535574
0.0212540935384164	1.76148506998542
0.0212626980832962	1.7875310795261
0.0212713095979561	1.71390229660643
0.0212799280908679	1.55308440940574
0.0212885535705171	1.81347316637608
0.0212971860454031	1.66122882658072
0.021305825524039	1.69321342175261
0.0213144720149517	1.77705460753517
0.0213231255266821	1.76660298682706
0.0213317860677848	1.84686655024173
0.0213404536468283	1.75292613066702
0.0213491282723952	1.69982398140593
0.021357809953082	1.64379528787566
0.0213664986974991	1.57799274121094
0.0213751945142709	1.76178255171374
0.0213838974120361	1.86182201978443
0.021392607399447	1.77433976031106
0.0214013244851706	1.76023282899488
0.0214100486778875	1.59348521201926
0.0214187799862928	1.77537693226322
0.0214275184190957	1.36171941219049
0.0214362639850195	1.68314906609204
0.0214450166928019	1.54695455092415
0.0214537765511947	1.85849227071597
0.0214625435689643	1.68416040380038
0.0214713177548912	1.83887006856261
0.0214800991177702	1.75099515943865
0.0214888876664108	1.72751119697985
0.0214976834096366	1.86225903158868
0.0215064863562859	1.8775518014796
0.0215152965152113	1.97625538829601
0.02152411389528	1.71254941133395
0.0215329385053737	1.74832912521329
0.0215417703543888	1.61511718117676
0.0215506094512361	1.88787334838157
0.0215594558048412	1.73651109696144
0.0215683094241442	1.72225752820313
0.0215771703181001	1.66305835418788
0.0215860384956785	1.75397646134278
0.0215949139658636	1.64922081505044
0.0216037967376547	1.92999463594365
0.0216126868200657	1.79871996141033
0.0216215842221254	1.79253559842072
0.0216304889528775	1.77299754722023
0.0216394010213806	1.81020385298747
0.0216483204367081	1.83098622902848
0.0216572472079485	1.79470568848548
0.0216661813442054	1.67714145165103
0.0216751228545972	1.83395134018619
0.0216840717482574	1.85088941282258
0.0216930280343348	1.8004282107155
0.0217019917219931	1.86600109640854
0.0217109628204112	1.90855125232011
0.0217199413387833	1.82610826312569
0.0217289272863186	1.78608362711139
0.0217379206722417	1.800093488444
0.0217469215057925	1.81097412021468
0.0217559297962261	1.78840797937733
0.021764945552813	1.69365533040526
0.0217739687848392	1.6940366962483
0.0217829995016058	1.86810719491934
0.0217920377124296	1.52947860464947
0.0218010834266428	1.67376688418301
0.021810136653593	1.77118287428064
0.0218191974026436	1.83805043986226
0.0218282656831732	1.79548653697404
0.0218373415045762	1.74134021705868
0.0218464248762627	1.82826511086791
0.0218555158076583	1.69820780798538
0.0218646143082044	1.74666155657247
0.0218737203873582	1.70695878291207
0.0218828340545924	1.64454040412455
0.0218919553193957	1.68620985508232
0.0219010841912726	1.59028710925207
0.0219102206797435	1.56794363098006
0.0219193647943446	1.64807840477352
0.021928516544628	1.69309313155976
0.0219376759401619	1.65623381875926
0.0219468429905303	1.82315084552146
0.0219560177053335	1.64318263323098
0.0219652000941876	1.62011326540757
0.0219743901667249	1.87307033428483
0.0219835879325939	1.7299818529737
0.021992793401459	1.65015647024106
0.0220020065830012	1.64716061852365
0.0220112274869173	1.65066759649788
0.0220204561229208	1.64975807342501
0.022029692500741	1.74942957277798
0.022038936630124	1.82057931395574
0.0220481885208319	1.75591946529718
0.0220574481826435	1.65147884132972
0.0220667156253539	1.8327779615687
0.0220759908587745	1.70470157965136
0.0220852738927335	1.76112590842105
0.0220945647370755	1.82429209401376
0.0221038634016616	1.77012082091481
0.0221131698963696	1.79309499986156
0.022122484231094	1.85497113984154
0.0221318064157459	1.73751142129881
0.022141136460253	1.83573999929438
0.02215047437456	1.79507313628903
0.0221598201686282	1.80445011691031
0.0221691738524357	1.85671569885952
0.0221785354359776	1.84244445544771
0.0221879049292657	1.83902043656673
0.0221972823423291	1.79887651729888
0.0222066676852133	1.83341573884038
0.0222160609679812	1.87012102479732
0.0222254622007127	1.86156734851371
0.0222348713935046	1.90254449901754
0.022244288556471	1.78722232353536
0.022253713699743	1.92063561018636
0.0222631468334689	1.72254199442582
0.0222725879678142	1.65176659625749
0.0222820371129618	1.64545307485509
0.0222914942791117	1.70129634705479
0.0223009594764813	1.90389524264063
0.0223104327153054	1.62665443031635
0.0223199140058361	1.8373474657472
0.022329403358343	1.76815634747619
0.0223389007831133	1.62353499609193
0.0223484062904514	1.696203859657
0.0223579198906795	1.7716541798119
0.0223674415941373	1.89230218944024
0.0223769714111821	1.55273382181349
0.0223865093521889	1.84505967248455
0.0223960554275504	1.69620276980614
0.022405609647677	1.57450268434546
0.0224151720229969	1.75907712512557
0.0224247425639561	1.61744634468334
0.0224343212810185	1.67890045926728
0.0224439081846656	1.58628154213254
0.0224535032853974	1.65516629395265
0.0224631065937312	1.86550860499186
0.0224727181202028	1.78352279313347
0.0224823378753659	1.77350798346473
0.0224919658697921	1.69702347246228
0.0225016021140713	1.58649390520367
0.0225112466188115	1.70955027473814
0.022520899394639	1.57966421222618
0.0225305604521981	1.77532210278123
0.0225402298021516	1.74445396912159
0.0225499074551806	1.81210298034038
0.0225595934219843	1.80674374054345
0.0225692877132805	1.79424686922202
0.0225789903398055	1.78035233442111
0.0225887013123139	1.68642843186379
0.022598420641579	1.71530544175705
0.0226081483383923	1.6215866457863
0.0226178844135642	1.66414122423472
0.0226276288779238	1.8426471660865
0.0226373817423185	1.73621333521575
0.0226471430176148	1.85233575812305
0.0226569127146977	1.68793750100188
0.022666690844471	1.80775894383951
0.0226764774178575	1.9114498178169
0.0226862724457987	1.81906910212862
0.0226960759392551	1.7943259203522
0.0227058879092062	1.80569521974521
0.0227157083666504	1.84327012077814
0.0227255373226052	1.8191402179637
0.022735374788107	1.73807004426381
0.0227452207742117	1.80985903132642
0.0227550752919939	1.61037141654533
0.0227649383525477	1.58501251048376
0.0227748099669864	1.75752353248586
0.0227846901464425	1.80495796642673
0.0227945789020679	1.86278602509528
0.0228044762450339	1.68466360977353
0.0228143821865311	1.77840569405105
0.0228242967377696	1.63232708433684
0.0228342199099791	1.70224565692549
0.0228441517144086	1.65908569623704
0.0228540921623269	1.75330005965427
0.0228640412650224	1.63040352580457
0.022873999033803	1.74274949871003
0.0228839654799965	1.72189863589855
0.0228939406149503	1.61569102627146
0.0229039244500317	1.7477197989848
0.0229139169966278	1.74610571301619
0.0229239182661456	1.71205533072747
0.0229339282700119	1.73960801038402
0.0229439470196738	1.63526180321574
0.0229539745265979	1.75147250519683
0.0229640108022714	1.70232996604125
0.0229740558582012	1.69472503350965
0.0229841097059144	1.68097033399168
0.0229941723569586	1.73186270112066
0.0230042438229012	1.57625350626671
0.0230143241153301	1.79943338929945
0.0230244132458536	1.6199067436211
0.0230345112261001	1.7969661236364
0.0230446180677187	1.80534582949803
0.0230547337823788	1.82909500465703
0.0230648583817702	1.66847173364015
0.0230749918776036	1.76122596479784
0.0230851342816098	1.80162152242837
0.0230952856055406	1.76339467472465
0.0231054458611684	1.79698225766049
0.0231156150602862	1.83244896155657
0.023125793214708	1.76470003510096
0.0231359803362683	1.71879999970538
0.0231461764368227	1.70633501231524
0.0231563815282478	1.74263029910806
0.0231665956224408	1.83789822729159
0.0231768187313202	1.63831925851614
0.0231870508668254	1.86900312623276
0.023197292040917	1.9926206268973
0.0232075422655767	1.86830545317982
0.0232178015528073	1.70404042716654
0.0232280699146329	1.87626402234035
0.0232383473630989	1.71527543386114
0.0232486339102721	1.55252583299389
0.0232589295682405	1.80011769896489
0.0232692343491137	1.86660742688224
0.0232795482650225	1.81190681042933
0.0232898713281196	1.79837833730477
0.0233002035505789	1.81054726711207
0.0233105449445962	1.73704476601082
0.0233208955223887	1.69155969369055
0.0233312552961956	1.68873087663068
0.0233416242782776	1.67521172989889
0.0233520024809174	1.61441259811612
0.0233623899164194	1.56977730932132
0.0233727865971099	1.72584377859217
0.0233831925353373	1.66926030532787
0.023393607743472	1.72471212484911
0.0234040322339062	1.71680305314609
0.0234144660190544	1.74896053420539
0.0234249091113533	1.72033890342034
0.0234353615232617	1.80219925328048
0.0234458232672605	1.79761399968423
0.0234562943558533	1.75796627922755
0.0234667748015656	1.60146674112747
0.0234772646169456	1.66268165910573
0.0234877638145638	1.69606745927471
0.0234982724070133	1.8434293373741
0.0235087904069096	1.74889316422197
0.0235193178268909	1.70028249479258
0.0235298546796181	1.79079131737511
0.0235404009777747	1.71621323562959
0.023550956734067	1.88492340639088
0.023561521961224	1.80788751076256
0.0235720966719978	1.67612611460979
0.023582680879163	1.67142433913497
0.0235932745955175	1.76504857276745
0.0236038778338822	1.63054017895257
0.0236144906071009	1.79484199837201
0.0236251129280404	1.84109492680388
0.0236357448095911	1.71226180968639
0.0236463862646661	1.71451781386027
0.0236570373062022	1.86913002773371
0.0236676979471592	1.84998692359092
0.0236783682005204	1.90034317149019
0.0236890480792926	1.85066903458354
0.023699737596506	1.88477071830529
0.0237104367652142	1.72718157126829
0.0237211455984946	1.55539785865761
0.0237318641094482	1.53938678330563
0.0237425923111995	1.77930064873161
0.023753330216897	1.74129576758477
0.0237640778397129	1.80234730590814
0.0237748351928431	1.715046574087
0.0237856022895076	1.63981702959706
0.0237963791429502	1.7968633539832
0.023807165766439	1.70609354681124
0.0238179621732658	1.7159341444579
0.0238287683767468	1.81934167355091
0.0238395843902222	1.6073463577231
0.0238504102270565	1.40741647102471
0.0238612459006386	1.52217099831933
0.0238720914243815	1.69679495089082
0.0238829468117227	1.66450588512836
0.0238938120761244	1.80395469229185
0.0239046872310729	1.78360056320581
0.0239155722900793	1.87730663012922
0.0239264672666793	1.84762009991808
0.0239373721744332	1.75790225584885
0.0239482870269261	1.90808396179924
0.023959211837768	1.75520056917257
0.0239701466205934	1.6453226005321
0.0239810913890622	1.62761720755171
0.0239920461568587	1.79044916118712
0.0240030109376926	1.72213056847857
0.0240139857452987	1.83307832072823
0.0240249705934366	1.67046247936295
0.0240359654958914	1.62455678175212
0.0240469704664733	1.73690190850609
0.0240579855190179	1.7542634815325
0.0240690106673861	1.84044529209092
0.0240800459254642	1.69359684288289
0.0240910913071639	1.91680647624242
0.0241021468264227	1.63280534722641
0.0241132124972035	1.71585389219056
0.0241242883334947	1.83539320099314
0.0241353743493109	1.72702523934406
0.024146470558692	1.6597413671018
0.0241575769757039	1.70862415028659
0.0241686936144384	1.93925840714896
0.0241798204890133	1.71288541075841
0.0241909576135723	1.86739074511594
0.0242021050022853	1.75664410648106
0.0242132626693481	1.80561606401117
0.0242244306289831	1.71042260881431
0.0242356088954385	1.6651020151007
0.024246797482989	1.61342352581636
0.0242579964059358	1.80219944458801
0.0242692056786064	1.8661608094999
0.0242804253153547	1.68361470393537
0.0242916553305614	1.70804308986493
0.0243028957386336	1.76087379244151
0.0243141465540052	1.81500139004273
0.0243254077911368	1.64136058603652
0.0243366794645157	1.40220499279217
0.0243479615886564	1.43669421177036
0.0243592541780998	1.53945672650063
0.0243705572474144	1.74705704684204
0.0243818708111951	1.76598370780998
0.0243931948840646	1.67099165848817
0.0244045294806722	1.76795204543397
0.0244158746156947	1.8321269132726
0.0244272303038362	1.8213480229699
0.0244385965598282	1.79718709866017
0.0244499733984295	1.59856465956978
0.0244613608344265	1.69950095075786
0.0244727588826331	1.58798221023824
0.0244841675578909	1.80197928457036
0.0244955868750691	1.84942972695844
0.0245070168490648	1.80332202246534
0.0245184574948026	1.67700952310173
0.0245299088272354	1.83779680279312
0.0245413708613438	1.79322861554387
0.0245528436121363	1.94970271638131
0.0245643270946498	1.89273486742597
0.0245758213239492	1.86949088151381
0.0245873263151274	1.77137503750389
0.024598842083306	1.7822709863199
0.0246103686436345	1.73699648326602
0.0246219060112911	1.53095743063616
0.0246334542014825	1.59544181868006
0.0246450132294436	1.82113770212491
0.0246565831104383	1.84017900560093
0.024668163859759	1.83113823137424
0.0246797554927269	1.8793069627165
0.0246913580246919	1.76538918394235
0.0247029714710328	1.89428862457429
0.0247145958471575	1.70235664266202
0.0247262311685029	1.73080826939423
0.0247378774505347	1.87207185674786
0.024749534708748	1.9115126750805
0.0247612029586671	1.74853190033627
0.0247728822158456	1.80277024138552
0.0247845724958664	1.71070451750928
0.0247962738143419	1.81492124926598
0.0248079861869138	1.81340312909219
0.0248197096292536	1.72323199422052
0.0248314441570624	1.64889624895411
0.0248431897860708	1.59169086686225
0.0248549465320395	1.64939809806961
0.0248667144107588	1.83886870992064
0.0248784934380491	1.85969768912197
0.0248902836297605	1.83951720907972
0.0249020850017735	1.83925806939783
0.0249138975699986	1.72123442863094
0.0249257213503764	1.66672594453041
0.0249375563588779	1.61788416695203
0.0249494026115044	1.69356839789493
0.0249612601242876	1.6982543353044
0.0249731289132898	1.74015669348642
0.0249850089946037	1.88103512935817
0.0249969003843528	1.97149094897716
0.0250088030986912	1.89151459878981
0.0250207171538038	1.82393594880958
0.0250326425659064	1.76495046681922
0.0250445793512457	1.80355195208397
0.0250565275260993	1.73735879514913
0.0250684871067762	1.71941976538545
0.0250804581096161	1.70718301744054
0.0250924405509903	1.63566065605958
0.0251044344473012	1.64146079468273
0.0251164398149827	1.8053115472489
0.0251284566705001	1.84873707559927
0.0251404850303501	1.80042029854375
0.0251525249110611	1.7973623354451
0.0251645763291934	1.80699073610021
0.0251766393013386	1.79750712307464
0.0251887138441206	1.90060184030896
0.0252007999741948	1.79939359703426
0.0252128977082489	1.75716525438102
0.0252250070630024	1.81887105531132
0.0252371280552072	1.62357115976079
0.0252492607016471	1.6525132582249
0.0252614050191385	1.62406868403952
0.0252735610245299	1.59997566755612
0.0252857287347026	1.74465706397249
0.02529790816657	1.65260395111101
0.0253100993370783	1.45385182825094
0.0253223022632065	1.42974322103032
0.0253345169619662	1.46971542504841
0.0253467434504019	1.62859262399195
0.025358981745591	1.64385258895469
0.0253712318646439	1.69028347753726
0.025383493824704	1.61294748829002
0.0253957676429481	1.5036674329122
0.025408053336586	1.5535581358861
0.0254203509228608	1.74914690690949
0.0254326604190493	1.78856148041551
0.0254449818424614	1.632208705319
0.0254573152104408	1.67481924309545
0.0254696605403647	1.70685898584776
0.0254820178496443	1.7517695865743
0.0254943871557242	1.73009672541035
0.0255067684760832	1.78180644571424
0.025519161828234	1.81578840128087
0.0255315672297232	1.81687961062584
0.0255439846981318	1.79004046816195
0.0255564142510748	1.85422665302671
0.0255688559062016	1.95128530989201
0.0255813096811959	1.7645252055318
0.025593775593776	1.80529465550387
0.0256062536616947	1.55740232080381
0.0256187439027393	1.78363449270313
0.0256312463347322	1.77533475716351
0.0256437609755301	1.68545153689976
0.025656287843025	1.72830125226504
0.0256688269551436	1.83923739274492
0.0256813783298479	1.93129549241059
0.0256939419851349	1.76747939165706
0.0257065179390369	1.80031655935935
0.0257191062096214	1.89898324519505
0.0257317068149915	1.78340760731617
0.0257443197732856	1.76737463090553
0.0257569451026779	1.7639308285338
0.025769582821378	1.79363298330615
0.0257822329476315	1.80704204556803
0.0257948954997197	1.74674470786647
0.0258075704959599	1.76103790486657
0.0258202579547054	1.84433454921716
0.0258329578943456	1.85840595198617
0.0258456703333061	1.71353216765233
0.0258583952900488	1.62037468908115
0.0258711327830719	1.75826189106669
0.0258838828309103	1.73189678560697
0.0258966454521351	1.78765506556213
0.0259094206653543	1.85011738687278
0.0259222084892126	1.72197595664204
0.0259350089423914	1.60181137314615
0.0259478220436093	1.56364033054489
0.0259606478116216	1.56921408121012
0.0259734862652208	1.65394461063422
0.0259863374232367	1.6867222965141
0.0259992013045363	1.63969258885579
0.0260120779280239	1.70222592054807
0.0260249673126414	1.68661040292319
0.0260378694773682	1.70573106952312
0.0260507844412214	1.68970528674877
0.0260637122232558	1.85580137216317
0.0260766528425641	1.83453616953979
0.0260896063182768	1.71372481450829
0.0261025726695626	1.77382567688484
0.0261155519156283	1.68369414320117
0.0261285440757188	1.67287332256533
0.0261415491691173	1.68054830967399
0.0261545672151457	1.71677853969303
0.0261675982331641	1.8249200241264
0.0261806422425713	1.83876603592519
0.0261936992628048	1.81832924067065
0.026206769313341	1.86779448677818
0.026219852413695	1.66649680638385
0.0262329485834211	1.74705766233081
0.0262460578421124	1.67726450514205
0.0262591802094015	1.81757203781055
0.0262723157049601	1.72073281478793
0.0262854643484993	1.65056251770963
0.0262986261597697	1.48439626886895
0.0263118011585615	1.44665689276822
0.0263249893647046	1.44325513383219
0.0263381907980685	1.76542018514292
0.0263514054785629	1.61126957703269
0.0263646334261371	1.65549141160472
0.0263778746607808	1.72915448798009
0.0263911292025237	1.61924836276132
0.0264043970714358	1.75544662077401
0.0264176782876275	1.61338344678645
0.0264309728712497	1.60704732086041
0.0264442808424939	1.55043216516973
0.0264576022215922	1.70917457617712
0.0264709370288176	1.78678120004844
0.0264842852844839	1.78796139685318
0.0264976470089459	1.81853261103928
0.0265110222225995	1.84564438828819
0.026524410945882	1.87453378604637
0.0265378131992716	1.75715819136975
0.0265512290032884	1.80617121573569
0.0265646583784935	1.83184658500697
0.0265781013454901	1.67283886186443
0.0265915579249227	1.5444511780475
0.026605028137478	1.6918493208052
0.0266185120038844	1.74378443799302
0.0266320095449125	1.64573155788439
0.0266455207813748	1.63598101531663
0.0266590457341264	1.60693230795995
0.0266725844240645	1.79202525833034
0.0266861368721288	1.64458818550404
0.0266997030993018	1.64903403107886
0.0267132831266084	1.60028781369839
0.0267268769751164	1.63328608739849
0.0267404846659367	1.78708492296273
0.0267541062202229	1.86858441449789
0.0267677416591719	1.88864359246681
0.0267813910040239	1.84768318606966
0.0267950542760622	1.80808637641797
0.0268087314966137	1.84121638894998
0.0268224226870491	1.78024784964322
0.0268361278687823	1.8150930828287
0.0268498470632713	1.71775303981264
0.0268635802920181	1.76981130869059
0.0268773275765683	1.6871929817303
0.0268910889385121	1.71024911097221
0.0269048643994836	1.60093159017611
0.0269186539811615	1.66078136473598
0.0269324577052686	1.79078814922748
0.0269462755935728	1.7515626788084
0.0269601076678862	1.68535474545778
0.026973953950066	1.78909561443239
0.0269878144620143	1.66797305741984
0.0270016892256782	1.76970762859058
0.0270155782630498	1.81831079810204
0.0270294815961668	1.70570800926162
0.027043399247112	1.81518871166837
0.0270573312380138	1.85950254229585
0.0270712775910463	1.87360775402121
0.0270852383284293	1.705129204724
0.0270992134724284	1.76130734071236
0.0271132030453551	1.75663545450132
0.0271272070695674	1.90560405482781
0.0271412255674689	1.77221796878617
0.0271552585615101	1.70263569018635
0.0271693060741876	1.71639838846323
0.0271833681280447	1.69448707239766
0.0271974447456714	1.72030535525224
0.0272115359497045	1.79599904202816
0.0272256417628278	1.78238035657258
0.027239762207772	1.80770456095987
0.0272538973073151	1.82297361048386
0.0272680470842824	1.78172795896737
0.0272822115615466	1.85741840557996
0.027296390762028	1.6830007916935
0.0273105847086945	1.78445627828242
0.0273247934245619	1.72808171746643
0.0273390169326937	1.79498918758799
0.0273532552562017	1.90381427331359
0.0273675084182457	1.8452759134044
0.027381776442034	1.76959974810071
0.0273960593508231	1.70965083203975
0.0274103571679182	1.67195344092129
0.027424669916673	1.77875774196207
0.0274389976204903	1.72746254743156
0.0274533403028215	1.80529872294494
0.0274676979871672	1.79504688120919
0.0274820706970773	1.88825107821167
0.027496458456151	1.92589156367936
0.0275108612880366	1.8492221451349
0.0275252792164325	1.91066605180247
0.0275397122650864	1.89140468292383
0.027554160457796	1.75975155920512
0.0275686238184089	1.7449530003946
0.0275831023708229	1.87225787853609
0.027597596138986	1.74247687388617
0.0276121051468965	1.85160350076552
0.0276266294186032	1.71346350463417
0.0276411689782056	1.74474285266435
0.0276557238498539	1.63064928958792
0.0276702940577491	1.62509063262241
0.0276848796261435	1.59077062680914
0.0276994805793403	1.55193083907284
0.0277140969416941	1.63675384058707
0.0277287287376109	1.59633415161792
0.0277433759915483	1.5412460486711
0.0277580387280157	1.38654710583511
0.0277727169715741	1.2752682857697
0.0277874107468368	1.46998526222926
0.0278021200784688	1.89057320564743
0.0278168449911877	1.73864185237362
0.0278315855097634	1.63007517525842
0.0278463416590183	1.76239244430724
0.0278611134638274	1.75252253039639
0.0278759009491187	1.64051471122424
0.0278907041398731	1.67301005792744
0.0279055230611243	1.61387129514028
0.0279203577379597	1.6020365261344
0.0279352081955197	1.79338784341236
0.0279500744589984	1.62248881545867
0.0279649565536435	1.74879718687585
0.0279798545047566	1.90482314738148
0.0279947683376931	1.78485074436636
0.0280096980778625	1.67845422452127
0.0280246437507287	1.91720967106511
0.0280396053818097	1.68823100421123
0.0280545829966784	1.68294474072803
0.0280695766209619	1.78681919921004
0.0280845862803426	1.65031466256733
0.0280996120005575	1.73744065258752
0.0281146538073989	1.75483317754178
0.0281297117267142	1.714768242494
0.0281447857844065	1.9050751501111
0.028159876006434	1.79049570554289
0.028174982418811	1.80475508369782
0.0281901050476075	1.85147583674553
0.0282052439189494	1.89069886296555
0.028220399059019	1.84744369244338
0.0282355704940547	1.86937665029609
0.0282507582503514	1.68910201901605
0.0282659623542607	1.80784079449596
0.0282811828321908	1.75460172567752
0.0282964197106068	1.77438311704909
0.0283116730160312	1.76667507750908
0.0283269427750433	1.84103785409412
0.0283422290142799	1.773835489374
0.0283575317604356	1.7156852488795
0.0283728510402622	1.54352241411692
0.0283881868805697	1.69062244285753
0.0284035393082261	1.60463309726552
0.0284189083501573	1.6181057523579
0.0284342940333477	1.75114469696718
0.0284496963848401	1.74973166149109
0.0284651154317361	1.74674848792357
0.0284805512011957	1.68654407294387
0.0284960037204382	1.72779743215227
0.0285114730167419	1.71651573204578
0.0285269591174443	1.81883199594185
0.0285424620499424	1.69994088426365
0.0285579818416928	1.62177515976632
0.0285735185202117	1.74826328234969
0.0285890721130754	1.82267999115764
0.0286046426479203	1.73864145414066
0.0286202301524427	1.69079538941521
0.0286358346543998	1.60422775970817
0.0286514561816089	1.64769153712636
0.0286670947619484	1.77371258739801
0.0286827504233573	1.69154997509077
0.028698423193836	1.8062766104965
0.0287141131014457	1.82247928711274
0.0287298201743095	1.70332113746821
0.0287455444406116	1.41913871512125
0.0287612859285983	1.72322834640571
0.0287770446665776	1.71109497466996
0.0287928206829195	1.69079648990925
0.0288086140060566	1.73963514397157
0.0288244246644836	1.73586620293112
0.0288402526867578	1.89911744190373
0.0288560981014995	1.69594933333378
0.0288719609373916	1.66343321925208
0.0288878412231804	1.64626467405814
0.0289037389876753	1.73524401072608
0.0289196542597493	1.89936203358486
0.0289355870683388	1.83104631946089
0.0289515374424442	1.72694869957254
0.0289675054111299	1.84773570431787
0.0289834910035243	1.79847456472148
0.0289994942488202	1.65394521663903
0.0290155151762749	1.78738179488616
0.0290315538152105	1.63299363263553
0.0290476101950139	1.93655787798109
0.0290636843451369	1.83610988444377
0.0290797762950968	1.81385114644223
0.029095886074476	1.78894752627196
0.0291120137129228	1.67657068001177
0.029128159240151	1.71563223261598
0.0291443226859406	1.80706338543591
0.0291605040801376	1.83994737752091
0.0291767034526542	1.69587675002613
0.0291929208334694	1.75449115123294
0.0292091562526287	1.73780149382627
0.0292254097402444	1.6957282087006
0.0292416813264961	1.74072663475382
0.0292579710416304	1.72194819170204
0.0292742789159616	1.56817416047539
0.0292906049798713	1.68555971349094
0.0293069492638093	1.79387150390651
0.029323311798293	1.7514993743748
0.0293396926139082	1.57820235316083
0.0293560917413092	1.58627855830888
0.0293725092112187	1.64494066989665
0.0293889450544281	1.63770496732894
0.029405399301798	1.59552713388337
0.0294218719842579	1.71810261857968
0.0294383631328068	1.75246687150386
0.0294548727785133	1.44218357525794
0.0294714009525155	1.60866387179893
0.0294879476860216	1.77215159007305
0.0295045130103098	1.67449620146638
0.0295210969567289	1.58589046237133
0.029537699556698	1.57130695922579
0.0295543208417068	1.64413011615763
0.0295709608433163	1.60461561714347
0.0295876195931582	1.70224891879491
0.0296042971229358	1.68208203725946
0.0296209934644238	1.62977777032741
0.0296377086494686	1.70615886586978
0.0296544427099888	1.8813721278829
0.0296711956779747	1.71389914626695
0.0296879675854892	1.7790373783055
0.0297047584646677	1.42747291536931
0.0297215683477183	1.53407635156517
0.0297383972669221	1.7803530026954
0.0297552452546332	1.72054352554056
0.0297721123432793	1.78867650230304
0.0297889985653616	1.93788148936739
0.0298059039534548	1.78316884114646
0.0298228285402081	1.61499156033944
0.0298397723583444	1.66259552205107
0.0298567354406612	1.73892748993725
0.0298737178200309	1.72526663124235
0.0298907195294002	1.81050376422315
0.0299077406017913	1.86662239271962
0.0299247810703014	1.66847167186225
0.0299418409681033	1.78459932339089
0.0299589203284453	1.79419669550544
0.029976019184652	1.87221563148557
0.0299931375701236	1.75042397813323
0.0300102755183372	1.93179020721413
0.0300274330628459	1.90824265581428
0.03004461023728	1.83618156392747
0.0300618070753466	1.79538791754421
0.0300790236108301	1.75231620172518
0.0300962598775922	1.73862502655555
0.0301135159095724	1.80615758723052
0.0301307917407881	1.80627389939863
0.0301480874053347	1.76065623474379
0.0301654029373859	1.64489169767314
0.0301827383711942	1.69008596093241
0.0302000937410906	1.67373916111508
0.0302174690814853	1.65557804307838
0.0302348644268676	1.50564268486957
0.0302522798118063	1.60172876097878
0.0302697152709499	1.75278257091186
0.030287170839027	1.65473617867789
0.030304646550846	1.72403996769577
0.030322142441296	1.69282653717882
0.0303396585453465	1.56071691330297
0.030357194898048	1.4891692135038
0.0303747515345321	1.57146995686145
0.0303923284900115	1.57549219317416
0.0304099257997807	1.6901688736901
0.0304275434992158	1.80304439004356
0.0304451816237751	1.48513228307563
0.0304628402089991	1.74247375221881
0.0304805192905106	1.65476673037459
0.0304982189040156	1.57472601992308
0.0305159390853026	1.80973367423049
0.0305336798702437	1.79390292456311
0.0305514412947941	1.60967275498582
0.0305692233949931	1.73008214550026
0.0305870262069636	1.69120065343534
0.030604849766913	1.70468680243278
0.030622694111133	1.69296577084329
0.0306405592759999	1.87859957633589
0.0306584452979751	1.74973612361137
0.0306763522136051	1.83628761374025
0.0306942800595219	1.54300794558055
0.0307122288724431	1.70387869116168
0.0307301986891722	1.6761933718024
0.030748189546599	1.83780997054689
0.0307662014816998	1.91523993356759
0.0307842345315374	1.67434337903498
0.0308022887332616	1.72041321990661
0.0308203641241094	1.73556033065769
0.0308384607414055	1.6365072727802
0.0308565786225619	1.77010826260258
0.0308747178050788	1.73359506757975
0.0308928783265447	1.88879473311712
0.0309110602246364	1.71922272331185
0.0309292635371196	1.55647174844381
0.0309474883018489	1.81930836737658
0.0309657345567684	1.73369214818471
0.0309840023399114	1.72245350981457
0.0310022916894012	1.84406107336443
0.0310206026434512	1.70281608337211
0.031038935240365	1.77194952937744
0.031057289518537	1.8723895609718
0.0310756655164522	1.73400539877802
0.031094063272687	1.71021344475315
0.031112482825909	1.85645267625471
0.0311309242148776	1.77751017745619
0.0311493874784441	1.54725501768057
0.0311678726555521	1.47298823588485
0.0311863797852376	1.79289803588177
0.0312049089066294	1.70961795694563
0.0312234600589493	1.65455170706953
0.0312420332815127	1.61653500104031
0.0312606286137281	1.8131477916273
0.0312792460950984	1.8362203522629
0.0312978857652202	1.7469761051561
0.031316547663785	1.66171217802043
0.0313352318305786	1.55012460508074
0.0313539383054821	1.62034206541156
0.0313726671284718	1.70256305014734
0.0313914183396194	1.69136901976887
0.0314101919790928	1.57778598018326
0.0314289880871558	1.76461924361176
0.0314478067041687	1.83246088775026
0.0314666478705884	1.57791047066009
0.0314855116269692	1.78229341842731
0.0315043980139622	1.69936545767348
0.0315233070723164	1.64376242686729
0.0315422388428787	1.85588446624117
0.0315611933665941	1.67840921992403
0.031580170684506	1.64667525894726
0.0315991708377567	1.9069767469373
0.0316181938675875	1.79534685719718
0.0316372398153392	1.60704890968365
0.0316563087224521	1.53883708147697
0.0316754006304666	1.67731376854907
0.0316945155810233	1.71690538259529
0.0317136536158634	1.5431344236142
0.0317328147768289	1.71248537866068
0.0317519991058631	1.77411317595811
0.0317712066450109	1.85279738523591
0.0317904374364186	1.77450850939105
0.0318096915223349	1.75588003699356
0.031828968945111	1.80914439833781
0.0318482697472006	1.67551293733897
0.0318675939711605	1.6820438631227
0.031886941659651	1.58461759503533
0.0319063128554358	1.97565815703483
0.0319257076013827	1.8013557819991
0.0319451259404639	1.89361245360595
0.0319645679157562	1.82341178125048
0.0319840335704411	1.67579748467135
0.0320035229478055	1.71489997764128
0.032023036091242	1.84114648436271
0.032042573044249	1.75587259315049
0.0320621338504309	1.75620994626348
0.0320817185534989	1.62629509049491
0.0321013271972711	1.87435179439009
0.0321209598256726	1.65201910153452
0.0321406164827361	1.41804885325637
0.0321602972126022	1.67507547351767
0.0321800020595196	1.74886856352313
0.0321997310678456	1.56771020051254
0.0322194842820462	1.70528287621161
0.0322392617466968	1.94676868431953
0.0322590635064822	1.75033774084403
0.032278889606197	1.73556203986656
0.032298740090746	1.62251654185425
0.0323186150051446	1.70987934697132
0.032338514394519	1.6226970584277
0.0323584383041066	1.71445844621932
0.0323783867792565	1.77998314925103
0.0323983598654296	1.76958188919187
0.0324183576081989	1.57763334623766
0.0324383800532503	1.7468447252791
0.0324584272463823	1.62838106654033
0.0324784992335068	1.65441203791724
0.0324985960606496	1.81495281263143
0.0325187177739501	1.68418882168989
0.0325388644196623	1.82083592534914
0.0325590360441547	1.66333151748455
0.032579232693911	1.8089665690446
0.0325994544155303	1.79295204854247
0.0326197012557274	1.70702389873407
0.0326399732613333	1.87640928629345
0.0326602704792954	1.76740829572302
0.032680592956678	1.68081127928208
0.0327009407406627	1.85183002282986
0.0327213138785484	1.70773904590386
0.0327417124177522	1.725309644288
0.0327621364058096	1.75966372118919
0.0327825858903745	1.79475808683272
0.0328030609192199	1.75480328266223
0.0328235615402385	1.86847363357954
0.0328440878014425	1.78007085848267
0.0328646397509643	1.8320370147824
0.0328852174370571	1.65786680865225
0.0329058209080948	1.89462735843117
0.0329264502125726	1.70142693115373
0.0329471053991075	1.74442788717085
0.0329677865164385	1.78189574843156
0.0329884936134271	1.78005323103402
0.0330092267390575	1.72267087093264
0.0330299859424374	1.88563875487192
0.0330507712727978	1.79741840330582
0.033071582779494	1.70921456772876
0.0330924205120054	1.84144019121241
0.0331132845199363	1.56431238410996
0.0331341748530162	1.64665836514285
0.0331550915611003	1.82265505777082
0.0331760346941695	1.51129781221647
0.0331970043023312	1.78735125056245
0.0332180004358196	1.91156582616758
0.033239023144996	1.87219031147561
0.0332600724803494	1.71959927809778
0.0332811484924965	1.78489743521669
0.0333022512321827	1.77851978614082
0.033323380750282	1.81893802038836
0.0333445370977976	1.69882711601345
0.0333657203258624	1.60935304847985
0.0333869304857392	1.73391291841636
0.0334081676288213	1.69414742273885
0.0334294318066329	1.65354303757777
0.0334507230708293	1.73348861548177
0.0334720414731977	1.76348683402785
0.0334933870656572	1.80826175125623
0.0335147599002595	1.82017604878517
0.0335361600291893	1.63976030054351
0.0335575875047646	1.80461953054113
0.0335790423794372	1.87467693968911
0.0336005247057932	1.53347022245858
0.0336220345365533	1.58647454469077
0.0336435719245732	1.70210933294523
0.0336651369228443	1.62527167164273
0.0336867295844938	1.74260035814619
0.0337083499627854	1.97800684717699
0.0337299981111195	1.89895202295349
0.0337516740830339	1.88631557244727
0.0337733779322041	1.70073569361978
0.0337951097124436	1.7115626393056
0.0338168694777046	1.67260349198658
0.0338386572820785	1.89768647665221
0.0338604731797958	1.6452475889774
0.0338823172252274	1.86983320973606
0.0339041894728842	1.64021275145928
0.0339260899774182	1.66966426678462
0.0339480187936226	1.69102540022811
0.0339699759764324	1.92718495454872
0.0339919615809248	1.73533622847101
0.0340139756623195	1.83719366227424
0.0340360182759798	1.74618233488
0.0340580894774121	1.77618870623181
0.0340801893222671	1.78156234977253
0.0341023178663401	1.76818184675082
0.0341244751655714	1.672554181795
0.0341466612760465	1.74481794376894
0.0341688762539972	1.56249127536304
0.0341911201558015	1.91383131422469
0.0342133930379845	1.87798754631549
0.0342356949572185	1.81452569616621
0.0342580259703237	1.90221586713359
0.0342803861342688	1.66099986905328
0.0343027755061712	1.80011383928875
0.0343251941432975	1.81846468072799
0.0343476421030643	1.8384493138286
0.0343701194430385	1.83153944817301
0.0343926262209376	1.74478822846207
0.0344151624946306	1.64997072189097
0.0344377283221382	1.90694161594533
0.0344603237616332	1.67333161908507
0.0344829488714415	1.68059490588161
0.0345056037100419	1.67776502354873
0.0345282883360674	1.79357910923715
0.0345510028083049	1.89338203893791
0.0345737471856964	1.50387862888775
0.034596521527339	1.67693522900838
0.0346193258924856	1.7732541233559
0.0346421603405457	1.67035603510772
0.0346650249310853	1.70542917806583
0.0346879197238281	1.80278484888404
0.0347108447786553	1.83844911756124
0.0347338001556068	1.7563221951098
0.0347567859148814	1.87489096950224
0.0347798021168373	1.73587257703451
0.0348028488219926	1.77418924331891
0.034825926091026	1.81579249200649
0.0348490339847773	1.85514377463319
0.0348721725642479	1.7857017400733
0.0348953418906011	1.77910528004576
0.0349185420251631	1.74542298338962
0.0349417730294232	1.86832030575984
0.0349650349650344	1.71764546814419
0.034988327893814	1.69118778709544
0.0350116518777443	1.76145777838235
0.0350350069789728	1.80192283857669
0.0350583932598129	1.94556413985774
0.0350818107827448	1.41716407604585
0.0351052596104153	1.73562528055652
0.0351287398056391	1.67867651011555
0.0351522514313991	1.82164421083037
0.0351757945508467	1.82621425765308
0.0351993692273028	1.89387007162581
0.0352229755242582	1.83411552132802
0.0352466135053738	1.89780747566728
0.0352702832344819	1.82334557310702
0.0352939847755861	1.83194610055633
0.0353177181928624	1.8113715931919
0.0353414835506593	1.85109880838436
0.0353652809134987	1.7186224915297
0.0353891103460766	1.71497533404016
0.0354129719132631	1.83580069100054
0.0354368656801037	1.59219247169797
0.0354607917118195	1.87951518942923
0.0354847500738077	1.61945171501004
0.0355087408316425	1.80702179520574
0.0355327640510756	1.55821945818218
0.0355568197980366	1.77751462322706
0.035580908138634	1.37049661747609
0.0356050291391552	1.73288706475596
0.0356291828660679	1.8444339582315
0.0356533693860198	1.76698332321341
0.0356775887658402	1.86100727907257
0.0357018410725398	1.91243615941568
0.0357261263733117	1.76200908714722
0.0357504447355319	1.83921155486223
0.0357747962267601	1.86375530830977
0.0357991809147401	2.07314162790795
0.0358235988674005	1.66245089981484
0.0358480501528555	1.75972618072947
0.0358725348394052	1.78308609554777
0.0358970529955367	1.71651514575474
0.0359216046899241	1.77212434174759
0.0359461899914298	1.49820380462449
0.0359708089691048	1.84316582435944
0.0359954616921892	1.86942826104583
0.0360201482301134	1.53170155766668
0.036044868652498	1.62483208997795
0.0360696230291552	1.79653759801533
0.0360944114300888	1.67020875809001
0.0361192339254955	1.70385827042871
0.036144090585765	1.76915714326135
0.0361689814814809	1.9226646850663
0.0361939066834214	1.88996818999014
0.0362188662625601	1.62752227696237
0.0362438602900662	1.96055310880121
0.0362688888373058	1.82146730054385
0.0362939519758421	1.83445981765772
0.0363190497774362	1.62059263357757
0.036344182314048	1.77370448061449
0.0363693496578365	1.6273054064962
0.036394551881161	1.97078934902675
0.0364197890565812	1.70239062143419
0.0364450612568583	1.6013587147341
0.0364703685549558	1.87579055922897
0.0364957110240398	1.79889838428138
0.0365210887374799	1.55851401085459
0.0365465017688501	1.76163584226443
0.036571950191929	1.79043280699826
0.0365974340807011	1.82492278771292
0.0366229535093573	1.86863248996346
0.0366485085522953	1.86501445043108
0.036674099284121	1.86625600423494
0.0366997257796483	1.72156068136552
0.036725388113901	1.9471628592556
0.0367510863621122	1.88501732168803
0.0367768205997263	1.90970410464688
0.0368025909023989	1.94524524081732
0.0368283973459977	1.68666582462908
0.0368542400066036	1.71908191373206
0.0368801189605111	1.97076260739937
0.036906034284229	1.54413060115906
0.0369319860544814	1.68208465724444
0.0369579743482085	1.76566702427643
0.0369839992425671	1.80779744910016
0.0370100608149313	1.45414689083949
0.0370361591428938	1.8428983218911
0.037062294304266	1.71054280829273
0.0370884663770793	1.84220475636538
0.0371146754395856	1.83851388421764
0.0371409215702581	1.89696842209539
0.0371672048477922	1.85862973103054
0.0371935253511062	1.95059302134529
0.0372198831593421	1.86945458183186
0.0372462783518664	1.76451314185191
0.0372727110082709	1.91717360165804
0.0372991812083735	1.99843385382861
0.0373256890322189	1.65547462599943
0.0373522345600797	1.85118613305435
0.0373788178724569	1.69937592252164
0.0374054390500808	1.61301385455062
0.0374320981739119	1.72529537717975
0.0374587953251417	1.73321564053738
0.0374855305851935	1.79686952441965
0.0375123040357231	1.85242922006889
0.0375391157586198	1.67160195304767
0.0375659658360074	1.66030455543433
0.0375928543502445	1.74059194489708
0.0376197813839258	1.75120452700716
0.0376467470198829	1.86981020427104
0.0376737513411849	1.82460580369599
0.0377007944311396	1.76165313578076
0.0377278763732941	1.78240181371655
0.0377549972514356	1.808290894253
0.0377821571495925	1.6331125554132
0.0378093561520353	1.55225332581479
0.0378365943432772	1.85441075527904
0.037863871808075	1.45929293224424
0.0378911886314302	1.67969995696846
0.03791854489859	1.78226483226372
0.0379459406950476	1.66848159699379
0.0379733761065435	1.64718357804573
0.0380008512190667	1.61601145823474
0.0380283661188547	1.76678477585592
0.0380559208923955	1.72771758331288
0.0380835156264275	1.79807503295645
0.0381111504079411	1.71148553897745
0.0381388253241794	1.7151282265327
0.0381665404626389	1.84108309065003
0.0381942959110708	1.87181949798081
0.0382220917574817	1.97527892976782
0.0382499280901345	1.92604901126068
0.0382778049975496	1.86900889581189
0.0383057225685053	1.77056891842227
0.0383336808920394	1.95788009938652
0.0383616800574498	1.5005915510686
0.0383897201542953	1.7868051889192
0.0384178012723969	1.78863173835788
0.0384459235018386	1.80930178954794
0.0384740869329683	1.55031760143905
0.0385022916563987	1.67394844592097
0.0385305377630088	1.83118265051036
0.0385588253439441	2.02918117408566
0.038587154490618	1.81297474187822
0.038615525294713	1.94614703575567
0.0386439378481812	1.76856037126518
0.0386723922432456	1.86689859964837
0.038700888572401	1.93823820450363
0.038729426928415	1.83614948608027
0.0387580074043291	1.72707910424829
0.0387866300934596	1.78987351054804
0.0388152950893987	1.69925642670929
0.0388440024860155	1.70003469600924
0.0388727523774569	1.70830193809518
0.0389015448581488	1.66462101776275
0.038930380022797	1.66796060067801
0.0389592579663884	1.42708783443429
0.038988178784192	1.7326097614003
0.0390171425717597	1.62499841755876
0.0390461494249277	1.79500850758647
0.0390751994398173	1.67990875914764
0.0391042927128362	1.74357587476351
0.0391334293406793	1.77635328574493
0.0391626094203301	1.67107565288052
0.0391918330490612	1.73576587119833
0.0392211003244363	1.77267677662441
0.0392504113443102	1.77096418976929
0.0392797662068309	1.55035567983453
0.0393091650104399	1.73803530498514
0.0393386078538737	1.46507205337095
0.0393680948361651	1.56691274826514
0.0393976260566437	1.76230254706353
0.0394272016149375	1.42894991731507
0.039456821610974	1.77272058634825
0.0394864861449811	1.77490546283677
0.0395161953174883	1.60032814883708
0.0395459492293279	1.68768671321639
0.0395757479816362	1.63408270623738
0.0396055916758545	1.77396676222973
0.0396354804137303	1.75991971086783
0.0396654142973186	1.74387557555671
0.0396953934289827	1.64240962847618
0.0397254179113958	1.61655641280472
0.0397554878475418	1.66604307209763
0.0397856033407169	1.67782970320992
0.0398157644945302	1.53735966993421
0.0398459714129056	1.7216074150918
0.0398762242000823	1.77999622773582
0.0399065229606164	1.64027825865996
0.0399368677993821	1.74990749694031
0.0399672588215727	1.83726845943797
0.0399976961327021	1.90606015894967
0.0400281798386057	1.65546576015113
0.0400587100454419	1.76395836046762
0.0400892868596932	1.68535575224225
0.0401199103881675	1.9445469779733
0.0401505807379991	1.84864495780321
0.0401812980166505	1.73795345934969
0.0402120623319129	1.8521460036778
0.0402428737919083	1.85963993224763
0.0402737325050899	1.80296350980781
0.0403046385802442	1.66852695941864
0.0403355921264917	1.73583920265466
0.0403665932532884	1.64324086854784
0.040397642070427	1.63543746726326
0.0404287386880382	1.68944979821678
0.0404598832165924	1.58529024577349
0.0404910757669003	1.89995302858584
0.0405223164501147	1.68945248045314
0.0405536053777318	1.70963071121081
0.0405849426615923	1.7211867811754
0.040616328413883	1.82440439290845
0.0406477627471377	1.77681791143485
0.0406792457742393	1.66888913713202
0.0407107776084203	1.77274550183649
0.0407423583632647	1.70891862527751
0.0407739881527093	1.67812893019857
0.0408056670910449	1.66742378711509
0.0408373952929178	1.73945072462523
0.040869172873331	1.53311601964287
0.040900999947646	1.70214833614246
0.0409328766315838	1.69784786217137
0.0409648030412263	1.65428938454459
0.0409967792930181	1.5383850464193
0.0410288055037674	1.66806776668253
0.0410608817906479	1.58175471420467
0.0410930082712	1.68172902996565
0.0411251850633321	1.56100919134954
0.0411574122853222	1.51914179243274
0.0411896900558196	1.62644221310509
0.0412220184938457	1.57957996397167
0.0412543977187961	1.76049484818437
0.0412868278504419	1.75000047592963
0.0413193090089309	1.78600962445265
0.0413518413147894	1.66915406212426
0.0413844248889235	1.62606556132663
0.0414170598526208	1.62303224180386
0.0414497463275518	1.85495804746518
0.0414824844357711	1.81697657948006
0.0415152742997197	1.77267069344863
0.0415481160422255	1.82923567964682
0.0415810097865058	1.91280499285804
0.0416139556561682	1.67125034176402
0.0416469537752124	1.74089762949334
0.0416800042680317	1.81594091522708
0.0417131072594148	1.94112333970174
0.0417462628745468	1.76983748646241
0.0417794712390113	1.68784331822179
0.0418127324787919	1.85463489729813
0.0418460467202735	1.79744742403634
0.0418794140902444	1.49776666555001
0.0419128347158973	1.69898928501051
0.0419463087248315	1.7757001553291
0.0419798362450541	1.69614528152236
0.0420134174049818	1.84464314515533
0.0420470523334425	1.63654521405814
0.0420807411596772	1.92399358540853
0.0421144840133412	1.86573656004987
0.042148281024506	1.73672040448475
0.0421821323236611	1.90535094603996
0.0422160380417155	1.82740897513882
0.0422499983099994	1.68310775257446
0.0422840132602659	1.77482904609652
0.0423180830246927	1.89198022342359
0.0423522077358841	1.85911336257647
0.0423863875268723	1.62895735592134
0.0424206225311191	1.66255000057541
0.0424549128825181	1.67784073511575
0.042489258715396	1.85057173111178
0.0425236601645148	1.6162806505014
0.042558117365073	1.55974791786719
0.0425926304527078	1.56032182874681
0.0426271995634968	1.63724204678606
0.0426618248339595	1.69638801480603
0.0426965064010595	1.6545620166478
0.0427312444022063	1.52182784077912
0.0427660389752566	1.6122461912936
0.0428008902585167	1.59552384561027
0.042835798390744	1.51349977202621
0.0428707635111491	1.5932955712091
0.0429057857593974	1.63280527725358
0.0429408652756109	1.6495113382559
0.0429760022003706	1.78671519917621
0.0430111966747177	1.80314269959222
0.0430464488401558	1.81211403253081
0.0430817588386529	1.77141174123145
0.0431171268126433	1.53003210786892
0.0431525529050291	1.90499029576506
0.0431880372591828	1.95776962391883
0.0432235800189485	1.79401300051677
0.0432591813286445	1.87804408296292
0.0432948413330648	1.70292789757115
0.0433305601774813	1.67034260705141
0.0433663380076456	1.52339448220263
0.0434021749697914	1.6825184567483
0.0434380712106357	1.90153205732897
0.0434740268773817	1.91539640761867
0.04351004211772	1.72074824515498
0.0435461170798315	1.78305206225151
0.0435822519123885	1.81694982242736
0.0436184467645574	1.77771223970097
0.0436547017860004	1.92204643597565
0.043691017126878	1.78485369282056
0.0437273929378504	1.62238146145885
0.0437638293700802	1.9647151126744
0.0438003265752342	1.6926548837708
0.0438368847054856	1.7372824123648
0.0438735039135158	1.72956599282817
0.0439101843525173	1.67199301342709
0.0439469261761948	1.91956013802528
0.0439837295387683	1.76966197982235
0.0440205945949746	1.81341877344059
0.0440575215000698	1.86238839876018
0.0440945104098313	1.76288150404506
0.0441315614805602	1.8161917477452
0.0441686748690833	1.74785897024786
0.0442058507327555	1.812766349287
0.0442430892294616	1.8884271240007
0.0442803905176193	1.85046825973643
0.0443177547561807	1.29731778229407
0.0443551821046349	1.55725627026187
0.0443926727230103	1.8777846087949
0.0444302267718767	1.6783434023171
0.0444678444123478	1.75475858794295
0.0445055258060834	1.63494524767914
0.0445432711152915	1.54335688058464
0.0445810805027312	1.81008750059434
0.0446189541317144	1.80607529091654
0.0446568921661086	1.6944277515652
0.044694894770339	1.49270521147653
0.044732962109391	1.61698715211216
0.0447710943488127	1.6541273705312
0.0448092916547168	1.52946112821311
0.0448475541937838	1.55686224003177
0.0448858821332637	1.70574968732703
0.0449242756409788	1.92945570955986
0.0449627348853263	1.68680509365129
0.0450012600352803	1.68003983461402
0.0450398512603945	1.80481221042521
0.0450785087308048	1.65411786188128
0.0451172326172319	1.75234875028177
0.0451560230909832	1.7094650586011
0.0451948803239562	1.68370691875696
0.0452338044886401	1.87355763879265
0.0452727957581194	1.66011504043991
0.0453118543060754	1.45277614308686
0.0453509803067896	1.88594228827844
0.0453901739351458	2.01703523013176
0.045429435366633	1.8646161485083
0.0454687647773478	1.66334649330224
0.0455081623439973	1.49787677631133
0.0455476282439013	1.89368875806932
0.0455871626549956	1.81267726155758
0.045626765755834	1.83645548395184
0.0456664377255915	1.79127608380725
0.0457061787440666	1.95141082761719
0.0457459889916845	1.73509517920283
0.0457858686494993	1.61431365349365
0.0458258178991971	1.79226358960859
0.0458658369230988	1.73035306337626
0.0459059259041624	1.85044435880464
0.0459460850259864	1.7363869903206
0.0459863144728121	1.89492924143553
0.046026614429527	1.59322514701426
0.0460669850816668	1.97306606320991
0.046107426615419	1.67781846444676
0.0461479392176255	1.88579431890657
0.0461885230757854	1.85580750720835
0.0462291783780578	1.83184237607586
0.046269905313265	1.82226842785293
0.0463107040708954	1.6138986630624
0.046351574841106	1.85155350549646
0.0463925178147261	1.80130684932549
0.0464335331832594	1.87385844789922
0.0464746211388877	1.48943611910229
0.0465157818744736	1.88395582479202
0.0465570155835635	1.73449216263078
0.0465983224603907	1.81723468923817
0.0466397026998784	1.70738753080676
0.0466811564976428	1.65882271557134
0.0467226840499963	1.64689118047219
0.0467642855539503	1.57405403742676
0.0468059612072186	1.66720263628147
0.0468477112082204	1.84332746960465
0.0468895357560836	1.91796362808332
0.0469314350506476	1.75526937162778
0.046973409292467	1.69480649356413
0.0470154586828141	1.50873076155326
0.0470575834236831	1.69800746064503
0.0470997837177924	1.62927492588991
0.0471420597685883	1.65654898298594
0.0471844117802482	1.74115011973129
0.047226839957684	1.67114589008713
0.0472693445065451	1.62657078459323
0.047311925633222	1.70392140335952
0.0473545835448497	1.78636910570667
0.0473973184493106	1.96064172854829
0.0474401305552385	1.63768874440988
0.0474830200720215	1.7422138162907
0.0475259872098056	1.62473561395259
0.0475690321794981	1.64931788694763
0.0476121551927713	1.70377941737841
0.0476553564620656	1.89294079712739
0.047698636200593	1.54300794821714
0.047741994622341	1.81806801318303
0.0477854319420756	1.74179287559415
0.0478289483753455	1.7521973506153
0.0478725441384849	1.86301260619506
0.0479162194486177	1.69477248962254
0.0479599745236608	1.61428727877884
0.0480038095823277	1.77512435508487
0.0480477248441324	1.77171693528752
0.0480917205293929	1.97542911114867
0.0481357968592347	1.8387125180144
0.048179954055595	1.78354983421802
0.0482241923412259	1.72086503322852
0.0482685119396983	1.83684866202258
0.048312913075406	1.70587406599248
0.048357395973569	1.94565248264644
0.0484019608602376	1.84539839566315
0.0484466079622961	1.70807121528881
0.0484913375074669	1.91785702473844
0.0485361497243139	1.6826341594004
0.0485810448422469	1.6613031698372
0.0486260230915251	1.8677825987411
0.0486710847032613	1.6263076007495
0.048716229909426	1.85056712740571
0.0487614589428508	1.5892454472071
0.0488067720372329	2.07363387378881
0.0488521694271391	1.88051434402752
0.0488976513480097	1.82178716633843
0.0489432180361624	1.8990132851418
0.0489888697287968	1.94864084454539
0.0490346066639984	1.95930448168018
0.0490804290807424	1.7909010220586
0.0491263372188983	1.87588308345133
0.0491723313192339	1.73654034390185
0.0492184116234193	1.74110383703944
0.0492645783740317	1.85082575080875
0.0493108318145589	1.93266730417275
0.0493571721894044	1.74718750845928
0.0494035997438909	1.63143395618963
0.0494501147242654	1.55285169965967
0.0494967173777027	1.53720744494083
0.0495434079523107	1.48864964047486
0.0495901866971341	1.710984982378
0.0496370538621591	1.67949504172773
0.0496840096983179	1.57260805383483
0.0497310544574931	1.71453315351451
0.0497781883925221	1.63960278627393
0.049825411757202	1.43505958428521
0.0498727248062935	1.47320825989632
0.0499201277955264	1.45641870957393
0.0499676209816031	1.37793147596502
0.0500152046222044	1.46891676230226
0.050062878975993	1.59673300717336
0.0501106443026194	1.42689718750466
0.0501585008627254	1.32134049425377
0.0502064489179498	1.59655249869587
0.0502544887309326	1.72543150449684
0.0503026205653202	1.80616761052819
0.0503508446857696	1.70011080752546
0.0503991613579542	1.77323838081477
0.0504475708485677	1.81532237295048
0.0504960734253296	1.96424459852529
0.0505446693569901	1.99695235943701
0.0505933589133348	1.73543734737145
0.0506421423651898	1.76982291725136
0.0506910199844269	1.71434508345556
0.0507399920439684	1.60317250858558
0.0507890588177924	1.86092477024662
0.0508382205809377	1.91725648289158
0.050887477609509	1.90599472011464
0.0509368301806823	1.71707460203461
0.0509862785727097	1.52890468660168
0.0510358230649249	1.68409958184001
0.0510854639377485	1.75798847348015
0.051135201472693	1.55065799461442
0.0511850359523684	1.62252833792513
0.0512349676604876	1.58053622806932
0.0512849968818714	1.77467919628964
0.0513351239024542	1.85602987415332
0.0513853490092897	1.77817154695954
0.0514356724905556	2.02914923498391
0.05148609463556	1.86438801230394
0.0515366157347464	1.87306820487887
0.0515872360796994	1.95646137971455
0.0516379559631503	1.95143946484369
0.0516887756789829	1.81937189146956
0.051739695522239	1.84799621966306
0.051790715789124	2.01775589892264
0.0518418367770129	1.65363794773674
0.0518930587844562	1.65960429971031
0.0519443821111851	1.70589930527526
0.051995807058118	1.61297103765424
0.0520473339273661	1.78672310047442
0.0520989630222392	1.73431344330889
0.0521506946472519	1.47694429526065
0.0522025291081294	1.54695587785524
0.0522544667118137	1.4236702215224
0.0523065077664695	1.41804298954686
0.0523586525814902	1.18486722368458
0.0524109014675044	1.07835262980735
0.0524632547363818	1.09835106966805
0.0525157127012394	1.18522975218083
0.0525682756764477	1.16455396822228
0.0526209439776374	1.1321235670321
0.052673717921705	1.22487691853031
0.0527265978268197	1.20933320558295
0.0527795840124298	1.2656935517485
0.0528326767992688	1.33906290168009
0.0528858765093621	1.39957422541389
0.0529391834660334	1.4054645783306
0.0529925979939114	1.41488466940715
0.0530461204189362	1.56735968916485
0.0530997510683662	1.6935823033521
0.0531534902707843	1.76401389561122
0.0532073383561052	1.75174254524291
0.0532612956555818	1.9238584557569
0.0533153625018119	1.72419198751932
0.0533695392287453	1.61340402808644
0.0534238261716905	1.76965318029364
0.0534782236673218	1.82044171412486
0.0535327320536861	1.85006306403727
0.0535873516702097	1.80733150857841
0.053642082857706	1.79285553860107
0.0536969259583819	1.79953833898952
0.0537518813158452	1.69142686901586
0.0538069492751119	1.62105897139596
0.0538621301826133	1.66208979548746
0.0539174243862032	1.62772937719023
0.0539728322351653	1.62796526287186
0.0540283540802205	1.56027963079028
0.0540839902735343	1.40235678778317
0.0541397411687246	1.62290195084832
0.0541956071208684	1.81957936135351
0.05425158848651	1.78374033107061
0.0543076856236686	1.71279344720707
0.0543638988918454	1.84335132695612
0.0544202286520319	1.74964927917568
0.054476675266717	1.8397104556528
0.0545332390998953	1.91395648039719
0.0545899205170749	1.75802972241725
0.0546467198852848	1.70697219007037
0.0547036375730832	1.6806568465054
0.0547606739505656	1.71192462529702
0.0548178293893724	1.61168563017113
0.0548751042626972	1.43051634487108
0.0549324989452952	1.59352985208783
0.0549900138134906	1.64384142967384
0.0550476492451858	1.52864993695415
0.0551054056198688	1.42654853923869
0.0551632833186223	1.3684042763766
0.0552212827241313	1.2036765456558
0.0552794042206922	1.12398540296585
0.055337648194221	0.97155931436663
0.0553960150322618	1.06401511647045
0.0554545051239954	0.980170561633869
0.0555131188602482	1.0467998785163
0.0555718566335005	1.01164126112159
0.0556307188378957	1.01299833064094
0.0556897058692486	1.01934652172903
0.0557488181250549	1.03308827110388
0.0558080560044995	1.14536445284914
0.055867419908466	1.18172155867141
0.0559269102395453	1.14958251807934
0.0559865274020451	1.37079235550177
0.0560462718019989	1.56194807196657
0.056106143847175	1.64429673058561
0.0561661439470861	1.68474541533665
0.0562262725129987	1.65588966413401
0.0562865299579418	1.77639262004957
0.0563469166967175	1.75895326876547
0.0564074331459094	1.88572483528673
0.0564680797238928	1.82672199147291
0.0565288568508443	1.78751627602622
0.0565897649487514	1.85561997574777
0.0566508044414222	1.89904800378953
0.0567119757544953	1.78031456015215
0.0567732793154496	1.93652283082584
0.0568347155536147	1.73525683046868
0.0568962849001803	1.8113786855573
0.0569579877882065	1.67471762394158
0.0570198246526344	1.56679858035534
0.0570817959302954	1.51274831864258
0.0571439020599225	1.58185139117528
0.05720614348216	1.65953247982079
0.057268520639574	1.35737347602869
0.0573310339766631	1.54214215264069
0.0573936839398689	1.69090966799206
0.0574564709775865	1.58233804767746
0.0575193955401753	1.56221466652892
0.0575824580799696	1.84929281702922
0.0576456590512899	1.92196665706918
0.0577089989104532	1.90798645511594
0.0577724781157844	1.87508944276125
0.0578360971276272	1.95807076907827
0.0578998564083552	1.69252694631532
0.0579637564223833	1.8338126118515
0.0580277976361788	1.74132005877326
0.0580919805182725	1.73916297324643
0.0581563055392709	1.77502947705706
0.0582207731718668	1.53048751715857
0.0582853838908516	1.47645419979653
0.0583501381731263	1.51724644505128
0.0584150364977139	1.33833905717229
0.0584800793457708	1.32606119243415
0.0585452672005986	1.20163250241095
0.0586106005476566	1.08926386304966
0.0586760798745731	1.09828966409898
0.0587417056711583	0.993104485685198
0.058807478429416	1.02991785391407
0.058873398643556	0.971868009448757
0.0589394668100066	0.885492346198597
0.0590056834274268	1.0446362204386
0.0590720489967194	0.978737141470413
0.059138564021043	1.15428520172082
0.0592052290058249	1.18829607593579
0.0592720444587742	1.18418368043189
0.0593390108898944	1.29073647650141
0.0594061288114963	1.44100256242777
0.0594733987382115	1.56609663078076
0.0595408211870049	1.68303705435043
0.0596083966771886	1.80146339687016
0.0596761257304349	1.67613693328811
0.0597440088707895	1.6798089356387
0.0598120466246857	1.75324013018946
0.0598802395209572	1.59097886551047
0.0599485880908524	1.92171240388724
0.0600170928680479	1.87200389614293
0.0600857543886626	2.06645334442155
0.0601545731912714	1.71915101361219
0.0602235498169195	1.78360827291667
0.0602926848091366	1.90185404350839
0.0603619787139509	1.60275419066222
0.060431432079904	1.61985419933046
0.0605010454580646	1.51879273663658
0.060570819402044	1.85188461607644
0.0606407544680099	1.62277699784373
0.0607108512147018	1.54697250291109
0.0607811102034456	1.5517812681422
0.0608515319981687	1.72779584185168
0.0609221171654148	1.47691112445465
0.0609928662743596	1.63140163082649
0.0610637798968257	1.90267241858825
0.0611348586072981	1.75579534167812
0.0612061029829397	1.91020461652061
0.0612775136036071	1.73064688815108
0.0613490910518661	1.74734420983478
0.0614208359130075	1.7745497649457
0.0614927487750635	1.78864180628018
0.0615648302288232	1.79563830139422
0.0616370808678492	1.77483379651261
0.0617095012884935	1.67863453683195
0.0617820920899143	1.78288548559655
0.0618548538740923	1.7357707382968
0.0619277872458474	1.80203113600834
0.0620008928128556	1.62696917696762
0.0620741711856654	1.43353284362977
0.0621476229777154	1.42623018664309
0.0622212488053511	1.53639112015382
0.0622950492878421	1.32950676436688
0.0623690250473995	1.17337532525256
0.0624431767091937	1.41728929279288
0.0625175049013715	1.16317714808708
0.062592010255074	1.27784712455093
0.0626666934044549	1.12355446688672
0.0627415549866979	1.23716861527617
0.0628165956420349	1.24356523407092
0.0628918160137648	1.38531506261977
0.0629672167482712	1.35212564357626
0.0630427984950414	1.34180054213176
0.0631185619066846	1.48438567001173
0.0631945076389512	1.68078442792131
0.0632706363507512	1.49804183604119
0.0633469487041739	1.54030001871685
0.0634234453645063	1.78004619255218
0.0635001270002531	1.6965521717887
0.0635769942831557	1.94011371029999
0.0636540478882124	1.84693806191365
0.0637312884936973	1.70660201765191
0.0638087167811811	1.73342885620784
0.0638863334355505	1.68529969256422
0.0639641391450288	1.85201518331525
0.0640421346011959	1.94739142842611
0.064120320499009	1.98628649467108
0.0641986975368234	1.93439438163015
0.0642772664164129	1.83232703986296
0.0643560278429909	1.73615792086741
0.0644349825252318	1.5614265385165
0.0645141311752917	2.05237704786046
0.0645934745088303	1.65298275120694
0.0646730132450322	1.74933676980867
0.0647527481066287	1.63388558943915
0.0648326798199198	1.63706845979096
0.0649128091147961	1.85584457598381
0.0649931367247609	1.93672356684923
0.0650736633869531	1.78235652286956
0.0651543898421691	1.85082047559223
0.0652353168348859	1.84767082547821
0.0653164451132839	1.82806166924488
0.06539777542927	1.86338891466523
0.0654793085385009	1.9414200642475
0.0655610452004061	1.80459553892045
0.0656429861782119	2.00248281854744
0.0657251322389651	1.80599330424219
0.0658074841535569	1.69418767434565
0.0658900426967467	1.74138067797747
0.065972808647187	1.79513286137243
0.0660557827874474	1.63952366589444
0.0661389659040393	1.83474332015704
0.0662223587874412	1.67260621012279
0.066305962232123	1.70810974061596
0.0663897770365718	1.55408659911668
0.0664738040033174	1.50982112990023
0.0665580439389573	1.53528212692044
0.0666424976541831	1.66110291092633
0.0667271659638062	1.66482899430541
0.0668120496867841	1.56593082463281
0.0668971496462469	1.50722898134853
0.0669824666695236	1.58859917526898
0.0670680015881693	1.74357950235543
0.0671537552379919	1.63248314725609
0.0672397284590796	1.42851554544365
0.0673259220958281	1.59372933995488
0.0674123369969682	1.79594526661581
0.067498974015594	1.52486297712732
0.0675858340091907	1.75930919163485
0.0676729178396629	1.75871878520826
0.0677602263733633	1.77155449080359
0.0678477604811211	1.94308403142237
0.0679355210382712	2.03063231353949
0.0680235089246834	1.86811672171203
0.0681117250247917	1.83232401392836
0.0682001702276239	1.93803259830788
0.0682888454268316	1.91703905610881
0.0683777515207202	1.83722223004928
0.0684668894122792	1.76849204906183
0.068556260009213	1.89069565033692
0.0686458642239713	1.904326875306
0.0687357029737805	1.8435380497999
0.0688257771806749	1.7328241187091
0.0689160877715284	1.84822275552001
0.0690066356780858	1.85602527813782
0.0690974218369954	1.90018611039529
0.069188447189841	1.75373375333972
0.0692797126831746	1.84144138860855
0.0693712192685489	2.02314033661971
0.0694629679025508	1.96960163319624
0.0695549595468345	1.83356647404275
0.0696471951681552	1.98287302582147
0.0697396757384027	2.03901588306779
0.0698324022346359	1.90694820159456
0.0699253756391169	1.86268995584626
0.0700185969393461	1.76270773395545
0.0701120671280966	1.97187886686675
0.0702057872034498	1.74561469339829
0.0702997581688309	1.88236614353473
0.0703939810330448	1.78578951381572
0.0704884568103118	1.79102733914167
0.0705831865203044	1.84322456498213
0.0706781711881839	1.74550859472244
0.0707734118446372	1.58789220912909
0.0708689095259143	1.82004771865294
0.0709646652738658	1.8079132331253
0.0710606801359807	1.77277922675129
0.0711569551654247	1.59469899612492
0.0712534914210786	1.60976956511376
0.0713502899675774	1.82243190648259
0.0714473518753491	1.56455012655475
0.0715446782206542	1.75521037246613
0.0716422700856258	1.62112324034668
0.0717401285583094	1.54715614625644
0.0718382547327032	1.66982792537745
0.0719366497087994	1.78411419864437
0.0720353145926249	1.78866055876348
0.0721342504962826	1.75884350733467
0.0722334585379938	1.73057619450065
0.0723329398421396	1.87250417389647
0.0724326955393039	1.77206964545804
0.0725327267663159	1.81690436186457
0.0726330346662938	1.73653269793464
0.0727336203886875	1.63202013931527
0.0728344850893232	1.76328977934694
0.0729356299304476	1.93817902321942
0.0730370560807721	1.87160703472088
0.0731387647155184	1.83785545913806
0.0732407570164635	1.89515983041318
0.0733430341719855	1.9776296263049
0.0734455973771098	1.97811923660415
0.0735484478335559	1.991409618728
0.0736515867497839	1.81723033451582
0.0737550153410422	1.97872312331289
0.0738587348294149	1.69419222138741
0.0739627464438701	1.90561365715166
0.0740670514203088	1.90859815276757
0.074171651001613	1.86421406607835
0.0742765464376958	1.8815229403002
0.0743817389855511	1.93682164051147
0.0744872299093033	1.7949580137371
0.0745930204802587	1.97973030684936
0.0746991119769558	1.91540524876517
0.0748055056852174	1.71634327900802
0.0749122028982023	1.89604738411813
0.0750192049164576	1.63046618422753
0.0751265130479718	1.92506019211286
0.0752341286082278	1.84532944117261
0.0753420529202569	1.79249211272444
0.0754502873146931	1.65529045899212
0.0755588331298272	1.62079058163237
0.0756676917116627	1.91820062152557
0.075776864413971	1.83402764598488
0.0758863525983477	1.7077301058411
0.075996157634269	1.94030561508058
0.076106280899149	1.50071859189381
0.0762167237783973	1.8033601151647
0.076327487665477	1.70561264137991
0.0764385739619631	1.68521140631163
0.0765499840776023	1.64261922527206
0.0766617194303717	1.78312917796721
0.0767737814465398	1.92673616694648
0.0768861715607267	1.69068168705226
0.0769988912159655	1.75586317020089
0.0771119418637637	1.89118426434273
0.0772253249641664	1.70025162664294
0.0773390419858181	1.90658949818703
0.0774530944060267	1.90801143335031
0.0775674837108274	1.83755801226847
0.0776822113950472	1.76589446000617
0.07779727896237	1.80350568960544
0.0779126879254022	1.85712866348533
0.0780284398057394	1.80252090012885
0.0781445361340325	1.93198849470692
0.0782609784500559	1.62384541593592
0.0783777683027754	1.82454229586783
0.0784949072504165	1.80392498352007
0.0786123968605343	1.69145252184468
0.0787302387100827	1.7697793874172
0.0788484343854858	1.59942818913879
0.0789669854827083	1.56112906914866
0.079085893607328	1.7978336542689
0.0792051603746077	1.88772415601906
0.0793247874095687	1.95664545261328
0.0794447763470646	1.91249383676355
0.0795651288318555	1.84336906813029
0.0796858465186837	2.00101435187458
0.0798069310723487	1.84865157694287
0.0799283841677846	1.84774122221763
0.0800502074901367	1.85056887629002
0.0801724027348399	1.75489307430193
0.080294971607697	1.77568561366871
0.0804179158249581	1.88239045373529
0.080541237113401	1.82910613809441
0.0806649372104118	1.81473486477916
0.0807890178640666	1.8983655321997
0.0809134808332136	1.93603560263652
0.0810383278875566	1.91543504059803
0.0811635608077387	1.69474409160002
0.0812891813854267	1.48570484359278
0.081415191423397	1.64900730247536
0.0815415927356215	1.81790484177614
0.0816683871473548	1.77939549606198
0.0817955764952221	1.60672628312161
0.0819231626273075	1.49772068690489
0.0820511474032442	1.75569836547539
0.0821795326943042	1.72179912231121
0.0823083203834899	1.7251255263236
0.0824375123656258	1.71898882176096
0.0825671105474519	1.78229434182991
0.0826971168477171	1.81671355061148
0.0828275331972742	1.63735502722842
0.0829583615391752	1.79997744301455
0.0830896038287679	1.8899511468753
0.0832212620337934	1.7797273865941
0.0833533381344845	1.6390668069457
0.0834858341236648	1.82950141285633
0.083618752006849	1.69692556408056
0.083752093802344	1.84150289051846
0.0838858615413513	2.00935303657679
0.08402005726807	1.829138100419
0.0841546830398007	1.88607315426739
0.0842897409270512	1.79609132200532
0.084425233013642	1.97165446318215
0.084561161396814	1.92546952295269
0.0846975281873363	1.55263689101532
0.0848343355096157	1.98918134009956
0.0849715855018071	1.74304063276629
0.0851092803159246	1.85828003465173
0.0852474221179541	1.66261995295751
0.085386013087967	1.56847098300427
0.0855250554202348	1.61809685154554
0.0856645513233449	1.42741373343819
0.0858045030203174	1.57511697420744
0.0859449127487235	1.73791698731002
0.0860857827608044	1.71571841922213
0.086227115323592	1.79001754590963
0.0863689127190305	1.85376962393445
0.0865111772440988	2.02327728174654
0.0866539112109353	2.02370106189592
0.0867971169469624	1.93677845818626
0.0869407967950134	1.91088630439866
0.0870849531134602	1.89595770347586
0.0872295882763422	1.78600948083249
0.0873747046734971	1.87877634285968
0.0875203047106918	1.88294247062227
0.0876663908097558	1.78599110426
0.0878129654087156	1.78141168326778
0.0879600309619298	1.89314761829175
0.0881075899402267	1.70849424014688
0.0882556448310423	1.75153509112849
0.0884041981385601	1.94366634057652
0.0885532523838524	1.79828473738753
0.088702810105023	1.60636355102917
0.0888528738573509	1.97934265684542
0.0890034462134363	1.96096059264699
0.0891545297633471	1.81785760009093
0.089306127114768	1.80828640119854
0.08945824089315	1.67474444671483
0.0896108737418622	1.68321696345979
0.0897640283223451	1.80960777001941
0.0899177073142649	1.89672950750635
0.09007191341567	1.61651473435787
0.0902266493431489	1.80310645705286
0.0903819178319897	1.73654098970022
0.0905377216363415	1.55707339608981
0.0906940635293765	1.71559338325383
0.0908509463034556	1.74037305887551
0.0910083727702938	1.84396889250143
0.0911663457611285	1.71462324887907
0.0913248681268893	1.92491752083826
0.0914839427383694	1.75602948800887
0.091643572486399	1.7438143164274
0.09180376028202	2.05558350668271
0.0919645090566637	1.94085397005317
0.092125821762329	1.9447096951112
0.0922877013717633	2.02474966504875
0.0924501508786451	2.09424151679037
0.0926131732977688	2.06744721676923
0.0927767716652306	2.13131822380036
0.0929409490386177	1.96162960180005
0.0931057084971983	1.85890518826729
0.0932710531421141	1.91441324857034
0.0934369860965753	1.80606984337264
0.0936035105060569	1.86531512594035
0.0937706295384973	1.80732855210166
0.0939383463844998	1.62870482123219
0.0941066642575349	1.71740828427062
0.0942755863941463	1.69377548092059
0.0944451160541575	1.52466708422359
0.0946152565208823	1.85971444092509
0.0947860111013365	1.70565770429866
0.0949573831264517	1.48329624500404
0.0951293759512926	1.80482603106837
0.0953019929552756	1.94696646353419
0.0954752375423899	1.66772438183865
0.0956491131414218	2.0592492302424
0.0958236232061806	1.92953629503866
0.0959987712157273	1.97696005227749
0.0961745606746057	2.08379871081499
0.0963509951130764	1.86887908502414
0.0965280780873529	1.90683559553776
0.0967058131798407	1.86069039212265
0.0968842039993788	1.8465934365072
0.0970632541814839	2.04247170309987
0.0972429673885973	1.95803435822918
0.0974233473103351	1.72877374948462
0.09760439766374	1.89156393662461
0.0977861221935372	1.94042884923542
0.0979685246723921	2.03410858839083
0.098151608901172	2.10469138316489
0.0983353787092093	1.80794264754924
0.0985198379545694	2.02924396335335
0.0987049905243198	1.86832859910758
0.0988908403348037	1.90573213404303
0.0990773913319161	1.81145700747106
0.0992646474913827	1.7024517077653
0.0994526128190428	1.61079846574188
0.0996412913511348	1.57986116488928
0.0998306871545847	1.40681363279908
0.100020804327299	1.60971251104845
0.10021164699846	1.533261889704
0.100403219328823	1.7840788257581
0.100595525511024	1.77302305029492
0.100788569769878	2.04276254753245
0.100982356362695	1.9900615859373
0.101176889579589	1.91526266082563
0.101372173743795	1.81004985377223
0.101568213211992	1.98288987050903
0.101765012374624	1.81737656692708
0.10196257565623	2.08617909302124
0.102160907515772	1.90644359335229
0.102360012446976	1.86640718938063
0.102559894978666	1.79859075218786
0.102760559675111	1.80576268020471
0.10296201113637	1.98488858850302
0.103164253998645	1.97342039511156
0.103367292934638	1.93494255903729
0.103571132653906	1.75216458458851
0.10377577790323	1.80377649172368
0.103981233466983	1.8513091338338
0.104187504167499	1.53100693138143
0.104394594865455	1.62451536130479
0.10460251046025	1.41192579192944
0.104811255890391	1.28944834597919
0.105020836133888	1.26335699185692
0.105231256208643	1.13036033126041
0.105442521172857	1.26978670213656
0.105654636125432	1.31220527426319
0.105867606206381	1.42678776528894
0.106081436597246	1.57968160787629
0.106296132521513	1.6349038161162
0.106511699245044	1.78431741998293
0.106728142076502	1.77271504209749
0.106945466367789	1.9777343349141
0.107163677514487	1.78770281270745
0.107382780956307	2.02345117520471
0.107602782177535	1.85217830610325
0.107823686707495	1.80707557613972
0.10804550012101	1.80695085227686
0.108268228038871	1.6522635113708
0.108491876128314	1.78808604410067
0.108716450103497	1.79660655610272
0.108941955725988	1.9342748336542
0.10916839880526	1.99979918372716
0.109395785199187	1.95010056660996
0.10962412081455	1.74426448717763
0.10985341160755	1.70595418329581
0.110083663584323	1.71094725083019
0.110314882801467	1.40861946268707
0.110547075366573	1.22771174107381
0.11078024743876	1.05009105785427
0.111014405229221	1.07638924200454
0.111249555001779	1.07009574523761
0.111485703073437	1.15032305820899
0.11172285581495	1.39282851665212
0.111961019651397	1.47360611908384
0.112200201062759	1.62256278752904
0.112440406584509	1.66650533489184
0.112681642808206	1.79614691959928
0.112923916382097	1.88015038371543
0.113167234011732	1.80446825751765
0.113411602460577	1.90835028906645
0.113657028550644	1.86507254299439
0.113903519163127	1.74567873260824
0.11415108123904	1.72718512106965
0.114399721779875	1.84684196225979
0.114649447848258	1.60495642547897
0.114900266568617	1.87455705716797
0.115152185127864	1.81758466476188
0.115405210776076	1.9300452706569
0.115659350827195	2.01376579006503
0.115914612659729	1.72604082151961
0.116171003717471	1.80738732815126
0.116428531510217	1.63934601894723
0.116687203614502	1.35470577630088
0.116947027674343	1.20204078196615
0.117208011401994	1.01781773590709
0.117470162578704	0.795105951467776
0.117733489055494	0.662269560449985
0.11799799875394	0.680552851338825
0.118263699666968	0.878125085369688
0.118530599859659	1.07201473190769
0.118798707470062	1.312059162162
0.119068030710025	1.4631741671291
0.119338577866034	1.71627479925144
0.119610357300058	1.89809505539912
0.119883377450415	1.71961318381402
0.120157646832643	2.0443408344545
0.120433174040387	1.7955129713212
0.120709967746295	1.85018959782392
0.12098803670293	1.77482118446152
0.121267389743688	1.78940907802339
0.121548035783741	1.88780384887835
0.121829983820977	1.81360627529701
0.122113242936969	1.74494643084686
0.122397822297945	1.78631853980383
0.122683731155778	1.75081253524622
0.12297097884899	1.71022433040861
0.12325957480377	1.725586873168
0.123549528534998	1.60722397860414
0.1238408496473	1.8395707850955
0.124133547836103	1.62422377996628
0.124427632888711	1.53317070300803
0.124723114685397	1.36413687699089
0.125020003200511	1.19478988234347
0.125318308503598	1.18818246357865
0.125618040760541	1.28646208265629
0.125919210234712	1.48117850414946
0.126221827288148	1.65405566715647
0.126525902382735	1.71798253670026
0.126831446081415	1.85878712706005
0.12713846904941	1.8269468935133
0.127446982055464	2.04476594097742
0.127756995973098	1.79810275301432
0.128068521781893	1.93573303584318
0.128381570568781	1.73231272300893
0.128696153529362	1.66482016994561
0.129012281969242	1.70987447993243
0.129329967305383	1.91692292808273
0.129649221067479	1.99089040322182
0.12997005489935	1.84582794286092
0.130292480560361	1.96786790991036
0.130616509926854	2.04264690602836
0.130942154993609	1.89428865064332
0.131269427875324	1.86867452546759
0.131598340808118	1.72087580217553
0.131928906151052	1.90877520278481
0.132261136387683	1.69616982795248
0.13259504412763	1.58561225493422
0.132930642108173	1.53066869631764
0.133267943195871	1.4847049694977
0.133606960388207	1.34168341613963
0.133947706815258	1.26475831700076
0.134290195741388	1.44978135161986
0.134634440566971	1.44937811723929
0.134980454830139	1.62580609057723
0.135328252208556	1.72286728308697
0.135677846521219	1.91486287090841
0.136029251730291	1.93952791403689
0.136382481942958	1.98167950970324
0.136737551413318	2.20761337082122
0.137094474544297	2.00841428121158
0.137453265889596	2.1172920636329
0.137813940155674	1.97043997509386
0.138176512203748	2.01781604934332
0.138540997051846	2.05969193273505
0.138907409876871	2.09900032237402
0.139275766016712	1.83585379402466
0.139646080972382	2.00182528378914
0.140018370410197	1.94290842351303
0.140392650163978	1.90860895673877
0.140768936237302	1.79577402371823
0.14114724480578	1.82207523385736
0.141527592219378	1.60749715377929
0.141909995004767	1.61529650707802
0.142294469867722	1.63639638169806
0.142681033695552	1.49688546196911
0.143069703559573	1.61279592183427
0.143460496717623	1.70799370254512
0.143853430616612	1.74086880656553
0.144248522895124	1.92859611490022
0.144645791386053	1.80497923176946
0.145045254119284	2.06644964263007
0.145446929324427	2.13100683181464
0.145850835433584	1.95023921400891
0.146256991084173	1.96234302529911
0.14666541512179	1.90898345722109
0.147076126603129	1.84143268093272
0.147489144798942	1.89719092894291
0.147904489197055	1.89358098932753
0.148322179505433	1.81563986033624
0.148742235655298	1.77701982092079
0.149164677804295	1.64097930335138
0.149589526339723	1.67636310607885
0.15001680188181	1.74989233228411
0.150446525287051	1.54358946809639
0.150878717651602	1.85494091353698
0.151313400314731	1.56703312659487
0.151750594862331	1.70819684524779
0.152190323130493	1.7411267866658
0.152632607209142	1.70824189055948
0.153077469445736	1.88819302672668
0.153524932449029	1.6378201183072
0.153975019092901	1.81623544143625
0.15442775252026	1.83255000067305
0.154883156147002	2.02091370697407
0.155341253666053	1.90476368917347
0.155802069051476	1.85597565830926
0.156265626562655	1.60649362728304
0.156731950748551	1.45692181193434
0.157201066452034	1.22132049764181
0.157672998814298	1.1498606311424
0.158147773279351	1.29568268799858
0.158625415598588	1.64420672295468
0.159105951835445	1.77636113993033
0.159589408370144	2.07882895732711
0.160075811904517	2.24299655235795
0.160565189466923	2.17219840173608
0.161057568417254	2.07051449601646
0.161552976452037	1.96531741815792
0.162051441609624	1.8557501146967
0.162552992275481	1.91800001378055
0.163057657187581	1.90197719529695
0.163565465441888	1.7588914860886
0.164076446497951	1.64794728038819
0.164590630184604	1.6710052542509
0.165108046705763	1.46891459727522
0.165628726646349	1.25155479196302
0.166152700978306	1.03993823796656
0.166680001066751	1.00847895668434
0.167210658676226	1.09309396204323
0.167744705977078	1.34607477599933
0.168282175551965	1.68440833020347
0.168823100402473	1.90919420650651
0.169367513955882	2.08465875838276
0.169915450072043	1.98720069929111
0.170466943050403	1.84983635046536
0.171022027637159	1.69559053398654
0.171580739032558	1.66711342289749
0.172143112898338	1.85547723823604
0.172709185365314	1.96839083262429
0.173278993041115	2.00117015312139
0.17385257301808	2.00616444400923
0.174429962881303	1.95824426127213
0.175011200716845	1.69054559500195
0.175596325120107	1.40331299528885
0.176185375204374	1.1107037264824
0.176778390609531	1.01163077699591
0.177375411510954	1.04424047070492
0.177976478628584	1.27982393417872
0.178581633236184	1.55633924256979
0.17919091717079	1.78119170873226
0.179804372842347	1.91831046279194
0.180422043243555	2.07187593916223
0.181043971959909	2.02121398783073
0.181670203179954	1.82868814012403
0.182300781705751	1.79862148778187
0.182935752963558	1.87220719706276
0.183575163014744	2.08241098234201
0.184219058566922	2.01203375737068
0.184867486985328	2.0420554752725
0.185520496304431	1.90875165831818
0.186178135239797	1.84312537795253
0.186840453200203	1.46090238970123
0.187507500300011	1.16322574226329
0.188179327371812	1.1110130790488
0.188855985979331	1.18590002659029
0.189537528430629	1.42355173288181
0.190224007791575	1.63646102728522
0.190915477899624	1.95129224408068
0.191611993377889	2.01323398848796
0.192313609649527	2.13714239510869
0.193020382952439	2.03600292913147
0.193732370354297	1.94769936344702
0.194449629767904	1.90559580565038
0.195172219966898	1.93395056660326
0.195900200601805	1.91709499898051
0.196633632216454	1.775131155373
0.197372576264763	1.69279364078611
0.198117095127904	1.5204798951076
0.198867252131856	1.34743211636118
0.199623111565364	1.141856962369
0.2003847386983	1.21188523759666
0.201152199800457	1.51846919162805
0.201925562160765	1.90021843493436
0.202704894106963	2.01476726917103
0.203490265025721	2.07176276369792
0.204281745383232	1.95692416228338
0.205079406746292	1.949251449326
0.205883321803867	1.81700178531338
0.206693564389179	2.13171243995628
0.207510209502307	2.00421477208878
0.208333333333333	1.89428413291527
