0.00999809636245232	0.0568321137736044
0.00999999999999973	0.0688557270441335
0.0100019043625904	0.0976574967794711
0.0100038094506385	0.144047836514014
0.0100057152645588	0.20847282309901
0.0100076218047662	0.288446477070722
0.010009529071676	0.383783504844672
0.0100114370657036	0.492422402652306
0.010013345787265	0.609781393262445
0.0100152552367764	0.729925509191941
0.0100171654146543	0.851708890872264
0.0100190763213155	0.96598504835939
0.0100209879571772	1.07659476504665
0.0100229003226569	1.16941264522335
0.0100248134181724	1.24315390696071
0.0100267272441417	1.29983464766787
0.0100286418009833	1.33637497710742
0.010030557089116	1.34949210178518
0.0100324731089588	1.3348716467594
0.0100343898609311	1.30050700931813
0.0100363073454526	1.2459567829061
0.0100382255629434	1.16766356433647
0.0100401445138238	1.07775867069633
0.0100420641985145	0.97466037660199
0.0100439846174364	0.862350553355161
0.010045905771011	0.746614170572275
0.0100478276596597	0.632588066293957
0.0100497502838047	0.522167914355901
0.0100516736438681	0.422425237889962
0.0100535977402727	0.333196847370505
0.0100555225734413	0.258842586993714
0.0100574481437971	0.200199670312684
0.0100593744517638	0.156852500730013
0.0100613014977653	0.131065059484823
0.0100632292822258	0.120912148792601
0.0100651578055699	0.122884690923876
0.0100670870682224	0.136731304340884
0.0100690170706085	0.15883021547163
0.0100709478131538	0.187489505800192
0.0100728792962842	0.217138037846369
0.0100748115204258	0.243981243640608
0.0100767444860052	0.271134109604832
0.0100786781934491	0.289649298400144
0.0100806126431848	0.302397449932117
0.0100825478356397	0.305695617043539
0.0100844837712417	0.299158193505009
0.0100864204504189	0.285165132868905
0.0100883578735999	0.265157359744153
0.0100902960412134	0.239334177808094
0.0100922349536885	0.210144126896895
0.0100941746114548	0.180668101210944
0.010096115014942	0.153720383814394
0.0100980561645803	0.13249599558748
0.0100999980608001	0.118854978639157
0.0101019407040323	0.116048398839067
0.0101038840947079	0.125527348162307
0.0101058282332584	0.146927660268371
0.0101077731201157	0.183413802188853
0.0101097187557117	0.233094314407695
0.0101116651404791	0.295059566080019
0.0101136122748505	0.366020800905426
0.0101155601592591	0.444566822369168
0.0101175087941384	0.530206892456128
0.0101194581799221	0.614168184176297
0.0101214083170444	0.695416450916414
0.0101233592059397	0.770923118299831
0.0101253108470428	0.8322267523051
0.0101272632407888	0.881400600052327
0.0101292163876133	0.922732715606996
0.0101311702879519	0.938351477983056
0.0101331249422409	0.930924442642688
0.0101350803509168	0.913755431056207
0.0101370365144162	0.875327197520344
0.0101389934331765	0.819422126983483
0.010140951107635	0.748347667524162
0.0101429095382296	0.667225642549388
0.0101448687253984	0.576843799552627
0.01014682866958	0.486791521815595
0.0101487893712132	0.392103426021053
0.0101507508307372	0.304970060453189
0.0101527130485915	0.229153982661445
0.0101546760252158	0.162436777459339
0.0101566397610506	0.111002396460875
0.0101586042565362	0.0761088874244646
0.0101605695121136	0.0589306080892143
0.010162535528224	0.0599258017356709
0.0101645023053089	0.0767139442450571
0.0101664698438102	0.109251257996534
0.0101684381441703	0.155052952103483
0.0101704072068317	0.207312151153972
0.0101723770322372	0.266940871514612
0.0101743476208303	0.32979190600788
0.0101763189730545	0.386916183135684
0.0101782910893538	0.444829460738948
0.0101802639701724	0.48544423896466
0.0101822376159551	0.521917175301458
0.0101842120271468	0.541233383941056
0.0101861872041929	0.544803945715089
0.010188163147539	0.533209074217725
0.0101901398576313	0.509164958676798
0.010192117334916	0.471358336684899
0.0101940955798399	0.42553857046553
0.0101960745928501	0.369883138692066
0.010198054374394	0.313005908726201
0.0102000349249193	0.254841398363525
0.0102020162448743	0.203068270496415
0.0102039983347072	0.157256216464462
0.0102059811948671	0.12096515424176
0.0102079648258029	0.0980094040218046
0.0102099492279642	0.0893317160473584
0.010211934401801	0.0961622626319298
0.0102139203477633	0.118177958926402
0.0102159070663018	0.154577756509072
0.0102178945578674	0.20388071986675
0.0102198828229113	0.262781946336515
0.0102218718618851	0.322283572299875
0.0102238616752408	0.388433373274832
0.0102258522634308	0.453453343638556
0.0102278436269077	0.509388561607058
0.0102298357661244	0.560974865081213
0.0102318286815345	0.595693875753841
0.0102338223735916	0.621457780476737
0.0102358168427498	0.623740958850013
0.0102378120894635	0.613048176653542
0.0102398081141876	0.585669226502149
0.0102418049173771	0.542854917846671
0.0102438024994876	0.487163226568236
0.0102458008609749	0.421508028534385
0.0102478000022953	0.350406430422432
0.0102497999239053	0.277252209493828
0.0102518006262618	0.208127585616784
0.0102538021098221	0.147597883175443
0.0102558043750439	0.0976271272167064
0.0102578074223851	0.0627980333615433
0.0102598112523041	0.0476182937471664
0.0102618158652597	0.0522710873437342
0.0102638212617108	0.0777899466127631
0.0102658274421169	0.123350354586021
0.0102678344069379	0.188135082194573
0.0102698421566338	0.270306173674276
0.0102718506916651	0.366419310461767
0.0102738600124928	0.471704629087285
0.010275870119578	0.579709404317167
0.0102778810133824	0.683247243939843
0.0102798926943679	0.774158336554351
0.0102819051629968	0.864820825542821
0.0102839184197317	0.929516011967554
0.0102859324650358	0.988000839242859
0.0102879472993725	1.01439990430355
0.0102899629232054	1.012610541892
0.0102919793369987	0.996580531633326
0.0102939965412169	0.953346348184003
0.0102960145363249	0.889322137184135
0.0102980333227879	0.805880160332332
0.0103000529010715	0.713294069605115
0.0103020732716415	0.606224246788434
0.0103040944349645	0.499397433433944
0.0103061163915069	0.395639571902058
0.0103081391417359	0.294728504290447
0.0103101626861188	0.207001005679854
0.0103121870251236	0.132744571330696
0.0103142121592182	0.0766184359910335
0.0103162380888713	0.0413083123400673
0.0103182648145517	0.0259961850236305
0.0103202923367286	0.0308226908028272
0.0103223206558718	0.0538464947034948
0.0103243497724511	0.0921061207389335
0.010326379686937	0.142660826576958
0.0103284103998002	0.203012101043082
0.0103304419115117	0.265479615797137
0.0103324742225431	0.323508432967876
0.0103345073333662	0.380137140944394
0.0103365412444532	0.42508161418922
0.0103385759562767	0.457206933808607
0.0103406114693097	0.477400352868746
0.0103426477840254	0.480141078155015
0.0103446849008977	0.466506110803526
0.0103467228204005	0.437731452477168
0.0103487615430084	0.399660097733609
0.0103508010691961	0.351248681237937
0.0103528413994389	0.297191149770454
0.0103548825342123	0.246095039326132
0.0103569244739923	0.197139438439013
0.0103589672192552	0.158810450000658
0.0103610107704777	0.135152519759076
0.0103630551281369	0.130890919227134
0.0103651002927102	0.145159056903125
0.0103671462646755	0.183736478658177
0.010369193044511	0.247458001573411
0.0103712406326953	0.333031564132788
0.0103732890297072	0.441528432585504
0.0103753382360263	0.560980522377474
0.0103773882521321	0.702827507074377
0.0103794390785049	0.843463740731444
0.010381490715625	0.996728832743689
0.0103835431639734	1.13707165295502
0.0103855964240312	1.26394383778567
0.0103876504962802	1.37927512445905
0.0103897053812022	1.47644926733445
0.0103917610792798	1.54329768433942
0.0103938175909956	1.58010055653393
0.0103958749168328	1.57945891640828
0.0103979330572749	1.55651114468989
0.0103999920128059	1.4947311591618
0.0104020517839101	1.41584999035604
0.010404112371072	1.30241226006771
0.0104061737747769	1.17161814133946
0.0104082359955101	1.02326898280895
0.0104102990337575	0.87333815009483
0.0104123628900053	0.716925072283067
0.01041442756474	0.564657566040063
0.0104164930584488	0.423711862006165
0.010418559371619	0.295788144845067
0.0104206265047383	0.189034521876266
0.0104226944582948	0.104257418761284
0.0104247632327773	0.0454789531527577
0.0104268328286744	0.0112204549253168
0.0104289032464757	0.00128669931262411
0.0104309744866707	0.0137032113545814
0.0104330465497496	0.0453021971688941
0.0104351194362028	0.0928783933441182
0.0104371931465213	0.150941274512896
0.0104392676811963	0.214902404116862
0.0104413430407194	0.280138659281318
0.0104434192255827	0.34300522240003
0.0104454962362786	0.398576662577624
0.0104475740733	0.445757441429647
0.01044965273714	0.479658060299559
0.0104517322282924	0.501048064560266
0.010453812547251	0.508991751432861
0.0104558936945104	0.50488999689119
0.0104579756705652	0.489978477260046
0.0104600584759107	0.46984295517382
0.0104621421110425	0.447335583553936
0.0104642265764565	0.426117771205577
0.0104663118726491	0.411248317452737
0.0104683980001171	0.405125112987345
0.0104704849593576	0.415831879906714
0.0104725727508682	0.441474019210686
0.0104746613751469	0.484519946207667
0.010476750832692	0.551766284880579
0.0104788411240022	0.636768803482025
0.0104809322495768	0.739203296550383
0.0104830242099152	0.866730363580372
0.0104851170055175	0.997478974980308
0.0104872106368839	1.12746243940946
0.0104893051045152	1.27290956800626
0.0104914004089126	1.41559963656732
0.0104934965505776	1.53859698357211
0.0104955935300122	1.66080021496167
0.0104976913477186	1.75528397636685
0.0104997900041997	1.83655629521926
0.0105018894999586	1.87431168689571
0.0105039898354989	1.89303753469688
0.0105060910113245	1.87848434907797
0.0105081930279398	1.8415216024951
0.0105102958858496	1.76156355661285
0.010512399585559	1.66220645918396
0.0105145041275736	1.53541773155081
0.0105166095123993	1.39026236606711
0.0105187157405426	1.23290319408141
0.0105208228125103	1.06409643632381
0.0105229307288096	0.891545833642673
0.010525039489948	0.724064235908219
0.0105271490964336	0.560571456543384
0.0105292595487747	0.416561276774193
0.0105313708474803	0.28694379181471
0.0105334829930595	0.180881250089884
0.010535595986022	0.0990142950434078
0.0105377098268779	0.0420596476252472
0.0105398245161376	0.00964997459366321
0.0105419400543119	0.00104174137305085
0.0105440564419122	0.0143442927518645
0.0105461736794501	0.0469323742748021
0.0105482917674378	0.0956761621804871
0.0105504107063878	0.157136113959315
0.010552530496813	0.227093101864014
0.0105546511392266	0.302773155528233
0.0105567726341426	0.381973302327095
0.010558894982075	0.460318035801364
0.0105610181835385	0.53301225584083
0.010563142239048	0.598526626979514
0.0105652671491188	0.6582676568063
0.010567392914267	0.711537794357419
0.0105695195350086	0.755771454152454
0.0105716470118604	0.794511118265101
0.0105737753453393	0.824307468056053
0.010575904535963	0.858002392008388
0.0105780345842492	0.88559781527587
0.0105801654907164	0.914927430269141
0.0105822972558832	0.935825284032293
0.0105844298802688	0.979095295298982
0.0105865633643927	1.02091420533457
0.0105886977087751	1.06588519446922
0.0105908329139362	1.11542201515915
0.0105929689803969	1.1690135594448
0.0105951059086785	1.24363586520123
0.0105972436993026	1.31156626800684
0.0105993823527914	1.37987072123534
0.0106015218696673	1.44109470208833
0.0106036622504532	1.51655639871398
0.0106058034956727	1.57279885316119
0.0106079456058493	1.6143672966236
0.0106100885815074	1.66312946044188
0.0106122324231715	1.70047686961621
0.0106143771313668	1.70393808331918
0.0106165227066186	1.71049986238573
0.0106186691494529	1.69159395517908
0.0106208164603961	1.65055932644389
0.0106229646399748	1.5982152406154
0.0106251136887163	1.52307450546261
0.0106272636071482	1.4323417248312
0.0106294143957984	1.33259834687374
0.0106315660551955	1.20837576951395
0.0106337185858684	1.08139520125978
0.0106358719883463	0.950527009282885
0.0106380262631591	0.814728983742718
0.0106401814108368	0.681203077485483
0.0106423374319102	0.548400461418853
0.0106444943269101	0.43147645465612
0.0106466520963682	0.318308170287846
0.0106488107408163	0.219631517967583
0.0106509702607867	0.136710626821453
0.0106531306568122	0.0740989106628476
0.010655291929426	0.0307330465129965
0.0106574540791617	0.00885074805195427
0.0106596171065534	0.00820218597280825
0.0106617810121355	0.0285805630152697
0.010663945796443	0.0692090011068397
0.0106661114600113	0.128777059304856
0.0106682780033761	0.205341423575268
0.0106704454270737	0.298940049551565
0.0106726137316408	0.403533770371226
0.0106747829176144	0.518926426407116
0.0106769529855321	0.63564484570459
0.0106791239359319	0.753622601720934
0.0106812957693522	0.875595599629521
0.0106834684863318	1.00254917671371
0.0106856420874101	1.10391386406847
0.0106878165731267	1.21838137797434
0.0106899919440219	1.3101820150364
0.0106921682006362	1.37446808403442
0.0106943453435108	1.44056793551855
0.010696523373187	1.50030478865796
0.0106987022902069	1.51270609186825
0.0107008820951127	1.5293689407219
0.0107030627884474	1.53826262545835
0.0107052443707541	1.52861752574107
0.0107074268425767	1.50861014173318
0.0107096102044592	1.48756214001646
0.0107117944569461	1.44604947063017
0.0107139796005827	1.41669557941213
0.0107161656359143	1.37430230830451
0.0107183525634868	1.33070764220898
0.0107205403838467	1.28630239205314
0.0107227290975407	1.24600774737781
0.0107249187051161	1.20871523931232
0.0107271092071206	1.17267931303137
0.0107293006041024	1.1472906837291
0.0107314928966101	1.12766252784119
0.0107336860851927	1.10409174304198
0.0107358801703997	1.10009783396368
0.0107380751527812	1.07583626620629
0.0107402710328874	1.06463146209291
0.0107424678112693	1.04427445803
0.0107446654884781	1.01788700392634
0.0107468640650657	0.979433200907063
0.0107490635415841	0.948387986200294
0.0107512639185861	0.888143670103695
0.0107534651966248	0.833044614579664
0.0107556673762538	0.758194090514018
0.0107578704580269	0.685468174727589
0.0107600744424989	0.596161010673459
0.0107622793302245	0.510777343556089
0.0107644851217591	0.417199412448685
0.0107666918176586	0.32491292254654
0.0107688994184793	0.243310917704292
0.0107711079247779	0.165977921059649
0.0107733173371116	0.105060409474025
0.0107755276560381	0.0609981923063197
0.0107777388821155	0.0366443968919026
0.0107799510159024	0.0350621474738143
0.0107821640579579	0.0578103183386419
0.0107843780088413	0.105653265763246
0.0107865928691128	0.179778626241122
0.0107888086393326	0.273654587896336
0.0107910253200617	0.393471947392654
0.0107932429118614	0.524878032944602
0.0107954614152935	0.671359887818196
0.0107976808309203	0.829072501278598
0.0107999011593045	0.999133836286694
0.0108021224010092	1.1554899905385
0.0108043445565982	1.2947646308891
0.0108065676266355	1.43329974252826
0.0108087916116858	1.55365256839044
0.010811016512314	1.64605241651568
0.0108132423290858	1.71017881978656
0.0108154690625669	1.74107680666347
0.010817696713324	1.75975224375349
0.0108199252819238	1.73029720468055
0.0108221547689339	1.666061350077
0.0108243851749219	1.59595918464086
0.0108266165004563	1.50726260527586
0.0108288487461058	1.41279806344274
0.0108310819124397	1.28200532594282
0.0108333160000276	1.16043665506666
0.0108355510094398	1.03572554230004
0.0108377869412469	0.916660758500661
0.0108400237960201	0.810906914579233
0.0108422615743309	0.713489542034945
0.0108445002767515	0.629453699657193
0.0108467399038544	0.569007583995026
0.0108489804562125	0.525883033212779
0.0108512219343995	0.509344253208347
0.0108534643389892	0.502121112881445
0.0108557076705561	0.520904993012697
0.0108579519296751	0.547481033765896
0.0108601971169216	0.58277926397059
0.0108624432328715	0.629428645846039
0.0108646902781012	0.668476134736735
0.0108669382531874	0.707908920894283
0.0108691871587074	0.743600644201471
0.0108714369952391	0.757903066610596
0.0108736877633606	0.771236627701394
0.0108759394636507	0.751483641497384
0.0108781920966887	0.724496139943988
0.0108804456630542	0.687472730885183
0.0108827001633274	0.629608768084288
0.010884955598089	0.560691352662415
0.0108872119679201	0.475214137388326
0.0108894692734022	0.394907884605214
0.0108917275151176	0.315967779922935
0.0108939866936488	0.242444983091398
0.0108962468095788	0.180431549070265
0.0108985078634913	0.132414343890902
0.0109007698559702	0.103411400569495
0.0109030327876001	0.0974400375103051
0.010905296658966	0.115088404507126
0.0109075614706533	0.158229930644589
0.0109098272232481	0.225238101787554
0.0109120939173368	0.313936875862728
0.0109143615535065	0.422310210154388
0.0109166301323444	0.547744887773087
0.0109188996544385	0.682000366262229
0.0109211701203774	0.819906526248952
0.0109234415307498	0.955685483062567
0.0109257138861452	1.08303466016323
0.0109279871871535	1.2009189936889
0.010930261434365	1.30214555970758
0.0109325366283706	1.37626055409222
0.0109348127697617	1.42912973614858
0.0109370898591302	1.45138344010606
0.0109393678970683	1.44010836970904
0.010941646884169	1.38851479003944
0.0109439268210255	1.32599280318269
0.0109462077082318	1.25532743922013
0.0109484895463821	1.15086062070168
0.0109507723360712	1.02544493286253
0.0109530560778945	0.898502616445655
0.0109553407724478	0.762535016072396
0.0109576264203274	0.624678645040137
0.0109599130221302	0.500934138799522
0.0109622005784533	0.389788081982631
0.0109644890898947	0.293930218093201
0.0109667785570526	0.218611395848808
0.0109690689805258	0.165897685010828
0.0109713603609138	0.137411900543783
0.0109736526988161	0.132123246366673
0.0109759459948333	0.149908358686012
0.010978240249566	0.187391386307725
0.0109805354636157	0.242495107464725
0.010982831637584	0.308566559108051
0.0109851287720734	0.383128862941829
0.0109874268676867	0.46187582036587
0.0109897259250271	0.536531608608801
0.0109920259446986	0.607128380451709
0.0109943269273054	0.66057149788674
0.0109966288734525	0.708832205086509
0.0109989317837451	0.738648282482205
0.0110012356587891	0.738725043465198
0.0110035404991909	0.731085776376303
0.0110058463055574	0.703226125766216
0.011008153078496	0.668694632222122
0.0110104608186145	0.608032695809122
0.0110127695265213	0.545363403580925
0.0110150792028254	0.467429453719468
0.0110173898481362	0.393110374998975
0.0110197014630636	0.322558757184788
0.0110220140482181	0.255281877416921
0.0110243276042107	0.198568359141364
0.0110266421316527	0.15658970199625
0.0110289576311563	0.129894849945965
0.0110312741033338	0.121876469896175
0.0110335915487984	0.131771344500052
0.0110359099681635	0.161298023574828
0.0110382293620432	0.207385344331564
0.0110405497310521	0.266813951612377
0.0110428710758052	0.339104163183354
0.0110451933969182	0.421693303151923
0.0110475166950071	0.507127010511671
0.0110498409706887	0.588326834634069
0.0110521662245799	0.668129263990452
0.0110544924572986	0.743264469905407
0.0110568196694629	0.797924237810538
0.0110591478616916	0.840172498689623
0.0110614770346038	0.869664060000384
0.0110638071888193	0.880339403464242
0.0110661383249584	0.866785348309789
0.0110684704436419	0.828411203172715
0.0110708035454912	0.780849304236431
0.011073137631128	0.712782551459567
0.0110754727011748	0.637150833364254
0.0110778087562544	0.557233726822867
0.0110801457969904	0.461371414744611
0.0110824838240065	0.371654657295636
0.0110848228379274	0.282883425451694
0.011087162839378	0.200715654406156
0.0110895038289838	0.129507605055954
0.0110918458073709	0.0732610213513334
0.011094188775166	0.0337295399932843
0.011096532732996	0.0124515302166986
0.0110988776814888	0.0102853828144148
0.0111012236212724	0.0269881473696022
0.0111035705529755	0.0616098305912365
0.0111059184772275	0.112062026982349
0.011108267394658	0.17551827347595
0.0111106173058974	0.249114216792037
0.0111129682115766	0.327812399835436
0.0111153201123269	0.407126977462995
0.0111176730087802	0.487846716353479
0.011120026901569	0.562320288206542
0.0111223817913262	0.625600353930827
0.0111247376786855	0.671818278180647
0.0111270945642807	0.713351049529235
0.0111294524487466	0.724871982346473
0.0111318113327182	0.725630467658768
0.0111341712168312	0.712121685466863
0.0111365321017219	0.677126189758517
0.011138893988027	0.630502500834914
0.0111412568763837	0.572845633775684
0.0111436207674299	0.503603549688184
0.011145985661804	0.423448985288797
0.0111483515601448	0.343502443832546
0.0111507184630919	0.269181150205708
0.0111530863712853	0.19702171473851
0.0111554552853654	0.134678260018085
0.0111578252059734	0.0838937331335894
0.0111601961337509	0.0478957257851089
0.01116256806934	0.0278667248242199
0.0111649410133836	0.0248995014795945
0.0111673149665248	0.0384885466395235
0.0111696899294075	0.0684730287305339
0.011172065902676	0.112480684045494
0.0111744428869754	0.168005124466436
0.0111768208829509	0.232535325425494
0.0111791998912487	0.300804438717059
0.0111815799125153	0.372289203239904
0.0111839609473977	0.44198041911466
0.0111863429965438	0.504099678441946
0.0111887260606017	0.556290017148837
0.0111911101402201	0.598875367131447
0.0111934952360484	0.621739560305637
0.0111958813487364	0.637445172593755
0.0111982684789347	0.630424428075152
0.0112006566272941	0.60051161267367
0.0112030457944662	0.561999115293393
0.0112054359811031	0.510712766075463
0.0112078271878575	0.450209866508961
0.0112102194153825	0.383201130096213
0.011212612664332	0.305392615612362
0.0112150069353602	0.232970437319062
0.0112174022291221	0.165022731886831
0.0112197985462731	0.103843571925309
0.0112221958874692	0.0553040088123243
0.0112245942533669	0.020585953712897
0.0112269936446234	0.00266876214135502
0.0112293940618964	0.00248937175780328
0.0112317955058441	0.0204164946126219
0.0112341979771253	0.0556877745300184
0.0112366014763995	0.106839867073742
0.0112390060043265	0.171766627977581
0.0112414115615669	0.247604163710788
0.0112438181487817	0.329594956164808
0.0112462257666327	0.412518712489068
0.0112486344157819	0.496773202015591
0.0112510440968921	0.574186692011926
0.0112534548106268	0.638820999700291
0.0112558665576498	0.688796987777522
0.0112582793386256	0.726627399843474
0.0112606931542192	0.746858269692012
0.0112631080050963	0.745272412647086
0.011265523891923	0.725471370932891
0.0112679408153662	0.684816158727506
0.0112703587760931	0.619190096768923
0.0112727777747717	0.551447831191142
0.0112751978120704	0.471158877478907
0.0112776188886583	0.389293484089867
0.011280041005205	0.305173175690888
0.0112824641623808	0.224153059646507
0.0112848883608564	0.153961847351938
0.0112873136013031	0.0957058045306074
0.011289739884393	0.0541324600102393
0.0112921672107985	0.031539244019525
0.0112945955811927	0.0295260195713607
0.0112970249962493	0.0483991742142843
0.0112994554566426	0.0878149392275845
0.0113018869630473	0.145807067485154
0.0113043195161389	0.219774818037772
0.0113067531165934	0.30672986977977
0.0113091877650873	0.401895956670946
0.0113116234622979	0.500114901732587
0.0113140602089028	0.596855956647511
0.0113164980055804	0.681910877063907
0.0113189368530095	0.766389495439685
0.0113213767518698	0.827333235381335
0.0113238177028412	0.864113719814037
0.0113262597066045	0.883807227280712
0.0113287027638409	0.891691836070681
0.0113311468752323	0.861685544236445
0.011333592041461	0.811223549131989
0.0113360382632101	0.745466212397788
0.0113384855411632	0.670170423209003
0.0113409338760045	0.5765190115445
0.0113433832684189	0.474174828465589
0.0113458337190916	0.37095335989008
0.0113482852287088	0.272055949690728
0.0113507377979568	0.183496664781104
0.011353191427523	0.109269689648926
0.0113556461180951	0.0522943916091234
0.0113581018703613	0.0153775500690106
0.0113605586850108	0.000988252023911508
0.0113630165627329	0.00940529871161241
0.0113654755042179	0.03991849792114
0.0113679355101565	0.0908995605012625
0.0113703965812401	0.159378961641005
0.0113728587181605	0.241081988563039
0.0113753219216104	0.331871437471442
0.0113777861922827	0.426271414010826
0.0113802515308714	0.520478020274026
0.0113827179380707	0.603618506793287
0.0113851854145756	0.682607701400667
0.0113876539610815	0.741525901452389
0.0113901235782848	0.772865661842783
0.011392594266882	0.796021832462458
0.0113950660275706	0.787683316950056
0.0113975388610485	0.767087784157178
0.0114000127680143	0.723306564255277
0.0114024877491671	0.661148077611989
0.0114049638052068	0.587220947921905
0.0114074409368338	0.503671530711073
0.011409919144749	0.423922719828854
0.011412398429654	0.343723478831792
0.011414878792251	0.271998446932586
0.011417360233243	0.214623066811353
0.0114198427533332	0.175300668936189
0.0114223263532258	0.158339462370175
0.0114248110336255	0.165699189557982
0.0114272967952375	0.196927730225323
0.0114297836387676	0.253358935052172
0.0114322715649225	0.330885842864414
0.0114347605744092	0.428006152152814
0.0114372506679354	0.538106719284596
0.0114397418462096	0.658233610722476
0.0114422341099406	0.788078708472626
0.0114447274598382	0.911100350067896
0.0114472218966123	1.01946931036926
0.011449717420974	1.12626658478389
0.0114522140336347	1.20830202561895
0.0114547117353063	1.2572495222997
0.0114572105267017	1.29017663867279
0.0114597104085341	1.286746686164
0.0114622113815174	1.26544144595453
0.0114647134463662	1.20371857637616
0.0114672166037957	1.12298009268099
0.0114697208545217	1.01689875746077
0.0114722261992606	0.893196691561521
0.0114747326387295	0.764811310227143
0.011477240173646	0.625838334166801
0.0114797488047286	0.490832587136114
0.011482258532696	0.362358407247685
0.0114847693582678	0.248042123223407
0.0114872812821644	0.155018016356115
0.0114897943051064	0.0842012775905872
0.0114923084278154	0.0387454845964875
0.0114948236510135	0.0211009598568211
0.0114973399754233	0.0302611793240523
0.0114998574017682	0.0651038676154714
0.0115023759307723	0.123442623383079
0.01150489556316	0.200426962068286
0.0115074162996568	0.291093464668586
0.0115099381409885	0.390980426144936
0.0115124610878815	0.492013169051503
0.0115149851410632	0.588451227983713
0.0115175103012612	0.678774898780179
0.0115200365692041	0.749352774360267
0.0115225639456209	0.812343194412768
0.0115250924312413	0.843635590261253
0.0115276220267957	0.857378915918838
0.0115301527330152	0.850741645531235
0.0115326845506313	0.819419112301642
0.0115352174803763	0.769156922275467
0.0115377515229832	0.705189553998038
0.0115402866791856	0.63141818338077
0.0115428229497176	0.550417413785108
0.0115453603353142	0.471949209288023
0.0115478988367109	0.404640612283541
0.0115504384546437	0.344718862695197
0.0115529791898497	0.29972626339726
0.0115555210430661	0.277240954735014
0.011558064015031	0.276449471879911
0.0115606081064834	0.300575274183674
0.0115631533181625	0.348471396950059
0.0115656996508084	0.420687330384095
0.0115682471051619	0.512991497319431
0.0115707956819642	0.621975061203743
0.0115733453819574	0.739334593430894
0.0115758962058843	0.87089955987972
0.011578448154488	0.992698020214002
0.0115810012285126	1.11649189527975
0.0115835554287028	1.23174016390267
0.0115861107558037	1.31522983118159
0.0115886672105615	1.38245288692359
0.0115912247937226	1.42677101779697
0.0115937835060344	1.44660293578926
0.0115963433482447	1.42877776337456
0.0115989043211022	1.38227477868165
0.0116014664253562	1.31835732346698
0.0116040296617565	1.2147005508707
0.0116065940310537	1.10102165154788
0.0116091595339991	0.976632568676113
0.0116117261713445	0.83711041075337
0.0116142939438426	0.696601716007728
0.0116168628522465	0.551840717940683
0.0116194328973103	0.428233002103128
0.0116220040797883	0.310118426178117
0.011624576400436	0.217665488891018
0.0116271498600091	0.147684805748296
0.0116297244592644	0.101236875010573
0.0116323001989589	0.0827600604074519
0.0116348770798507	0.0895709212773226
0.0116374551026982	0.120857076659926
0.0116400342682609	0.173466032835502
0.0116426145772986	0.244545607393126
0.0116451960305719	0.327703430540146
0.0116477786288422	0.418891925024762
0.0116503623728713	0.511409815252372
0.0116529472634219	0.604120306442857
0.0116555333012573	0.684833610597229
0.0116581204871416	0.761282716778691
0.0116607088218393	0.817032858333605
0.0116632983061159	0.847373967619875
0.0116658889407373	0.867170632359246
0.0116684807264703	0.868401679872116
0.0116710736640823	0.840931262974547
0.0116736677543412	0.80133593936985
0.011676262998016	0.748374270813397
0.011678859395876	0.687827512353304
0.0116814569486913	0.613480300218828
0.0116840556572328	0.54127645594247
0.011686655522272	0.47278462976366
0.011689256544581	0.416792419969279
0.0116918587249327	0.363689842215757
0.0116944620641007	0.333999465114208
0.0116970665628591	0.319153487783798
0.0116996722219831	0.320573458057918
0.0117022790422481	0.345112689344716
0.0117048870244305	0.389066613307265
0.0117074961693073	0.452227330723055
0.0117101064776562	0.526851827345844
0.0117127179502557	0.615320083712796
0.0117153305878847	0.707905817917832
0.0117179443913231	0.807819425783136
0.0117205593613515	0.898188312909373
0.0117231754987508	0.991354609804993
0.0117257928043031	1.06591410810638
0.011728411278791	1.13974319178982
0.0117310309229976	1.1816802059278
0.0117336517377069	1.19957094550128
0.0117362737237038	1.20103803407514
0.0117388968817734	1.20007690026375
0.0117415212127019	1.15910200244934
0.0117441467172762	1.09072153989694
0.0117467733962836	1.01431228943622
0.0117494012505123	0.927081132904355
0.0117520302807514	0.824697066353575
0.0117546604877903	0.72021681960573
0.0117572918724193	0.610046716552086
0.0117599244354296	0.50665002256139
0.0117625581776128	0.416024153789603
0.0117651930997614	0.330208374806887
0.0117678292026684	0.266065640200659
0.0117704664871279	0.215091895403428
0.0117731049539343	0.185877404514629
0.0117757446038829	0.176479420903648
0.0117783854377697	0.185413336344607
0.0117810274563914	0.212135989696415
0.0117836706605455	0.254980063838287
0.0117863150510301	0.311229086853027
0.011788960628644	0.375201842902802
0.0117916073941869	0.445429034666218
0.011794255348459	0.521925309344477
0.0117969044922613	0.587732923546283
0.0117995548263956	0.657743182376628
0.0118022063516643	0.71939844969275
0.0118048590688706	0.75549404240803
0.0118075129788183	0.796379891035115
0.0118101680823122	0.809880160055046
0.0118128243801575	0.8025064480839
0.0118154818731604	0.784117792777663
0.0118181405621276	0.7524762610198
0.0118208004478666	0.710139075122764
0.0118234615311856	0.651713226366925
0.0118261238128938	0.589068736905135
0.0118287872938007	0.520511869834993
0.0118314519747167	0.45615496239302
0.0118341178564532	0.389338916109091
0.0118367849398219	0.333253997642792
0.0118394532256354	0.284956973062619
0.0118421227147072	0.249927976885737
0.0118447934078514	0.227347321721473
0.0118474653058827	0.221279202110926
0.0118501384096167	0.230743875320733
0.0118528127198698	0.255398269250142
0.0118554882374589	0.292702454875407
0.0118581649632018	0.347207229997537
0.0118608428979171	0.408529091900821
0.011863522042424	0.477046797617659
0.0118662023975425	0.546695244469206
0.0118688839640934	0.619017029495514
0.011871566742898	0.698576515540765
0.0118742507347787	0.760523511696629
0.0118769359405584	0.817564783106696
0.0118796223610608	0.86830547907862
0.0118823099971103	0.896668905142865
0.0118849988495322	0.908565613662076
0.0118876889191524	0.905287394157251
0.0118903802067976	0.891635257263712
0.0118930727132952	0.85604758249088
0.0118957664394735	0.809400815909951
0.0118984613861613	0.752454655480778
0.0119011575541884	0.690917345516235
0.0119038549443853	0.61725294705868
0.011906553557583	0.544785053344381
0.0119092533946137	0.476179704795538
0.0119119544563099	0.407824398229759
0.0119146567435052	0.349372027210468
0.0119173602570337	0.30015097342278
0.0119200649977305	0.262475431049498
0.0119227709664313	0.239728984738409
0.0119254781639726	0.230476648593603
0.0119281865911916	0.233407486426105
0.0119308962489263	0.254555665397434
0.0119336071380156	0.282815270559906
0.011936319259299	0.326867622054551
0.0119390326136167	0.374185333872166
0.0119417472018099	0.432806135275268
0.0119444630247204	0.485974066911123
0.0119471800831907	0.543904140618741
0.0119498983780643	0.587260666644495
0.0119526179101853	0.630086790628449
0.0119553386803985	0.663927772318099
0.0119580606895497	0.680225191397322
0.0119607839384853	0.684175372392147
0.0119635084280525	0.677644078010585
0.0119662341590993	0.651513730945517
0.0119689611324745	0.613359191174633
0.0119716893490275	0.563518315856696
0.0119744188096088	0.503121946681807
0.0119771495150693	0.43838195987206
0.0119798814662609	0.36724193644956
0.0119826146640363	0.29638510092502
0.011985349109249	0.228607350289782
0.011988084802753	0.167446320057522
0.0119908217454033	0.115885345314247
0.0119935599380558	0.0754872111977543
0.0119962993815669	0.050357139620506
0.011999040076794	0.041192626308953
0.0120017820245951	0.0487987613323421
0.0120045252258292	0.0728920279739532
0.012007269681356	0.111612254446166
0.0120100153920358	0.165380930647324
0.01201276235873	0.232157322663815
0.0120155105823006	0.307759939332683
0.0120182600636104	0.387606822211754
0.0120210108035229	0.468081260100736
0.0120237628029027	0.54848016702284
0.012026516062615	0.619955873269069
0.0120292705835256	0.687160372702474
0.0120320263665014	0.738266247123646
0.01203478341241	0.782435636949819
0.0120375417221197	0.804040272762673
0.0120403012964998	0.815168696159331
0.0120430621364201	0.80558957048765
0.0120458242427514	0.783012715722153
0.0120485876163654	0.741213404781046
0.0120513522581343	0.693198168170732
0.0120541181689314	0.632581427536876
0.0120568853496305	0.568112673314119
0.0120596538011065	0.498708526003392
0.012062423524235	0.427571514359625
0.0120651945198923	0.365143086204958
0.0120679667889555	0.307046060294745
0.0120707403323028	0.257634000370774
0.0120735151508128	0.219718905363993
0.0120762912453652	0.194375405182869
0.0120790686168405	0.184608795443678
0.0120818472661197	0.186735760279052
0.012084627194085	0.204078960694469
0.0120874084016193	0.231511491546263
0.012090190889606	0.267425120389692
0.0120929746589299	0.309848652312291
0.012095759710476	0.354582826387363
0.0120985460451306	0.401451176646511
0.0121013336637805	0.442907069394498
0.0121041225673136	0.480182039225106
0.0121069127566183	0.507720269669715
0.012109704232584	0.525796904441125
0.0121124969961009	0.532618088819999
0.01211529104806	0.524507752084402
0.0121180863893533	0.506548123438556
0.0121208830208733	0.47363728258095
0.0121236809435135	0.433612491008554
0.0121264801581682	0.381248645350459
0.0121292806657327	0.326054141306447
0.0121320824671028	0.265686527693372
0.0121348855631753	0.205651301842391
0.0121376899548479	0.148224399589503
0.0121404956430191	0.098849782465113
0.012143302628588	0.058062925553777
0.0121461109124549	0.0290075929029441
0.0121489204955206	0.0142248074105495
0.012151731378687	0.0142970639590329
0.0121545435628566	0.0297372631809409
0.012157357048933	0.0598987362561636
0.0121601718378204	0.10447068634446
0.012162987930424	0.160401892763738
0.0121658053276496	0.226200672702874
0.0121686240304042	0.298121907294259
0.0121714440395953	0.374312967187964
0.0121742653561315	0.450255864044728
0.0121770879809221	0.520822953679211
0.0121799119148772	0.588131119591437
0.0121827371589079	0.641456420967995
0.012185563713926	0.681576267461734
0.0121883915808443	0.714264679446023
0.0121912207605763	0.726212736803548
0.0121940512540364	0.730094421052892
0.0121968830621399	0.715682404811408
0.0121997161858028	0.682983228020624
0.0122025506259422	0.641987877755146
0.0122053863834758	0.587515737097794
0.0122082234593224	0.527168910105358
0.0122110618544013	0.461440622946229
0.0122139015696331	0.397431528041424
0.0122167426059389	0.331919428552607
0.0122195849642408	0.271637680214449
0.0122224286454617	0.216528951578236
0.0122252736505256	0.173524518239883
0.0122281199803569	0.140182879117885
0.0122309676358813	0.119216561659641
0.0122338166180252	0.109669610242543
0.0122366669277157	0.112235672887095
0.0122395185658811	0.125759555719995
0.0122423715334502	0.149194570833185
0.012245225831353	0.179170896995473
0.0122480814605202	0.214736228353006
0.0122509384218833	0.253633297183494
0.0122537967163748	0.290890376034764
0.012256656344928	0.328486867140856
0.0122595173084771	0.359576156421202
0.0122623796079572	0.383131159964371
0.0122652432443042	0.400698512665445
0.0122681082184549	0.408932516331322
0.0122709745313471	0.407338849470885
0.0122738421839193	0.401567717673462
0.0122767111771109	0.383080898525682
0.0122795815118622	0.355037599385341
0.0122824531891146	0.327219089907757
0.01228532620981	0.293245929754272
0.0122882005748914	0.258170852629957
0.0122910762853026	0.224516624289333
0.0122939533419885	0.194497844093901
0.0122968317458945	0.169812966984967
0.0122997114979673	0.152272485041842
0.0123025925991542	0.142939749196463
0.0123054750504034	0.142691702789541
0.0123083588526642	0.153212434146344
0.0123112440068866	0.172014067444187
0.0123141305140215	0.197747138406376
0.0123170183750209	0.232318819783943
0.0123199075908373	0.272518643581962
0.0123227981624245	0.316100199177723
0.012325690090737	0.361713043107359
0.0123285833767301	0.40636842176267
0.0123314780213603	0.447383108575406
0.0123343740255846	0.484506541187531
0.0123372713903613	0.512153481627125
0.0123401701166493	0.535564604143539
0.0123430702054086	0.545900281277328
0.0123459716576	0.550972785292554
0.0123488744741851	0.541958990973149
0.0123517786561267	0.519802867581508
0.0123546842043882	0.49540343261219
0.0123575911199341	0.460327625345366
0.0123604994037297	0.416798586349344
0.0123634090567413	0.369274789776551
0.0123663200799361	0.318522635071074
0.0123692324742821	0.267201603553211
0.0123721462407483	0.217858815880018
0.0123750613803046	0.172690620292175
0.0123779778939219	0.131313972853158
0.0123808957825719	0.0979352837609164
0.0123838150472271	0.0727331476778154
0.0123867356888613	0.0571269500912569
0.0123896577084488	0.0497169415778896
0.012392581106965	0.0526965446892844
0.0123955058853864	0.0642245814537403
0.0123984320446901	0.0836256748512252
0.0124013595858543	0.110601497335116
0.0124042885098581	0.142710394092484
0.0124072188176816	0.17960146129366
0.0124101505103056	0.217923757692177
0.012413083588712	0.258842365386744
0.0124160180538837	0.296478892195819
0.0124189539068044	0.334360071279959
0.0124218911484587	0.364365093735117
0.0124248297798322	0.390175886436466
0.0124277698019115	0.412808325790732
0.012430711215684	0.430044160471238
0.0124336540221381	0.435580665757611
0.0124365982222631	0.439928059116122
0.0124395438170494	0.436505786473965
0.012442490807488	0.428130674620114
0.0124454391945712	0.415500253546544
0.0124483889792921	0.400872259724626
0.0124513401626446	0.383519730214926
0.0124542927456238	0.363855330580292
0.0124572467292255	0.346211006273894
0.0124602021144467	0.33139396979678
0.0124631589022851	0.318477353951668
0.0124661170937394	0.304109362764491
0.0124690766898095	0.295625399002037
0.0124720376914959	0.293011990703902
0.0124750000998002	0.290875416558146
0.012477963915725	0.290678385723308
0.0124809291402739	0.295644118241552
0.0124838957744512	0.301179169853178
0.0124868638192624	0.308222252662745
0.0124898332757138	0.315831013298455
0.0124928041448128	0.323440531090848
0.0124957764275677	0.328628246742906
0.0124987501249877	0.330801863645297
0.0125017252380831	0.330614535218621
0.0125047017678649	0.328073159373064
0.0125076797153454	0.321198151730592
0.0125106590815377	0.306758957720571
0.0125136398674558	0.291526143788905
0.0125166220741147	0.269069184390682
0.0125196057025304	0.243191027072293
0.0125225907537199	0.214959912263203
0.0125255772287012	0.184177348274363
0.0125285651284932	0.15219204309243
0.0125315544541157	0.11967313166725
0.0125345452065896	0.0901393120607845
0.0125375373869367	0.0629164730588881
0.0125405309961799	0.0397230173115489
0.0125435260353429	0.022827345432247
0.0125465225054504	0.0125682512757358
0.0125495204075283	0.0102255639600823
0.0125525197426033	0.0162483453189305
0.012555520511703	0.0313841002060143
0.0125585227158561	0.0553099164121196
0.0125615263560924	0.088135432589583
0.0125645314334424	0.128745649203596
0.0125675379489378	0.176702355537695
0.0125705459036113	0.230342950591696
0.0125735552984964	0.28805425318935
0.0125765661346279	0.348990898126171
0.0125795784130411	0.409565549731624
0.0125825921347729	0.468089430299609
0.0125856073008607	0.524601639729828
0.0125886239123431	0.573418947780854
0.0125916419702598	0.616469374602467
0.0125946614756512	0.647769352755447
0.012597682429559	0.67059764844312
0.0126007048330258	0.685791348732706
0.012603728687095	0.688061186079397
0.0126067539928114	0.67647047659994
0.0126097807512204	0.657647740086384
0.0126128089633686	0.626287639701685
0.0126158386303037	0.587866511217889
0.0126188697530742	0.544207845365041
0.0126219023327298	0.496577618282342
0.0126249363703209	0.445275557830932
0.0126279718668994	0.392557972890313
0.0126310088235178	0.342901097894084
0.0126340472412297	0.296585480431295
0.0126370871210898	0.256290143325782
0.0126401284641539	0.221819229909433
0.0126431712714785	0.194986828937933
0.0126462155441214	0.176284455449308
0.0126492612831413	0.166128233618423
0.012652308489598	0.163567427023385
0.0126553571645523	0.168271803294763
0.0126584073090659	0.178559887425358
0.0126614589242017	0.192991070763811
0.0126645120110235	0.209367003490227
0.0126675665705961	0.226620041261936
0.0126706226039855	0.241612474699654
0.0126736801122587	0.253215541289809
0.0126767390964834	0.25877078914368
0.0126797995577289	0.257988799333082
0.0126828614970649	0.252362023806081
0.0126859249155628	0.236822399286126
0.0126889898142944	0.216202072883874
0.0126920561943329	0.188307007090277
0.0126951240567526	0.157784909712748
0.0126981934026285	0.12310840809764
0.012701264233037	0.0885962484040535
0.0127043365490553	0.0563918837565057
0.0127074103517617	0.0294281541091379
0.0127104856422357	0.0100808778913899
0.0127135624215576	0.00085521538566427
0.0127166406908089	0.00389668928878304
0.0127197204510721	0.0208972622955817
0.0127228017034308	0.052660294734908
0.0127258844489695	0.0996743536684437
0.0127289686887739	0.161408475100721
0.0127320544239308	0.236765292924244
0.0127351416555279	0.323509795216478
0.0127382303846541	0.418331408065182
0.0127413206123991	0.520270259299141
0.012744412339854	0.621139386778843
0.0127475055681107	0.720167824827977
0.0127506002982623	0.813780940166441
0.0127536965314029	0.894201116291677
0.0127567942686278	0.96081645179427
0.012759893511033	1.01354293680251
0.012762994259716	1.0393178331086
0.0127660965157751	1.05349862229061
0.0127692002803098	1.04207749416596
0.0127723055544205	1.00633096880108
0.012775412339209	0.95121611737412
0.0127785206357777	0.875297090864145
0.0127816304452305	0.794546586296572
0.0127847417686722	0.693359467886602
0.0127878546072086	0.594676815832846
0.0127909689619467	0.49001052555297
0.0127940848339945	0.388905837492041
0.0127972022244612	0.296616416517776
0.0128003211344569	0.215378920624408
0.012803441565093	0.150314350137202
0.0128065635174818	0.103048927466113
0.0128096869927367	0.0744766728627121
0.0128128119919723	0.0663733401710764
0.0128159385163042	0.0775053608439674
0.0128190665668492	0.10612916390524
0.0128221961447249	0.149555991362183
0.0128253272510504	0.203890562825494
0.0128284598869457	0.26613883612185
0.0128315940535317	0.328881095532535
0.0128347297519307	0.3925490459787
0.0128378669832659	0.447280877786203
0.0128410057486618	0.493210431093097
0.0128441460492437	0.522966836624978
0.0128472878861384	0.539249932347044
0.0128504312604734	0.534313794175828
0.0128535761733776	0.514642362179337
0.0128567226259808	0.477355084166275
0.012859870619414	0.42404963560625
0.0128630201548093	0.362441021219707
0.0128661712333	0.292414774777789
0.0128693238560204	0.219593372351812
0.0128724780241058	0.151868142519595
0.0128756337386929	0.0909555275344151
0.0128787910009194	0.0442709131690827
0.0128819498119239	0.0159116544397674
0.0128851101728463	0.00942040874409364
0.0128882720848278	0.0277262442623913
0.0128914355490105	0.0721706376489012
0.0128946005665375	0.143241269727636
0.0128977671385533	0.238002683259231
0.0129009352662034	0.356523129650989
0.0129041049506344	0.490153822577738
0.0129072761929941	0.636540916112657
0.0129104489944313	0.79353856643289
0.0129136233560961	0.947058830670228
0.0129167992791396	1.08828980258378
0.0129199767647141	1.21899189691752
0.0129231558139731	1.33081010550162
0.012926336428071	1.40610776173168
0.0129295186081635	1.46214811202899
0.0129327023554075	1.4733495412304
0.012935887670961	1.45648123024628
0.0129390745559831	1.4084470100059
0.0129422630116339	1.3237347817963
0.0129454530390749	1.20726580312546
0.0129486446394686	1.07840501898777
0.0129518378139788	0.927449708590417
0.0129550325637702	0.763162147791947
0.0129582288900088	0.602211167496646
0.0129614267938618	0.448609826239715
0.0129646262764974	0.310845036936123
0.0129678273390852	0.193433093953549
0.0129710299827956	0.101982356275156
0.0129742342088004	0.0410552475171725
0.0129774400182726	0.0128050725739528
0.0129806474123862	0.0180743432170645
0.0129838563923164	0.0558911187554001
0.0129870669592397	0.123050678150779
0.0129902791143335	0.213929931887256
0.0129934928587767	0.323697347733584
0.012996708193749	0.445888872066519
0.0129999251204317	0.570417951348296
0.0130031436400068	0.691739416045946
0.0130063637536577	0.802087373282836
0.0130095854625692	0.898209920425485
0.0130128087679268	0.958555990489945
0.0130160336709175	1.00282218679407
0.0130192601727295	1.00542475512195
0.0130224882745519	0.980972520317898
0.0130257179775753	0.923496714055201
0.0130289492829912	0.84668758917326
0.0130321821919926	0.737222186837309
0.0130354167057733	0.619980954270326
0.0130386528255286	0.490918850663429
0.0130418905524548	0.366453136897991
0.0130451298877496	0.248829029260731
0.0130483708326117	0.147166035907515
0.013051613388241	0.0687696493315689
0.0130548575558386	0.0221901267890144
0.0130581033366069	0.0103717485508197
0.0130613507317495	0.0365363558154884
0.013064599742471	0.100608499658855
0.0130678503699773	0.202247414566824
0.0130711026154757	0.339061607293134
0.0130743564801744	0.504164813462312
0.013077611965283	0.68736059934731
0.0130808690720121	0.888960458113363
0.0130841278015738	1.08766593175441
0.0130873881551812	1.27890370549699
0.0130906501340486	1.46344625031219
0.0130939137393917	1.6079947439996
0.0130971789724271	1.72485190859931
0.013100445834373	1.80449928914199
0.0131037143264485	1.83609001725503
0.013106984449874	1.8282501733288
0.0131102562058713	1.76738216483124
0.0131135295956631	1.65891494991846
0.0131168046204735	1.52003758509547
0.0131200812815279	1.35131203762928
0.0131233595800529	1.1646351534915
0.0131266395172761	0.965848051309253
0.0131299210944266	0.755543299539654
0.0131332043127346	0.557751974929529
0.0131364891734315	0.38577969528901
0.01313977567775	0.232212493481925
0.0131430638269241	0.118526901304883
0.0131463536221889	0.0419691706343547
0.0131496450647808	0.00957274788396383
0.0131529381559374	0.0211011632137875
0.0131562328968976	0.0754167416895375
0.0131595292889015	0.168582309641361
0.0131628273331905	0.294496564014679
0.0131661270310072	0.445032330906125
0.0131694283835953	0.612115825889979
0.0131727313922	0.781448964989534
0.0131760360580677	0.950927044337647
0.0131793423824459	1.10018188672297
0.0131826503665835	1.22887802128035
0.0131859600117306	1.33185016611995
0.0131892713191386	1.39164854132464
0.0131925842900599	1.40570740999922
0.0131958989257487	1.38747695555582
0.0131992152274598	1.32222142857241
0.0132025331964499	1.22365074071443
0.0132058528339764	1.08598801777594
0.0132091741412984	0.936751829718498
0.013212497119676	0.766802659598042
0.0132158217703707	0.589490230575277
0.0132191480946453	0.426614422522337
0.0132224760937636	0.273597655959365
0.0132258057689911	0.150567592610368
0.0132291371215942	0.0594735761511241
0.0132324701528407	0.00922242781391065
0.0132358048639999	0.00322325150177108
0.013239141256342	0.0434524377182365
0.0132424793311387	0.128469589384625
0.013245819089663	0.255622702715219
0.013249160533189	0.419602532718895
0.0132525036629924	0.613095609919353
0.0132558484803499	0.822871701853958
0.0132591949865397	1.04344974803618
0.013262543182841	1.26210080772541
0.0132658930705346	1.46897880079391
0.0132692446509025	1.64593590323388
0.0132725979252279	1.79273774069238
0.0132759528947954	1.90253753321639
0.0132793095608908	1.9618361033374
0.0132826679248014	1.97714176731675
0.0132860279878155	1.93209549640203
0.0132893897512231	1.84753542141135
0.013292753216315	1.73049895097386
0.0132961183843838	1.56501899431871
0.0132994852567231	1.37320487263781
0.0133028538346279	1.17274500509696
0.0133062241193945	0.960612846635467
0.0133095961123206	0.753564352113234
0.0133129698147052	0.560279019323462
0.0133163452278484	0.395194544670061
0.0133197223530519	0.261992926805751
0.0133231011916186	0.16833177798957
0.0133264817448527	0.118889801635743
0.0133298640140597	0.114772957646431
0.0133332480005466	0.155211823353316
0.0133366337056215	0.236721482930582
0.0133400211305939	0.353811363221709
0.0133434102767748	0.499709370612915
0.0133468011454763	0.663040017477917
0.013350193738012	0.836627728483535
0.0133535880556967	1.00765701286863
0.0133569840998466	1.16646664725774
0.0133603818717793	1.30666674740891
0.0133637813728136	1.40977798166717
0.0133671826042698	1.49271721797196
0.0133705855674695	1.5246687946288
0.0133739902637355	1.51435119947218
0.0133773966943922	1.46717262913977
0.0133808048607651	1.38124728911385
0.0133842147641813	1.25460306775202
0.013387626405969	1.11092746779219
0.0133910397874579	0.93911629407211
0.013394454909979	0.763139892485271
0.0133978717748648	0.587787908642185
0.0134012903834489	0.421165495768821
0.0134047107370665	0.274295162101712
0.0134081328370541	0.155872424129115
0.0134115566847495	0.072507654023032
0.0134149822814919	0.0297829189932065
0.0134184096286218	0.030423255291906
0.0134218387274813	0.0746974314856626
0.0134252695794136	0.161053091732561
0.0134287021857635	0.285510185830805
0.0134321365478769	0.442424019468269
0.0134355726671014	0.62275950234733
0.0134390105447857	0.817383703258964
0.0134424501822801	1.01687915981393
0.0134458915809361	1.21742490540167
0.0134493347421068	1.39817768880765
0.0134527796671464	1.56134491864218
0.0134562263574108	1.68668886216445
0.013459674814257	1.78243832019816
0.0134631250390435	1.82822260475293
0.0134665770331304	1.85779028115129
0.0134700307978789	1.82696659422931
0.0134734863346517	1.7559130815284
0.0134769436448129	1.64726492761751
0.0134804027297281	1.51768130725129
0.0134838635907641	1.36446339285008
0.0134873262292893	1.19555127979274
0.0134907906466734	1.0224623602888
0.0134942568442876	0.852473034337318
0.0134977248235042	0.699992914423362
0.0135011945856974	0.565864820083115
0.0135046661322425	0.457206214623793
0.0135081394645162	0.382840670986582
0.0135116145838968	0.34298007535767
0.0135150914917639	0.336817941422304
0.0135185701894984	0.36797233670286
0.0135220506784829	0.42834696462616
0.0135255329601013	0.516624022998471
0.0135290170357387	0.624030294952606
0.0135325029067821	0.742778186420159
0.0135359905746195	0.869072049223884
0.0135394800406406	1.00017574588539
0.0135429713062363	1.10971584613109
0.0135464643727992	1.21658301652576
0.0135499592417231	1.29214359416701
0.0135534559144034	1.34046295550214
0.0135569543922368	1.36131066331201
0.0135604546766216	1.35122449872026
0.0135639567689575	1.30870997500029
0.0135674606706455	1.22344049217886
0.0135709663830883	1.13313833205696
0.0135744739076897	1.01608728720156
0.0135779832458554	0.877973187346623
0.0135814943989922	0.736588577105346
0.0135850073685085	0.597622191896238
0.0135885221558141	0.462343510451415
0.0135920387623203	0.340861423067909
0.0135955571894399	0.240796675572613
0.0135990774385871	0.1676473405392
0.0136025995111775	0.122696919566342
0.0136061234086283	0.109676634707702
0.0136096491323582	0.130918626359055
0.0136131766837871	0.185579133061588
0.0136167060643367	0.267971231527543
0.01362023727543	0.378412777209641
0.0136237703184916	0.507900180260916
0.0136273051949473	0.660302648614869
0.0136308419062247	0.809882278403214
0.0136343804537527	0.970289485109496
0.0136379208389618	1.11883004427455
0.0136414630632838	1.26927937415278
0.0136450071281523	1.38659074271904
0.013648553035002	1.49299100056406
0.0136521007852694	1.56855163316294
0.0136556503803923	1.60243973648115
0.0136592018218102	1.62946513232394
0.013662755110964	1.61076289369665
0.0136663102492959	1.56329339383059
0.0136698672382499	1.50597400222193
0.0136734260792714	1.41346340589132
0.0136769867738072	1.30876900365155
0.0136805493233058	1.19750600229821
0.0136841137292171	1.07901094259505
0.0136876799929924	0.957812130989944
0.0136912481160848	0.847054866621464
0.0136948180999486	0.745729618571232
0.0136983899460398	0.660732147790497
0.013701963655816	0.592997676793122
0.013705539230736	0.545591519662698
0.0137091166722605	0.530864025230131
0.0137126959818515	0.524932837593175
0.0137162771609726	0.554322917417232
0.0137198602110888	0.595602786766792
0.0137234451336669	0.649262772178923
0.013727031930175	0.716568935357943
0.0137306206020828	0.790818819610509
0.0137342111508615	0.867479368011256
0.013737803577984	0.93245690032865
0.0137413978849246	0.998995161100778
0.0137449940731591	1.05288149424803
0.013748592144165	1.07560723608994
0.0137521920994212	1.09464905588527
0.0137557939404083	1.09438272421477
0.0137593976686082	1.0686150494214
0.0137630032855047	1.01492486279019
0.0137666107925829	0.954866030822755
0.0137702201913295	0.871603640230794
0.0137738314832329	0.777836921343417
0.0137774446697828	0.67515340957029
0.0137810597524707	0.568932863764515
0.0137846767327896	0.462295137780092
0.013788295612234	0.364088766220121
0.0137919163923	0.280817514324681
0.0137955390744854	0.209435243249697
0.0137991636602894	0.162999146162494
0.0138027901512129	0.137791634213396
0.0138064185487582	0.140674167244993
0.0138100488544294	0.170756903003874
0.013813681069732	0.228681229007723
0.0138173151961733	0.308338921228583
0.0138209512352619	0.410792560645186
0.0138245891885083	0.534587012918751
0.0138282290574242	0.66827793313106
0.0138318708435234	0.811384611217888
0.0138355145483208	0.964330988555376
0.0138391601733333	1.0994255988957
0.0138428077200791	1.23325058882264
0.0138464571900781	1.36252174631942
0.0138501085848519	1.44797694893614
0.0138537619059236	1.52698462342211
0.0138574171548179	1.58497797316277
0.0138610743330611	1.59890364159236
0.0138647334421813	1.58882717993563
0.013868394483708	1.55462765721994
0.0138720574591724	1.4951166490007
0.0138757223701072	1.41232209789768
0.0138793892180469	1.30776619852444
0.0138830580045276	1.19508063314612
0.0138867287310869	1.06242358321868
0.0138904013992641	0.941742188840415
0.0138940760106001	0.815142976956756
0.0138977525666375	0.693418173551685
0.0139014310689206	0.601676453009742
0.013905111518995	0.519609498532265
0.0139087939184083	0.457243864793368
0.0139124782687095	0.422670082214811
0.0139161645714495	0.415886371311145
0.0139198528281806	0.430338276449848
0.0139235430404569	0.46568804516297
0.0139272352098339	0.51949642472191
0.0139309293378691	0.587259892026025
0.0139346254261215	0.657260870172818
0.0139383234761516	0.737181788765053
0.0139420234895218	0.816675455090827
0.013945725467796	0.88459633215691
0.0139494294125399	0.933068111162413
0.0139531353253208	0.971156103157458
0.0139568432077075	0.989356792498051
0.0139605530612707	0.9849217049916
0.0139642648875827	0.963428303432842
0.0139679786882175	0.909336937672365
0.0139716944647506	0.832710953004982
0.0139754122187594	0.73999961006182
0.0139791319518229	0.633501538337934
0.0139828536655218	0.522293351181551
0.0139865773614384	0.404447145226557
0.0139903030411567	0.294590497997054
0.0139940307062626	0.195213041771547
0.0139977603583433	0.114932267377465
0.014001491998988	0.057737549076336
0.0140052256297876	0.0293393471761413
0.0140089612523345	0.032537182041766
0.014012698868223	0.068369429359827
0.0140164384790489	0.137103394957741
0.0140201800864098	0.236873255109405
0.0140239236919051	0.364288426847545
0.0140276692971359	0.516722097275495
0.0140314169037047	0.684051501537238
0.0140351665132162	0.862866897913792
0.0140389181272764	1.04286936349975
0.0140426717474932	1.21337096353181
0.0140464273754763	1.37535903755305
0.0140501850128369	1.51284308164356
0.0140539446611881	1.62225283827905
0.0140577063221448	1.69724754395976
0.0140614699973233	1.74237192750166
0.014065235688342	1.7468858185239
0.0140690033968208	1.70858423188924
0.0140727731243814	1.641576117967
0.0140765448726473	1.54328365349275
0.0140803186432437	1.41371810235736
0.0140840944377974	1.25157307385407
0.0140878722579372	1.0877845687552
0.0140916521052935	0.925493800051844
0.0140954339814984	0.75687922532806
0.014099217888186	0.600032568206242
0.0141030038269918	0.462090513775971
0.0141067917995533	0.346999768890755
0.0141105818075098	0.262479624565032
0.0141143738525021	0.209660277502451
0.014118167936173	0.191123011454298
0.014121964060167	0.201526162732425
0.0141257622261304	0.242410139960117
0.0141295624357112	0.310009718203602
0.0141333646905591	0.394392013939444
0.0141371689923259	0.501307958295875
0.0141409753426648	0.597939386762111
0.014144783743231	0.713974622393262
0.0141485941956814	0.811102442031934
0.0141524067016747	0.882734334297979
0.0141562212628715	0.951424300104996
0.014160037880934	0.988505103375485
0.0141638565575263	0.993473709738505
0.0141676772943143	0.975910130654688
0.0141715000929657	0.924500146966801
0.01417532495515	0.854444841754488
0.0141791518825383	0.752280355588968
0.0141829808768039	0.646649087387438
0.0141868119396216	0.522364859745732
0.0141906450726681	0.39978770771387
0.014194480277622	0.286544612102885
0.0141983175561636	0.186872329441723
0.0142021569099749	0.108815883942723
0.0142059983407401	0.0595267252656515
0.0142098418501448	0.0434440839366685
0.0142136874398768	0.0633561629534111
0.0142175351116254	0.120159764601101
0.0142213848670819	0.210738239339797
0.0142252367079395	0.333551052661707
0.0142290906358931	0.484846915247838
0.0142329466526394	0.663705067316249
0.0142368047598771	0.842809706087972
0.0142406649593066	1.0524556838844
0.0142445272526302	1.23460917593842
0.0142483916415522	1.40739073967449
0.0142522581277785	1.57709028640194
0.0142561267130169	1.70966414849425
0.0142599973989772	1.79265257570403
0.0142638701873709	1.85481548118558
0.0142677450799115	1.86920896968677
0.0142716220783142	1.84521229282527
0.0142755011842963	1.77244957541675
0.0142793823995767	1.6749231255421
0.0142832657258763	1.52995373167472
0.0142871511649179	1.35666549958831
0.0142910387184261	1.17894245794351
0.0142949283881275	0.989535454847838
0.0142988201757504	0.783568339696895
0.0143027140830251	0.59913171573294
0.0143066101116838	0.432657224200273
0.0143105082634606	0.289299396970889
0.0143144085400914	0.17506022281607
0.014318310943314	0.094109488255038
0.0143222154748681	0.0501647437654213
0.0143261221364954	0.0421514716798992
0.0143300309299395	0.0680270419167061
0.0143339418569457	0.124855983990231
0.0143378549192614	0.206890685315283
0.0143417701186359	0.307635799866247
0.0143456874568202	0.42570617574003
0.0143496069355676	0.537123114274431
0.0143535285566329	0.656370135972552
0.0143574523217731	0.773796452482899
0.014361378232747	0.855453831763439
0.0143653062913154	0.934341507984006
0.0143692364992409	0.982104691996184
0.0143731688582882	1.00179854771754
0.0143771033702238	0.997285798145348
0.0143810400368162	0.970267394251425
0.0143849788598358	0.917968039304269
0.014388919841055	0.851091838967387
0.014392862982248	0.770912556078371
0.0143968082851912	0.67774496201553
0.0144007557516626	0.598824485207369
0.0144047053834425	0.522609068597959
0.0144086571823129	0.465311948851254
0.0144126111500579	0.434066814749899
0.0144165672884636	0.421622661986615
0.0144205255993178	0.444503714423228
0.0144244860844105	0.493563392801252
0.0144284487455337	0.564325709077437
0.0144324135844812	0.667534833603942
0.0144363806030488	0.793530835897497
0.0144403498030344	0.929386084561727
0.0144443211862378	1.10016840701727
0.0144482947544607	1.23477806061374
0.0144522705095069	1.41736367278203
0.0144562484531822	1.54691715607927
0.0144602285872943	1.66283654967597
0.0144642109136529	1.76602348115128
0.0144681954340698	1.87383484620486
0.0144721821503586	1.90093122557733
0.0144761710643352	1.92148406559414
0.0144801621778172	1.8895020613312
0.0144841554926243	1.82198750374923
0.0144881510105783	1.72233109026464
0.0144921487335029	1.59762824238617
0.0144961486632239	1.43738758067457
0.0145001508015691	1.26614562614762
0.0145041551503683	1.08086270586546
0.0145081617114532	0.888173697330174
0.0145121704866577	0.696571539579381
0.0145161814778177	0.515757528285905
0.0145201946867712	0.365499710299155
0.0145242101153579	0.231569806049781
0.0145282277654199	0.126092375361412
0.0145322476388012	0.0516255916713292
0.0145362697373478	0.0105618000230536
0.0145402940629079	0.00132608322261075
0.0145443206173316	0.0223156804637185
0.014548349402471	0.0705978642341117
0.0145523804201804	0.144457039333707
0.0145564136723161	0.233236600498551
0.0145604491607365	0.342987216811332
0.014564486887302	0.457587253120951
0.014568526853875	0.577104533040795
0.0145725690623201	0.679105719316992
0.014576613514504	0.787260244283143
0.0145806602122952	0.895091818937562
0.0145847091575647	0.975242670439519
0.0145887603521852	1.03558867227562
0.0145928137980316	1.0843557349301
0.014596869496981	1.11515815388135
0.0146009274509125	1.127496370538
0.0146049876617072	1.13466257791118
0.0146090501312485	1.12928674600202
0.0146131148614217	1.12829022301245
0.0146171818541143	1.10148268964903
0.0146212511112159	1.11192819407558
0.0146253226346181	1.10527571016845
0.0146293964262148	1.09792534899127
0.0146334724879019	1.11870639055705
0.0146375508215773	1.15817708143342
0.0146416314291412	1.19240803040258
0.0146457143124959	1.23786091401107
0.0146497994735456	1.29496600217172
0.014653886914197	1.37098766740632
0.0146579766363587	1.42870468620934
0.0146620686419414	1.51525154776919
0.014666162932858	1.56245407070161
0.0146702595110235	1.63616640996312
0.0146743583783551	1.68219667749309
0.0146784595367721	1.75772354253289
0.0146825629881961	1.7704192026076
0.0146866687345505	1.77131423408667
0.0146907767777611	1.78788712615135
0.0146948871197559	1.75493671095287
0.014698999762465	1.69071761400352
0.0147031147078206	1.61718932281264
0.014707231957757	1.52285299385051
0.0147113515142108	1.40076554526127
0.0147154733791209	1.2761511514628
0.014719597554428	1.13018534996398
0.0147237240420754	0.973623118095084
0.0147278528440082	0.815520411801274
0.0147319839621738	0.662634598558638
0.0147361173985221	0.512868747203416
0.0147402531550046	0.379600780649146
0.0147443912335756	0.261970987876733
0.0147485316361912	0.163583012577558
0.0147526743648097	0.0867638447492849
0.0147568194213919	0.0334546265461737
0.0147609668079005	0.0055089696384056
0.0147651165263005	0.0030626606199817
0.0147692685785592	0.025694760697013
0.014773422966646	0.0725141847526555
0.0147775796925326	0.140285342555391
0.0147817387581929	0.228263805949869
0.014785900165603	0.336207610014214
0.0147900639167411	0.454324341800597
0.0147942300135879	0.581132849593183
0.0147983984581261	0.703358815625561
0.0148025692523409	0.835880864598929
0.0148067423982193	0.967582795154427
0.014810917897751	1.09044437231851
0.0148150957529278	1.20643719995213
0.0148192759657435	1.31042997697372
0.0148234585381944	1.39746682410244
0.0148276434722791	1.472176005595
0.0148318307699984	1.53155648880486
0.0148360204333551	1.59865352299348
0.0148402124643547	1.62119535339844
0.0148444068650047	1.65144632364068
0.0148486036373148	1.65500469487773
0.0148528027832973	1.66390945528418
0.0148570043049665	1.66171199255589
0.0148612082043389	1.64493153669107
0.0148654144834337	1.63779052473032
0.0148696231442719	1.6135725185727
0.0148738341888772	1.58436295677978
0.0148780476192752	1.55882160415116
0.0148822634374942	1.540231071532
0.0148864816455645	1.52925510242705
0.0148907022455188	1.48710956021421
0.0148949252393922	1.48530591921437
0.0148991506292218	1.46199587523168
0.0149033784170475	1.4251954208618
0.0149076086049111	1.40110702779695
0.0149118411948569	1.37878147980495
0.0149160761889315	1.35578957546104
0.0149203135891838	1.31274870664409
0.014924553397665	1.2689828474725
0.0149287956164288	1.21658713384878
0.014933040247531	1.15291484332364
0.0149372872930299	1.08246550030736
0.014941536754986	1.00165324705219
0.0149457886354624	0.909866363144758
0.0149500429365242	0.812869721549434
0.0149542996602392	0.70834328655675
0.0149585588086774	0.60685298241554
0.014962820383911	0.500222720830385
0.0149670843880148	0.402412089294218
0.0149713508230659	0.313672239039367
0.0149756196911438	0.232718151596478
0.0149798909943302	0.168114301098139
0.0149841647347093	0.118604038509485
0.0149884409143678	0.0898352422441162
0.0149927195353946	0.0815623592412345
0.014997000599881	0.0942780618354434
0.0150012841099208	0.131805055338632
0.01500557006761	0.189871906366648
0.0150098584750474	0.266298078265593
0.0150141493343336	0.365733320743283
0.0150184426475722	0.479479558999456
0.0150227384168687	0.607162565213793
0.0150270366443314	0.740818577671593
0.0150313373320709	0.875863289164231
0.0150356404822	1.01226932915177
0.0150399460968341	1.14446426972903
0.0150442541780912	1.26668097162617
0.0150485647280915	1.37650920572032
0.0150528777489575	1.46774293103095
0.0150571932428145	1.54421553260394
0.0150615112117899	1.59879820995007
0.0150658316580138	1.63280527155721
0.0150701545836186	1.65861691670308
0.0150744799907392	1.65190089862211
0.0150788078815129	1.62739682544002
0.0150831382580795	1.58790756310435
0.0150874711225812	1.53287019137661
0.0150918064771628	1.46870572208418
0.0150961443239715	1.39678405335843
0.0151004846651568	1.31984951859365
0.0151048275028709	1.24107406398239
0.0151091728392684	1.16175160435015
0.0151135206765064	1.08090820336157
0.0151178710167443	1.02217730369523
0.0151222238621444	0.951640375296059
0.015126579214871	0.897888280343537
0.0151309370770913	0.854619811641266
0.0151352974509747	0.823147876149882
0.0151396603386934	0.792778489106444
0.0151440257424217	0.772400818611633
0.0151483936643368	0.758095956429632
0.0151527641066183	0.744568172814939
0.0151571370714481	0.730374850163055
0.0151615125610109	0.718976101381899
0.0151658905774938	0.703741261607816
0.0151702711230865	0.684113905663106
0.0151746541999811	0.661172303132837
0.0151790398103723	0.637713533111822
0.0151834279564574	0.606822247543294
0.0151878186404361	0.576471895059661
0.0151922118645108	0.541402508687034
0.0151966076308864	0.508180775247186
0.0152010059417702	0.479443948375901
0.0152054067993724	0.455493649546988
0.0152098102059053	0.439579088661396
0.0152142161635843	0.432073257547799
0.0152186246746268	0.434796890838902
0.0152230357412533	0.448878085843151
0.0152274493656864	0.477330906136542
0.0152318655501516	0.514642369475811
0.015236284296877	0.568011733170944
0.015240705608093	0.625271459881845
0.0152451294860328	0.699397858361195
0.0152495559329323	0.772282661329477
0.0152539849510296	0.859310014923662
0.0152584165425659	0.933833631165188
0.0152628507097846	1.00950749598503
0.015267287454932	1.07886055481199
0.0152717267802568	1.14976984472312
0.0152761686880103	1.19940944346788
0.0152806131804467	1.23337670486185
0.0152850602598226	1.25509166770377
0.0152895099283972	1.25950501569314
0.0152939621884324	1.24537959630445
0.0152984170421929	1.21828501387659
0.0153028744919456	1.17734162086822
0.0153073345399605	1.12454804486225
0.0153117971885101	1.05575590738936
0.0153162624398694	0.980614588524759
0.0153207302963162	0.909434448521659
0.015325200760131	0.825152141836153
0.0153296738335968	0.740887530897366
0.0153341495189995	0.658276778569193
0.0153386278186273	0.582843366480706
0.0153431087347715	0.513099677041866
0.0153475922697258	0.450381028054129
0.0153520784257867	0.395932239103212
0.0153565672052533	0.352317136551256
0.0153610586104274	0.316109554726537
0.0153655526436137	0.288866799005042
0.0153700493071192	0.271220486838195
0.0153745486032541	0.261257504650929
0.0153790505343308	0.260507496705582
0.0153835551026648	0.261212625641563
0.015388062310574	0.270628687636457
0.0153925721603794	0.286708853435055
0.0153970846544043	0.305064162425627
0.015401599794975	0.32726311578046
0.0154061175844204	0.353446508610939
0.0154106380250723	0.383129396485318
0.0154151611192651	0.419704022031711
0.0154196868693359	0.458466337460437
0.0154242152776246	0.504012798931703
0.015428746346474	0.557192270930658
0.0154332800782293	0.61455767614444
0.0154378164752388	0.67853049622261
0.0154423555398535	0.753273391758266
0.015446897274427	0.822277918244333
0.0154514416813157	0.901476335196265
0.015455988762879	0.985423190725467
0.0154605385214789	1.06555320341958
0.0154650909594801	1.14142100413312
0.0154696460792502	1.2174489290498
0.0154742038831597	1.28545095893627
0.0154787643735817	1.3471139733794
0.0154833275528922	1.39713784359404
0.0154878934234699	1.44176916196544
0.0154924619876964	1.44835940588512
0.0154970332479561	1.46757140769406
0.0155016072066363	1.44784675750806
0.0155061838661269	1.4073219865819
0.0155107632288209	1.35617049279246
0.0155153452971138	1.29685835621719
0.0155199300734042	1.21407500460407
0.0155245175600934	1.13064961566198
0.0155291077595857	1.02846462404818
0.015533700674288	0.920113564922852
0.0155382963066103	0.808274648129257
0.0155428946589652	0.700113453433488
0.0155474957337683	0.591158612795159
0.0155520995334381	0.491353876996765
0.015556706060396	0.394562201955394
0.015561315317066	0.31288715914903
0.0155659273058753	0.241396037673313
0.0155705420292538	0.180929567849089
0.0155751594896343	0.130752882801928
0.0155797796894525	0.0917267758227172
0.015584402631147	0.0627344400353458
0.0155890283171593	0.0418569741256837
0.0155936567499338	0.0280118668143993
0.0155982879319177	0.0191964096688163
0.0156029218655614	0.0142209968666125
0.0156075585533178	0.0120826114295156
0.0156121979976431	0.0115119340088823
0.0156168402009961	0.0125806001048914
0.0156214851658388	0.0153297655486364
0.015626132894636	0.0205627571180737
0.0156307833898554	0.0291571586878069
0.0156354366539677	0.0428867132421104
0.0156400926894465	0.0640754745892906
0.0156447514987684	0.0936946234766569
0.0156494130844128	0.1349172318261
0.0156540774488624	0.189383450334079
0.0156587445946025	0.258397833986571
0.0156634145241216	0.342382886923288
0.0156680872399109	0.44225456414905
0.0156727627444649	0.557432753575607
0.0156774410402809	0.685108209301684
0.0156821221298592	0.825413053473836
0.015686806015703	0.976578651297191
0.0156914927003188	1.13322883056514
0.0156961821862156	1.28367491716054
0.015700874475906	1.43230104157569
0.015705569571905	1.58346660593492
0.0157102674767311	1.7104484648013
0.0157149681929055	1.81626328001481
0.0157196717229526	1.88723527074135
0.0157243780693998	1.9629189803072
0.0157290872347773	1.96904168873037
0.0157337992216186	1.97818307001198
0.0157385140324603	1.94481041807814
0.0157432316698417	1.87447626274118
0.0157479521363054	1.78867049258482
0.0157526754343969	1.69339734613955
0.015757401566665	1.55532265903709
0.0157621305356614	1.41043808642513
0.0157668623439408	1.24141289298465
0.0157715969940609	1.08396455712419
0.0157763344885829	0.918756021771909
0.0157810748300705	0.762301279426749
0.015785818021091	0.613954966871786
0.0157905640642144	0.483214250514234
0.0157953129620141	0.371724514556018
0.0158000647170662	0.278605269936995
0.0158048193319504	0.204825039839737
0.0158095768092491	0.152529244006051
0.0158143371515481	0.11873926361957
0.015819100361436	0.1018112311255
0.0158238664415048	0.0984883794031431
0.0158286353943494	0.104457491984187
0.0158334072225682	0.117131822199335
0.0158381819287623	0.131554829785542
0.0158429595155361	0.143093599256216
0.0158477399854973	0.152956411888816
0.0158525233412565	0.154083745585874
0.0158573095854277	0.147620784840372
0.0158620987206277	0.135883010099009
0.0158668907494769	0.113999162405118
0.0158716856745986	0.0889183821916136
0.0158764834986193	0.0616158585627321
0.0158812842241687	0.0357900538770747
0.0158860878538796	0.0148518458312421
0.0158908943903883	0.00335005617252443
0.0158957038363339	0.00543745287020642
0.0159005161943589	0.0249713389286532
0.0159053314671089	0.0649426624189935
0.0159101496572329	0.12690363335693
0.0159149707673828	0.21348903447395
0.0159197948002141	0.322854762628163
0.0159246217583852	0.454251458585844
0.0159294516445577	0.607925802545503
0.0159342844613968	0.774021440183382
0.0159391202115707	0.949444892270743
0.0159439588977506	1.13129069113266
0.0159488005226115	1.31192355793922
0.015953645088831	1.48262589580733
0.0159584925990906	1.63553033691202
0.0159633430560746	1.76725944224088
0.0159681964624708	1.85733956828054
0.0159730528209701	1.9301026099701
0.0159779121342667	1.96089927299828
0.0159827744050584	1.97827119511185
0.0159876396360457	1.93160253884706
0.015992507829933	1.85744756610419
0.0159973789894275	1.75317217121194
0.0160022531172401	1.65031283042644
0.0160071302160846	1.48206818608206
0.0160120102886785	1.33940463608168
0.0160168933377423	1.16969947492922
0.0160217793660001	0.998579363209329
0.0160266683761791	0.82746641180925
0.0160315603710099	0.683070902798222
0.0160364553532265	0.552358126886439
0.0160413533255662	0.442400750940905
0.0160462542907695	0.358276584663544
0.0160511582515806	0.301912714278359
0.0160560652107466	0.272089578534439
0.0160609751710184	0.266860168734305
0.01606588813515	0.283809294504835
0.0160708041058987	0.318528003855059
0.0160757230860256	0.36699086769112
0.0160806450782946	0.423914352488646
0.0160855700854734	0.480305767341615
0.0160904981103331	0.53569684958149
0.0160954291556478	0.579896583221059
0.0161003632241955	0.609304138725677
0.0161053003187573	0.623387371929455
0.0161102404421177	0.61397292216916
0.0161151835970648	0.586427419131147
0.0161201297863901	0.542388868674797
0.0161250790128883	0.48331516920693
0.0161300312793578	0.418505707470072
0.0161349865886003	0.33829826074586
0.016139944943421	0.256295437892281
0.0161449063466284	0.179758525433793
0.0161498708010347	0.112641138511747
0.0161548383094555	0.0608539172270769
0.0161598088747096	0.0280714098459725
0.0161647824996197	0.0186135723541014
0.0161697591870115	0.0350823407241026
0.0161747389397147	0.0784078960237743
0.016179721760562	0.14891231930094
0.0161847076523899	0.24461811990488
0.0161896966180383	0.361523148563049
0.0161946886603506	0.496240802314475
0.0161996837821737	0.643143982436707
0.0162046819863581	0.795248125876123
0.0162096832757577	0.94082406245083
0.0162146876532299	1.08760194973064
0.0162196951216359	1.20377735288728
0.01622470568384	1.30446646795175
0.0162297193427105	1.39508727870421
0.0162347361011189	1.44232815580805
0.0162397559619404	1.45434111866772
0.0162447789280537	1.43517942764102
0.0162498050023411	1.3692552496899
0.0162548341876886	1.29002457994691
0.0162598664869854	1.17723634763423
0.0162649019031248	1.05294817666751
0.0162699404390032	0.921635066647492
0.0162749820975208	0.774460255741721
0.0162800268815815	0.629938509478962
0.0162850747940927	0.496535048841721
0.0162901258379652	0.374342623200427
0.0162951800161138	0.272209753998935
0.0163002373314567	0.196545376781175
0.0163052977869157	0.147510674068391
0.0163103613854163	0.128773976281199
0.0163154281298876	0.139408115087335
0.0163204980232624	0.178340784943183
0.0163255710684771	0.242623664072888
0.0163306472684718	0.329097582739176
0.0163357266261901	0.431117537524056
0.0163408091445794	0.541974888187498
0.0163458948265908	0.658328780794222
0.016350983675179	0.771916772363321
0.0163560756933025	0.874527260907609
0.0163611708839232	0.962616674874597
0.016366269250007	1.02144033210997
0.0163713707945234	1.07502719568901
0.0163764755204455	1.08760734903608
0.0163815834307503	1.07033937005399
0.0163866945284183	1.04228980532515
0.0163918088164339	0.975872113015091
0.0163969262977851	0.897777660589511
0.0164020469754637	0.801261513271504
0.0164071708524652	0.690998293056253
0.016412297931789	0.57692883611701
0.016417428216438	0.461290352734523
0.016422561709419	0.356389953268597
0.0164276984137426	0.263251522094289
0.016432838332423	0.187450914403401
0.0164379814684784	0.132085922097158
0.0164431278249305	0.100473794406824
0.0164482774048051	0.0929403290449198
0.0164534302111316	0.109025267509002
0.0164585862469431	0.149079355114455
0.0164637455152769	0.207480243454592
0.0164689080191736	0.282374078249653
0.016474073761678	0.369885884605661
0.0164792427458385	0.461988794302684
0.0164844149747075	0.555225927086133
0.016489590451341	0.645083438069267
0.0164947691787992	0.724635564750606
0.0164999511601457	0.789996430558895
0.0165051363984483	0.835768565965131
0.0165103248967786	0.857414487508288
0.0165155166582119	0.865564666992557
0.0165207116858274	0.847165411437983
0.0165259099827084	0.79888668160408
0.0165311115519419	0.736373310026818
0.0165363163966187	0.662105001674723
0.0165415245198338	0.567415062158075
0.0165467359246857	0.468420065264283
0.0165519506142771	0.367156754877585
0.0165571685917146	0.268427446587545
0.0165623898601086	0.179609389205898
0.0165676144225734	0.105536426355105
0.0165728422822274	0.0490385924573589
0.0165780734421927	0.0143613770876971
0.0165833079055957	0.00463603777823024
0.0165885456755663	0.0208213725897519
0.0165937867552388	0.0631174040611952
0.0165990311477511	0.129294932718368
0.0166042788562453	0.218634219612485
0.0166095298838673	0.32773517297341
0.0166147842337672	0.452399008077741
0.0166200419090988	0.586147169908175
0.0166253029130202	0.725118555243537
0.0166305672486933	0.861451596459745
0.0166358349192841	0.991982909160848
0.0166411059279625	1.10704965954685
0.0166463802779025	1.21572407491095
0.0166516579722821	1.28675316279552
0.0166569390142835	1.35490674666733
0.0166622234070926	1.37863863971239
0.0166675111538996	1.3715255224786
0.0166728022578987	1.35156439042654
0.0166780967222881	1.29805281354032
0.0166833945502702	1.2198988636225
0.0166886957450513	1.12177143468589
0.0166940003098418	1.00415670003637
0.0166993082478563	0.883889256926644
0.0167046195623134	0.75989383797617
0.0167099342564358	0.62952106969198
0.0167152523334504	0.510389442385504
0.016720573796588	0.398568139555495
0.0167258986490838	0.300099995179727
0.0167312268941768	0.22391136403384
0.0167365585351104	0.165250294159909
0.0167418935751321	0.130371985992773
0.0167472320174933	0.117809291602847
0.0167525738654498	0.126910303465491
0.0167579191222615	0.156435491410304
0.0167632677911925	0.205180064605398
0.0167686198755109	0.268242623642817
0.0167739753784891	0.340940998884435
0.0167793343034037	0.419449157150262
0.0167846966535355	0.506658472491645
0.0167900624321693	0.584522471057653
0.0167954316425943	0.652720527803315
0.016800804288104	0.715525227790705
0.0168061803719958	0.754974318246689
0.0168115598975717	0.783109701912274
0.0168169428681375	0.79343845517967
0.0168223292870035	0.78127095323336
0.0168277191574844	0.753935201226856
0.0168331124828987	0.708829715528676
0.0168385092665695	0.645282212140304
0.0168439095118242	0.57713658959328
0.0168493132219942	0.505160133744792
0.0168547204004154	0.433271175731481
0.0168601310504278	0.360429245260239
0.0168655451753758	0.298370504138929
0.0168709627786082	0.248629651232467
0.0168763838634779	0.213620834831475
0.0168818084333423	0.203671819100052
0.0168872364915629	0.212311729071738
0.0168926680415057	0.248468461641297
0.016898103086541	0.307878267766667
0.0169035416300435	0.387980202556825
0.0169089836753919	0.492814339915632
0.0169144292259698	0.606503048953859
0.0169198782851647	0.73695640879171
0.0169253308563687	0.887034669278506
0.0169307869429782	1.01227046881588
0.0169362465483941	1.16142681932989
0.0169417096760214	1.28640023691708
0.0169471763292698	1.38993382469022
0.0169526465115533	1.46215869918766
0.0169581202262903	1.51951098972837
0.0169635974769035	1.55360257023234
0.0169690782668202	1.55520267679351
0.0169745625994721	1.50919047291713
0.0169800504782952	1.45023590012775
0.0169855419067301	1.36398425629044
0.0169910368882219	1.2464438751917
0.0169965354262198	1.10720978975161
0.017002037524178	0.961042443253024
0.0170075431855548	0.806844494932984
0.017013052413813	0.654649360413946
0.01701856521242	0.504343179042143
0.0170240815848478	0.376098647251415
0.0170296015345726	0.258981532446683
0.0170351250650753	0.170186344209447
0.0170406521798414	0.110108469275805
0.0170461828823606	0.0805531055717798
0.0170517171761276	0.0842709063473459
0.0170572550646413	0.116970097363653
0.0170627965514052	0.179352919697669
0.0170683416399274	0.26966142033279
0.0170738903337206	0.380285401330332
0.0170794426363019	0.503551665712629
0.0170849985511932	0.634486006417347
0.017090558081921	0.778202502779043
0.017096121232016	0.901235436557273
0.017101688005014	1.02401307510357
0.017107258404455	1.11530897612935
0.017112832433884	1.19330530883802
0.0171184100968502	1.24245228935307
0.0171239913969078	1.26288046888426
0.0171295763376155	1.24338746433423
0.0171351649225365	1.21141166719842
0.0171407571552388	1.15333622259088
0.0171463530392951	1.0623878965427
0.0171519525782826	0.969980702917544
0.0171575557757834	0.854472358162192
0.0171631626353841	0.741007310426372
0.0171687731606761	0.637673569793078
0.0171743873552554	0.529154934145587
0.0171800052227227	0.448195631933657
0.0171856267666835	0.384179650090081
0.0171912519907481	0.341321292823491
0.0171968808985313	0.32684334169962
0.0172025134936527	0.344589781329599
0.0172081497797368	0.388486603256076
0.0172137897604127	0.460522430621855
0.0172194334393143	0.558264420037272
0.0172250808200803	0.67580504368382
0.0172307319063542	0.804822675875226
0.017236386701784	0.92098216222902
0.017242045210023	1.05120397497088
0.0172477074347289	1.1792720596806
0.0172533733795643	1.27911843574998
0.0172590430481966	1.37035162672603
0.0172647164442982	1.41563558979744
0.0172703935715461	1.45446047321849
0.0172760744336223	1.44266556312788
0.0172817590342135	1.40656686363975
0.0172874473770113	1.3493996550204
0.0172931394657123	1.25581200481515
0.0172988353040178	1.14413705123156
0.017304534895634	1.01369173523237
0.0173102382442721	0.86942654909053
0.0173159453536481	0.723150143690376
0.017321656227483	0.582740815018606
0.0173273708695024	0.44164157256479
0.0173330892834373	0.332576158310561
0.0173388114730233	0.239135634553595
0.017344537442001	0.169273579903973
0.0173502671941159	0.136300546284153
0.0173560007331186	0.132803624702099
0.0173617380627645	0.15717756968597
0.0173674791868141	0.214730075390535
0.0173732241090327	0.300130828869543
0.0173789728331908	0.414846683159649
0.0173847253630637	0.534643455412541
0.0173904817024319	0.677510672030537
0.0173962418550807	0.811551758986877
0.0174020058248005	0.938533158350315
0.0174077736153868	1.06681577026593
0.01741354523064	1.18818328135097
0.0174193206743657	1.27302900248489
0.0174250999503744	1.33496612252081
0.0174308830624818	1.37476249801391
0.0174366700145084	1.38138888208249
0.0174424608102802	1.36300029363426
0.0174482554536278	1.31940580507629
0.0174540539483874	1.24555964548246
0.0174598562983998	1.16768857961309
0.0174656625075113	1.05951259759556
0.0174714725795732	0.954166020340021
0.0174772865184417	0.844398864913229
0.0174831043279786	0.722634378486318
0.0174889260120503	0.620875081789529
0.0174947515745287	0.536015735934391
0.0175005810192909	0.465432548803279
0.017506414350219	0.413998527602482
0.0175122515712003	0.38135531223168
0.0175180926861273	0.372350996792809
0.0175239376988978	0.382071925172352
0.0175297866134146	0.415946073560434
0.0175356394335859	0.454513365017392
0.0175414961633251	0.517931819644603
0.0175473568065506	0.591956628797672
0.0175532213671864	0.669021373384386
0.0175590898491615	0.749232920949517
0.0175649622564102	0.80714782371023
0.0175708385928721	0.869433430985272
0.0175767188624921	0.922853135924055
0.0175826030692203	0.959416349044255
0.0175884912170121	0.975888103657831
0.0175943833098283	0.977845785514382
0.017600279351635	0.96152632085659
0.0176061793464034	0.928441257486586
0.0176120832981103	0.883704813636457
0.0176179912107376	0.829119276248204
0.0176239030882729	0.772019187593173
0.0176298189347087	0.694967456693209
0.0176357387540432	0.632596037857547
0.0176416625502798	0.563897976830641
0.0176475903274274	0.496380221437813
0.0176535220895002	0.444337714886045
0.0176594578405178	0.398476734125356
0.0176653975845053	0.369768263989383
0.0176713413254931	0.356393980515332
0.017677289067517	0.351633518475656
0.0176832408146185	0.371410953290221
0.0176891965708442	0.399215814140344
0.0176951563402464	0.439355055686022
0.0177011201268827	0.481735458248781
0.0177070879348163	0.536362372637407
0.0177130597681159	0.598024982472663
0.0177190356308555	0.660408316181704
0.0177250155271147	0.718135744126605
0.0177309994609787	0.776301670644428
0.0177369874365382	0.826932874285557
0.0177429794578892	0.871616820934676
0.0177489755291336	0.907712704322671
0.0177549756543785	0.931293773470829
0.0177609798377368	0.948254227775992
0.0177669880833268	0.948456126906205
0.0177730003952726	0.942946467933473
0.0177790167777036	0.92185207509279
0.017785037234755	0.894990056490024
0.0177910617705676	0.849403673159756
0.0177970903892875	0.804421433421739
0.0178031230950669	0.756690797825385
0.0178091598920633	0.702952740647421
0.01781520078444	0.63689381500429
0.0178212457763658	0.584902665423979
0.0178272948720154	0.519598526612625
0.0178333480755688	0.462851038211575
0.0178394053912121	0.410216881332441
0.0178454668231368	0.369247902813758
0.0178515323755402	0.330396258936057
0.0178576020526253	0.302916339303659
0.0178636758586008	0.281361577897352
0.0178697537976812	0.267238035876536
0.0178758358740866	0.267128326332489
0.0178819220920429	0.278015084168228
0.0178880124557819	0.296342574109684
0.017894106969541	0.323311117203557
0.0179002056375635	0.361404110982364
0.0179063084640982	0.408773387073782
0.0179124154534001	0.461664293048276
0.0179185266097298	0.51929355602788
0.0179246419373537	0.576714142825887
0.0179307614405441	0.641578835441219
0.017936885123579	0.699086995136355
0.0179430129907425	0.757662255423991
0.0179491450463242	0.803610324939011
0.01795528129462	0.843581632116232
0.0179614217399312	0.875031628007261
0.0179675663865654	0.893781795787811
0.0179737152388358	0.89616972850089
0.0179798683010618	0.894389410466471
0.0179860255775683	0.871374383029494
0.0179921870726866	0.828470918004214
0.0179983527907537	0.792373633087185
0.0180045227361124	0.728969585701897
0.0180106969131117	0.669083143703034
0.0180168753261065	0.605335892544528
0.0180230579794577	0.543156150206606
0.018029244877532	0.478703962227784
0.0180354360247024	0.419191924592895
0.0180416314253477	0.370489042202544
0.0180478310838527	0.328908068316621
0.0180540350046085	0.29895447699321
0.0180602431920118	0.282578244893722
0.0180664556504657	0.281187393198265
0.0180726723843794	0.294062624134798
0.0180788933981677	0.319681018849719
0.0180851186962521	0.357496851856489
0.0180913482830598	0.405827889029924
0.0180975821630241	0.459618653495994
0.0181038203405846	0.515255526374778
0.018110062820187	0.568793767029247
0.0181163096062829	0.621212877226803
0.0181225607033304	0.664675428126163
0.0181288161157935	0.687242061629324
0.0181350758481423	0.712211334251883
0.0181413399048534	0.70316806948748
0.0181476082904093	0.695496643639624
0.0181538810092988	0.662965661642739
0.0181601580660169	0.608246761581232
0.0181664394650648	0.546898944651899
0.0181727252109501	0.477522058220062
0.0181790153081863	0.393098900697697
0.0181853097612934	0.311095928483172
0.0181916085747977	0.232232016803455
0.0181979117532316	0.158360231387577
0.0182042193011338	0.0964081720278909
0.0182105312230495	0.0499938557506304
0.01821684752353	0.0238030778937892
0.0182231682071329	0.0200193817149498
0.0182294932784223	0.040503637452319
0.0182358227419686	0.085881003246926
0.0182421566023483	0.155136201718463
0.0182484948641447	0.246258181530567
0.018254837531947	0.357184378600379
0.0182611846103512	0.482617473840266
0.0182675361039594	0.616532883209316
0.0182738920173803	0.752543365143554
0.0182802523552288	0.888753732797591
0.0182866171221264	1.01837169384931
0.0182929863227011	1.11379680690162
0.0182993599615871	1.2241434045762
0.0183057380434252	1.28628734934761
0.0183121205728628	1.33101881821903
0.0183185075545536	1.34065158487859
0.0183248989931578	1.30791223258183
0.0183312948933423	1.27286485094737
0.0183376952597802	1.20377184775099
0.0183441000971514	1.10183819449349
0.0183505094101423	0.987761866388798
0.0183569232034457	0.853054071872183
0.0183633414817611	0.718290073310574
0.0183697642497946	0.579252532833247
0.0183761915122587	0.443990952191318
0.0183826232738727	0.322858456262348
0.0183890595393625	0.215609262701622
0.0183955003134604	0.129822056813711
0.0184019456009056	0.0679669130164665
0.0184083954064437	0.0315674343831111
0.0184148497348272	0.0208078046669283
0.0184213085908152	0.0347284109313687
0.0184277719791733	0.070762381871037
0.0184342399046739	0.124883784684368
0.0184407123720963	0.194138138985864
0.0184471893862262	0.271232386210323
0.0184536709518562	0.354297532241736
0.0184601570737856	0.429305193833353
0.0184666477568204	0.501406945304746
0.0184731430057735	0.560433291444784
0.0184796428254645	0.603806095346379
0.0184861472207197	0.632828971955734
0.0184926561963724	0.642745001226661
0.0184991697572624	0.620290470610577
0.0185056879082365	0.589046690474181
0.0185122106541485	0.539036923996425
0.0185187379998588	0.472089873094045
0.0185252699502348	0.400831980518544
0.0185318065101506	0.320552625910569
0.0185383476844873	0.242373417014775
0.0185448934781329	0.171615127267022
0.0185514438959824	0.113292167620178
0.0185579989429374	0.0707630508804998
0.0185645586239069	0.0487032821585948
0.0185711229438063	0.0504441596151097
0.0185776919075585	0.0771110653974792
0.0185842655200929	0.128673273944022
0.0185908437863462	0.204648572878382
0.0185974267112619	0.301362089018401
0.0186040142997906	0.415497390970289
0.01861060655689	0.542178888653354
0.0186172034875245	0.679059575492875
0.0186238050966661	0.811351136218188
0.0186304113892932	0.945223972815015
0.0186370223703917	1.06121747612816
0.0186436380449546	1.1788176257683
0.0186502584179817	1.25038206403928
0.0186568834944801	1.32596901299975
0.018663513279464	1.34290337922957
0.0186701477779547	1.35096557516873
0.0186767869949807	1.33444100455118
0.0186834309355776	1.28242336030614
0.0186900796047881	1.20401590046379
0.0186967330076622	1.09712558587404
0.0187033911492571	0.983713894827669
0.0187100540346371	0.860169844054735
0.0187167216688738	0.724006116897253
0.018723394057046	0.58908380600916
0.0187300712042397	0.461843948308297
0.0187367531155484	0.341479966925438
0.0187434397960724	0.23601208870928
0.0187501312509198	0.148852871698635
0.0187568274852057	0.0818358097397287
0.0187635285040525	0.0366493299889012
0.01877023431259	0.0133562615199937
0.0187769449159554	0.0110133855905161
0.0187836603192932	0.0276928546852716
0.0187903805277552	0.0605390146585758
0.0187971055465006	0.106079869882298
0.018803835380696	0.159383918980174
0.0188105700355154	0.218513338033334
0.0188173095161403	0.278375983511842
0.0188240538277594	0.334786227128944
0.0188308029755692	0.384235973931588
0.0188375569647733	0.422745532157033
0.018844315800583	0.452734539955474
0.0188510794882169	0.468859237707365
0.0188578480329012	0.472105954637245
0.0188646214398697	0.463035619497044
0.0188713997143635	0.440340500378398
0.0188781828616315	0.413153864982737
0.0188849708869299	0.377993521062808
0.0188917637955226	0.341055296392723
0.0188985615926811	0.302461505884089
0.0189053642836843	0.267083401926602
0.018912171873819	0.23777479504468
0.0189189843683794	0.217063653415923
0.0189258017726673	0.207161816762105
0.0189326240919924	0.209092705362265
0.0189394513316717	0.223488757211239
0.0189462834970303	0.252017705047574
0.0189531205934005	0.29018917739855
0.0189599626261227	0.341929198371836
0.0189668096005449	0.400211871156595
0.0189736615220226	0.464021377444325
0.0189805183959195	0.533998663422351
0.0189873802276066	0.601513472593597
0.0189942470224629	0.662806172616595
0.0190011187858751	0.720759369723568
0.0190079955232379	0.769370152515303
0.0190148772399536	0.806737587436493
0.0190217639414323	0.830387682639074
0.019028655633092	0.839734966561777
0.0190355523203587	0.840878127887618
0.0190424540086661	0.820820483572354
0.0190493607034558	0.784512431014111
0.0190562724101774	0.74158290785785
0.0190631891342882	0.682887940809669
0.0190701108812537	0.614569608031472
0.0190770376565472	0.544171893749712
0.0190839694656499	0.469660991772663
0.019090906314051	0.393987527305993
0.0190978482072478	0.318973470795406
0.0191047951507455	0.247578065811552
0.0191117471500573	0.183162606217559
0.0191187042107044	0.127558574559346
0.0191256663382163	0.0814193530177428
0.0191326335381301	0.0461360811763145
0.0191396058159913	0.0228024395999444
0.0191465831773535	0.0109168246765423
0.0191535656277783	0.0102971792341009
0.0191605531728353	0.0203787396749236
0.0191675458181025	0.0399608480264772
0.0191745435691659	0.0667185648534941
0.0191815464316196	0.101164950104593
0.0191885544110659	0.138805806229866
0.0191955675131154	0.178930367057488
0.0192025857433869	0.221341529480346
0.0192096091075072	0.261488678114322
0.0192166376111116	0.298704088374659
0.0192236712598435	0.333438444544327
0.0192307100593547	0.361519736677905
0.019237754015305	0.385291196232648
0.0192448031333629	0.404535925609671
0.0192518574192048	0.411844323870537
0.0192589168785158	0.415641756516518
0.019265981516989	0.413158038386318
0.0192730513403261	0.408152375326169
0.0192801263542371	0.393927409813721
0.0192872065644403	0.375729721888772
0.0192942919766626	0.353191457838565
0.0193013825966392	0.331074540338854
0.0193084784301136	0.306218142078507
0.019315579482838	0.283690188241887
0.0193226857605728	0.260672091803233
0.0193297972690873	0.240571907075302
0.0193369140141587	0.226357746177271
0.0193440360015733	0.213370143378838
0.0193511632371255	0.202725882256946
0.0193582957266185	0.198953105244091
0.0193654334758639	0.197650311337193
0.019372576490682	0.198671712839651
0.0193797247769016	0.204253842566044
0.0193868783403601	0.210611935616436
0.0193940371869037	0.216127627676517
0.0194012013223869	0.224905450989208
0.0194083707526732	0.230102313569991
0.0194155454836345	0.23447917912393
0.0194227255211516	0.237143046596927
0.0194299108711139	0.235287337579465
0.0194371015394194	0.229399690453673
0.0194442975319752	0.217374262492701
0.0194514988546968	0.202991196404713
0.0194587055135085	0.186110657533058
0.0194659175143435	0.163180922201649
0.0194731348631438	0.13892507777661
0.0194803575658602	0.113267996147995
0.0194875856284523	0.08690766403281
0.0194948190568884	0.0618225873773404
0.0195020578571461	0.0395308089473395
0.0195093020352114	0.0216468039671423
0.0195165515970795	0.00952286165844785
0.0195238065487543	0.00432079388553287
0.0195310668962488	0.0071140011113495
0.019538332645585	0.0185979396939016
0.0195456038027937	0.038706129279419
0.0195528803739146	0.0679730872932842
0.0195601623649968	0.104434726384573
0.0195674497820979	0.15009693535774
0.0195747426312849	0.199028476682721
0.0195820409186337	0.254782207927675
0.0195893446502293	0.308889461993493
0.0195966538321658	0.368020088776725
0.0196039684705464	0.4183525253687
0.0196112885714834	0.471906346112258
0.0196186141410981	0.5109433358307
0.0196259451855211	0.549082293164661
0.0196332817108923	0.569773041520986
0.0196406237233605	0.581727378825388
0.0196479712290838	0.583827148654142
0.0196553242342296	0.573912666634252
0.0196626827449744	0.553075309262893
0.0196700467675042	0.52028446471065
0.019677416308014	0.479371143529136
0.0196847913727081	0.430570039914025
0.0196921719678004	0.378547913577793
0.0196995580995137	0.32228353398087
0.0197069497740805	0.26489471031322
0.0197143469977425	0.208678948324256
0.0197217497767508	0.158842365294353
0.0197291581173658	0.113062509925986
0.0197365720258575	0.0750494890985379
0.0197439915085051	0.0445470863163613
0.0197514165715975	0.0224508507644854
0.0197588472214329	0.00893923004491252
0.0197662834643189	0.00303974097823387
0.0197737253065728	0.00393930141450711
0.0197811727545214	0.0102222656146458
0.0197886258145008	0.0204793517569662
0.019796084492857	0.0327357554077432
0.0198035487959452	0.0454613702383608
0.0198110187301305	0.0569540716322987
0.0198184943017875	0.0652903285342284
0.0198259755173003	0.0708647402177466
0.0198334623830629	0.0715481744625121
0.0198409549054787	0.0676531076772294
0.0198484530909609	0.0601179185600914
0.0198559569459324	0.0492317231601197
0.0198634664768259	0.0363284084897014
0.0198709816900836	0.0231746646507293
0.0198785025921577	0.0116639446606359
0.0198860291895101	0.00388191197861033
0.0198935614886123	0.00180631546578057
0.0199010994959459	0.00741698049141578
0.0199086432180022	0.0222307157123819
0.0199161926612823	0.0474005449982309
0.0199237478322972	0.0843842623832266
0.0199313087375678	0.132480457499561
0.0199388753836249	0.190700050801239
0.0199464477770093	0.259954472314249
0.0199540259242715	0.336336201280478
0.0199616098319721	0.417980126810659
0.0199691995066819	0.50388013441657
0.0199767949549813	0.585690243076697
0.0199843961834609	0.666978421475236
0.0199920031987215	0.742080706157898
0.0199996160073736	0.800930038556812
0.0200072346160381	0.852649871283148
0.0200148590313458	0.895670691868947
0.0200224892599377	0.90974738580379
0.0200301253084649	0.912705596084543
0.0200377671835886	0.902253182839293
0.0200454148919802	0.872370489601827
0.0200530684403214	0.829575609954395
0.020060727835304	0.775085014091417
0.02006839308363	0.706181421246987
0.0200760641920117	0.63449229875075
0.0200837411671716	0.564154873551812
0.0200914240158427	0.488580419276667
0.020099112744768	0.419164172725731
0.020106807360701	0.360835209116056
0.0201145078704056	0.306075850715887
0.0201222142806559	0.26322357258693
0.0201299265982366	0.23254103141074
0.0201376448299426	0.213758215373082
0.0201453689825792	0.205305491702684
0.0201530990629625	0.208717983547332
0.0201608350779186	0.220849127213343
0.0201685770342843	0.23929765540753
0.020176324938907	0.26118558636756
0.0201840787986446	0.282748630541609
0.0201918386203653	0.301338341893307
0.0201996044109482	0.313939376234748
0.0202073761772827	0.324009656050713
0.020215153926269	0.319627636339475
0.0202229376648179	0.309179679037529
0.0202307273998508	0.288128659268184
0.0202385231382997	0.255691845029504
0.0202463248871074	0.219598538605628
0.0202541326532275	0.176744047418483
0.0202619464436241	0.133349370550723
0.0202697662652722	0.091026261513773
0.0202775921251575	0.0543970573477472
0.0202854240302765	0.0263997622877609
0.0202932619876367	0.0105662126729007
0.0203011060042561	0.00964158197016267
0.0203089560871637	0.0261042155655185
0.0203168122433996	0.0611928737527252
0.0203246744800145	0.115713027141881
0.0203325428040701	0.188079225079333
0.020340417222639	0.278822694857572
0.020348297742805	0.383033968393849
0.0203561843716625	0.500544221266439
0.0203640771163173	0.627356802002507
0.0203719759838859	0.75290777870163
0.020379880981496	0.878822268371328
0.0203877921162864	0.996041027106555
0.0203957093954068	1.10352906143579
0.0204036328260183	1.18474310458644
0.020411562415293	1.26478686756149
0.0204194981704139	1.32043009551364
0.0204274400985756	1.33262719064639
0.0204353882069836	1.34570285427239
0.0204433425028548	1.30191916980028
0.0204513029934173	1.25589743205335
0.0204592696859102	1.20639571601324
0.0204672425875844	1.12245893923606
0.0204752217057016	1.03440310996584
0.0204832070475351	0.937449040553739
0.0204911986203695	0.844856681984966
0.0204991964315008	0.754431229635106
0.0205072004882364	0.673478010310578
0.0205152107978949	0.605360359813127
0.0205232273678067	0.550384731816861
0.0205312502053134	0.513072396150425
0.0205392793177682	0.490620654991473
0.0205473147125358	0.486517338789779
0.0205553563969923	0.497458768186396
0.0205634043785255	0.519293008627056
0.0205714586645347	0.551690616405299
0.020579519262431	0.589183004597027
0.0205875861796367	0.627300435886726
0.0205956594235861	0.663209057362101
0.020603739001725	0.689882053022489
0.0206118249215111	0.697745169245553
0.0206199171904135	0.70010055178062
0.0206280158159132	0.693152380746991
0.020636120805503	0.658321330433359
0.0206442321666874	0.617177322265348
0.0206523499069827	0.557197304477508
0.0206604740339172	0.486698849573474
0.0206686045550307	0.412883178001204
0.0206767414778752	0.326474879972689
0.0206848848100144	0.247222996130717
0.0206930345590241	0.168296682939162
0.0207011907324919	0.101462346286719
0.0207093533380173	0.0498287273452077
0.0207175223832121	0.0173582711308148
0.0207256978756998	0.00728594722214953
0.020733879823116	0.0218385399887781
0.0207420682331086	0.0617875656213887
0.0207502631133372	0.126262725130377
0.0207584644714738	0.214383633819886
0.0207666723152025	0.323621030416525
0.0207748866522193	0.450216258901361
0.0207831074902328	0.591103007711069
0.0207913348369636	0.735690325572488
0.0207995687001443	0.880561461345207
0.0208078090875202	1.02183251106334
0.0208160560068486	1.16897540610525
0.020824309465899	1.26468142402757
0.0208325694724536	1.38459590350842
0.0208408360343066	1.45297601206237
0.0208491091592647	1.48286144798835
0.0208573888551472	1.50620667807241
0.0208656751297854	1.5299381088116
0.0208739679910234	1.48552649591941
0.0208822674467177	1.4453414703877
0.0208905735047372	1.36624733530356
0.0208988861729634	1.28722157063182
0.0209072054592904	1.18461153326773
0.0209155313716247	1.09276131174808
0.0209238639178856	1.0032115321011
0.0209322031060049	0.9241453505267
0.0209405489439271	0.848398493214099
0.0209489014396094	0.788127210794063
0.0209572606010216	0.757928446638605
0.0209656264361463	0.733531552321308
0.0209739989529789	0.716408966559413
0.0209823781595274	0.720555860902626
0.0209907640638128	0.743282614925302
0.0209991566738689	0.760655633936589
0.0210075559977422	0.793175560209394
0.0210159620434922	0.822607926827708
0.0210243748191913	0.841841614289563
0.0210327943329248	0.859418763528087
0.021041220592791	0.873568602019851
0.0210496536069011	0.87193369573204
0.0210580933833795	0.839823891281076
0.0210665399303633	0.811660207666465
0.021074993256003	0.75459608033285
0.0210834533684621	0.699222385473546
0.021091920275917	0.620366013875033
0.0211003939865574	0.534166072597644
0.0211088745085863	0.445306602565367
0.0211173618502197	0.346647215219157
0.0211258560196868	0.257068403449648
0.0211343570252302	0.173430061392221
0.0211428648751058	0.103325045901557
0.0211513795775824	0.0495854816188485
0.0211599011409428	0.0157940471017548
0.0211684295734824	0.00416122235220688
0.0211769648835106	0.0160001712467399
0.0211855070793499	0.0506471508708412
0.0211940561693363	0.109904954722882
0.0212026121618192	0.18750884856234
0.0212111750651616	0.28282864900584
0.0212197448877399	0.393150974808191
0.0212283216379442	0.508854411895274
0.021236905324178	0.634897240737501
0.0212454959548584	0.76289640948005
0.0212540935384164	0.874959690549223
0.0212626980832962	0.995016686803123
0.0212713095979561	1.08893394783991
0.0212799280908679	1.16902158041448
0.0212885535705171	1.22473843429437
0.0212971860454031	1.28349125709819
0.021305825524039	1.28131927432103
0.0213144720149517	1.28499518576621
0.0213231255266821	1.26664553978586
0.0213317860677848	1.2430271381361
0.0213404536468283	1.18673203391179
0.0213491282723952	1.13130589090717
0.021357809953082	1.07222811958683
0.0213664986974991	1.00599697979683
0.0213751945142709	0.950125192963818
0.0213838974120361	0.889991860547032
0.021392607399447	0.841684956947852
0.0214013244851706	0.793504199711342
0.0214100486778875	0.777242990987566
0.0214187799862928	0.751028124415154
0.0214275184190957	0.740671513965927
0.0214362639850195	0.727386757030331
0.0214450166928019	0.732565131013777
0.0214537765511947	0.738207533520812
0.0214625435689643	0.73891761839651
0.0214713177548912	0.746505280636339
0.0214800991177702	0.747257365449052
0.0214888876664108	0.745598034219676
0.0214976834096366	0.733617564292744
0.0215064863562859	0.705861354819967
0.0215152965152113	0.684880099267154
0.02152411389528	0.648023072030906
0.0215329385053737	0.598283391514638
0.0215417703543888	0.543954738443879
0.0215506094512361	0.483251434620523
0.0215594558048412	0.414922207313971
0.0215683094241442	0.351730321673208
0.0215771703181001	0.287261742817818
0.0215860384956785	0.228545993671626
0.0215949139658636	0.17651149026325
0.0216037967376547	0.133120588247802
0.0216126868200657	0.104249691098025
0.0216215842221254	0.0866767133481558
0.0216304889528775	0.083084848112037
0.0216394010213806	0.0938405996388722
0.0216483204367081	0.12094295420863
0.0216572472079485	0.156432864235057
0.0216661813442054	0.206108829987317
0.0216751228545972	0.267056574019087
0.0216840717482574	0.329941055154393
0.0216930280343348	0.404067583346498
0.0217019917219931	0.475856299203343
0.0217109628204112	0.543905386708764
0.0217199413387833	0.614788826855859
0.0217289272863186	0.671475721784687
0.0217379206722417	0.728417217696092
0.0217469215057925	0.768101217558842
0.0217559297962261	0.802319954385961
0.021764945552813	0.813503747936761
0.0217739687848392	0.823883102898079
0.0217829995016058	0.818164597232898
0.0217920377124296	0.80518393171545
0.0218010834266428	0.784090091392591
0.021810136653593	0.751874756987723
0.0218191974026436	0.717239502714943
0.0218282656831732	0.673641795769196
0.0218373415045762	0.631937342270384
0.0218464248762627	0.594618307198717
0.0218555158076583	0.552283789561931
0.0218646143082044	0.510778650791267
0.0218737203873582	0.479724691766321
0.0218828340545924	0.454433369070909
0.0218919553193957	0.427277357785634
0.0219010841912726	0.410005238685298
0.0219102206797435	0.397408565650479
0.0219193647943446	0.392068986027076
0.021928516544628	0.384592763514654
0.0219376759401619	0.385691685189615
0.0219468429905303	0.385471645025167
0.0219560177053335	0.386938140771909
0.0219652000941876	0.389118239374565
0.0219743901667249	0.393739520244456
0.0219835879325939	0.391869180149613
0.021992793401459	0.391110776414625
0.0220020065830012	0.389793451515872
0.0220112274869173	0.381171653565173
0.0220204561229208	0.372086144523905
0.022029692500741	0.361003690133437
0.022038936630124	0.349536708227147
0.0220481885208319	0.332143784493381
0.0220574481826435	0.316234429927914
0.0220667156253539	0.301285720042324
0.0220759908587745	0.284558549333886
0.0220852738927335	0.271591437298986
0.0220945647370755	0.26222439147695
0.0221038634016616	0.250864713995108
0.0221131698963696	0.249487770241953
0.022122484231094	0.245845400316577
0.0221318064157459	0.25042192906552
0.022141136460253	0.258406192744706
0.02215047437456	0.26690354140944
0.0221598201686282	0.282467706533289
0.0221691738524357	0.297641460787394
0.0221785354359776	0.315764898174565
0.0221879049292657	0.334925727401675
0.0221972823423291	0.353951934572488
0.0222066676852133	0.371529307880711
0.0222160609679812	0.387615521480612
0.0222254622007127	0.398718482852771
0.0222348713935046	0.409810340223216
0.022244288556471	0.411009937697477
0.022253713699743	0.407484341140593
0.0222631468334689	0.402985294215982
0.0222725879678142	0.387084614268583
0.0222820371129618	0.36760427844366
0.0222914942791117	0.33789343089489
0.0223009594764813	0.308271009229235
0.0223104327153054	0.272952808141942
0.0223199140058361	0.235966692350961
0.022329403358343	0.197936643490611
0.0223389007831133	0.160043515056302
0.0223484062904514	0.124554729032255
0.0223579198906795	0.0929840669038192
0.0223674415941373	0.0677717011187193
0.0223769714111821	0.047714722516572
0.0223865093521889	0.0366685099399548
0.0223960554275504	0.0334426281703714
0.022405609647677	0.0397690799580424
0.0224151720229969	0.0555278582813143
0.0224247425639561	0.0801498600403536
0.0224343212810185	0.112839896464026
0.0224439081846656	0.15331060124546
0.0224535032853974	0.199237360894804
0.0224631065937312	0.249900149960569
0.0224727181202028	0.30541775299435
0.0224823378753659	0.356971871566845
0.0224919658697921	0.408127211202894
0.0225016021140713	0.460013755732624
0.0225112466188115	0.49740561230945
0.022520899394639	0.53329463554895
0.0225305604521981	0.562300031435364
0.0225402298021516	0.579219605466472
0.0225499074551806	0.579295139917281
0.0225595934219843	0.578858327696089
0.0225692877132805	0.566185977208737
0.0225789903398055	0.541898139495988
0.0225887013123139	0.512773674636513
0.022598420641579	0.479985925839445
0.0226081483383923	0.440304089008745
0.0226178844135642	0.400153837056337
0.0226276288779238	0.356730720315013
0.0226373817423185	0.318595773017151
0.0226471430176148	0.282085631178094
0.0226569127146977	0.251357339980771
0.022666690844471	0.22390463518155
0.0226764774178575	0.20044336383651
0.0226862724457987	0.183142140163154
0.0226960759392551	0.170498904941675
0.0227058879092062	0.162152487249542
0.0227157083666504	0.156709511353138
0.0227255373226052	0.155158242429625
0.022735374788107	0.153504428522635
0.0227452207742117	0.15169861867464
0.0227550752919939	0.146818206034056
0.0227649383525477	0.141688931470848
0.0227748099669864	0.135991627369982
0.0227846901464425	0.12415780245374
0.0227945789020679	0.111850398558422
0.0228044762450339	0.0954646056727735
0.0228143821865311	0.0801571253082344
0.0228242967377696	0.0659456104172537
0.0228342199099791	0.0545721207623762
0.0228441517144086	0.0486388149696834
0.0228540921623269	0.0503034180129152
0.0228640412650224	0.061496542033785
0.022873999033803	0.0850359819435292
0.0228839654799965	0.120666001737268
0.0228939406149503	0.170328288013229
0.0229039244500317	0.237578826474542
0.0229139169966278	0.318006010853045
0.0229239182661456	0.408456867474839
0.0229339282700119	0.516449083049213
0.0229439470196738	0.630248402944318
0.0229539745265979	0.751102400993391
0.0229640108022714	0.875746146073518
0.0229740558582012	0.99833645256473
0.0229841097059144	1.11268268040323
0.0229941723569586	1.21515352933149
0.0230042438229012	1.29042139122777
0.0230143241153301	1.3792127357444
0.0230244132458536	1.41443457051945
0.0230345112261001	1.43408418559919
0.0230446180677187	1.44601192646229
0.0230547337823788	1.41666863637131
0.0230648583817702	1.3556095914919
0.0230749918776036	1.28117039963248
0.0230851342816098	1.18654886849828
0.0230952856055406	1.08408784813603
0.0231054458611684	0.973259669871211
0.0231156150602862	0.842187404940037
0.023125793214708	0.716712426672139
0.0231359803362683	0.593476313815366
0.0231461764368227	0.484464578366611
0.0231563815282478	0.377186627974894
0.0231665956224408	0.282839723409819
0.0231768187313202	0.200775143251344
0.0231870508668254	0.136270945353379
0.023197292040917	0.0868526526153869
0.0232075422655767	0.0507282627428773
0.0232178015528073	0.0271688319995219
0.0232280699146329	0.0139546563125863
0.0232383473630989	0.00854700616087623
0.0232486339102721	0.00821719561844684
0.0232589295682405	0.0103389622610961
0.0232692343491137	0.012848612810572
0.0232795482650225	0.0141264735619822
0.0232898713281196	0.0133092887185772
0.0233002035505789	0.0106140899757432
0.0233105449445962	0.00720700623558834
0.0233208955223887	0.00521156620052072
0.0233312552961956	0.00776598700052632
0.0233416242782776	0.0186942655600181
0.0233520024809174	0.0423544563191891
0.0233623899164194	0.0833787298449409
0.0233727865971099	0.146073520072829
0.0233831925353373	0.235483770193231
0.023393607743472	0.353555203044047
0.0234040322339062	0.502359444996697
0.0234144660190544	0.681801612156583
0.0234249091113533	0.899185634404392
0.0234353615232617	1.14848916634818
0.0234458232672605	1.41892093831143
0.0234562943558533	1.71951021090897
0.0234667748015656	2.02733814848992
0.0234772646169456	2.32571803740615
0.0234877638145638	2.64888175225392
0.0234982724070133	2.94191295367629
0.0235087904069096	3.18416891266492
0.0235193178268909	3.41651431198464
0.0235298546796181	3.63509202010971
0.0235404009777747	3.76565435868447
0.023550956734067	3.79946177268194
0.023561521961224	3.8223635844007
0.0235720966719978	3.75959990397932
0.023582680879163	3.65466178273917
0.0235932745955175	3.47136085859927
0.0236038778338822	3.2464479202023
0.0236144906071009	2.97008124035805
0.0236251129280404	2.66199103124813
0.0236357448095911	2.3406678685472
0.0236463862646661	1.98820955462066
0.0236570373062022	1.65034181742917
0.0236676979471592	1.32556298530334
0.0236783682005204	1.03116527868622
0.0236890480792926	0.755036325074331
0.023699737596506	0.523173912346336
0.0237104367652142	0.336458452944655
0.0237211455984946	0.190032692754817
0.0237318641094482	0.0886394991054484
0.0237425923111995	0.0291898943209306
0.023753330216897	0.00588622331826179
0.0237640778397129	0.0122717815471948
0.0237748351928431	0.0402962440951643
0.0237856022895076	0.0818662186086743
0.0237963791429502	0.127700560629959
0.023807165766439	0.171916885407363
0.0238179621732658	0.207522595103252
0.0238287683767468	0.225092710691327
0.0238395843902222	0.230157527108611
0.0238504102270565	0.215368066448301
0.0238612459006386	0.187479080472745
0.0238720914243815	0.151176102041289
0.0238829468117227	0.113527396054847
0.0238938120761244	0.084728066747309
0.0239046872310729	0.0743851182839319
0.0239155722900793	0.0962154111436263
0.0239264672666793	0.160888741070706
0.0239373721744332	0.278630681747067
0.0239482870269261	0.461493374023203
0.023959211837768	0.711769406382133
0.0239701466205934	1.03687913232582
0.0239810913890622	1.44420950645262
0.0239920461568587	1.90892897422731
0.0240030109376926	2.45102419504613
0.0240139857452987	3.0335466667892
0.0240249705934366	3.66889445477818
0.0240359654958914	4.32187622631792
0.0240469704664733	4.94728826725224
0.0240579855190179	5.63507163071609
0.0240690106673861	6.23528545012839
0.0240800459254642	6.74369533453062
0.0240910913071639	7.14051829902054
0.0241021468264227	7.52884090418249
0.0241132124972035	7.72814053461803
0.0241242883334947	7.79329772726901
0.0241353743493109	7.71017793328896
0.024146470558692	7.50072572648422
0.0241575769757039	7.16680998213194
0.0241686936144384	6.7734406934053
0.0241798204890133	6.17993200667862
0.0241909576135723	5.58239513552122
0.0242021050022853	4.88947912665708
0.0242132626693481	4.19761345062896
0.0242244306289831	3.49572634311535
0.0242356088954385	2.8042993366401
0.024246797482989	2.14207703226778
0.0242579964059358	1.56509128124271
0.0242692056786064	1.06136229056948
0.0242804253153547	0.655490368496009
0.0242916553305614	0.346308225184822
0.0243028957386336	0.139258489930586
0.0243141465540052	0.02858315289974
0.0243254077911368	0.00631846484042833
0.0243366794645157	0.0597437174768931
0.0243479615886564	0.17336360446069
0.0243592541780998	0.330119200256566
0.0243705572474144	0.50552749229706
0.0243818708111951	0.687322456759747
0.0243931948840646	0.840695932823364
0.0244045294806722	0.96922475840683
0.0244158746156947	1.07386521073984
0.0244272303038362	1.09657548794173
0.0244385965598282	1.10141242053603
0.0244499733984295	1.02855643833527
0.0244613608344265	0.927014471614991
0.0244727588826331	0.804455110496942
0.0244841675578909	0.669353914553546
0.0244955868750691	0.543779044340211
0.0245070168490648	0.451986567338371
0.0245184574948026	0.416845714324189
0.0245299088272354	0.461661717567048
0.0245413708613438	0.60485043709464
0.0245528436121363	0.861238864724852
0.0245643270946498	1.23906502907471
0.0245758213239492	1.7524274569463
0.0245873263151274	2.36823871230509
0.024598842083306	3.12456089210394
0.0246103686436345	3.97337083736574
0.0246219060112911	4.92160934120832
0.0246334542014825	5.91628711637924
0.0246450132294436	6.91706255750374
0.0246565831104383	7.96887463251258
0.024668163859759	8.94748232183368
0.0246797554927269	9.70440244308116
0.0246913580246919	10.4228453677916
0.0247029714710328	11.0097794080317
0.0247145958471575	11.6360383875797
0.0247262311685029	11.8574310713452
0.0247378774505347	11.5998397282212
0.024749534708748	11.5531239342032
0.0247612029586671	11.0764481365932
0.0247728822158456	10.3618124241711
0.0247845724958664	9.69660900149696
0.0247962738143419	8.79148252280039
0.0248079861869138	7.75889710387155
0.0248197096292536	6.72329819084476
0.0248314441570624	5.64606254249426
0.0248431897860708	4.59100906525077
0.0248549465320395	3.58710510395569
0.0248667144107588	2.68859600713199
0.0248784934380491	1.90165161811402
0.0248902836297605	1.26378519434944
0.0249020850017735	0.775494638920845
0.0249138975699986	0.443038156422552
0.0249257213503764	0.273206240293756
0.0249375563588779	0.250562454682567
0.0249494026115044	0.354753299392248
0.0249612601242876	0.565975169966218
0.0249731289132898	0.855103612212374
0.0249850089946037	1.19076957880403
0.0249969003843528	1.55353194807466
0.0250088030986912	1.88659538115007
0.0250207171538038	2.18643018020855
0.0250326425659064	2.42537979660319
0.0250445793512457	2.5547306937693
0.0250565275260993	2.62458645350198
0.0250684871067762	2.54935383756568
0.0250804581096161	2.41407088614776
0.0250924405509903	2.22355471907028
0.0251044344473012	1.99385860803456
0.0251164398149827	1.72173461084648
0.0251284566705001	1.4714932796927
0.0251404850303501	1.24010392984986
0.0251525249110611	1.08835365721374
0.0251645763291934	1.03465803565936
0.0251766393013386	1.09778960648661
0.0251887138441206	1.31530606736906
0.0252007999741948	1.68382624341031
0.0252128977082489	2.22659690738802
0.0252250070630024	2.93422208072073
0.0252371280552072	3.79388872820462
0.0252492607016471	4.81170137585677
0.0252614050191385	5.86891139455355
0.0252735610245299	7.06737127946022
0.0252857287347026	8.26751135891313
0.02529790816657	9.43370275937224
0.0253100993370783	10.5642450934461
0.0253223022632065	11.5901910185343
0.0253345169619662	12.3836057280266
0.0253467434504019	13.0876881813764
0.025358981745591	13.5302492599343
0.0253712318646439	13.7390708302458
0.025383493824704	13.6761902994497
0.0253957676429481	13.4993825960483
0.025408053336586	12.8927340078271
0.0254203509228608	12.3328621287318
0.0254326604190493	11.3599290750654
0.0254449818424614	10.459384929988
0.0254573152104408	9.36911263413343
0.0254696605403647	8.15321829350574
0.0254820178496443	6.98022853409579
0.0254943871557242	5.85534184179395
0.0255067684760832	4.80232200704568
0.025519161828234	3.85392398946375
0.0255315672297232	3.03229714548714
0.0255439846981318	2.38806679069347
0.0255564142510748	1.92105304176483
0.0255688559062016	1.6250522053983
0.0255813096811959	1.51399328509549
0.025593775593776	1.55537986360793
0.0256062536616947	1.7383686513043
0.0256187439027393	2.01726565963038
0.0256312463347322	2.37731498092249
0.0256437609755301	2.77084257005954
0.025656287843025	3.1665115894443
0.0256688269551436	3.52159378663981
0.0256813783298479	3.83216820740781
0.0256939419851349	4.02035392312382
0.0257065179390369	4.12058699896209
0.0257191062096214	4.16864511279764
0.0257317068149915	4.07698919711165
0.0257443197732856	3.85200904740436
0.0257569451026779	3.606940558357
0.025769582821378	3.2629044422043
0.0257822329476315	2.87522315947041
0.0257948954997197	2.52037578112481
0.0258075704959599	2.20421397669346
0.0258202579547054	1.95057408604507
0.0258329578943456	1.79655810043791
0.0258456703333061	1.7670240601077
0.0258583952900488	1.87435968139525
0.0258711327830719	2.14465560023777
0.0258838828309103	2.59990625889765
0.0258966454521351	3.177946553568
0.0259094206653543	3.95172845419915
0.0259222084892126	4.80746427028898
0.0259350089423914	5.76564825439167
0.0259478220436093	6.75813316111003
0.0259606478116216	7.79918747459013
0.0259734862652208	8.89595512357837
0.0259863374232367	9.92995295751643
0.0259992013045363	10.8023093360906
0.0260120779280239	11.4914929826373
0.0260249673126414	12.0988480526976
0.0260378694773682	12.6679885984168
0.0260507844412214	12.860100405207
0.0260637122232558	12.989863185787
0.0260766528425641	12.8610045745603
0.0260896063182768	12.6486552895168
0.0261025726695626	12.1453023089713
0.0261155519156283	11.5428028421924
0.0261285440757188	10.8653217025231
0.0261415491691173	10.1250628259273
0.0261545672151457	9.33368324347204
0.0261675982331641	8.54783878098462
0.0261806422425713	7.79329685679101
0.0261936992628048	7.11792583211044
0.026206769313341	6.47229748092794
0.026219852413695	6.02649347016363
0.0262329485834211	5.63340704753661
0.0262460578421124	5.33570525188248
0.0262591802094015	5.20664546204405
0.0262723157049601	5.16394596495907
0.0262854643484993	5.18694470619052
0.0262986261597697	5.26501144322293
0.0263118011585615	5.33906478639108
0.0263249893647046	5.49012086425581
0.0263381907980685	5.65298667688033
0.0263514054785629	5.77368849809195
0.0263646334261371	5.70910831720501
0.0263778746607808	5.74222216758567
0.0263911292025237	5.66153046937305
0.0264043970714358	5.47622517462497
0.0264176782876275	5.23493206236957
0.0264309728712497	4.88684802093398
0.0264442808424939	4.50009931880351
0.0264576022215922	4.13054259204442
0.0264709370288176	3.70361002680079
0.0264842852844839	3.31561948675344
0.0264976470089459	2.96582571151001
0.0265110222225995	2.67251092918823
0.026524410945882	2.45479672393856
0.0265378131992716	2.34393394146058
0.0265512290032884	2.34217939579364
0.0265646583784935	2.45773273764383
0.0265781013454901	2.68421714030372
0.0265915579249227	2.99860978990463
0.026605028137478	3.42869764189679
0.0266185120038844	3.95990949639438
0.0266320095449125	4.51585609335567
0.0266455207813748	5.13972025483614
0.0266590457341264	5.81744533235571
0.0266725844240645	6.44856391523346
0.0266861368721288	6.98707794422906
0.0266997030993018	7.63529783722416
0.0267132831266084	8.08790550595201
0.0267268769751164	8.41688016418927
0.0267404846659367	8.83547816819126
0.0267541062202229	9.19392853085336
0.0267677416591719	9.48111978490403
0.0267813910040239	9.62691697804253
0.0267950542760622	9.76001608041408
0.0268087314966137	9.99396788503921
0.0268224226870491	10.0373030133873
0.0268361278687823	10.1767970319107
0.0268498470632713	10.3190650715773
0.0268635802920181	10.4463429502947
0.0268773275765683	10.6476414070187
0.0268910889385121	10.8388795875697
0.0269048643994836	11.0964283956614
0.0269186539811615	11.445194375072
0.0269324577052686	11.7336415099624
0.0269462755935728	11.9633987939608
0.0269601076678862	12.2328423798928
0.026973953950066	12.5004653126515
0.0269878144620143	12.5712353747108
0.0270016892256782	12.6641745418101
0.0270155782630498	12.5826319750259
0.0270294815961668	12.3667098184665
0.027043399247112	12.0301767187714
0.0270573312380138	11.5278020748557
0.0270712775910463	10.9595191742097
0.0270852383284293	10.3626750665086
0.0270992134724284	9.48755991880622
0.0271132030453551	8.61422474919373
0.0271272070695674	7.79065616448428
0.0271412255674689	6.76859875529177
0.0271552585615101	5.91341673782956
0.0271693060741876	4.97866750552257
0.0271833681280447	4.17398055608431
0.0271974447456714	3.48762636365506
0.0272115359497045	2.92423631865142
0.0272256417628278	2.48203605689808
0.027239762207772	2.19822020903476
0.0272538973073151	2.06321846376916
0.0272680470842824	2.07177354505827
0.0272822115615466	2.19691251422325
0.027296390762028	2.4386719778603
0.0273105847086945	2.74098162303209
0.0273247934245619	3.11071727927495
0.0273390169326937	3.46836696520055
0.0273532552562017	3.83896154481639
0.0273675084182457	4.20010096250292
0.027381776442034	4.46433117080923
0.0273960593508231	4.70310410247732
0.0274103571679182	4.83533139447528
0.027424669916673	4.88108144402109
0.0274389976204903	4.87180028189344
0.0274533403028215	4.81143171928704
0.0274676979871672	4.75389603505143
0.0274820706970773	4.67586589963646
0.027496458456151	4.6133370617489
0.0275108612880366	4.65346514409803
0.0275252792164325	4.88565294597972
0.0275397122650864	5.22652614927222
0.027554160457796	5.7199591771673
0.0275686238184089	6.46266485149208
0.0275831023708229	7.36797115425544
0.027597596138986	8.56553606142374
0.0276121051468965	9.91607181711343
0.0276266294186032	11.4270527994302
0.0276411689782056	13.1456257438298
0.0276557238498539	14.8488230484683
0.0276702940577491	16.6337429301554
0.0276848796261435	18.3883392410305
0.0276994805793403	20.0386141011947
0.0277140969416941	21.4826018457546
0.0277287287376109	22.4890533778194
0.0277433759915483	23.5736149883235
0.0277580387280157	24.0210137956848
0.0277727169715741	24.3642618015164
0.0277874107468368	24.1837921922308
0.0278021200784688	23.5910579786492
0.0278168449911877	22.7849464814315
0.0278315855097634	21.5507719143363
0.0278463416590183	19.8827756169268
0.0278611134638274	17.8975758378105
0.0278759009491187	15.8645563731975
0.0278907041398731	13.6557386174788
0.0279055230611243	11.4232438616417
0.0279203577379597	9.44172512249227
0.0279352081955197	7.31282605580075
0.0279500744589984	5.49257856288309
0.0279649565536435	4.0087875970512
0.0279798545047566	2.66952773750048
0.0279947683376931	1.74149159772339
0.0280096980778625	1.11455093859801
0.0280246437507287	0.811871061941106
0.0280396053818097	0.789278477581602
0.0280545829966784	1.01631159314379
0.0280695766209619	1.43323223562395
0.0280845862803426	1.99172330571285
0.0280996120005575	2.62175997687237
0.0281146538073989	3.24507887677945
0.0281297117267142	3.81153122413919
0.0281447857844065	4.2512532560511
0.028159876006434	4.53194399391994
0.028174982418811	4.68759088840501
0.0281901050476075	4.64021067292907
0.0282052439189494	4.4000803533564
0.028220399059019	3.91665125813157
0.0282355704940547	3.42144654264844
0.0282507582503514	2.79871961558004
0.0282659623542607	2.20150593386286
0.0282811828321908	1.7235286126385
0.0282964197106068	1.30946852812096
0.0283116730160312	1.20255923362533
0.0283269427750433	1.38226584048048
0.0283422290142799	1.94072249979112
0.0283575317604356	2.91362667432446
0.0283728510402622	4.30209112256395
0.0283881868805697	6.17853305223823
0.0284035393082261	8.37024844890992
0.0284189083501573	10.9677312741453
0.0284342940333477	13.915979771831
0.0284496963848401	17.0898262168087
0.0284651154317361	20.4326151509489
0.0284805512011957	23.6838738644908
0.0284960037204382	26.9390254867486
0.0285114730167419	29.906801708297
0.0285269591174443	32.5182779152697
0.0285424620499424	34.665912633283
0.0285579818416928	36.1304646972039
0.0285735185202117	37.7886089521033
0.0285890721130754	38.220970844736
0.0286046426479203	38.2160910184212
0.0286202301524427	37.2426272918914
0.0286358346543998	35.8769868262883
0.0286514561816089	32.9219732755077
0.0286670947619484	30.1107816005433
0.0286827504233573	27.7071710657606
0.028698423193836	23.6327834606294
0.0287141131014457	20.8726128273002
0.0287298201743095	16.8638644226181
0.0287455444406116	13.5383485276296
0.0287612859285983	10.3712949745493
0.0287770446665776	7.63269228816286
0.0287928206829195	5.19911844839039
0.0288086140060566	3.16196979892794
0.0288244246644836	1.69130864849144
0.0288402526867578	0.684638361375189
0.0288560981014995	0.140804429647409
0.0288719609373916	0.0133103219755391
0.0288878412231804	0.234600378868595
0.0289037389876753	0.730564776103381
0.0289196542597493	1.40641431034101
0.0289355870683388	2.15084405789709
0.0289515374424442	2.96944714341439
0.0289675054111299	3.65337644745504
0.0289834910035243	4.12901727669802
0.0289994942488202	4.43878841305188
0.0290155151762749	4.55556792969131
0.0290315538152105	4.46186928646667
0.0290476101950139	3.97426374137241
0.0290636843451369	3.4581267969606
0.0290797762950968	2.69046056418189
0.029095886074476	1.9168454995766
0.0291120137129228	1.10384842662197
0.029128159240151	0.49896246334284
0.0291443226859406	0.0954306916953719
0.0291605040801376	0.0290336741788487
0.0291767034526542	0.378788813854724
0.0291929208334694	1.22147641655341
0.0292091562526287	2.55184357493166
0.0292254097402444	4.5094098586524
0.0292416813264961	6.86780331109919
0.0292579710416304	9.92374859437871
0.0292742789159616	13.2947102422666
0.0292906049798713	17.0490674552419
0.0293069492638093	20.9016689639044
0.029323311798293	25.1618711844386
0.0293396926139082	29.300699157862
0.0293560917413092	33.3391023419175
0.0293725092112187	36.6048425714287
0.0293889450544281	40.0750281898915
0.029405399301798	42.7698706864974
0.0294218719842579	45.8920873161931
0.0294383631328068	46.394757005731
0.0294548727785133	46.571221394001
0.0294714009525155	45.8173071726616
0.0294879476860216	46.5112386937916
0.0295045130103098	42.8402067864444
0.0295210969567289	40.5916528580212
0.029537699556698	38.3807320316613
0.0295543208417068	34.0207691196266
0.0295709608433163	30.6124014442848
0.0295876195931582	25.914674855869
0.0296042971229358	21.7992484241869
0.0296209934644238	17.8140301129131
0.0296377086494686	13.8566125172646
0.0296544427099888	10.492664316388
0.0296711956779747	7.62488958783918
0.0296879675854892	5.07248986104313
0.0297047584646677	3.19689190198346
0.0297215683477183	1.83036645824377
0.0297383972669221	0.926229919263418
0.0297552452546332	0.466737686695639
0.0297721123432793	0.394637459470491
0.0297889985653616	0.619276223631894
0.0298059039534548	1.06341636490009
0.0298228285402081	1.62718027275983
0.0298397723583444	2.22579657473872
0.0298567354406612	2.73506909668114
0.0298737178200309	3.25154680862618
0.0298907195294002	3.43667150183315
0.0299077406017913	3.47906169428989
0.0299247810703014	3.43266487546555
0.0299418409681033	3.01258260644537
0.0299589203284453	2.60558940304854
0.029976019184652	1.98753101284476
0.0299931375701236	1.40940633299295
0.0300102755183372	0.855834086443492
0.0300274330628459	0.465104485077864
0.03004461023728	0.327239845405082
0.0300618070753466	0.514567415947139
0.0300790236108301	1.12398572032727
0.0300962598775922	2.18707914900177
0.0301135159095724	3.64829762053524
0.0301307917407881	5.7642271096323
0.0301480874053347	8.21434380619028
0.0301654029373859	10.9826271222015
0.0301827383711942	14.2212515260141
0.0302000937410906	17.9285900149584
0.0302174690814853	21.4602844903751
0.0302348644268676	25.3023741914083
0.0302522798118063	29.0340102229324
0.0302697152709499	32.709065640488
0.030287170839027	36.222670873807
0.030304646550846	38.9000027676281
0.030322142441296	41.7591759864277
0.0303396585453465	43.0209789088662
0.030357194898048	44.6794080726198
0.0303747515345321	45.1093101516593
0.0303923284900115	44.0619391477154
0.0304099257997807	43.0522074318299
0.0304275434992158	41.0415927976284
0.0304451816237751	38.8506726701287
0.0304628402089991	36.5193307091739
0.0304805192905106	32.9113116419516
0.0304982189040156	29.0667969972223
0.0305159390853026	25.4077298586024
0.0305336798702437	21.8057442438099
0.0305514412947941	18.3564908629057
0.0305692233949931	15.0334813569928
0.0305870262069636	11.8113105930063
0.030604849766913	9.07271063167908
0.030622694111133	6.87976250267908
0.0306405592759999	4.92448447193051
0.0306584452979751	3.46840273831365
0.0306763522136051	2.36668813406111
0.0306942800595219	1.60516006555495
0.0307122288724431	1.18291133686376
0.0307301986891722	0.993558775884689
0.030748189546599	0.973253677598325
0.0307662014816998	1.09249947785844
0.0307842345315374	1.29132121102212
0.0308022887332616	1.46352117917905
0.0308203641241094	1.6168631043226
0.0308384607414055	1.71127520898279
0.0308565786225619	1.69911991072199
0.0308747178050788	1.57735536526203
0.0308928783265447	1.39702119433377
0.0309110602246364	1.15338128917582
0.0309292635371196	0.879249660656093
0.0309474883018489	0.645447586918592
0.0309657345567684	0.481794273871941
0.0309840023399114	0.462134102068504
0.0310022916894012	0.640747469653406
0.0310206026434512	1.05961756216803
0.031038935240365	1.73924079598909
0.031057289518537	2.73656383835925
0.0310756655164522	4.03150626037715
0.031094063272687	5.61142326489392
0.031112482825909	7.45530431678795
0.0311309242148776	9.56686737490179
0.0311493874784441	11.7904058829113
0.0311678726555521	14.3790981598128
0.0311863797852376	16.6999816316719
0.0312049089066294	19.161593546041
0.0312234600589493	21.7611693237104
0.0312420332815127	24.0436829544376
0.0312606286137281	26.0219685077394
0.0312792460950984	27.4668821446269
0.0312978857652202	28.8855827797033
0.031316547663785	29.7629950321258
0.0313352318305786	30.3516549390289
0.0313539383054821	30.4134310578244
0.0313726671284718	30.0112659428714
0.0313914183396194	29.101475941765
0.0314101919790928	27.9948660540099
0.0314289880871558	26.4309322839379
0.0314478067041687	24.7100308738384
0.0314666478705884	22.58205409185
0.0314855116269692	20.3625681521075
0.0315043980139622	18.170107027746
0.0315233070723164	15.7842821765557
0.0315422388428787	13.6009076837646
0.0315611933665941	11.4914543510576
0.031580170684506	9.57379690374477
0.0315991708377567	7.82144321600741
0.0316181938675875	6.2868819455893
0.0316372398153392	4.97175579648529
0.0316563087224521	3.8535454949995
0.0316754006304666	2.98399630473297
0.0316945155810233	2.27373198347997
0.0317136536158634	1.75043723789497
0.0317328147768289	1.35097840897335
0.0317519991058631	1.06777123804382
0.0317712066450109	0.87775040356646
0.0317904374364186	0.732514625335696
0.0318096915223349	0.617555486336937
0.031828968945111	0.513783483008706
0.0318482697472006	0.422199363690882
0.0318675939711605	0.326951367455091
0.031886941659651	0.229681316237284
0.0319063128554358	0.141065686467014
0.0319257076013827	0.0691318301959374
0.0319451259404639	0.0304622691845191
0.0319645679157562	0.0425125422103819
0.0319840335704411	0.122934404547046
0.0320035229478055	0.28878476342567
0.032023036091242	0.554546372013938
0.032042573044249	0.9280733879701
0.0320621338504309	1.42322946109563
0.0320817185534989	2.02455264892886
0.0321013271972711	2.74393132764456
0.0321209598256726	3.57547536459665
0.0321406164827361	4.49077390453095
0.0321602972126022	5.44135026395563
0.0321800020595196	6.44899957912667
0.0321997310678456	7.46688574075773
0.0322194842820462	8.45245694074601
0.0322392617466968	9.4179709932648
0.0322590635064822	10.262724138539
0.032278889606197	10.9533746323819
0.032298740090746	11.6795681613624
0.0323186150051446	12.1707034139671
0.032338514394519	12.2828962132344
0.0323584383041066	12.4589166620979
0.0323783867792565	12.6153577961748
0.0323983598654296	12.2226898383125
0.0324183576081989	11.9986317244981
0.0324383800532503	11.4999015269133
0.0324584272463823	11.0516896491959
0.0324784992335068	10.3901332995421
0.0324985960606496	9.63425041176528
0.0325187177739501	8.86851410902067
0.0325388644196623	8.09269116041185
0.0325590360441547	7.37418949308431
0.032579232693911	6.62334535219656
0.0325994544155303	5.84128001828874
0.0326197012557274	5.19328194619998
0.0326399732613333	4.53446722176552
0.0326602704792954	4.00486049867839
0.032680592956678	3.46794891565199
0.0327009407406627	3.0224976526337
0.0327213138785484	2.60557011478471
0.0327417124177522	2.25255286865194
0.0327621364058096	1.94601189782182
0.0327825858903745	1.695698677204
0.0328030609192199	1.46100169845718
0.0328235615402385	1.28523493898466
0.0328440878014425	1.10091474520603
0.0328646397509643	0.95841733813361
0.0328852174370571	0.849923094133825
0.0329058209080948	0.738439246419222
0.0329264502125726	0.649175904708356
0.0329471053991075	0.578482082913521
0.0329677865164385	0.522948976210792
0.0329884936134271	0.492657135657339
0.0330092267390575	0.489508825336051
0.0330299859424374	0.503936688966142
0.0330507712727978	0.545933163099988
0.033071582779494	0.610057495802032
0.0330924205120054	0.701632431086152
0.0331132845199363	0.806591316621467
0.0331341748530162	0.912807759939189
0.0331550915611003	1.05542960677
0.0331760346941695	1.19752379180635
0.0331970043023312	1.33369939740794
0.0332180004358196	1.45543677081526
0.033239023144996	1.58863336965976
0.0332600724803494	1.68575969740716
0.0332811484924965	1.76395279857786
0.0333022512321827	1.841222867625
0.033323380750282	1.83072488568943
0.0333445370977976	1.86962332808775
0.0333657203258624	1.8150980364682
0.0333869304857392	1.75118364889962
0.0334081676288213	1.70609811467685
0.0334294318066329	1.62013282917813
0.0334507230708293	1.48803478425491
0.0334720414731977	1.38679654415549
0.0334933870656572	1.25472982362235
0.0335147599002595	1.14013313337187
0.0335361600291893	1.02661006640311
0.0335575875047646	0.919859470295
0.0335790423794372	0.831842877298199
0.0336005247057932	0.749432675823389
0.0336220345365533	0.68676111931553
0.0336435719245732	0.650692233333983
0.0336651369228443	0.613426055510491
0.0336867295844938	0.599567546151054
0.0337083499627854	0.600038081399695
0.0337299981111195	0.609528848571391
0.0337516740830339	0.629939280862906
0.0337733779322041	0.656770154304884
0.0337951097124436	0.686565801281243
0.0338168694777046	0.731087357046705
0.0338386572820785	0.779412515598889
0.0338604731797958	0.85430323579571
0.0338823172252274	0.909886166784841
0.0339041894728842	0.994558942340222
0.0339260899774182	1.07731067383295
0.0339480187936226	1.14350553310585
0.0339699759764324	1.24555983920582
0.0339919615809248	1.3553836961398
0.0340139756623195	1.47452435603199
0.0340360182759798	1.55673316961282
0.0340580894774121	1.64539461820461
0.0340801893222671	1.74003410020466
0.0341023178663401	1.82668633163628
0.0341244751655714	1.88704681160941
0.0341466612760465	1.92767358158756
0.0341688762539972	1.96723267329464
0.0341911201558015	1.93234237973612
0.0342133930379845	1.91058556413071
0.0342356949572185	1.83604333936051
0.0342580259703237	1.72927722230221
0.0342803861342688	1.59667253126467
0.0343027755061712	1.44979937369831
0.0343251941432975	1.29876664550529
0.0343476421030643	1.11895300572701
0.0343701194430385	0.920417196457855
0.0343926262209376	0.741884207654755
0.0344151624946306	0.571313751904345
0.0344377283221382	0.418341557751831
0.0344603237616332	0.31177610456504
0.0344829488714415	0.232379175656106
0.0345056037100419	0.202883134430646
0.0345282883360674	0.224957767003778
0.0345510028083049	0.291179110961484
0.0345737471856964	0.409925270908976
0.034596521527339	0.579770504351479
0.0346193258924856	0.770755281141922
0.0346421603405457	0.994861176084997
0.0346650249310853	1.23069921935367
0.0346879197238281	1.4857708453954
0.0347108447786553	1.71364503343897
0.0347338001556068	1.94542500589668
0.0347567859148814	2.12788331174894
0.0347798021168373	2.27707793533134
0.0348028488219926	2.36104358834544
0.034825926091026	2.41673325457881
0.0348490339847773	2.39154572774884
0.0348721725642479	2.33320995129486
0.0348953418906011	2.22124385127601
0.0349185420251631	2.04620756564428
0.0349417730294232	1.87697259152822
0.0349650349650344	1.64644166940003
0.034988327893814	1.4053778836556
0.0350116518777443	1.17594785160715
0.0350350069789728	0.967051696151956
0.0350583932598129	0.793991872521079
0.0350818107827448	0.653845288846656
0.0351052596104153	0.561915356432606
0.0351287398056391	0.528696955414452
0.0351522514313991	0.553070338744025
0.0351757945508467	0.635127187827996
0.0351993692273028	0.773802443929739
0.0352229755242582	0.950682268633725
0.0352466135053738	1.17927021581892
0.0352702832344819	1.42069016851626
0.0352939847755861	1.66720329799383
0.0353177181928624	1.87791635692828
0.0353414835506593	2.10215984970075
0.0353652809134987	2.27081411614105
0.0353891103460766	2.39113627029528
0.0354129719132631	2.44432040961138
0.0354368656801037	2.44164621607624
0.0354607917118195	2.37153468334487
0.0354847500738077	2.23547255175792
0.0355087408316425	2.04749861705674
0.0355327640510756	1.80162080786933
0.0355568197980366	1.53617508456067
0.035580908138634	1.25155625879023
0.0356050291391552	0.992864753055351
0.0356291828660679	0.772795277723035
0.0356533693860198	0.601171207785866
0.0356775887658402	0.517343535374623
0.0357018410725398	0.537076670187304
0.0357261263733117	0.67031498073439
0.0357504447355319	0.923736974736986
0.0357747962267601	1.31486486079574
0.0357991809147401	1.83686307267404
0.0358235988674005	2.48485076340793
0.0358480501528555	3.22772443479862
0.0358725348394052	4.07152676671762
0.0358970529955367	4.97228555058507
0.0359216046899241	5.93090972509845
0.0359461899914298	6.90285182044075
0.0359708089691048	7.86688478757086
0.0359954616921892	8.83152258582451
0.0360201482301134	9.59218956653551
0.036044868652498	10.3464225215028
0.0360696230291552	10.8368720133363
0.0360944114300888	11.181933730079
0.0361192339254955	11.4888810919891
0.036144090585765	11.4392060326969
0.0361689814814809	11.2755173849459
0.0361939066834214	11.0683070488188
0.0362188662625601	10.5966505915413
0.0362438602900662	9.93646350776553
0.0362688888373058	9.22826614598021
0.0362939519758421	8.45179316723847
0.0363190497774362	7.61967962219573
0.036344182314048	6.74245759521535
0.0363693496578365	5.89696388353798
0.036394551881161	5.08035179547381
0.0364197890565812	4.28397841696484
0.0364450612568583	3.59475435577889
0.0364703685549558	2.96399284092386
0.0364957110240398	2.44799894842752
0.0365210887374799	1.9924430204633
0.0365465017688501	1.67133780420289
0.036571950191929	1.43550119847795
0.0365974340807011	1.25951961697628
0.0366229535093573	1.17291337961751
0.0366485085522953	1.1552935877652
0.036674099284121	1.14998166332051
0.0366997257796483	1.18952984553946
0.036725388113901	1.20059312523549
0.0367510863621122	1.21561732919551
0.0367768205997263	1.2079685727489
0.0368025909023989	1.15201497329457
0.0368283973459977	1.07212015839001
0.0368542400066036	0.945997708864003
0.0368801189605111	0.795951460219853
0.036906034284229	0.622493425852852
0.0369319860544814	0.438219741209501
0.0369579743482085	0.269004704009001
0.0369839992425671	0.13309753837129
0.0370100608149313	0.0558432660788199
0.0370361591428938	0.0587390367902456
0.037062294304266	0.163830551654301
0.0370884663770793	0.39627769070925
0.0371146754395856	0.763375151884708
0.0371409215702581	1.3084965484142
0.0371672048477922	2.00829466223094
0.0371935253511062	2.8855183686267
0.0372198831593421	3.89596692344135
0.0372462783518664	5.1285641550384
0.0372727110082709	6.45776719179036
0.0372991812083735	7.96903000508942
0.0373256890322189	9.52750179244692
0.0373522345600797	11.1617383848088
0.0373788178724569	12.9787761713565
0.0374054390500808	14.6546582604963
0.0374320981739119	16.2880407607678
0.0374587953251417	17.7138495765961
0.0374855305851935	19.3707009223057
0.0375123040357231	20.3263834284765
0.0375391157586198	21.4187299359733
0.0375659658360074	22.5096543870988
0.0375928543502445	23.0697717124916
0.0376197813839258	23.385677584596
0.0376467470198829	23.1374222240245
0.0376737513411849	22.8877397710779
0.0377007944311396	22.723745251721
0.0377278763732941	21.693536041317
0.0377549972514356	20.8626143007716
0.0377821571495925	19.6195448012441
0.0378093561520353	17.9419534589483
0.0378365943432772	16.6270146828587
0.037863871808075	14.7684681410245
0.0378911886314302	13.0105586285985
0.03791854489859	11.2941426027844
0.0379459406950476	9.58901823054748
0.0379733761065435	7.89192968393174
0.0380008512190667	6.35492373725775
0.0380283661188547	4.94030869618464
0.0380559208923955	3.71874702783499
0.0380835156264275	2.64315994086316
0.0381111504079411	1.76445292451622
0.0381388253241794	1.08420871141566
0.0381665404626389	0.581621811445224
0.0381942959110708	0.255785484037483
0.0382220917574817	0.080837254719402
0.0382499280901345	0.03335219256494
0.0382778049975496	0.0857923734517056
0.0383057225685053	0.208070071789735
0.0383336808920394	0.36914406553937
0.0383616800574498	0.548871219400787
0.0383897201542953	0.704510021050532
0.0384178012723969	0.839896752001142
0.0384459235018386	0.920946906008628
0.0384740869329683	0.976551912524325
0.0385022916563987	0.955128493498134
0.0385305377630088	0.90495963981277
0.0385588253439441	0.863037622331295
0.038587154490618	0.824358142887919
0.038615525294713	0.862962238416328
0.0386439378481812	0.987625239008135
0.0386723922432456	1.27307255867881
0.038700888572401	1.74748380872202
0.038729426928415	2.45109563441389
0.0387580074043291	3.42398549213658
0.0387866300934596	4.68355238905696
0.0388152950893987	6.31361958023983
0.0388440024860155	8.22889184679297
0.0388727523774569	10.4263732825075
0.0389015448581488	13.0886709089383
0.038930380022797	15.8859359443798
0.0389592579663884	18.9050817123815
0.038988178784192	21.9922860655901
0.0390171425717597	25.3645303344835
0.0390461494249277	28.6474734435181
0.0390751994398173	31.5773949774538
0.0391042927128362	34.7113081369672
0.0391334293406793	37.148778512055
0.0391626094203301	39.6921748292677
0.0391918330490612	40.7244067094238
0.0392211003244363	42.5127018059091
0.0392504113443102	42.2295965729211
0.0392797662068309	42.1155769321741
0.0393091650104399	41.2417219079579
0.0393386078538737	39.960962650313
0.0393680948361651	37.9242712196621
0.0393976260566437	35.2320188761342
0.0394272016149375	32.3041352180548
0.039456821610974	29.1292294776461
0.0394864861449811	25.4755971065428
0.0395161953174883	21.6730165590378
0.0395459492293279	17.975899016137
0.0395757479816362	14.5421395872549
0.0396055916758545	11.2426050842969
0.0396354804137303	8.21735034333773
0.0396654142973186	5.70177164156836
0.0396953934289827	3.68598206764367
0.0397254179113958	2.12182928337699
0.0397554878475418	1.08307654182199
0.0397856033407169	0.535232791088098
0.0398157644945302	0.43845173248955
0.0398459714129056	0.734465226910468
0.0398762242000823	1.34223210329602
0.0399065229606164	2.17481044945758
0.0399368677993821	3.11332683078563
0.0399672588215727	4.08021372562265
0.0399976961327021	4.96719670599178
0.0400281798386057	5.70047962467587
0.0400587100454419	6.18505406103985
0.0400892868596932	6.41791613856173
0.0401199103881675	6.37984600583273
0.0401505807379991	5.97216182520618
0.0401812980166505	5.32929741993123
0.0402120623319129	4.53304233517045
0.0402428737919083	3.55454017792488
0.0402737325050899	2.60909214471403
0.0403046385802442	1.73718605375427
0.0403355921264917	1.09755352746478
0.0403665932532884	0.805588771594746
0.040397642070427	0.976966322545439
0.0404287386880382	1.72422249354178
0.0404598832165924	3.11733993337716
0.0404910757669003	5.20412569577753
0.0405223164501147	8.04231687807076
0.0405536053777318	11.5823707528199
0.0405849426615923	15.7748324300093
0.040616328413883	20.3983804012788
0.0406477627471377	25.7039568673423
0.0406792457742393	31.0448200107557
0.0407107776084203	36.735722174967
0.0407423583632647	42.1811589228545
0.0407739881527093	47.3087647640583
0.0408056670910449	52.6963858007556
0.0408373952929178	56.7347040371382
0.040869172873331	59.868954921768
0.040900999947646	62.3483986646861
0.0409328766315838	63.8726118317366
0.0409648030412263	63.7845138508141
0.0409967792930181	62.9806345620523
0.0410288055037674	60.8322580134283
0.0410608817906479	57.6538487897342
0.0410930082712	53.4383320716761
0.0411251850633321	48.561338768384
0.0411574122853222	43.2748764144367
0.0411896900558196	37.5973612038027
0.0412220184938457	31.2733653641943
0.0412543977187961	25.2316064836908
0.0412868278504419	19.7033724638014
0.0413193090089309	14.3972956659444
0.0413518413147894	9.96922299989668
0.0413844248889235	6.2567548434597
0.0414170598526208	3.47077236003224
0.0414497463275518	1.62254725889368
0.0414824844357711	0.698343927455924
0.0415152742997197	0.647228182914816
0.0415481160422255	1.35557440454954
0.0415810097865058	2.69188746159291
0.0416139556561682	4.49079517406975
0.0416469537752124	6.72849759918225
0.0416800042680317	8.73874129316921
0.0417131072594148	11.1194648667061
0.0417462628745468	12.9118041470477
0.0417794712390113	14.4091140867354
0.0418127324787919	15.2114089411972
0.0418460467202735	15.7454390043461
0.0418794140902444	15.3970219866907
0.0419128347158973	14.5325412416286
0.0419463087248315	13.1581807418703
0.0419798362450541	11.1794997345789
0.0420134174049818	9.10320010962324
0.0420470523334425	6.74029046749191
0.0420807411596772	4.48478925082655
0.0421144840133412	2.57909869677039
0.042148281024506	1.09097195898811
0.0421821323236611	0.326400263571547
0.0422160380417155	0.405495446656127
0.0422499983099994	1.46637975370672
0.0422840132602659	3.55765657163992
0.0423180830246927	6.73285009746814
0.0423522077358841	10.9061584751158
0.0423863875268723	15.871347224652
0.0424206225311191	21.6013801910794
0.0424549128825181	28.4295995366381
0.042489258715396	35.5950267561009
0.0425236601645148	42.0202800920799
0.042558117365073	49.1193626513926
0.0425926304527078	54.0826680844654
0.0426271995634968	60.5360757690012
0.0426618248339595	65.3832109656934
0.0426965064010595	68.5847729300299
0.0427312444022063	71.4018230062239
0.0427660389752566	73.6302689744022
0.0428008902585167	72.9706793914682
0.042835798390744	71.4859195536471
0.0428707635111491	68.2378312149231
0.0429057857593974	63.790878689003
0.0429408652756109	58.9591747443352
0.0429760022003706	52.8456698219248
0.0430111966747177	44.4374079066517
0.0430464488401558	38.4622193309731
0.0430817588386529	30.098483858208
0.0431171268126433	23.8807013832644
0.0431525529050291	17.3185788207813
0.0431880372591828	11.6354369736782
0.0432235800189485	7.00309439036039
0.0432591813286445	3.51781932133546
0.0432948413330648	1.30928392334192
0.0433305601774813	0.284818787867553
0.0433663380076456	0.359090408380147
0.0434021749697914	1.41160870479007
0.0434380712106357	3.33001012383376
0.0434740268773817	5.68338020031228
0.04351004211772	8.59273835190046
0.0435461170798315	11.6997655646751
0.0435822519123885	15.0301998453189
0.0436184467645574	17.4915689723515
0.0436547017860004	19.8569671362317
0.043691017126878	21.6142234351357
0.0437273929378504	22.4911865175739
0.0437638293700802	22.4880080913679
0.0438003265752342	21.8608188680512
0.0438368847054856	20.4828729556015
0.0438735039135158	18.4121347999523
0.0439101843525173	15.8155432798344
0.0439469261761948	12.8529273287299
0.0439837295387683	9.48848781560176
0.0440205945949746	6.69135247676566
0.0440575215000698	4.16691634460453
0.0440945104098313	2.10216644084659
0.0441315614805602	0.929804135701431
0.0441686748690833	0.672830120734448
0.0442058507327555	1.42914441588689
0.0442430892294616	3.28322084214237
0.0442803905176193	6.10215684529441
0.0443177547561807	9.89038677655989
0.0443551821046349	14.7349420285453
0.0443926727230103	20.2814185035109
0.0444302267718767	26.1665718652886
0.0444678444123478	32.5157879692142
0.0445055258060834	38.7983325953365
0.0445432711152915	44.0593255718199
0.0445810805027312	48.9389020835453
0.0446189541317144	53.748882215389
0.0446568921661086	58.3249835066943
0.044694894770339	61.1462724728647
0.044732962109391	63.0704829706432
0.0447710943488127	63.3749605526032
0.0448092916547168	62.3017144383513
0.0448475541937838	61.3620575995007
0.0448858821332637	56.9958994747416
0.0449242756409788	52.9888636504728
0.0449627348853263	49.7488662951102
0.0450012600352803	43.3239740101606
0.0450398512603945	39.1821475993388
0.0450785087308048	33.6789740564977
0.0451172326172319	27.4688623522913
0.0451560230909832	23.5320477001779
0.0451948803239562	19.1777966019765
0.0452338044886401	15.3361666250632
0.0452727957581194	12.3818766775354
0.0453118543060754	10.549111101615
0.0453509803067896	9.56854195812612
0.0453901739351458	9.46834807018761
0.045429435366633	9.73154600616311
0.0454687647773478	10.7280311225377
0.0455081623439973	12.2215388061636
0.0455476282439013	13.9139678660798
0.0455871626549956	15.7253593091613
0.045626765755834	17.7295065279576
0.0456664377255915	19.0447036781285
0.0457061787440666	20.3414895969054
0.0457459889916845	21.5937753721625
0.0457858686494993	21.7899829810444
0.0458258178991971	21.6128505017747
0.0458658369230988	21.1491077706711
0.0459059259041624	19.9366312462039
0.0459460850259864	17.7311779069427
0.0459863144728121	16.2696941522216
0.046026614429527	13.8393794562073
0.0460669850816668	11.7435469907184
0.046107426615419	9.70897440436953
0.0461479392176255	8.04710619069301
0.0461885230757854	6.32621883343006
0.0462291783780578	5.25968872801807
0.046269905313265	4.58153593910277
0.0463107040708954	4.36798675382102
0.046351574841106	4.91122397524633
0.0463925178147261	5.80684712539362
0.0464335331832594	7.38762077832959
0.0464746211388877	9.44793093250901
0.0465157818744736	11.9296297214453
0.0465570155835635	14.6155705299767
0.0465983224603907	17.7391500653112
0.0466397026998784	20.7652233994068
0.0466811564976428	23.9323528205583
0.0467226840499963	27.0551960340361
0.0467642855539503	30.7910488375691
0.0468059612072186	33.5780280335719
0.0468477112082204	35.774156408887
0.0468895357560836	38.7115318734974
0.0469314350506476	41.9963082169164
0.046973409292467	43.820260421645
0.0470154586828141	45.645699114496
0.0470575834236831	47.4549360991613
0.0470997837177924	47.5251662938222
0.0471420597685883	49.6913166266763
0.0471844117802482	51.3902094224964
0.047226839957684	51.810192286797
0.0472693445065451	51.0831547342146
0.047311925633222	52.5263296289982
0.0473545835448497	51.3525889214813
0.0473973184493106	51.6514887403124
0.0474401305552385	50.6798467513799
0.0474830200720215	50.4887405211182
0.0475259872098056	48.5679650729356
0.0475690321794981	46.6673258132777
0.0476121551927713	45.1347992943873
0.0476553564620656	42.4276186072305
0.047698636200593	39.7871229918116
0.047741994622341	37.1028184199573
0.0477854319420756	34.0463621663196
0.0478289483753455	30.1847248065193
0.0478725441384849	27.0807017543864
0.0479162194486177	23.7832854027258
0.0479599745236608	21.5330760323892
0.0480038095823277	18.8189303345277
0.0480477248441324	16.0768770934
0.0480917205293929	14.037214290881
0.0481357968592347	13.1199757775094
0.048179954055595	12.186754278943
0.0482241923412259	11.3354262033911
0.0482685119396983	11.4182074497901
0.048312913075406	12.0664512859864
0.048357395973569	12.5578867764877
0.0484019608602376	13.682197671442
0.0484466079622961	14.9193522986354
0.0484913375074669	15.478409409475
0.0485361497243139	16.2553174114102
0.0485810448422469	16.9542907435187
0.0486260230915251	17.2932475110612
0.0486710847032613	16.898071741948
0.048716229909426	16.3725090582579
0.0487614589428508	15.3346366480466
0.0488067720372329	14.0863083495952
0.0488521694271391	12.6575792165787
0.0488976513480097	11.070069276218
0.0489432180361624	9.53151924817364
0.0489888697287968	8.35386783065134
0.0490346066639984	7.77045255756433
0.0490804290807424	8.14573902144139
0.0491263372188983	9.14911959991474
0.0491723313192339	11.5272281427766
0.0492184116234193	15.1010503448228
0.0492645783740317	19.6297071384851
0.0493108318145589	25.683600083275
0.0493571721894044	33.9776655467744
0.0494035997438909	42.5659739646267
0.0494501147242654	52.3521195376536
0.0494967173777027	60.0712109528975
0.0495434079523107	70.4869293920797
0.0495901866971341	83.0066364519634
0.0496370538621591	90.6203666360814
0.0496840096983179	101.144120703996
0.0497310544574931	108.681348220863
0.0497781883925221	115.814848531885
0.049825411757202	121.420682785455
0.0498727248062935	124.566349580489
0.0499201277955264	125.095231733836
0.0499676209816031	123.474019982285
0.0500152046222044	121.07552748802
0.050062878975993	112.727571020422
0.0501106443026194	106.805309052518
0.0501585008627254	96.6397083110011
0.0502064489179498	84.6002200022384
0.0502544887309326	72.0739468144152
0.0503026205653202	59.8870260934149
0.0503508446857696	47.9793450773124
0.0503991613579542	37.0002923203791
0.0504475708485677	26.8855836087172
0.0504960734253296	18.5700836940364
0.0505446693569901	11.9359538847988
0.0505933589133348	7.31023305856122
0.0506421423651898	4.80341777409072
0.0506910199844269	4.20679382921294
0.0507399920439684	5.38438651848511
0.0507890588177924	7.98045550224619
0.0508382205809377	11.7746205208408
0.050887477609509	16.7552846199131
0.0509368301806823	21.9530219856861
0.0509862785727097	26.7389802624385
0.0510358230649249	31.3006419820501
0.0510854639377485	35.4123650659937
0.051135201472693	38.0301903076566
0.0511850359523684	39.3570980111227
0.0512349676604876	39.0347537642312
0.0512849968818714	37.7297663279648
0.0513351239024542	34.1387366001966
0.0513853490092897	29.579239293725
0.0514356724905556	23.5135658725717
0.05148609463556	18.0152878436999
0.0515366157347464	12.2893103701003
0.0515872360796994	6.89974974851058
0.0516379559631503	2.97702015316274
0.0516887756789829	0.704395320001193
0.051739695522239	0.641067973486731
0.051790715789124	3.0925551416404
0.0518418367770129	8.3682298500766
0.0518930587844562	16.7078285324033
0.0519443821111851	27.2176979894989
0.051995807058118	40.5647976099612
0.0520473339273661	58.1114780054295
0.0520989630222392	73.7397555458577
0.0521506946472519	96.0619288197751
0.0522025291081294	113.716607840289
0.0522544667118137	134.145950524721
0.0523065077664695	155.516764990845
0.0523586525814902	172.911118002445
0.0524109014675044	186.22785510765
0.0524632547363818	199.561695658775
0.0525157127012394	207.804375894831
0.0525682756764477	215.532131820772
0.0526209439776374	211.174017868093
0.052673717921705	209.930234592631
0.0527265978268197	203.971140508103
0.0527795840124298	186.228638459669
0.0528326767992688	174.109158410985
0.0528858765093621	156.481095765509
0.0529391834660334	133.32280235666
0.0529925979939114	113.427667274189
0.0530461204189362	91.5440464560185
0.0530997510683662	70.9377994449483
0.0531534902707843	52.3318258567236
0.0532073383561052	35.7000588861828
0.0532612956555818	22.3774139619344
0.0533153625018119	11.760009108737
0.0533695392287453	4.7213593051307
0.0534238261716905	1.23252055978253
0.0534782236673218	0.870244142031563
0.0535327320536861	3.3607450034295
0.0535873516702097	8.27817738768228
0.053642082857706	15.0645829120803
0.0536969259583819	23.3390079518022
0.0537518813158452	31.5364580412339
0.0538069492751119	40.6041433960481
0.0538621301826133	47.4076871739752
0.0539174243862032	53.8970211054164
0.0539728322351653	58.0958461636181
0.0540283540802205	58.9250566337862
0.0540839902735343	58.6923421678622
0.0541397411687246	54.9968874200546
0.0541956071208684	50.7070629089138
0.05425158848651	42.8530237718487
0.0543076856236686	34.8696716281563
0.0543638988918454	25.999572196853
0.0544202286520319	17.3531816507535
0.054476675266717	9.90885174234122
0.0545332390998953	4.28288259316171
0.0545899205170749	1.14909697309815
0.0546467198852848	1.11995080405809
0.0547036375730832	4.67268669443024
0.0547606739505656	12.0335333054224
0.0548178293893724	23.4285431379497
0.0548751042626972	38.0790948092081
0.0549324989452952	57.319876787087
0.0549900138134906	77.3962555444795
0.0550476492451858	100.777018226642
0.0551054056198688	128.766081398199
0.0551632833186223	153.497680831174
0.0552212827241313	180.654064754897
0.0552794042206922	204.908662143478
0.055337648194221	226.163853785937
0.0553960150322618	242.257756182855
0.0554545051239954	251.874064188377
0.0555131188602482	260.602215992299
0.0555718566335005	268.155932198973
0.0556307188378957	264.540259273113
0.0556897058692486	256.484364594199
0.0557488181250549	241.842005402006
0.0558080560044995	224.472926033105
0.055867419908466	203.729579247579
0.0559269102395453	179.517704175466
0.0559865274020451	154.563188680414
0.0560462718019989	127.996168094304
0.056106143847175	102.994859466684
0.0561661439470861	78.6118615055228
0.0562262725129987	56.857325818872
0.0562865299579418	38.4185159982903
0.0563469166967175	22.7203999710893
0.0564074331459094	11.3905704929137
0.0564680797238928	3.85738182986676
0.0565288568508443	0.396295121696916
0.0565897649487514	0.600732116102455
0.0566508044414222	4.10560742590424
0.0567119757544953	10.2727903696883
0.0567732793154496	17.9061812850262
0.0568347155536147	27.5928195918543
0.0568962849001803	36.9225662887766
0.0569579877882065	45.6778116618655
0.0570198246526344	53.220403629686
0.0570817959302954	57.8593720554691
0.0571439020599225	61.3364381413951
0.05720614348216	61.8351719747119
0.057268520639574	60.1274170366282
0.0573310339766631	55.8804117492303
0.0573936839398689	49.6446082851327
0.0574564709775865	41.5095296317476
0.0575193955401753	32.7381749892571
0.0575824580799696	23.4327487634345
0.0576456590512899	15.0695562126839
0.0577089989104532	8.10441939968267
0.0577724781157844	3.22897960933706
0.0578360971276272	1.14997022061589
0.0578998564083552	2.40965986199082
0.0579637564223833	7.41224685819565
0.0580277976361788	16.3000306130732
0.0580919805182725	29.1278350193337
0.0581563055392709	45.8640554446053
0.0582207731718668	65.330450991392
0.0582853838908516	87.6691004609551
0.0583501381731263	112.424650654034
0.0584150364977139	135.851531610554
0.0584800793457708	160.007903232575
0.0585452672005986	183.562970272208
0.0586106005476566	205.755311066183
0.0586760798745731	223.108753719735
0.0587417056711583	236.930257711299
0.058807478429416	246.493170494949
0.058873398643556	249.746291894686
0.0589394668100066	248.732360663014
0.0590056834274268	244.205604901293
0.0590720489967194	231.739800648265
0.059138564021043	219.998004016248
0.0592052290058249	201.879305968738
0.0592720444587742	180.102387278827
0.0593390108898944	157.780387488508
0.0594061288114963	132.486356491887
0.0594733987382115	108.58082866286
0.0595408211870049	85.791694239017
0.0596083966771886	64.6064682097285
0.0596761257304349	45.9590556381719
0.0597440088707895	29.691375726686
0.0598120466246857	17.2002853286037
0.0598802395209572	7.98304802145931
0.0599485880908524	2.45358298807947
0.0600170928680479	0.279075419968743
0.0600857543886626	1.16422816825001
0.0601545731912714	4.59569121043056
0.0602235498169195	9.95504989429663
0.0602926848091366	16.4431356611032
0.0603619787139509	23.7500841258267
0.060431432079904	30.4389593113903
0.0605010454580646	36.8606561422012
0.060570819402044	41.7457228481305
0.0606407544680099	45.0680746078881
0.0607108512147018	45.6240558283957
0.0607811102034456	45.1246240748605
0.0608515319981687	42.3887398136786
0.0609221171654148	37.8633450981466
0.0609928662743596	32.2404321820492
0.0610637798968257	25.7660461436017
0.0611348586072981	18.7640168854027
0.0612061029829397	12.1580556666378
0.0612775136036071	6.49518502125703
0.0613490910518661	2.31091844523833
0.0614208359130075	0.202775182364371
0.0614927487750635	0.567462966775529
0.0615648302288232	3.73741147073976
0.0616370808678492	9.77384801385617
0.0617095012884935	18.8119642926566
0.0617820920899143	30.7587685451764
0.0618548538740923	44.9395747379281
0.0619277872458474	61.0153455928222
0.0620008928128556	78.0951923422826
0.0620741711856654	96.7091474904337
0.0621476229777154	112.907344348648
0.0622212488053511	130.84768839532
0.0622950492878421	148.036639294311
0.0623690250473995	159.414973648185
0.0624431767091937	170.662450892695
0.0625175049013715	176.086779829721
0.062592010255074	181.987192454657
0.0626666934044549	180.039391060291
0.0627415549866979	179.171905331656
0.0628165956420349	172.009213545835
0.0628918160137648	159.555388129432
0.0629672167482712	148.459433356385
0.0630427984950414	133.265881584855
0.0631185619066846	117.727568973609
0.0631945076389512	100.890472478433
0.0632706363507512	83.5790831901567
0.0633469487041739	67.4648274339426
0.0634234453645063	51.3343786655137
0.0635001270002531	37.7966129548962
0.0635769942831557	26.3682896626068
0.0636540478882124	16.6997931390016
0.0637312884936973	9.49871884577331
0.0638087167811811	4.64841076851911
0.0638863334355505	2.12254301870204
0.0639641391450288	1.55869367136303
0.0640421346011959	2.64276869920064
0.064120320499009	4.95311587894094
0.0641986975368234	8.0842536277674
0.0642772664164129	11.758520692453
0.0643560278429909	15.2369117389905
0.0644349825252318	18.9165249472435
0.0645141311752917	21.1070627689194
0.0645934745088303	22.2664363843101
0.0646730132450322	22.8699987637488
0.0647527481066287	23.0241208158308
0.0648326798199198	20.8032180813688
0.0649128091147961	18.9401414230864
0.0649931367247609	15.52532968323
0.0650736633869531	12.0344541347142
0.0651543898421691	8.54968163585691
0.0652353168348859	5.42705625151856
0.0653164451132839	2.88024025004336
0.06539777542927	1.40634208160017
0.0654793085385009	1.1945012456488
0.0655610452004061	2.44498307916789
0.0656429861782119	5.34667159371054
0.0657251322389651	9.74928527387735
0.0658074841535569	15.775157376917
0.0658900426967467	23.1187575955409
0.065972808647187	31.7130924900513
0.0660557827874474	40.9642954555381
0.0661389659040393	50.2204625306681
0.0662223587874412	60.9232339909138
0.066305962232123	69.6718532857394
0.0663897770365718	76.9022364671323
0.0664738040033174	85.7451914254979
0.0665580439389573	92.7229879748596
0.0666424976541831	94.7593659744575
0.0667271659638062	99.6983318966999
0.0668120496867841	99.8153732036401
0.0668971496462469	97.7355142727372
0.0669824666695236	96.8391147774911
0.0670680015881693	90.8533047158472
0.0671537552379919	84.7280496637605
0.0672397284590796	78.1159471641633
0.0673259220958281	69.7495404092151
0.0674123369969682	61.3629796948216
0.067498974015594	52.497927493991
0.0675858340091907	43.3743961097888
0.0676729178396629	35.2610203532653
0.0677602263733633	27.5008950387349
0.0678477604811211	20.5294286115361
0.0679355210382712	14.9278471915282
0.0680235089246834	10.6447824832057
0.0681117250247917	7.33424442690623
0.0682001702276239	5.12944351809753
0.0682888454268316	3.92528304112731
0.0683777515207202	3.5207098289561
0.0684668894122792	3.76014737667491
0.068556260009213	4.33827723647679
0.0686458642239713	5.24552659195766
0.0687357029737805	6.16999720445356
0.0688257771806749	7.10840328569628
0.0689160877715284	7.73443784630841
0.0690066356780858	7.97165950787339
0.0690974218369954	7.8181138650944
0.069188447189841	7.38788340089605
0.0692797126831746	6.56394006636435
0.0693712192685489	5.61350415337344
0.0694629679025508	4.53881628019317
0.0695549595468345	3.44389438003654
0.0696471951681552	2.5393224306637
0.0697396757384027	1.95639115340041
0.0698324022346359	1.82916791571276
0.0699253756391169	2.27576995944255
0.0700185969393461	3.37915712542884
0.0701120671280966	5.20589887673466
0.0702057872034498	7.67168283821354
0.0702997581688309	10.8147901545697
0.0703939810330448	14.638278693317
0.0704884568103118	18.7185624859584
0.0705831865203044	23.333437414946
0.0706781711881839	27.6489612384513
0.0707734118446372	32.6257702254127
0.0708689095259143	36.3834973053288
0.0709646652738658	40.5112396503563
0.0710606801359807	43.7796325827784
0.0711569551654247	46.5773082417315
0.0712534914210786	48.2740290240199
0.0713502899675774	49.0761056751763
0.0714473518753491	48.5079024405689
0.0715446782206542	48.2081257347453
0.0716422700856258	45.8482377250126
0.0717401285583094	42.955731119139
0.0718382547327032	40.3359809800955
0.0719366497087994	36.6529138929624
0.0720353145926249	32.1644578764148
0.0721342504962826	28.2429733574438
0.0722334585379938	23.7786761673507
0.0723329398421396	19.8380866086083
0.0724326955393039	15.8796403415667
0.0725327267663159	12.6113212696556
0.0726330346662938	9.76257385110475
0.0727336203886875	7.43685905490778
0.0728344850893232	5.57102676001826
0.0729356299304476	4.26418141787316
0.0730370560807721	3.40916025562868
0.0731387647155184	2.88229549379902
0.0732407570164635	2.76078869506782
0.0733430341719855	2.78116348275707
0.0734455973771098	2.9349365969025
0.0735484478335559	3.17529904320221
0.0736515867497839	3.31152576121079
0.0737550153410422	3.40956804841681
0.0738587348294149	3.36657151908079
0.0739627464438701	3.15337914275238
0.0740670514203088	2.77165049198306
0.074171651001613	2.33341687132161
0.0742765464376958	1.70978853152184
0.0743817389855511	1.15386681281007
0.0744872299093033	0.629340370463817
0.0745930204802587	0.250181656560864
0.0746991119769558	0.0831291242016944
0.0748055056852174	0.198368506126893
0.0749122028982023	0.645621883527751
0.0750192049164576	1.4805242570152
0.0751265130479718	2.69928179865387
0.0752341286082278	4.25477678236919
0.0753420529202569	6.18437148925875
0.0754502873146931	8.33474761763177
0.0755588331298272	10.6842670905524
0.0756676917116627	13.1945963906582
0.075776864413971	15.9479261417524
0.0758863525983477	18.6233783609999
0.075996157634269	20.9220371419509
0.076106280899149	22.9223701865263
0.0762167237783973	24.6077160802761
0.076327487665477	26.4642307911538
0.0764385739619631	27.3513481603569
0.0765499840776023	27.7796228357374
0.0766617194303717	27.954248206784
0.0767737814465398	27.5980544600249
0.0768861715607267	25.9645072400426
0.0769988912159655	24.6572157886469
0.0771119418637637	22.8664022298081
0.0772253249641664	21.0369119822347
0.0773390419858181	18.9396107117302
0.0774530944060267	15.8253974502437
0.0775674837108274	13.4415873455501
0.0776822113950472	10.9236045964485
0.07779727896237	8.86413314089866
0.0779126879254022	6.7465210752432
0.0780284398057394	4.99725024246853
0.0781445361340325	3.59065244410913
0.0782609784500559	2.33939752965754
0.0783777683027754	1.42820189394738
0.0784949072504165	0.769079026412585
0.0786123968605343	0.3400131338775
0.0787302387100827	0.0984971609187499
0.0788484343854858	0.00642037495169126
0.0789669854827083	0.0149214330505683
0.079085893607328	0.0831417054173062
0.0792051603746077	0.175197151145987
0.0793247874095687	0.261158572067061
0.0794447763470646	0.317541345928375
0.0795651288318555	0.338388797198832
0.0796858465186837	0.310591009329303
0.0798069310723487	0.26014272517938
0.0799283841677846	0.186447784791226
0.0800502074901367	0.11329145759959
0.0801724027348399	0.0745050594322556
0.080294971607697	0.0916550185938018
0.0804179158249581	0.198907076939022
0.080541237113401	0.411450177380194
0.0806649372104118	0.754956067687748
0.0807890178640666	1.23322508833529
0.0809134808332136	1.83936252309412
0.0810383278875566	2.59286246959
0.0811635608077387	3.43631444102169
0.0812891813854267	4.34737453647193
0.081415191423397	5.32338045532424
0.0815415927356215	6.42274342935761
0.0816683871473548	7.39339423632954
0.0817955764952221	8.43944416595927
0.0819231626273075	9.36191997570443
0.0820511474032442	10.1816427590771
0.0821795326943042	10.7546986572644
0.0823083203834899	11.3828722789848
0.0824375123656258	11.7815663199622
0.0825671105474519	11.8593788087467
0.0826971168477171	12.1082623788009
0.0828275331972742	12.1136454520522
0.0829583615391752	11.8150680157748
0.0830896038287679	11.3236756601521
0.0832212620337934	11.1250788734042
0.0833533381344845	10.4983817466113
0.0834858341236648	9.98736459522105
0.083618752006849	9.78052243838629
0.083752093802344	9.14873661395492
0.0838858615413513	8.6846360067213
0.08402005726807	8.07272410461908
0.0841546830398007	7.67533454683655
0.0842897409270512	7.29248728169476
0.084425233013642	6.94584775017649
0.084561161396814	6.65684913079061
0.0846975281873363	6.35978298513257
0.0848343355096157	6.13283981630511
0.0849715855018071	5.8919947642844
0.0851092803159246	5.58200414042973
0.0852474221179541	5.37311568361596
0.085386013087967	5.06253748425013
0.0855250554202348	4.83494094599098
0.0856645513233449	4.53154161512284
0.0858045030203174	4.34958855176643
0.0859449127487235	4.0125259203485
0.0860857827608044	3.85581226230381
0.086227115323592	3.52984105208112
0.0863689127190305	3.40429496698092
0.0865111772440988	3.23770917237547
0.0866539112109353	3.22110805132205
0.0867971169469624	3.16466791368425
0.0869407967950134	3.22228180527077
0.0870849531134602	3.33190021839738
0.0872295882763422	3.53670244855374
0.0873747046734971	3.79092324593595
0.0875203047106918	4.00387925417976
0.0876663908097558	4.21024119100352
0.0878129654087156	4.41114340415402
0.0879600309619298	4.69335451977063
0.0881075899402267	4.76393918204429
0.0882556448310423	4.87841010087519
0.0884041981385601	4.89240257612936
0.0885532523838524	4.83360245557085
0.088702810105023	4.72022346147314
0.0888528738573509	4.41706614310103
0.0890034462134363	4.10627875604758
0.0891545297633471	3.65870352960934
0.089306127114768	3.21046900123256
0.08945824089315	2.7837936271321
0.0896108737418622	2.27684398389823
0.0897640283223451	1.80932428542365
0.0899177073142649	1.41361269568146
0.09007191341567	1.05289898673232
0.0902266493431489	0.827987246052889
0.0903819178319897	0.686189293594817
0.0905377216363415	0.668509832766683
0.0906940635293765	0.784991496329148
0.0908509463034556	1.03242171700857
0.0910083727702938	1.41135235515973
0.0911663457611285	1.88302743140475
0.0913248681268893	2.48834405263412
0.0914839427383694	3.27076269071372
0.091643572486399	4.03545814416802
0.09180376028202	4.84649419019882
0.0919645090566637	5.99731585541522
0.092125821762329	6.90909835078753
0.0922877013717633	7.73906796799291
0.0924501508786451	9.05573087543921
0.0926131732977688	10.0075456506718
0.0927767716652306	10.965100036246
0.0929409490386177	12.0687720992239
0.0931057084971983	13.1763937406904
0.0932710531421141	14.2202289191858
0.0934369860965753	15.3614853139488
0.0936035105060569	16.4865989631442
0.0937706295384973	17.5373231427782
0.0939383463844998	18.3719311761361
0.0941066642575349	18.9708086690223
0.0942755863941463	19.7244318996929
0.0944451160541575	20.8277270984122
0.0946152565208823	20.8300839354511
0.0947860111013365	21.3919774407206
0.0949573831264517	21.3931555937169
0.0951293759512926	21.2691080859306
0.0953019929552756	20.711674680909
0.0954752375423899	19.5917650109187
0.0956491131414218	19.1514922806851
0.0958236232061806	17.5927135714402
0.0959987712157273	16.5645255094634
0.0961745606746057	14.5447558717326
0.0963509951130764	13.4356609974206
0.0965280780873529	11.308221152546
0.0967058131798407	9.88784938126402
0.0968842039993788	8.03124701174482
0.0970632541814839	6.7100052044447
0.0972429673885973	5.0855373674913
0.0974233473103351	3.90649487057548
0.09760439766374	2.8532553473317
0.0977861221935372	2.09846944099175
0.0979685246723921	1.57074770633407
0.098151608901172	1.35117084580161
0.0983353787092093	1.36924205009028
0.0985198379545694	1.64741481679412
0.0987049905243198	2.08062710720954
0.0988908403348037	2.72201432284716
0.0990773913319161	3.37596066107959
0.0992646474913827	4.11264099349692
0.0994526128190428	4.75182212318478
0.0996412913511348	5.35913238975405
0.0998306871545847	6.16490970488267
0.100020804327299	6.33601735779748
0.10021164699846	6.52051855329012
0.100403219328823	6.9619444880228
0.100595525511024	6.96010158836071
0.100788569769878	6.69807903083746
0.100982356362695	6.99876141275649
0.101176889579589	6.67419466022626
0.101372173743795	6.91649619818918
0.101568213211992	7.24302164946467
0.101765012374624	8.20318678567663
0.10196257565623	9.02266063020316
0.102160907515772	10.5348434340041
0.102360012446976	12.6832529912647
0.102559894978666	15.4904582217552
0.102760559675111	17.94818260121
0.10296201113637	21.7957518377902
0.103164253998645	25.0205767464627
0.103367292934638	28.9765380397015
0.103571132653906	33.1744938518019
0.10377577790323	36.9762700024739
0.103981233466983	40.9810729085126
0.104187504167499	44.0939640370373
0.104394594865455	47.0169569718692
0.10460251046025	47.5342126919666
0.104811255890391	51.7567622778297
0.105020836133888	49.3692890989296
0.105231256208643	52.2841547948782
0.105442521172857	47.3878762115606
0.105654636125432	45.4973267675448
0.105867606206381	44.0850544116589
0.106081436597246	42.4883024788183
0.106296132521513	37.7179304380057
0.106511699245044	33.4486158746499
0.106728142076502	28.544006589676
0.106945466367789	23.4521796869982
0.107163677514487	18.1277960024312
0.107382780956307	14.1945601344327
0.107602782177535	10.3679048831417
0.107823686707495	7.31742957660793
0.10804550012101	4.98999260790834
0.108268228038871	3.5799437194064
0.108491876128314	3.24320650022198
0.108716450103497	3.61397202605283
0.108941955725988	4.86304679194144
0.10916839880526	7.04714391986424
0.109395785199187	9.47651030949811
0.10962412081455	12.301350392017
0.10985341160755	15.0626630934716
0.110083663584323	17.9107312720545
0.110314882801467	20.6083709490155
0.110547075366573	22.671731154652
0.11078024743876	24.725102991529
0.111014405229221	25.9802717058624
0.111249555001779	24.8772813959693
0.111485703073437	25.595483695777
0.11172285581495	25.2893996536404
0.111961019651397	22.2253149899787
0.112200201062759	21.7252292500281
0.112440406584509	19.1375865172108
0.112681642808206	16.0144702648489
0.112923916382097	14.005422365089
0.113167234011732	12.3312242415926
0.113411602460577	10.9215162930501
0.113657028550644	10.9555070181912
0.113903519163127	11.3673589056684
0.11415108123904	13.0696436130923
0.114399721779875	15.978158458882
0.114649447848258	19.9415865113828
0.114900266568617	24.991705539722
0.115152185127864	30.6487408423055
0.115405210776076	38.0000709431688
0.115659350827195	44.5289004376746
0.115914612659729	50.972274506073
0.116171003717471	57.8011885106687
0.116428531510217	64.7770535555051
0.116687203614502	68.7626846196993
0.116947027674343	73.8007432888199
0.117208011401994	77.4264875972983
0.117470162578704	77.8554725793107
0.117733489055494	75.4785057603545
0.11799799875394	77.9510178319032
0.118263699666968	71.1532418509755
0.118530599859659	66.8121468207259
0.118798707470062	61.3639698066707
0.119068030710025	56.7382830669733
0.119338577866034	49.0375350923776
0.119610357300058	42.4226855611939
0.119883377450415	35.7347536275541
0.120157646832643	28.8136437779246
0.120433174040387	22.445754845165
0.120709967746295	16.7460801905338
0.12098803670293	12.6842891995761
0.121267389743688	10.1223544157294
0.121548035783741	9.20298008699123
0.121829983820977	9.34552048248694
0.122113242936969	10.7540167998859
0.122397822297945	13.145493642627
0.122683731155778	16.4240743758118
0.12297097884899	21.209879009673
0.12325957480377	25.9065901854666
0.123549528534998	29.8725274047944
0.1238408496473	35.4306602061621
0.124133547836103	38.2179282110091
0.124427632888711	41.4915076146258
0.124723114685397	45.1658744605489
0.125020003200511	45.1920329946795
0.125318308503598	45.8567920466323
0.125618040760541	44.2919958580492
0.125919210234712	42.208427423142
0.126221827288148	38.483412949062
0.126525902382735	34.9402850632652
0.126831446081415	30.6463159828409
0.12713846904941	26.2642234331378
0.127446982055464	23.3999950183115
0.127756995973098	19.4593306668316
0.128068521781893	17.8786571846451
0.128381570568781	15.8690388558838
0.128696153529362	15.7605044106468
0.129012281969242	17.2034251215433
0.129329967305383	19.6956333201136
0.129649221067479	23.1675232932608
0.12997005489935	29.1375033216812
0.130292480560361	34.97628362875
0.130616509926854	40.2758909286803
0.130942154993609	46.945449937181
0.131269427875324	54.2192182992767
0.131598340808118	61.45874215203
0.131928906151052	71.8153996404664
0.132261136387683	74.3865682630977
0.13259504412763	80.5549690517068
0.132930642108173	84.0875580239493
0.133267943195871	85.3512851272832
0.133606960388207	84.5723162731339
0.133947706815258	80.894784949996
0.134290195741388	80.0649881496855
0.134634440566971	74.7185600878457
0.134980454830139	66.9757636813097
0.135328252208556	60.9930185249702
0.135677846521219	54.8602501706503
0.136029251730291	48.3604561808522
0.136382481942958	40.6416071510154
0.136737551413318	36.8436541155073
0.137094474544297	31.0948742005683
0.137453265889596	27.9720861764722
0.137813940155674	25.3031026975154
0.138176512203748	23.5920436827686
0.138540997051846	23.3377304889002
0.138907409876871	24.1198044560832
0.139275766016712	27.09837125807
0.139646080972382	30.6094383585836
0.140018370410197	34.4065000158421
0.140392650163978	36.4718198368191
0.140768936237302	41.6327969808098
0.14114724480578	45.061915066257
0.141527592219378	50.2887783443012
0.141909995004767	50.8218850956544
0.142294469867722	54.0791709560436
0.142681033695552	53.9424704789757
0.143069703559573	54.4322098480311
0.143460496717623	53.1444372369446
0.143853430616612	50.1326569245788
0.144248522895124	48.1162560561517
0.144645791386053	40.7616587477678
0.145045254119284	35.6487921151411
0.145446929324427	31.5969894962954
0.145850835433584	28.2695708204416
0.146256991084173	25.2338158898049
0.14666541512179	23.0894377158092
0.147076126603129	23.2420926885632
0.147489144798942	22.9922240463931
0.147904489197055	24.346697784132
0.148322179505433	25.3306513998799
0.148742235655298	28.9289234656644
0.149164677804295	32.4677099131356
0.149589526339723	37.1612949140847
0.15001680188181	42.4608106283315
0.150446525287051	48.5264010269237
0.150878717651602	50.5661834323498
0.151313400314731	55.3287376395909
0.151750594862331	59.8219319858197
0.152190323130493	65.7365340526404
0.152632607209142	68.2018152837736
0.153077469445736	69.3413896818058
0.153524932449029	69.0837057133995
0.153975019092901	70.0085305891195
0.15442775252026	65.6867625326631
0.154883156147002	66.231283560984
0.155341253666053	57.9978883305977
0.155802069051476	53.6268263383266
0.156265626562655	51.7858627167491
0.156731950748551	50.6881794561382
0.157201066452034	46.3796473794914
0.157672998814298	44.1956189893893
0.158147773279351	41.2346295894741
0.158625415598588	37.5793457620789
0.159105951835445	39.9801297764703
0.159589408370144	40.0230593829427
0.160075811904517	42.5938956134121
0.160565189466923	43.3714845034645
0.161057568417254	45.7510790045483
0.161552976452037	50.6590684483773
0.162051441609624	57.3713719475001
0.162552992275481	56.9171269791055
0.163057657187581	62.7119594903226
0.163565465441888	63.0169109822275
0.164076446497951	67.6945322389176
0.164590630184604	68.2672997433288
0.165108046705763	63.3607830990283
0.165628726646349	66.0924362783227
0.166152700978306	61.8817136060221
0.166680001066751	55.8883724573487
0.167210658676226	52.4988511292611
0.167744705977078	45.3625310841182
0.168282175551965	44.1227287329873
0.168823100402473	35.2542743209468
0.169367513955882	32.6467060058135
0.169915450072043	28.5854907031478
0.170466943050403	24.5813506957791
0.171022027637159	23.0288579624009
0.171580739032558	20.2293211968415
0.172143112898338	22.16462438259
0.172709185365314	23.1475695658865
0.173278993041115	24.3647560836521
0.17385257301808	27.827381788171
0.174429962881303	33.2958741024285
0.175011200716845	38.0940276596827
0.175596325120107	42.2244435025735
0.176185375204374	47.4512812018977
0.176778390609531	55.1928776047664
0.177375411510954	58.9937239214311
0.177976478628584	59.6876110970562
0.178581633236184	65.3463235055963
0.17919091717079	63.7493705556435
0.179804372842347	63.5798652334239
0.180422043243555	59.0617936795133
0.181043971959909	54.5549992700224
0.181670203179954	55.7439260100095
0.182300781705751	46.4546479899698
0.182935752963558	40.9651670068826
0.183575163014744	37.1032422320353
0.184219058566922	34.4720022601402
0.184867486985328	29.3743157295851
0.185520496304431	28.6554761364851
0.186178135239797	27.2486504163702
0.186840453200203	28.1385015467076
0.187507500300011	30.2087659395975
0.188179327371812	31.7726282754771
0.188855985979331	39.4642991262883
0.189537528430629	45.370463155964
0.190224007791575	48.4415522075039
0.190915477899624	54.7265096115974
0.191611993377889	60.7015850906883
0.192313609649527	71.8005766230829
0.193020382952439	75.5507171359462
0.193732370354297	91.0232636985402
0.194449629767904	95.3529613379111
0.195172219966898	96.0283692758263
0.195900200601805	98.1946845987076
0.196633632216454	96.8390425002659
0.197372576264763	98.4505328589785
0.198117095127904	93.3519216945958
0.198867252131856	78.3518380790335
0.199623111565364	76.9032505549145
0.2003847386983	63.1872017031122
0.201152199800457	52.87158600125
0.201925562160765	47.515911610104
0.202704894106963	38.1018110052137
0.203490265025721	27.3515796124343
0.204281745383232	19.8393883163176
0.205079406746292	14.6201714321111
0.205883321803867	11.5900764753048
0.206693564389179	10.494940656665
0.207510209502307	11.1530453302612
0.208333333333333	13.3150869534051
