0.00999804838095605	1.00434736547137
0.01	1.00406706389537
0.0100019523811048	1.00403374705971
0.0100039055247169	1.00409476668854
0.010005859431283	1.00405318887168
0.0100078141012503	1.00414023461478
0.0100097695350662	1.00387712667997
0.0100117257331787	1.00398547831582
0.0100136826960359	1.00327002932281
0.0100156404240863	1.0034192206659
0.0100175989177788	1.00254359386856
0.0100195581775626	1.00234508067183
0.0100215182038874	1.00313345876158
0.0100234789972031	1.00274896523977
0.0100254405579599	1.00220935375369
0.0100274028866085	1.00162604750292
0.0100293659836	1.00106052879221
0.0100313298493856	1.00234382217821
0.0100332944844171	1.0024571632977
0.0100352598891465	1.00254029400733
0.0100372260640263	1.00234184396062
0.0100391930095091	1.00296018495202
0.0100411607260482	1.00283544892977
0.010043129214097	1.00303901040462
0.0100450984741094	1.0029927901234
0.0100470685065394	1.00313267179226
0.0100490393118418	1.00304076804896
0.0100510108904713	1.00355061200357
0.0100529832428833	1.00369033914618
0.0100549563695333	1.00376544349247
0.0100569302708774	1.0038861203037
0.0100589049473718	1.00402680904585
0.0100608803994733	1.00408811609862
0.0100628566276389	1.00417159214889
0.010064833632326	1.00444978279159
0.0100668114139924	1.00423265126436
0.0100687899730962	1.00445683854901
0.0100707693100959	1.0036344057649
0.0100727494254504	1.00419035483452
0.0100747303196188	1.00368982390978
0.0100767119930608	1.00347822503255
0.0100786944462362	1.0034127197488
0.0100806776796054	1.00219541895182
0.0100826616936291	1.00360172782462
0.0100846464887681	1.00293345668807
0.010086632065484	1.00279591247934
0.0100886184242385	1.00307314409775
0.0100906055654937	1.00242386459351
0.010092593489712	1.00381204035159
0.0100945821973564	1.0038437234066
0.0100965716888899	1.0042165795841
0.0100985619647762	1.00413745970978
0.0101005530254793	1.00376673800015
0.0101025448714633	1.00389843856975
0.010104537503193	1.00404621721642
0.0101065309211335	1.00346569485416
0.0101085251257501	1.00411240345408
0.0101105201175085	1.00409090714693
0.010112515896875	1.00376748448747
0.010114512464316	1.00381092647964
0.0101165098202984	1.00320212980699
0.0101185079652895	1.00313580798416
0.0101205068997568	1.00388985315846
0.0101225066241683	1.00278809817471
0.0101245071389925	1.00316562158037
0.0101265084446979	1.00227623100595
0.0101285105417538	1.00166448988972
0.0101305134306295	1.00200762348114
0.0101325171117949	1.00154707650927
0.0101345215857202	1.00169799214286
0.010136526852876	1.0021120519161
0.0101385329137333	1.00224065706317
0.0101405397687633	1.00231597309627
0.0101425474184377	1.00248160155913
0.0101445558632287	1.00280513519745
0.0101465651036086	1.00344241991979
0.0101485751400503	1.00374446927255
0.0101505859730271	1.00404082373718
0.0101525976030123	1.00403650589023
0.0101546100304801	1.00380563503347
0.0101566232559047	1.00397644506698
0.0101586372797608	1.00354619691046
0.0101606521025234	1.00428047961301
0.0101626677246681	1.00401158799291
0.0101646841466707	1.00362134495976
0.0101667013690073	1.00400566460479
0.0101687193921546	1.00366854999565
0.0101707382165895	1.00424240949404
0.0101727578427894	1.00389648558704
0.0101747782712319	1.0030312988152
0.0101767995023952	1.00315724272749
0.0101788215367578	1.00342082303594
0.0101808443747984	1.00324167982298
0.0101828680169964	1.00345264627287
0.0101848924638314	1.00271561937941
0.0101869177157834	1.00261604392507
0.0101889437733327	1.00199241655108
0.0101909706369601	1.00267826511726
0.0101929983071468	1.00357727003343
0.0101950267843744	1.00373211187103
0.0101970560691246	1.0029693259894
0.0101990861618799	1.00282140822692
0.0102011170631229	1.00383706056174
0.0102031487733367	1.00411037703591
0.0102051812930046	1.00423262974505
0.0102072146226107	1.00368340493885
0.0102092487626391	1.00397469112565
0.0102112837135743	1.00397248189893
0.0102133194759015	1.00340558759964
0.0102153560501059	1.00345354784139
0.0102173934366734	1.00336572985978
0.0102194316360901	1.00341339130282
0.0102214706488426	1.00269629009419
0.0102235104754178	1.00349966218566
0.010225551116303	1.00297187980653
0.0102275925719859	1.00310366926742
0.0102296348429547	1.00248800087803
0.0102316779296977	1.00112152897214
0.010233721832704	1.00251548152395
0.0102357665524628	1.0024438387947
0.0102378120894637	1.00292879540157
0.0102398584441969	1.00222840918612
0.0102419056171527	1.00230196144267
0.0102439536088219	1.00326394411159
0.0102460024196959	1.00295851619489
0.0102480520502663	1.00312352603645
0.010250102501025	1.0030914147176
0.0102521537724645	1.00414403546382
0.0102542058650776	1.00433073742257
0.0102562587793575	1.00426529605451
0.0102583125157978	1.00436045607
0.0102603670748925	1.00442753408717
0.0102624224571359	1.00385484620148
0.0102644786630229	1.00309380812175
0.0102665356930487	1.00414585988702
0.0102685935477087	1.00380120802679
0.0102706522274991	1.00319114379949
0.0102727117329161	1.00320963890496
0.0102747720644565	1.00349871201435
0.0102768332226176	1.00341891239815
0.0102788952078968	1.00263155650593
0.0102809580207922	1.00214714551847
0.0102830216618021	1.00285020678572
0.0102850861314253	1.00299421024708
0.0102871514301609	1.00291861415291
0.0102892175585086	1.00178302158374
0.0102912845169683	1.00227260107047
0.0102933523060403	1.00257540652096
0.0102954209262255	1.00313468575784
0.010297490378025	1.00311475114035
0.0102995606619404	1.00351491769918
0.0103016317784737	1.00326838219146
0.0103037037281273	1.00351055229073
0.010305776511404	1.00368872113406
0.0103078501288069	1.00409289837362
0.0103099245808397	1.00438683556735
0.0103119998680064	1.00447863905262
0.0103140759908114	1.00418409944546
0.0103161529497595	1.00427071637282
0.010318230745356	1.00433734522967
0.0103203093781064	1.00379093189165
0.0103223888485169	1.00401738793717
0.0103244691570938	1.00388121965677
0.0103265503043441	1.00385800496812
0.010328632290775	1.00397248970565
0.0103307151168941	1.00357729216673
0.0103327987832096	1.00358001819206
0.01033488329023	1.00311425336345
0.0103369686384641	1.00319014234946
0.0103390548284213	1.00371017276265
0.0103411418606113	1.00340432781077
0.0103432297355443	1.00328441476464
0.0103453184537308	1.00330466364761
0.0103474080156817	1.0037069486143
0.0103494984219085	1.00379822990536
0.0103515896729229	1.0035942204122
0.0103536817692371	1.00396408285142
0.0103557747113639	1.00393203844955
0.0103578684998161	1.00412423205766
0.0103599631351072	1.00411114218021
0.0103620586177511	1.00378514512197
0.0103641549482621	1.00388526836526
0.0103662521271549	1.00415316596885
0.0103683501549446	1.00403090027174
0.0103704490321467	1.00369495987039
0.0103725487592772	1.00336532596442
0.0103746493368524	1.00324529996089
0.0103767507653891	1.00330630837204
0.0103788530454046	1.00328779216615
0.0103809561774164	1.00320944515992
0.0103830601619425	1.00168759957836
0.0103851649995015	1.00212169717468
0.0103872706906122	1.00234031679457
0.010389377235794	1.0028582638419
0.0103914846355665	1.00205039499071
0.0103935928904499	1.00110416438256
0.0103957020009647	1.00160815025413
0.010397811967632	1.00188227452551
0.0103999227909732	1.00236194519762
0.0104020344715101	1.00244315278076
0.0104041470097649	1.00209904413653
0.0104062604062604	1.00248945482773
0.0104083746615197	1.0021917340978
0.0104104897760662	1.00313132381743
0.010412605750424	1.00347576249749
0.0104147225851175	1.00339553938821
0.0104168402806714	1.00375356846207
0.010418958837611	1.00396899099009
0.0104210782564619	1.00363980683189
0.0104231985377503	1.00413752165191
0.0104253196820027	1.00386403543055
0.0104274416897461	1.00412371468188
0.0104295645615077	1.00394710690987
0.0104316882978155	1.00424009961755
0.0104338128991977	1.0038920910309
0.0104359383661829	1.00390670839877
0.0104380646993002	1.00411474105092
0.0104401918990793	1.0034740210424
0.0104423199660499	1.00371014086998
0.0104444489007427	1.00347641001941
0.0104465787036882	1.00313011150167
0.010448709375418	1.00350016003074
0.0104508409164635	1.00271450808082
0.010452973327357	1.00331860548674
0.0104551066086311	1.00367179269395
0.0104572407608187	1.00330398773511
0.0104593757844532	1.00337505682554
0.0104615116800686	1.00296552711691
0.0104636484481991	1.00364320751623
0.0104657860893795	1.00332590602857
0.010467924604145	1.00324440242927
0.0104700639930311	1.00295023342738
0.010472204256574	1.0033735280513
0.0104743453953102	1.00307991983254
0.0104764874097765	1.00340799973761
0.0104786303005104	1.00300093461789
0.0104807740680496	1.00289785197812
0.0104829187129324	1.00281647090236
0.0104850642356975	1.00260192480169
0.0104872106368841	1.00303661796322
0.0104893579170317	1.00274085086696
0.0104915060766803	1.00287102510821
0.0104936551163704	1.00223047229136
0.010495805036643	1.00233606739911
0.0104979558380392	1.00182846853049
0.010500107521101	1.00173561235785
0.0105022600863706	1.00239142099339
0.0105044135343906	1.00172495356802
0.0105065678657042	1.00222475146542
0.010508723080855	1.00145265302426
0.0105108791803869	1.00116569261413
0.0105130361648444	1.00235431770527
0.0105151940347725	1.00204307424634
0.0105173527907165	1.00251106770163
0.0105195124332221	1.00244938776134
0.0105216729628358	1.00226545186121
0.0105238343801041	1.00307809096921
0.0105259966855742	1.00322779703863
0.0105281598797937	1.00289892025986
0.0105303239633107	1.00280883557406
0.0105324889366736	1.00382228394457
0.0105346548004315	1.00282615185217
0.0105368215551337	1.00386573898133
0.0105389892013301	1.00357943897023
0.010541157739571	1.00399224136595
0.0105433271704072	1.00340900179457
0.0105454974943898	1.00404472065138
0.0105476687120706	1.0036656753144
0.0105498408240017	1.00386174735648
0.0105520138307356	1.00407317901072
0.0105541877328254	1.00325974987864
0.0105563625308246	1.00363453409715
0.0105585382252871	1.00341391527316
0.0105607148167674	1.00366092893807
0.0105628923058202	1.00290898256215
0.010565070693001	1.00291809844002
0.0105672499788655	1.00283148091889
0.0105694301639699	1.00312798513053
0.010571611248871	1.00333138142303
0.0105737932341258	1.00287906999131
0.010575976120292	1.00332623198796
0.0105781599079277	1.00302738120773
0.0105803445975914	1.00208099883117
0.0105825301898421	1.00140764502673
0.0105847166852393	1.00248496101406
0.0105869040843429	1.00210586318746
0.0105890923877133	1.00243340761111
0.0105912815959113	1.00217781736674
0.0105934717094982	1.00070893944612
0.0105956627290359	1.00260398724851
0.0105978546550865	1.00198600489395
0.0106000474882128	1.00085167528356
0.0106022412289779	1.00200593638486
0.0106044358779455	1.00148481343833
0.0106066314356797	1.00204824909352
0.0106088279027451	1.00233358692824
0.0106110252797066	1.00179681045505
0.0106132235671299	1.00148979676033
0.0106154227655809	1.00164195465341
0.010617622875626	1.00185216476883
0.0106198238978322	1.00151788277212
0.0106220258327668	1.00199648933611
0.0106242286809978	1.00174075430711
0.0106264324430933	1.00214043039609
0.0106286371196223	1.00263885872757
0.0106308427111541	1.00227998825702
0.0106330492182582	1.00212498764883
0.0106352566415051	1.00206584578663
0.0106374649814653	1.00251820700163
0.01063967423871	1.0029499869616
0.010641884413811	1.00186119332487
0.0106440955073402	1.00297004836468
0.0106463075198703	1.00273009488909
0.0106485204519743	1.00316760683043
0.0106507343042259	1.00284263595297
0.0106529490771989	1.00288735068141
0.010655164771468	1.00394002454024
0.0106573813876081	1.00433172069146
0.0106595989261947	1.00399697573775
0.0106618173878036	1.00362828262745
0.0106640367730113	1.00306744677843
0.0106662570823947	1.00302142792153
0.0106684783165312	1.00154498080458
0.0106707004759986	1.00341587499009
0.0106729235613753	1.0029997760244
0.0106751475732401	1.0035000350529
0.0106773725121722	1.00301025091235
0.0106795983787515	1.00298685702709
0.0106818251735583	1.00284669334878
0.0106840528971733	1.00226715206467
0.0106862815501777	1.00149519882171
0.0106885111331532	1.00084596150411
0.0106907416466821	1.0015075492785
0.0106929730913471	1.00016499444349
0.0106952054677313	1.00104387074965
0.0106974387764184	1.00092883707863
0.0106996730179926	1.0009100992605
0.0107019081930385	1.00000854531891
0.0107041443021412	1.00196319551006
0.0107063813458864	1.00108226848475
0.0107086193248601	1.00079526270214
0.010710858239649	1.0015175982987
0.0107130980908402	1.00036034991443
0.0107153388790213	1.00262337925782
0.0107175806047802	1.00145585062094
0.0107198232687057	1.00233693299184
0.0107220668713867	1.00193920722036
0.0107243114134128	1.002281893425
0.010726556895374	1.00162085904921
0.010728803317861	1.00193968498198
0.0107310506814647	1.00205848571836
0.0107332989867766	1.00212498658941
0.0107355482343888	1.00265602991841
0.0107377984248938	1.00270511186777
0.0107400495588847	1.00299170741533
0.0107423016369549	1.00269118054089
0.0107445546596985	1.00307453852582
0.0107468086277099	1.00294451249666
0.0107490635415843	1.00243354241798
0.010751319401917	1.00327946606653
0.0107535762093042	1.00240091662244
0.0107558339643423	1.00306829867304
0.0107580926676283	1.00294825970732
0.0107603523197598	1.00238087404549
0.0107626129213348	1.00260568610414
0.0107648744729518	1.00217530109113
0.0107671369752098	1.00371534423454
0.0107694004287083	1.00396753617441
0.0107716648340474	1.00396556252302
0.0107739301918277	1.00283722565886
0.0107761965026501	1.00378124136299
0.0107784637671162	1.00412951149174
0.0107807319858281	1.00436069192433
0.0107830011593883	1.00368178921995
0.0107852712883999	1.00409985244203
0.0107875423734665	1.0041477633597
0.0107898144151921	1.00393719982144
0.0107920874141813	1.00385985957946
0.0107943613710393	1.0034793973195
0.0107966362863717	1.00351971898499
0.0107989121607846	1.00233646339088
0.0108011889948846	1.00258543945101
0.0108034667892788	1.00235202691794
0.010805745544575	1.00225806528075
0.0108080252613813	1.00249960295163
0.0108103059403064	1.00183610667914
0.0108125875819594	1.00217350753914
0.0108148701869502	1.00146094641736
0.0108171537558889	1.00136446223651
0.0108194382893862	1.00092670657775
0.0108217237880535	1.00107834437202
0.0108240102525025	1.00138112025256
0.0108262976833455	1.0015743547251
0.0108285860811953	1.00186161783945
0.0108308754466653	1.00188539197705
0.0108331657803693	1.0018833146411
0.0108354570829216	1.0020216759181
0.0108377493549372	1.0027649820613
0.0108400425970314	1.00311158317101
0.0108423368098202	1.00274777504092
0.0108446319939201	1.00299507582013
0.0108469281499479	1.00329113654205
0.0108492252785213	1.0028037513611
0.0108515233802582	1.00359954497094
0.0108538224557772	1.00329508506574
0.0108561225056973	1.00356494533947
0.0108584235306381	1.00315954363026
0.0108607255312198	1.0029897959959
0.010863028508063	1.00313573171778
0.0108653324617888	1.00311456587402
0.010867637393019	1.00381325094193
0.0108699433023757	1.00292664771183
0.0108722501904818	1.00273237115901
0.0108745580579605	1.00261396696298
0.0108768669054357	1.00150908195169
0.0108791767335315	1.0024234508622
0.0108814875428731	1.00255977732744
0.0108837993340856	1.00252632347744
0.0108861121077952	1.00290373309357
0.0108884258646281	1.00258099339964
0.0108907406052115	1.00301985604498
0.0108930563301729	1.00379752584289
0.0108953730401403	1.00391718304627
0.0108976907357423	1.00418132796485
0.0109000094176081	1.00388314261323
0.0109023290863674	1.00417528004524
0.0109046497426503	1.00442856935914
0.0109069713870876	1.00423222274672
0.0109092940203105	1.00401782423603
0.0109116176429509	1.00382845216347
0.0109139422556412	1.00320566842808
0.0109162678590142	1.00290911444255
0.0109185944537034	1.00321838340484
0.0109209220403428	1.00249580764769
0.0109232506195668	1.00270321708131
0.0109255801920105	1.00262767351379
0.0109279107583096	1.00228250432666
0.0109302423191001	1.00275099173338
0.0109325748750188	1.00244713442781
0.0109349084267029	1.00239192946433
0.0109372429747901	1.00138155632577
0.0109395785199188	1.00203929669362
0.0109419150627278	1.00208223652092
0.0109442526038566	1.00152176357009
0.0109465911439451	1.00208536847208
0.0109489306836337	1.00181760596454
0.0109512712235636	1.00235174372254
0.0109536127643764	1.00304506585806
0.0109559553067142	1.00240926984089
0.0109582988512196	1.00271891610525
0.010960643398536	1.00247273475566
0.0109629889493071	1.00290355024069
0.0109653355041774	1.00381054889525
0.0109676830637916	1.00401628592252
0.0109700316287952	1.00403615961846
0.0109723811998343	1.00366518788781
0.0109747317775554	1.00386942995653
0.0109770833626056	1.00357407230195
0.0109794359556325	1.00344849608038
0.0109817895572845	1.00356145482619
0.0109841441682103	1.00363927941683
0.0109864997890592	1.00347608750561
0.0109888564204811	1.00346231468888
0.0109912140631265	1.00367240254884
0.0109935727176464	1.00275586061156
0.0109959323846923	1.00212057337478
0.0109982930649163	1.00277634674842
0.0110006547589713	1.00352351990882
0.0110030174675103	1.00268973033824
0.0110053811911873	1.00316318494666
0.0110077459306565	1.00321044025659
0.011010111686573	1.00320444108425
0.0110124784595921	1.00313706577732
0.0110148462503701	1.00319346773073
0.0110172150595635	1.00316646614348
0.0110195848878295	1.00371168418651
0.0110219557358258	1.00402339024937
0.0110243276042108	1.00360271089004
0.0110267004936433	1.00394821555981
0.0110290744047829	1.00380105833429
0.0110314493382896	1.00401143269845
0.0110338252948238	1.00422576701158
0.0110362022750469	1.00396828943691
0.0110385802796205	1.00402266275111
0.0110409593092069	1.0038803659696
0.0110433393644691	1.0038732814805
0.0110457204460704	1.00334987926645
0.0110481025546749	1.00345058169153
0.0110504856909471	1.00337188796416
0.0110528698555523	1.00299657490205
0.0110552550491561	1.00364661725075
0.0110576412724249	1.0025191647686
0.0110600285260256	1.00263243992837
0.0110624168106256	1.0031125971322
0.011064806126893	1.00307540166465
0.0110671964754964	1.0030818365804
0.0110695878571049	1.00376896894192
0.0110719802723884	1.00355112449677
0.0110743737220173	1.00324351134662
0.0110767682066624	1.00363219391798
0.0110791637269952	1.00310254944295
0.011081560283688	1.003412322306
0.0110839578774132	1.00339059479533
0.0110863565088443	1.00398714350517
0.011088756178655	1.00416414961671
0.0110911568875197	1.00422678914074
0.0110935586361135	1.00423272051627
0.011095961425112	1.00433947999447
0.0110983652551914	1.0043848000795
0.0111007701270283	1.00416762025334
0.0111031760413003	1.00377755993342
0.0111055829986851	1.00394961703854
0.0111079909998614	1.00394623998586
0.0111104000455082	1.00393278056096
0.0111128101363053	1.00398620843151
0.0111152212729329	1.00346234401295
0.011117633456072	1.00304104825768
0.011120046686404	1.00332694554974
0.011122460964611	1.00340294766665
0.0111248762913756	1.00327739395087
0.0111272926673812	1.0026474534113
0.0111297100933115	1.00306906102477
0.011132128569851	1.00276989240406
0.0111345480976847	1.00356696771675
0.0111369686774983	1.00335683994878
0.0111393903099781	1.00311291297642
0.0111418129958107	1.00297130804209
0.0111442367356837	1.00339134378135
0.011146661530285	1.00386475895841
0.0111490873803034	1.00425785588782
0.011151514286428	1.00401886820735
0.0111539422493486	1.00391668476814
0.0111563712697557	1.00403842862061
0.0111588013483403	1.00435874625825
0.011161232485794	1.00423150551024
0.011163664682809	1.00384629570758
0.0111660979400783	1.0033096554654
0.0111685322582951	1.00293215307361
0.0111709676381536	1.00354756916728
0.0111734040803484	1.00336579517817
0.0111758415855748	1.00398090191904
0.0111782801545286	1.00363126873107
0.0111807197879062	1.00333257368519
0.0111831604864049	1.00326297140311
0.0111856022507222	1.00335168759382
0.0111880450815564	1.00305316795421
0.0111904889796065	1.00354720126761
0.0111929339455719	1.00296553008604
0.0111953799801528	1.00156053031612
0.01119782708405	1.00266169104307
0.0112002752579647	1.00202701626748
0.011202724502599	1.00382094935101
0.0112051748186555	1.00353032894244
0.0112076262068372	1.0035414194735
0.0112100786678481	1.00367898216068
0.0112125322023925	1.00333665370528
0.0112149868111755	1.00387416960262
0.0112174424949028	1.00402711701844
0.0112198992542806	1.00387681963923
0.0112223570900159	1.00360942060047
0.0112248160028161	1.00325583507405
0.0112272759933894	1.00342482023677
0.0112297370624445	1.00378221296047
0.0112321992106909	1.00385002653759
0.0112346624388385	1.0041332121861
0.011237126747598	1.00353499725759
0.0112395921376805	1.00356200758324
0.011242058609798	1.00404817652732
0.0112445261646631	1.00318853181369
0.0112469948029887	1.00395925357218
0.0112494645254886	1.00387205662837
0.0112519353328773	1.00331195259437
0.0112544072258697	1.00271930372722
0.0112568802051814	1.00306907936442
0.0112593542715288	1.00356289843337
0.0112618294256287	1.00339340300796
0.0112643056681986	1.00320077154157
0.0112667829999567	1.00345313808623
0.0112692614216218	1.00378397602128
0.0112717409339133	1.00383507310164
0.0112742215375513	1.00346056208059
0.0112767032332564	1.00401671309158
0.0112791860217499	1.00385021116899
0.0112816699037538	1.00389523652447
0.0112841548799908	1.00389945768985
0.0112866409511839	1.00410133088503
0.0112891281180572	1.00424361017088
0.0112916163813351	1.00403602481874
0.0112941057417427	1.00370826348645
0.0112965962000058	1.00421409333209
0.0112990877568509	1.00432266268864
0.011301580413005	1.00390218126472
0.0113040741691958	1.00402543889217
0.0113065690261517	1.0039938285613
0.0113090649846016	1.00372081811776
0.0113115620452752	1.00334522481751
0.0113140602089028	1.00338768584221
0.0113165594762153	1.0033390828173
0.0113190598479443	1.00298440745728
0.0113215613248219	1.00294842404695
0.0113240639075812	1.00307016320987
0.0113265675969554	1.00283024898145
0.0113290723936789	1.00327087614082
0.0113315782984865	1.00253488377654
0.0113340853121135	1.00333291260428
0.0113365934352962	1.00366713521262
0.0113391026687712	1.00348621656111
0.011341613013276	1.00385142073511
0.0113441244695487	1.0038304446839
0.011346637038328	1.00399792234722
0.0113491507203533	1.00416174756538
0.0113516655163646	1.00392665468722
0.0113541814271025	1.00394390737103
0.0113566984533085	1.00397393390842
0.0113592165957246	1.00401003977992
0.0113617358550933	1.00437319311096
0.0113642562321581	1.0038585923623
0.0113667777276629	1.00399344273821
0.0113693003423524	1.00386360718785
0.0113718240769718	1.00264448208188
0.0113743489322671	1.0025585583932
0.011376874908985	1.00277045583602
0.0113794020078727	1.00309452500467
0.0113819302296783	1.00353308996349
0.0113844595751502	1.00359552892064
0.0113869900450378	1.00300527329573
0.0113895216400911	1.00303593890732
0.0113920543610607	1.0032681064796
0.0113945882086978	1.0029155840904
0.0113971231837545	1.00342531325682
0.0113996592869832	1.00242701002674
0.0114021965191375	1.00354710877408
0.0114047348809711	1.00360231789194
0.0114072743732387	1.00371738653997
0.0114098149966957	1.00378983443541
0.0114123567520981	1.00388585477017
0.0114148996402024	1.00396533363981
0.011417443661766	1.0035078764531
0.011419988817547	1.00353524217802
0.0114225351083039	1.00355032870762
0.0114250825347962	1.003680530291
0.011427631097784	1.00407675357939
0.0114301807980278	1.00386355440799
0.0114327316362891	1.0038448478694
0.0114352836133301	1.00293311812405
0.0114378367299133	1.00302917918061
0.0114403909868024	1.00211386585055
0.0114429463847613	1.0030293415025
0.0114455029245549	1.00253043842131
0.0114480606069487	1.00261668252605
0.0114506194327088	1.00252307945221
0.0114531794026022	1.00240604664803
0.0114557405173962	1.00181590794865
0.0114583027778593	1.00109284028996
0.0114608661847602	1.00124148901879
0.0114634307388686	1.00091416144873
0.0114659964409547	1.00140434186564
0.0114685632917896	1.00138043649259
0.0114711312921449	1.00280347396573
0.0114737004427931	1.00298592544983
0.011476270744507	1.003292710694
0.0114788421980605	1.00385925036531
0.0114814148042281	1.00384807379501
0.0114839885637848	1.00399370068051
0.0114865634775066	1.00373538021903
0.0114891395461698	1.00355566422397
0.0114917167705518	1.00366933192469
0.0114942951514305	1.00390988803734
0.0114968746895844	1.00391151612202
0.0114994553857929	1.0035794436752
0.0115020372408361	1.00372782940622
0.0115046202554946	1.0034153305807
0.0115072044305499	1.00281530838721
0.011509789766784	1.00337345661254
0.0115123762649799	1.00298480879217
0.011514963925921	1.0031365034487
0.0115175527503916	1.00332167477041
0.0115201427391766	1.00340530349265
0.0115227338930617	1.00227356081397
0.0115253262128331	1.00278912296624
0.0115279196992781	1.00302252627076
0.0115305143531843	1.00269947727985
0.0115331101753402	1.00200699421951
0.011535707166535	1.0023946132178
0.0115383053275587	1.00227766980813
0.0115409046592017	1.00326962576876
0.0115435051622555	1.00330921679852
0.0115461068375121	1.00348474933102
0.0115487096857642	1.0037459038535
0.0115513137078054	1.00334578782394
0.0115539189044297	1.00264120842173
0.0115565252764321	1.00302177546399
0.0115591328246082	1.00343683483753
0.0115617415497543	1.00294860416306
0.0115643514526676	1.00314514914778
0.0115669625341457	1.0026233291633
0.0115695747949871	1.00264226889377
0.0115721882359912	1.00298582514955
0.0115748028579577	1.00286825567127
0.0115774186616875	1.00298315525199
0.0115800356479817	1.00292345000864
0.0115826538176427	1.00244575936393
0.0115852731714732	1.00266729301064
0.0115878937102767	1.00255097667878
0.0115905154348576	1.0017863211101
0.0115931383460209	1.00227919206546
0.0115957624445723	1.0011569427667
0.0115983877313183	1.00113023802809
0.011601014207066	1.00200991321563
0.0116036418726236	1.00136905796295
0.0116062707287995	1.00206116871024
0.0116089007764033	1.00261390619527
0.011611532016245	1.00296696515288
0.0116141644491355	1.00312747837862
0.0116167980758865	1.00320983686082
0.0116194328973103	1.00281111738104
0.0116220689142198	1.00329672796237
0.0116247061274291	1.00283706208686
0.0116273445377526	1.003427983854
0.0116299841460056	1.00371728873442
0.0116326249530042	1.00406169491507
0.0116352669595651	1.00367493967491
0.0116379101665059	1.00414917509755
0.0116405545746448	1.0040103800669
0.0116432001848009	1.00375710477687
0.0116458469977938	1.00383378855835
0.0116484950144441	1.00384803369475
0.0116511442355731	1.00369398429784
0.0116537946620027	1.00312353187664
0.0116564462945556	1.00310977703162
0.0116590991340554	1.00250490785422
0.0116617531813263	1.00272438697981
0.0116644084371932	1.00272793772798
0.011667064902482	1.00255653610001
0.0116697225780191	1.00253819843152
0.0116723814646318	1.0021516297722
0.011675041563148	1.00265591962157
0.0116777028743965	1.00317724753439
0.0116803653992069	1.00356120412849
0.0116830291384093	1.00356980544957
0.0116856940928349	1.00324878481193
0.0116883602633154	1.00287214951763
0.0116910276506833	1.00327564310159
0.011693696255772	1.00310049470959
0.0116963660794155	1.0029693489499
0.0116990371224487	1.00350539034555
0.0117017093857071	1.00326325659515
0.0117043828700271	1.00345572909944
0.0117070575762457	1.00337767299614
0.011709733505201	1.00303677237556
0.0117124106577315	1.00336528127024
0.0117150890346767	1.00316677291722
0.0117177686368767	1.0029916026278
0.0117204494651725	1.00311207341432
0.0117231315204058	1.0030559091216
0.0117258148034191	1.00269930206052
0.0117284993150556	1.00239840105441
0.0117311850561595	1.00242598251226
0.0117338720275755	1.00271701378126
0.0117365602301493	1.00242450562405
0.011739249664727	1.00276475107929
0.011741940332156	1.00275543153533
0.0117446322332841	1.00239617697642
0.01174732536896	1.00219663176795
0.0117500197400332	1.00166988523241
0.0117527153473539	1.00213091354068
0.0117554121917731	1.00281785338436
0.0117581102741427	1.00313927115159
0.0117608095953153	1.00352535797648
0.0117635101561441	1.00370210547675
0.0117662119574835	1.00366036234465
0.0117689150001883	1.0041136180633
0.0117716192851143	1.00414986798899
0.0117743248131179	1.00400210089176
0.0117770315850566	1.00411737229292
0.0117797396017883	1.0042267612676
0.0117824488641719	1.0041149912164
0.0117851593730672	1.00400827712876
0.0117878711293346	1.0040174535344
0.0117905841338354	1.0038345803437
0.0117932983874316	1.00369521040847
0.011796013890986	1.00344101188552
0.0117987306453623	1.003399598381
0.0118014486514249	1.00336557369834
0.011804167910039	1.00307650528123
0.0118068884220708	1.00336549624311
0.0118096101883869	1.00362530757539
0.0118123332098551	1.00313156843461
0.0118150574873437	1.00216058998337
0.011817783021722	1.00271530966948
0.0118205098138601	1.00338225247624
0.0118232378646287	1.00370668920889
0.0118259671748994	1.00355341654436
0.0118286977455448	1.0035197847544
0.0118314295774381	1.00353739045498
0.0118341626714534	1.00339436142137
0.0118368970284654	1.00386183228612
0.0118396326493499	1.00376085155841
0.0118423695349833	1.00392683062724
0.011845107686243	1.00408548185294
0.011847847104007	1.0038949632475
0.0118505877891544	1.00414459654361
0.0118533297425647	1.00369152129252
0.0118560729651185	1.00354849478909
0.0118588174576972	1.00380644405346
0.0118615632211831	1.0031723637673
0.0118643102564589	1.00276042485457
0.0118670585644087	1.00326127411391
0.011869808145917	1.00323592272585
0.0118725590018692	1.00273623002705
0.0118753111331517	1.00241299990772
0.0118780645406515	1.00235815813365
0.0118808192252565	1.00269583513368
0.0118835751878556	1.00246869818198
0.0118863324293381	1.00266462554487
0.0118890909505947	1.00260991476991
0.0118918507525163	1.00282410227055
0.0118946118359952	1.00286894993826
0.0118973742019241	1.00304920058122
0.0119001378511969	1.00341422235412
0.0119029027847079	1.00362999106255
0.0119056690033526	1.00352878568037
0.0119084365080272	1.00286747932307
0.0119112052996288	1.00342410804184
0.0119139753790551	1.00331050536244
0.0119167467472048	1.0034690592632
0.0119195194049776	1.00386520681288
0.0119222933532738	1.00336738938673
0.0119250685929946	1.00320557112375
0.011927845125042	1.00272195907459
0.011930622950319	1.00309662673801
0.0119334020697293	1.00352946321652
0.0119361824841774	1.00330237275914
0.0119389641945688	1.00318086063866
0.0119417472018098	1.00343621962166
0.0119445315068074	1.0030551934744
0.0119473171104697	1.00297783167898
0.0119501040137053	1.00282409518733
0.0119528922174241	1.00267922065161
0.0119556817225364	1.00278691543253
0.0119584725299536	1.00253495839384
0.0119612646405879	1.00289753402505
0.0119640580553524	1.00357192223269
0.011966852775161	1.00346125935066
0.0119696488009285	1.00332574759062
0.0119724461335704	1.00335310034453
0.0119752447740032	1.00326335946971
0.0119780447231443	1.00253971612846
0.0119808459819118	1.00292921091693
0.0119836485512248	1.00397189783096
0.0119864524320033	1.00334397208645
0.0119892576251679	1.00385662418645
0.0119920641316403	1.00387612925592
0.0119948719523429	1.00371277991412
0.0119976810881993	1.00390329186577
0.0120004915401335	1.0039864504047
0.0120033033090707	1.00415267456657
0.0120061163959368	1.00399537176115
0.0120089308016586	1.00389071081285
0.0120117465271639	1.00347928334628
0.0120145635733811	1.00364366312331
0.0120173819412398	1.00377611806839
0.0120202016316703	1.00346851938268
0.0120230226456036	1.00321819291265
0.012025844983972	1.00316619927058
0.0120286686477082	1.00280994220423
0.0120314936377462	1.00274555163977
0.0120343199550205	1.00234144786218
0.0120371476004669	1.00245473325475
0.0120399765750216	1.00315370147466
0.012042806879622	1.00290337169563
0.0120456385152064	1.00331961637156
0.0120484714827138	1.00335856691828
0.0120513057830842	1.00329863436908
0.0120541414172585	1.00369962370214
0.0120569783861783	1.00352643068636
0.0120598166907863	1.00364603232127
0.0120626563320261	1.00362956600825
0.012065497310842	1.00383372052314
0.0120683396281793	1.00369415421929
0.0120711832849842	1.00330309852406
0.0120740282822039	1.00347290547692
0.0120768746207861	1.00343628510731
0.01207972230168	1.00303654574306
0.0120825713258351	1.00296002514689
0.0120854216942021	1.00286451696285
0.0120882734077326	1.00308591506362
0.0120911264673791	1.00342707480251
0.0120939808740949	1.00268750155918
0.0120968366288342	1.00301059005884
0.0120996937325523	1.00325366096982
0.012102552186205	1.00285269853832
0.0121054119907495	1.00308827094589
0.0121082731471436	1.00367785767693
0.0121111356563461	1.00339275888797
0.0121139995193165	1.00338530253357
0.0121168647370156	1.00358241364787
0.0121197313104048	1.00358739310951
0.0121225992404464	1.00316449434003
0.0121254685281039	1.00337725263129
0.0121283391743415	1.00388494360534
0.0121312111801242	1.00356704671706
0.0121340845464182	1.00330398066915
0.0121369592741904	1.00373453139407
0.0121398353644087	1.00322290518987
0.0121427128180419	1.00304485180645
0.0121455916360598	1.00312078397253
0.0121484718194329	1.00310821509532
0.0121513533691329	1.0031775650498
0.0121542362861321	1.00271765798699
0.0121571205714041	1.00212690589357
0.0121600062259232	1.00293736449028
0.0121628932506646	1.00328805054361
0.0121657816466045	1.00231828245898
0.01216867141472	1.003154943277
0.0121715625559892	1.00293746099598
0.012174455071391	1.00341417337185
0.0121773489619054	1.00361001878155
0.0121802442285131	1.00383366720101
0.0121831408721959	1.00339370383004
0.0121860388939366	1.00355047015997
0.0121889382947188	1.00371712538528
0.012191839075527	1.0032262936699
0.0121947412373467	1.00306901374497
0.0121976447811645	1.00347236487716
0.0122005497079677	1.00352961957687
0.0122034560187445	1.003765419534
0.0122063637144844	1.00342075849682
0.0122092727961774	1.00326240208287
0.0122121832648149	1.00320243337551
0.0122150951213887	1.00284832960348
0.0122180083668921	1.00273767325479
0.0122209230023191	1.00232518244954
0.0122238390286644	1.00275840524582
0.0122267564469241	1.00220515670105
0.0122296752580951	1.00274291228079
0.012232595463175	1.00303013613394
0.0122355170631627	1.003734034909
0.0122384400590578	1.00294960665879
0.0122413644518611	1.00319592487502
0.0122442902425741	1.00295852714813
0.0122472174321994	1.00379721633939
0.0122501460217406	1.00400897167995
0.0122530760122021	1.00396993788124
0.0122560074045894	1.00364106802782
0.012258940199909	1.00348554823436
0.0122618743991682	1.00367364172751
0.0122648100033753	1.00284295171455
0.0122677470135397	1.00267444491237
0.0122706854306716	1.0035771500835
0.0122736252557824	1.00333969007711
0.0122765664898841	1.00309015789913
0.0122795091339901	1.00377602551962
0.0122824531891144	1.00378864955901
0.0122853986562722	1.00338936880309
0.0122883455364797	1.00309575611741
0.0122912938307538	1.00271349359228
0.0122942435401127	1.00288144331412
0.0122971946655753	1.0034004795653
0.0123001472081618	1.00327322789847
0.012303101168893	1.00287067330942
0.0123060565487911	1.00281335330986
0.0123090133488788	1.00230499652576
0.0123119715701802	1.00195251506838
0.0123149312137202	1.00258897480427
0.0123178922805247	1.00295185091829
0.0123208547716206	1.0029765744149
0.0123238186880358	1.00355987467979
0.0123267840307992	1.00355635041423
0.0123297508009406	1.00376998081491
0.0123327189994909	1.00390368411042
0.012335688627482	1.00354048124048
0.0123386596859466	1.00368896399733
0.0123416321759186	1.00362101071856
0.0123446060984329	1.00352506552967
0.0123475814545253	1.00373723036165
0.0123505582452327	1.00378252150451
0.0123535364715928	1.00381632758624
0.0123565161346445	1.00378215631506
0.0123594972354277	1.00294899286451
0.0123624797749831	1.00285106845459
0.0123654637543527	1.00266641420735
0.0123684491745792	1.00294884953452
0.0123714360367066	1.00300178064385
0.0123744243417796	1.00318034773696
0.0123774140908443	1.00280368908543
0.0123804052849474	1.00337858312306
0.0123833979251369	1.00346084957713
0.0123863920124617	1.00374661889098
0.0123893875479717	1.00389410067354
0.0123923845327179	1.00346352946544
0.0123953829677522	1.00382104527659
0.0123983828541276	1.00428035415577
0.0124013841928981	1.00406809386953
0.0124043869851187	1.00417705813848
0.0124073912318455	1.00409605440342
0.0124103969341356	1.0043039430963
0.0124134040930469	1.0041020706342
0.0124164127096387	1.00385599477822
0.0124194227849711	1.00384614822887
0.0124224343201053	1.0031621998537
0.0124254473161034	1.00328395385985
0.0124284617740287	1.00374673205542
0.0124314776949455	1.0035304638821
0.012434495079919	1.00370216390412
0.0124375139300156	1.00339080854896
0.0124405342463027	1.00269578204448
0.0124435560298486	1.00310020899162
0.0124465792817229	1.00324152009677
0.0124496040029959	1.00225969406979
0.0124526301947392	1.0032606717406
0.0124556578580254	1.0028086230132
0.0124586869939281	1.00349973588121
0.012461717603522	1.0036864419394
0.0124647496878827	1.00350308863474
0.012467783248087	1.00359604682527
0.0124708182852126	1.00340427385445
0.0124738548003385	1.00338630357637
0.0124768927945445	1.00356494965814
0.0124799322689116	1.00368020753087
0.0124829732245218	1.00356796095407
0.0124860156624581	1.0039771300053
0.0124890595838046	1.00418897134397
0.0124921049896466	1.00382496212564
0.0124951518810702	1.00391228545421
0.0124982002591627	1.00372722578133
0.0125012501250125	1.00317066496374
0.012504301479709	1.00353316419219
0.0125073543243427	1.00366169557525
0.0125104086600051	1.00417295314198
0.0125134644877889	1.00366556272795
0.0125165218087876	1.00392900247677
0.0125195806240961	1.00375516598594
0.0125226409348101	1.00408600709332
0.0125257027420266	1.00396854072165
0.0125287660468436	1.0039426707741
0.0125318308503599	1.00409478759829
0.0125348971536758	1.00427249301465
0.0125379649578925	1.00417243293621
0.0125410342641122	1.00445773217607
0.0125441050734382	1.00446904741415
0.012547177386975	1.00394267736784
0.0125502512058281	1.00379089633851
0.0125533265311041	1.00368323067792
0.0125564033639107	1.0040675480538
0.0125594817053566	1.00365557410967
0.0125625615565516	1.00364732329367
0.0125656429186068	1.00413515752259
0.0125687257926341	1.00425956272779
0.0125718101797467	1.00394976828754
0.0125748960810588	1.00356918870572
0.0125779834976857	1.00413648732176
0.0125810724307437	1.00351033158033
0.0125841628813505	1.00364451070813
0.0125872548506245	1.00357718556884
0.0125903483396856	1.00355123199176
0.0125934433496544	1.00350646737122
0.012596539881653	1.00352694247262
0.0125996379368043	1.0034050270892
0.0126027375162323	1.00292514740994
0.0126058386210625	1.0028031116221
0.0126089412524209	1.00308243616762
0.0126120454114352	1.00308936562068
0.0126151510992338	1.00319881997571
0.0126182583169464	1.00318602805705
0.0126213670657038	1.00373163036145
0.0126244773466379	1.00392925448643
0.0126275891608816	1.00362811109163
0.012630702509569	1.00354351938949
0.0126338173938355	1.00378892001487
0.0126369338148174	1.00325728640185
0.0126400517736521	1.00341327913161
0.0126431712714782	1.00371940925822
0.0126462923094356	1.00397414860574
0.0126494148886649	1.00397863777624
0.0126525390103083	1.00342272157259
0.0126556646755088	1.00306707687046
0.0126587918854106	1.00313354102866
0.0126619206411592	1.003541154635
0.0126650509439009	1.00358989455461
0.0126681827947836	1.00316485992613
0.0126713161949558	1.00393674368238
0.0126744511455676	1.00401859874058
0.01267758764777	1.00410768884109
0.0126807257027151	1.00392206256919
0.0126838653115563	1.00327674292742
0.0126870064754481	1.00368342565258
0.0126901491955461	1.00351346961504
0.012693293473007	1.00375086188655
0.0126964393089887	1.00415208685888
0.0126995867046503	1.00437919447493
0.012702735661152	1.00441490075039
0.0127058861796551	1.00435998614848
0.0127090382613222	1.00394289518446
0.0127121919073169	1.00398946152136
0.0127153471188041	1.00314574244503
0.0127185038969496	1.00317397066959
0.0127216622429207	1.00369046650685
0.0127248221578855	1.00352332262955
0.0127279836430137	1.00394714571211
0.0127311466994757	1.00361357426311
0.0127343113284434	1.00335851200308
0.0127374775310896	1.00380381831626
0.0127406453085886	1.00359393326216
0.0127438146621156	1.00317605398475
0.012746985592847	1.00369968086091
0.0127501581019605	1.00346533394372
0.0127533321906348	1.00309700683012
0.0127565078600499	1.00285758008872
0.012759685111387	1.00248982648045
0.0127628639458283	1.00262615015813
0.0127660443645574	1.00244071652265
0.0127692263687589	1.0024450720095
0.0127724099596188	1.0021147698066
0.0127755951383239	1.00217638249077
0.0127787819060627	1.00211507999383
0.0127819702640244	1.0032189606969
0.0127851602133997	1.00347979011144
0.0127883517553803	1.00343844370054
0.0127915448911593	1.00342650859181
0.0127947396219308	1.00349764538123
0.0127979359488902	1.00420702788135
0.012801133873234	1.00424621839217
0.0128043333961599	1.00398311709039
0.012807534518867	1.00370202738939
0.0128107372425554	1.00397572791976
0.0128139415684265	1.0037960639321
0.0128171474976827	1.00368756811515
0.0128203550315278	1.00378334719026
0.0128235641711669	1.00352005273233
0.012826774917806	1.00325911761718
0.0128299872726526	1.00397309738472
0.0128332012369153	1.00355166919866
0.0128364168118038	1.00363040369668
0.0128396339985291	1.00328752901396
0.0128428527983035	1.00293268629441
0.0128460732123405	1.0026818558217
0.0128492952418546	1.00302117086333
0.0128525188880618	1.0030464816827
0.0128557441521791	1.00278204518158
0.0128589710354249	1.00287227551707
0.0128621995390188	1.00319689490649
0.0128654296641814	1.00394656243769
0.0128686614121348	1.00420216252746
0.0128718947841023	1.00424099690435
0.0128751297813082	1.00394611877486
0.0128783664049783	1.00339854931601
0.0128816046563394	1.00352426608454
0.0128848445366198	1.00304363025075
0.0128880860470487	1.00347601783009
0.012891329188857	1.00371605688224
0.0128945739632763	1.00338624974462
0.0128978203715398	1.00324856686238
0.0129010684148819	1.00342207257667
0.0129043180945381	1.0036441188091
0.0129075694117453	1.00358295797588
0.0129108223677415	1.00314537292843
0.0129140769637662	1.00232024357283
0.0129173332010599	1.00269165674671
0.0129205910808643	1.00169569586643
0.0129238506044227	1.00203743563296
0.0129271117729792	1.00146532861479
0.0129303745877797	1.00120774914778
0.0129336390500708	1.0016690530766
0.0129369051611007	1.00201172082785
0.0129401729221188	1.00202745092656
0.0129434423343757	1.00170521222506
0.0129467133991234	1.00183642304101
0.0129499861176149	1.00129795590453
0.0129532604911047	1.00231916634465
0.0129565365208486	1.00320427306126
0.0129598142081035	1.00259228177227
0.0129630935541277	1.0035242586389
0.0129663745601806	1.00383165457054
0.0129696572275231	1.00381343127822
0.0129729415574172	1.00371015635365
0.0129762275511263	1.00385603205783
0.0129795152099151	1.00353464732086
0.0129828045350494	1.00376175061266
0.0129860955277965	1.00304896268974
0.0129893881894248	1.00381784062429
0.0129926825212041	1.00347272160976
0.0129959785244054	1.0035630845345
0.0129992762003012	1.00279401502269
0.013002575550165	1.00264304612675
0.0130058765752718	1.00225773252993
0.0130091792768978	1.00189795807228
0.0130124836563205	1.00219364140804
0.0130157897148189	1.00193867370583
0.0130190974536729	1.00192691607515
0.013022406874164	1.00222320838563
0.0130257179775749	1.0028533956844
0.0130290307651898	1.00237872238667
0.0130323452382938	1.00240117043034
0.0130356613981738	1.00234198103624
0.0130389792461175	1.00330596504846
0.0130422987834144	1.00384803701528
0.0130456200113549	1.00365132863427
0.013048942931231	1.00363728586401
0.013052267544336	1.00407087357165
0.0130555938519642	1.00384269623492
0.0130589218554116	1.00422049125654
0.0130622515559754	1.00415493756565
0.0130655829549541	1.00395429915208
0.0130689160536474	1.00330687928105
0.0130722508533565	1.00311429021772
0.013075587355384	1.00308172364863
0.0130789255610336	1.00303138974268
0.0130822654716104	1.00276169169034
0.013085607088421	1.00235620195648
0.0130889504127732	1.00208767754022
0.013092295445976	1.00140023216942
0.0130956421893399	1.00148943723799
0.0130989906441769	1.00136168721167
0.0131023408118001	1.0018326071371
0.0131056926935239	1.00230751494756
0.0131090462906643	1.00216221987037
0.0131124016045384	1.00182689182461
0.0131157586364648	1.00219900307847
0.0131191173877633	1.00228276818844
0.0131224778597554	1.00224293986499
0.0131258400537635	1.00281759555708
0.0131292039711116	1.00239014037557
0.013132569613125	1.00198174095774
0.0131359369811305	1.00246803192197
0.0131393060764561	1.00302764076737
0.0131426769004311	1.00365148379398
0.0131460494543864	1.00344947886425
0.013149423739654	1.00380738536182
0.0131527997575676	1.00395222707236
0.0131561775094619	1.00408593960581
0.0131595569966733	1.00376730769905
0.0131629382205392	1.00392575703615
0.0131663211823989	1.00276859785955
0.0131697058835925	1.0029101606877
0.0131730923254618	1.00145464378971
0.01317648050935	1.00081575545176
0.0131798704366017	1.00200992814815
0.0131832621085626	1.00155619377244
0.0131866555265801	1.00251009694479
0.0131900506920028	1.00209995827882
0.0131934476061809	1.00179439003797
0.0131968462704657	1.00254538524067
0.0132002466862101	1.00303539268349
0.0132036488547683	1.00333486121263
0.013207052777496	1.00314138097929
0.0132104584557503	1.00275705705536
0.0132138658908894	1.00307465124842
0.0132172750842734	1.0030578127802
0.0132206860372633	1.00378131372605
0.0132240987512219	1.00355330976188
0.0132275132275132	1.00373705765876
0.0132309294675027	1.00417189862474
0.0132343474725573	1.00429677170301
0.0132377672440451	1.0042525688878
0.013241188783336	1.00436844763164
0.0132446120918011	1.00399476170195
0.0132480371708128	1.00350184597056
0.0132514640217451	1.00309069746857
0.0132548926459735	1.00215849643272
0.0132583230448747	1.00146088908155
0.0132617552198269	1.00135242509755
0.0132651891722098	1.00106720009544
0.0132686249034044	1.00175374745403
0.0132720624147934	1.00148082438815
0.0132755017077606	1.00151587951676
0.0132789427836913	1.00164604440136
0.0132823856439726	1.00208460880404
0.0132858302899925	1.00191510222121
0.0132892767231408	1.00169258466788
0.0132927249448086	1.00186266676059
0.0132961749563886	1.00206710722502
0.0132996267592746	1.00204558645366
0.0133030803548623	1.00246642441686
0.0133065357445486	1.00254414386726
0.0133099929297318	1.00300347639361
0.0133134519118117	1.00336168323539
0.0133169126921897	1.00373428470391
0.0133203752722685	1.00362738543677
0.0133238396534523	1.00379229309447
0.0133273058371467	1.00409334542279
0.013330773824759	1.00381115815334
0.0133342436176976	1.00430802240238
0.0133377152173728	1.00395178022654
0.0133411886251959	1.0032724367268
0.01334466384258	1.00266632936072
0.0133481408709395	1.00226001135318
0.0133516197116905	1.00222831749591
0.0133551003662503	1.00160051176231
0.0133585828360378	1.00121332943711
0.0133620671224735	1.00092952342011
0.0133655532269792	1.00171355762259
0.0133690411509782	1.0020932726059
0.0133725308958954	1.00228916693405
0.0133760224631571	1.00210443340256
0.0133795158541911	1.00205958899316
0.0133830110704268	1.00263517016205
0.0133865081132948	1.00256719557966
0.0133900069842277	1.00257746694844
0.013393507684659	1.00328043598934
0.0133970102160241	1.00330639185459
0.0134005145797599	1.0033941070575
0.0134040207773045	1.00402019712039
0.0134075288100979	1.00328885445272
0.0134110386795813	1.00421238660982
0.0134145503871976	1.0043674320693
0.013418063934391	1.00385929371055
0.0134215793226075	1.00412280782049
0.0134250965532944	1.00373862312301
0.0134286156279006	1.00351313138151
0.0134321365478764	1.00329285361103
0.0134356593146739	1.00344186196726
0.0134391839297464	1.00249887433086
0.0134427103945489	1.00264246963837
0.013446238710538	1.00251205105569
0.0134497688791716	1.00144628017303
0.0134533009019093	1.00150676808257
0.0134568347802122	1.00179257632565
0.013460370515543	1.00117988014118
0.0134639081093657	1.00149801845289
0.0134674475631462	1.00141105558641
0.0134709888783516	1.00094307126734
0.0134745320564508	1.00186852322563
0.013478077098914	1.0014198780106
0.0134816240072132	1.0019461184067
0.0134851727828218	1.00183532256527
0.0134887234272149	1.00152899347726
0.0134922759418688	1.00257499250904
0.0134958303282618	1.00280945080676
0.0134993865878735	1.00345566962714
0.013502944722185	1.00345056893138
0.0135065047326793	1.00381984734222
0.0135100666208405	1.0041081948957
0.0135136303881547	1.00377173470158
0.0135171960361093	1.00391095074597
0.0135207635661933	1.00380581995584
0.0135243329798974	1.0035942193142
0.0135279042787138	1.00348951344774
0.0135314774641362	1.00321085011369
0.0135350525376599	1.00290281158339
0.013538629500782	1.00273086175994
0.0135422083550009	1.00226902167003
0.0135457891018167	1.0019853149094
0.013549371742731	1.00213055547326
0.0135529562792473	1.00220530230683
0.0135565427128703	1.00191926163757
0.0135601310451064	1.00220661756168
0.0135637212774638	1.00211231738424
0.0135673134114521	1.0023628966716
0.0135709074485826	1.00280314865912
0.013574503390368	1.002625094557
0.0135781012383228	1.00253227694235
0.0135817009939632	1.00300724116636
0.0135853026588068	1.00291937114516
0.0135889062343728	1.00346752573288
0.0135925117221821	1.00342549007975
0.0135961191237573	1.00335748667209
0.0135997284406225	1.00373273626273
0.0136033396743034	1.00398195452343
0.0136069528263274	1.00413685929756
0.0136105678982235	1.00360373850166
0.0136141848915222	1.00393415995117
0.0136178038077558	1.0035063806943
0.0136214246484583	1.00286371443804
0.013625047415165	1.00347761244569
0.0136286721094132	1.00217965233724
0.0136322987327415	1.00337713598306
0.0136359272866905	1.00146688970841
0.0136395577728021	1.00255146439996
0.01364319019262	1.00238077225327
0.0136468245476897	1.0017478180409
0.013650460839558	1.0016390618404
0.0136540990697735	1.00080865584351
0.0136577392398867	1.00132642815757
0.0136613813514494	1.00099523737352
0.0136650254060152	1.00204487319997
0.0136686714051394	1.00194333860063
0.0136723193503789	1.00229644899682
0.0136759692432922	1.00286633500053
0.0136796210854396	1.00273605018868
0.0136832748783831	1.00273833639833
0.0136869306236861	1.00254521638162
0.0136905883229139	1.00289982452127
0.0136942479776335	1.00307459531026
0.0136979095894134	1.00338043456652
0.0137015731598239	1.00320596086184
0.013705238690437	1.00301138362522
0.0137089061828264	1.00317962964743
0.0137125756385672	1.00354508687555
0.0137162470592366	1.00339496639711
0.0137199204464133	1.00344606220596
0.0137235958016776	1.00316511759305
0.0137272731266116	1.00292493932588
0.0137309524227991	1.00319839837021
0.0137346336918256	1.00247384677838
0.0137383169352783	1.00273634792584
0.0137420021547459	1.00292616824933
0.0137456893518193	1.00319877798647
0.0137493785280905	1.00318140618056
0.0137530696851537	1.00316942592317
0.0137567628246046	1.00307112472629
0.0137604579480405	1.00271291162559
0.0137641550570607	1.00294667700547
0.013767854153266	1.00275134485515
0.0137715552382589	1.00344046057714
0.0137752583136439	1.00362098413173
0.0137789633810269	1.00327414497005
0.0137826704420158	1.00376347035021
0.0137863794982199	1.00316801167865
0.0137900905512506	1.00293810959683
0.0137938036027208	1.00331289578327
0.0137975186542452	1.00377626146133
0.0138012357074403	1.0039575207557
0.0138049547639242	1.00391012482737
0.0138086758253169	1.00435945089534
0.0138123988932401	1.00401066051132
0.0138161239693172	1.00395121862397
0.0138198510551733	1.00301988229511
0.0138235801524354	1.00339379257031
0.0138273112627322	1.00370989977775
0.0138310443876941	1.00317728890973
0.0138347795289534	1.00305882731467
0.0138385166881441	1.00321763667521
0.0138422558669017	1.00204981967313
0.013845997066864	1.00165298414136
0.0138497402896701	1.00094748009076
0.0138534855369611	1.0015157507423
0.0138572328103799	1.00176619413017
0.0138609821115709	1.00145441551461
0.0138647334421807	1.00154651134083
0.0138684868038574	1.00154632455724
0.013872242198251	1.00283877559509
0.0138759996270131	1.00307451852999
0.0138797590917974	1.00249545833403
0.0138835205942591	1.00267637155785
0.0138872841360554	1.00206893500757
0.0138910497188452	1.00307490898756
0.0138948173442891	1.0027093293109
0.0138985870140498	1.00336880155127
0.0139023587297915	1.00326428635776
0.0139061324931804	1.00310846870193
0.0139099083058845	1.00386856840085
0.0139136861695733	1.00347792778628
0.0139174660859187	1.00329518922441
0.0139212480565938	1.00285665107693
0.0139250320832739	1.00267460512793
0.0139288181676361	1.00336560358566
0.0139326063113592	1.00264304847843
0.0139363965161239	1.00336556858441
0.0139401887836126	1.00346712766656
0.0139439831155097	1.00305453794294
0.0139477795135015	1.00343434404135
0.0139515779792758	1.0033383156107
0.0139553785145225	1.00371323934129
0.0139591811209334	1.00277051971754
0.013962985800202	1.00248207306418
0.0139667925540236	1.00274126683951
0.0139706013840954	1.00224608619709
0.0139744122921167	1.00339938240126
0.0139782252797882	1.00273943833262
0.0139820403488128	1.00283957852472
0.0139858575008951	1.00311568978466
0.0139896767377417	1.00330169465138
0.0139934980610609	1.00363790423807
0.013997321472563	1.00385714083247
0.0140011469739601	1.00274844891703
0.0140049745669662	1.00371131992154
0.0140088042532971	1.00307190532478
0.0140126360346706	1.00383942835286
0.0140164699128064	1.00363707056653
0.0140203058894258	1.00338108570759
0.0140241439662523	1.00383212549519
0.0140279841450112	1.00282150641678
0.0140318264274296	1.00356213159998
0.0140356708152367	1.00304403811368
0.0140395173101633	1.00288893492012
0.0140433659139423	1.00210650528628
0.0140472166283084	1.00191286320591
0.0140510694549984	1.00223544000467
0.0140549243957507	1.00202025510096
0.0140587814523059	1.00214607160052
0.0140626406264063	1.00176928365503
0.0140665019197962	1.00215451675851
0.0140703653342218	1.00260614453766
0.0140742308714313	1.00151848202192
0.0140780985331748	1.00208559507529
0.0140819683212041	1.00129779072644
0.0140858402372732	1.00153150021048
0.0140897142831379	1.00259019527112
0.014093590460556	1.0019553695656
0.0140974687712872	1.00234888284717
0.0141013492170931	1.00275557148953
0.0141052317997373	1.00245360321116
0.0141091165209853	1.00353333191802
0.0141130033826047	1.00337003562382
0.0141168923863647	1.00337689546173
0.0141207835340367	1.00352455479327
0.0141246768273942	1.00343537571305
0.0141285722682123	1.00375366861113
0.0141324698582683	1.00395321805589
0.0141363695993414	1.00393555333313
0.0141402714932127	1.00380063768671
0.0141441755416654	1.00403669212776
0.0141480817464845	1.00368689660838
0.0141519901094572	1.00372132569175
0.0141559006323724	1.00381559121995
0.0141598133170212	1.00317229488881
0.0141637281651967	1.00269534670824
0.0141676451786937	1.00287577222148
0.0141715643593093	1.00280625373115
0.0141754857088423	1.00261033729291
0.0141794092290939	1.00252070746171
0.0141833349218669	1.00263807113279
0.0141872627889662	1.00324251820787
0.0141911928321988	1.00387553563098
0.0141951250533737	1.00333560297999
0.0141990594543018	1.00370649765212
0.014202996036796	1.00349559638461
0.0142069348026714	1.00350024790911
0.0142108757537449	1.00371775990142
0.0142148188918355	1.00356351787
0.0142187642187642	1.00366528197432
0.0142227117363542	1.00355485367831
0.0142266614464304	1.00376876586219
0.0142306133508199	1.00354124669994
0.014234567451352	1.00247684281749
0.0142385237498576	1.00338496921092
0.0142424822481701	1.00287845806597
0.0142464429481247	1.0026159175692
0.0142504058515587	1.00147234557956
0.0142543709603113	1.00027249721332
0.0142583382762239	1.00142838252986
0.0142623078011401	1.00086065167017
0.0142662795369052	1.00176054745092
0.0142702534853667	1.00216635033528
0.0142742296483743	1.00085964195693
0.0142782080277797	1.00211922483052
0.0142821886254365	1.0026200389118
0.0142861714432005	1.00244018672955
0.0142901564829296	1.00299966350407
0.0142941437464837	1.00324617220212
0.0142981332357248	1.00279814332485
0.014302124952517	1.0035742283791
0.0143061188987264	1.00310691483951
0.0143101150762214	1.00293634920204
0.0143141134868723	1.00363391106844
0.0143181141325514	1.00338092865783
0.0143221170151333	1.00351620070444
0.0143261221364947	1.0039526608428
0.0143301294985143	1.0037209478611
0.0143341391030728	1.00390200627679
0.0143381509520532	1.00321413387102
0.0143421650473406	1.00317935968425
0.0143461813908221	1.00381683053309
0.014350199984387	1.00341239536565
0.0143542208299266	1.00359029803971
0.0143582439293345	1.0030641772296
0.0143622692845062	1.00355661658849
0.0143662968973396	1.00296095738139
0.0143703267697345	1.00321598222477
0.0143743589035929	1.00337294147324
0.014378393300819	1.00256750245487
0.0143824299633191	1.00253436515114
0.0143864688930015	1.00288171904883
0.0143905100917769	1.00372095600792
0.014394553561558	1.00370966077063
0.0143985993042597	1.00360916235524
0.0144026473217989	1.00378222661853
0.0144066976160949	1.00357824388545
0.0144107501890691	1.00346638149497
0.0144148050426448	1.0033678694422
0.0144188621787478	1.00236236205079
0.0144229215993059	1.00273837740251
0.0144269833062491	1.00263559283776
0.0144310473015096	1.00216609291784
0.0144351135870218	1.00228437824573
0.0144391821647222	1.00261585520656
0.0144432530365495	1.00253954882224
0.0144473262044447	1.00240946091069
0.0144514016703508	1.00271432652411
0.0144554794362132	1.00262831457136
0.0144595595039793	1.00213487473356
0.0144636418755988	1.00220234519372
0.0144677265530237	1.00162159433309
0.0144718135382079	1.00233012438291
0.0144759028331079	1.00102600300726
0.0144799944396821	1.00109178380363
0.0144840883598914	1.00196456165543
0.0144881845956985	1.00197190898572
0.0144922831490688	1.00230743075615
0.0144963840219696	1.00218252450709
0.0145004872163705	1.00270999905675
0.0145045927342434	1.00318658137841
0.0145087005775624	1.00308869908176
0.0145128107483038	1.00317623720455
0.0145169232484461	1.00341238323052
0.0145210380799703	1.00373120192564
0.0145251552448593	1.00365760115816
0.0145292747450984	1.00415430345034
0.0145333965826753	1.0036180970814
0.0145375207595797	1.00337524780284
0.0145416472778036	1.00357845880522
0.0145457761393416	1.00345562023637
0.01454990734619	1.00284671418185
0.0145540409003479	1.00332940547648
0.0145581768038164	1.00315355845949
0.0145623150585988	1.00295042362969
0.0145664556667009	1.00328448774343
0.0145705986301306	1.00323822898571
0.0145747439508983	1.00326428102269
0.0145788916310164	1.00284194417758
0.0145830416724999	1.00345056889755
0.0145871940773658	1.00281656336522
0.0145913488476336	1.00281924395439
0.0145955059853251	1.00289333364864
0.0145996654924642	1.00284543295012
0.0146038273710774	1.00281309248074
0.0146079916231933	1.00289153697956
0.0146121582508428	1.00341340299524
0.0146163272560594	1.00251128370823
0.0146204986408785	1.0030103592165
0.0146246724073381	1.00270413152224
0.0146288485574785	1.00250548901675
0.0146330270933423	1.00274521466925
0.0146372080169745	1.00239097051951
0.0146413913304222	1.00261349293767
0.0146455770357352	1.00217957107047
0.0146497651349654	1.00209759472972
0.014653955630167	1.0013629838251
0.0146581485233968	1.00181323543144
0.0146623438167137	1.0007649440267
0.0146665415121791	1.00136875593774
0.0146707416118568	1.00215134839146
0.0146749441178128	1.0025524394284
0.0146791490321156	1.00205296553614
0.0146833563568361	1.00149235805792
0.0146875660940474	1.00166649817744
0.0146917782458252	1.00161204693357
0.0146959928142474	1.00145715368001
0.0147002098013943	1.00089274341895
0.0147044292093487	1.0019690233817
0.0147086510401958	1.00218369475864
0.0147128752960231	1.00262527533432
0.0147171019789204	1.00262781662957
0.0147213310909802	1.00275849996598
0.0147255626342971	1.00309758006872
0.0147297966109684	1.00283366593095
0.0147340330230935	1.00326241674179
0.0147382718727745	1.00407161482411
0.0147425131621158	1.00393396737619
0.0147467568932241	1.00404458962739
0.0147510030682087	1.00387713219277
0.0147552516891812	1.00373674739048
0.0147595027582559	1.00352192619417
0.0147637562775492	1.00334902291867
0.0147680122491801	1.00371382588143
0.01477227067527	1.00389151244143
0.0147765315579429	1.00360841516615
0.0147807948993251	1.00349397881309
0.0147850607015452	1.00399833667139
0.0147893289667347	1.00335396690544
0.0147935996970271	1.00303694245438
0.0147978728945587	1.00354376141093
0.014802148561468	1.00320665595212
0.0148064266998962	1.0027927155182
0.014810707311987	1.00268071607498
0.0148149903998862	1.00332352296528
0.0148192759657426	1.00340277025812
0.0148235640117071	1.00237445900462
0.0148278545399332	1.00255556563311
0.014832147552577	1.00246784141335
0.014836443051797	1.00229655884441
0.0148407410397542	1.00254159336347
0.0148450415186121	1.00155328761736
0.0148493444905368	1.00271278522433
0.0148536499576968	1.0023536022905
0.0148579579222632	1.00190361016565
0.0148622683864095	1.00236179358883
0.0148665813523118	1.00126018398272
0.0148708968221488	1.00172810212235
0.0148752147981017	1.00143628256994
0.0148795352823541	1.00173815844931
0.0148838582770922	1.00166301402751
0.0148881837845049	1.00192117370794
0.0148925118067834	1.00171394053164
0.0148968423461216	1.0020315941162
0.0149011754047159	1.00160029489169
0.0149055109847654	1.00284921364301
0.0149098490884715	1.00191228424645
0.0149141897180383	1.00202032800958
0.0149185328756725	1.00209402061821
0.0149228785635834	1.00242167754466
0.0149272267839827	1.00250086787307
0.0149315775390849	1.00249574913224
0.0149359308311069	1.00270636842563
0.0149402866622683	1.00261901058913
0.0149446450347911	1.00293721343223
0.0149490059509003	1.00312835308227
0.0149533694128231	1.00364881602769
0.0149577354227894	1.00325086569312
0.0149621039830318	1.00410899561463
0.0149664750957855	1.00388055701999
0.0149708487632881	1.00352875026599
0.0149752249877802	1.00403066982678
0.0149796037715047	1.00430084842364
0.0149839851167073	1.00439561450636
0.0149883690256361	1.00418699203706
0.0149927555005421	1.00426331672409
0.0149971445436789	1.00427200603583
0.0150015361573025	1.00421878734064
0.0150059303436718	1.00404231487375
0.0150103271050483	1.00404414781285
0.015014726443696	1.00396703918423
0.0150191283618817	1.00371131646704
0.0150235328618749	1.00358825374905
0.0150279399459475	1.00373689933968
0.0150323496163745	1.00309079979185
0.0150367618754331	1.00282161521893
0.0150411767254035	1.00306400750041
0.0150455941685684	1.00282228047614
0.0150500142072134	1.0030193644806
0.0150544368436266	1.00243282161186
0.0150588620800987	1.00264131329977
0.0150632899189234	1.00250178487145
0.0150677203623968	1.00150309683491
0.0150721534128179	1.00129467047784
0.0150765890724883	1.00152562493822
0.0150810273437123	1.00076508538876
0.0150854682287971	1.00158602715623
0.0150899117300524	1.00144186600603
0.0150943578497906	1.0018250955251
0.0150988065903271	1.00249112076914
0.0151032579539798	1.00152062775576
0.0151077119430693	1.0024374305429
0.0151121685599192	1.00197466504405
0.0151166278068555	1.00241898183796
0.0151210896862072	1.00255805362394
0.0151255542003059	1.00187296190043
0.0151300213514861	1.00290600413953
0.015134491142085	1.00258821985983
0.0151389635744425	1.0032584874628
0.0151434386509014	1.0029143312316
0.015147916373807	1.00289502092897
0.0151523967455076	1.00356828653817
0.0151568797683544	1.00268803252325
0.0151613654447011	1.00343367438872
0.0151658537769042	1.00354364015079
0.0151703447673233	1.00324798781304
0.0151748384183205	1.00367462021022
0.0151793347322608	1.0032280064417
0.015183833711512	1.00378159173895
0.0151883353584447	1.00398568100503
0.0151928396754323	1.00350690793753
0.0151973466648511	1.00318813463836
0.0152018563290801	1.00285680249365
0.0152063686705011	1.00281003696077
0.015210883691499	1.00377867293823
0.0152154013944611	1.00253192995238
0.015219921781778	1.00308315844412
0.0152244448558428	1.00394842836169
0.0152289706190516	1.00363559884596
0.0152334990738033	1.00341328626663
0.0152380302224996	1.00290864112416
0.0152425640675453	1.00298547397793
0.0152471006113478	1.00278655213779
0.0152516398563174	1.00305125624534
0.0152561818048673	1.00286908246055
0.0152607264594138	1.00177986192125
0.0152652738223757	1.00246789079432
0.015269823896175	1.00296654910341
0.0152743766832363	1.00275649825266
0.0152789321859874	1.002032276368
0.0152834904068588	1.00193046419424
0.0152880513482838	1.00217886273608
0.015292615012699	1.00237844499292
0.0152971814025435	1.00291819420867
0.0153017505202595	1.00281338441924
0.0153063223682922	1.00286583296447
0.0153108969490894	1.00224471605576
0.0153154742651023	1.00216259466265
0.0153200543187846	1.00203332636124
0.0153246371125932	1.00280018635779
0.0153292226489878	1.00367728867931
0.0153338109304311	1.00323602783245
0.0153384019593888	1.00327226125284
0.0153429957383295	1.00306779362213
0.0153475922697247	1.00316459430579
0.015352191556049	1.0035013338653
0.0153567935997799	1.00288590778463
0.0153613984033977	1.00303475633838
0.015366005969386	1.0026054781246
0.0153706163002312	1.00278238127686
0.0153752293984226	1.00275435714575
0.0153798452664528	1.0029869668477
0.0153844639068169	1.00373513421744
0.0153890853220135	1.00386302767799
0.015393709514544	1.00365223095655
0.0153983364869127	1.00373465400415
0.015402966241627	1.00384901822557
0.0154075987811973	1.00355671946445
0.0154122341081372	1.00397885010973
0.015416872224963	1.00382759377904
0.0154215131341943	1.00376920784639
0.0154261568383536	1.00361587775744
0.0154308033399665	1.00330117699352
0.0154354526415616	1.00339828089346
0.0154401047456706	1.00339818157754
0.0154447596548282	1.00357391464073
0.0154494173715721	1.00353603383419
0.0154540778984432	1.0032033048116
0.0154587412379855	1.00327406736249
0.0154634073927458	1.00337312540764
0.0154680763652743	1.00328977009624
0.0154727481581241	1.00231965946279
0.0154774227738513	1.00214300930542
0.0154821002150154	1.00186803203701
0.0154867804841787	1.00183811196972
0.0154914635839067	1.00080846389806
0.0154961495167681	1.00079982856743
0.0155008382853345	1.00119312637179
0.0155055298921808	1.0021312952061
0.0155102243398849	1.00255472738703
0.0155149216310279	1.00163256286285
0.015519621768194	1.00248505339649
0.0155243247539705	1.00317621953106
0.015529030590948	1.00303970404267
0.0155337392817199	1.00342979958572
0.0155384508288831	1.00334635622422
0.0155431652350375	1.00297404502641
0.0155478825027862	1.00298438583868
0.0155526026347353	1.00362863954377
0.0155573256334943	1.00375328565472
0.0155620515016757	1.00359894162122
0.0155667802418953	1.00401116570632
0.015571511856772	1.00405977379784
0.0155762463489279	1.00369431845252
0.0155809837209882	1.00442562544159
0.0155857239755815	1.00434814262657
0.0155904671153395	1.00404010465293
0.0155952131428971	1.00365143350582
0.0155999620608923	1.00440009914339
0.0156047138719665	1.00389070265004
0.0156094685787641	1.00380255668069
0.0156142261839331	1.00419630963315
0.0156189866901243	1.00337571017441
0.015623750099992	1.00356546044596
0.0156285164161937	1.00415351872308
0.01563328564139	1.00437979966015
0.0156380577782448	1.0041988551161
0.0156428328294256	1.00382782081869
0.0156476107976025	1.00424547634437
0.0156523916854495	1.00424962704516
0.0156571754956436	1.00377731974979
0.0156619622308649	1.00314679370387
0.015666751893797	1.00325468487354
0.0156715444871268	1.00343217754462
0.0156763400135444	1.00341725310051
0.0156811384757432	1.00280797104535
0.0156859398764199	1.00252462974626
0.0156907442182746	1.00259161283724
0.0156955515040105	1.00256671671669
0.0157003617363344	1.00227388396073
0.0157051749179562	1.00149677470485
0.0157099910515891	1.00136467309849
0.0157148101399498	1.0009980550266
0.0157196321857583	1.0003823911577
0.0157244571917378	1.00049576667561
0.0157292851606149	0.999488458671024
0.0157341160951197	1.00066947099204
0.0157389499979854	1.0008484671851
0.0157437868719489	1.00049945702634
0.0157486267197501	1.0008320206995
0.0157534695441324	1.00095877786261
0.0157583153478428	1.00243331290263
0.0157631641336313	1.00292814318727
0.0157680159042516	1.00265960276145
0.0157728706624606	1.00313326754284
0.0157777284110187	1.00268305146541
0.0157825891526896	1.003508600447
0.0157874528902406	1.00304716623823
0.0157923196264422	1.00333085796364
0.0157971893640684	1.00359545089201
0.0158020621058966	1.0032610409962
0.0158069378547077	1.00379427153048
0.015811816613286	1.00404453259844
0.0158166983844192	1.00300141198865
0.0158215831708984	1.00388785157143
0.0158264709755184	1.00416389976228
0.0158313618010771	1.00407235482002
0.015836255650376	1.00352259724562
0.0158411525262203	1.00404152807984
0.0158460524314183	1.00353405011153
0.015850955368782	1.00362855556578
0.0158558613411268	1.00400944862814
0.0158607703512717	1.00379499491148
0.0158656824020389	1.0038302467443
0.0158705974962546	1.00393903121625
0.0158755156367479	1.00364814493289
0.0158804368263519	1.00383279262448
0.0158853610679029	1.00360776224034
0.015890288364241	1.00343897691347
0.0158952187182096	1.00370702707787
0.0159001521326556	1.00334160715924
0.0159050886104297	1.00364402066689
0.0159100281543858	1.00271464274747
0.0159149707673817	1.00383625713507
0.0159199164522785	1.00340628456939
0.0159248652119409	1.00309749340052
0.0159298170492372	1.00309901813234
0.0159347719670393	1.0026962148912
0.0159397299682226	1.00308293733199
0.0159446910556661	1.00289236753174
0.0159496552322525	1.00268866996819
0.0159546225008679	1.00188514811199
0.0159595928644022	1.00143255431947
0.0159645663257487	1.00137620852738
0.0159695428878044	1.00126598081904
0.0159745225534699	1.00137498857579
0.0159795053256496	1.00108882128153
0.0159844912072511	1.0010098210195
0.0159894802011861	1.00166102776975
0.0159944723103696	1.00185950667366
0.0159994675377204	1.00143363821167
0.0160044658861609	1.00194794319812
0.0160094673586172	1.00228797973178
0.016014471958019	1.00248919951978
0.0160194796872998	1.00295216406183
0.0160244905493965	1.00329410508832
0.0160295045472499	1.0028779980628
0.0160345216838044	1.00354165064395
0.0160395419620081	1.00271060151864
0.0160445653848129	1.00330760172155
0.0160495919551741	1.00330071861366
0.0160546216760511	1.0023688932033
0.0160596545504068	1.00341213965462
0.0160646905812077	1.00369189047282
0.0160697297714242	1.00237955405549
0.0160747721240304	1.00280721678372
0.0160798176420041	1.00373019036316
0.0160848663283269	1.00302797354696
0.016089918185984	1.002326037789
0.0160949732179646	1.00298855743937
0.0161000314272614	1.00324386888309
0.0161050928168709	1.00360344281967
0.0161101573897936	1.00365729498862
0.0161152251490336	1.00360257497066
0.0161202960975987	1.00335828672201
0.0161253702385007	1.00361413306206
0.016130447574755	1.00310215140427
0.0161355281093808	1.00328555767685
0.0161406118454014	1.00342479481569
0.0161456987858435	1.00360360292752
0.0161507889337379	1.00398490154696
0.016155882292119	1.00356652901587
0.0161609788640254	1.00321169360913
0.0161660786524992	1.00418980445929
0.0161711816605863	1.00421794486067
0.0161762878913368	1.00384661954387
0.0161813973478043	1.00389575391466
0.0161865100330464	1.00362539826469
0.0161916259501246	1.00348302436642
0.0161967451021043	1.00279079792797
0.0162018674920546	1.00275510438471
0.0162069931230487	1.00268818329137
0.0162121219981635	1.00283375639942
0.0162172541204799	1.00207002205855
0.0162223894930828	1.00177675876466
0.0162275281190607	1.00269548579996
0.0162326700015064	1.0015774126999
0.0162378151435163	1.00243114088881
0.0162429635481909	1.00251026818488
0.0162481152186347	1.00241241932396
0.0162532701579558	1.00284784069347
0.0162584283692666	1.00246614442329
0.0162635898556834	1.00291602183668
0.0162687546203263	1.00320473066765
0.0162739226663195	1.00270309501846
0.0162790939967911	1.00327914670018
0.0162842686148732	1.00343264823931
0.0162894465237018	1.00316036702377
0.0162946277264171	1.00357626552586
0.0162998122261632	1.00358596260404
0.016305000026088	1.00384785119866
0.0163101911293437	1.00371652348894
0.0163153855390865	1.00297087553398
0.0163205832584763	1.00345235347285
0.0163257842906773	1.00331521559129
0.0163309886388578	1.00316069562857
0.01633619630619	1.00324565499776
0.0163414072958501	1.00237793456793
0.0163466216110184	1.00264548905936
0.0163518392548794	1.00311049191756
0.0163570602306215	1.00290822320121
0.0163622845414372	1.00251491811308
0.0163675121905231	1.00256870599745
0.0163727431810799	1.00218299010581
0.0163779775163125	1.0025606066634
0.0163832151994296	1.00235030135919
0.0163884562336443	1.00214468349701
0.0163937006221737	1.00305339084096
0.0163989483682391	1.0030674974485
0.0164041994750656	1.00305306702743
0.0164094539458829	1.00283335427605
0.0164147117839246	1.00222322904396
0.0164199729924284	1.00333567969148
0.0164252375746363	1.00366535214951
0.0164305055337943	1.00393291383799
0.0164357768731526	1.0036619552657
0.0164410515959658	1.00293412134365
0.0164463297054923	1.00337667046677
0.016451611204995	1.00352402912004
0.0164568960977408	1.00336869920147
0.0164621843870009	1.0028880193749
0.0164674760760508	1.00305893967979
0.0164727711681699	1.0033932210201
0.0164780696666421	1.0033688353578
0.0164833715747554	1.00342208943841
0.0164886768958021	1.00298540241043
0.0164939856330788	1.00318536315038
0.0164992977898861	1.00273743728601
0.0165046133695291	1.0031553511031
0.016509932375317	1.00296142392893
0.0165152548105634	1.00236310224587
0.0165205806785862	1.00245495787085
0.0165259099827073	1.00234428304385
0.0165312427262532	1.00368594543073
0.0165365789125546	1.00337394569987
0.0165419185449464	1.00332020627108
0.0165472616267679	1.00350600027476
0.0165526081613628	1.00385632189435
0.0165579581520789	1.00369421148566
0.0165633116022685	1.00395829918016
0.0165686685152883	1.00396698271872
0.016574028894499	1.00375677375795
0.0165793927432661	1.00332430283014
0.0165847600649592	1.00358509730249
0.0165901308629523	1.0036258497669
0.0165955051406237	1.00372920409957
0.0166008829013562	1.00344613177518
0.0166062641485371	1.00331689040693
0.0166116488855577	1.0036493841666
0.0166170371158141	1.0027474261398
0.0166224288427066	1.00298224892877
0.01662782406964	1.00216340405174
0.0166332228000234	1.00173206461503
0.0166386250372705	1.00241917237584
0.0166440307847994	1.00213541629466
0.0166494400460324	1.0024116646931
0.0166548528243966	1.0016176728674
0.0166602691233233	1.00215506680484
0.0166656889462485	1.00196102082374
0.0166711122966124	1.00195969235592
0.01667653917786	1.00182516806805
0.0166819695934404	1.00272103359009
0.0166874035468075	1.00280252395589
0.0166928410414196	1.00298995475205
0.0166982820807395	1.00295911327358
0.0167037266682346	1.00302420064741
0.0167091748073766	1.00241883563827
0.0167146265016421	1.00313491597749
0.0167200817545118	1.00319243645393
0.0167255405694712	1.00336237573155
0.0167310029500105	1.00396713257792
0.016736468899624	1.00358869145364
0.0167419384218111	1.00384438635388
0.0167474115200755	1.0039509324988
0.0167528881979253	1.00337397298026
0.0167583684588736	1.00398293131323
0.0167638523064379	1.0041109243453
0.0167693397441401	1.00393996208842
0.0167748307755072	1.00388710827388
0.0167803254040703	1.0035400978174
0.0167858236333654	1.0038107568369
0.0167913254669332	1.00338029653963
0.0167968309083189	1.00326954306295
0.0168023399610724	1.00315707685048
0.0168078526287482	1.00329448799892
0.0168133689149055	1.00355779101187
0.0168188888231084	1.00332058280294
0.0168244123569252	1.00353322259748
0.0168299395199294	1.00346469521374
0.0168354703156988	1.00294585240685
0.0168410047478161	1.00297935826201
0.0168465428198687	1.0033385699535
0.0168520845354487	1.00376271263183
0.016857629898153	1.00349601983378
0.016863178911583	1.00358461968055
0.0168687315793451	1.00351017440478
0.0168742879050504	1.00402470346515
0.0168798478923147	1.00380897638702
0.0168854115447585	1.00401992760926
0.0168909788660073	1.00427059680451
0.0168965498596911	1.00414114093622
0.0169021245294449	1.00383620470544
0.0169077028789084	1.0036610965515
0.0169132849117262	1.00331423108639
0.0169188706315476	1.00335199936844
0.0169244600420268	1.00314934556819
0.0169300531468229	1.0024754195702
0.0169356499495995	1.00288031646275
0.0169412504540255	1.00243938447093
0.0169468546637744	1.00228775317296
0.0169524625825246	1.00200019107545
0.0169580742139594	1.00160978372783
0.0169636895617668	1.00186956130777
0.0169693086296401	1.00155857795217
0.0169749314212771	1.0018990308036
0.0169805579403806	1.00247482701897
0.0169861881906584	1.00270265012206
0.0169918221758232	1.00248759635972
0.0169974598995926	1.00281741519116
0.0170031013656891	1.00332608912628
0.0170087465778402	1.00318828031228
0.0170143955397783	1.00367209571368
0.0170200482552408	1.00359365014074
0.0170257047279701	1.00408584536618
0.0170313649617135	1.00397116255018
0.0170370289602233	1.00426223029556
0.0170426967272569	1.00428069822209
0.0170483682665765	1.00437804983819
0.0170540435819495	1.00422593156448
0.0170597226771482	1.0042715432364
0.01706540555595	1.00401106032989
0.0170710922221373	1.00405519235256
0.0170767826794975	1.00389620308939
0.0170824769318232	1.00387727152244
0.0170881749829118	1.00370534183703
0.0170938768365661	1.00321593884894
0.0170995824965938	1.00319346765059
0.0171052919668075	1.00231652128259
0.0171110052510253	1.00262688829599
0.0171167223530701	1.00210487148011
0.0171224432767699	1.00211953234975
0.0171281680259581	1.00198604248519
0.0171338966044729	1.00218585310254
0.0171396290161579	1.00291981681617
0.0171453652648616	1.00292677995396
0.0171511053544379	1.00320074075229
0.0171568492887457	1.00263712103035
0.0171625970716491	1.00347412511676
0.0171683487070173	1.00352555085034
0.017174104198725	1.00378757292673
0.0171798635506518	1.00359065260061
0.0171856267666824	1.00329771948935
0.0171913938507072	1.00335070886104
0.0171971648066213	1.00339360479716
0.0172029396383254	1.00371234440144
0.0172087183497252	1.00372728471881
0.0172145009447318	1.00390720271167
0.0172202874272615	1.00377839503011
0.0172260778012359	1.00370899192272
0.0172318720705818	1.00314202342694
0.0172376702392313	1.00302911716971
0.0172434723111219	1.0019686384199
0.0172492782901964	1.00253769961614
0.0172550881804027	1.00190582725754
0.0172609019856942	1.00213823838664
0.0172667197100296	1.00193769943031
0.017272541357373	1.00203230604303
0.0172783669316938	1.00159659786936
0.0172841964369666	1.00211648500293
0.0172900298771716	1.00243942392993
0.0172958672562943	1.00223771520984
0.0173017085783255	1.00212911787258
0.0173075538472615	1.00316748380565
0.017313403067104	1.0031576930226
0.01731925624186	1.00308125130653
0.0173251133755419	1.003396423895
0.0173309744721679	1.00312918666504
0.0173368395357611	1.00352756422867
0.0173427085703504	1.00360569703932
0.01734858157997	1.00342414201186
0.0173544585686598	1.00374876958803
0.0173603395404649	1.00423014077677
0.017366224499436	1.00422106087341
0.0173721134496292	1.00390175140283
0.0173780063951064	1.00383321673594
0.0173839033399346	1.00316963440574
0.0173898042881866	1.00323627959718
0.0173957092439407	1.00281051078536
0.0174016182112807	1.00257794942269
0.0174075311942959	1.00213105294295
0.0174134481970812	1.00260516803666
0.0174193692237372	1.00232046969987
0.0174252942783698	1.00163091147271
0.0174312233650907	1.00188382112425
0.0174371564880172	1.00169788272343
0.0174430936512721	1.00238132123607
0.0174490348589839	1.00193812689508
0.0174549801152867	1.00117119572598
0.0174609294243202	1.00242772354793
0.0174668827902297	1.00227177451994
0.0174728402171665	1.00290826055432
0.017478801709287	1.00296864525755
0.0174847672707537	1.00319727617822
0.0174907369057347	1.0033559300532
0.0174967106184038	1.00369614539694
0.0175026884129402	1.00318357849932
0.0175086702935294	1.0039373462535
0.017514656264362	1.00339169259179
0.0175206463296349	1.00319612391715
0.0175266404935502	1.00367761944019
0.0175326387603162	1.0032773073266
0.0175386411341468	1.0030274501204
0.0175446476192615	1.00322967268654
0.0175506582198859	1.00329705337953
0.0175566729402511	1.00271220376972
0.0175626917845943	1.00302276546173
0.0175687147571582	1.00254012595316
0.0175747418621915	1.00323346116717
0.0175807731039488	1.00310758909206
0.0175868084866903	1.00233113338669
0.0175928480146823	1.00202627380517
0.0175988916921968	1.00215739974333
0.0176049395235118	1.00230324499994
0.017610991512911	1.00206293717731
0.0176170476646842	1.00291393695871
0.0176231079831269	1.00304405810384
0.0176291724725408	1.00334749241793
0.0176352411372332	1.00343432192164
0.0176413139815176	1.00315101441501
0.0176473910097131	1.00338177581919
0.0176534722261452	1.003344689799
0.0176595576351451	1.00347630115022
0.0176656472410499	1.00384946324828
0.0176717410482029	1.00296120038195
0.0176778390609532	1.00322973975121
0.0176839412836561	1.00330838472114
0.0176900477206727	1.00291658502578
0.0176961583763704	1.00323391815077
0.0177022732551223	1.00338644581572
0.0177083923613079	1.00320476450087
0.0177145156993124	1.00317180376667
0.0177206432735274	1.00287756981201
0.0177267750883503	1.00321864350917
0.0177329111481847	1.00306603970415
0.0177390514574405	1.00158974886038
0.0177451960205333	1.00239429706514
0.0177513448418852	1.00223770819771
0.0177574979259243	1.0020893111269
0.0177636552770846	1.002655394344
0.0177698168998067	1.002666419522
0.017775982798537	1.00205996152526
0.0177821529777282	1.00298397831789
0.0177883274418393	1.00250206371829
0.0177945061953353	1.00303497788058
0.0178006892426875	1.00344809904088
0.0178068765883734	1.00342893011597
0.0178130682368768	1.00295432986321
0.0178192641926876	1.00325815821378
0.017825464460302	1.00294139934539
0.0178316690442226	1.00288131093885
0.017837877948958	1.00273187402886
0.0178440911790234	1.00275946574086
0.01785030873894	1.00320594514378
0.0178565306332354	1.0035142006858
0.0178627568664438	1.00315828254879
0.0178689874431052	1.00316912662263
0.0178752223677663	1.00301337539439
0.01788146164498	1.00332488600043
0.0178877052793058	1.00316817560388
0.0178939532753092	1.00310011515836
0.0179002056375624	1.00270279734392
0.0179064623706437	1.00335651405196
0.0179127234791381	1.0032393793426
0.0179189889676369	1.00262454727162
0.0179252588407377	1.00305274416786
0.0179315331030446	1.00303848271263
0.0179378117591684	1.00338407970663
0.017944094813726	1.00261457872417
0.0179503822713409	1.00269157749882
0.0179566741366431	1.00276798363139
0.0179629704142692	1.00295770536111
0.0179692711088622	1.00284109366918
0.0179755762250715	1.00315219558512
0.0179818857675532	1.00253734838561
0.0179881997409699	1.00171157127476
0.0179945181499908	1.00234899104556
0.0180008409992915	1.00188559794616
0.0180071682935543	1.00250934968827
0.0180135000374681	1.00259525887951
0.0180198362357283	1.00205306684806
0.018026176893037	1.00148360632492
0.0180325220141029	1.0020744483619
0.0180388716036413	1.00241945062306
0.0180452256663741	1.00316648163836
0.01805158420703	1.00322377427843
0.0180579472303443	1.00273358568899
0.0180643147410589	1.00291533440353
0.0180706867439225	1.00283926876435
0.0180770632436904	1.0031916350172
0.0180834442451247	1.00327031513195
0.0180898297529942	1.00320850680486
0.0180962197720745	1.00286838330294
0.0181026143071478	1.00257104829662
0.0181090133630032	1.00330370760759
0.0181154169444364	1.00126850388394
0.0181218250562502	1.00247496839404
0.0181282377032538	1.0017959171681
0.0181346548902636	1.0019218375276
0.0181410766221025	1.00223305884648
0.0181475029036005	1.00188980366466
0.0181539337395942	1.00239721240453
0.0181603691349272	1.00279271589179
0.01816680909445	1.00314345033578
0.0181732536230199	1.00290989970646
0.0181797027255011	1.00288885359391
0.0181861564067647	1.00325395988605
0.0181926146716888	1.00270267251592
0.0181990775251584	1.00235024746726
0.0182055449720654	1.0025709450923
0.0182120170173087	1.00327350795837
0.0182184936657941	1.00253514662086
0.0182249749224345	1.00273852084433
0.0182314607921497	1.00255878276494
0.0182379512798665	1.00213385319932
0.0182444463905187	1.00351794687448
0.0182509461290473	1.00323688376021
0.0182574505004002	1.00310920416562
0.0182639595095323	1.00263990555437
0.0182704731614058	1.00309728016372
0.0182769914609896	1.00219936986591
0.0182835144132601	1.00297704717037
0.0182900420232006	1.00155401724679
0.0182965742958015	1.00188258234052
0.0183031112360604	1.00119358655431
0.018309652848982	1.00133440592806
0.0183161991395782	1.00168582243794
0.0183227501128682	1.00078730226626
0.018329305773878	1.00068629357706
0.0183358661276411	1.00188945240368
0.0183424311791982	1.00094302037638
0.0183490009335972	1.00092619781116
0.0183555753958931	1.00203999579514
0.0183621545711482	1.00209039716978
0.0183687384644323	1.00240540861423
0.0183753270808221	1.00300060977671
0.0183819204254018	1.00240585042752
0.0183885185032629	1.00199684782956
0.0183951213195041	1.00274865334949
0.0184017288792317	1.00269014083988
0.0184083411875589	1.00411668560391
0.0184149582496067	1.00379862068319
0.0184215800705031	1.00389714911786
0.0184282066553837	1.00267201519221
0.0184348380093915	1.00344643755125
0.0184414741376767	1.00203180469225
0.0184481150453971	1.00327341455333
0.018454760737718	1.00209583258405
0.0184614112198119	1.00109950935529
0.018468066496859	1.00151602986419
0.0184747265740467	1.0019458123028
0.0184813914565702	1.00233960701562
0.018488061149632	1.00180291972407
0.0184947356584422	1.00235411135844
0.0185014149882183	1.00268534370583
0.0185080991441855	1.00329731703978
0.0185147881315765	1.0017344827613
0.0185214819556314	1.00226876280482
0.0185281806215982	1.00241154917593
0.0185348841347323	1.0033514319811
0.0185415925002967	1.00281804900922
0.018548305723562	1.00268162505379
0.0185550238098066	1.00250220088646
0.0185617467643163	1.0034834543825
0.0185684745923849	1.00365130357881
0.0185752072993135	1.00326182438342
0.0185819448904111	1.00375819395274
0.0185886873709945	1.00364063258529
0.018595434746388	1.0038198767666
0.0186021870219238	1.00401147106112
0.0186089442029417	1.0030935577262
0.0186157062947894	1.00292177120934
0.0186224733028223	1.00309250431232
0.0186292452324036	1.00212363079516
0.0186360220889043	1.00291779814056
0.0186428038777032	1.00204067835632
0.0186495906041871	1.00232385154874
0.0186563822737503	1.00223975921664
0.0186631788917954	1.00229141201722
0.0186699804637325	1.00247994640706
0.0186767869949797	1.00225519736139
0.0186835984909631	1.00162234791467
0.0186904149571167	1.00138274115841
0.0186972363988824	1.00215537099463
0.0187040628217099	1.00267666838681
0.0187108942310571	1.00263267746099
0.0187177306323898	1.00313427521388
0.0187245720311817	1.00326048557773
0.0187314184329146	1.00351426603586
0.0187382698430783	1.00387828998547
0.0187451262671706	1.00383682171872
0.0187519877106973	1.00419206164316
0.0187588541791726	1.00410758866273
0.0187657256781183	1.00442028742868
0.0187726022130645	1.00440712008153
0.0187794837895496	1.00394608237184
0.0187863704131198	1.00366360403981
0.0187932620893297	1.00387721175915
0.0188001588237418	1.00378873458858
0.0188070606219269	1.00332419686167
0.0188139674894642	1.00307147649577
0.0188208794319407	1.0038835013287
0.0188277964549519	1.0033692286557
0.0188347185641013	1.0037459173729
0.018841645765001	1.00320569154178
0.0188485780632709	1.00319226042161
0.0188555154645396	1.00345701680776
0.0188624579744437	1.00331569233704
0.0188694055986281	1.00341550885119
0.0188763583427464	1.00388770927552
0.01888331621246	1.00375026109217
0.018890279213439	1.0038918693772
0.0188972473513618	1.00389635255818
0.0189042206319152	1.00437169363675
0.0189111990607942	1.00412570815995
0.0189181826437025	1.00385078209878
0.0189251713863521	1.00384826650597
0.0189321652944633	1.0040526469611
0.0189391643737652	1.00392280428527
0.018946168629995	1.0040047256784
0.0189531780688986	1.00393000076966
0.0189601926962304	1.00355505351601
0.0189672125177533	1.00349844916813
0.0189742375392387	1.00339479312226
0.0189812677664666	1.00280662919367
0.0189883032052256	1.00296402361706
0.0189953438613127	1.00300460842681
0.0190023897405338	1.00381673268103
0.0190094408487031	1.00350646561639
0.0190164971916437	1.00345517759803
0.0190235587751872	1.00318535014884
0.0190306256051739	1.00272750081129
0.0190376976874528	1.00311809234019
0.0190447750278816	1.00305694751357
0.0190518576323266	1.00314307115771
0.019058945506663	1.00352281011504
0.0190660386567747	1.00348803040014
0.0190731370885543	1.00344529979751
0.0190802408079032	1.00388589659286
0.0190873498207316	1.00364348132197
0.0190944641329586	1.00378099677095
0.0191015837505119	1.00375195314861
0.0191087086793284	1.00347890355874
0.0191158389253534	1.00413330446523
0.0191229744945416	1.00376983473945
0.0191301153928561	1.00427620472488
0.0191372616262692	1.00439965975395
0.0191444132007621	1.00435404609069
0.0191515701223249	1.00431656717958
0.0191587323969567	1.00420006675096
0.0191659000306655	1.00403136878455
0.0191730730294683	1.00370436384639
0.0191802513993912	1.0037442763597
0.0191874351464692	1.00407820824118
0.0191946242767466	1.00388397992631
0.0192018187962764	1.00390677099928
0.019209018711121	1.00383233644332
0.0192162240273516	1.00386133931676
0.0192234347510488	1.00403309281233
0.0192306508883022	1.00362297186945
0.0192378724452106	1.00357467052217
0.0192450994278817	1.00320452260155
0.0192523318424328	1.00391065654595
0.0192595696949901	1.00358112574381
0.0192668129916891	1.00382712281792
0.0192740617386746	1.0028681928178
0.0192813159421005	1.00273691779087
0.0192885756081302	1.00318414748335
0.0192958407429362	1.00333548468155
0.0193031113527003	1.00296066968034
0.0193103874436137	1.00341179880583
0.0193176690218769	1.0034821354214
0.0193249560936998	1.00356038068782
0.0193322486653016	1.0036917764688
0.0193395467429109	1.00387390027344
0.0193468503327658	1.00367882914407
0.0193541594411138	1.00355517576213
0.0193614740742118	1.00392203941694
0.0193687942383261	1.00341818688107
0.0193761199397325	1.00378200959678
0.0193834511847166	1.00367532732252
0.019390787979573	1.0031516312561
0.0193981303306062	1.00414442371781
0.0194054782441302	1.00382295674668
0.0194128317264686	1.00411852450671
0.0194201907839543	1.00419187380093
0.0194275554229301	1.00376736013714
0.0194349256497485	1.00397279237043
0.0194423014707712	1.0025111482223
0.0194496828923701	1.00268109032705
0.0194570699209265	1.00313954324369
0.0194644625628313	1.00225972909331
0.0194718608244853	1.00329829806432
0.0194792647122991	1.00299416800618
0.0194866742326927	1.00313443862274
0.0194940893920963	1.00393852997601
0.0195015101969497	1.00369097685971
0.0195089366537023	1.00411970782654
0.0195163687688138	1.00405467137142
0.0195238065487533	1.00400848877284
0.01953125	1.0043111980154
0.019538699129043	1.00435642884938
0.0195461539423811	1.00340319928961
0.0195536144465232	1.00371026668784
0.0195610806479882	1.0038873367902
0.0195685525533048	1.00387955109557
0.0195760301690116	1.00367816751241
0.0195835135016576	1.00365578137749
0.0195910025578013	1.00415453662186
0.0195984973440117	1.00406656759468
0.0196059978668674	1.00373871720432
0.0196135041329576	1.0038841294967
0.0196210161488811	1.00352825660904
0.0196285339212472	1.00263455379025
0.019636057456675	1.00248448823722
0.019643586761794	1.00201176108382
0.0196511218432438	1.00205387377287
0.0196586627076741	1.00084930360447
0.019666209361745	1.00143477680707
0.0196737618121266	1.00222749392489
0.0196813200654995	1.0024414374586
0.0196888841285543	1.00324849438308
0.0196964540079921	1.00310114716437
0.0197040297105242	1.00318317496934
0.0197116112428723	1.00388854032808
0.0197191986117684	1.00372819074261
0.019726791823955	1.00428944259884
0.0197343908861847	1.0042375427943
0.0197419958052207	1.00379485479563
0.0197496065878368	1.00394203343195
0.0197572232408169	1.00347870195028
0.0197648457709555	1.00323988564122
0.0197724741850577	1.00367971428066
0.0197801084899391	1.00423644685009
0.0197877486924256	1.00435548284461
0.0197953947993539	1.0043820587763
0.0198030468175712	1.00434772834979
0.0198107047539352	1.00414417578722
0.0198183686153144	1.00397597879539
0.0198260384085877	1.00349927961825
0.0198337141406449	1.00334931826631
0.0198413958183862	1.00301199181341
0.0198490834487227	1.00310594161265
0.0198567770385762	1.00238935395102
0.0198644765948791	1.00294761146097
0.0198721821245748	1.00335473532425
0.0198798936346171	1.00333343422791
0.019887611131971	1.0032642335013
0.0198953346236121	1.00343610430202
0.0199030641165269	1.00368202215388
0.0199107996177127	1.00379637584092
0.0199185411341777	1.00410556736256
0.0199262886729411	1.00411514200517
0.0199340422410329	1.00398079703947
0.0199418018454941	1.00368137097835
0.0199495674933768	1.00360942287583
0.0199573391917437	1.00371154511532
0.0199651169476691	1.00319246542745
0.0199729007682377	1.00370698682523
0.0199806906605457	1.00332365333411
0.0199884866317002	1.0037696477913
0.0199962886888194	1.00360171060554
0.0200040968390327	1.00388184960344
0.0200119110894805	1.003021846307
0.0200197314473145	1.00286806793953
0.0200275579196975	1.00238045707922
0.0200353905138036	1.00174729810643
0.020043229236818	1.00180926961094
0.0200510740959372	1.00186076313479
0.020058925098369	1.00162360621496
0.0200667822513325	1.00203421654209
0.020074645562058	1.00217235212117
0.0200825150377873	1.00196231135576
0.0200903906857735	1.00236423973801
0.020098272513281	1.0032219143917
0.0201061605275857	1.00342779601821
0.0201140547359749	1.00364783516891
0.0201219551457474	1.0041623167517
0.0201298617642133	1.00432604448309
0.0201377745986944	1.00432255594908
0.020145693656524	1.00387723139439
0.0201536189450467	1.00322262141298
0.020161550471619	1.00303698134669
0.0201694882436087	1.00326937255481
0.0201774322683954	1.00343864610384
0.0201853825533702	1.00367977757463
0.0201933391059359	1.00379325966753
0.020201301933507	1.00412681483362
0.0202092710435098	1.00376200019401
0.020217246443382	1.00357670440316
0.0202252281405734	1.00356920852885
0.0202332161425455	1.00323612060962
0.0202412104567713	1.00354826577079
0.0202492110907359	1.00341914723482
0.0202572180519363	1.00283226560471
0.0202652313478811	1.00307142884734
0.0202732509860909	1.0036661593799
0.0202812769740984	1.00380381358149
0.0202893093194479	1.00367368420943
0.0202973480296959	1.0042798766474
0.0203053931124107	1.00441529425214
0.0203134445751728	1.0042937736675
0.0203215024255746	1.00422871702248
0.0203295666712205	1.00400499036963
0.0203376373197272	1.0036573805208
0.0203457143787233	1.00332286071678
0.0203537978558495	1.00300208104045
0.0203618877587589	1.00325774740552
0.0203699840951164	1.00354130379986
0.0203780868725995	1.00311121632024
0.0203861960988975	1.00294560275179
0.0203943117817124	1.00374953942113
0.020402433928758	1.00324784386503
0.0204105625477607	1.00314910791405
0.0204186976464593	1.00301976999174
0.0204268392326045	1.00322293388545
0.0204349873139599	1.00294337742957
0.0204431418983011	1.00224749139572
0.0204513029934163	1.00198194485451
0.0204594706071062	1.00223272643
0.0204676447471837	1.0027623754228
0.0204758254214744	1.00285909047355
0.0204840126378165	1.00250279313194
0.0204922064040604	1.00276439115161
0.0205004067280695	1.003335193104
0.0205086136177195	1.00387651557046
0.0205168270808987	1.0037128024632
0.0205250471255082	1.00407875871724
0.0205332737594618	1.00399292934177
0.0205415069906857	1.00338302995815
0.0205497468271191	1.00381161711809
0.0205579932767139	1.00292822673609
0.0205662463474347	1.00288976556752
0.0205745060472588	1.00264315672313
0.0205827723841766	1.00238185524961
0.0205910453661912	1.00285932923853
0.0205993250013184	1.00317950966201
0.0206076112975871	1.0027751141462
0.0206159042630392	1.00297910609676
0.0206242039057293	1.00336536360243
0.0206325102337251	1.00350765193657
0.0206408232551074	1.00312900758684
0.0206491429779699	1.00295680148183
0.0206574694104193	1.00289531003285
0.0206658025605756	1.00335982553277
0.0206741424365718	1.00333272681959
0.0206824890465538	1.00304271379528
0.0206908423986811	1.00299158476882
0.0206992025011261	1.00397019892805
0.0207075693620744	1.00395907586985
0.0207159429897249	1.00426671197211
0.0207243233922899	1.00423424614758
0.0207327105779948	1.00420381557187
0.0207411045550784	1.00400346907955
0.0207495053317929	1.0035331290965
0.0207579129164038	1.00317068079612
0.0207663273171899	1.00200509621916
0.0207747485424437	1.00210458377451
0.0207831766004709	1.0022866587561
0.0207916114995908	1.00137058405233
0.0208000532481363	1.00106955373256
0.0208085018544537	1.00163005746182
0.0208169573269029	1.00138308367897
0.0208254196738573	1.00172886881496
0.0208338889037041	1.00065458031213
0.0208423650248441	1.00157457113339
0.0208508480456917	1.00197873524961
0.0208593379746751	1.00137962413477
0.0208678348202361	1.00149130141315
0.0208763385908305	1.00158507254585
0.0208848492949275	1.00075634707859
0.0208933669410105	1.00193595156955
0.0209018915375766	1.00048771203239
0.0209104230931367	1.00181441927906
0.0209189616162157	1.00209967398203
0.0209275071153524	1.00239186095563
0.0209360595990996	1.0018012585717
0.020944619076024	1.00243466364963
0.0209531855547063	1.00295124774551
0.0209617590437413	1.00192985085176
0.020970339551738	1.00152076524573
0.0209789270873193	1.00249998542494
0.0209875216591224	1.00154422106625
0.0209961232757984	1.00126803405632
0.0210047319460128	1.0014349609787
0.0210133476784454	1.00102087636299
0.0210219704817899	1.00070203427974
0.0210306003647548	1.00199959793513
0.0210392373360623	1.00141200590845
0.0210478814044494	1.00241780960277
0.0210565325786672	1.00292435711196
0.0210651908674814	1.00317755323331
0.021073856279672	1.00339252226553
0.0210825288240334	1.00330752942891
0.0210912085093746	1.00342007566704
0.0210998953445191	1.00349789561805
0.0211085893383048	1.00344473848962
0.0211172904995844	1.00357193998848
0.021125998837225	1.00316305261959
0.0211347143601085	1.00328835070983
0.0211434370771313	1.00361810295581
0.0211521669972045	1.003932052365
0.0211609041292542	1.00323030459342
0.0211696484822209	1.00331848275587
0.0211784000650601	1.00374546118323
0.0211871588867419	1.00289936527729
0.0211959249562516	1.00327673147869
0.0212046982825891	1.00289000930469
0.0212134788747692	1.00284866550298
0.0212222667418218	1.00262525889122
0.0212310618927916	1.00237169817627
0.0212398643367385	1.001821405623
0.0212486740827373	1.00182430455158
0.0212574911398777	1.00237593420868
0.0212663155172649	1.00181077201935
0.0212751472240188	1.00195680061887
0.0212839862692748	1.00178235060869
0.0212928326621833	1.00187077964728
0.0213016864119099	1.00267745280633
0.0213105475276355	1.00191911609493
0.0213194160185564	1.00223901179739
0.0213282918938841	1.00227036098195
0.0213371751628453	1.0017258061546
0.0213460658346824	1.00228845339995
0.021354963918653	1.00110706849093
0.0213638694240301	1.00190825223753
0.0213727823601023	1.00157808175997
0.0213817027361738	1.00167344809398
0.021390630561564	1.00115858108959
0.0213995658456081	0.999590451289708
0.0214085085976571	1.00176354466729
0.0214174588270772	1.00139791438984
0.0214264165432505	1.00145032184577
0.0214353817555749	1.0020486583296
0.0214443544734639	1.0019812926748
0.0214533347063468	1.00195323793424
0.0214623224636686	1.00185923638922
0.0214713177548903	1.00302850013543
0.0214803205894888	1.00273942898788
0.0214893309769566	1.00290126344042
0.0214983489268024	1.00181872082279
0.0215073744485509	1.00209656203528
0.0215164075517427	1.00316825664568
0.0215254482459343	1.00332238933623
0.0215344965406985	1.00312766536444
0.0215435524456241	1.00356357397628
0.021552615970316	1.00376901190184
0.0215616871243954	1.00369134625016
0.0215707659174996	1.00368426910532
0.0215798523592821	1.00382005879039
0.0215889464594128	1.00359410040748
0.0215980482275778	1.00371652379793
0.0216071576734796	1.0030627034266
0.021616274806837	1.00347605923013
0.0216253996373853	1.00264128131423
0.0216345321748763	1.00322651175972
0.021643672429078	1.00296165846806
0.0216528204097753	1.00264449825027
0.0216619761267694	1.0032545478258
0.021671139589878	1.00271124294104
0.0216803108089358	1.00309305135353
0.0216894897937937	1.00329503332934
0.0216986765543196	1.0036895456996
0.0217078711003981	1.00293254202482
0.0217170734419303	1.00325815225736
0.0217262835888344	1.00311901702796
0.0217355015510454	1.0032088728502
0.021744727338515	1.00269819040955
0.0217539609612118	1.00290655634238
0.0217632024291216	1.00242459638922
0.0217724517522469	1.00236801672394
0.0217817089406074	1.00355914455411
0.0217909740042397	1.00292871871674
0.0218002469531975	1.00372030154681
0.0218095277975518	1.00291203568788
0.0218188165473905	1.00241083258473
0.0218281132128189	1.00232145881253
0.0218374178039594	1.00212753721573
0.0218467303309518	1.00262095778858
0.021856050803953	1.00223488298409
0.0218653792331374	1.00206191135284
0.0218747156286968	1.00200675874803
0.0218840600008404	1.00234867928029
0.0218934123597946	1.00199242399844
0.0219027727158037	1.00311560717041
0.0219121410791291	1.00309486216945
0.0219215174600502	1.00334774052624
0.0219309018688638	1.00376701024692
0.0219402943158841	1.00374499974485
0.0219496948114434	1.00361810118306
0.0219591033658914	1.00346052988517
0.0219685199895957	1.00332102552166
0.0219779446929418	1.00315330854541
0.0219873774863327	1.00283894835859
0.0219968183801895	1.00292623765561
0.0220062673849513	1.00320239734261
0.0220157245110748	1.00315157322785
0.0220251897690351	1.00391918185846
0.0220346631693249	1.00377563373037
0.0220441447224554	1.00392637399536
0.0220536344389556	1.00367115630325
0.0220631323293726	1.00363812700535
0.0220726384042719	1.0039428748936
0.022082152674237	1.00340590190546
0.0220916751498699	1.00348104905663
0.0221012058417907	1.00344715119678
0.0221107447606379	1.00374736023374
0.0221202919170684	1.00381816127488
0.0221298473217574	1.00335906247973
0.0221394109853986	1.00331803870806
0.0221489829187044	1.00366865108672
0.0221585631324054	1.00336792501844
0.022168151637251	1.00362619673723
0.0221777484440092	1.00415335333376
0.0221873535634665	1.00416543206891
0.0221969670064283	1.00416627586282
0.0222065887837185	1.00380446053269
0.02221621890618	1.00376020412612
0.0222258573846745	1.00377795720732
0.0222355042300823	1.0035618035096
0.022245159453303	1.00371200032585
0.0222548230652547	1.00309038152114
0.0222644950768749	1.00337749251621
0.0222741754991197	1.00386182855245
0.0222838643429647	1.00342060008516
0.0222935616194043	1.00392408391537
0.0223032673394522	1.00373933148437
0.0223129815141411	1.00387635771933
0.0223227041545231	1.00383817287367
0.0223324352716696	1.00415208234261
0.0223421748766712	1.00419658780469
0.0223519229806379	1.00424819210625
0.022361679594699	1.0038434077398
0.0223714447300035	1.00416849171554
0.0223812183977196	1.00383666462627
0.0223910006090352	1.00389193238994
0.0224007913751577	1.00398779673704
0.0224105907073141	1.00395084134839
0.0224203986167511	1.00411020223344
0.0224302151147351	1.00424707639479
0.0224400402125521	1.00385259151332
0.0224498739215081	1.00389012340407
0.0224597162529288	1.00439860463879
0.0224695672181597	1.00397404705829
0.0224794268285665	1.00358051739476
0.0224892950955345	1.00379213610344
0.0224991720304693	1.00384792499384
0.0225090576447963	1.00293238228629
0.0225189519499611	1.00328167732749
0.0225288549574295	1.00305402666905
0.0225387666786874	1.00328073219208
0.0225486871252408	1.00317084656256
0.0225586163086163	1.00336657801314
0.0225685542403605	1.00321667720159
0.0225785009320405	1.00360808114702
0.0225884563952438	1.00380478161652
0.0225984206415782	1.00368317855145
0.0226083936826722	1.00329447713101
0.0226183755301747	1.00344543955462
0.0226283661957553	1.00351208300511
0.0226383656911041	1.00314211374482
0.0226483740279318	1.00324285897949
0.0226583912179701	1.00274755366241
0.0226684172729713	1.00334776446935
0.0226784522047084	1.0035267632503
0.0226884960249755	1.0039527522539
0.0226985487455874	1.00396174040285
0.02270861037838	1.00401708808063
0.02271868093521	1.00414057666493
0.0227287604279553	1.00409569830616
0.0227388488685149	1.0038525813726
0.0227489462688088	1.00374865781622
0.0227590526407784	1.00323399750447
0.0227691679963861	1.00361055380879
0.0227792923476157	1.00305123618884
0.0227894257064722	1.00312985141644
0.0227995680849822	1.00334573227336
0.0228097194951936	1.00366169048901
0.0228198799491756	1.00354453765512
0.0228300494590192	1.00412296462137
0.0228402280368367	1.00398495612537
0.0228504156947623	1.00402553042392
0.0228606124449517	1.00406779432521
0.0228708182995821	1.00341889107038
0.0228810332708529	1.00347681300778
0.0228912573709849	1.00293786738286
0.022901490612221	1.00272760778414
0.0229117330068259	1.00228915714412
0.0229219845670863	1.00247255312582
0.0229322453053108	1.00219917710443
0.0229425152338301	1.00284622293104
0.0229527943649972	1.00281870689931
0.0229630827111869	1.00279372062459
0.0229733802847964	1.00262473201668
0.0229836870982452	1.00291042744967
0.0229940031639749	1.00260578669723
0.0230043284944495	1.00307252254146
0.0230146631021557	1.00223354572051
0.0230250069996021	1.00196122668015
0.0230353601993204	1.00217841125562
0.0230457227138643	1.0011517514466
0.0230560945558105	1.00119085297256
0.0230664757377582	1.00113625944917
0.0230768662723292	1.0013011159524
0.0230872661721682	1.00213339490974
0.0230976754499427	1.00238943431355
0.023108094118343	1.00225868112839
0.0231185221900824	1.00280573354181
0.0231289596778969	1.00258824807037
0.0231394065945458	1.002711626978
0.0231498629528113	1.00257450240952
0.0231603287654989	1.00194296832672
0.023170804045437	1.00270270142269
0.0231812888054775	1.00245763427944
0.0231917830584953	1.00272901913644
0.0232022868173887	1.00342307638179
0.0232128000950797	1.00382650410549
0.0232233229045132	1.00348023860474
0.0232338552586579	1.00292099938553
0.023244397170506	1.00301561247648
0.0232549486530734	1.00340837831164
0.0232655097193994	1.00433908888871
0.0232760803825471	1.00432371502823
0.0232866606556034	1.00424349443503
0.0232972505516789	1.00393538237501
0.0233078500839083	1.00399683694583
0.0233184592654499	1.0035250978583
0.0233290781094862	1.00337380253717
0.0233397066292236	1.00338781397721
0.0233503448378926	1.00352898931392
0.0233609927487479	1.0034884043564
0.0233716503750683	1.00307712689131
0.0233823177301569	1.00281469597587
0.023392994827341	1.0028149566307
0.0234036816799725	1.00189222845184
0.0234143783014274	1.00225685128714
0.0234250847051063	1.00262295441014
0.0234358009044345	1.00174803340844
0.0234465269128615	1.00128976228055
0.0234572627438617	1.00102796317337
0.0234680084109342	1.00046457477084
0.0234787639276028	1.00015718652845
0.0234895293074159	0.999637292658587
0.0235003045639472	0.998860554696767
0.0235110897107948	0.999493222491104
0.0235218847615822	0.998962865290938
0.0235326897299577	0.998729899875008
0.0235435046295948	0.99925445909402
0.023554329474192	0.998790269462732
0.0235651642774732	0.999103727809083
0.0235760090531875	0.999671940213153
0.0235868638151092	0.998515372962937
0.0235977285770381	0.998196948592725
0.0236086033527994	0.998469107214644
0.0236194881562439	0.999159669550783
0.0236303830012477	0.9998857171561
0.0236412879017128	1.00042367523626
0.0236522028715667	1.00139006785902
0.0236631279247626	1.00144106634205
0.0236740630752798	1.0025829855582
0.023685008337123	1.00293482729005
0.0236959637243231	1.0037127645396
0.0237069292509369	1.00281522767186
0.0237179049310473	1.00379239314259
0.0237288907787632	1.00335420857893
0.0237398868082197	1.00349334798925
0.0237508930335781	1.0031763232008
0.0237619094690259	1.00397579015265
0.0237729361287771	1.00362796951058
0.0237839730270719	1.00389500253117
0.0237950201781771	1.0037434528778
0.0238060775963861	1.00366734473924
0.0238171452960186	1.00380954024426
0.0238282232914211	1.00379532079255
0.0238393115969669	1.00416268973114
0.0238504102270559	1.00325980663063
0.023861519196115	1.00329444423205
0.0238726385185978	1.00340940410646
0.0238837682089849	1.0038606811786
0.0238949082817841	1.00383992150515
0.02390605875153	1.0040913973324
0.0239172196327846	1.00378829047429
0.0239283909401369	1.00414009265323
0.0239395726882034	1.00392781546836
0.0239507648916276	1.00357306586325
0.0239619675650807	1.00297073698111
0.0239731807232613	1.00251045953318
0.0239844043808954	1.00190499631396
0.0239956385527367	1.00116712296161
0.0240068832535665	1.00123940855331
0.0240181384981939	0.99991768805478
0.0240294043014556	0.998292838750248
0.0240406806782165	0.996984010146212
0.024051967643369	0.996880305071438
0.0240632652118338	0.99644472944905
0.0240745733985594	0.99505028728134
0.0240858922185227	0.994390417649651
0.0240972216867284	0.992125745660656
0.0241085618182099	0.99292114919751
0.0241199126280285	0.994007842432714
0.0241312741312742	0.992516989147102
0.0241426463430651	0.992619167508062
0.0241540292785482	0.993097814345773
0.0241654229528987	0.995342463613083
0.0241768273813208	0.99593874983392
0.0241882425790472	0.995515208253303
0.0241996685613394	0.995830903281602
0.0242111053434878	0.996985854406171
0.0242225529408117	0.999162981308856
0.0242340113686594	1.00045565305325
0.0242454806424083	1.00045237627491
0.0242569607774647	1.0016428538367
0.0242684517892644	1.00295290396881
0.0242799536932723	1.00354472842622
0.0242914665049827	1.00402970159672
0.0243029902399191	1.00369564696176
0.0243145249136348	1.0037069536564
0.0243260705417124	1.00393624015879
0.0243376271397642	1.00327176895977
0.0243491947234321	1.00346901884542
0.0243607733083879	1.00336628523932
0.0243723629103331	1.00274644473577
0.0243839635449992	1.00296638457423
0.0243955752281474	1.00270546517386
0.0244071979755694	1.00242833017774
0.0244188318030866	1.00279459836735
0.0244304767265507	1.00239310505527
0.0244421327618437	1.00249807092347
0.024453799924878	1.00244293878927
0.0244654782315961	1.00264852519424
0.0244771676979714	1.00309356120236
0.0244888683400074	1.00347093963441
0.0245005801737385	1.00341513744447
0.0245123032152298	1.00356110920283
0.024524037480577	1.00406499461689
0.0245357829859067	1.00358091464156
0.0245475397473764	1.00336306428328
0.0245593077811746	1.0028915373644
0.024571087103521	1.00125374009075
0.0245828777306661	1.00071532391938
0.0245946796788919	1.00122134010863
0.0246064929645116	0.998979920072504
0.0246183176038696	0.997845611735819
0.0246301536133421	0.996692323789746
0.0246420010093364	0.994313888972887
0.0246538598082916	0.994179784603749
0.0246657300266785	0.991732022677193
0.0246776116809994	0.989381813109347
0.0246895047877888	0.989440109063318
0.0247014093636127	0.988581826419214
0.0247133254250692	0.988976645206159
0.0247252529887886	0.987884519662495
0.0247371920714331	0.98756481723102
0.0247491426896973	0.987857607797831
0.0247611048603078	0.990856147426718
0.0247730786000238	0.989068752983417
0.0247850639256369	0.989417990280553
0.0247970608539711	0.991860818340896
0.0248090694018831	0.992619453681101
0.0248210895862622	0.994385444385319
0.0248331214240305	0.996158978842006
0.0248451649321429	0.995871581042205
0.0248572201275872	0.99722511014497
0.0248692870273841	0.999468766036847
0.0248813656485876	1.00070887898536
0.0248934560082846	1.00200397652088
0.0249055581235954	1.00285162409536
0.0249176720116735	1.00318429479398
0.0249297976897058	1.00348891813578
0.0249419351749128	1.00374244787573
0.0249540844845485	1.00349236279797
0.0249662456359003	1.0034119728212
0.0249784186462896	1.00384969949334
0.0249906035330716	1.00223503014841
0.0250028003136352	1.00224123662016
0.0250150090054033	1.00211903746012
0.0250272296258329	1.00154056157957
0.0250394621924153	1.00092187170109
0.0250517067226756	1.00039231957397
0.0250639632341736	1.00003664182784
0.0250762317445033	0.999862095437818
0.0250885122712931	1.00093385408628
0.0251008048322062	1.0009266845087
0.02511310944494	1.00205324281622
0.0251254261272271	1.00182054022437
0.0251377548968347	1.00215461933387
0.0251500957715647	1.00289407686683
0.0251624487692543	1.00227597049528
0.0251748139077756	1.00195451328397
0.0251871912050359	1.00151905500471
0.0251995806789775	1.00119994586059
0.0252119823475785	0.999575426681779
0.0252243962288519	0.999508930500103
0.0252368223408465	0.998579629042015
0.0252492607016467	0.997114024487528
0.0252617113293723	0.9958624895975
0.0252741742421792	0.993161582337341
0.0252866494582588	0.991797001130948
0.0252991369958388	0.990359296517346
0.0253116368731826	0.987313587972153
0.02532414910859	0.987356627385472
0.0253366737203967	0.985869084336761
0.0253492107269748	0.986022386619024
0.025361760146733	0.985142962594804
0.0253743219981162	0.984095111448977
0.025386896299606	0.985418750471541
0.0253994830697206	0.984640154304978
0.0254120823270149	0.986672923689503
0.0254246940900807	0.987843963233217
0.0254373183775468	0.989618243621383
0.0254499552080789	0.989845259150881
0.0254626046003797	0.991970184763647
0.0254752665731894	0.99424335735194
0.0254879411452854	0.995264912231906
0.0255006283354822	0.997539337733581
0.0255133281626322	0.997386840041779
0.0255260406456251	0.998633831803603
0.0255387658033883	1.00018886999256
0.0255515036548871	1.00014203705564
0.0255642542191245	1.00164021276323
0.0255770175151416	1.00212990383982
0.0255897935620174	1.00148135353044
0.0256025823788691	1.00200174803228
0.0256153839848521	1.00191603795637
0.0256281983991602	1.00125342786929
0.0256410256410257	1.00077536111376
0.0256538657297191	0.999925322952308
0.0256667186845499	0.998636602050849
0.0256795845248661	0.998548244570165
0.0256924632700545	0.998037369185381
0.025705354939541	0.997698536381328
0.0257182595527904	0.998002370603249
0.0257311771293064	0.998169771486224
0.0257441076886323	0.998848428989345
0.0257570512503503	0.999322652216205
0.0257700078340824	0.999463655293476
0.0257829774594898	0.999784758741843
0.0257959601462734	0.999462434200812
0.0258089559141739	1.0002988106618
0.0258219647829716	1.000795309702
0.0258349867724868	1.00073717390764
0.0258480219025799	1.00104555963441
0.0258610701931512	0.999915788322855
0.0258741316641414	1.0001531998552
0.0258872063355314	0.999647278880088
0.0259002942273424	0.999256046812692
0.0259133953596365	0.997920913013256
0.0259265097525159	0.996630513831101
0.0259396374261239	0.995437537253593
0.0259527784006445	0.99374419038496
0.0259659326963025	0.993421899182403
0.0259791003333638	0.991820161298926
0.0259922813321356	0.989913697769409
0.0260054757129661	0.989082932121443
0.026018683496245	0.987704076929106
0.0260319047024033	0.98583611012962
0.0260451393519136	0.986463827755835
0.0260583874652903	0.986522808221825
0.0260716490630892	0.985406982801088
0.0260849241659085	0.987499774655021
0.0260982127943879	0.986766149873952
0.0261115149692093	0.98814507964481
0.026124830711097	0.98905947216844
0.0261381600408174	0.989599255116295
0.0261515029791792	0.990220734734184
0.026164859547034	0.991866457937861
0.0261782297652755	0.990777750538271
0.0261916136548407	0.992994183344039
0.0262050112367088	0.992729680671378
0.0262184225319026	0.992810105191032
0.0262318475614875	0.994786929730754
0.0262452863465722	0.995394085739684
0.0262587389083087	0.996847151732469
0.0262722052678924	0.996064156761742
0.0262856854465623	0.997343045072213
0.0262991794656007	0.996969655440499
0.0263126873463339	0.997562326787747
0.026326209110132	0.995589550232024
0.026339744778409	0.995855258357111
0.026353294372623	0.994777346808502
0.0263668579142761	0.996515961807694
0.026380435424915	0.995548028180712
0.0263940269261305	0.995933149430004
0.0264076324395582	0.996947340345508
0.0264212519868782	0.997096861128327
0.0264348855898152	0.997781863835804
0.026448533270139	0.998701695685257
0.0264621950496643	0.998868968550588
0.0264758709502508	0.999321217215308
0.0264895609938036	1.00044512931325
0.0265032652022729	1.0003469861972
0.0265169835976546	1.00013535570856
0.02653071620199	0.999908708522092
0.0265444630373661	0.998565398166309
0.0265582241259158	0.998961641062404
0.0265719994898176	0.999278083240237
0.0265857891512966	0.999452351288546
0.0265995931326235	0.998892503436318
0.0266134114561156	0.997811653706029
0.0266272441441365	0.997019248393942
0.0266410912190964	0.997469977962396
0.0266549527034519	0.996942825960198
0.0266688286197068	0.99582680660879
0.0266827189904113	0.996481596485194
0.026696623838163	0.994463091976074
0.0267105431856062	0.992224931105928
0.026724477055433	0.99126218939079
0.0267384254703824	0.991335984506938
0.0267523884532411	0.990905125071117
0.0267663660268435	0.99165580799471
0.0267803582140715	0.990488411137739
0.0267943650378551	0.990170802175408
0.0268083865211722	0.991439667005196
0.0268224226870489	0.991235034717529
0.0268364735585594	0.990928118729971
0.0268505391588263	0.990052692928278
0.026864619511021	0.989452116947581
0.026878714638363	0.988386853706809
0.0268928245641211	0.989303237691072
0.0269069493116126	0.988007061190599
0.026921088904204	0.987626303147405
0.0269352433653109	0.985435024651349
0.0269494127183981	0.985617649580261
0.0269635969869798	0.986676368689758
0.02697779619462	0.987394122020945
0.026992010364932	0.987135885257187
0.0270062395215791	0.985846833943268
0.0270204836882744	0.986586823563158
0.0270347428887813	0.986448000977201
0.027049017146913	0.98875286117982
0.0270633064865333	0.98914213985122
0.0270776109315565	0.988471242681851
0.0270919305059472	0.990168538521797
0.0271062652337211	0.989419524478456
0.0271206151389444	0.992396697760472
0.0271349802457344	0.994773433703141
0.0271493605782597	0.993791561239686
0.0271637561607399	0.995772658238752
0.0271781670174462	0.997138946799751
0.0271925931727013	0.998307304541874
0.0272070346508794	0.999700426815351
0.0272214914764066	1.00065192858234
0.0272359636737611	0.999966042744867
0.027250451267473	1.00044608710889
0.0272649542821247	1.00068140790987
0.0272794727423509	1.00018163698017
0.0272940066728388	0.998992213048635
0.0273085560983283	0.998951531625388
0.0273231210436121	0.997558525259248
0.0273377015335357	0.997722578220058
0.0273522975929978	0.998120333269542
0.0273669092469503	0.996722695202961
0.0273815365203982	0.996789011460234
0.0273961794384003	0.998203870978729
0.0274108380260688	0.997770405357609
0.02742551230857	0.997559478425575
0.0274402023111236	0.996879618752225
0.0274549080590039	0.996921349511288
0.0274696295775391	0.997511857233062
0.0274843668921118	0.997392456420985
0.0274991200281591	0.997575108159037
0.0275138890111729	0.997240192471888
0.0275286738666996	0.997568719098778
0.0275434746203408	0.996355700999672
0.027558291297753	0.994715865309756
0.0275731239246482	0.995172960428087
0.0275879725267935	0.993430577587638
0.0276028371300116	0.992401708081777
0.027617717760181	0.990616093851872
0.027632614443236	0.986771240624647
0.0276475272051668	0.985545421981572
0.0276624560720198	0.982973593708411
0.0276774010698976	0.979915655087891
0.0276923622249595	0.977024023815056
0.027707339563421	0.974509924804683
0.0277223331115547	0.97219113534844
0.0277373428956899	0.97217893857854
0.0277523689422129	0.969920530212686
0.0277674112775675	0.968623833014158
0.0277824699282546	0.972127477638366
0.0277975449208326	0.971505200485827
0.0278126362819178	0.973083360014301
0.0278277440381841	0.97520660072307
0.0278428682163636	0.975048645124212
0.0278580088432464	0.980783617268043
0.0278731659456808	0.981294162495437
0.0278883395505739	0.983287483110216
0.027903529684891	0.988442065151015
0.0279187363756567	0.990603700233022
0.027933959649954	0.993878825113497
0.0279491995349253	0.996278621079602
0.0279644560577724	0.998325260112212
0.0279797292457561	1.00064775646049
0.0279950191261971	1.00239900804597
0.0280103257264758	1.0026739659207
0.0280256490740326	1.00318060517014
0.0280409891963677	1.00284635671493
0.0280563461210418	1.00215024759786
0.028071719875676	1.00127568805723
0.0280871104879518	1.0000222060995
0.0281025179856115	1.0000599627212
0.0281179423964585	0.999375073419634
0.028133383748357	0.997058437211732
0.0281488420692327	0.996442449685858
0.0281643173870724	0.996793216009117
0.0281798097299247	0.99840839107519
0.0281953191259	0.997677289213363
0.0282108456031705	0.998847222867087
0.0282263891899704	0.999459161079626
0.0282419499145964	1.00009428387393
0.0282575278054074	1.00113988061481
0.0282731228908251	1.00173007444887
0.0282887351993338	1.00208441589105
0.0283043647594809	1.0022969147361
0.0283200115998768	1.0017331437374
0.0283356757491953	1.00088037762592
0.0283513572361736	1.00033056247032
0.0283670560896127	0.999647114684515
0.0283827723383772	0.996564890755901
0.0283985060113958	0.994488156240999
0.0284142571376614	0.990145607541182
0.0284300257462313	0.986721822391785
0.0284458118662273	0.983425357789896
0.0284616155268359	0.976749959679588
0.0284774367573085	0.973304649082706
0.0284932755869615	0.967882747067084
0.0285091320451767	0.963374730087324
0.0285250061614014	0.958615740917812
0.0285408979651482	0.955372404976431
0.0285568074859958	0.95184651105175
0.0285727347535888	0.953192033284909
0.0285886797976379	0.954027246852552
0.0286046426479204	0.953484050666955
0.0286206233342797	0.955248385403298
0.0286366218866265	0.954961219801833
0.0286526383349379	0.960521535773773
0.0286686727092584	0.964268289856085
0.0286847250396997	0.96618709089441
0.0287007953564409	0.972692278997301
0.028716883689729	0.978384546250456
0.0287329900698787	0.982891729712951
0.0287491145272726	0.988508693407919
0.0287652570923618	0.990673630245089
0.0287814177956658	0.995264634638825
0.0287975966677725	0.998713127394355
0.0288137937393389	1.00000420767983
0.0288300090410909	1.0029967600813
0.0288462426038234	1.00325943664225
0.0288624944584011	1.00347739832889
0.0288787646357579	1.00360927659384
0.0288950531668979	1.00247219071476
0.0289113600828947	1.00207906905035
0.0289276854148925	1.00094795096917
0.0289440291941056	0.999285142049581
0.0289603914518192	0.997805707496008
0.028976772219389	0.997684571439042
0.0289931715282417	0.995839004903311
0.0290095894098754	0.998196222270897
0.0290260258958593	0.998062121389135
0.0290424810178344	0.997768031691063
0.0290589548075135	0.999063828447093
0.0290754472966812	0.999882479227559
0.0290919585171945	1.0014935062858
0.0291084885009827	1.00202157350901
0.0291250372800477	1.00331542004732
0.0291416048864643	1.00335914062333
0.0291581913523803	1.00348252890466
0.0291747967100166	1.00202039701277
0.0291914209916676	1.00120317837015
0.0292080642297016	0.999948179614543
0.0292247264565604	0.996395491902274
0.0292414077047601	0.992229104480399
0.0292581080068909	0.989243595951101
0.0292748273956177	0.985704714491896
0.02929156590368	0.979386443137497
0.0293083235638922	0.975577223471241
0.0293251004091438	0.969154381473374
0.0293418964723999	0.966281201595086
0.0293587117867008	0.9601470496426
0.0293755463851628	0.953041656461598
0.0293924003009782	0.950993988995063
0.0294092735674155	0.947422368795009
0.0294261662178196	0.944104326871069
0.029443078285612	0.939366784818196
0.0294600098042913	0.939670374786447
0.0294769608074329	0.939697948958315
0.0294939313286898	0.944759468678846
0.0295109214017924	0.944916980667203
0.0295279310605488	0.949288761127377
0.0295449603388453	0.955935023376451
0.0295620092706461	0.961665522211784
0.0295790778899943	0.965982781812191
0.0295961662310111	0.972930186638988
0.0296132743278972	0.975340287156842
0.0296304022149319	0.983421552558176
0.0296475499264741	0.986052548970635
0.0296647174969624	0.99296281279768
0.0296819049609149	0.995767380118585
0.02969911235293	0.998284306024402
0.0297163397076863	1.00078567341154
0.0297335870599429	1.00109738241714
0.0297508544445397	1.00209001325213
0.0297681418963974	1.00242948103253
0.0297854494505181	1.00063589659542
0.0298027771419852	1.00058772228974
0.0298201250059641	0.999562274511864
0.0298374930777016	0.998467249739627
0.0298548813925272	0.9994876594306
0.0298722899858525	0.998016239447465
0.0298897188931718	0.997489837494931
0.0299071681500622	0.998316720977022
0.0299246377921842	0.998971022618501
0.0299421278552813	1.00038133547156
0.029959638375181	1.00086626005355
0.0299771693877943	1.00186126916097
0.0299947209291165	1.00264533438075
0.0300122930352273	1.00301773152622
0.0300298857422908	1.00337809912727
0.0300474990865561	1.00329437555679
0.0300651331043573	1.00283769459836
0.030082787832114	1.00117626660706
0.0301004633063312	0.998933184001617
0.0301181595635999	0.997432648510256
0.0301358766405972	0.993670046615309
0.0301536145740863	0.990393430308754
0.0301713734009172	0.987156949547199
0.030189153158027	0.980750136914279
0.0302069538824394	0.975951763999753
0.0302247756112659	0.971694457321299
0.0302426183817054	0.9663078451563
0.0302604822310449	0.963341478528061
0.0302783671966592	0.957743677404271
0.030296273316012	0.951425192519857
0.0303142006266552	0.947918263347409
0.0303321491662299	0.94408904824305
0.0303501189724664	0.942529410901342
0.0303681100831844	0.942862061449816
0.0303861225362932	0.941534676178906
0.0304041563697924	0.944887533926361
0.0304222116217716	0.944777720685703
0.0304402883304111	0.946892923491833
0.0304583865339818	0.95397933757587
0.030476506270846	0.95596941036699
0.0304946475794569	0.963351276182087
0.0305128104983597	0.966642155770895
0.0305309950661912	0.970989976782778
0.0305492013216807	0.977899718302937
0.0305674293036495	0.980722219558078
0.030585679051012	0.98729605605379
0.0306039506027754	0.990192606431766
0.0306222439980402	0.992701059793835
0.0306405592760004	0.996769710940578
0.0306588964759438	0.998762812652449
0.0306772556372525	1.00021508380088
0.0306956367994028	1.0009676045292
0.0307140400019657	1.00189098154848
0.0307324652846072	1.0026185238504
0.0307509126870886	1.00242115365115
0.0307693822492665	1.00277771302826
0.0307878740110935	1.00221201022538
0.0308063880126183	1.00167716696364
0.030824924293986	1.00183399372825
0.0308434828954382	1.00109875330087
0.0308620638573136	1.00090923241523
0.0308806672200483	1.00141110622113
0.0308992930241756	1.00215941118875
0.0309179413103271	1.00210801510743
0.0309366121192322	1.00308168939864
0.0309553054917189	1.00297716365742
0.0309740214687138	1.00288775335506
0.0309927600912427	1.0021988137562
0.0310115214004307	1.00177847684137
0.0310303054375025	1.00133005029788
0.0310491122437828	1.00047366334634
0.0310679418606963	0.998886957976801
0.0310867943297687	0.996982244111841
0.0311056696926262	0.994954814599109
0.0311245679909963	0.993003165120072
0.0311434892667079	0.988566771224328
0.0311624335616917	0.984373189745404
0.0311814009179805	0.980528718884202
0.0312003913777095	0.979702143935112
0.0312194049831166	0.976673741296608
0.0312384417765427	0.971535456704165
0.0312575018004321	0.969845277570035
0.0312765850973328	0.968642661146244
0.0312956917098965	0.967317880074815
0.0313148216808795	0.964990170833917
0.0313339750531424	0.963803196840709
0.0313531518696512	0.962675574338173
0.0313723521734766	0.962993870042633
0.0313915760077952	0.965220274276018
0.0314108234158894	0.965514644948351
0.0314300944411478	0.967724945804842
0.0314493891270656	0.966884980854098
0.0314687075172449	0.971463799496575
0.0314880496553948	0.975448726954236
0.0315074155853322	0.978427434833544
0.0315268053509816	0.981765116023278
0.031546218996376	0.984367852035566
0.0315656565656566	0.988586056997348
0.0315851181030736	0.991635535420579
0.0316046036529865	0.994193520887577
0.0316241132598642	0.996021649694524
0.0316436469682855	0.998063086984352
0.0316632048229394	0.999831823053669
0.0316827868686255	1.00019890772034
0.0317023931502542	1.0007319679953
0.0317220237128472	1.00177293934469
0.0317416786015379	1.00230044474397
0.0317613578615713	1.00309921397755
0.0317810615383051	1.00252671141594
0.0318007896772093	1.00246676884983
0.031820542323867	1.00273860235425
0.0318403195239745	1.00270361425472
0.031860121323342	1.002516982297
0.0318799477678936	1.00224869636822
0.0318997989036677	1.00265687830106
0.0319196747768177	1.00201089213789
0.0319395754336117	1.00169460418775
0.0319595009204337	1.00244734627403
0.0319794512837831	1.00308467380495
0.0319994265702759	1.00284137869848
0.0320194268266443	1.00241732802852
0.0320394520997376	1.00124714683735
0.0320595024365222	1.0012458217682
0.0320795778840824	1.00100158072585
0.0320996784896203	0.999652219525921
0.0321198043004564	0.998409398987378
0.03213995536403	0.996832785256028
0.0321601317278996	0.995999554107223
0.032180333439743	0.994244849186297
0.032200560547358	0.993953853129317
0.0322208130986627	0.991495517704
0.0322410911416958	0.990756477539374
0.0322613947246168	0.988788264506193
0.0322817238957068	0.989126226966706
0.0323020787033688	0.98851030400891
0.0323224591961275	0.987834905481626
0.0323428654226307	0.988527437898496
0.0323632974316487	0.988295595602219
0.0323837552720754	0.987568131606633
0.0324042389929281	0.988018422917989
0.0324247486433485	0.986433704972305
0.0324452842726027	0.988349309296518
0.0324658459300816	0.989528213196259
0.0324864336653014	0.989764989894088
0.0325070475279041	0.992304419061919
0.0325276875676576	0.99093095238102
0.0325483538344565	0.992650784630241
0.0325690463783221	0.995621032730496
0.032589765249403	0.995449832213881
0.0326105104979756	0.99714139737855
0.0326312821744443	0.996912964643676
0.032652080329342	0.998168922559859
0.0326729050133306	0.999247261013954
0.0326937562772012	0.998972291745936
0.0327146341718749	1.00046652225339
0.0327355387484025	0.999879389429602
0.0327564700579659	1.00082926464009
0.0327774281518775	1.0008796895165
0.0327984130815815	1.00109915520338
0.0328194248986536	1.00220828339324
0.0328404636548021	1.00241479965487
0.0328615294018676	1.00253133981639
0.0328826221918241	1.00327654553248
0.0329037420767789	1.00312910899299
0.0329248891089735	1.00359001755161
0.0329460633407836	1.00289071584633
0.0329672648247197	1.00312310630743
0.0329884936134277	1.00341281689356
0.0330097497596891	1.0027404408184
0.0330310333164215	1.003096496551
0.0330523443366791	1.00306585289649
0.0330736828736533	1.0027846930978
0.0330950489806725	1.00291595286869
0.0331164427112035	1.00299747718852
0.033137864118851	1.00290934032865
0.0331593132573587	1.0027287974942
0.0331807901806097	1.00215933202265
0.0332022949426265	1.00241609496383
0.0332238275975718	1.00173270067542
0.033245388199749	1.00160677524304
0.0332669768036024	1.00090684189108
0.0332885934637181	1.00189406968384
0.0333102382348239	1.00084149004284
0.03333191117179	1.00065562764781
0.0333536123296298	0.9999132792912
0.0333753417634997	1.0004090124635
0.0333970995287002	1.00070633413306
0.0334188856806759	1.00048808787545
0.0334407002750163	1.0016333752764
0.0334625433674562	1.00263109992499
0.033484415013876	1.00235204395167
0.0335063152703022	1.00235224750686
0.0335282441929081	1.00290347291257
0.0335502018380143	1.00235966629947
0.0335721882620887	1.00332872951896
0.0335942035217476	1.00282984536214
0.0336162476737557	1.00248111267453
0.0336383207750269	1.00237790189233
0.0336604228826248	1.0025502472484
0.0336825540537628	1.00313556797937
0.033704714345805	1.00346956536422
0.0337269038162667	1.00324729353166
0.0337491225228144	1.00291614807411
0.0337713705232672	1.00295623119322
0.0337936478755961	1.00308125357764
0.0338159546379258	1.00283081543169
0.0338382908685342	1.0020772746658
0.0338606566258533	1.00235158409988
0.0338830519684698	1.00187483118598
0.0339054769551255	1.00167441538705
0.0339279316447176	1.00156053759667
0.0339504160962997	1.00110710304094
0.0339729303690819	1.00040806054408
0.0339954745224316	1.00132881189925
0.0340180486158737	1.00162329129238
0.0340406527090913	1.002136589148
0.0340632868619265	1.00131393064358
0.0340859511343805	1.00151775030786
0.0341086455866142	1.00144229182224
0.0341313702789489	1.00125434280246
0.0341541252718669	1.00111719728916
0.0341769106260117	1.00108227823056
0.0341997264021888	1.00104697104627
0.0342225726613663	1.00167443474076
0.0342454494646752	1.00095801247071
0.03426835687341	1.00084320409726
0.0342912949490295	1.00125278999662
0.0343142637531569	1.00152805913064
0.034337263347581	1.00239433337462
0.0343602937942561	1.00277070724315
0.0343833551553028	1.00296078393775
0.0344064474930086	1.00276077762204
0.0344295708698287	1.00290613010608
0.034452725348386	1.00348524723192
0.0344759109914721	1.0033539779706
0.0344991278620477	1.00308059645269
0.0345223760232433	1.00254016298203
0.0345456555383595	1.00171079183912
0.0345689664708681	1.00242747511445
0.0345923088844119	1.00187455664545
0.0346156828428061	1.00193930667359
0.0346390884100382	1.00190859566954
0.034662525650269	1.00239578511694
0.0346859946278332	1.0021284514291
0.0347094954072396	1.00141875397861
0.0347330280531721	1.00128859247904
0.0347565926304902	1.00084110591828
0.0347801892042293	1.00044797584778
0.0348038178396018	0.999619662102668
0.0348274786019972	1.00015290412565
0.0348511715569831	0.998740258833057
0.0348748967703056	0.999074328534739
0.0348986543078899	1.00057883304589
0.0349224442358411	0.999996345461929
0.0349462666204444	1.00094313528521
0.0349701215281664	1.00110455791738
0.0349940090256548	1.00146764185679
0.0350179291797401	1.00238831564069
0.0350418820574351	1.00225432498725
0.0350658677259364	1.00254215330916
0.0350898862526248	1.00234336698037
0.0351139377050654	1.00254909669877
0.0351380221510092	1.0020833454052
0.0351621396583928	1.00263654981885
0.0351862902953397	1.00206931249679
0.0352104741301605	1.0015487372427
0.0352346912313538	1.00137805403874
0.0352589416676069	1.00088046093709
0.0352832255077962	1.00110466982162
0.035307542820988	1.00089746161978
0.035331893676439	1.00132319329176
0.0353562781435974	1.00060858313999
0.0353806962921031	1.00071515349596
0.0354051481917883	1.0000541407999
0.0354296339126787	1.00020182565229
0.0354541535249938	0.999773419815467
0.0354787070991474	1.00020861356708
0.0355032947057487	1.00066731149182
0.0355279164156028	1.0010648652853
0.0355525722997111	1.00118218995459
0.0355772624292724	1.00133360212495
0.0356019868756836	1.00194245083363
0.0356267457105399	1.00217006821307
0.0356515390056358	1.00166949740798
0.0356763668329661	1.00290805944453
0.0357012292647261	1.00344125547296
0.0357261263733123	1.0024833236835
0.0357510582313237	1.002577628195
0.0357760249115617	1.00200752791055
0.0358010264870315	1.00126419597012
0.0358260630309423	1.00105948929339
0.0358511346167084	0.997941315276842
0.0358762413179496	0.998602611518871
0.0359013832084923	0.997134242660311
0.0359265603623697	0.994734536895988
0.035951772853823	0.994832293128805
0.0359770207573019	0.992269092805035
0.0360023041474655	0.99165641946357
0.0360276230991826	0.990935366221124
0.0360529776875332	0.989360765934716
0.0360783679878084	0.989519910671871
0.0361037940755118	0.988948152141196
0.0361292560263599	0.988155776809777
0.036154753916283	0.988570915196984
0.0361802878214257	0.988376542222132
0.0362058578181481	0.990002579528541
0.0362314639830263	0.989453021742234
0.036257106392853	0.990167049916993
0.0362827851246387	0.991541706527619
0.0363085002556119	0.99220068111156
0.0363342518632205	0.993332685326527
0.0363600400251321	0.995259468814217
0.0363858648192351	0.996513758069261
0.0364117263236391	0.997728649795902
0.0364376246166762	0.9984028148724
0.0364635597769014	1.00018293760086
0.0364895318830934	1.00097786521971
0.0365155410142557	1.00092609873704
0.0365415872496171	1.00176105235058
0.0365676706686326	1.00104937616328
0.0365937913509843	1.00161755573554
0.036619949376582	1.00138479355799
0.0366461448255644	1.00103212994177
0.0366723777782994	1.00124302835058
0.0366986483153853	1.00169516686021
0.0367249565176515	1.00191421123187
0.0367513024661594	1.00180700838055
0.0367776862422032	1.0019249351466
0.0368041079273104	1.00158783198755
0.0368305676032435	1.00255100020475
0.0368570653519998	1.00226913466418
0.0368836012558129	1.00237544429184
0.0369101753971535	1.0033222237403
0.0369367878587301	1.00291502897355
0.0369634387234899	1.00313138270637
0.0369901280746195	1.00342466756694
0.0370168559955462	1.00326171521631
0.0370436225699384	1.00354120847562
0.0370704278817068	1.00396246329746
0.0370972720150051	1.00350332549576
0.037124155054231	1.00319139331117
0.0371510770840269	1.0023253997948
0.0371780381892809	1.00169073441015
0.0372050384551278	0.999474638536824
0.0372320779669499	0.998214288428384
0.0372591568103778	0.995990836314262
0.0372862750712914	0.993064846843877
0.0373134328358209	0.992250813758277
0.0373406301903476	0.989023633800304
0.0373678672215048	0.986721428485474
0.0373951440161787	0.98433941611445
0.0374224606615094	0.981770672290953
0.0374498172448919	0.980010466420755
0.0374772138539768	0.979042386668983
0.0375046505766715	0.976219272728499
0.037532127501141	0.975139466234064
0.0375596447158087	0.973648029231469
0.0375872023093577	0.972496308412579
0.0376148003707315	0.973543153667999
0.0376424389891349	0.973352759196018
0.0376701182540353	0.973038137276841
0.0376978382551631	0.974175205593959
0.0377255990825135	0.973489215877515
0.0377534008263465	0.977201164674731
0.0377812435771886	0.978956463068715
0.0378091274258337	0.97893932629609
0.0378370524633435	0.983110864550265
0.0378650187810494	0.984290842187111
0.0378930264705526	0.987921758628225
0.0379210756237259	0.990493552424367
0.037949166332714	0.992446303526799
0.0379772986899351	0.994748595066356
0.0380054727880815	0.99682387754716
0.0380336887201208	0.997517681712397
0.0380619465792968	0.999648803145699
0.0380902464591307	1.00085201085376
0.0381185884534222	1.00223177935464
0.03814697265625	1.00269764416233
0.0381753991619737	1.00322969181037
0.0382038680652339	1.00425672387715
0.0382323794609541	1.00398566475101
0.0382609334443411	1.00418909489127
0.0382895301108865	1.00385788615886
0.0383181695563676	1.00337015226889
0.0383468518768484	1.00308279229782
0.0383755771686807	1.00303841015503
0.0384043455285053	1.00289196403179
0.038433157053253	1.00291735723336
0.0384620118401458	1.00302043940734
0.0384909099866976	1.00269717750123
0.0385198515907158	1.00289658718352
0.0385488367503023	1.00269574214598
0.0385778655638541	1.00259399599878
0.0386069381300653	1.00271405006371
0.0386360545479273	1.00231721014405
0.0386652149167306	1.00211651709142
0.0386944193360657	1.00186765448468
0.0387236679058241	1.00068928018158
0.0387529607261995	0.99933431790792
0.0387822978976892	0.997109050945168
0.038811679521095	0.993943086447284
0.0388411056975242	0.992667740408193
0.0388705765283911	0.989335788209985
0.0389000921154182	0.987538511509685
0.0389296525606369	0.981735976679805
0.0389592579663891	0.976810017053407
0.0389889084353284	0.97480459523884
0.0390186040704208	0.967377784933762
0.0390483449749466	0.967408523341042
0.039078131252501	0.961493185530099
0.0391079630069957	0.955418542594211
0.0391378403426597	0.956017007063924
0.0391677633640409	0.948992424191936
0.0391977321760073	0.951619804703194
0.0392277468837478	0.9473185228689
0.0392578075927741	0.946316184190587
0.0392879144089212	0.947816560788976
0.0393180674383493	0.949202558663948
0.0393482667875446	0.948692618493494
0.0393785125633207	0.952794014613169
0.0394088048728199	0.957588606757567
0.0394391438235146	0.962233748174521
0.0394695295232081	0.967754763842587
0.0394999620800364	0.973084269558961
0.0395304416024693	0.975737446044997
0.0395609681993114	0.98080886675504
0.0395915419797038	0.986678498145882
0.0396221630531254	0.99177356388004
0.0396528315293939	0.99535100762597
0.0396835475186672	0.998203765387404
0.0397143111314449	1.00070051162202
0.0397451224785695	1.00248828064212
0.0397759816712277	1.00330831096287
0.0398068888209518	1.00336716280652
0.0398378440396212	1.00275685914555
0.0398688474394632	1.00227182499076
0.039899899133055	1.000658244997
0.0399309992333248	0.999802429291433
0.0399621478535531	0.998914078309562
0.0399933451073742	0.99731529900412
0.0400245911087773	0.996870021495252
0.0400558859721083	0.994019407693065
0.0400872298120711	0.995103435689145
0.0401186227437287	0.99436602350429
0.0401500648825049	0.995182874913934
0.0401815563441856	0.995822595001528
0.0402130972449203	0.998260134774929
0.0402446877012235	0.999594684172182
0.0402763278299759	1.00121822852935
0.0403080177484264	1.00165980068071
0.0403397575741929	1.00199997918147
0.0403715474252642	1.001602171559
0.0404033874200013	1.00138296943368
0.0404352776771389	1.00058711926364
0.0404672183157868	0.997882412128454
0.0404992094554315	0.995387336330489
0.0405312512159376	0.992089511586461
0.0405633437175494	0.987096362581415
0.0405954870808922	0.979245302265194
0.0406276814269742	0.973882750876564
0.0406599268771875	0.967350157518145
0.0406922235533101	0.958198630305976
0.040724571577507	0.95240771764955
0.0407569710723322	0.943966007924145
0.0407894221607299	0.936909921029001
0.0408219249660362	0.932054080342112
0.0408544796119805	0.924119873668787
0.0408870862226875	0.9225784419435
0.0409197449226781	0.919136270375587
0.0409524558368717	0.916429271994638
0.0409852190905872	0.917682725947607
0.0410180348095451	0.918771511409665
0.0410509031198687	0.924002128539219
0.0410838241480859	0.929761389389602
0.0411167980211308	0.934779106154428
0.0411498248663454	0.943737127670585
0.0411829048114812	0.950431180861293
0.0412160379847006	0.959836259208775
0.0412492245145792	0.967527086342913
0.0412824645301065	0.975863346163915
0.0413157581606886	0.983109709613451
0.0413491055361491	0.989719411141771
0.0413825067867312	0.995244581473943
0.0414159620430991	0.999328207039207
0.0414494714363403	1.00278482724035
0.0414830350979664	1.00321002052546
0.0415166531599155	1.00274449748185
0.041550325754554	1.00058319304087
0.0415840530146775	0.998667577849888
0.0416178350735138	0.996319022635102
0.0416516720647234	0.993074782873179
0.0416855641224022	0.991285316230323
0.0417195113810827	0.986598656962196
0.0417535139757362	0.984964461717292
0.0417875720417742	0.984569790301966
0.0418216857150505	0.981978379606912
0.0418558551318627	0.982867124431134
0.0418900804289545	0.982477181895974
0.0419243617435169	0.984905391966059
0.0419586992131905	0.988479212491259
0.0419930929760673	0.989929366535502
0.0420275431706924	0.99321985701749
0.0420620499360657	0.99580543781137
0.0420966134116443	0.99906376863098
0.0421312337373438	1.00114593701228
0.0421659110535406	1.00250024466359
0.0422006455010736	1.00290820152883
0.0422354372212462	1.00229683645541
0.0422702863558279	0.999603835099966
0.042305193047057	0.995937430565856
0.0423401574376415	0.991688485979981
0.0423751796707618	0.984270893287381
0.0424102598900726	0.978127604428612
0.0424453982397045	0.967895148720476
0.042480594864266	0.957391521476758
0.0425158499088461	0.949084235866287
0.0425511635190153	0.939907198560526
0.0425865358408286	0.931226912891612
0.0426219670208268	0.923936644653661
0.042657457206039	0.913675230982557
0.0426930065439841	0.911172467275602
0.0427286151826734	0.906715736135538
0.0427642832706124	0.90143137940528
0.0428000109568028	0.904371245469559
0.0428357983907448	0.907208788891514
0.0428716457224387	0.913785675550997
0.0429075531023878	0.917555279934099
0.0429435206815996	0.923822896404626
0.0429795486115887	0.933742953796588
0.0430156370443784	0.943232493722395
0.0430517861325031	0.952878266938588
0.0430879960290103	0.964197528603156
0.043124266887463	0.972320941906747
0.0431605988619414	0.982092205979537
0.0431969921070456	0.989841468174772
0.0432334467778977	0.995539784511035
0.0432699630301436	0.999820951738018
0.0433065410199557	1.00279002809551
0.0433431809040348	1.00317026208864
0.0433798828396125	1.00318053922589
0.0434166469844534	1.00078906475649
0.0434534734968575	0.997336772794466
0.0434903625356621	0.993189283196519
0.0435273142602446	0.989550136171473
0.0435643288305243	0.987303915434435
0.0436014064069651	0.981547552680751
0.0436385471505775	0.978225239415595
0.0436757512229211	0.97645533416678
0.043713018786107	0.973756736597855
0.0437503500028001	0.975786353197302
0.0437877450362213	0.974162124299579
0.0438252040501501	0.9769298374299
0.043862727208927	0.979492273859723
0.0439003146774557	0.982058802037154
0.0439379666212056	0.986583560689949
0.0439756832062143	0.989442785574154
0.0440134645990902	0.993593683964575
0.0440513109670144	0.996950117547396
0.0440892224777438	0.999660929088894
0.0441271992996131	1.00208427165174
0.0441652416015377	1.00319498856775
0.0442033495530158	1.00231118162843
0.0442415233241311	1.0006140520711
0.0442797630855556	0.996868041392736
0.0443180690085517	0.990555873088358
0.0443564412649748	0.984710354380426
0.0443948800272763	0.978480696539052
0.0444333854685057	0.966615126972739
0.0444719577623134	0.959549815204985
0.0445105970829536	0.950930632696382
0.0445493036052861	0.941578541910507
0.0445880775047799	0.936512400263404
0.0446269189575152	0.928789542166326
0.0446658281401864	0.924669075684815
0.0447048052301046	0.921112759551511
0.0447438504052003	0.920043258084253
0.0447829638440264	0.91872285333134
0.0448221457257602	0.92014451191941
0.0448613962302072	0.923352143081936
0.0449007155378029	0.925106574141845
0.0449401038296159	0.934437841224841
0.0449795612873511	0.939293174866827
0.0450190880933516	0.949642658839396
0.0450586844306025	0.956002079317528
0.0450983504827328	0.960642646265175
0.045138086434019	0.968600129201946
0.0451778924693875	0.974351242533236
0.0452177687744176	0.980905609321299
0.0452577155353445	0.984190815045271
0.0452977329390619	0.987581037173
0.0453378211731252	0.989595860713872
0.0453779804257544	0.991062003394244
0.0454182108858368	0.992006439931296
0.0454585127429303	0.989470799482251
0.0454988861872662	0.988853948798663
0.045539331409752	0.9841883182043
0.0455798486019749	0.982647341147254
0.0456204379562044	0.981022444197875
0.0456610996653955	0.977711695409274
0.0457018339231917	0.97549613404718
0.0457426409239282	0.973816973076774
0.0457835208626348	0.974125918693364
0.0458244739350393	0.973471015456635
0.0458655003375701	0.974641453564748
0.0459066002673601	0.974342257061178
0.0459477739222491	0.977933674493736
0.0459890215007874	0.982301870041528
0.046030343202239	0.983532510972059
0.0460717392265845	0.987720554096588
0.0461132097745249	0.988602453400562
0.0461547550474841	0.991523051517894
0.0461963752476126	0.99539997010432
0.046238070577791	0.996717252021998
0.0462798412416326	0.998294097737003
0.0463216874434876	0.99821409907426
0.0463636093884455	0.99671670807539
0.0464056072823392	0.995925127180843
0.046447681331748	0.994397508633973
0.046489831744001	0.989990980614215
0.0465320587271807	0.986999370686294
0.0465743624901263	0.983308028982838
0.0466167432424369	0.979873541374616
0.0466592011944756	0.974502709368035
0.0467017365573722	0.970138875357081
0.0467443495430273	0.965122536135846
0.0467870403641155	0.959830430721414
0.0468298092340891	0.957466812972996
0.0468726563671817	0.949619942571284
0.0469155819784114	0.949195923424545
0.0469585862835848	0.94400475061693
0.0470016694993007	0.942226154263804
0.0470448318429531	0.936750955343068
0.0470880735327357	0.932516278014453
0.0471313947876448	0.932813252690437
0.0471747958274837	0.930004575061052
0.0472182768728658	0.931046222189832
0.0472618381452187	0.930887979137748
0.0473054798667878	0.930368788131562
0.0473492022606404	0.933640441323534
0.0473930055506689	0.935560113207863
0.0474368899615951	0.937680743868184
0.0474808557189742	0.937650564723263
0.0475249030491978	0.938899082535643
0.0475690321794989	0.941219361332349
0.047613243337955	0.943506858886609
0.0476575367534924	0.949568780205552
0.0477019126558899	0.9498818708276
0.0477463712757831	0.95404715077274
0.0477909128446681	0.958133144566578
0.0478355375949057	0.962431952209187
0.0478802457597255	0.966407279406378
0.0479250375732295	0.971191128127957
0.0479699132703968	0.972021133380859
0.0480148730870875	0.975780990689804
0.0480599172600465	0.977666840998082
0.0481050460269081	0.981004637468504
0.0481502596261999	0.98126474153176
0.0481955582973474	0.978637085907763
0.0482409422806774	0.979900283954817
0.0482864118174233	0.980056561322679
0.0483319671497286	0.980547512686793
0.0483776085206515	0.978788726014557
0.0484233361741691	0.979242661277992
0.048469150355182	0.979461427921593
0.0485150513095183	0.98075585080478
0.0485610392839384	0.980762388843203
0.048607114526139	0.9807130076125
0.0486532772847579	0.980977797530131
0.0486995278093784	0.978667004067368
0.0487458663505335	0.982483009718621
0.0487922931597109	0.983415236722232
0.0488388084893571	0.986995237649119
0.0488854125928823	0.986441846767881
0.048932105724665	0.989773563549287
0.0489788881400562	0.991201973197406
0.0490257600953846	0.99290108247935
0.049072721847961	0.99375562223416
0.049119773656083	0.991195550535948
0.04916691577904	0.98694892179649
0.0492141484771174	0.980051630712269
0.0492614720116021	0.971188895613321
0.0493088866447867	0.960610637355145
0.0493563926399748	0.950202748006743
0.0494039902614855	0.938219465019474
0.0494516797746586	0.926120943468471
0.0494994614458595	0.905346852038955
0.0495473355424839	0.898043092154798
0.0495953023329631	0.884817428467163
0.0496433620867687	0.871451505482542
0.0496915150744181	0.864798200191969
0.049739761567479	0.851274428690673
0.0497881018385751	0.847847034010926
0.0498365361613907	0.840312732708849
0.0498850648106762	0.832501156046278
0.0499336880622534	0.828359819212936
0.0499824061930201	0.829560547897963
0.0500312194809562	0.835287311564826
0.0500801282051282	0.845856652652051
0.0501291326456954	0.857800078250319
0.0501782330839141	0.875834128222266
0.0502274298021442	0.895790038401764
0.0502767230838536	0.910463902763801
0.0503261132136243	0.929018942332517
0.0503756004771577	0.945497484909464
0.05042518516128	0.959559629475153
0.0504748675539476	0.971909960694853
0.0505246479442532	0.979134731807954
0.0505745266224309	0.983252299262915
0.050624503879862	0.984292386094946
0.0506745800090809	0.985666023484617
0.0507247553037805	0.984087497682637
0.0507750300588178	0.978761795656926
0.0508254045702204	0.976807339149229
0.0508758791351915	0.970557938619369
0.0509264540521161	0.965844795776698
0.0509771296205671	0.962597229327811
0.0510279061413106	0.957757188228574
0.0510787839163126	0.9525107762058
0.0511297632487443	0.950329124922557
0.0511808444429887	0.949974868009831
0.0512320278046462	0.947581050764081
0.0512833136405409	0.948669759386957
0.0513347022587269	0.953709070566728
0.0513861939684941	0.958086416594498
0.0514377890803747	0.968229160531383
0.0514894879061491	0.975617280112827
0.0515412907588528	0.985254645846808
0.051593197952782	0.991648074971379
0.0516452098035004	0.998997107398725
0.0516973266278455	1.00104877069948
0.051749548743935	1.00093689783429
0.0518018764711733	0.994645025333267
0.0518543101302581	0.98577603031456
0.0519068500431865	0.971998119600211
0.0519594965332624	0.953673373633741
0.0520122499251024	0.935254961730643
0.0520651105446428	0.909032210876052
0.0521180787191461	0.885202413439811
0.0521711547772083	0.859681168981182
0.052224339048765	0.829191658652164
0.0522776318650987	0.802488221965603
0.0523310335588452	0.776425784452497
0.0523845444640014	0.751042981873741
0.0524381649159312	0.734473653178417
0.0524918952513732	0.709490280129196
0.0525457358084477	0.695975864351797
0.0525996869266635	0.693305393126337
0.0526537489469251	0.695786366130882
0.0527079222115401	0.711328336534427
0.0527622070642264	0.719029062947864
0.0528166038501192	0.74271278915101
0.0528711129157785	0.770038703209335
0.0529257346091964	0.804286853569949
0.0529804692798047	0.836656826019272
0.0530353172784821	0.866516550319071
0.0530902789575618	0.899780842737619
0.053145354670839	0.925816155355755
0.0532005447735785	0.949766071997837
0.0532558496225226	0.968097213902349
0.0533112695758982	0.983317056771413
0.0533668049934253	0.989545938573444
0.0534224562363239	0.994361641097384
0.0534782236673227	0.994869991647754
0.0535341076506664	0.991101037165685
0.0535901085521239	0.982647677556697
0.0536462267389961	0.974332443158227
0.0537024625801241	0.960664268653457
0.0537588164458972	0.948569935657855
0.0538152887082609	0.936009036550899
0.0538718797407255	0.92541644626022
0.0539285899183737	0.914114362171892
0.0539854196178697	0.909840320618993
0.0540423692174665	0.905811589540018
0.0540994390970155	0.909708457884003
0.0541566296379738	0.917671036451074
0.0542139412234135	0.927682194581507
0.05427137423803	0.940938191827731
0.0543289290681503	0.953198179567603
0.0543866061017422	0.967906549790902
0.0544444057284226	0.982799884147115
0.0545023283394667	0.992868028872592
0.0545603743278162	0.998420467673869
0.0546185440880888	1.00028078653788
0.0546768380165868	0.99726237585224
0.0547352565113062	0.98947153767266
0.0547937999719456	0.976243090047302
0.0548524687999158	0.957760829935499
0.0549112633983483	0.936092817337539
0.0549701841721051	0.908659536249949
0.0550292315277876	0.873664054782251
0.0550884058737462	0.833613744743988
0.0551477076200897	0.800670902949278
0.0552071371786945	0.757966319549395
0.0552666949632145	0.720697457532441
0.0553263813890906	0.680230566666966
0.05538619687356	0.646054561818042
0.0554461418356666	0.622674857959173
0.05550621669627	0.603094270108917
0.0555664218780562	0.603856464627959
0.0556267578055467	0.609008747555648
0.055687224905109	0.621145772748502
0.0557478236049665	0.644665009636327
0.0558085543352086	0.68271104606806
0.0558694175278007	0.715843913717844
0.0559304136165948	0.756231984958716
0.0559915430373397	0.796438033249204
0.056052806227691	0.830440755368042
0.0561142036272222	0.868844351513425
0.0561757356774345	0.903987023736859
0.056237402821768	0.930088915941676
0.056299205505612	0.955012121747234
0.0563611441763157	0.974572081759271
0.0564232192831995	0.990781114975682
0.0564854312775649	0.998527886137012
0.0565477806127066	1.00239178448259
0.0566102677439224	1.00119811877397
0.0566728931285251	0.995143774988478
0.0567356572258534	0.982858782237382
0.0567985604972828	0.967798016417831
0.0568616034062375	0.949051898860054
0.0569247864182014	0.926383200190884
0.0569881100007295	0.910129143966783
0.0570515746234597	0.897793904718446
0.0571151807581241	0.883786074361264
0.0571789288785612	0.882571101744201
0.0572428194607269	0.886032264404644
0.0573068529827071	0.892665022446595
0.0573710299247293	0.908106445932009
0.0574353507691743	0.923849955870699
0.0574998160005889	0.943812508180357
0.0575644261056976	0.962675387019132
0.057629181573415	0.978421734506008
0.0576940828948584	0.99131996199676
0.0577591305633595	0.998869952318673
0.0578243250744778	1.0012317209729
0.0578896669260124	1.00009648583519
0.0579551566180153	0.991342598543217
0.0580207946528036	0.980073895591979
0.0580865815349728	0.961212574438121
0.0581525177714095	0.941183221528168
0.0582186038713043	0.912198090619001
0.0582848403461654	0.882695951437408
0.0583512277098311	0.850177783985665
0.0584177664784836	0.813588794079191
0.0584844571706624	0.774346004174267
0.0585513003072773	0.725101018322842
0.0586182964116224	0.689449289895404
0.0586854460093897	0.662674369050711
0.0587527496286827	0.636923187833816
0.0588202078000302	0.616560759559216
0.0588878210564005	0.606041670895314
0.0589555899332152	0.608730130171635
0.0590235149683635	0.631596669716803
0.0590915967022162	0.651336915122445
0.0591598356776405	0.686885542052543
0.0592282324400137	0.717749336112026
0.0592967875372384	0.758980386464233
0.0593655015197569	0.801066224889998
0.0594343749405657	0.837370831659999
0.0595034083552306	0.873682355252431
0.0595726023219018	0.900928455106189
0.0596419574013284	0.928412401999166
0.059711474156874	0.954183818723597
0.0597811531545319	0.970452737955438
0.0598509949629403	0.985456087371822
0.0599210001533978	0.996626360107196
0.0599911692998791	1.00185613299566
0.0600615029790506	1.00245226796909
0.0601320017702862	0.998857876589101
0.0602026662556832	0.989961351830172
0.0602734970200784	0.97708941592078
0.060344494651064	0.96228761386025
0.0604156597390044	0.946121672183869
0.0604869928770518	0.928628629203449
0.0605584946611632	0.916523378872792
0.0606301656901169	0.906056775670026
0.0607020065655291	0.898583141979828
0.0607740178918709	0.897143070414488
0.0608462002764852	0.906019126699743
0.0609185543296035	0.918979379765299
0.0609910806643637	0.935818831715464
0.0610637798968267	0.94885840830299
0.0611366526459944	0.963561495816018
0.061209699533827	0.981077404214519
0.0612829211852608	0.992676349230501
0.0613563182282259	0.999706275416088
0.0614298912936644	1.00262338408047
0.0615036410155482	1.0018169493286
0.0615775680308972	0.99681997049978
0.061651672979798	0.987381411429602
0.0617259565054221	0.973317176385292
0.0618004192540443	0.958878646068212
0.0618750618750619	0.937600821628755
0.0619498850210135	0.913974810507282
0.0620248893475975	0.890455792137806
0.0621000755136919	0.860947166756522
0.0621754441813733	0.836434700018094
0.0622509960159363	0.807213897915625
0.0623267316859132	0.78270104617678
0.0624026518630936	0.764604246848463
0.0624787572225444	0.743534782943793
0.0625550484426296	0.734929737959384
0.0626315262050306	0.731241574519851
0.0627081911947667	0.735298093790828
0.062785044100215	0.742952673450521
0.0628620856131317	0.759920975238476
0.0629393164286722	0.780978692176853
0.0630167372454124	0.810641508093068
0.0630943487653698	0.829377991136993
0.0631721516940245	0.859204509116282
0.0632501467403405	0.881936514388421
0.0633283346167876	0.906754952079517
0.0634067160393629	0.931737043274456
0.0634852917276126	0.949029410227297
0.063564062404654	0.966533633277444
0.0636430287971977	0.980374206138483
0.0637221916355703	0.989555251092373
0.0638015516537363	0.996492270971307
0.0638811095893212	1.00111766276866
0.0639608661836343	1.00093700135364
0.0640408221816915	0.998910918219206
0.0641209783322391	0.993908880778109
0.0642013353877761	0.989201832077788
0.064281894104579	0.981304024681458
0.0643626552427245	0.976144777926167
0.0644436195661141	0.971248720459654
0.0645247878424976	0.964268880402524
0.0646061608434981	0.962183722711031
0.0646877393446356	0.960185125381026
0.0647695241253524	0.962430686399297
0.0648515159690373	0.966147416087583
0.0649337156630512	0.970377993289058
0.0650161239987517	0.976984126539668
0.0650987417715191	0.983002732917674
0.0651815697807814	0.989793467348604
0.0652646088300406	0.993215137209349
0.0653478597268983	0.997702763010318
0.0654313232830821	0.999762394223488
0.0655150003144721	0.999586129996874
0.0655988916411269	0.996875112331729
0.0656829980873112	0.992159278618496
0.0657673204815221	0.985544655183544
0.0658518596565168	0.9782670233641
0.0659366164493396	0.96466465923235
0.0660215917013501	0.951649266427298
0.0661067862582502	0.939162896648091
0.066192200970113	0.92602332731393
0.0662778366914104	0.913308268731867
0.0663636942810423	0.902313304900288
0.0664497746023646	0.888337507619092
0.0665360785232185	0.878675351180023
0.0666226069159596	0.87346471807418
0.0667093606574875	0.870454547013456
0.066796340629275	0.870144301834042
0.0668835477173983	0.864460574882795
0.066970982812567	0.870827220393936
0.0670586468101543	0.880249667639421
0.0671465406102278	0.891367032912582
0.06723466511758	0.899021091728183
0.0673230212417597	0.904589561813032
0.067411609897103	0.921957222670155
0.0675004320027649	0.933771729519032
0.0675894884827512	0.945579506091868
0.0676787802659506	0.957153742651095
0.0677683082861666	0.967464120967881
0.0678580734821507	0.977017298099053
0.0679480767976344	0.984178440509615
0.068038319181363	0.990596266443809
0.0681288015871286	0.992964525640466
0.0682195249738038	0.996391405695022
0.0683104903053753	0.997683765111604
0.0684016985509785	0.998195867123355
0.0684931506849316	0.996950581499843
0.0685848476867703	0.996411965382779
0.068676790541283	0.995377435592866
0.0687689802385459	0.994579367972813
0.0688614177739583	0.993097178474387
0.068954104148279	0.992345903363084
0.0690470403676617	0.992769860691939
0.0691402274436923	0.992836186825876
0.0692336663934245	0.993706122311528
0.0693273582394179	0.995519126438716
0.0694213040097746	0.995464728231959
0.0695155047381769	0.997387848306812
0.0696099614639254	0.997510198794257
0.0697046752319772	0.997932728370873
0.0697996470929844	0.999328139592045
0.0698948781033327	0.999824772796429
0.0699903693251809	0.997793710333472
0.0700861218265005	0.99635777287261
0.0701821366811149	0.994320333984848
0.0702784149687402	0.987044751827676
0.0703749577750254	0.984004805785988
0.0704717661915931	0.976441362052688
0.0705688413160807	0.970831152044794
0.0706661842521822	0.963049185676362
0.0707637961096896	0.956079227185679
0.0708616780045352	0.951229342517964
0.0709598310588343	0.94590982460853
0.0710582564009278	0.94478035093127
0.0711569551654258	0.93932452846795
0.0712559284932507	0.939682625676755
0.0713551775316818	0.937865266836843
0.0714547034343989	0.93783144283719
0.0715545073615278	0.937100003899192
0.0716545904796845	0.939123294819626
0.0717549539620216	0.942825743499147
0.0718555989882732	0.945620918463414
0.0719565267448019	0.945214287587509
0.072057738424645	0.947766117838841
0.0721592352275614	0.954243936564352
0.0722610183600796	0.959353537254857
0.0723630890355448	0.96620769101602
0.0724654484741676	0.971784456534057
0.0725680979030723	0.977325458353806
0.0726710385563463	0.983873996245912
0.0727742716750891	0.989182554346545
0.0728777985074627	0.996245208936978
0.0729816203087415	0.996805442136191
0.0730857383413631	0.998491122107454
0.0731901538749796	0.999508903084207
0.0732948681865091	0.999497446896431
0.073399882560188	0.999020091845098
0.073505198287623	0.998998626298751
0.0736108166678445	0.998185253701679
0.0737167390073599	0.997438974702297
0.0738229666202075	0.998087575991943
0.0739295008280105	0.996074660359481
0.0740363429600323	0.995207829855756
0.0741434943532315	0.995646179712767
0.0742509563523179	0.995030165978063
0.0743587303098083	0.996466868443899
0.0744668175860837	0.997536629214862
0.0745752195494464	0.995708531674628
0.0746839375761777	0.993172350043688
0.074792973050596	0.990803161422535
0.074902327365116	0.987317413707489
0.0750120019203073	0.983694468943675
0.075121998124955	0.978391825448193
0.0752323173961193	0.976365389419638
0.0753429611591967	0.976078881394298
0.0754539308479815	0.972628330886867
0.0755652279047274	0.970387908082935
0.0756768537802103	0.967562843425386
0.075788809933791	0.962962823379732
0.0759010978334791	0.96518306947267
0.0760137189559972	0.963787846489407
0.0761266747868454	0.963937954714179
0.0762399668203665	0.963447665670753
0.0763535965598124	0.963160063168146
0.0764675655174102	0.964408331788736
0.0765818752144293	0.966567455270137
0.0766965271812493	0.966424224210958
0.076811522957428	0.967720289337341
0.0769268640917707	0.967041586481124
0.0770425521423994	0.96855337477189
0.0771585886768229	0.972006792254008
0.077274975272008	0.975176966550374
0.0773917135144507	0.978467612667824
0.0775088050002481	0.979728776491301
0.0776262513351716	0.981660976251189
0.0777440541347398	0.980128422836402
0.0778622150242931	0.97687205931195
0.0779807356390678	0.976809644466168
0.0780996176242722	0.972170757952054
0.0782188626351623	0.968241451893072
0.0783384723371187	0.965823709096661
0.0784584484057244	0.96349073560387
0.0785787925268426	0.969046162094368
0.0786995063966959	0.970693250685006
0.0788205917219462	0.974450085473822
0.0789420502197747	0.976548994014812
0.0790638836179634	0.983694363849175
0.0791860936549768	0.989646640542078
0.0793086820800447	0.995855569478361
0.079431650653246	0.998851646840928
0.0795550011455921	1.00110590687971
0.0796787353391128	1.00199967720653
0.0798028550269415	1.00117574519025
0.0799273620134023	0.998893400628735
0.080052258114097	0.998212301684814
0.0801775451559935	0.995594176810996
0.0803032249775152	0.99598491805188
0.0804292994286303	0.995644935391639
0.0805557703709433	0.997691986045892
0.0806826396777859	0.997932226956107
0.08080990923431	0.996035822388557
0.080937580937581	0.993512993020967
0.0810656566966718	0.987060673515882
0.0811941384327583	0.978482207630669
0.0813230280792152	0.969264632729477
0.081452327581713	0.96259951384691
0.0815820388983162	0.947494269640479
0.0817121639995817	0.937063527998823
0.0818427048686589	0.933621844301947
0.0819736635013903	0.927594288276032
0.0821050419064135	0.932972486130673
0.0822368421052632	0.939530736450319
0.0823690661324759	0.950510636986121
0.0825017160356936	0.960420798974809
0.0826347938757702	0.971483527565979
0.0827683017268779	0.980114164448636
0.082902241676615	0.983034211981912
0.0830366158261148	0.980971278051551
0.0831714262901552	0.981534449996679
0.0833066751972703	0.977657636538152
0.0834423646898615	0.972659396061837
0.0835784969243114	0.975020534080519
0.0837150740710976	0.977191388529733
0.0838520983149083	0.980435550996429
0.0839895718547586	0.984714904174602
0.0841274969041082	0.987270079417419
0.0842658756909802	0.991528533624677
0.0844047104580813	0.993147840873341
0.0845440034629225	0.992271311196012
0.0846837569779416	0.989353810850346
0.0848239732906274	0.981973793245001
0.0849646547036434	0.970728974056023
0.0851058035349547	0.956385114465105
0.0852474221179552	0.940688780550435
0.0853895128015958	0.93521467643246
0.0855320779505146	0.923466129382334
0.085675119945168	0.925235491236409
0.0858186411819631	0.934502124656205
0.0859626440733915	0.941296028802257
0.086107131048165	0.962224111410071
0.0862521045513511	0.97906246350486
0.0863975670445121	0.988910814901813
0.0865435210058435	0.996282530060489
0.0866899689303152	1.00027610694781
0.0868369133298136	0.996744329539345
0.0869843567332852	0.992103336312202
0.0871323016868814	0.986427137582689
0.0872807507541058	0.984846592636828
0.0874297065159612	0.981459633135785
0.0875791715711003	0.976008483450668
0.087729148535976	0.978246798909509
0.0878796400449944	0.97756098885241
0.0880306487506691	0.980237303145342
0.0881821773237768	0.977622405418679
0.0883342284535151	0.979172812699532
0.0884868048476612	0.979464248901559
0.088639909232733	0.972676230332421
0.0887935443541513	0.968655109329847
0.088947712976404	0.962211677997818
0.0891024178832118	0.95544334229507
0.0892576618776957	0.9511440156705
0.0894134477825466	0.942349023509453
0.0895697784401961	0.945785867122709
0.0897266567129896	0.949163991557952
0.0898840854833607	0.955785074013349
0.090042067654008	0.968528052548834
0.0902006061480734	0.975490595594016
0.0903597039093223	0.981815917116265
0.0905193639023261	0.983465114124769
0.0906795891126459	0.980634562805598
0.0908403825470191	0.978707484175983
0.091001747233547	0.9729447366776
0.0911636862218852	0.973443929527484
0.0913262025834357	0.97256852846699
0.0914892994115409	0.973940726638428
0.09165297982168	0.977352354678397
0.0918172469516675	0.975108675352279
0.0919821039618533	0.98177399639661
0.0921475540353258	0.984412378347417
0.0923136003781166	0.985854193708852
0.0924802462194076	0.988116712631306
0.0926474948117404	0.986320613697881
0.0928153494312276	0.985114627829592
0.0929838133777673	0.979397486974914
0.0931528899752587	0.972869354951786
0.0933225825718211	0.964910312967792
0.093492894540015	0.950654154053125
0.0936638292770652	0.946272131485557
0.0938353902050867	0.940449199971316
0.0940075807713135	0.932867558669668
0.0941804044483289	0.928247810181862
0.0943538647342996	0.929795684322973
0.094527965153211	0.927419333861538
0.0947027092551064	0.931302045794184
0.0948781006163282	0.933568059965151
0.0950541428397616	0.932759909403381
0.0952308395550816	0.936386201771602
0.0954081944190023	0.943116248641415
0.0955862111155294	0.952755023862711
0.0957648933562148	0.961072904857926
0.0959442448804152	0.966455375194716
0.0961242694555522	0.96944388151728
0.0963049708773769	0.973258571594798
0.096486352970236	0.97553985621579
0.0966684195873419	0.975569983727616
0.0968511746110458	0.973147125923876
0.097034621953113	0.975740735537635
0.0972187655550026	0.979534709428238
0.0974036093881496	0.980770911903595
0.0975891574542503	0.984572290116204
0.0977754137855512	0.98900955499456
0.0979623824451411	0.992802434959799
0.0981500675272465	0.99487921077007
0.0983384731575305	0.990999985917458
0.0985276034933948	0.984350130807273
0.0987174627242862	0.970809889900782
0.0989080550720051	0.955196769443852
0.0990993847910193	0.934016716588143
0.0992914561687797	0.912676684758015
0.0994842735260411	0.898238454961919
0.0996778412171861	0.892308411509281
0.099872163630553	0.884473340991348
0.100067245188767	0.892466225264321
0.100263090349076	0.903632247622841
0.100459703603691	0.928059321028782
0.100657089480126	0.948751374387576
0.100855252541552	0.967485366264715
0.101054197387143	0.981964638274759
0.101253928652432	0.991420849208267
0.101454451009675	0.989968313818358
0.101655769168212	0.983987672155981
0.101857887874837	0.973458950359647
0.102060811914171	0.967238893021359
0.102264546109039	0.955872072187105
0.102469095320851	0.951457687642525
0.102674464449994	0.953165420108402
0.102880658436214	0.956157692323879
0.103087682259022	0.960857707681331
0.103295540938089	0.961759292423912
0.103504239533651	0.959988888023212
0.103713783146925	0.946463160603843
0.103924176920519	0.92352583038145
0.104135426038855	0.895505476147972
0.104347535728596	0.851966436792891
0.104560511259076	0.818348063556159
0.104774357942735	0.785259685865891
0.104989081135562	0.752811193060056
0.105204686237544	0.752328590606148
0.105421178693115	0.759739069041724
0.105638563991617	0.780328066580024
0.105856847667762	0.827650134578595
0.106076035302105	0.859391410859358
0.106296132521514	0.900797577997723
0.106517144999659	0.937231283603929
0.106739078457492	0.960363077443162
0.106961938663746	0.972999994772953
0.107185731435431	0.968701145485369
0.107410462638345	0.963914938075322
0.10763613818758	0.951736455422986
0.107862764048046	0.938447690555465
0.108090346234997	0.936885540187908
0.108318890814558	0.941385815258102
0.108548403904269	0.956657539465179
0.108778891673629	0.971261234990587
0.109010360344647	0.985768205194724
0.109242816192407	0.990307641888452
0.10947626554563	0.982273208580199
0.109710714787249	0.9595964837199
0.109946170354994	0.922768361164469
0.110182638741979	0.871362283812393
0.110420126497297	0.829663503207915
0.110658640226629	0.777525839031161
0.110898186592853	0.74272999175643
0.111138772316666	0.73354123404876
0.111380404177211	0.748218686305785
0.111623089012716	0.779677861836673
0.111866833721138	0.827552206739933
0.112111645260817	0.869056287455459
0.112357530651134	0.914190584326771
0.112604496973191	0.951368494548151
0.112852551370481	0.972918226731225
0.113101701049584	0.978891969414482
0.113351953280859	0.973977991103468
0.113603315399157	0.964030188632035
0.113855794804532	0.943849522969439
0.114109398962974	0.931726101429663
0.114364135407136	0.928245531904053
0.114620011737089	0.923964233498205
0.114877035621071	0.930788857773377
0.115135214796257	0.940107615185234
0.115394557069532	0.945272862914307
0.115655070318283	0.943151208760366
0.11591676249119	0.92561759764709
0.116179641609042	0.894667953651447
0.116443715765548	0.848827757402024
0.116708993128175	0.801864596726438
0.116975481938986	0.757417824752153
0.117243190515495	0.6903952738063
0.117512127251532	0.669367918526384
0.117782300618122	0.661940186769122
0.118053719164369	0.666847149525502
0.118326391518364	0.714590604386632
0.118600326388098	0.751748828955411
0.118875532562386	0.807690780206658
0.119152018911809	0.870801812620716
0.119429794389666	0.906251721084487
0.119708868032944	0.938696601694158
0.119989248963293	0.957444232236634
0.120270946388023	0.96325060895794
0.120553969601111	0.96168145267903
0.120838327984223	0.95524096442419
0.121124031007752	0.953039615042519
0.121411088231866	0.944518904658943
0.121699509307579	0.944878857812737
0.121989303977827	0.948428380052237
0.122280482078573	0.952672456263858
0.12257305353991	0.955649351927611
0.122867028387198	0.953294744935454
0.123162416742206	0.946381366183855
0.123459228824273	0.934621024078172
0.123757474951487	0.914443057308829
0.124057165541882	0.8810216508967
0.124358311114649	0.851070334654947
0.124660922291368	0.814122327877764
0.124965009797257	0.79589698537897
0.125270584462439	0.78858404631597
0.125577657223227	0.788915854278425
0.125886239123429	0.809487342875944
0.126196341315673	0.851544808180174
0.126507975062748	0.890817453286162
0.126821151738972	0.920580587958774
0.12713588283157	0.941154169000887
0.127452179942086	0.951747996892385
0.1277700547878	0.957406184759748
0.128089519203181	0.948452272390846
0.128410585141354	0.941985579544531
0.128733264675592	0.941929614119404
0.129057570000826	0.942085861822856
0.129383513435184	0.9484482787478
0.129711107421551	0.949571487418205
0.13004036452915	0.949676772830927
0.130371297455152	0.951848917397146
0.130703919026308	0.939132143157589
0.131038242200604	0.926289709723008
0.131374280068945	0.912063288906533
0.131712045856866	0.891575963517806
0.132051552926263	0.867561345464805
0.132392814777157	0.845658730698125
0.132735845049484	0.828115658580104
0.133080657524913	0.800583773745142
0.133427266128688	0.784813989912429
0.133775684931507	0.775751093918693
0.134125928151423	0.79258428382241
0.134478010155779	0.808526932643667
0.134831945463175	0.83679178999321
0.135187748745458	0.869625199443209
0.135545434829755	0.891593165927011
0.135905018700531	0.924602266554258
0.136266515501679	0.937066448228134
0.13662994053865	0.946204333321388
0.13699530928061	0.947780290406221
0.137362637362637	0.952004081692814
0.13773194058795	0.955493002905363
0.138103234930175	0.962634436234731
0.13847653653565	0.9655532444963
0.138851861725762	0.966831228217359
0.139229226999332	0.963465519210756
0.139608649035025	0.958323453022206
0.139990144693814	0.950145400312667
0.140373731021472	0.938122241687789
0.140759425251115	0.920798519652078
0.141147244805782	0.9037734900239
0.141537207301055	0.881989539992668
0.141929330547734	0.874122449346825
0.142323632554539	0.866775577210415
0.142720131530873	0.867349153867441
0.143118845889627	0.873510107840028
0.143519794250023	0.879327893504528
0.14392299544052	0.898460751587552
0.144328468501755	0.914808092435216
0.144736232689547	0.929185846821933
0.145146307477938	0.940719953747571
0.145558712562299	0.951616283803066
0.145973467862481	0.957455365777078
0.146390593526023	0.963221582936275
0.14681010993141	0.968185236652518
0.147232037691402	0.965913849322561
0.147656397656398	0.964541201562757
0.148083210917879	0.952898217068883
0.1485124988119	0.938816572876162
0.148944282922644	0.92754069478749
0.149378585086042	0.913081885174579
0.149815427393451	0.89908994830206
0.150254832195404	0.898586104186683
0.150696822105416	0.901326549322442
0.151141420003869	0.904116427154313
0.15158864904196	0.90034089414641
0.152038532645714	0.897726245324391
0.15249109452008	0.884788897641631
0.152946358653093	0.875806091144605
0.153404349320112	0.867921269182528
0.153865091088134	0.870746683357163
0.154328608820189	0.878710908658632
0.15479492767981	0.892954483444875
0.155264073135589	0.906343799617087
0.155736070965813	0.908644653202001
0.156210947263184	0.905839716235204
0.156688728439631	0.891948710576633
0.157169441231203	0.881917735727736
0.157653112703057	0.874707019179945
0.158139770254542	0.87922054246753
0.158629441624366	0.895882792124966
0.159122154895871	0.916523648433607
0.159617938502401	0.936960419023258
0.160116821232772	0.946770135781713
0.160618832236842	0.947295693945253
0.161124001031194	0.932711979832252
0.161632357504914	0.916833310770517
0.162143931925492	0.911046153598118
0.162658754944826	0.907159578199303
0.163176857605347	0.9092137349134
0.163698271346255	0.901865152478797
0.16422302800988	0.898495740785731
0.164751159848165	0.884873784785513
0.165282699529275	0.861226901845552
0.165817680144328	0.830858480249672
0.166356135214267	0.819929505207991
0.16689809869686	0.828622477383713
0.167443604993838	0.848818807775343
0.167992688958177	0.887698992319353
0.168545385901516	0.911393570661794
0.169101731601732	0.945903657651226
0.169661762310658	0.960763952390046
0.170225514761957	0.959648275243366
0.170793026179155	0.954801722523421
0.171364334283834	0.942863661010426
0.171939477303989	0.945248752049731
0.172518493982555	0.953690974093785
0.173101423586108	0.960387829248246
0.17368830591374	0.962676905320322
0.174279181306118	0.946502345678023
0.174874090654729	0.920886165599749
0.175473075411309	0.886120255413132
0.176076177597476	0.849870327309414
0.176683439814553	0.830177220394787
0.177294905253603	0.817337643879206
0.177910617705665	0.842678412736453
0.178530621572212	0.874856584569651
0.179154961875824	0.89267884502468
0.179783684271085	0.911336558270173
0.180416835055713	0.915962730287166
0.181054461181924	0.919105840105057
0.181696610268039	0.913800002857593
0.18234333061034	0.917467814559488
0.182994671195175	0.933948204095617
0.183650681711331	0.948181282035053
0.184311412562666	0.95539579003849
0.184976914881023	0.94687424726638
0.185647240539417	0.933887802872064
0.186322442165514	0.909726664041475
0.187002573155407	0.882122300291921
0.187687687687688	0.86258858003006
0.188377840737838	0.861895379737663
0.189073088092933	0.873170905010491
0.189773486366673	0.898173484297375
0.190479093014751	0.8993904590323
0.191189966350566	0.905029863234941
0.191906165561287	0.90032737593546
0.19262775072428	0.892627973513173
0.193354782823908	0.876685332011579
0.19408732376871	0.873264086925437
0.194825436408978	0.874101735408734
0.195569184554728	0.871939931542117
0.196318632994095	0.87326355201742
0.19707384751214	0.869963150743611
0.197834894910104	0.864001946215521
0.198601843025103	0.852922307679346
0.199374760750287	0.850517888002337
0.200153718055467	0.875342837380411
0.200938786008231	0.899992231038095
0.201730036795559	0.908022203350029
0.20252754374595	0.934240171635294
0.203331381352073	0.953450317593263
0.204141625293964	0.965981099594154
0.20495835246278	0.966955051603561
0.205781640985118	0.966966690020803
0.206611570247934	0.965347814605848
0.207448220924058	0.952325869758916
0.208291674998334	0.934254541029704
0.209142015794405	0.919262561372148
0.209999328002151	0.914959681645724
0.210863697705803	0.897582444584302
0.211735212412765	0.896903409553918
0.212613961083141	0.904654929086982
0.213500034160006	0.894420113631429
0.214393523600439	0.883146195612916
0.215294522907337	0.890233770675242
0.216203127162031	0.888144839032646
0.217119433057737	0.891949495125707
0.218043538933854	0.907331283657177
0.218975544811156	0.898299184584298
0.219915552427868	0.895293825833964
0.220863665276698	0.894214657139859
0.221819988642817	0.89238575394616
0.222784629642832	0.906943837443291
0.223757697264786	0.931464539799736
0.224739302409205	0.948547538388585
0.225729557931234	0.964892947891757
0.226728578683886	0.971457638421662
0.227736481562455	0.961297204063788
0.228753385550106	0.952756198159555
0.229779411764706	0.955461537288647
0.230814683506906	0.944616958865294
0.231859326309542	0.923783589782489
0.232913467988373	0.90894134812069
0.23397723869422	0.869047217874895
0.235050770966529	0.861700981546325
0.236134199788424	0.865926875913418
0.237227662643286	0.835213867630727
0.23833129957291	0.839558841694236
0.2394452532373	0.845074208558985
0.240569668976136	0.837697404765723
0.241704694871993	0.854611982918981
0.242850481815356	0.850834646854723
0.244007183571485	0.846032868801979
0.245174956849208	0.843169754546804
0.246353961371699	0.84310987147236
0.247544359949303	0.853861889405216
0.248746318554486	0.845691249115056
0.249960006398976	0.861797063298892
0.251185596013182	0.881226910618401
0.252423263327949	0.89416441367279
0.253673187758747	0.916012387133219
0.254935552292381	0.937788656186474
0.256210543576289	0.956797939776911
0.257498352010547	0.961753044348374
0.25879917184265	0.971058733283793
0.260113201265191	0.974478275458669
0.261440642516523	0.955471425863827
0.262781701984528	0.946149440700737
0.264136590313583	0.931043972557157
0.265505522514869	0.920528485086763
0.26688871808011	0.909185032712312
0.268286401098901	0.893932661838271
0.269698800379736	0.88791026158395
0.271126149574874	0.894449376467703
0.272568687309202	0.909676481060111
0.274026657313224	0.898682132148395
0.275500308560346	0.891618361452951
0.276989895408616	0.904259812101198
0.278495677747082	0.900476831459254
0.280017921146954	0.89438042424325
0.28155689701775	0.893831313823219
0.283112882768618	0.872213753179473
0.284686161975039	0.885712437122065
0.286277024551118	0.902587046066146
0.287885766927683	0.911778688717341
0.289512692236428	0.935713567004736
0.291158110500326	0.950187917267445
0.292822338830585	0.963182036851529
0.294505701630384	0.976885330148214
0.296208530805687	0.973110328761992
0.297931165983411	0.962555443749228
0.299673954737246	0.956185156696652
0.301437252821453	0.943026023403549
0.303221424412964	0.924204543248861
0.305026842362128	0.882603678194592
0.306853888452475	0.870003490139637
0.308702953669861	0.859711997104312
0.310574438481415	0.854643060610241
0.312468753124688	0.85010212067829
0.314386317907445	0.820332982256908
0.316327563518575	0.825189372191399
0.318292931350581	0.840488404591084
0.320282873834171	0.839398749240239
0.322297854785479	0.841942984477793
0.324338349766477	0.829687673830443
0.326404846459161	0.846109852688386
0.328497845054137	0.844962472279449
0.330617858654253	0.833303037205322
0.332765413693963	0.847297258390891
0.334941050375134	0.861128914969131
0.337145323120078	0.881062364758768
0.339378801042572	0.90639647778108
0.341642068437739	0.909844740480948
0.343935725291658	0.906047599439467
0.346260387811635	0.926508327479758
0.348616688978135	0.915993252401467
0.351005279119398	0.870989277651145
0.35342682650984	0.887135574030903
0.355882017993395	0.918996268172061
0.358371559633028	0.889443802164149
0.360896177387689	0.91423471806961
0.363456617818098	0.919528262720693
0.366053648822772	0.927089441933267
0.368688060405852	0.90733846882041
0.371360665478313	0.905539565510292
0.374072300694278	0.908147447835384
0.37682382732425	0.876792710414971
0.379616132167153	0.879672203044843
0.382450128503244	0.87083438321062
0.385326757090013	0.841382621063771
0.38824698720338	0.832323784963135
0.39121181772659	0.829252300625789
0.394222278289391	0.84179555039119
0.397279430460209	0.828940741353222
0.400384368994235	0.836769840035876
0.403538223140496	0.898634944238515
0.406742158011194	0.907682381910147
0.409997376016794	0.913539235126208
0.413305118370586	0.933447332986704
0.416666666666667	0.944129123569336
